2026-10-10T10:12:07.4914232Z Current runner version: '2.337.0'
2026-10-10T10:12:07.4950625Z ##[group]Runner Image Provisioner
2026-10-10T10:12:07.4951955Z Hosted Compute Agent
2026-10-10T10:12:07.4953089Z Version: 20261002.596
2026-10-10T10:12:07.4954264Z Commit: c3d12f3313a95f25162a1503be624f3b0617f8c0
2026-10-10T10:12:07.4955839Z Build Date: 2026-10-02T22:28:27Z
2026-10-10T10:12:07.4957832Z Worker ID: {b936aa19-5a86-41cf-9e33-f5df718f14cf}
2026-10-10T10:12:07.4959207Z Region: northcentralus
2026-10-10T10:12:07.4960385Z Cloud: Azure
2026-10-10T10:12:07.4961363Z ##[endgroup]
2026-10-10T10:12:07.4963876Z ##[group]Operating System
2026-10-10T10:12:07.4965750Z Ubuntu
2026-10-10T10:12:07.4966497Z 24.04.5
2026-10-10T10:12:07.4967015Z LTS
2026-10-10T10:12:07.4967802Z ##[endgroup]
2026-10-10T10:12:07.4968409Z ##[group]Runner Image
2026-10-10T10:12:07.4969090Z Image: ubuntu-24.04
2026-10-10T10:12:07.4969665Z Version: 20261004.327.1
2026-10-10T10:12:07.4971045Z Included Software: https://github.com/actions/runner-images/blob/ubuntu24/20261004.327/images/ubuntu/Ubuntu2404-Readme.md
2026-10-10T10:12:07.4972635Z Image Release: https://github.com/actions/runner-images/releases/tag/ubuntu24%2F20261004.327
2026-10-10T10:12:07.4973654Z ##[endgroup]
2026-10-10T10:12:07.4974747Z ##[group]GITHUB_TOKEN Permissions
2026-10-10T10:12:07.4977394Z Contents: read
2026-10-10T10:12:07.4978045Z Metadata: read
2026-10-10T10:12:07.4978601Z ##[endgroup]
2026-10-10T10:12:07.4980788Z Secret source: Actions
2026-10-10T10:12:07.4981726Z Cache mode: write
2026-10-10T10:12:07.4982801Z Prepare workflow directory
2026-10-10T10:12:07.5404619Z Prepare all required actions
2026-10-10T10:12:07.5453947Z Getting action download info
2026-10-10T10:12:07.7947750Z Download action repository 'actions/checkout@3d3c42e5aac5ba805825da76410c181273ba90b1' (SHA:3d3c42e5aac5ba805825da76410c181273ba90b1)
2026-10-10T10:12:07.8997045Z Download action repository 'actions/setup-node@820762786026740c76f36085b0efc47a31fe5020' (SHA:820762786026740c76f36085b0efc47a31fe5020)
2026-10-10T10:12:07.9811627Z Download action repository 'actions/upload-artifact@043fb46d1a93c77aae656e7c1c64a875d1fc6a0a' (SHA:043fb46d1a93c77aae656e7c1c64a875d1fc6a0a)
2026-10-10T10:12:08.1705820Z Complete job name: verify (chromium)
2026-10-10T10:12:08.2433920Z ##[group]Run actions/checkout@3d3c42e5aac5ba805825da76410c181273ba90b1
2026-10-10T10:12:08.2435494Z with:
2026-10-10T10:12:08.2436006Z   repository: LonelyTraderBay/Bot-AI-Ban-hang-FB
2026-10-10T10:12:08.2440050Z   token: ***
2026-10-10T10:12:08.2440469Z   ssh-strict: true
2026-10-10T10:12:08.2440899Z   ssh-user: git
2026-10-10T10:12:08.2441330Z   persist-credentials: true
2026-10-10T10:12:08.2441804Z   clean: true
2026-10-10T10:12:08.2442244Z   sparse-checkout-cone-mode: true
2026-10-10T10:12:08.2442757Z   fetch-depth: 1
2026-10-10T10:12:08.2443176Z   fetch-tags: false
2026-10-10T10:12:08.2443631Z   show-progress: true
2026-10-10T10:12:08.2444071Z   lfs: false
2026-10-10T10:12:08.2444473Z   submodules: false
2026-10-10T10:12:08.2444909Z   set-safe-directory: true
2026-10-10T10:12:08.2445594Z   allow-unsafe-pr-checkout: false
2026-10-10T10:12:08.2446469Z ##[endgroup]
2026-10-10T10:12:08.3444673Z Syncing repository: LonelyTraderBay/Bot-AI-Ban-hang-FB
2026-10-10T10:12:08.3447745Z ##[group]Getting Git version info
2026-10-10T10:12:08.3449052Z Working directory is '/home/runner/work/Bot-AI-Ban-hang-FB/Bot-AI-Ban-hang-FB'
2026-10-10T10:12:08.3450932Z [command]/usr/bin/git version
2026-10-10T10:12:08.3504279Z git version 2.55.0
2026-10-10T10:12:08.3526549Z ##[endgroup]
2026-10-10T10:12:08.3539177Z Temporarily overriding HOME='/home/runner/work/_temp/c1405a40-c361-47ec-bc6f-0c885a1e5a7b' before making global git config changes
2026-10-10T10:12:08.3541473Z Adding repository directory to the temporary git global config as a safe directory
2026-10-10T10:12:08.3546194Z [command]/usr/bin/git config --global --add safe.directory /home/runner/work/Bot-AI-Ban-hang-FB/Bot-AI-Ban-hang-FB
2026-10-10T10:12:08.3596989Z Deleting the contents of '/home/runner/work/Bot-AI-Ban-hang-FB/Bot-AI-Ban-hang-FB'
2026-10-10T10:12:08.3600675Z ##[group]Determining repository object format
2026-10-10T10:12:08.3602341Z ##[endgroup]
2026-10-10T10:12:08.3603677Z ##[group]Initializing the repository
2026-10-10T10:12:08.3607529Z [command]/usr/bin/git init /home/runner/work/Bot-AI-Ban-hang-FB/Bot-AI-Ban-hang-FB
2026-10-10T10:12:08.3703449Z hint: Using 'master' as the name for the initial branch. This default branch name
2026-10-10T10:12:08.3707371Z hint: will change to "main" in Git 3.0. To configure the initial branch name
2026-10-10T10:12:08.3709030Z hint: to use in all of your new repositories, which will suppress this warning,
2026-10-10T10:12:08.3710284Z hint: call:
2026-10-10T10:12:08.3710916Z hint:
2026-10-10T10:12:08.3711697Z hint: 	git config --global init.defaultBranch <name>
2026-10-10T10:12:08.3712675Z hint:
2026-10-10T10:12:08.3713636Z hint: Names commonly chosen instead of 'master' are 'main', 'trunk' and
2026-10-10T10:12:08.3715446Z hint: 'development'. The just-created branch can be renamed via this command:
2026-10-10T10:12:08.3716703Z hint:
2026-10-10T10:12:08.3717351Z hint: 	git branch -m <name>
2026-10-10T10:12:08.3718106Z hint:
2026-10-10T10:12:08.3719209Z hint: Disable this message with "git config set advice.defaultBranchName false"
2026-10-10T10:12:08.3721085Z Initialized empty Git repository in /home/runner/work/Bot-AI-Ban-hang-FB/Bot-AI-Ban-hang-FB/.git/
2026-10-10T10:12:08.3724276Z [command]/usr/bin/git remote add origin https://github.com/LonelyTraderBay/Bot-AI-Ban-hang-FB
2026-10-10T10:12:08.3771491Z ##[endgroup]
2026-10-10T10:12:08.3772756Z ##[group]Disabling automatic garbage collection
2026-10-10T10:12:08.3774658Z [command]/usr/bin/git config --local gc.auto 0
2026-10-10T10:12:08.3821342Z ##[endgroup]
2026-10-10T10:12:08.3822931Z ##[group]Setting up auth
2026-10-10T10:12:08.3823938Z Removing SSH command configuration
2026-10-10T10:12:08.3825562Z [command]/usr/bin/git config --local --name-only --get-regexp core\.sshCommand
2026-10-10T10:12:08.3849367Z [command]/usr/bin/git submodule foreach --recursive sh -c "git config --local --name-only --get-regexp 'core\.sshCommand' && git config --local --unset-all 'core.sshCommand' || :"
2026-10-10T10:12:08.4186289Z Removing HTTP extra header
2026-10-10T10:12:08.4192300Z [command]/usr/bin/git config --local --name-only --get-regexp http\.https\:\/\/github\.com\/\.extraheader
2026-10-10T10:12:08.4245705Z [command]/usr/bin/git submodule foreach --recursive sh -c "git config --local --name-only --get-regexp 'http\.https\:\/\/github\.com\/\.extraheader' && git config --local --unset-all 'http.https://github.com/.extraheader' || :"
2026-10-10T10:12:08.4485860Z Removing includeIf entries pointing to credentials config files
2026-10-10T10:12:08.4490078Z [command]/usr/bin/git config --local --name-only --get-regexp ^includeIf\.gitdir:
2026-10-10T10:12:08.4534248Z [command]/usr/bin/git submodule foreach --recursive git config --local --show-origin --name-only --get-regexp remote.origin.url
2026-10-10T10:12:08.4774308Z [command]/usr/bin/git config --file /home/runner/work/_temp/git-credentials-4f32543d-15ba-439c-8a89-c1d2f0141ed3.config http.https://github.com/.extraheader AUTHORIZATION: basic ***
2026-10-10T10:12:08.4816182Z [command]/usr/bin/git config --local includeIf.gitdir:/home/runner/work/Bot-AI-Ban-hang-FB/Bot-AI-Ban-hang-FB/.git.path /home/runner/work/_temp/git-credentials-4f32543d-15ba-439c-8a89-c1d2f0141ed3.config
2026-10-10T10:12:08.4850805Z [command]/usr/bin/git config --local includeIf.gitdir:/home/runner/work/Bot-AI-Ban-hang-FB/Bot-AI-Ban-hang-FB/.git/worktrees/*.path /home/runner/work/_temp/git-credentials-4f32543d-15ba-439c-8a89-c1d2f0141ed3.config
2026-10-10T10:12:08.4897051Z [command]/usr/bin/git config --local includeIf.gitdir:/github/workspace/.git.path /github/runner_temp/git-credentials-4f32543d-15ba-439c-8a89-c1d2f0141ed3.config
2026-10-10T10:12:08.4938894Z [command]/usr/bin/git config --local includeIf.gitdir:/github/workspace/.git/worktrees/*.path /github/runner_temp/git-credentials-4f32543d-15ba-439c-8a89-c1d2f0141ed3.config
2026-10-10T10:12:08.4971869Z ##[endgroup]
2026-10-10T10:12:08.4973278Z ##[group]Fetching the repository
2026-10-10T10:12:08.4980264Z [command]/usr/bin/git -c protocol.version=2 fetch --no-tags --prune --no-recurse-submodules --depth=1 origin +46d30b0b21cb477494ff9339f8365e29dbc56ce1:refs/remotes/origin/main
2026-10-10T10:12:21.5739902Z From https://github.com/LonelyTraderBay/Bot-AI-Ban-hang-FB
2026-10-10T10:12:21.5742281Z  * [new ref]         46d30b0b21cb477494ff9339f8365e29dbc56ce1 -> origin/main
2026-10-10T10:12:21.5748689Z [command]/usr/bin/git branch --list --remote origin/main
2026-10-10T10:12:21.5779551Z   origin/main
2026-10-10T10:12:21.5787602Z [command]/usr/bin/git rev-parse refs/remotes/origin/main
2026-10-10T10:12:21.5814638Z 46d30b0b21cb477494ff9339f8365e29dbc56ce1
2026-10-10T10:12:21.5820276Z ##[endgroup]
2026-10-10T10:12:21.5822055Z ##[group]Determining the checkout info
2026-10-10T10:12:21.5824307Z ##[endgroup]
2026-10-10T10:12:21.5825824Z [command]/usr/bin/git sparse-checkout disable
2026-10-10T10:12:21.5878443Z [command]/usr/bin/git config --local --unset-all extensions.worktreeConfig
2026-10-10T10:12:21.5912765Z ##[group]Checking out the ref
2026-10-10T10:12:21.5916552Z [command]/usr/bin/git checkout --progress --force -B main refs/remotes/origin/main
2026-10-10T10:12:22.7340628Z Updating files:  27% (5728/20952)
2026-10-10T10:12:22.9005150Z Updating files:  28% (5867/20952)
2026-10-10T10:12:22.9768583Z Updating files:  29% (6077/20952)
2026-10-10T10:12:23.0568869Z Updating files:  30% (6286/20952)
2026-10-10T10:12:23.1052488Z Updating files:  31% (6496/20952)
2026-10-10T10:12:23.1315908Z Updating files:  32% (6705/20952)
2026-10-10T10:12:23.2164256Z Updating files:  33% (6915/20952)
2026-10-10T10:12:23.3276664Z Updating files:  34% (7124/20952)
2026-10-10T10:12:23.3594774Z Updating files:  35% (7334/20952)
2026-10-10T10:12:23.4139541Z Updating files:  36% (7543/20952)
2026-10-10T10:12:23.4721158Z Updating files:  37% (7753/20952)
2026-10-10T10:12:23.5213471Z Updating files:  38% (7962/20952)
2026-10-10T10:12:23.5896380Z Updating files:  39% (8172/20952)
2026-10-10T10:12:23.6124325Z Updating files:  40% (8381/20952)
2026-10-10T10:12:23.6140262Z Updating files:  40% (8558/20952)
2026-10-10T10:12:23.6526544Z Updating files:  41% (8591/20952)
2026-10-10T10:12:23.7053424Z Updating files:  42% (8800/20952)
2026-10-10T10:12:23.7483860Z Updating files:  43% (9010/20952)
2026-10-10T10:12:23.8018446Z Updating files:  44% (9219/20952)
2026-10-10T10:12:23.8484233Z Updating files:  45% (9429/20952)
2026-10-10T10:12:23.8571334Z Updating files:  46% (9638/20952)
2026-10-10T10:12:23.8650547Z Updating files:  47% (9848/20952)
2026-10-10T10:12:23.9053340Z Updating files:  48% (10057/20952)
2026-10-10T10:12:23.9177266Z Updating files:  49% (10267/20952)
2026-10-10T10:12:23.9614045Z Updating files:  50% (10476/20952)
2026-10-10T10:12:23.9721797Z Updating files:  51% (10686/20952)
2026-10-10T10:12:23.9820340Z Updating files:  52% (10896/20952)
2026-10-10T10:12:24.0132026Z Updating files:  53% (11105/20952)
2026-10-10T10:12:24.0669045Z Updating files:  54% (11315/20952)
2026-10-10T10:12:24.0944661Z Updating files:  55% (11524/20952)
2026-10-10T10:12:24.1262573Z Updating files:  56% (11734/20952)
2026-10-10T10:12:24.1954431Z Updating files:  57% (11943/20952)
2026-10-10T10:12:24.2363671Z Updating files:  58% (12153/20952)
2026-10-10T10:12:24.3617383Z Updating files:  59% (12362/20952)
2026-10-10T10:12:24.5010347Z Updating files:  60% (12572/20952)
2026-10-10T10:12:24.6138365Z Updating files:  61% (12781/20952)
2026-10-10T10:12:24.6141525Z Updating files:  61% (12983/20952)
2026-10-10T10:12:24.6351714Z Updating files:  62% (12991/20952)
2026-10-10T10:12:24.6563323Z Updating files:  63% (13200/20952)
2026-10-10T10:12:24.6721954Z Updating files:  64% (13410/20952)
2026-10-10T10:12:24.6854873Z Updating files:  65% (13619/20952)
2026-10-10T10:12:24.7023677Z Updating files:  66% (13829/20952)
2026-10-10T10:12:24.7210207Z Updating files:  67% (14038/20952)
2026-10-10T10:12:24.7351112Z Updating files:  68% (14248/20952)
2026-10-10T10:12:24.7461441Z Updating files:  69% (14457/20952)
2026-10-10T10:12:24.7583726Z Updating files:  70% (14667/20952)
2026-10-10T10:12:24.7709619Z Updating files:  71% (14876/20952)
2026-10-10T10:12:24.8001400Z Updating files:  72% (15086/20952)
2026-10-10T10:12:24.8191540Z Updating files:  73% (15295/20952)
2026-10-10T10:12:24.8340654Z Updating files:  74% (15505/20952)
2026-10-10T10:12:24.8497725Z Updating files:  75% (15714/20952)
2026-10-10T10:12:24.8652253Z Updating files:  76% (15924/20952)
2026-10-10T10:12:24.8797651Z Updating files:  77% (16134/20952)
2026-10-10T10:12:24.8929448Z Updating files:  78% (16343/20952)
2026-10-10T10:12:24.9067005Z Updating files:  79% (16553/20952)
2026-10-10T10:12:24.9191955Z Updating files:  80% (16762/20952)
2026-10-10T10:12:24.9315897Z Updating files:  81% (16972/20952)
2026-10-10T10:12:24.9440385Z Updating files:  82% (17181/20952)
2026-10-10T10:12:24.9571127Z Updating files:  83% (17391/20952)
2026-10-10T10:12:24.9708971Z Updating files:  84% (17600/20952)
2026-10-10T10:12:24.9832664Z Updating files:  85% (17810/20952)
2026-10-10T10:12:24.9961621Z Updating files:  86% (18019/20952)
2026-10-10T10:12:25.0088086Z Updating files:  87% (18229/20952)
2026-10-10T10:12:25.0212726Z Updating files:  88% (18438/20952)
2026-10-10T10:12:25.0335639Z Updating files:  89% (18648/20952)
2026-10-10T10:12:25.0461838Z Updating files:  90% (18857/20952)
2026-10-10T10:12:25.0586290Z Updating files:  91% (19067/20952)
2026-10-10T10:12:25.0723507Z Updating files:  92% (19276/20952)
2026-10-10T10:12:25.0842228Z Updating files:  93% (19486/20952)
2026-10-10T10:12:25.1086470Z Updating files:  94% (19695/20952)
2026-10-10T10:12:25.1222978Z Updating files:  95% (19905/20952)
2026-10-10T10:12:25.1371009Z Updating files:  96% (20114/20952)
2026-10-10T10:12:25.1826135Z Updating files:  97% (20324/20952)
2026-10-10T10:12:25.2005453Z Updating files:  98% (20533/20952)
2026-10-10T10:12:25.2467954Z Updating files:  99% (20743/20952)
2026-10-10T10:12:25.2468838Z Updating files: 100% (20952/20952)
2026-10-10T10:12:25.2469625Z Updating files: 100% (20952/20952), done.
2026-10-10T10:12:25.2694949Z Switched to a new branch 'main'
2026-10-10T10:12:25.2698640Z branch 'main' set up to track 'origin/main'.
2026-10-10T10:12:25.2818192Z ##[endgroup]
2026-10-10T10:12:25.2862714Z [command]/usr/bin/git log -1 --format=%H
2026-10-10T10:12:25.2893274Z 46d30b0b21cb477494ff9339f8365e29dbc56ce1
2026-10-10T10:12:25.3193387Z ##[group]Run actions/setup-node@820762786026740c76f36085b0efc47a31fe5020
2026-10-10T10:12:25.3193789Z with:
2026-10-10T10:12:25.3193981Z   node-version: 24
2026-10-10T10:12:25.3194184Z   cache: npm
2026-10-10T10:12:25.3194472Z   cache-dependency-path: BotSalesAI_Frontend/package-lock.json
2026-10-10T10:12:25.3194835Z   check-latest: false
2026-10-10T10:12:25.3197940Z   token: ***
2026-10-10T10:12:25.3198170Z   package-manager-cache: true
2026-10-10T10:12:25.3198437Z ##[endgroup]
2026-10-10T10:12:25.4440512Z Found in cache @ /opt/hostedtoolcache/node/24.21.0/x64
2026-10-10T10:12:25.4444379Z ##[group]Environment details
2026-10-10T10:12:25.8176319Z node: v24.21.0
2026-10-10T10:12:25.8176711Z npm: 11.19.0
2026-10-10T10:12:25.8177035Z yarn: 1.22.22
2026-10-10T10:12:25.8177697Z ##[endgroup]
2026-10-10T10:12:25.8196850Z [command]/opt/hostedtoolcache/node/24.21.0/x64/bin/npm config get cache
2026-10-10T10:12:26.6149024Z /home/runner/.npm
2026-10-10T10:12:26.7667640Z Cache hit for: node-cache-Linux-x64-npm-59940755336ccebfb01608b4b67032f886f15c0a5419cadf1ab2b1b289ed121c
2026-10-10T10:12:27.5425769Z Received 47017133 of 47017133 (100.0%), 71.6 MBs/sec
2026-10-10T10:12:27.5427447Z Cache Size: ~45 MB (47017133 B)
2026-10-10T10:12:27.5532323Z [command]/usr/bin/tar -xf /home/runner/work/_temp/df7152f4-87b5-41b3-a5d6-cce9876e827d/cache.tzst -P -C /home/runner/work/Bot-AI-Ban-hang-FB/Bot-AI-Ban-hang-FB --use-compress-program unzstd
2026-10-10T10:12:27.9817680Z Cache restored successfully
2026-10-10T10:12:27.9847860Z Cache restored from key: node-cache-Linux-x64-npm-59940755336ccebfb01608b4b67032f886f15c0a5419cadf1ab2b1b289ed121c
2026-10-10T10:12:28.0576202Z ##[group]Run npm install --global npm@11.17.0
2026-10-10T10:12:28.0576901Z [36;1mnpm install --global npm@11.17.0[0m
2026-10-10T10:12:28.6207947Z shell: /usr/bin/bash -e {0}
2026-10-10T10:12:28.6208278Z ##[endgroup]
2026-10-10T10:12:30.7309403Z 
2026-10-10T10:12:30.7316812Z changed 19 packages in 2s
2026-10-10T10:12:30.7317073Z 
2026-10-10T10:12:30.7317292Z 15 packages are looking for funding
2026-10-10T10:12:30.7317615Z   run `npm fund` for details
2026-10-10T10:12:30.7810191Z ##[group]Run test -f package-lock.json || (echo 'Run npm install on an authorized online machine and commit the generated lockfile.' && exit 1)
2026-10-10T10:12:30.7811209Z [36;1mtest -f package-lock.json || (echo 'Run npm install on an authorized online machine and commit the generated lockfile.' && exit 1)[0m
2026-10-10T10:12:30.7874377Z shell: /usr/bin/bash -e {0}
2026-10-10T10:12:30.7874644Z ##[endgroup]
2026-10-10T10:12:30.7987073Z ##[group]Run npm ci
2026-10-10T10:12:30.7987350Z [36;1mnpm ci[0m
2026-10-10T10:12:30.8043306Z shell: /usr/bin/bash -e {0}
2026-10-10T10:12:30.8043587Z ##[endgroup]
2026-10-10T10:12:33.3189334Z npm warn deprecated whatwg-encoding@3.1.1: Use @exodus/bytes instead for a more spec-conformant and faster implementation
2026-10-10T10:12:36.3513552Z npm warn deprecated eslint@9.34.0: This version is no longer supported. Please see https://eslint.org/version-support for other options.
2026-10-10T10:12:45.5282833Z 
2026-10-10T10:12:45.5283677Z added 411 packages, and audited 413 packages in 15s
2026-10-10T10:12:45.5284188Z 
2026-10-10T10:12:45.5284589Z 86 packages are looking for funding
2026-10-10T10:12:45.5286167Z   run `npm fund` for details
2026-10-10T10:12:45.5297785Z 
2026-10-10T10:12:45.5298093Z found 0 vulnerabilities
2026-10-10T10:12:45.5310630Z npm warn allow-scripts 2 packages have install scripts not yet covered by allowScripts:
2026-10-10T10:12:45.5311817Z npm warn allow-scripts   esbuild@0.28.2 (postinstall: node install.js)
2026-10-10T10:12:45.5313291Z npm warn allow-scripts   msw@2.11.1 (postinstall: node -e "import('./config/scripts/postinstall.js').catch(() => void 0)")
2026-10-10T10:12:45.5314554Z npm warn allow-scripts
2026-10-10T10:12:45.5316270Z npm warn allow-scripts Run `npm approve-scripts --allow-scripts-pending` to review, or `npm approve-scripts <pkg>` to allow.
2026-10-10T10:12:45.5960962Z ##[group]Run npm audit --audit-level=low
2026-10-10T10:12:45.5961356Z [36;1mnpm audit --audit-level=low[0m
2026-10-10T10:12:45.6023431Z shell: /usr/bin/bash -e {0}
2026-10-10T10:12:45.6023718Z ##[endgroup]
2026-10-10T10:12:46.0603380Z found 0 vulnerabilities
2026-10-10T10:12:46.0729407Z ##[group]Run npm run setup
2026-10-10T10:12:46.0729717Z [36;1mnpm run setup[0m
2026-10-10T10:12:46.0793217Z shell: /usr/bin/bash -e {0}
2026-10-10T10:12:46.0793509Z ##[endgroup]
2026-10-10T10:12:46.1833349Z 
2026-10-10T10:12:46.1834109Z > botsales-frontend@0.1.0 setup
2026-10-10T10:12:46.1834848Z > node scripts/setup.mjs
2026-10-10T10:12:46.1835455Z 
2026-10-10T10:12:46.4036389Z {"status":"PASS","outputs":15,"schemas":346,"operations":245,"routes":61}
2026-10-10T10:12:46.4956414Z Copying the worker script at "/home/runner/work/Bot-AI-Ban-hang-FB/Bot-AI-Ban-hang-FB/BotSalesAI_Frontend/apps/web/public"...
2026-10-10T10:12:46.4999984Z 
2026-10-10T10:12:46.5000757Z [32mWorker script successfully copied![39m
2026-10-10T10:12:46.5001434Z [90m  - public
2026-10-10T10:12:46.5001914Z [39m
2026-10-10T10:12:46.5002557Z Continue by describing the network in your application:
2026-10-10T10:12:46.5003037Z 
2026-10-10T10:12:46.5003049Z 
2026-10-10T10:12:46.5003830Z [31m[1mhttps://mswjs.io/docs/quick-start[22m[39m
2026-10-10T10:12:46.5004313Z 
2026-10-10T10:12:46.5067878Z Thiết lập xong. npm run dev chạy frontend mô phỏng; không kết nối khách hàng hoặc provider thật.
2026-10-10T10:12:46.5227616Z ##[group]Run npx playwright install --with-deps chromium firefox
2026-10-10T10:12:46.5228143Z [36;1mnpx playwright install --with-deps chromium firefox[0m
2026-10-10T10:12:46.5289485Z shell: /usr/bin/bash -e {0}
2026-10-10T10:12:46.5289937Z ##[endgroup]
2026-10-10T10:12:47.2778430Z Installing dependencies...
2026-10-10T10:12:47.2866333Z Switching to root user to install dependencies...
2026-10-10T10:12:47.3702454Z Get:1 file:/etc/apt/apt-mirrors.txt Mirrorlist [144 B]
2026-10-10T10:12:47.3994268Z Hit:2 http://azure.archive.ubuntu.com/ubuntu noble InRelease
2026-10-10T10:12:47.3996404Z Get:6 https://packages.microsoft.com/ubuntu/24.04/prod noble InRelease [3600 B]
2026-10-10T10:12:47.4009325Z Get:3 http://azure.archive.ubuntu.com/ubuntu noble-updates InRelease [126 kB]
2026-10-10T10:12:47.4080125Z Get:4 http://azure.archive.ubuntu.com/ubuntu noble-backports InRelease [126 kB]
2026-10-10T10:12:47.4107589Z Get:5 http://azure.archive.ubuntu.com/ubuntu noble-security InRelease [126 kB]
2026-10-10T10:12:47.5127406Z Get:7 https://packages.microsoft.com/ubuntu/24.04/prod noble/main armhf Packages [12.3 kB]
2026-10-10T10:12:47.5223125Z Get:8 https://packages.microsoft.com/ubuntu/24.04/prod noble/main arm64 Packages [492 kB]
2026-10-10T10:12:47.5337853Z Get:9 https://packages.microsoft.com/ubuntu/24.04/prod noble/main amd64 Packages [548 kB]
2026-10-10T10:12:47.5386787Z Get:10 https://packages.microsoft.com/ubuntu/24.04/prod noble/main all Packages [640 B]
2026-10-10T10:12:47.5674872Z Get:11 http://azure.archive.ubuntu.com/ubuntu noble-updates/main amd64 Packages [1375 kB]
2026-10-10T10:12:47.5767546Z Get:12 http://azure.archive.ubuntu.com/ubuntu noble-updates/main Translation-en [306 kB]
2026-10-10T10:12:47.5780145Z Get:13 http://azure.archive.ubuntu.com/ubuntu noble-updates/universe amd64 Packages [1702 kB]
2026-10-10T10:12:47.5883143Z Get:14 http://azure.archive.ubuntu.com/ubuntu noble-updates/universe Translation-en [342 kB]
2026-10-10T10:12:47.5913326Z Get:15 http://azure.archive.ubuntu.com/ubuntu noble-updates/restricted amd64 Packages [1761 kB]
2026-10-10T10:12:47.6015735Z Get:16 http://azure.archive.ubuntu.com/ubuntu noble-updates/restricted Translation-en [401 kB]
2026-10-10T10:12:47.6047933Z Get:17 http://azure.archive.ubuntu.com/ubuntu noble-updates/multiverse amd64 Packages [55.0 kB]
2026-10-10T10:12:47.6068010Z Get:18 http://azure.archive.ubuntu.com/ubuntu noble-updates/multiverse Translation-en [14.3 kB]
2026-10-10T10:12:47.6804374Z Get:19 http://azure.archive.ubuntu.com/ubuntu noble-security/main amd64 Packages [1121 kB]
2026-10-10T10:12:47.6863745Z Get:20 http://azure.archive.ubuntu.com/ubuntu noble-security/main Translation-en [228 kB]
2026-10-10T10:12:47.7337255Z Get:21 http://azure.archive.ubuntu.com/ubuntu noble-security/universe amd64 Packages [1220 kB]
2026-10-10T10:12:47.7409157Z Get:22 http://azure.archive.ubuntu.com/ubuntu noble-security/universe Translation-en [245 kB]
2026-10-10T10:12:47.7422974Z Get:23 http://azure.archive.ubuntu.com/ubuntu noble-security/restricted amd64 Packages [1669 kB]
2026-10-10T10:12:47.7526739Z Get:24 http://azure.archive.ubuntu.com/ubuntu noble-security/restricted Translation-en [383 kB]
2026-10-10T10:12:47.7553420Z Get:25 http://azure.archive.ubuntu.com/ubuntu noble-security/multiverse amd64 Packages [49.8 kB]
2026-10-10T10:12:47.7564448Z Get:26 http://azure.archive.ubuntu.com/ubuntu noble-security/multiverse Translation-en [12.4 kB]
2026-10-10T10:12:50.6721512Z Fetched 12.3 MB in 1s (10.0 MB/s)
2026-10-10T10:12:51.5588946Z Reading package lists...
2026-10-10T10:12:51.5823090Z Reading package lists...
2026-10-10T10:12:51.7751333Z Building dependency tree...
2026-10-10T10:12:51.7758759Z Reading state information...
2026-10-10T10:12:51.9206865Z libasound2t64 is already the newest version (1.2.11-1ubuntu0.3).
2026-10-10T10:12:51.9207900Z libasound2t64 set to manually installed.
2026-10-10T10:12:51.9208763Z libatk-bridge2.0-0t64 is already the newest version (2.52.0-1build1).
2026-10-10T10:12:51.9210390Z libatk-bridge2.0-0t64 set to manually installed.
2026-10-10T10:12:51.9211320Z libatk1.0-0t64 is already the newest version (2.52.0-1build1).
2026-10-10T10:12:51.9212136Z libatk1.0-0t64 set to manually installed.
2026-10-10T10:12:51.9212981Z libatspi2.0-0t64 is already the newest version (2.52.0-1build1).
2026-10-10T10:12:51.9214087Z libatspi2.0-0t64 set to manually installed.
2026-10-10T10:12:51.9214888Z libcairo2 is already the newest version (1.18.0-3build1).
2026-10-10T10:12:51.9216030Z libcairo2 set to manually installed.
2026-10-10T10:12:51.9216910Z libcups2t64 is already the newest version (2.4.7-1.2ubuntu7.14).
2026-10-10T10:12:51.9217815Z libcups2t64 set to manually installed.
2026-10-10T10:12:51.9218573Z libdbus-1-3 is already the newest version (1.14.10-4ubuntu4.1).
2026-10-10T10:12:51.9219292Z libdbus-1-3 set to manually installed.
2026-10-10T10:12:51.9220030Z libdrm2 is already the newest version (2.4.125-1ubuntu0.1~24.04.2).
2026-10-10T10:12:51.9220710Z libdrm2 set to manually installed.
2026-10-10T10:12:51.9221177Z libgbm1 is already the newest version (25.2.8-0ubuntu0.24.04.4).
2026-10-10T10:12:51.9221594Z libgbm1 set to manually installed.
2026-10-10T10:12:51.9222008Z libglib2.0-0t64 is already the newest version (2.80.0-6ubuntu3.9).
2026-10-10T10:12:51.9222434Z libglib2.0-0t64 set to manually installed.
2026-10-10T10:12:51.9223126Z libnspr4 is already the newest version (2:4.35-1.1build1).
2026-10-10T10:12:51.9223530Z libnspr4 set to manually installed.
2026-10-10T10:12:51.9223925Z libnss3 is already the newest version (2:3.98-1ubuntu0.2).
2026-10-10T10:12:51.9224310Z libnss3 set to manually installed.
2026-10-10T10:12:51.9224737Z libpango-1.0-0 is already the newest version (1.52.1+ds-1build1).
2026-10-10T10:12:51.9225586Z libpango-1.0-0 set to manually installed.
2026-10-10T10:12:51.9226320Z libx11-6 is already the newest version (2:1.8.7-1build1).
2026-10-10T10:12:51.9226849Z libx11-6 set to manually installed.
2026-10-10T10:12:51.9227223Z libxcb1 is already the newest version (1.15-1ubuntu2).
2026-10-10T10:12:51.9227856Z libxcb1 set to manually installed.
2026-10-10T10:12:51.9228583Z libxcomposite1 is already the newest version (1:0.4.5-1build3).
2026-10-10T10:12:51.9229349Z libxcomposite1 set to manually installed.
2026-10-10T10:12:51.9230101Z libxdamage1 is already the newest version (1:1.1.6-1build1).
2026-10-10T10:12:51.9230664Z libxdamage1 set to manually installed.
2026-10-10T10:12:51.9231070Z libxext6 is already the newest version (2:1.3.4-1build2).
2026-10-10T10:12:51.9231444Z libxext6 set to manually installed.
2026-10-10T10:12:51.9231844Z libxfixes3 is already the newest version (1:6.0.0-2build1).
2026-10-10T10:12:51.9232352Z libxfixes3 set to manually installed.
2026-10-10T10:12:51.9233111Z libxkbcommon0 is already the newest version (1.6.0-1build1).
2026-10-10T10:12:51.9233850Z libxkbcommon0 set to manually installed.
2026-10-10T10:12:51.9234446Z libxrandr2 is already the newest version (2:1.5.2-2build1).
2026-10-10T10:12:51.9234827Z libxrandr2 set to manually installed.
2026-10-10T10:12:51.9235504Z xvfb is already the newest version (2:21.1.12-1ubuntu1.8).
2026-10-10T10:12:51.9236520Z fonts-noto-color-emoji is already the newest version (2.047-0ubuntu0.24.04.1).
2026-10-10T10:12:51.9237613Z libfontconfig1 is already the newest version (2.15.0-1.1ubuntu2).
2026-10-10T10:12:51.9238407Z libfontconfig1 set to manually installed.
2026-10-10T10:12:51.9239296Z fonts-liberation is already the newest version (1:2.1.5-3).
2026-10-10T10:12:51.9240035Z fonts-liberation set to manually installed.
2026-10-10T10:12:51.9240843Z libcairo-gobject2 is already the newest version (1.18.0-3build1).
2026-10-10T10:12:51.9241633Z libcairo-gobject2 set to manually installed.
2026-10-10T10:12:51.9242519Z libgdk-pixbuf-2.0-0 is already the newest version (2.42.10+dfsg-3ubuntu3.3).
2026-10-10T10:12:51.9243379Z libgdk-pixbuf-2.0-0 set to manually installed.
2026-10-10T10:12:51.9244205Z libgtk-3-0t64 is already the newest version (3.24.41-4ubuntu1.3).
2026-10-10T10:12:51.9245181Z libgtk-3-0t64 set to manually installed.
2026-10-10T10:12:51.9246272Z libpangocairo-1.0-0 is already the newest version (1.52.1+ds-1build1).
2026-10-10T10:12:51.9247124Z libpangocairo-1.0-0 set to manually installed.
2026-10-10T10:12:51.9247911Z libx11-xcb1 is already the newest version (2:1.8.7-1build1).
2026-10-10T10:12:51.9248618Z libx11-xcb1 set to manually installed.
2026-10-10T10:12:51.9249541Z libxcb-shm0 is already the newest version (1.15-1ubuntu2).
2026-10-10T10:12:51.9250235Z libxcb-shm0 set to manually installed.
2026-10-10T10:12:51.9250971Z libxcursor1 is already the newest version (1:1.2.1-1build1).
2026-10-10T10:12:51.9251664Z libxcursor1 set to manually installed.
2026-10-10T10:12:51.9252345Z libxi6 is already the newest version (2:1.8.1-1build1).
2026-10-10T10:12:51.9252989Z libxi6 set to manually installed.
2026-10-10T10:12:51.9253704Z libxrender1 is already the newest version (1:0.9.10-1.1build1).
2026-10-10T10:12:51.9254536Z libxrender1 set to manually installed.
2026-10-10T10:12:51.9255478Z The following additional packages will be installed:
2026-10-10T10:12:51.9256442Z   libavutil58 libcodec2-1.2 libdav1d7 libgsm1 libhwy1t64 libjxl0.7 libmp3lame0
2026-10-10T10:12:51.9257527Z   libopus0 librav1e0 librsvg2-2 libshine3 libsoxr0 libspeex1 libsvtav1enc1d1
2026-10-10T10:12:51.9258494Z   libswresample4 libtheora0 libtwolame0 libva-drm2 libva-x11-2 libva2
2026-10-10T10:12:51.9259466Z   libvdpau1 libvorbisenc2 libvpl2 libvpx9 libx264-164 libx265-199 libxvidcore4
2026-10-10T10:12:51.9260493Z   libzvbi-common libzvbi0t64 ocl-icd-libopencl1 xfonts-encodings xfonts-utils
2026-10-10T10:12:51.9261248Z Suggested packages:
2026-10-10T10:12:51.9261909Z   libcuda1 libnvcuvid1 libnvidia-encode1 opus-tools librsvg2-bin speex
2026-10-10T10:12:51.9262581Z   opencl-icd
2026-10-10T10:12:51.9262978Z Recommended packages:
2026-10-10T10:12:51.9263640Z   fonts-ipafont-mincho fonts-tlwg-loma librsvg2-common va-driver-all
2026-10-10T10:12:51.9264399Z   | va-driver vdpau-driver-all | vdpau-driver
2026-10-10T10:12:51.9515493Z The following NEW packages will be installed:
2026-10-10T10:12:51.9516577Z   fonts-freefont-ttf fonts-ipafont-gothic fonts-tlwg-loma-otf fonts-unifont
2026-10-10T10:12:51.9518081Z   fonts-wqy-zenhei libavcodec60 libavutil58 libcodec2-1.2 libdav1d7 libgsm1
2026-10-10T10:12:51.9520854Z   libhwy1t64 libjxl0.7 libmp3lame0 libopus0 librav1e0 librsvg2-2 libshine3
2026-10-10T10:12:51.9521573Z   libsoxr0 libspeex1 libsvtav1enc1d1 libswresample4 libtheora0 libtwolame0
2026-10-10T10:12:51.9522463Z   libva-drm2 libva-x11-2 libva2 libvdpau1 libvorbisenc2 libvpl2 libvpx9
2026-10-10T10:12:51.9523039Z   libx264-164 libx265-199 libxvidcore4 libzvbi-common libzvbi0t64
2026-10-10T10:12:51.9524408Z   ocl-icd-libopencl1 xfonts-cyrillic xfonts-encodings xfonts-scalable
2026-10-10T10:12:51.9524855Z   xfonts-utils
2026-10-10T10:12:51.9530048Z The following packages will be upgraded:
2026-10-10T10:12:51.9535007Z   libfreetype6
2026-10-10T10:12:51.9708724Z 1 upgraded, 40 newly installed, 0 to remove and 22 not upgraded.
2026-10-10T10:12:51.9709499Z Need to get 49.2 MB of archives.
2026-10-10T10:12:51.9710300Z After this operation, 168 MB of additional disk space will be used.
2026-10-10T10:12:51.9711153Z Get:1 file:/etc/apt/apt-mirrors.txt Mirrorlist [144 B]
2026-10-10T10:12:52.0138448Z Get:2 http://azure.archive.ubuntu.com/ubuntu noble/universe amd64 fonts-ipafont-gothic all 00303-21ubuntu1 [3513 kB]
2026-10-10T10:12:52.0929237Z Get:3 http://azure.archive.ubuntu.com/ubuntu noble/main amd64 fonts-freefont-ttf all 20211204+svn4273-2 [5641 kB]
2026-10-10T10:12:52.1792380Z Get:4 http://azure.archive.ubuntu.com/ubuntu noble/universe amd64 fonts-tlwg-loma-otf all 1:0.7.3-1 [107 kB]
2026-10-10T10:12:52.2054913Z Get:5 http://azure.archive.ubuntu.com/ubuntu noble/universe amd64 fonts-unifont all 1:15.1.01-1build1 [2993 kB]
2026-10-10T10:12:52.2545500Z Get:6 http://azure.archive.ubuntu.com/ubuntu noble/universe amd64 fonts-wqy-zenhei all 0.9.45-8 [7472 kB]
2026-10-10T10:12:52.3640555Z Get:7 http://azure.archive.ubuntu.com/ubuntu noble-updates/universe amd64 libva2 amd64 2.20.0-2ubuntu0.2 [66.4 kB]
2026-10-10T10:12:52.3865260Z Get:8 http://azure.archive.ubuntu.com/ubuntu noble-updates/universe amd64 libva-drm2 amd64 2.20.0-2ubuntu0.2 [7124 B]
2026-10-10T10:12:52.4084506Z Get:9 http://azure.archive.ubuntu.com/ubuntu noble-updates/universe amd64 libva-x11-2 amd64 2.20.0-2ubuntu0.2 [12.0 kB]
2026-10-10T10:12:52.4305617Z Get:10 http://azure.archive.ubuntu.com/ubuntu noble/main amd64 libvdpau1 amd64 1.5-2build1 [27.8 kB]
2026-10-10T10:12:52.4526435Z Get:11 http://azure.archive.ubuntu.com/ubuntu noble/universe amd64 libvpl2 amd64 2023.3.0-1build1 [99.8 kB]
2026-10-10T10:12:52.4753293Z Get:12 http://azure.archive.ubuntu.com/ubuntu noble/universe amd64 ocl-icd-libopencl1 amd64 2.3.2-1build1 [38.5 kB]
2026-10-10T10:12:52.5020382Z Get:13 http://azure.archive.ubuntu.com/ubuntu noble/universe amd64 libavutil58 amd64 7:6.1.1-3ubuntu5 [401 kB]
2026-10-10T10:12:52.5270497Z Get:14 http://azure.archive.ubuntu.com/ubuntu noble/universe amd64 libcodec2-1.2 amd64 1.2.0-2build1 [8998 kB]
2026-10-10T10:12:52.6327224Z Get:15 http://azure.archive.ubuntu.com/ubuntu noble/universe amd64 libdav1d7 amd64 1.4.1-1build1 [604 kB]
2026-10-10T10:12:52.6584773Z Get:16 http://azure.archive.ubuntu.com/ubuntu noble/universe amd64 libgsm1 amd64 1.0.22-1build1 [27.8 kB]
2026-10-10T10:12:52.6802730Z Get:17 http://azure.archive.ubuntu.com/ubuntu noble/universe amd64 libhwy1t64 amd64 1.0.7-8.1build1 [584 kB]
2026-10-10T10:12:52.7064648Z Get:18 http://azure.archive.ubuntu.com/ubuntu noble-updates/universe amd64 libjxl0.7 amd64 0.7.0-10.2ubuntu6.1 [1001 kB]
2026-10-10T10:12:52.7383930Z Get:19 http://azure.archive.ubuntu.com/ubuntu noble/main amd64 libmp3lame0 amd64 3.100-6build1 [142 kB]
2026-10-10T10:12:52.8052278Z Get:20 http://azure.archive.ubuntu.com/ubuntu noble/main amd64 libopus0 amd64 1.4-1build1 [208 kB]
2026-10-10T10:12:52.8285725Z Get:21 http://azure.archive.ubuntu.com/ubuntu noble/universe amd64 librav1e0 amd64 0.7.1-2 [1022 kB]
2026-10-10T10:12:52.8644248Z Get:22 http://azure.archive.ubuntu.com/ubuntu noble-updates/main amd64 librsvg2-2 amd64 2.58.0+dfsg-1ubuntu0.1 [2141 kB]
2026-10-10T10:12:52.9112995Z Get:23 http://azure.archive.ubuntu.com/ubuntu noble/universe amd64 libshine3 amd64 3.1.1-2build1 [23.2 kB]
2026-10-10T10:12:52.9367499Z Get:24 http://azure.archive.ubuntu.com/ubuntu noble-updates/main amd64 libspeex1 amd64 1.2.1-2ubuntu2.24.04.1 [59.6 kB]
2026-10-10T10:12:52.9627488Z Get:25 http://azure.archive.ubuntu.com/ubuntu noble/universe amd64 libsvtav1enc1d1 amd64 1.7.0+dfsg-2build1 [2425 kB]
2026-10-10T10:12:53.0089236Z Get:26 http://azure.archive.ubuntu.com/ubuntu noble/universe amd64 libsoxr0 amd64 0.1.3-4build3 [80.0 kB]
2026-10-10T10:12:53.0309976Z Get:27 http://azure.archive.ubuntu.com/ubuntu noble/universe amd64 libswresample4 amd64 7:6.1.1-3ubuntu5 [63.8 kB]
2026-10-10T10:12:53.0529676Z Get:28 http://azure.archive.ubuntu.com/ubuntu noble/main amd64 libtheora0 amd64 1.1.1+dfsg.1-16.1build3 [211 kB]
2026-10-10T10:12:53.0757344Z Get:29 http://azure.archive.ubuntu.com/ubuntu noble/main amd64 libtwolame0 amd64 0.4.0-2build3 [52.3 kB]
2026-10-10T10:12:53.0977070Z Get:30 http://azure.archive.ubuntu.com/ubuntu noble/main amd64 libvorbisenc2 amd64 1.3.7-1build3 [80.8 kB]
2026-10-10T10:12:53.1253785Z Get:31 http://azure.archive.ubuntu.com/ubuntu noble-updates/main amd64 libvpx9 amd64 1.14.0-1ubuntu2.3 [1143 kB]
2026-10-10T10:12:53.1666317Z Get:32 http://azure.archive.ubuntu.com/ubuntu noble/universe amd64 libx264-164 amd64 2:0.164.3108+git31e19f9-1 [604 kB]
2026-10-10T10:12:53.1978130Z Get:33 http://azure.archive.ubuntu.com/ubuntu noble/universe amd64 libx265-199 amd64 3.5-2build1 [1226 kB]
2026-10-10T10:12:53.2354392Z Get:34 http://azure.archive.ubuntu.com/ubuntu noble/universe amd64 libxvidcore4 amd64 2:1.3.7-1build1 [219 kB]
2026-10-10T10:12:53.2627436Z Get:35 http://azure.archive.ubuntu.com/ubuntu noble/universe amd64 libzvbi-common all 0.2.42-2 [42.4 kB]
2026-10-10T10:12:53.2889213Z Get:36 http://azure.archive.ubuntu.com/ubuntu noble/universe amd64 libzvbi0t64 amd64 0.2.42-2 [261 kB]
2026-10-10T10:12:53.3188082Z Get:37 http://azure.archive.ubuntu.com/ubuntu noble/universe amd64 libavcodec60 amd64 7:6.1.1-3ubuntu5 [5851 kB]
2026-10-10T10:12:53.3909499Z Get:38 http://azure.archive.ubuntu.com/ubuntu noble-updates/main amd64 libfreetype6 amd64 2.13.2+dfsg-1ubuntu0.2 [403 kB]
2026-10-10T10:12:53.4690329Z Get:39 http://azure.archive.ubuntu.com/ubuntu noble/main amd64 xfonts-encodings all 1:1.0.5-0ubuntu2 [578 kB]
2026-10-10T10:12:53.4987046Z Get:40 http://azure.archive.ubuntu.com/ubuntu noble/main amd64 xfonts-utils amd64 1:7.7+6build3 [94.4 kB]
2026-10-10T10:12:53.5246499Z Get:41 http://azure.archive.ubuntu.com/ubuntu noble/universe amd64 xfonts-cyrillic all 1:1.0.5+nmu1 [384 kB]
2026-10-10T10:12:53.5526310Z Get:42 http://azure.archive.ubuntu.com/ubuntu noble/main amd64 xfonts-scalable all 1:1.0.3-1.3 [304 kB]
2026-10-10T10:12:53.8290334Z Fetched 49.2 MB in 2s (30.9 MB/s)
2026-10-10T10:12:53.8506264Z Selecting previously unselected package fonts-ipafont-gothic.
2026-10-10T10:12:53.8749648Z (Reading database ... 
2026-10-10T10:12:53.8750348Z (Reading database ... 5%
2026-10-10T10:12:53.8751049Z (Reading database ... 10%
2026-10-10T10:12:53.8751541Z (Reading database ... 15%
2026-10-10T10:12:53.8752027Z (Reading database ... 20%
2026-10-10T10:12:53.8752380Z (Reading database ... 25%
2026-10-10T10:12:53.8752657Z (Reading database ... 30%
2026-10-10T10:12:53.8752938Z (Reading database ... 35%
2026-10-10T10:12:53.8753193Z (Reading database ... 40%
2026-10-10T10:12:53.8753476Z (Reading database ... 45%
2026-10-10T10:12:53.8753740Z (Reading database ... 50%
2026-10-10T10:12:53.8785881Z (Reading database ... 55%
2026-10-10T10:12:54.0001374Z (Reading database ... 60%
2026-10-10T10:12:54.1963752Z (Reading database ... 65%
2026-10-10T10:12:54.3972653Z (Reading database ... 70%
2026-10-10T10:12:54.5992148Z (Reading database ... 75%
2026-10-10T10:12:54.7584315Z (Reading database ... 80%
2026-10-10T10:12:54.9048746Z (Reading database ... 85%
2026-10-10T10:12:55.1107989Z (Reading database ... 90%
2026-10-10T10:12:55.2522798Z (Reading database ... 95%
2026-10-10T10:12:55.2523384Z (Reading database ... 100%
2026-10-10T10:12:55.2523931Z (Reading database ... 203191 files and directories currently installed.)
2026-10-10T10:12:55.2566019Z Preparing to unpack .../00-fonts-ipafont-gothic_00303-21ubuntu1_all.deb ...
2026-10-10T10:12:55.2668893Z Unpacking fonts-ipafont-gothic (00303-21ubuntu1) ...
2026-10-10T10:12:55.4967606Z Selecting previously unselected package fonts-freefont-ttf.
2026-10-10T10:12:55.5091169Z Preparing to unpack .../01-fonts-freefont-ttf_20211204+svn4273-2_all.deb ...
2026-10-10T10:12:55.5097769Z Unpacking fonts-freefont-ttf (20211204+svn4273-2) ...
2026-10-10T10:12:55.5850755Z Selecting previously unselected package fonts-tlwg-loma-otf.
2026-10-10T10:12:55.5977610Z Preparing to unpack .../02-fonts-tlwg-loma-otf_1%3a0.7.3-1_all.deb ...
2026-10-10T10:12:55.5993269Z Unpacking fonts-tlwg-loma-otf (1:0.7.3-1) ...
2026-10-10T10:12:55.6192366Z Selecting previously unselected package fonts-unifont.
2026-10-10T10:12:55.6315999Z Preparing to unpack .../03-fonts-unifont_1%3a15.1.01-1build1_all.deb ...
2026-10-10T10:12:55.6322413Z Unpacking fonts-unifont (1:15.1.01-1build1) ...
2026-10-10T10:12:55.7330772Z Selecting previously unselected package fonts-wqy-zenhei.
2026-10-10T10:12:55.7453359Z Preparing to unpack .../04-fonts-wqy-zenhei_0.9.45-8_all.deb ...
2026-10-10T10:12:55.7550381Z Unpacking fonts-wqy-zenhei (0.9.45-8) ...
2026-10-10T10:12:56.2129700Z Selecting previously unselected package libva2:amd64.
2026-10-10T10:12:56.2252621Z Preparing to unpack .../05-libva2_2.20.0-2ubuntu0.2_amd64.deb ...
2026-10-10T10:12:56.2267890Z Unpacking libva2:amd64 (2.20.0-2ubuntu0.2) ...
2026-10-10T10:12:56.2471026Z Selecting previously unselected package libva-drm2:amd64.
2026-10-10T10:12:56.2593634Z Preparing to unpack .../06-libva-drm2_2.20.0-2ubuntu0.2_amd64.deb ...
2026-10-10T10:12:56.2601200Z Unpacking libva-drm2:amd64 (2.20.0-2ubuntu0.2) ...
2026-10-10T10:12:56.2793415Z Selecting previously unselected package libva-x11-2:amd64.
2026-10-10T10:12:56.2916909Z Preparing to unpack .../07-libva-x11-2_2.20.0-2ubuntu0.2_amd64.deb ...
2026-10-10T10:12:56.2924475Z Unpacking libva-x11-2:amd64 (2.20.0-2ubuntu0.2) ...
2026-10-10T10:12:56.3118797Z Selecting previously unselected package libvdpau1:amd64.
2026-10-10T10:12:56.3242483Z Preparing to unpack .../08-libvdpau1_1.5-2build1_amd64.deb ...
2026-10-10T10:12:56.3249109Z Unpacking libvdpau1:amd64 (1.5-2build1) ...
2026-10-10T10:12:56.3452347Z Selecting previously unselected package libvpl2.
2026-10-10T10:12:56.3576305Z Preparing to unpack .../09-libvpl2_2023.3.0-1build1_amd64.deb ...
2026-10-10T10:12:56.3583685Z Unpacking libvpl2 (2023.3.0-1build1) ...
2026-10-10T10:12:56.3795873Z Selecting previously unselected package ocl-icd-libopencl1:amd64.
2026-10-10T10:12:56.3920155Z Preparing to unpack .../10-ocl-icd-libopencl1_2.3.2-1build1_amd64.deb ...
2026-10-10T10:12:56.3927028Z Unpacking ocl-icd-libopencl1:amd64 (2.3.2-1build1) ...
2026-10-10T10:12:56.4156228Z Selecting previously unselected package libavutil58:amd64.
2026-10-10T10:12:56.4279523Z Preparing to unpack .../11-libavutil58_7%3a6.1.1-3ubuntu5_amd64.deb ...
2026-10-10T10:12:56.4286405Z Unpacking libavutil58:amd64 (7:6.1.1-3ubuntu5) ...
2026-10-10T10:12:56.4523933Z Selecting previously unselected package libcodec2-1.2:amd64.
2026-10-10T10:12:56.4647703Z Preparing to unpack .../12-libcodec2-1.2_1.2.0-2build1_amd64.deb ...
2026-10-10T10:12:56.4655838Z Unpacking libcodec2-1.2:amd64 (1.2.0-2build1) ...
2026-10-10T10:12:56.5400379Z Selecting previously unselected package libdav1d7:amd64.
2026-10-10T10:12:56.5523449Z Preparing to unpack .../13-libdav1d7_1.4.1-1build1_amd64.deb ...
2026-10-10T10:12:56.5530354Z Unpacking libdav1d7:amd64 (1.4.1-1build1) ...
2026-10-10T10:12:56.5788589Z Selecting previously unselected package libgsm1:amd64.
2026-10-10T10:12:56.5915528Z Preparing to unpack .../14-libgsm1_1.0.22-1build1_amd64.deb ...
2026-10-10T10:12:56.5922917Z Unpacking libgsm1:amd64 (1.0.22-1build1) ...
2026-10-10T10:12:56.6125252Z Selecting previously unselected package libhwy1t64:amd64.
2026-10-10T10:12:56.6248100Z Preparing to unpack .../15-libhwy1t64_1.0.7-8.1build1_amd64.deb ...
2026-10-10T10:12:56.6255195Z Unpacking libhwy1t64:amd64 (1.0.7-8.1build1) ...
2026-10-10T10:12:56.6561586Z Selecting previously unselected package libjxl0.7:amd64.
2026-10-10T10:12:56.6685457Z Preparing to unpack .../16-libjxl0.7_0.7.0-10.2ubuntu6.1_amd64.deb ...
2026-10-10T10:12:56.6691522Z Unpacking libjxl0.7:amd64 (0.7.0-10.2ubuntu6.1) ...
2026-10-10T10:12:56.7003985Z Selecting previously unselected package libmp3lame0:amd64.
2026-10-10T10:12:56.7127423Z Preparing to unpack .../17-libmp3lame0_3.100-6build1_amd64.deb ...
2026-10-10T10:12:56.7136245Z Unpacking libmp3lame0:amd64 (3.100-6build1) ...
2026-10-10T10:12:56.7342958Z Selecting previously unselected package libopus0:amd64.
2026-10-10T10:12:56.7465381Z Preparing to unpack .../18-libopus0_1.4-1build1_amd64.deb ...
2026-10-10T10:12:56.7471944Z Unpacking libopus0:amd64 (1.4-1build1) ...
2026-10-10T10:12:56.7679480Z Selecting previously unselected package librav1e0:amd64.
2026-10-10T10:12:56.7801430Z Preparing to unpack .../19-librav1e0_0.7.1-2_amd64.deb ...
2026-10-10T10:12:56.7807807Z Unpacking librav1e0:amd64 (0.7.1-2) ...
2026-10-10T10:12:56.8113336Z Selecting previously unselected package librsvg2-2:amd64.
2026-10-10T10:12:56.8236742Z Preparing to unpack .../20-librsvg2-2_2.58.0+dfsg-1ubuntu0.1_amd64.deb ...
2026-10-10T10:12:56.8244328Z Unpacking librsvg2-2:amd64 (2.58.0+dfsg-1ubuntu0.1) ...
2026-10-10T10:12:56.8702851Z Selecting previously unselected package libshine3:amd64.
2026-10-10T10:12:56.8826940Z Preparing to unpack .../21-libshine3_3.1.1-2build1_amd64.deb ...
2026-10-10T10:12:56.8833694Z Unpacking libshine3:amd64 (3.1.1-2build1) ...
2026-10-10T10:12:56.9027127Z Selecting previously unselected package libspeex1:amd64.
2026-10-10T10:12:56.9149558Z Preparing to unpack .../22-libspeex1_1.2.1-2ubuntu2.24.04.1_amd64.deb ...
2026-10-10T10:12:56.9157552Z Unpacking libspeex1:amd64 (1.2.1-2ubuntu2.24.04.1) ...
2026-10-10T10:12:56.9361182Z Selecting previously unselected package libsvtav1enc1d1:amd64.
2026-10-10T10:12:56.9483482Z Preparing to unpack .../23-libsvtav1enc1d1_1.7.0+dfsg-2build1_amd64.deb ...
2026-10-10T10:12:56.9490984Z Unpacking libsvtav1enc1d1:amd64 (1.7.0+dfsg-2build1) ...
2026-10-10T10:12:56.9933496Z Selecting previously unselected package libsoxr0:amd64.
2026-10-10T10:12:57.0057410Z Preparing to unpack .../24-libsoxr0_0.1.3-4build3_amd64.deb ...
2026-10-10T10:12:57.0063598Z Unpacking libsoxr0:amd64 (0.1.3-4build3) ...
2026-10-10T10:12:57.0262597Z Selecting previously unselected package libswresample4:amd64.
2026-10-10T10:12:57.0385980Z Preparing to unpack .../25-libswresample4_7%3a6.1.1-3ubuntu5_amd64.deb ...
2026-10-10T10:12:57.0392808Z Unpacking libswresample4:amd64 (7:6.1.1-3ubuntu5) ...
2026-10-10T10:12:57.0591832Z Selecting previously unselected package libtheora0:amd64.
2026-10-10T10:12:57.0716627Z Preparing to unpack .../26-libtheora0_1.1.1+dfsg.1-16.1build3_amd64.deb ...
2026-10-10T10:12:57.0723164Z Unpacking libtheora0:amd64 (1.1.1+dfsg.1-16.1build3) ...
2026-10-10T10:12:57.0943952Z Selecting previously unselected package libtwolame0:amd64.
2026-10-10T10:12:57.1067477Z Preparing to unpack .../27-libtwolame0_0.4.0-2build3_amd64.deb ...
2026-10-10T10:12:57.1074396Z Unpacking libtwolame0:amd64 (0.4.0-2build3) ...
2026-10-10T10:12:57.1268516Z Selecting previously unselected package libvorbisenc2:amd64.
2026-10-10T10:12:57.1391707Z Preparing to unpack .../28-libvorbisenc2_1.3.7-1build3_amd64.deb ...
2026-10-10T10:12:57.1399050Z Unpacking libvorbisenc2:amd64 (1.3.7-1build3) ...
2026-10-10T10:12:57.1619865Z Selecting previously unselected package libvpx9:amd64.
2026-10-10T10:12:57.1742325Z Preparing to unpack .../29-libvpx9_1.14.0-1ubuntu2.3_amd64.deb ...
2026-10-10T10:12:57.1751707Z Unpacking libvpx9:amd64 (1.14.0-1ubuntu2.3) ...
2026-10-10T10:12:57.2057311Z Selecting previously unselected package libx264-164:amd64.
2026-10-10T10:12:57.2180514Z Preparing to unpack .../30-libx264-164_2%3a0.164.3108+git31e19f9-1_amd64.deb ...
2026-10-10T10:12:57.2187072Z Unpacking libx264-164:amd64 (2:0.164.3108+git31e19f9-1) ...
2026-10-10T10:12:57.2441109Z Selecting previously unselected package libx265-199:amd64.
2026-10-10T10:12:57.2565625Z Preparing to unpack .../31-libx265-199_3.5-2build1_amd64.deb ...
2026-10-10T10:12:57.2572796Z Unpacking libx265-199:amd64 (3.5-2build1) ...
2026-10-10T10:12:57.3188908Z Selecting previously unselected package libxvidcore4:amd64.
2026-10-10T10:12:57.3312724Z Preparing to unpack .../32-libxvidcore4_2%3a1.3.7-1build1_amd64.deb ...
2026-10-10T10:12:57.3321054Z Unpacking libxvidcore4:amd64 (2:1.3.7-1build1) ...
2026-10-10T10:12:57.3532391Z Selecting previously unselected package libzvbi-common.
2026-10-10T10:12:57.3656481Z Preparing to unpack .../33-libzvbi-common_0.2.42-2_all.deb ...
2026-10-10T10:12:57.3679426Z Unpacking libzvbi-common (0.2.42-2) ...
2026-10-10T10:12:57.3934545Z Selecting previously unselected package libzvbi0t64:amd64.
2026-10-10T10:12:57.4056742Z Preparing to unpack .../34-libzvbi0t64_0.2.42-2_amd64.deb ...
2026-10-10T10:12:57.4064174Z Unpacking libzvbi0t64:amd64 (0.2.42-2) ...
2026-10-10T10:12:57.4293685Z Selecting previously unselected package libavcodec60:amd64.
2026-10-10T10:12:57.4416030Z Preparing to unpack .../35-libavcodec60_7%3a6.1.1-3ubuntu5_amd64.deb ...
2026-10-10T10:12:57.4423664Z Unpacking libavcodec60:amd64 (7:6.1.1-3ubuntu5) ...
2026-10-10T10:12:57.5335847Z Preparing to unpack .../36-libfreetype6_2.13.2+dfsg-1ubuntu0.2_amd64.deb ...
2026-10-10T10:12:57.5356750Z Unpacking libfreetype6:amd64 (2.13.2+dfsg-1ubuntu0.2) over (2.13.2+dfsg-1ubuntu0.1) ...
2026-10-10T10:12:57.5592638Z Selecting previously unselected package xfonts-encodings.
2026-10-10T10:12:57.5718911Z Preparing to unpack .../37-xfonts-encodings_1%3a1.0.5-0ubuntu2_all.deb ...
2026-10-10T10:12:57.5724769Z Unpacking xfonts-encodings (1:1.0.5-0ubuntu2) ...
2026-10-10T10:12:57.6006695Z Selecting previously unselected package xfonts-utils.
2026-10-10T10:12:57.6130243Z Preparing to unpack .../38-xfonts-utils_1%3a7.7+6build3_amd64.deb ...
2026-10-10T10:12:57.6137702Z Unpacking xfonts-utils (1:7.7+6build3) ...
2026-10-10T10:12:57.6448778Z Selecting previously unselected package xfonts-cyrillic.
2026-10-10T10:12:57.6572955Z Preparing to unpack .../39-xfonts-cyrillic_1%3a1.0.5+nmu1_all.deb ...
2026-10-10T10:12:57.6580199Z Unpacking xfonts-cyrillic (1:1.0.5+nmu1) ...
2026-10-10T10:12:57.6911034Z Selecting previously unselected package xfonts-scalable.
2026-10-10T10:12:57.7034511Z Preparing to unpack .../40-xfonts-scalable_1%3a1.0.3-1.3_all.deb ...
2026-10-10T10:12:57.7041893Z Unpacking xfonts-scalable (1:1.0.3-1.3) ...
2026-10-10T10:12:57.7531819Z Setting up libhwy1t64:amd64 (1.0.7-8.1build1) ...
2026-10-10T10:12:57.7551335Z Setting up libspeex1:amd64 (1.2.1-2ubuntu2.24.04.1) ...
2026-10-10T10:12:57.7567268Z Setting up libshine3:amd64 (3.1.1-2build1) ...
2026-10-10T10:12:57.7582918Z Setting up libvpl2 (2023.3.0-1build1) ...
2026-10-10T10:12:57.7600827Z Setting up libx264-164:amd64 (2:0.164.3108+git31e19f9-1) ...
2026-10-10T10:12:57.7616675Z Setting up libtwolame0:amd64 (0.4.0-2build3) ...
2026-10-10T10:12:57.7633008Z Setting up libgsm1:amd64 (1.0.22-1build1) ...
2026-10-10T10:12:57.7650565Z Setting up libsoxr0:amd64 (0.1.3-4build3) ...
2026-10-10T10:12:57.7667417Z Setting up libcodec2-1.2:amd64 (1.2.0-2build1) ...
2026-10-10T10:12:57.7685756Z Setting up fonts-wqy-zenhei (0.9.45-8) ...
2026-10-10T10:12:57.7795489Z Setting up fonts-freefont-ttf (20211204+svn4273-2) ...
2026-10-10T10:12:57.7812870Z Setting up libsvtav1enc1d1:amd64 (1.7.0+dfsg-2build1) ...
2026-10-10T10:12:57.7830991Z Setting up libxvidcore4:amd64 (2:1.3.7-1build1) ...
2026-10-10T10:12:57.7847414Z Setting up librav1e0:amd64 (0.7.1-2) ...
2026-10-10T10:12:57.7864486Z Setting up librsvg2-2:amd64 (2.58.0+dfsg-1ubuntu0.1) ...
2026-10-10T10:12:57.7881304Z Setting up fonts-tlwg-loma-otf (1:0.7.3-1) ...
2026-10-10T10:12:57.7898985Z Setting up libva2:amd64 (2.20.0-2ubuntu0.2) ...
2026-10-10T10:12:57.7917446Z Setting up libfreetype6:amd64 (2.13.2+dfsg-1ubuntu0.2) ...
2026-10-10T10:12:57.7933653Z Setting up xfonts-encodings (1:1.0.5-0ubuntu2) ...
2026-10-10T10:12:57.7951486Z Setting up libopus0:amd64 (1.4-1build1) ...
2026-10-10T10:12:57.7968186Z Setting up libjxl0.7:amd64 (0.7.0-10.2ubuntu6.1) ...
2026-10-10T10:12:57.7985574Z Setting up libx265-199:amd64 (3.5-2build1) ...
2026-10-10T10:12:57.8001992Z Setting up libvpx9:amd64 (1.14.0-1ubuntu2.3) ...
2026-10-10T10:12:57.8019093Z Setting up libdav1d7:amd64 (1.4.1-1build1) ...
2026-10-10T10:12:57.8036893Z Setting up libva-drm2:amd64 (2.20.0-2ubuntu0.2) ...
2026-10-10T10:12:57.8053236Z Setting up fonts-ipafont-gothic (00303-21ubuntu1) ...
2026-10-10T10:12:57.8127797Z update-alternatives: using /usr/share/fonts/opentype/ipafont-gothic/ipag.ttf to provide /usr/share/fonts/truetype/fonts-japanese-gothic.ttf (fonts-japanese-gothic.ttf) in auto mode
2026-10-10T10:12:57.8142845Z Setting up ocl-icd-libopencl1:amd64 (2.3.2-1build1) ...
2026-10-10T10:12:57.8159747Z Setting up libvdpau1:amd64 (1.5-2build1) ...
2026-10-10T10:12:57.8184224Z Setting up libtheora0:amd64 (1.1.1+dfsg.1-16.1build3) ...
2026-10-10T10:12:57.8201997Z Setting up libva-x11-2:amd64 (2.20.0-2ubuntu0.2) ...
2026-10-10T10:12:57.8218311Z Setting up libzvbi-common (0.2.42-2) ...
2026-10-10T10:12:57.8237391Z Setting up libmp3lame0:amd64 (3.100-6build1) ...
2026-10-10T10:12:57.8253795Z Setting up libvorbisenc2:amd64 (1.3.7-1build3) ...
2026-10-10T10:12:57.8270094Z Setting up fonts-unifont (1:15.1.01-1build1) ...
2026-10-10T10:12:57.8287562Z Setting up libzvbi0t64:amd64 (0.2.42-2) ...
2026-10-10T10:12:57.8305279Z Setting up libavutil58:amd64 (7:6.1.1-3ubuntu5) ...
2026-10-10T10:12:57.8322821Z Setting up xfonts-utils (1:7.7+6build3) ...
2026-10-10T10:12:57.8362624Z Setting up libswresample4:amd64 (7:6.1.1-3ubuntu5) ...
2026-10-10T10:12:57.8379785Z Setting up libavcodec60:amd64 (7:6.1.1-3ubuntu5) ...
2026-10-10T10:12:57.8397760Z Setting up xfonts-cyrillic (1:1.0.5+nmu1) ...
2026-10-10T10:12:57.8669757Z Setting up xfonts-scalable (1:1.0.3-1.3) ...
2026-10-10T10:12:57.8930383Z Processing triggers for libc-bin (2.39-0ubuntu8.9) ...
2026-10-10T10:12:57.9222884Z Processing triggers for man-db (2.12.0-4build2) ...
2026-10-10T10:12:57.9242358Z Not building database; man-db/auto-update is not 'true'.
2026-10-10T10:12:57.9253389Z Processing triggers for fontconfig (2.15.0-1.1ubuntu2) ...
2026-10-10T10:12:58.6045933Z 
2026-10-10T10:12:58.6046932Z Running kernel seems to be up-to-date.
2026-10-10T10:12:58.6047219Z 
2026-10-10T10:12:58.6047355Z Restarting services...
2026-10-10T10:12:58.6121968Z  systemctl restart php8.3-fpm.service
2026-10-10T10:12:58.7352914Z 
2026-10-10T10:12:58.7354582Z No containers need to be restarted.
2026-10-10T10:12:58.7355195Z 
2026-10-10T10:12:58.7376078Z No user sessions are running outdated binaries.
2026-10-10T10:12:58.7376503Z 
2026-10-10T10:12:58.7376940Z No VM guests are running outdated hypervisor (qemu) binaries on this host.
2026-10-10T10:12:59.6273643Z Downloading Chrome for Testing 153.0.8010.12 (playwright chromium v1243) from https://cdn.playwright.dev/builds/cft/153.0.8010.12/linux64/chrome-linux64.zip
2026-10-10T10:13:00.0180570Z |                                                                                |   0% of 186.8 MiB
2026-10-10T10:13:00.2161059Z |■■■■■■■■                                                                        |  10% of 186.8 MiB
2026-10-10T10:13:00.3066987Z |■■■■■■■■■■■■■■■■                                                                |  20% of 186.8 MiB
2026-10-10T10:13:00.4147408Z |■■■■■■■■■■■■■■■■■■■■■■■■                                                        |  30% of 186.8 MiB
2026-10-10T10:13:00.6180326Z |■■■■■■■■■■■■■■■■■■■■■■■■■■■■■■■■                                                |  40% of 186.8 MiB
2026-10-10T10:13:00.7121597Z |■■■■■■■■■■■■■■■■■■■■■■■■■■■■■■■■■■■■■■■■                                        |  50% of 186.8 MiB
2026-10-10T10:13:00.8008423Z |■■■■■■■■■■■■■■■■■■■■■■■■■■■■■■■■■■■■■■■■■■■■■■■■                                |  60% of 186.8 MiB
2026-10-10T10:13:00.8865413Z |■■■■■■■■■■■■■■■■■■■■■■■■■■■■■■■■■■■■■■■■■■■■■■■■■■■■■■■■                        |  70% of 186.8 MiB
2026-10-10T10:13:00.9790534Z |■■■■■■■■■■■■■■■■■■■■■■■■■■■■■■■■■■■■■■■■■■■■■■■■■■■■■■■■■■■■■■■■                |  80% of 186.8 MiB
2026-10-10T10:13:01.0773322Z |■■■■■■■■■■■■■■■■■■■■■■■■■■■■■■■■■■■■■■■■■■■■■■■■■■■■■■■■■■■■■■■■■■■■■■■■        |  90% of 186.8 MiB
2026-10-10T10:13:01.1773752Z |■■■■■■■■■■■■■■■■■■■■■■■■■■■■■■■■■■■■■■■■■■■■■■■■■■■■■■■■■■■■■■■■■■■■■■■■■■■■■■■■| 100% of 186.8 MiB
2026-10-10T10:13:04.3012785Z Chrome for Testing 153.0.8010.12 (playwright chromium v1243) downloaded to /home/runner/.cache/ms-playwright/chromium-1243
2026-10-10T10:13:04.3017084Z Downloading FFmpeg (playwright ffmpeg v1011) from https://cdn.playwright.dev/dbazure/download/playwright/builds/ffmpeg/1011/ffmpeg-linux.zip
2026-10-10T10:13:04.6584827Z |                                                                                |   0% of 2.3 MiB
2026-10-10T10:13:04.6631745Z |■■■■■■■■                                                                        |  10% of 2.3 MiB
2026-10-10T10:13:04.6766435Z |■■■■■■■■■■■■■■■■                                                                |  20% of 2.3 MiB
2026-10-10T10:13:04.6798490Z |■■■■■■■■■■■■■■■■■■■■■■■■                                                        |  30% of 2.3 MiB
2026-10-10T10:13:04.6822858Z |■■■■■■■■■■■■■■■■■■■■■■■■■■■■■■■■                                                |  40% of 2.3 MiB
2026-10-10T10:13:04.6840651Z |■■■■■■■■■■■■■■■■■■■■■■■■■■■■■■■■■■■■■■■■                                        |  50% of 2.3 MiB
2026-10-10T10:13:04.6860392Z |■■■■■■■■■■■■■■■■■■■■■■■■■■■■■■■■■■■■■■■■■■■■■■■■                                |  60% of 2.3 MiB
2026-10-10T10:13:04.6912719Z |■■■■■■■■■■■■■■■■■■■■■■■■■■■■■■■■■■■■■■■■■■■■■■■■■■■■■■■■                        |  70% of 2.3 MiB
2026-10-10T10:13:04.6939366Z |■■■■■■■■■■■■■■■■■■■■■■■■■■■■■■■■■■■■■■■■■■■■■■■■■■■■■■■■■■■■■■■■                |  80% of 2.3 MiB
2026-10-10T10:13:04.6968481Z |■■■■■■■■■■■■■■■■■■■■■■■■■■■■■■■■■■■■■■■■■■■■■■■■■■■■■■■■■■■■■■■■■■■■■■■■        |  90% of 2.3 MiB
2026-10-10T10:13:04.7016988Z |■■■■■■■■■■■■■■■■■■■■■■■■■■■■■■■■■■■■■■■■■■■■■■■■■■■■■■■■■■■■■■■■■■■■■■■■■■■■■■■■| 100% of 2.3 MiB
2026-10-10T10:13:04.7637851Z FFmpeg (playwright ffmpeg v1011) downloaded to /home/runner/.cache/ms-playwright/ffmpeg-1011
2026-10-10T10:13:04.7641524Z Downloading Chrome Headless Shell 153.0.8010.12 (playwright chromium-headless-shell v1243) from https://cdn.playwright.dev/builds/cft/153.0.8010.12/linux64/chrome-headless-shell-linux64.zip
2026-10-10T10:13:05.1882848Z |                                                                                |   0% of 114.3 MiB
2026-10-10T10:13:05.4803765Z |■■■■■■■■                                                                        |  10% of 114.3 MiB
2026-10-10T10:13:05.5640446Z |■■■■■■■■■■■■■■■■                                                                |  20% of 114.3 MiB
2026-10-10T10:13:05.6675306Z |■■■■■■■■■■■■■■■■■■■■■■■■                                                        |  30% of 114.3 MiB
2026-10-10T10:13:05.7443189Z |■■■■■■■■■■■■■■■■■■■■■■■■■■■■■■■■                                                |  40% of 114.3 MiB
2026-10-10T10:13:05.8094413Z |■■■■■■■■■■■■■■■■■■■■■■■■■■■■■■■■■■■■■■■■                                        |  50% of 114.3 MiB
2026-10-10T10:13:05.8941486Z |■■■■■■■■■■■■■■■■■■■■■■■■■■■■■■■■■■■■■■■■■■■■■■■■                                |  60% of 114.3 MiB
2026-10-10T10:13:05.9706583Z |■■■■■■■■■■■■■■■■■■■■■■■■■■■■■■■■■■■■■■■■■■■■■■■■■■■■■■■■                        |  70% of 114.3 MiB
2026-10-10T10:13:06.0493222Z |■■■■■■■■■■■■■■■■■■■■■■■■■■■■■■■■■■■■■■■■■■■■■■■■■■■■■■■■■■■■■■■■                |  80% of 114.3 MiB
2026-10-10T10:13:06.1175834Z |■■■■■■■■■■■■■■■■■■■■■■■■■■■■■■■■■■■■■■■■■■■■■■■■■■■■■■■■■■■■■■■■■■■■■■■■        |  90% of 114.3 MiB
2026-10-10T10:13:06.2248164Z |■■■■■■■■■■■■■■■■■■■■■■■■■■■■■■■■■■■■■■■■■■■■■■■■■■■■■■■■■■■■■■■■■■■■■■■■■■■■■■■■| 100% of 114.3 MiB
2026-10-10T10:13:08.4894832Z Chrome Headless Shell 153.0.8010.12 (playwright chromium-headless-shell v1243) downloaded to /home/runner/.cache/ms-playwright/chromium_headless_shell-1243
2026-10-10T10:13:08.4898304Z Downloading Firefox 155.0 (playwright firefox v1543) from https://cdn.playwright.dev/dbazure/download/playwright/builds/firefox/1543/firefox-ubuntu-24.04.zip
2026-10-10T10:13:08.8318554Z |                                                                                |   0% of 109.5 MiB
2026-10-10T10:13:08.9073804Z |■■■■■■■■                                                                        |  10% of 109.5 MiB
2026-10-10T10:13:08.9757783Z |■■■■■■■■■■■■■■■■                                                                |  20% of 109.5 MiB
2026-10-10T10:13:09.0249726Z |■■■■■■■■■■■■■■■■■■■■■■■■                                                        |  30% of 109.5 MiB
2026-10-10T10:13:09.0801007Z |■■■■■■■■■■■■■■■■■■■■■■■■■■■■■■■■                                                |  40% of 109.5 MiB
2026-10-10T10:13:09.1410982Z |■■■■■■■■■■■■■■■■■■■■■■■■■■■■■■■■■■■■■■■■                                        |  50% of 109.5 MiB
2026-10-10T10:13:09.1800150Z |■■■■■■■■■■■■■■■■■■■■■■■■■■■■■■■■■■■■■■■■■■■■■■■■                                |  60% of 109.5 MiB
2026-10-10T10:13:09.2150515Z |■■■■■■■■■■■■■■■■■■■■■■■■■■■■■■■■■■■■■■■■■■■■■■■■■■■■■■■■                        |  70% of 109.5 MiB
2026-10-10T10:13:09.2705441Z |■■■■■■■■■■■■■■■■■■■■■■■■■■■■■■■■■■■■■■■■■■■■■■■■■■■■■■■■■■■■■■■■                |  80% of 109.5 MiB
2026-10-10T10:13:09.3166116Z |■■■■■■■■■■■■■■■■■■■■■■■■■■■■■■■■■■■■■■■■■■■■■■■■■■■■■■■■■■■■■■■■■■■■■■■■        |  90% of 109.5 MiB
2026-10-10T10:13:09.3597541Z |■■■■■■■■■■■■■■■■■■■■■■■■■■■■■■■■■■■■■■■■■■■■■■■■■■■■■■■■■■■■■■■■■■■■■■■■■■■■■■■■| 100% of 109.5 MiB
2026-10-10T10:13:11.6312758Z Firefox 155.0 (playwright firefox v1543) downloaded to /home/runner/.cache/ms-playwright/firefox-1543
2026-10-10T10:13:11.7630745Z ##[group]Run npm run verify
2026-10-10T10:13:11.7631059Z [36;1mnpm run verify[0m
2026-10-10T10:13:11.7693050Z shell: /usr/bin/bash -e {0}
2026-10-10T10:13:11.7693321Z ##[endgroup]
2026-10-10T10:13:11.8748823Z 
2026-10-10T10:13:11.8749467Z > botsales-frontend@0.1.0 verify
2026-10-10T10:13:11.8750978Z > npm run generate:check && npm run test:source && npm run boundaries && npm run lint && npm run typecheck && npm run test:domain && npm test && npm run build && npm run test:layout && npm run test:visual-tokens && npm run test:ui-composition && npm run test:evidence
2026-10-10T10:13:11.8752022Z 
2026-10-10T10:13:11.9718769Z 
2026-10-10T10:13:11.9719389Z > botsales-frontend@0.1.0 generate:check
2026-10-10T10:13:11.9720054Z > node scripts/generate.mjs --check
2026-10-10T10:13:11.9720278Z 
2026-10-10T10:13:12.1558357Z {"status":"PASS","outputs":15,"schemas":346,"operations":245,"routes":61}
2026-10-10T10:13:12.2715378Z 
2026-10-10T10:13:12.2716146Z > botsales-frontend@0.1.0 test:source
2026-10-10T10:13:12.2717200Z > node scripts/check-source.mjs && node --test tests/source-checker.test.mjs
2026-10-10T10:13:12.2717807Z 
2026-10-10T10:13:12.8307311Z {
2026-10-10T10:13:12.8307827Z   "checkedAt": "2026-10-10T10:13:12.828Z",
2026-10-10T10:13:12.8308615Z   "scope": "Syntax, operation identifiers, route-source mapping, permissions and token adoption. NOT React typecheck, build or browser test.",
2026-10-10T10:13:12.8309253Z   "compiler": "5.9.2",
2026-10-10T10:13:12.8309549Z   "compilerSource": "project dependency",
2026-10-10T10:13:12.8309845Z   "files": 85,
2026-10-10T10:13:12.8310354Z   "operationCalls": 262,
2026-10-10T10:13:12.8310597Z   "routes": 61,
2026-10-10T10:13:12.8310802Z   "issues": [],
2026-10-10T10:13:12.8311002Z   "status": "PASS"
2026-10-10T10:13:12.8311209Z }
2026-10-10T10:13:13.3564838Z ✔ module path classification accepts Windows and POSIX spellings, but excludes app files (1.221556ms)
2026-10-10T10:13:13.3570654Z ✔ the source-checker CLI rejects a prohibited color literal in a module (212.971921ms)
2026-10-10T10:13:13.3577883Z ✔ the source-checker CLI accepts a token-based module and leaves app-level colors outside the rule (210.409585ms)
2026-10-10T10:13:13.3668484Z ℹ tests 3
2026-10-10T10:13:13.3668950Z ℹ suites 0
2026-10-10T10:13:13.3669298Z ℹ pass 3
2026-10-10T10:13:13.3669712Z ℹ fail 0
2026-10-10T10:13:13.3670115Z ℹ cancelled 0
2026-10-10T10:13:13.3671033Z ℹ skipped 0
2026-10-10T10:13:13.3671267Z ℹ todo 0
2026-10-10T10:13:13.3671533Z ℹ duration_ms 488.588083
2026-10-10T10:13:13.4713937Z 
2026-10-10T10:13:13.4714625Z > botsales-frontend@0.1.0 boundaries
2026-10-10T10:13:13.4715402Z > node scripts/check-boundaries.mjs
2026-10-10T10:13:13.4715652Z 
2026-10-10T10:13:16.2616991Z {
2026-10-10T10:13:16.2617475Z   "checkedAt": "2026-10-10T10:13:16.259Z",
2026-10-10T10:13:16.2618199Z   "scope": "AST imports resolve aliases/relative paths, module boundaries and cycles; parser diagnostics are errors",
2026-10-10T10:13:16.2618791Z   "files": 85,
2026-10-10T10:13:16.2619055Z   "imports": 722,
2026-10-10T10:13:16.2619937Z   "negativeFixtures": "Boundary fixtures: PASS 10/10 scenarios (allowed shared/public imports, alias, relative, app deep import, type-only, dynamic, unresolved, cycle, parser error).",
2026-10-10T10:13:16.2620755Z   "status": "PASS",
2026-10-10T10:13:16.2620981Z   "issues": []
2026-10-10T10:13:16.2621196Z }
2026-10-10T10:13:16.3822529Z 
2026-10-10T10:13:16.3823145Z > botsales-frontend@0.1.0 lint
2026-10-10T10:13:16.3823659Z > eslint apps/web/src --max-warnings 0
2026-10-10T10:13:16.3823894Z 
2026-10-10T10:13:19.9531262Z 
2026-10-10T10:13:19.9531849Z > botsales-frontend@0.1.0 typecheck
2026-10-10T10:13:19.9532395Z > tsc -p apps/web/tsconfig.json --noEmit
2026-10-10T10:13:19.9532629Z 
2026-10-10T10:13:27.5298252Z 
2026-10-10T10:13:27.5298835Z > botsales-frontend@0.1.0 test:domain
2026-10-10T10:13:27.5299281Z > node scripts/test-domain.mjs
2026-10-10T10:13:27.5299463Z 
2026-10-10T10:13:35.2242212Z {"status":"PASS","simulatorChecks":86,"networkChecks":31,"networkHandlers":245,"passed":117,"operations":100,"node":"v24.21.0","typescript":"5.9.2"}
2026-10-10T10:13:35.3751901Z 
2026-10-10T10:13:35.3752460Z > botsales-frontend@0.1.0 test
2026-10-10T10:13:35.3752942Z > vitest run --config apps/web/vitest.config.ts
2026-10-10T10:13:35.3753196Z 
2026-10-10T10:13:35.6679479Z 
2026-10-10T10:13:35.6681757Z [1m[30m[46m RUN [49m[39m[22m [36mv5.0.3 [39m[90m/home/runner/work/Bot-AI-Ban-hang-FB/Bot-AI-Ban-hang-FB/BotSalesAI_Frontend[39m
2026-10-10T10:13:35.6682647Z 
2026-10-10T10:13:38.0015268Z  [32m✓[39m apps/web/tests/api-client.test.tsx [2m([22m[2m25 tests[22m[2m)[22m[33m 945[2mms[22m[39m
2026-10-10T10:13:38.0017091Z    [32m✓[39m typed HTTP boundary [2m(25)[22m
2026-10-10T10:13:38.0018803Z      [33m[2m✓[22m[39m waits for command completion after HTTP 202 before resolving useCommand[33m 428[2mms[22m[39m
2026-10-10T10:13:38.0022065Z      [33m[2m✓[22m[39m keeps an accepted command unresolved when command status polling fails[33m 412[2mms[22m[39m
2026-10-10T10:13:39.4871071Z  [32m✓[39m apps/web/tests/purchase-delegation.test.ts [2m([22m[2m7 tests[22m[2m)[22m[32m 152[2mms[22m[39m
2026-10-10T10:13:40.1927356Z [90mstderr[2m | apps/web/tests/shared-ui-render-contract.test.tsx[2m > [22m[2mS10 shared component rendered-slot contract[2m > [22m[2mEditDialog guards custom actions and the Escape close path for dirty and busy states
2026-10-10T10:13:40.1956437Z [22m[39mAn update to ForwardRef(FormControl) inside a test was not wrapped in act(...).
2026-10-10T10:13:40.1959423Z 
2026-10-10T10:13:40.1960609Z When testing, code that causes React state updates should be wrapped into act(...):
2026-10-10T10:13:40.1961758Z 
2026-10-10T10:13:40.1962133Z act(() => {
2026-10-10T10:13:40.1962569Z   /* fire events that update state */
2026-10-10T10:13:40.1963125Z });
2026-10-10T10:13:40.1963515Z /* assert on the output */
2026-10-10T10:13:40.1963831Z 
2026-10-10T10:13:40.1965209Z This ensures that you're testing the behavior the user would see in the browser. Learn more at https://react.dev/link/wrap-tests-with-act
2026-10-10T10:13:40.1966733Z An update to ForwardRef(FormControl) inside a test was not wrapped in act(...).
2026-10-10T10:13:40.1967081Z 
2026-10-10T10:13:40.1967416Z When testing, code that causes React state updates should be wrapped into act(...):
2026-10-10T10:13:40.1967748Z 
2026-10-10T10:13:40.1967862Z act(() => {
2026-10-10T10:13:40.1968110Z   /* fire events that update state */
2026-10-10T10:13:40.1968383Z });
2026-10-10T10:13:40.1968601Z /* assert on the output */
2026-10-10T10:13:40.1968760Z 
2026-10-10T10:13:40.1969317Z This ensures that you're testing the behavior the user would see in the browser. Learn more at https://react.dev/link/wrap-tests-with-act
2026-10-10T10:13:40.1969835Z 
2026-10-10T10:13:40.1971203Z [90mstderr[2m | apps/web/tests/shared-ui-render-contract.test.tsx[2m > [22m[2mS10 shared component rendered-slot contract[2m > [22m[2mEditDialog guards custom actions and the Escape close path for dirty and busy states
2026-10-10T10:13:40.1978837Z [22m[39mA component suspended inside an `act` scope, but the `act` call was not awaited. When testing React components that depend on asynchronous data, you must await the result:
2026-10-10T10:13:40.1979922Z 
2026-10-10T10:13:40.1980117Z await act(() => ...)
2026-10-10T10:13:40.1980355Z 
2026-10-10T10:13:40.5646363Z  [32m✓[39m apps/web/tests/privacy-consent.test.ts [2m([22m[2m6 tests[22m[2m)[22m[32m 144[2mms[22m[39m
2026-10-10T10:13:40.8127834Z [90mstderr[2m | apps/web/tests/shared-ui-render-contract.test.tsx[2m > [22m[2mS10 shared component rendered-slot contract[2m > [22m[2mEditDialog guards custom actions and the backdrop close path for dirty and busy states
2026-10-10T10:13:40.8177347Z [22m[39mAn update to ForwardRef(FormControl) inside a test was not wrapped in act(...).
2026-10-10T10:13:40.8205458Z 
2026-10-10T10:13:40.8211974Z When testing, code that causes React state updates should be wrapped into act(...):
2026-10-10T10:13:40.8235538Z 
2026-10-10T10:13:40.8286528Z act(() => {
2026-10-10T10:13:40.8316130Z   /* fire events that update state */
2026-10-10T10:13:40.8345708Z });
2026-10-10T10:13:40.8346447Z /* assert on the output */
2026-10-10T10:13:40.8375525Z 
2026-10-10T10:13:40.8399304Z This ensures that you're testing the behavior the user would see in the browser. Learn more at https://react.dev/link/wrap-tests-with-act
2026-10-10T10:13:40.8436433Z An update to ForwardRef(FormControl) inside a test was not wrapped in act(...).
2026-10-10T10:13:40.8437592Z 
2026-10-10T10:13:40.8466437Z When testing, code that causes React state updates should be wrapped into act(...):
2026-10-10T10:13:40.8499159Z 
2026-10-10T10:13:40.8525910Z act(() => {
2026-10-10T10:13:40.8563215Z   /* fire events that update state */
2026-10-10T10:13:40.8595938Z });
2026-10-10T10:13:40.8625748Z /* assert on the output */
2026-10-10T10:13:40.8626310Z 
2026-10-10T10:13:40.8667383Z This ensures that you're testing the behavior the user would see in the browser. Learn more at https://react.dev/link/wrap-tests-with-act
2026-10-10T10:13:40.8720154Z 
2026-10-10T10:13:41.9436614Z  [32m✓[39m apps/web/tests/command-lifetime.test.tsx [2m([22m[2m11 tests[22m[2m)[22m[32m 170[2mms[22m[39m
2026-10-10T10:13:43.5987195Z  [32m✓[39m apps/web/tests/media-inbox.test.ts [2m([22m[2m6 tests[22m[2m)[22m[32m 200[2mms[22m[39m
2026-10-10T10:13:43.9105962Z  [32m✓[39m apps/web/tests/shared-ui-render-contract.test.tsx [2m([22m[2m54 tests[22m[2m)[22m[33m 6384[2mms[22m[39m
2026-10-10T10:13:43.9121445Z    [32m✓[39m S10 shared component rendered-slot contract [2m(30)[22m
2026-10-10T10:13:43.9123637Z      [33m[2m✓[22m[39m DraftConflict requires a two-sided choice, excludes hidden data, and applies only to the draft[33m 715[2mms[22m[39m
2026-10-10T10:13:43.9125756Z      [33m[2m✓[22m[39m EditDialog guards custom actions and the footer close path for dirty and busy states[33m 555[2mms[22m[39m
2026-10-10T10:13:43.9127537Z      [33m[2m✓[22m[39m EditDialog guards custom actions and the icon close path for dirty and busy states[33m 471[2mms[22m[39m
2026-10-10T10:13:43.9129290Z      [33m[2m✓[22m[39m EditDialog guards custom actions and the Escape close path for dirty and busy states[33m 511[2mms[22m[39m
2026-10-10T10:13:43.9131056Z      [33m[2m✓[22m[39m EditDialog guards custom actions and the backdrop close path for dirty and busy states[33m 640[2mms[22m[39m
2026-10-10T10:13:43.9137356Z      [33m[2m✓[22m[39m EditDialog clears stale controls from its baseline after a successful save removes the form[33m 302[2mms[22m[39m
2026-10-10T10:13:43.9139102Z      [33m[2m✓[22m[39m ConfirmDialog validates the reason and keeps a rejected action visible[33m 1608[2mms[22m[39m
2026-10-10T10:13:45.9878750Z  [32m✓[39m apps/web/tests/scope-events.test.tsx [2m([22m[2m18 tests[22m[2m)[22m[32m 113[2mms[22m[39m
2026-10-10T10:13:46.8911640Z  [32m✓[39m apps/web/tests/versioned-draft.test.tsx [2m([22m[2m7 tests[22m[2m)[22m[32m 48[2mms[22m[39m
2026-10-10T10:13:47.2824342Z  [32m✓[39m apps/web/tests/states/fe023-state.test.tsx [2m([22m[2m12 tests[22m[2m)[22m[33m 1842[2mms[22m[39m
2026-10-10T10:13:47.2850133Z    [32m✓[39m FE023 shared state and form behavior [2m(12)[22m
2026-10-10T10:13:47.2866810Z      [33m[2m✓[22m[39m asks before closing a dialog with a dirty field and keeps the field until discard is chosen[33m 1257[2mms[22m[39m
2026-10-10T10:13:47.6540226Z  [32m✓[39m apps/web/tests/fe021-source-map.test.ts [2m([22m[2m3 tests[22m[2m)[22m[32m 14[2mms[22m[39m
2026-10-10T10:13:48.1437661Z  [32m✓[39m apps/web/tests/marketing-report.test.ts [2m([22m[2m11 tests[22m[2m)[22m[32m 64[2mms[22m[39m
2026-10-10T10:13:48.8863325Z [BABEL] Note: The code generator has deoptimised the styling of /tmp/botsales-vite-cache/2fbc71299afedf720605/direct-vite/3983/deps/react-dom_client.js?v=61cff3e1 as it exceeds the max of 500KB.
2026-10-10T10:13:48.9007728Z  [32m✓[39m apps/web/tests/components.test.tsx [2m([22m[2m25 tests[22m[2m)[22m[33m 11366[2mms[22m[39m
2026-10-10T10:13:48.9056528Z    [32m✓[39m Accessible shared presentation [2m(19)[22m
2026-10-10T10:13:48.9146642Z      [33m[2m✓[22m[39m clears search, cursor, and returns focus while preserving other filters[33m 392[2mms[22m[39m
2026-10-10T10:13:48.9198365Z      [33m[2m✓[22m[39m associates form errors with the visible label and returns focus after dialog close[33m 327[2mms[22m[39m
2026-10-10T10:13:48.9217165Z      [33m[2m✓[22m[39m reflows the real mock application from 320px to 1440px and passes browser axe[33m 9302[2mms[22m[39m
2026-10-10T10:13:49.0010983Z  [32m✓[39m apps/web/tests/timezone.test.ts [2m([22m[2m10 tests[22m[2m)[22m[32m 30[2mms[22m[39m
2026-10-10T10:13:49.9313742Z  [32m✓[39m apps/web/tests/format.test.ts [2m([22m[2m12 tests[22m[2m)[22m[32m 37[2mms[22m[39m
2026-10-10T10:13:49.9477569Z  [32m✓[39m apps/web/tests/confirmation.test.tsx [2m([22m[2m4 tests[22m[2m)[22m[33m 761[2mms[22m[39m
2026-10-10T10:13:49.9513672Z    [32m✓[39m UX03 shared confirmation [2m(4)[22m
2026-10-10T10:13:49.9536552Z      [33m[2m✓[22m[39m keeps compatible default and supports an explicit business verb[33m 307[2mms[22m[39m
2026-10-10T10:13:50.7726267Z  [32m✓[39m apps/web/tests/report-utils.test.ts [2m([22m[2m6 tests[22m[2m)[22m[32m 25[2mms[22m[39m
2026-10-10T10:13:50.7927356Z  [32m✓[39m apps/web/tests/domain-labels.test.ts [2m([22m[2m3 tests[22m[2m)[22m[32m 31[2mms[22m[39m
2026-10-10T10:13:51.0297103Z  [32m✓[39m apps/web/tests/composition.test.tsx [2m([22m[2m3 tests[22m[2m)[22m[33m 427[2mms[22m[39m
2026-10-10T10:13:51.4978235Z  [32m✓[39m apps/web/tests/catalog-import-file.test.ts [2m([22m[2m5 tests[22m[2m)[22m[32m 6[2mms[22m[39m
2026-10-10T10:13:51.5852475Z  [32m✓[39m apps/web/tests/push-capabilities.test.ts [2m([22m[2m2 tests[22m[2m)[22m[32m 5[2mms[22m[39m
2026-10-10T10:13:52.3035747Z  [32m✓[39m apps/web/tests/list-return.test.ts [2m([22m[2m3 tests[22m[2m)[22m[32m 7[2mms[22m[39m
2026-10-10T10:13:52.3639175Z  [32m✓[39m apps/web/tests/route-metadata.test.ts [2m([22m[2m2 tests[22m[2m)[22m[32m 45[2mms[22m[39m
2026-10-10T10:13:52.6557165Z  [32m✓[39m apps/web/tests/dashboard-labels.test.ts [2m([22m[2m3 tests[22m[2m)[22m[32m 4[2mms[22m[39m
2026-10-10T10:13:52.6594147Z 
2026-10-10T10:13:52.6603359Z [2m Test Files [22m [1m[32m23 passed[39m[22m[90m (23)[39m
2026-10-10T10:13:52.6604268Z [2m      Tests [22m [1m[32m238 passed[39m[22m[90m (238)[39m
2026-10-10T10:13:52.6604933Z [2m   Start at [22m 10:13:35
2026-10-10T10:13:52.6609078Z [2m   Duration [22m 16.98s[2m (tests 49%, environment 26%, import 17%, setup 5%, transform 4%)[22m
2026-10-10T10:13:52.6616421Z 
2026-10-10T10:13:52.6618441Z [2mEnvironment [22m [33mjsdom was created 23 times[39m[2m · 11.99s total, 26% of tracked time[22m
2026-10-10T10:13:52.6619795Z [2m            [22m [2mcreate it once per worker with [22m[33mpool: 'vmThreads'[39m[2m (keeps per-file isolation) or [22m[33misolate: false[39m[2m (shares it across files)[22m
2026-10-10T10:13:52.6620918Z [2m            [22m [2mlearn more: https://vitest.dev/guide/improving-performance#test-environments[22m
2026-10-10T10:13:52.6621586Z 
2026-10-10T10:13:52.8079498Z 
2026-10-10T10:13:52.8080160Z > botsales-frontend@0.1.0 build
2026-10-10T10:13:52.8080849Z > npm run generate:check && npm run typecheck && npm run build --workspace @botsales/web
2026-10-10T10:13:52.8081242Z 
2026-10-10T10:13:52.9116894Z 
2026-10-10T10:13:52.9117658Z > botsales-frontend@0.1.0 generate:check
2026-10-10T10:13:52.9118481Z > node scripts/generate.mjs --check
2026-10-10T10:13:52.9118841Z 
2026-10-10T10:13:53.0876644Z {"status":"PASS","outputs":15,"schemas":346,"operations":245,"routes":61}
2026-10-10T10:13:53.2004079Z 
2026-10-10T10:13:53.2004735Z > botsales-frontend@0.1.0 typecheck
2026-10-10T10:13:53.2005636Z > tsc -p apps/web/tsconfig.json --noEmit
2026-10-10T10:13:53.2005998Z 
2026-10-10T10:14:00.7347209Z 
2026-10-10T10:14:00.7348094Z > @botsales/web@0.1.0 build
2026-10-10T10:14:00.7348598Z > vite build --mode production
2026-10-10T10:14:00.7348801Z 
2026-10-10T10:14:00.9333924Z [36mvite v7.3.6 [32mbuilding client environment for production...[36m[39m
2026-10-10T10:14:01.0152947Z transforming...
2026-10-10T10:14:06.5967421Z [32m✓[39m 2077 modules transformed.
2026-10-10T10:14:07.1366159Z rendering chunks...
2026-10-10T10:14:07.3949446Z computing gzip size...
2026-10-10T10:14:07.4195545Z [2mdist/[22m[32mindex.html                            [39m[1m[2m  1.23 kB[22m[1m[22m[2m │ gzip:   0.61 kB[22m
2026-10-10T10:14:07.4198772Z [2mdist/[22m[2massets/[22m[35mindex-BQPx7lJM.css             [39m[1m[2m  3.56 kB[22m[1m[22m[2m │ gzip:   1.33 kB[22m
2026-10-10T10:14:07.4200645Z [2mdist/[22m[2massets/[22m[36mdownload-8lJFmiSZ.js           [39m[1m[2m  0.23 kB[22m[1m[22m[2m │ gzip:   0.17 kB[22m
2026-10-10T10:14:07.4202537Z [2mdist/[22m[2massets/[22m[36mfilters-CM07jGKE.js            [39m[1m[2m  0.32 kB[22m[1m[22m[2m │ gzip:   0.25 kB[22m
2026-10-10T10:14:07.4204090Z [2mdist/[22m[2massets/[22m[36mhooks-L2nh8X7I.js              [39m[1m[2m  4.59 kB[22m[1m[22m[2m │ gzip:   2.15 kB[22m
2026-10-10T10:14:07.4205342Z [2mdist/[22m[2massets/[22m[36mdraft-conflict-CQUoJQ4o.js     [39m[1m[2m  5.37 kB[22m[1m[22m[2m │ gzip:   2.49 kB[22m
2026-10-10T10:14:07.4206350Z [2mdist/[22m[2massets/[22m[36mindex-mquMxiPF.js              [39m[1m[2m  8.25 kB[22m[1m[22m[2m │ gzip:   3.27 kB[22m
2026-10-10T10:14:07.4207543Z [2mdist/[22m[2massets/[22m[36mindex-CiWOs-TV.js              [39m[1m[2m  9.42 kB[22m[1m[22m[2m │ gzip:   3.73 kB[22m
2026-10-10T10:14:07.4208901Z [2mdist/[22m[2massets/[22m[36mindex-DQGrQuEv.js              [39m[1m[2m 13.14 kB[22m[1m[22m[2m │ gzip:   5.19 kB[22m
2026-10-10T10:14:07.4210537Z [2mdist/[22m[2massets/[22m[36mindex-OVGPogNo.js              [39m[1m[2m 15.39 kB[22m[1m[22m[2m │ gzip:   5.90 kB[22m
2026-10-10T10:14:07.4211515Z [2mdist/[22m[2massets/[22m[36mindex-Bd9mcE3C.js              [39m[1m[2m 16.98 kB[22m[1m[22m[2m │ gzip:   5.58 kB[22m
2026-10-10T10:14:07.4212452Z [2mdist/[22m[2massets/[22m[36mindex-Bg61UgeK.js              [39m[1m[2m 16.99 kB[22m[1m[22m[2m │ gzip:   5.81 kB[22m
2026-10-10T10:14:07.4213367Z [2mdist/[22m[2massets/[22m[36mindex-PCRh2M1X.js              [39m[1m[2m 18.85 kB[22m[1m[22m[2m │ gzip:   6.33 kB[22m
2026-10-10T10:14:07.4214286Z [2mdist/[22m[2massets/[22m[36mindex-BUtDDvPf.js              [39m[1m[2m 19.08 kB[22m[1m[22m[2m │ gzip:   7.02 kB[22m
2026-10-10T10:14:07.4215684Z [2mdist/[22m[2massets/[22m[36mindex-CvmCKMdV.js              [39m[1m[2m 20.90 kB[22m[1m[22m[2m │ gzip:   6.92 kB[22m
2026-10-10T10:14:07.4217342Z [2mdist/[22m[2massets/[22m[36mindex-Dzt3sNfY.js              [39m[1m[2m 21.23 kB[22m[1m[22m[2m │ gzip:   7.65 kB[22m
2026-10-10T10:14:07.4218956Z [2mdist/[22m[2massets/[22m[36mindex-RfTtRmBG.js              [39m[1m[2m 24.80 kB[22m[1m[22m[2m │ gzip:   8.25 kB[22m
2026-10-10T10:14:07.4220559Z [2mdist/[22m[2massets/[22m[36mindex-DWs4xu4k.js              [39m[1m[2m 25.06 kB[22m[1m[22m[2m │ gzip:   8.46 kB[22m
2026-10-10T10:14:07.4222173Z [2mdist/[22m[2massets/[22m[36mindex-BSXDucyP.js              [39m[1m[2m 30.93 kB[22m[1m[22m[2m │ gzip:   9.93 kB[22m
2026-10-10T10:14:07.4223867Z [2mdist/[22m[2massets/[22m[36mindex-DattA6PL.js              [39m[1m[2m 32.48 kB[22m[1m[22m[2m │ gzip:  10.82 kB[22m
2026-10-10T10:14:07.4225777Z [2mdist/[22m[2massets/[22m[36mquery-Df7VyXaF.js              [39m[1m[2m 33.15 kB[22m[1m[22m[2m │ gzip:   9.92 kB[22m
2026-10-10T10:14:07.4227474Z [2mdist/[22m[2massets/[22m[36mindex-WDyY7fx-.js              [39m[1m[2m 42.03 kB[22m[1m[22m[2m │ gzip:  11.49 kB[22m
2026-10-10T10:14:07.4229375Z [2mdist/[22m[2massets/[22m[36mi18n-D4N_7Z3Q.js               [39m[1m[2m 46.14 kB[22m[1m[22m[2m │ gzip:  15.12 kB[22m
2026-10-10T10:14:07.4230951Z [2mdist/[22m[2massets/[22m[36mindex-BeRebE9w.js              [39m[1m[2m 64.28 kB[22m[1m[22m[2m │ gzip:  17.67 kB[22m
2026-10-10T10:14:07.4232544Z [2mdist/[22m[2massets/[22m[36mschemas-CoWCwirf.js            [39m[1m[2m 85.75 kB[22m[1m[22m[2m │ gzip:  25.72 kB[22m
2026-10-10T10:14:07.4234262Z [2mdist/[22m[2massets/[22m[36mindex-DgXyZ4_1.js              [39m[1m[2m100.89 kB[22m[1m[22m[2m │ gzip:  32.02 kB[22m
2026-10-10T10:14:07.4236303Z [2mdist/[22m[2massets/[22m[36mschema-validation-B78jEm7B.js  [39m[1m[2m149.80 kB[22m[1m[22m[2m │ gzip:  45.12 kB[22m
2026-10-10T10:14:07.4238131Z [2mdist/[22m[2massets/[22m[36mreact-runtime-gLMyUIL2.js      [39m[1m[2m279.79 kB[22m[1m[22m[2m │ gzip:  90.28 kB[22m
2026-10-10T10:14:07.4239868Z [2mdist/[22m[2massets/[22m[36mcharts-BwhaRlrs.js             [39m[1m[2m320.23 kB[22m[1m[22m[2m │ gzip:  96.79 kB[22m
2026-10-10T10:14:07.4241573Z [2mdist/[22m[2massets/[22m[36mmui-CJj7QyVx.js                [39m[1m[2m328.77 kB[22m[1m[22m[2m │ gzip: 100.20 kB[22m
2026-10-10T10:14:07.4243338Z [2mdist/[22m[2massets/[22m[36mcontract-data-BRT-TOMX.js      [39m[1m[2m368.62 kB[22m[1m[22m[2m │ gzip:  42.83 kB[22m
2026-10-10T10:14:07.4244380Z [32m✓ built in 6.46s[39m
2026-10-10T10:14:07.6202007Z 
2026-10-10T10:14:07.6202715Z > botsales-frontend@0.1.0 test:layout
2026-10-10T10:14:07.6203971Z > node --test tests/layout-checker.test.mjs tests/ui-layout-binding-gates.test.mjs && node scripts/check-layout.mjs
2026-10-10T10:14:07.6204794Z 
2026-10-10T10:14:57.7447139Z ✔ CSS label gap accepts the canonical direct pixel constructor and its exact owner/property (2224.345584ms)
2026-10-10T10:14:57.7448584Z ✔ CSS label gap cannot be used as an unrelated spacing property (2268.665723ms)
2026-10-10T10:14:57.7449726Z ✔ CSS label gap rejects a raw pixel constructor argument (2283.239517ms)
2026-10-10T10:14:57.7450853Z ✔ CSS label gap cannot impersonate a role from another owner (2239.892378ms)
2026-10-10T10:14:57.7452333Z ✔ accepts semantic bridge roles, the closed token-derived factor map, geometry, and reset values (2250.178274ms)
2026-10-10T10:14:57.7453731Z ✔ rejects a CSS spacing role without a declared shared owner (2210.862019ms)
2026-10-10T10:14:57.7455686Z ✔ rejects scale-conforming and off-scale literals in sx, responsive leaves, named and namespace MUI System props (2335.92233ms)
2026-10-10T10:14:57.7457627Z ✔ follows local aliases and style callbacks; rejects theme spacing helpers and preset overrides (2254.880082ms)
2026-10-10T10:14:57.7472418Z ✔ scans nested slotProps but does not confuse event handlers or geometric dimensions with spacing (2245.64481ms)
2026-10-10T10:14:57.7474776Z ✔ keeps Panel geometry inspectable and rejects spacing hidden in its geometry prop (6764.441261ms)
2026-10-10T10:14:57.7476934Z ✔ accepts only an exact CSS exception and reports stale or mismatched exception scope (6801.74218ms)
2026-10-10T10:14:57.7479015Z ✔ rejects malformed TypeScript, malformed CSS, bad exception schema, and raw values in the bridge (9233.983116ms)
2026-10-10T10:14:57.7480920Z ✔ rejects canonical pixel tokens used as MUI factors and an altered bridge factor table (4542.129695ms)
2026-10-10T10:14:57.7482583Z ✔ report mode inventories migration debt without turning findings into PASS (2366.764093ms)
2026-10-10T10:17:18.7952399Z ✔ canonical writes through casts and aliases fail outside style expressions (2361.27839ms)
2026-10-10T10:17:18.7956855Z ✔ Object.assign cannot mutate canonical data but can copy to a fresh object (4821.157292ms)
2026-10-10T10:17:18.7958601Z ✔ layout gate rejects raw spacing on const alias of MUI component (2375.042386ms)
2026-10-10T10:17:18.7960348Z ✔ canonical mutation gate follows global mutator aliases and reflection (2381.077272ms)
2026-10-10T10:17:18.7962456Z ✔ local mutator names do not acquire global mutation identity (2358.066538ms)
2026-10-10T10:17:18.7965883Z ✔ destructured mutators and call/apply retain canonical mutation checks (2401.04724ms)
2026-10-10T10:17:18.7967431Z ✔ global mutator call/apply can copy canonical values into fresh objects (2356.419595ms)
2026-10-10T10:17:18.7976865Z ✔ mutable aliases with possible canonical destinations fail closed (2359.163167ms)
2026-10-10T10:17:18.7978408Z ✔ opaque apply arguments fail closed while unrelated mutable data stays valid (4837.818668ms)
2026-10-10T10:17:18.7980675Z ✔ canonical references inside containers and destructured aliases cannot be mutated (2403.226315ms)
2026-10-10T10:17:18.7985310Z ✔ independent shallow copies of scalar canonical fields remain mutable (2392.279083ms)
2026-10-10T10:17:18.7992052Z ✔ array references and nested destructuring preserve canonical write provenance (2407.349409ms)
2026-10-10T10:17:18.7999764Z ✔ array destinations distinguish independent elements from canonical references (2373.793728ms)
2026-10-10T10:17:18.8001823Z ✔ array destructuring, dynamic indices and spread cannot hide canonical references (2485.543084ms)
2026-10-10T10:17:18.8003750Z ✔ dynamic indices and destructuring of independent arrays stay mutable (2405.61043ms)
2026-10-10T10:17:18.8005949Z ✔ function parameters cannot hide canonical mutation across source files (2432.513454ms)
2026-10-10T10:17:18.8014944Z ✔ read-only helpers and mutations of unrelated arguments remain valid (2407.620609ms)
2026-10-10T10:17:18.8017006Z ✔ returned canonical references remain protected across helper boundaries (2428.221512ms)
2026-10-10T10:17:18.8018875Z ✔ helper returns of fresh scalar copies do not retain canonical destination identity (2333.032532ms)
2026-10-10T10:17:18.8020634Z ✔ destructured object parameters cannot mutate canonical arguments (1801.910885ms)
2026-10-10T10:17:18.8022668Z ✔ destructured object parameters retain independent argument mutability (1805.853685ms)
2026-10-10T10:17:18.8024425Z ✔ default parameter and binding initializers cannot hide canonical mutations (1822.183823ms)
2026-10-10T10:17:18.8026363Z ✔ fresh default parameter and binding copies remain mutable (1803.88452ms)
2026-10-10T10:17:18.8027917Z ✔ rest parameters retain canonical argument write provenance (1825.218488ms)
2026-10-10T10:17:18.8029609Z ✔ rest parameters distinguish independent positions from canonical siblings (1808.179282ms)
2026-10-10T10:17:18.8031382Z ✔ finite spread arguments preserve shifted positional and rest destinations (1821.937452ms)
2026-10-10T10:17:18.8033089Z ✔ finite spread expansion keeps independent argument positions mutable (1794.93691ms)
2026-10-10T10:17:18.8034780Z ✔ opaque spreads keep positional mutation destinations unknown (1783.758296ms)
2026-10-10T10:17:18.8036682Z ✔ opaque spreads into read-only helpers do not invent mutation findings (1801.601885ms)
2026-10-10T10:17:18.8038518Z ✔ array parameter patterns retain canonical positions including nested object arrays (1804.598383ms)
2026-10-10T10:17:18.8040282Z ✔ array parameter patterns retain independent bound element mutability (1796.11464ms)
2026-10-10T10:17:18.8041882Z ✔ layout gate rejects parameter shadow of canonical layout name (1802.141187ms)
2026-10-10T10:17:18.8043348Z ✔ layout gate follows genuine renamed styled factory (1784.807095ms)
2026-10-10T10:17:18.8044962Z ✔ layout gate accepts canonical namespace, element access and barrel alias (1808.692921ms)
2026-10-10T10:17:18.8047050Z ✔ layout gate does not mistake local component named Stack for MUI (1770.247574ms)
2026-10-10T10:17:18.8048540Z ✔ layout gate inspects renamed installed Emotion css tag (1763.585068ms)
2026-10-10T10:17:18.8050112Z ✔ layout gate preserves genuine aliased Controller field forwarding (1775.710732ms)
2026-10-10T10:17:18.8053123Z ✔ a same-named local Controller cannot exempt an unknown prop spread (1760.143484ms)
2026-10-10T10:17:18.8055261Z ✔ genuine useForm registration survives property and destructured aliases (1759.161669ms)
2026-10-10T10:17:18.8056976Z ✔ a function named register cannot exempt injected style props (1758.976074ms)
2026-10-10T10:17:18.8058644Z ✔ a bridge callback parameter cannot impersonate its private factor binding (1769.442428ms)
2026-10-10T10:17:18.8059865Z ✔ opaque namespace component selection remains a strict binding failure (1761.636652ms)
2026-10-10T10:17:18.8060738Z ✔ opaque namespace factory cannot hide style arguments (1758.643741ms)
2026-10-10T10:17:18.8061691Z ✔ MUI re-export cannot hide raw spacing behind a first-party barrel (1788.0777ms)
2026-10-10T10:17:18.8075417Z ✔ destructuring assignments cannot hide canonical write targets (1762.187674ms)
2026-10-10T10:17:18.8078009Z ✔ destructuring assignments can update independent copied destinations (1761.736666ms)
2026-10-10T10:17:18.8106440Z ✔ object rest retains nested canonical references while copying the outer object (1770.533498ms)
2026-10-10T10:17:18.8126639Z ✔ rest scalar copies and replacement of container references stay mutable (1776.092083ms)
2026-10-10T10:17:18.8148901Z ✔ shallow object spread preserves canonical child references and last-writer order (1789.240624ms)
2026-10-10T10:17:18.8150713Z ✔ shallow spread with a later independent override stays mutable (1765.380792ms)
2026-10-10T10:17:18.8151666Z ✔ exported mutable aliases retain assignments from their declaring file (1794.096017ms)
2026-10-10T10:17:18.8152452Z ✔ exported independent mutable data does not acquire canonical provenance (1746.530178ms)
2026-10-10T10:17:18.8153227Z ✔ literal computed keys retain canonical container and parameter provenance (1756.507874ms)
2026-10-10T10:17:18.8153966Z ✔ literal computed keys do not taint independent selected properties (1766.330733ms)
2026-10-10T10:17:18.8154697Z ✔ Object.assign shallow copies retain canonical nested reference provenance (1759.089903ms)
2026-10-10T10:17:18.8155940Z ✔ Object.assign later independent overrides and scalar copies stay mutable (1804.004384ms)
2026-10-10T10:17:18.8156714Z ✔ union and dynamic property selections retain possible canonical destinations (1753.803822ms)
2026-10-10T10:17:18.8157498Z ✔ finite union property selections exclude canonical siblings not in the key set (1794.15082ms)
2026-10-10T10:17:18.8158288Z ✔ union selection over Object.assign output retains canonical child provenance (1777.42352ms)
2026-10-10T10:17:18.8159034Z ✔ union selection over independent Object.assign output remains mutable (1769.090555ms)
2026-10-10T10:17:18.8159811Z ✔ Reflect.set call/apply checks the target argument rather than the assigned value (5378.850438ms)
2026-10-10T10:17:18.8160564Z ✔ aliased React createElement checks MUI and native style objects (1758.230907ms)
2026-10-10T10:17:18.8161280Z ✔ GlobalStyles.styles is checked and local createElement names stay local (3549.652108ms)
2026-10-10T10:17:18.8161997Z ✔ React JSX runtime factories cannot bypass MUI or native style checks (1761.324906ms)
2026-10-10T10:17:18.8162762Z ✔ React cloneElement checks the cloned MUI element and preserves native props (7173.077107ms)
2026-10-10T10:17:18.8163725Z ✔ Emotion css props and object factories are inspected with native CSS semantics (5360.109927ms)
2026-10-10T10:17:18.8165562Z ✔ Inline style elements in JSX, React factories, DOM and the HTML entry fail closed (14170.994641ms)
2026-10-10T10:17:18.8167123Z ✔ DOM CSSOM spacing writes use semantic roles and reject opaque style strings (3568.922299ms)
2026-10-10T10:17:18.8168745Z ✔ HTML parsing and runtime stylesheet mutation cannot bypass the imported CSS boundary (3636.881328ms)
2026-10-10T10:17:18.8170453Z ✔ spacing shorthand values and responsive breakpoints preserve token and unit provenance (17788.023702ms)
2026-10-10T10:17:18.8172073Z ✔ function return producers cannot hide canonical children behind spreads (1756.230832ms)
2026-10-10T10:17:18.8173408Z ✔ producer spreads keep later independent child overrides writable (1768.384289ms)
2026-10-10T10:17:18.8249565Z ℹ tests 86
2026-10-10T10:17:18.8250128Z ℹ suites 0
2026-10-10T10:17:18.8250642Z ℹ pass 86
2026-10-10T10:17:18.8251110Z ℹ fail 0
2026-10-10T10:17:18.8251664Z ℹ cancelled 0
2026-10-10T10:17:18.8252072Z ℹ skipped 0
2026-10-10T10:17:18.8252445Z ℹ todo 0
2026-10-10T10:17:18.8252793Z ℹ duration_ms 191170.884039
2026-10-10T10:17:27.0339407Z layout-check PASS: 93 source files, 0 finding(s), 1 exception(s) used
2026-10-10T10:17:27.2282962Z 
2026-10-10T10:17:27.2283470Z > botsales-frontend@0.1.0 test:visual-tokens
2026-10-10T10:17:27.2284151Z > node --test tests/visual-token-checker.test.mjs && node scripts/check-visual-tokens.mjs
2026-10-10T10:17:27.2284545Z 
2026-10-10T10:17:31.2065462Z ✔ visual checker accepts canonical theme roles, token references, geometry and semantic responsive props (1061.177278ms)
2026-10-10T10:17:31.2073501Z ✔ visual checker rejects raw literals across sx, JSX system props and CSS declarations (612.167244ms)
2026-10-10T10:17:31.2074932Z ✔ visual checker follows local style aliases and callback themes, but fails raw nested values (583.268429ms)
2026-10-10T10:17:31.2076969Z ✔ visual checker reports unresolved spreads and malformed style sources as UNKNOWN or parse errors (542.596814ms)
2026-10-10T10:17:31.2078503Z ✔ visual checker includes newly added TSX files under the source root (584.053485ms)
2026-10-10T10:17:31.2770588Z ℹ tests 5
2026-10-10T10:17:31.2771243Z ℹ suites 0
2026-10-10T10:17:31.2771762Z ℹ pass 5
2026-10-10T10:17:31.2772281Z ℹ fail 0
2026-10-10T10:17:31.2772754Z ℹ cancelled 0
2026-10-10T10:17:31.2773072Z ℹ skipped 0
2026-10-10T10:17:31.2773355Z ℹ todo 0
2026-10-10T10:17:31.2773945Z ℹ duration_ms 4015.833726
2026-10-10T10:17:37.3433902Z visual-token-check PASS: 92 source files, 0 finding(s)
2026-10-10T10:17:37.5128668Z 
2026-10-10T10:17:37.5129329Z > botsales-frontend@0.1.0 test:ui-composition
2026-10-10T10:17:37.5130569Z > node --test tests/ui-composition-checker.test.mjs tests/ui-composition-ancestry.test.mjs tests/ui-shared-api-contract.test.mjs && node scripts/check-ui-composition.mjs
2026-10-10T10:17:37.5131598Z 
2026-10-10T10:17:54.7937143Z ✔ P10/P15 catch alias and neutral-wrapper duplicate insets through fragments and conditionals (1569.57449ms)
2026-10-10T10:17:54.7939392Z ✔ P20 resolves shared composition identities through a barrel and const component aliases (870.033417ms)
2026-10-10T10:17:54.7941485Z ✔ P11/P13 catch static element access roles on every MUI surface, including Paper (748.924307ms)
2026-10-10T10:17:54.7943311Z ✔ P12 checks React createElement and JSX-runtime element factories (816.582575ms)
2026-10-10T10:17:54.7945725Z ✔ P14 resolves bodyMode literal aliases and fails closed when ownership is unknown (2437.604043ms)
2026-10-10T10:17:54.7948408Z ✔ checks Panel ancestry when React elements are created natively (749.862666ms)
2026-10-10T10:17:54.7949815Z ✔ keeps independent nested surfaces and portaled dialogs as separate owners (1279.130104ms)
2026-10-10T10:17:54.7951336Z ✔ accepts finite bodyMode branches and every mode in the public component contracts (1818.782553ms)
2026-10-10T10:17:54.7952822Z ✔ stops inherited gap ownership at Panels and independent bordered surfaces (990.581635ms)
2026-10-10T10:17:54.7954269Z ✔ tracks gaps through fragments, conditions and ready QueryState, but not inside DOM wrappers (559.488181ms)
2026-10-10T10:17:54.7963613Z ✔ applies the same finite modes and wrapper boundaries to native React factories (990.308505ms)
2026-10-10T10:17:54.7964775Z ✔ recognizes native outlined Paper and nested Box surface inset boundaries (1018.917908ms)
2026-10-10T10:17:54.7966401Z ✔ fails closed when an unresolved custom wrapper obscures a semantic gap owner (492.665106ms)
2026-10-10T10:17:54.7967949Z ✔ rejects unsupported placement and rhythm values while accepting finite aliases and branches (1007.252658ms)
2026-10-10T10:17:54.7969374Z ✔ rejects unsupported finite values through React element factories (1047.73444ms)
2026-10-10T10:17:54.9104204Z ✔ accepts semantic composition, closed geometry and business-specific MUI primitives (16.332984ms)
2026-10-10T10:17:54.9105763Z ✔ rejects rebuilding each shared spacing owner at a consumer (6.522506ms)
2026-10-10T10:17:54.9106544Z ✔ follows aliases, local style variables, object spreads and namespace imports (2.516291ms)
2026-10-10T10:17:54.9107342Z ✔ rejects direct and spread spacing overrides on semantic components (1.892891ms)
2026-10-10T10:17:54.9108337Z ✔ rejects spacing or opaque spreads hidden in geometry (0.778852ms)
2026-10-10T10:17:54.9109065Z ✔ allows the canonical owner implementation and fails closed on malformed source (2.29179ms)
2026-10-10T10:17:54.9109776Z ✔ rejects duplicated parent boundary and duplicated Panel inset (1.954506ms)
2026-10-10T10:17:54.9110807Z ✔ checks default MUI imports and fails closed for opaque geometry (1.187227ms)
2026-10-10T10:17:54.9112107Z ✔ distinguishes content grids from flex flows when reporting the shared owner (0.929814ms)
2026-10-10T10:17:54.9113426Z ✔ rejects page spacing for paired fields and peer Panels without a section gap owner (5.736001ms)
2026-10-10T10:17:54.9114881Z ✔ related sibling gaps belong to ActionGroup comfortable density, not consumer Stack styles (1.365041ms)
2026-10-10T10:17:54.9116239Z ✔ density profiles are finite and new spacing paths retain the shared owner (7.953902ms)
2026-10-10T10:17:54.9117097Z ✔ Amount consumers declare wrapping outside DataTable columns and keep table money unbroken (194.151715ms)
2026-10-10T10:17:54.9117950Z ✔ the shared catalog covers every public React component and supporting Column type (124.158828ms)
2026-10-10T10:17:54.9118732Z ✔ SPC-067 covers discovered public Shared APIs without a fixed export count (3.858101ms)
2026-10-10T10:17:54.9119406Z ✔ every public React API has a direct rendered contract test (4.125201ms)
2026-10-10T10:17:54.9120114Z ✔ catalog declaration lines and stated JSX counts match resolved source symbols (301.705474ms)
2026-10-10T10:17:54.9121015Z ✔ every shared React export has a resolved production consumer or an explicit zero-use lifecycle decision (159.020082ms)
2026-10-10T10:17:54.9122252Z ✔ required UI evidence and regression gates remain wired to root verify and the active parent workflow (0.764783ms)
2026-10-10T10:17:54.9123579Z ✔ composition prop allowlists match the TypeScript owners exactly (0.422712ms)
2026-10-10T10:17:54.9124309Z ✔ QueryState uses only the approved inline and section pending profiles (0.689442ms)
2026-10-10T10:17:54.9125595Z ✔ QueryState consumers reserve section loading for primary content and keep every other state inline by default (138.535526ms)
2026-10-10T10:17:54.9126517Z ✔ body modes, placement roles and geometry keys match the TypeScript contracts (2.777596ms)
2026-10-10T10:17:54.9127728Z ✔ Panel geometry and DataTable columns remain closed public contracts (10.356579ms)
2026-10-10T10:17:54.9129176Z ✔ shared component and composition props expose no arbitrary layout/style escape hatch (0.603602ms)
2026-10-10T10:17:54.9130770Z ✔ layout role types, runtime values, consumers and ownership documentation stay closed (6789.773173ms)
2026-10-10T10:17:54.9131789Z ℹ tests 41
2026-10-10T10:17:54.9132179Z ℹ suites 0
2026-10-10T10:17:54.9132505Z ℹ pass 41
2026-10-10T10:17:54.9132717Z ℹ fail 0
2026-10-10T10:17:54.9132926Z ℹ cancelled 0
2026-10-10T10:17:54.9133146Z ℹ skipped 0
2026-10-10T10:17:54.9133352Z ℹ todo 0
2026-10-10T10:17:54.9133591Z ℹ duration_ms 17365.588295
2026-10-10T10:19:32.4776433Z ui-composition PASS: 91 source files, 0 finding(s)
2026-10-10T10:19:32.4776913Z 
2026-10-10T10:19:32.8440475Z 
2026-10-10T10:19:32.8441347Z > botsales-frontend@0.1.0 test:evidence
2026-10-10T10:19:32.8442448Z > node --test tests/ui-evidence-validator.test.mjs && node scripts/validate-ui-evidence.mjs evidence/frontend-ui-improvements/ui-governance-rollout-20261007/S17-current-evidence.json
2026-10-10T10:19:32.8443169Z 
2026-10-10T10:19:32.9520492Z ✔ accepts current fingerprints, honest open coverage, and explained N/A (3.962596ms)
2026-10-10T10:19:32.9523210Z ✔ rejects a stale source fingerprint (1.893549ms)
2026-10-10T10:19:32.9524208Z ✔ rejects a stale command log (0.993171ms)
2026-10-10T10:19:32.9525539Z ✔ rejects missing, absolute, and escaping source paths (0.897322ms)
2026-10-10T10:19:32.9533332Z ✔ rejects unrun, missing, duplicate, and nonzero command results marked PASS (1.04588ms)
2026-10-10T10:19:32.9535242Z ✔ rejects PASS when expected and observed results differ (0.804428ms)
2026-10-10T10:19:32.9537585Z ✔ rejects inconsistent coverage and N/A without a reason (0.748393ms)
2026-10-10T10:19:32.9540323Z ✔ rejects a baseline falsely dated after implementation started and detects changed baseline artifacts (1.381158ms)
2026-10-10T10:19:32.9543492Z ✔ COMPLETE cannot contain open coverage or failed commands (1.146278ms)
2026-10-10T10:19:32.9545306Z ✔ S19 must explicitly reconcile files, APIs, routes, rendered routes, slots, and states (1.261023ms)
2026-10-10T10:19:32.9547763Z ✔ rejects malformed top-level evidence instead of treating missing fields as success (0.614512ms)
2026-10-10T10:19:32.9644771Z ℹ tests 11
2026-10-10T10:19:32.9646624Z ℹ suites 0
2026-10-10T10:19:32.9647476Z ℹ pass 11
2026-10-10T10:19:32.9647971Z ℹ fail 0
2026-10-10T10:19:32.9648419Z ℹ cancelled 0
2026-10-10T10:19:32.9648914Z ℹ skipped 0
2026-10-10T10:19:32.9649344Z ℹ todo 0
2026-10-10T10:19:32.9649828Z ℹ duration_ms 83.217274
2026-10-10T10:19:33.0349121Z ui-evidence PASS: S17; 3 command/log record(s), 3 coverage row(s), 275 current fingerprint(s); status=COMPLETE
2026-10-10T10:19:33.0583696Z ##[group]Run npm run test:e2e -- --project=chromium --reporter=line
2026-10-10T10:19:33.0584214Z [36;1mnpm run test:e2e -- --project=chromium --reporter=line[0m
2026-10-10T10:19:33.0646154Z shell: /usr/bin/bash -e {0}
2026-10-10T10:19:33.0646430Z ##[endgroup]
2026-10-10T10:19:33.1706470Z 
2026-10-10T10:19:33.1707194Z > botsales-frontend@0.1.0 test:e2e
2026-10-10T10:19:33.1707802Z > node scripts/run-e2e.mjs --project=chromium --reporter=line
2026-10-10T10:19:33.1708140Z 
2026-10-10T10:19:33.2030765Z 
2026-10-10T10:19:33.2031286Z > npm run setup
2026-10-10T10:19:33.3014785Z 
2026-10-10T10:19:33.3015626Z > botsales-frontend@0.1.0 setup
2026-10-10T10:19:33.3016273Z > node scripts/setup.mjs
2026-10-10T10:19:33.3016679Z 
2026-10-10T10:19:33.5465505Z {"status":"PASS","outputs":15,"schemas":346,"operations":245,"routes":61}
2026-10-10T10:19:33.6446513Z Copying the worker script at "/home/runner/work/Bot-AI-Ban-hang-FB/Bot-AI-Ban-hang-FB/BotSalesAI_Frontend/apps/web/public"...
2026-10-10T10:19:33.6492925Z 
2026-10-10T10:19:33.6493688Z [32mWorker script successfully copied![39m
2026-10-10T10:19:33.6494359Z [90m  - public
2026-10-10T10:19:33.6494810Z [39m
2026-10-10T10:19:33.6495847Z Continue by describing the network in your application:
2026-10-10T10:19:33.6496450Z 
2026-10-10T10:19:33.6496726Z 
2026-10-10T10:19:33.6497439Z [31m[1mhttps://mswjs.io/docs/quick-start[22m[39m
2026-10-10T10:19:33.6497861Z 
2026-10-10T10:19:33.6562535Z Thiết lập xong. npm run dev chạy frontend mô phỏng; không kết nối khách hàng hoặc provider thật.
2026-10-10T10:19:33.6670672Z 
2026-10-10T10:19:33.6671055Z > npm run build
2026-10-10T10:19:33.7681599Z 
2026-10-10T10:19:33.7682250Z > botsales-frontend@0.1.0 build
2026-10-10T10:19:33.7682944Z > npm run generate:check && npm run typecheck && npm run build --workspace @botsales/web
2026-10-10T10:19:33.7683349Z 
2026-10-10T10:19:33.8757243Z 
2026-10-10T10:19:33.8757734Z > botsales-frontend@0.1.0 generate:check
2026-10-10T10:19:33.8758252Z > node scripts/generate.mjs --check
2026-10-10T10:19:33.8758474Z 
2026-10-10T10:19:34.0907244Z {"status":"PASS","outputs":15,"schemas":346,"operations":245,"routes":61}
2026-10-10T10:19:34.2058278Z 
2026-10-10T10:19:34.2058898Z > botsales-frontend@0.1.0 typecheck
2026-10-10T10:19:34.2059454Z > tsc -p apps/web/tsconfig.json --noEmit
2026-10-10T10:19:34.2059680Z 
2026-10-10T10:19:41.8965500Z 
2026-10-10T10:19:41.8966131Z > @botsales/web@0.1.0 build
2026-10-10T10:19:41.8966643Z > vite build --mode production
2026-10-10T10:19:41.8966892Z 
2026-10-10T10:19:42.0579543Z [36mvite v7.3.6 [32mbuilding client environment for production...[36m[39m
2026-10-10T10:19:42.1286241Z transforming...
2026-10-10T10:19:47.7109956Z [32m✓[39m 2077 modules transformed.
2026-10-10T10:19:48.2377261Z rendering chunks...
2026-10-10T10:19:48.4922709Z computing gzip size...
2026-10-10T10:19:48.5176842Z [2mdist/[22m[32mindex.html                            [39m[1m[2m  1.23 kB[22m[1m[22m[2m │ gzip:   0.61 kB[22m
2026-10-10T10:19:48.5177987Z [2mdist/[22m[2massets/[22m[35mindex-BQPx7lJM.css             [39m[1m[2m  3.56 kB[22m[1m[22m[2m │ gzip:   1.33 kB[22m
2026-10-10T10:19:48.5179780Z [2mdist/[22m[2massets/[22m[36mdownload-8lJFmiSZ.js           [39m[1m[2m  0.23 kB[22m[1m[22m[2m │ gzip:   0.17 kB[22m
2026-10-10T10:19:48.5182051Z [2mdist/[22m[2massets/[22m[36mfilters-CM07jGKE.js            [39m[1m[2m  0.32 kB[22m[1m[22m[2m │ gzip:   0.25 kB[22m
2026-10-10T10:19:48.5184197Z [2mdist/[22m[2massets/[22m[36mhooks-L2nh8X7I.js              [39m[1m[2m  4.59 kB[22m[1m[22m[2m │ gzip:   2.15 kB[22m
2026-10-10T10:19:48.5187103Z [2mdist/[22m[2massets/[22m[36mdraft-conflict-CQUoJQ4o.js     [39m[1m[2m  5.37 kB[22m[1m[22m[2m │ gzip:   2.49 kB[22m
2026-10-10T10:19:48.5189280Z [2mdist/[22m[2massets/[22m[36mindex-mquMxiPF.js              [39m[1m[2m  8.25 kB[22m[1m[22m[2m │ gzip:   3.27 kB[22m
2026-10-10T10:19:48.5191581Z [2mdist/[22m[2massets/[22m[36mindex-CiWOs-TV.js              [39m[1m[2m  9.42 kB[22m[1m[22m[2m │ gzip:   3.73 kB[22m
2026-10-10T10:19:48.5193642Z [2mdist/[22m[2massets/[22m[36mindex-DQGrQuEv.js              [39m[1m[2m 13.14 kB[22m[1m[22m[2m │ gzip:   5.19 kB[22m
2026-10-10T10:19:48.5195764Z [2mdist/[22m[2massets/[22m[36mindex-OVGPogNo.js              [39m[1m[2m 15.39 kB[22m[1m[22m[2m │ gzip:   5.90 kB[22m
2026-10-10T10:19:48.5197606Z [2mdist/[22m[2massets/[22m[36mindex-Bd9mcE3C.js              [39m[1m[2m 16.98 kB[22m[1m[22m[2m │ gzip:   5.58 kB[22m
2026-10-10T10:19:48.5199386Z [2mdist/[22m[2massets/[22m[36mindex-Bg61UgeK.js              [39m[1m[2m 16.99 kB[22m[1m[22m[2m │ gzip:   5.81 kB[22m
2026-10-10T10:19:48.5201150Z [2mdist/[22m[2massets/[22m[36mindex-PCRh2M1X.js              [39m[1m[2m 18.85 kB[22m[1m[22m[2m │ gzip:   6.33 kB[22m
2026-10-10T10:19:48.5202916Z [2mdist/[22m[2massets/[22m[36mindex-BUtDDvPf.js              [39m[1m[2m 19.08 kB[22m[1m[22m[2m │ gzip:   7.02 kB[22m
2026-10-10T10:19:48.5204763Z [2mdist/[22m[2massets/[22m[36mindex-CvmCKMdV.js              [39m[1m[2m 20.90 kB[22m[1m[22m[2m │ gzip:   6.92 kB[22m
2026-10-10T10:19:48.5206852Z [2mdist/[22m[2massets/[22m[36mindex-Dzt3sNfY.js              [39m[1m[2m 21.23 kB[22m[1m[22m[2m │ gzip:   7.65 kB[22m
2026-10-10T10:19:48.5208676Z [2mdist/[22m[2massets/[22m[36mindex-RfTtRmBG.js              [39m[1m[2m 24.80 kB[22m[1m[22m[2m │ gzip:   8.25 kB[22m
2026-10-10T10:19:48.5210413Z [2mdist/[22m[2massets/[22m[36mindex-DWs4xu4k.js              [39m[1m[2m 25.06 kB[22m[1m[22m[2m │ gzip:   8.46 kB[22m
2026-10-10T10:19:48.5212248Z [2mdist/[22m[2massets/[22m[36mindex-BSXDucyP.js              [39m[1m[2m 30.93 kB[22m[1m[22m[2m │ gzip:   9.93 kB[22m
2026-10-10T10:19:48.5214167Z [2mdist/[22m[2massets/[22m[36mindex-DattA6PL.js              [39m[1m[2m 32.48 kB[22m[1m[22m[2m │ gzip:  10.82 kB[22m
2026-10-10T10:19:48.5216248Z [2mdist/[22m[2massets/[22m[36mquery-Df7VyXaF.js              [39m[1m[2m 33.15 kB[22m[1m[22m[2m │ gzip:   9.92 kB[22m
2026-10-10T10:19:48.5218085Z [2mdist/[22m[2massets/[22m[36mindex-WDyY7fx-.js              [39m[1m[2m 42.03 kB[22m[1m[22m[2m │ gzip:  11.49 kB[22m
2026-10-10T10:19:48.5219920Z [2mdist/[22m[2massets/[22m[36mi18n-D4N_7Z3Q.js               [39m[1m[2m 46.14 kB[22m[1m[22m[2m │ gzip:  15.12 kB[22m
2026-10-10T10:19:48.5221726Z [2mdist/[22m[2massets/[22m[36mindex-BeRebE9w.js              [39m[1m[2m 64.28 kB[22m[1m[22m[2m │ gzip:  17.67 kB[22m
2026-10-10T10:19:48.5223599Z [2mdist/[22m[2massets/[22m[36mschemas-CoWCwirf.js            [39m[1m[2m 85.75 kB[22m[1m[22m[2m │ gzip:  25.72 kB[22m
2026-10-10T10:19:48.5225741Z [2mdist/[22m[2massets/[22m[36mindex-DgXyZ4_1.js              [39m[1m[2m100.89 kB[22m[1m[22m[2m │ gzip:  32.02 kB[22m
2026-10-10T10:19:48.5227676Z [2mdist/[22m[2massets/[22m[36mschema-validation-B78jEm7B.js  [39m[1m[2m149.80 kB[22m[1m[22m[2m │ gzip:  45.12 kB[22m
2026-10-10T10:19:48.5229699Z [2mdist/[22m[2massets/[22m[36mreact-runtime-gLMyUIL2.js      [39m[1m[2m279.79 kB[22m[1m[22m[2m │ gzip:  90.28 kB[22m
2026-10-10T10:19:48.5231554Z [2mdist/[22m[2massets/[22m[36mcharts-BwhaRlrs.js             [39m[1m[2m320.23 kB[22m[1m[22m[2m │ gzip:  96.79 kB[22m
2026-10-10T10:19:48.5232962Z [2mdist/[22m[2massets/[22m[36mmui-CJj7QyVx.js                [39m[1m[2m328.77 kB[22m[1m[22m[2m │ gzip: 100.20 kB[22m
2026-10-10T10:19:48.5234085Z [2mdist/[22m[2massets/[22m[36mcontract-data-BRT-TOMX.js      [39m[1m[2m368.62 kB[22m[1m[22m[2m │ gzip:  42.83 kB[22m
2026-10-10T10:19:48.5235378Z [32m✓ built in 6.44s[39m
2026-10-10T10:19:48.6160926Z 
2026-10-10T10:19:48.6161528Z > npm run build:demo
2026-10-10T10:19:48.7090271Z 
2026-10-10T10:19:48.7090890Z > botsales-frontend@0.1.0 build:demo
2026-10-10T10:19:48.7091637Z > npm run generate:check && npm run typecheck && npm run build:demo --workspace @botsales/web
2026-10-10T10:19:48.7092018Z 
2026-10-10T10:19:48.8060424Z 
2026-10-10T10:19:48.8061072Z > botsales-frontend@0.1.0 generate:check
2026-10-10T10:19:48.8061586Z > node scripts/generate.mjs --check
2026-10-10T10:19:48.8061822Z 
2026-10-10T10:19:48.9973922Z {"status":"PASS","outputs":15,"schemas":346,"operations":245,"routes":61}
2026-10-10T10:19:49.1126152Z 
2026-10-10T10:19:49.1126811Z > botsales-frontend@0.1.0 typecheck
2026-10-10T10:19:49.1127513Z > tsc -p apps/web/tsconfig.json --noEmit
2026-10-10T10:19:49.1127760Z 
2026-10-10T10:19:56.5832306Z 
2026-10-10T10:19:56.5833072Z > @botsales/web@0.1.0 build:demo
2026-10-10T10:19:56.5833868Z > vite build --mode demo --outDir dist-demo
2026-10-10T10:19:56.5834269Z 
2026-10-10T10:19:56.7546403Z [36mvite v7.3.6 [32mbuilding client environment for demo...[36m[39m
2026-10-10T10:19:56.8187241Z transforming...
2026-10-10T10:20:02.8947279Z [32m✓[39m 2293 modules transformed.
2026-10-10T10:20:03.4946642Z rendering chunks...
2026-10-10T10:20:03.7783615Z computing gzip size...
2026-10-10T10:20:03.8377136Z [2mdist-demo/[22m[32mindex.html                            [39m[1m[2m  1.23 kB[22m[1m[22m[2m │ gzip:   0.61 kB[22m
2026-10-10T10:20:03.8379107Z [2mdist-demo/[22m[2massets/[22m[35mindex-BQPx7lJM.css             [39m[1m[2m  3.56 kB[22m[1m[22m[2m │ gzip:   1.33 kB[22m
2026-10-10T10:20:03.8416447Z [2mdist-demo/[22m[2massets/[22m[36mdownload-CWiaXb8A.js           [39m[1m[2m  0.24 kB[22m[1m[22m[2m │ gzip:   0.17 kB[22m
2026-10-10T10:20:03.8418320Z [2mdist-demo/[22m[2massets/[22m[36mfilters-CirfTR7_.js            [39m[1m[2m  0.32 kB[22m[1m[22m[2m │ gzip:   0.25 kB[22m
2026-10-10T10:20:03.8446373Z [2mdist-demo/[22m[2massets/[22m[36mcontrol-Criu5A-7.js            [39m[1m[2m  1.73 kB[22m[1m[22m[2m │ gzip:   0.94 kB[22m
2026-10-10T10:20:03.8476288Z [2mdist-demo/[22m[2massets/[22m[36mhooks-BeC01d3Y.js              [39m[1m[2m  4.59 kB[22m[1m[22m[2m │ gzip:   2.15 kB[22m
2026-10-10T10:20:03.8506482Z [2mdist-demo/[22m[2massets/[22m[36mdraft-conflict-tNpI-HAo.js     [39m[1m[2m  5.37 kB[22m[1m[22m[2m │ gzip:   2.49 kB[22m
2026-10-10T10:20:03.8508184Z [2mdist-demo/[22m[2massets/[22m[36mindex-SkfVeie4.js              [39m[1m[2m  8.79 kB[22m[1m[22m[2m │ gzip:   3.47 kB[22m
2026-10-10T10:20:03.8509789Z [2mdist-demo/[22m[2massets/[22m[36mindex-DH5AOH0G.js              [39m[1m[2m  9.42 kB[22m[1m[22m[2m │ gzip:   3.73 kB[22m
2026-10-10T10:20:03.8511402Z [2mdist-demo/[22m[2massets/[22m[36mindex-B3gGpiMi.js              [39m[1m[2m 13.14 kB[22m[1m[22m[2m │ gzip:   5.18 kB[22m
2026-10-10T10:20:03.8513011Z [2mdist-demo/[22m[2massets/[22m[36mindex-D3UNZ1L-.js              [39m[1m[2m 15.09 kB[22m[1m[22m[2m │ gzip:   5.71 kB[22m
2026-10-10T10:20:03.8514588Z [2mdist-demo/[22m[2massets/[22m[36mindex-BWSxRwQH.js              [39m[1m[2m 17.14 kB[22m[1m[22m[2m │ gzip:   5.61 kB[22m
2026-10-10T10:20:03.8546548Z [2mdist-demo/[22m[2massets/[22m[36mindex-BGP_Ad-y.js              [39m[1m[2m 18.85 kB[22m[1m[22m[2m │ gzip:   6.33 kB[22m
2026-10-10T10:20:03.8548123Z [2mdist-demo/[22m[2massets/[22m[36mindex-01nb5nQj.js              [39m[1m[2m 19.18 kB[22m[1m[22m[2m │ gzip:   6.54 kB[22m
2026-10-10T10:20:03.8549700Z [2mdist-demo/[22m[2massets/[22m[36mindex-DgCh8QFc.js              [39m[1m[2m 19.28 kB[22m[1m[22m[2m │ gzip:   7.08 kB[22m
2026-10-10T10:20:03.8551253Z [2mdist-demo/[22m[2massets/[22m[36mindex-Cco5VbEE.js              [39m[1m[2m 20.90 kB[22m[1m[22m[2m │ gzip:   6.92 kB[22m
2026-10-10T10:20:03.8552855Z [2mdist-demo/[22m[2massets/[22m[36mindex-hYjqNRGb.js              [39m[1m[2m 24.80 kB[22m[1m[22m[2m │ gzip:   8.24 kB[22m
2026-10-10T10:20:03.8555167Z [2mdist-demo/[22m[2massets/[22m[36mindex-BDJDBZpL.js              [39m[1m[2m 25.47 kB[22m[1m[22m[2m │ gzip:   8.62 kB[22m
2026-10-10T10:20:03.8556982Z [2mdist-demo/[22m[2massets/[22m[36mindex-DQbFFBlT.js              [39m[1m[2m 28.10 kB[22m[1m[22m[2m │ gzip:   9.80 kB[22m
2026-10-10T10:20:03.8558607Z [2mdist-demo/[22m[2massets/[22m[36mindex-DX4hKm3W.js              [39m[1m[2m 30.93 kB[22m[1m[22m[2m │ gzip:   9.93 kB[22m
2026-10-10T10:20:03.8560196Z [2mdist-demo/[22m[2massets/[22m[36mindex-f6PQjW3Q.js              [39m[1m[2m 32.93 kB[22m[1m[22m[2m │ gzip:  10.94 kB[22m
2026-10-10T10:20:03.8561808Z [2mdist-demo/[22m[2massets/[22m[36mquery-Df7VyXaF.js              [39m[1m[2m 33.15 kB[22m[1m[22m[2m │ gzip:   9.92 kB[22m
2026-10-10T10:20:03.8563377Z [2mdist-demo/[22m[2massets/[22m[36mindex-D6MJeQeX.js              [39m[1m[2m 42.03 kB[22m[1m[22m[2m │ gzip:  11.49 kB[22m
2026-10-10T10:20:03.8564961Z [2mdist-demo/[22m[2massets/[22m[36mi18n-D4N_7Z3Q.js               [39m[1m[2m 46.14 kB[22m[1m[22m[2m │ gzip:  15.12 kB[22m
2026-10-10T10:20:03.8566909Z [2mdist-demo/[22m[2massets/[22m[36mindex-BoOL50Pn.js              [39m[1m[2m 65.49 kB[22m[1m[22m[2m │ gzip:  18.10 kB[22m
2026-10-10T10:20:03.8568536Z [2mdist-demo/[22m[2massets/[22m[36mschemas-CoWCwirf.js            [39m[1m[2m 85.75 kB[22m[1m[22m[2m │ gzip:  25.72 kB[22m
2026-10-10T10:20:03.8570149Z [2mdist-demo/[22m[2massets/[22m[36mindex-C6ptp12n.js              [39m[1m[2m105.42 kB[22m[1m[22m[2m │ gzip:  33.42 kB[22m
2026-10-10T10:20:03.8571772Z [2mdist-demo/[22m[2massets/[22m[36mschema-validation-B78jEm7B.js  [39m[1m[2m149.80 kB[22m[1m[22m[2m │ gzip:  45.12 kB[22m
2026-10-10T10:20:03.8573431Z [2mdist-demo/[22m[2massets/[22m[36mservice-DOnisuXi.js            [39m[1m[2m233.46 kB[22m[1m[22m[2m │ gzip:  54.15 kB[22m
2026-10-10T10:20:03.8575222Z [2mdist-demo/[22m[2massets/[22m[36mbrowser-CQeKKnYr.js            [39m[1m[2m255.64 kB[22m[1m[22m[2m │ gzip:  87.02 kB[22m
2026-10-10T10:20:03.8576972Z [2mdist-demo/[22m[2massets/[22m[36mreact-runtime-gLMyUIL2.js      [39m[1m[2m279.79 kB[22m[1m[22m[2m │ gzip:  90.28 kB[22m
2026-10-10T10:20:03.8578610Z [2mdist-demo/[22m[2massets/[22m[36mcharts-uDdGNk6t.js             [39m[1m[2m320.23 kB[22m[1m[22m[2m │ gzip:  96.79 kB[22m
2026-10-10T10:20:03.8580194Z [2mdist-demo/[22m[2massets/[22m[36mmui-CUCPJGs1.js                [39m[1m[2m328.77 kB[22m[1m[22m[2m │ gzip: 100.20 kB[22m
2026-10-10T10:20:03.8581827Z [2mdist-demo/[22m[2massets/[22m[36mcontract-data-CJyvN5AM.js      [39m[1m[2m375.47 kB[22m[1m[22m[2m │ gzip:  44.43 kB[22m
2026-10-10T10:20:03.8582797Z [32m✓ built in 7.07s[39m
2026-10-10T10:20:04.1801392Z 
2026-10-10T10:20:04.1802437Z > node node_modules/@playwright/test/cli.js test --project=chromium --reporter=line
2026-10-10T10:20:07.4361413Z 
2026-10-10T10:20:07.4362287Z Running 406 tests using 1 worker
2026-10-10T10:20:07.4362679Z 
2026-10-10T10:20:08.2188529Z [1/406] [chromium] › tests/accessibility/routes.spec.ts:17:1 › all canonical routes pass whole-page WCAG 2.1 A/AA axe checks in the React demo
2026-10-10T10:22:23.9290491Z [2/406] [chromium] › tests/accessibility/routes.spec.ts:84:1 › contained action buttons do not animate between contrasting enabled and disabled color pairs
2026-10-10T10:22:27.6127436Z [3/406] [chromium] › tests/artifacts/demo-preview.spec.ts:40:1 › the built demo artifact serves the React UI and synthetic API through preview
2026-10-10T10:22:28.8987710Z [chromium] › tests/artifacts/demo-preview.spec.ts:40:1 › the built demo artifact serves the React UI and synthetic API through preview
2026-10-10T10:22:28.9008222Z [artifact-preview] {"scope":"FRONTEND_WITH_SYNTHETIC_MOCK_API","artifact":"apps/web/dist-demo","browserMetrics":{"browser":"Mozilla/5.0 (Windows NT 10.0; Win64; x64) AppleWebKit/537.36 (KHTML, like Gecko) Chrome/153.0.8010.12 Safari/537.36","viewport":{"width":1280,"height":720},"route":"/s/shop-demo/overview","domContentLoadedMs":205,"loadEventMs":205,"scriptCount":11,"scriptTransferBytes":482369,"scriptAssets":[{"file":"index-C6ptp12n.js","transferBytes":33723,"decodedBytes":105422,"durationMs":37},{"file":"react-runtime-gLMyUIL2.js","transferBytes":90583,"decodedBytes":279787,"durationMs":80},{"file":"query-Df7VyXaF.js","transferBytes":10222,"decodedBytes":33154,"durationMs":23},{"file":"mui-CUCPJGs1.js","transferBytes":100504,"decodedBytes":328773,"durationMs":78},{"file":"contract-data-CJyvN5AM.js","transferBytes":44731,"decodedBytes":375469,"durationMs":71},{"file":"i18n-D4N_7Z3Q.js","transferBytes":15416,"decodedBytes":46142,"durationMs":50},{"file":"schema-validation-B78jEm7B.js","transferBytes":45420,"decodedBytes":149800,"durationMs":77},{"file":"browser-CQeKKnYr.js","transferBytes":87316,"decodedBytes":255636,"durationMs":17},{"file":"service-DOnisuXi.js","transferBytes":54454,"decodedBytes":233456,"durationMs":16},{"file":"index-DH5AOH0G.js","transferBytes":0,"decodedBytes":9416,"durationMs":90},{"file":"hooks-BeC01d3Y.js","transferBytes":0,"decodedBytes":4585,"durationMs":105}]},"bundles":{"javascriptFiles":32,"totalBytes":2617401,"totalGzipBytes":735870,"initialRouteGzipBytes":485552,"proposedBudgets":{"initialRouteGzipKiB":500,"largestChunkGzipKiB":200,"basis":"Local demo preview limits for the measured Chromium artifact; not a backend or platform SLO."},"largest":[{"file":"apps/web/dist-demo/assets/contract-data-CJyvN5AM.js","bytes":375469,"gzipBytes":44431},{"file":"apps/web/dist-demo/assets/mui-CUCPJGs1.js","bytes":328773,"gzipBytes":100204},{"file":"apps/web/dist-demo/assets/charts-uDdGNk6t.js","bytes":320234,"gzipBytes":96785},{"file":"apps/web/dist-demo/assets/react-runtime-gLMyUIL2.js","bytes":279787,"gzipBytes":90283},{"file":"apps/web/dist-demo/assets/browser-CQeKKnYr.js","bytes":255636,"gzipBytes":87016}]},"observedApi":{"path":"/api/v2/session","status":200,"servedBy":"MSW in the built demo artifact"},"dataSource":"synthetic-msw"}
2026-10-10T10:22:28.9022142Z 
2026-10-10T10:22:28.9128099Z [4/406] [chromium] › tests/artifacts/demo-preview.spec.ts:104:1 › a thousand synthetic customers remain API-paginated in the built demo artifact
2026-10-10T10:22:30.3936454Z [chromium] › tests/artifacts/demo-preview.spec.ts:104:1 › a thousand synthetic customers remain API-paginated in the built demo artifact
2026-10-10T10:22:30.3938210Z [large-dataset-api] {"url":"http://127.0.0.1:46459/api/v2/shops/shop-demo/customers?limit=20","count":20,"page":{"limit":20,"total":1004,"hasMore":true,"nextCursor":"perf-customer-0016"},"firstIds":["c1","c2","c3"]}
2026-10-10T10:22:30.3939442Z 
2026-10-10T10:22:30.4609951Z [large-dataset-preview] {"scope":"FRONTEND_WITH_SYNTHETIC_MOCK_API","artifact":"apps/web/dist-demo","datasetId":"FE025-LARGE-CUSTOMERS-1000-V1","generatedRows":1000,"firstPageIds":["c1","c2","c3","c4","perf-customer-0001","perf-customer-0002","perf-customer-0003","perf-customer-0004","perf-customer-0005","perf-customer-0006","perf-customer-0007","perf-customer-0008","perf-customer-0009","perf-customer-0010","perf-customer-0011","perf-customer-0012","perf-customer-0013","perf-customer-0014","perf-customer-0015","perf-customer-0016"],"api":{"status":200,"pageLimit":20,"total":1004,"hasMore":true,"nextCursor":"perf-customer-0016"},"domRowsIncludingHeader":21,"firstPageReadyMs":319,"browser":"Mozilla/5.0 (Windows NT 10.0; Win64; x64) AppleWebKit/537.36 (KHTML, like Gecko) Chrome/153.0.8010.12 Safari/537.36","viewport":{"width":1280,"height":720},"note":"Synthetic customer identities only; the React screen renders one API page and exposes the next cursor instead of mounting the full collection."}
2026-10-10T10:22:30.4613698Z 
2026-10-10T10:22:30.4758166Z [5/406] [chromium] › tests/artifacts/demo-preview.spec.ts:143:1 › the production artifact contains neither the mock worker asset nor MSW fixtures/runtime
2026-10-10T10:22:30.5227357Z [6/406] [chromium] › tests/fe009.spec.ts:37:1 › workspace onboarding creates a shop with an active membership and returns to its scoped route
2026-10-10T10:22:35.0532429Z [7/406] [chromium] › tests/fe009.spec.ts:59:1 › customer create validates fields, submits through mock HTTP, and preserves edits after a stale version
2026-10-10T10:22:41.9208829Z [8/406] [chromium] › tests/fe009.spec.ts:127:1 › customer detail keeps redacted contact fields read-only and does not overwrite them on save
2026-10-10T10:22:44.5442254Z [9/406] [chromium] › tests/fe009.spec.ts:144:1 › job detail follows an export created in the current synthetic shop and can refetch it
2026-10-10T10:22:47.4229788Z [10/406] [chromium] › tests/fe009.spec.ts:179:1 › FE009.G01 shop setup checklist guides to supported pages and leaves missing contract fields unverified
2026-10-10T10:22:49.3563247Z [11/406] [chromium] › tests/fe009.spec.ts:192:1 › FE009.G05 consent management persists challenges without granting consent before customer action
2026-10-10T10:22:52.0136310Z [12/406] [chromium] › tests/fe009.spec.ts:202:1 › FE009.H06 audit screen distinguishes available fields from missing contract detail
2026-10-10T10:22:53.6649403Z [13/406] [chromium] › tests/fe009.spec.ts:211:1 › FE009.B06 after-sale cases only link orders loaded for the selected customer and customer profile shows their shipment
2026-10-10T10:23:01.2452128Z [14/406] [chromium] › tests/fe009.spec.ts:243:1 › team invitation and membership revoke stay shop-scoped and protect the active owner
2026-10-10T10:23:05.6624019Z [15/406] [chromium] › tests/fe009.spec.ts:279:1 › privacy delete requests remain pending approval with no frontend step-up shortcut
2026-10-10T10:23:09.9846535Z [16/406] [chromium] › tests/fe010.spec.ts:40:1 › product editor validates positive prices, protects image-only drafts, and saves variant payload through mock HTTP
2026-10-10T10:23:18.5787153Z [17/406] [chromium] › tests/fe010.spec.ts:110:1 › product update sends If-Match and keeps edits visible after a 412 conflict
2026-10-10T10:23:22.5419622Z [18/406] [chromium] › tests/fe010.spec.ts:142:1 › warehouse role can read catalog products but cannot edit product fields or price cost data
2026-10-10T10:23:25.4792007Z [19/406] [chromium] › tests/fe010.spec.ts:151:1 › categories create, search, update with a version, and render cursor pagination
2026-10-10T10:23:29.3310426Z [20/406] [chromium] › tests/fe010.spec.ts:180:1 › CSV preview reports row-level errors and commits only valid product rows
2026-10-10T10:23:34.3453637Z [21/406] [chromium] › tests/fe010.spec.ts:252:1 › import validation token is rejected with 412 after catalog changes and the preview remains visible
2026-10-10T10:23:38.8092724Z [22/406] [chromium] › tests/fe010.spec.ts:284:1 › CSV demo row limit is explained and rejects more than 1000 data rows before preview
2026-10-10T10:23:41.2919481Z [23/406] [chromium] › tests/fe010.spec.ts:297:1 › demo upload rejects files over 5 MB before making an upload request
2026-10-10T10:23:43.7836676Z [24/406] [chromium] › tests/fe010.spec.ts:308:1 › product category lookup pages the full collection and preserves the selected category while editing
2026-10-10T10:24:11.9360766Z [chromium] › tests/fe010.spec.ts:308:1 › product category lookup pages the full collection and preserves the selected category while editing
2026-10-10T10:24:11.9365349Z UI005 acceptance: {"categoryTotal":105,"createCategoryId":"cat-2","editCategoryId":"cat-0","categoryRequests":20}
2026-10-10T10:24:11.9366524Z 
2026-10-10T10:24:12.0218262Z [25/406] [chromium] › tests/fe011.spec.ts:37:1 › FE011.AC01 snapshot drives stock totals and the SKU opens its catalog result
2026-10-10T10:24:16.6743250Z [26/406] [chromium] › tests/fe011.spec.ts:56:1 › FE011.AC02 adjustment validates, waits for mock confirmation, and reconciles movement history once
2026-10-10T10:24:23.7076844Z [27/406] [chromium] › tests/fe011.spec.ts:95:1 › FE011.AC03 conflict and insufficient stock preserve the draft and never update optimistically
2026-10-10T10:24:29.0775456Z [28/406] [chromium] › tests/fe011.spec.ts:125:1 › FE011.AC03 forbidden adjustment retains user input and shows no success state
2026-10-10T10:24:33.1543482Z [29/406] [chromium] › tests/fe011.spec.ts:141:1 › FE011.AC03 unknown command blocks duplicate submission until shared recovery reconciles it
2026-10-10T10:24:37.4893582Z [30/406] [chromium] › tests/fe011.spec.ts:159:1 › FE011.AC04 movement contract filters are URL-backed and history exposes actor and permission-gated source
2026-10-10T10:24:40.2085884Z [31/406] [chromium] › tests/fe011.spec.ts:187:1 › FE011.AC05 inventory reflows at mobile widths, passes axe, and restores keyboard focus after adjustment dialog
2026-10-10T10:24:43.5400289Z [32/406] [chromium] › tests/fe011.spec.ts:210:1 › FE011.AC03 unknown shop scope shows no stock from another shop
2026-10-10T10:24:44.5096676Z [33/406] [chromium] › tests/fe012.spec.ts:37:1 › FE012.AC01 searchable customer and product pickers submit contract-shaped draft and reject fractional quantity
2026-10-10T10:24:51.0226304Z [34/406] [chromium] › tests/fe012.spec.ts:95:1 › FE012 canonical customer address choice completes the mock order flow with a versioned snapshot
2026-10-10T10:24:57.8607707Z [35/406] [chromium] › tests/fe012.spec.ts:124:1 › FE012.AC01 editing lines invalidates quote and customer consent; a new quote is required before confirmation
2026-10-10T10:25:04.7817517Z [36/406] [chromium] › tests/fe012.spec.ts:184:1 › FE012.AC03 mock stale-version 412 preserves draft fields and does not show success
2026-10-10T10:25:08.2758591Z [37/406] [chromium] › tests/fe012.spec.ts:201:1 › FE012.AC03 offline state blocks quote mutation while retaining the loaded draft
2026-10-10T10:25:10.0220722Z [38/406] [chromium] › tests/fe012.spec.ts:213:1 › FE012.AC03 unknown confirm outcome blocks duplicate writes until shared command recovery is available
2026-10-10T10:25:13.8803757Z [39/406] [chromium] › tests/fe012.spec.ts:259:1 › FE012.AC03 quote and customer confirmation expiration disable confirmation using API time
2026-10-10T10:25:17.1087965Z [40/406] [chromium] › tests/fe012.spec.ts:279:1 › FE012.AC03 returns reject fractional/over-original quantities locally and preserve data on cumulative mock rejection
2026-10-10T10:25:19.6232850Z [41/406] [chromium] › tests/fe012.spec.ts:303:1 › FE012.AC04 return inspection loads the current case and applies accepted partial quantity to mock stock and refund
2026-10-10T10:25:24.3304853Z [42/406] [chromium] › tests/fe012.spec.ts:356:1 › FE012.AC03 handed-over order routes to returns and exposes no ordinary cancel action
2026-10-10T10:25:25.8477174Z [43/406] [chromium] › tests/fe012.spec.ts:363:1 › FE012.AC05 order drafting remains usable without horizontal page overflow and passes focused axe checks
2026-10-10T10:25:28.6786017Z [44/406] [chromium] › tests/fe013.spec.ts:42:1 › FE013.C04 shipping preview distinguishes missing address, unserviceable zone, and expired mock quote
2026-10-10T10:25:33.8310530Z [45/406] [chromium] › tests/fe013.spec.ts:68:1 › FE013.AC01–AC04 stale claim conflict is visible; pick, pack, dispatch and delivery use current API versions once
2026-10-10T10:25:46.9149382Z [46/406] [chromium] › tests/fe013.spec.ts:212:1 › FE013.AC03 unknown handover cannot be repeated before command reconciliation
2026-10-10T10:25:55.1864337Z [47/406] [chromium] › tests/fe013.spec.ts:259:1 › FE013.AC01 role scope and FE013.AC05 responsive shipment/preparation views remain accessible
2026-10-10T10:26:00.9589465Z [48/406] [chromium] › tests/fe014.spec.ts:27:1 › FE014.AC01 multi-line purchase validates MOQ/pack size and binds approval to the created intent
2026-10-10T10:26:07.4426183Z [49/406] [chromium] › tests/fe014.spec.ts:79:1 › FE027.D02 supplier workspace edits the selected contact through its current version and displays MOQ offers
2026-10-10T10:26:10.5491986Z [50/406] [chromium] › tests/fe014.spec.ts:97:1 › FE014.AC02 approval covers the exact purchase intent; unknown send is blocked from blind retry
2026-10-10T10:26:19.0986661Z [51/406] [chromium] › tests/fe014.spec.ts:156:1 › FE014.S03 auto-send requires an active matching purchase delegation
2026-10-10T10:26:23.3354345Z [52/406] [chromium] › tests/fe014.spec.ts:170:1 › FE014.S04 owner manages a paused purchase delegation only after rechecking the buyer role
2026-10-10T10:26:31.0203394Z [53/406] [chromium] › tests/fe014.spec.ts:217:1 › FE014.S03 manager without procurement.receive cannot open receipt actions
2026-10-10T10:26:35.1988454Z [54/406] [chromium] › tests/fe014.spec.ts:237:1 › FE014.AC03 partial receipt posts only accepted units to synthetic stock and payable once
2026-10-10T10:26:42.4578122Z [55/406] [chromium] › tests/fe014.spec.ts:308:1 › FE014.D03/D04/D07 replenishment uses min-max rules, labels forecast limits, and blocks duplicate proposals
2026-10-10T10:26:46.6400404Z [56/406] [chromium] › tests/fe015.spec.ts:59:1 › FE015.AC01 report filters use exact timezone boundaries and mock API aggregates
2026-10-10T10:26:52.1757176Z [57/406] [chromium] › tests/fe015.spec.ts:109:1 › FE021.E08 report explanation is mock-only, cites the filtered P&L snapshot, and never writes finance data
2026-10-10T10:26:54.2813892Z [58/406] [chromium] › tests/fe015.spec.ts:130:1 › UI003 report timestamps follow the active shop timezone
2026-10-10T10:27:00.8873318Z [59/406] [chromium] › tests/fe015.spec.ts:187:1 › FE015.E02/E03 profit report renders canonical cost, gross-profit and operating-expense values
2026-10-10T10:27:02.7344105Z [60/406] [chromium] › tests/fe015.spec.ts:215:1 › FE015.AC02 journal rejects unbalanced decimal lines before POST and sends exact money strings
2026-10-10T10:27:08.5924681Z [61/406] [chromium] › tests/fe015.spec.ts:250:1 › FE015.AC02 closed accounting period is visible and disables journal draft creation
2026-10-10T10:27:13.4497368Z [62/406] [chromium] › tests/fe015.spec.ts:274:1 › FE015.AC03 CSV import keeps partial row failures visible and deduplicates external transactions
2026-10-10T10:27:18.7287628Z [63/406] [chromium] › tests/fe015.spec.ts:297:1 › UI001 reconciliation cursors stay scoped and dialogs load choices beyond the visible table page
2026-10-10T10:27:36.3025775Z [64/406] [chromium] › tests/fe015.spec.ts:424:1 › FE015.AC03 COD settlement matches net remittance plus documented fee
2026-10-10T10:27:43.9679256Z [65/406] [chromium] › tests/fe015.spec.ts:459:1 › FE015.AC03 partial bank allocation leaves the remaining amount and debt visible
2026-10-10T10:27:49.4344159Z [66/406] [chromium] › tests/fe015.spec.ts:485:1 › FE015.AC03 unknown journal posting is not resent from the same draft
2026-10-10T10:27:56.9835288Z [67/406] [chromium] › tests/fe016.spec.ts:70:1 › UI015 mobile demo tools disclose by keyboard and inbox stays within narrow viewports
2026-10-10T10:28:01.1263337Z [68/406] [chromium] › tests/fe016.spec.ts:103:1 › FE016 conversation keeps its composer visible while long demo context scrolls independently
2026-10-10T10:28:03.6717318Z [69/406] [chromium] › tests/fe016.spec.ts:210:1 › FE016.AC01 inbox filters call canonical query fields and remain bookmarked through conversation details
2026-10-10T10:28:07.0732138Z [70/406] [chromium] › tests/fe016.spec.ts:238:1 › Shared consolidation Inbox preserves selected filters and composer draft through metadata pending error empty and recovery
2026-10-10T10:28:11.0928920Z [71/406] [chromium] › tests/fe016.spec.ts:298:1 › FE016.AC01 list cursor is isolated from message cursor and restored on back navigation
2026-10-10T10:28:13.1917213Z [72/406] [chromium] › tests/fe016.spec.ts:317:1 › UI002 inbox list and message cursors stay independent through paging, conversation switch and shop change
2026-10-10T10:28:18.9396834Z [73/406] [chromium] › tests/fe016.spec.ts:406:1 › UI002 mobile keeps the list page while messages page and Back restores it
2026-10-10T10:28:23.3003743Z [74/406] [chromium] › tests/fe016.spec.ts:450:1 › UI002 Inbox search resets only the list cursor while a message page is open
2026-10-10T10:28:27.3810889Z [75/406] [chromium] › tests/fe016.spec.ts:507:1 › UI002 deep link, refresh and mobile Back preserve their own cursors
2026-10-10T10:28:31.1530453Z [76/406] [chromium] › tests/fe016.spec.ts:561:1 › UI002 list and message panel errors remain isolated
2026-10-10T10:28:38.1156769Z [77/406] [chromium] › tests/fe016.spec.ts:585:1 › UI002 send, invalidation and resync keep both cursors and send only once
2026-10-10T10:28:42.3254753Z [78/406] [chromium] › tests/fe016.spec.ts:645:1 › FE016.AC01 takeover and reply use current versions and show API send state without claiming delivery
2026-10-10T10:28:45.7598316Z [79/406] [chromium] › tests/fe016.spec.ts:672:1 › FE016.AC02 internal notes render HTML-like text inert and feedback creates only a review draft
2026-10-10T10:28:48.9339943Z [80/406] [chromium] › tests/fe016.spec.ts:705:1 › FE016.AC03 unknown send keeps the reply draft, exposes command recovery and never blindly resends
2026-10-10T10:28:52.2539343Z [81/406] [chromium] › tests/fe016.spec.ts:728:1 › FE016.AC04 role without customer/order permissions cannot open those cross-module references
2026-10-10T10:28:55.2711129Z [82/406] [chromium] › tests/fe016.spec.ts:739:1 › FE016.S03 stale takeover preserves reason and reports the version conflict
2026-10-10T10:28:59.4228205Z [83/406] [chromium] › tests/fe016.spec.ts:755:1 › FE016.B05 cross-sell promotion preview shows sample rules without applying a discount
2026-10-10T10:29:01.4107960Z [84/406] [chromium] › tests/fe016.spec.ts:769:1 › FE016.B08 capability-driven image, voice and document media upload and send by scoped file IDs
2026-10-10T10:29:05.5557474Z [85/406] [chromium] › tests/fe016.spec.ts:835:1 › FE016.B09 pending media send preserves newer text and blocks blind retry after unknown outcome
2026-10-10T10:29:11.7093821Z [86/406] [chromium] › tests/fe016.spec.ts:879:1 › FE016.B10 a channel without an explicit media policy keeps text composer and denies attachments
2026-10-10T10:29:13.7762684Z [87/406] [chromium] › tests/fe016.spec.ts:891:1 › FE027.B01 industry sales script preview asks for missing facts and stays a local draft
2026-10-10T10:29:16.2037422Z [88/406] [chromium] › tests/fe016.spec.ts:907:1 › FE027.B02 inbox price and available stock preview uses current canonical mock reads
2026-10-10T10:29:18.3196134Z [89/406] [chromium] › tests/fe016.spec.ts:928:1 › FE027.B03 order capture links the active customer and conversation into the manual order form
2026-10-10T10:29:21.5356327Z [90/406] [chromium] › tests/fe016.spec.ts:938:1 › FE027.B04 automatic order confirmation stays unavailable until policy and customer evidence exist
2026-10-10T10:29:23.7155464Z [91/406] [chromium] › tests/fe017-validation.spec.ts:15:1 › FE017 synthetic 422 keeps the knowledge draft fields and shows field errors
2026-10-10T10:29:27.8487454Z [92/406] [chromium] › tests/fe017.spec.ts:26:1 › FE017.AC01 demo publishing uses the approved permission and lifecycle substitute without an API allowedActions field
2026-10-10T10:29:36.4375383Z [93/406] [chromium] › tests/fe017.spec.ts:117:1 › FE017.AC02 knowledge file upload sends canonical purpose and detail reads processing status
2026-10-10T10:29:40.1596192Z [94/406] [chromium] › tests/fe017.spec.ts:156:1 › FE017 price and stock source preview uses canonical product and timestamped inventory APIs
2026-10-10T10:29:41.9776805Z [95/406] [chromium] › tests/fe017.spec.ts:189:1 › FE017.AC03 missing content, unsupported and oversized files keep creation unavailable
2026-10-10T10:29:44.9477652Z [96/406] [chromium] › tests/fe017.spec.ts:211:1 › FE017.AC04 feedback approval creates inert draft content and its first revision only
2026-10-10T10:29:50.1918311Z [97/406] [chromium] › tests/fe017.spec.ts:244:1 › FE017.AC05 manager sees knowledge read-only and synthetic API rejects purpose-specific upload and publish
2026-10-10T10:29:52.7858903Z [98/406] [chromium] › tests/fe017.spec.ts:265:1 › FE017.AC06 stale review preserves the reason and explains the conflict
2026-10-10T10:29:55.4997675Z [99/406] [chromium] › tests/fe017.spec.ts:280:1 › FE027.G02 product content brief edits source, size, warranty, alternatives, and forbidden claims locally
2026-10-10T10:29:57.5370945Z [100/406] [chromium] › tests/fe017.spec.ts:298:1 › FE027.G03 policy revisions keep the published snapshot immutable when a draft changes
2026-10-10T10:29:59.8893151Z [101/406] [chromium] › tests/fe018.spec.ts:130:1 › FE018.S01 maps routes and operations to the canonical OpenAPI permissions
2026-10-10T10:30:00.3571624Z [102/406] [chromium] › tests/fe018.spec.ts:147:1 › FE018.AC01/04 draft saves use the contract version and keep human order confirmation locked after a conflict
2026-10-10T10:30:06.8827862Z [103/406] [chromium] › tests/fe018.spec.ts:178:1 › FE018.AC03 evaluation is synthetic, revision-bound, and cannot publish a stale draft
2026-10-10T10:30:13.4977460Z [104/406] [chromium] › tests/fe018.spec.ts:202:1 › FE018.AC01/04 successful publish is tied to the tested revision and pause explains its boundary
2026-10-10T10:30:19.3707672Z [105/406] [chromium] › tests/fe018.spec.ts:232:1 › FE018.AC03 playground sends no external message and preserves unknown cost and token values
2026-10-10T10:30:23.0736855Z [106/406] [chromium] › tests/fe018.spec.ts:254:1 › FE018.S03 synthetic budget and tool denials retain the prompt and never show a generated answer
2026-10-10T10:30:28.7027289Z [107/406] [chromium] › tests/fe018.spec.ts:280:1 › FE027.H03 budget and provider failover preview refuses silent provider switching on exhaustion
2026-10-10T10:30:32.1454346Z [108/406] [chromium] › tests/fe018.spec.ts:294:1 › FE018.AC02 role kill switch is versioned, preserves API tools, and does not pause the whole bot
2026-10-10T10:30:39.4763786Z [109/406] [chromium] › tests/fe018.spec.ts:335:1 › FE018.AC02 expired, wrong-scope, and matching approvals produce honest budget results
2026-10-10T10:30:43.8830184Z [110/406] [chromium] › tests/fe018.spec.ts:363:1 › FE018.AC05 manager and bot-admin roles cannot use operations outside their canonical permissions
2026-10-10T10:30:49.2549617Z [111/406] [chromium] › tests/fe018.spec.ts:395:1 › FE018.AC05 unknown role command stays unresolved and does not claim successful resumption
2026-10-10T10:30:54.8046774Z [112/406] [chromium] › tests/fe018.spec.ts:411:1 › UI004 25 evaluations: cursor pages reach the last record and preserve detail, search, and browser Back state
2026-10-10T10:31:01.7591151Z [chromium] › tests/fe018.spec.ts:411:1 › UI004 25 evaluations: cursor pages reach the last record and preserve detail, search, and browser Back state
2026-10-10T10:31:01.7595300Z UI004_25_ACCEPTANCE={"total":25,"pageSizes":[20,5],"cursor":"evaluation-10016","oldestRecord":"evaluation-10001","oldestReachable":true,"detailPreservedCursor":true,"browserBackRestoredFirstPage":true,"searchResetCursor":true}
2026-10-10T10:31:01.7601986Z 
2026-10-10T10:31:01.8216098Z [113/406] [chromium] › tests/fe018.spec.ts:457:1 › UI004 105 evaluations: cursor traversal reaches every record and retains the failing cursor for retry
2026-10-10T10:31:17.4533944Z [chromium] › tests/fe018.spec.ts:457:1 › UI004 105 evaluations: cursor traversal reaches every record and retains the failing cursor for retry
2026-10-10T10:31:17.4537245Z UI004_105_ACCEPTANCE={"total":105,"pageSizes":[20,20,20,20,20,5],"pagesVisited":6,"cursorRequests":["evaluation-10256","evaluation-10196","evaluation-10136","evaluation-10076","evaluation-10016"],"uniqueRecords":105,"oldestRecord":"evaluation-10001","oldestReachable":true,"failedCursorRetainedForRetry":"evaluation-10196","errorShowsNoFabricatedRows":true,"retrySucceeded":true}
2026-10-10T10:31:17.4538637Z 
2026-10-10T10:31:17.5217694Z [114/406] [chromium] › tests/fe019.spec.ts:21:1 › FE019.S01 maps integrations and notification routes, actions, schemas, and mock boundaries
2026-10-10T10:31:17.8316857Z [115/406] [chromium] › tests/fe019.spec.ts:70:1 › FE019.AC01 AI secret is write-only, cleared after submit, and absent from stored/read data
2026-10-10T10:31:22.7409177Z [116/406] [chromium] › tests/fe019.spec.ts:117:1 › FE019.AC01 invalid mock credential is rejected, cleared from the form, and not submitted
2026-10-10T10:31:25.4721745Z [117/406] [chromium] › tests/fe019.spec.ts:138:1 › FE019.AC02 channel OAuth failure stays on the page and never marks a channel connected
2026-10-10T10:31:27.8034111Z [118/406] [chromium] › tests/fe019.spec.ts:172:1 › FE019.AC03/04 device, Telegram, and PWA checks stay synthetic and do not request OS permission
2026-10-10T10:31:32.6349411Z [119/406] [chromium] › tests/fe019.spec.ts:251:1 › FE019.AC05 notification policy validates canonical numeric bounds before sending and acknowledges only allowed work
2026-10-10T10:31:36.0636396Z [120/406] [chromium] › tests/fe019.spec.ts:273:1 › FE019.A03 notification order link stays within the active shop scope
2026-10-10T10:31:39.1318847Z [121/406] [chromium] › tests/fe019.spec.ts:282:1 › FE019.A05 reminder policy saves shop-local schedule and quiet hours through the synthetic API
2026-10-10T10:31:42.0159420Z [122/406] [chromium] › tests/fe019.spec.ts:309:1 › FE027.A02/A07 preparation notification keeps order evidence and separates queued, opened, and acknowledged states
2026-10-10T10:31:43.5451342Z [123/406] [chromium] › tests/fe019.spec.ts:334:1 › FE027.A08 notification settings disclose server-only deduplication and callback safeguards
2026-10-10T10:31:45.3193347Z [124/406] [chromium] › tests/fe020.spec.ts:43:1 › FE020.AC01 approval detail is fetched and a changed source resource rejects the stale decision
2026-10-10T10:31:52.9559068Z [125/406] [chromium] › tests/fe020.spec.ts:89:1 › FE020.AC02/03 work-item actions follow allowedActions and operations health stays explicitly synthetic
2026-10-10T10:31:57.6254416Z [126/406] [chromium] › tests/fe020.spec.ts:140:1 › FE020.AC03 role pause control uses the canonical versioned mock and never claims readiness
2026-10-10T10:32:00.2275904Z [127/406] [chromium] › tests/fe020.spec.ts:157:1 › FE020.F03 operations exception filter groups overdue, blocked, and unclaimed synthetic work
2026-10-10T10:32:02.2986167Z [128/406] [chromium] › tests/fe020.spec.ts:178:1 › FE020.F05 purchase delegation is bounded, saved paused, and requires a separate activation decision
2026-10-10T10:32:08.1171225Z [129/406] [chromium] › tests/fe020.spec.ts:209:1 › FE020.F06/H01 digest and dependency health panels show synthetic history without claiming workers are ready
2026-10-10T10:32:10.0136043Z [130/406] [chromium] › tests/fe020.spec.ts:242:1 › FE027.H08 restore and release readiness stay unknown without a verified rehearsal or deployment gate
2026-10-10T10:32:11.9786826Z [131/406] [chromium] › tests/fe021.spec.ts:34:1 › FE021 dashboard keeps independent panels usable and hides finance fields without finance.read
2026-10-10T10:32:16.2337454Z [132/406] [chromium] › tests/fe021.spec.ts:46:1 › FE021 timezone and privacy validation waits for interaction and blocks invalid writes
2026-10-10T10:32:21.7227281Z [133/406] [chromium] › tests/fe021.spec.ts:82:1 › FE021 approval and shipment work queues appear before sample previews
2026-10-10T10:32:25.7728575Z [134/406] [chromium] › tests/fe021.spec.ts:104:1 › FE021 marketing filters preserve API-side aggregates, URL context and missing actual spend
2026-10-10T10:32:31.6929629Z [135/406] [chromium] › tests/fe021.spec.ts:170:5 › FE021 marketing filters preserve edits while the default period response is pending
2026-10-10T10:32:39.3615495Z [136/406] [chromium] › tests/fe021.spec.ts:170:5 › FE021 marketing filters preserve edits while the canonical period response is pending
2026-10-10T10:32:47.5525662Z [137/406] [chromium] › tests/fe021.spec.ts:234:1 › FE021 invalid marketing deep links mark the responsible field and never send the invalid range
2026-10-10T10:32:49.6523424Z [138/406] [chromium] › tests/fe021.spec.ts:248:1 › FE021 export uses inclusive shop-local boundaries, safe CSV, API jobs and cursor pagination
2026-10-10T10:32:56.4013495Z [139/406] [chromium] › tests/fe021.spec.ts:303:1 › FE021 mock rejects an export when reports.export lacks the source permission
2026-10-10T10:32:59.2304355Z [140/406] [chromium] › tests/fe021.spec.ts:323:1 › FE021 mock rejects an invalid report timezone before creating an export job
2026-10-10T10:33:01.2904871Z [141/406] [chromium] › tests/fe021.spec.ts:343:1 › FE021 ambiguous export result preserves the selected dates and never exposes a download
2026-10-10T10:33:04.4837782Z [142/406] [chromium] › tests/fe021.spec.ts:356:1 › FE021 empty report and marketing payloads render explicit empty states
2026-10-10T10:33:08.8597938Z [143/406] [chromium] › tests/fe021.spec.ts:375:1 › FE021 stale export conflict preserves dates and never exposes a download
2026-10-10T10:33:12.2163240Z [144/406] [chromium] › tests/frontend-corrections.spec.ts:18:1 › F01 preserves a customer draft, compares three snapshots, and PATCHes only chosen changes
2026-10-10T10:33:18.0296341Z [145/406] [chromium] › tests/frontend-corrections.spec.ts:46:1 › F01 requires an explicit choice for a field changed by both editors
2026-10-10T10:33:21.2216278Z [146/406] [chromium] › tests/frontend-corrections.spec.ts:62:1 › F06 detects an order draft and blocks navigation until explicit discard
2026-10-10T10:33:24.5668734Z [147/406] [chromium] › tests/frontend-corrections.spec.ts:75:1 › F02 retains an unsaved product image through an unrelated refetch
2026-10-10T10:33:27.2859789Z [148/406] [chromium] › tests/frontend-corrections.spec.ts:87:1 › F03 retains notification-policy inputs through a background resync and navigation
2026-10-10T10:33:29.6164218Z [149/406] [chromium] › tests/frontend-corrections.spec.ts:98:1 › F05 keeps text typed while a previous internal note is pending
2026-10-10T10:33:32.7268359Z [150/406] [chromium] › tests/frontend-corrections.spec.ts:113:1 › F08 validates 4001 customer-note characters at the field and accepts 4000
2026-10-10T10:33:36.3579756Z [151/406] [chromium] › tests/frontend-corrections.spec.ts:147:1 › F07 routes the fulfillment footer close through the shared discard guard
2026-10-10T10:33:38.6087263Z [152/406] [chromium] › tests/frontend-corrections.spec.ts:161:1 › F09 refreshes new Inbox messages without refetching the visible product and stock snapshots
2026-10-10T10:33:41.0628141Z [153/406] [chromium] › tests/frontend-corrections.spec.ts:191:1 › F01 shop settings merges a server-only locale change and preserves edits typed during save
2026-10-10T10:33:44.6722968Z [154/406] [chromium] › tests/frontend-corrections.spec.ts:219:1 › F03 privacy policy preserves refetch drafts and compares before applying the newest version
2026-10-10T10:33:47.2364301Z [155/406] [chromium] › tests/frontend-corrections.spec.ts:236:1 › F01 category keeps a late edit after saving, and reopens with a clean current baseline
2026-10-10T10:33:51.5017090Z [156/406] [chromium] › tests/frontend-corrections.spec.ts:257:1 › F01 supplier preserves a concurrent server-only term and PATCHes the local name
2026-10-10T10:33:55.0154198Z [157/406] [chromium] › tests/frontend-corrections.spec.ts:274:1 › F08 customer update enforces 4000/4001 before HTTP and retains a 422 draft
2026-10-10T10:33:58.3691999Z [158/406] [chromium] › tests/frontend-corrections.spec.ts:302:1 › F05 keeps mode changes and unknown sends, locks another send, and observes recovery-registry completion
2026-10-10T10:34:01.7923018Z [159/406] [chromium] › tests/frontend-corrections.spec.ts:328:1 › F01 order editor keeps its original version and compares whole line lists before PATCH
2026-10-10T10:34:06.1051168Z [160/406] [chromium] › tests/frontend-corrections.spec.ts:350:1 › F06 guards added order rows, shop switch, logout and native reload; successful creation leaves no false guard
2026-10-10T10:34:23.6595732Z [161/406] [chromium] › tests/frontend-corrections.spec.ts:375:1 › F01 analogous return-inspection draft does not adopt a refetched version without comparison
2026-10-10T10:34:27.1904377Z [162/406] [chromium] › tests/frontend-corrections.spec.ts:399:1 › F01 comparison supports keyboard choices, server changes again, axe and 320px reflow with long content
2026-10-10T10:34:31.5431724Z [163/406] [chromium] › tests/frontend-corrections.spec.ts:428:1 › F08 privacy bounds reject invalid days and long jurisdiction before HTTP
2026-10-10T10:34:35.6324389Z [164/406] [chromium] › tests/frontend-corrections.spec.ts:458:1 › F06 order custom close respects the draft guard and busy editors remain protected
2026-10-10T10:34:41.0792402Z [165/406] [chromium] › tests/frontend.spec.ts:41:1 › catalog create uses the HTTP mock and successful save clears the draft guard
2026-10-10T10:34:47.6990457Z [166/406] [chromium] › tests/frontend.spec.ts:73:1 › dirty drafts block in-app navigation and preserve input until the user decides
2026-10-10T10:34:52.0619848Z [167/406] [chromium] › tests/frontend.spec.ts:91:1 › all canonical routes render inside the real React demo application
2026-10-10T10:36:13.2764971Z [168/406] [chromium] › tests/frontend.spec.ts:116:1 › switching shops cancels a delayed request and loads only the new shop scope
2026-10-10T10:36:20.6962715Z [169/406] [chromium] › tests/frontend.spec.ts:134:1 › role changes remove restricted navigation and the route guard explains denied access
2026-10-10T10:36:23.6943452Z [170/406] [chromium] › tests/frontend.spec.ts:147:1 › deep links survive browser refresh and logout clears the mock session
2026-10-10T10:36:28.2514287Z [171/406] [chromium] › tests/frontend.spec.ts:160:1 › logout asks before discarding a draft and retains the session when logout fails
2026-10-10T10:36:31.8679191Z [172/406] [chromium] › tests/frontend.spec.ts:217:1 › mobile navigation opens, routes, and closes without viewport overflow
2026-10-10T10:36:34.8286764Z [173/406] [chromium] › tests/frontend.spec.ts:231:1 › chunk loading errors use the route recovery boundary
2026-10-10T10:36:36.7260598Z [174/406] [chromium] › tests/frontend.spec.ts:270:1 › live mode reports an unavailable session API without enabling mock data
2026-10-10T10:36:37.6312312Z [175/406] [chromium] › tests/route-role-matrix.spec.ts:44:1 › route read access matches canonical permissions for every demo role
2026-10-10T10:37:25.9748975Z [chromium] › tests/route-role-matrix.spec.ts:44:1 › route read access matches canonical permissions for every demo role
2026-10-10T10:37:25.9752116Z ROUTE_ROLE_MATRIX_CASES=399 ROLES=7 PRIVATE_ROUTES=57 RESULT=PASS
2026-10-10T10:37:25.9752560Z 
2026-10-10T10:37:26.0622222Z [176/406] [chromium] › tests/security.spec.ts:36:1 › untrusted product text renders as text without activating markup
2026-10-10T10:37:31.6459907Z [177/406] [chromium] › tests/security.spec.ts:54:1 › catalog import rejects a non-CSV file before an upload request
2026-10-10T10:37:33.5463479Z [178/406] [chromium] › tests/security.spec.ts:72:1 › catalog import rejects files above the demo size limit before upload
2026-10-10T10:37:36.2141670Z [179/406] [chromium] › tests/security.spec.ts:90:1 › mock uploads require a purpose, enforce its role, and fingerprint file content for retries
2026-10-10T10:37:41.0973273Z [180/406] [chromium] › tests/session/demo-server-cache-isolation.spec.ts:7:1 › concurrent demo servers use isolated Vite caches and load the React app
2026-10-10T10:37:41.7818075Z [chromium] › tests/session/demo-server-cache-isolation.spec.ts:7:1 › concurrent demo servers use isolated Vite caches and load the React app
2026-10-10T10:37:41.7915237Z VITE_CACHE_ISOLATION=PASS rootA=/tmp/botsales-vite-cache/2fbc71299afedf720605/test-demo/playwright-5831-503ecf70-8112-4322-a776-5d9e68ae9717-parallel-a rootB=/tmp/botsales-vite-cache/2fbc71299afedf720605/test-demo/playwright-5831-503ecf70-8112-4322-a776-5d9e68ae9717-parallel-b otherCheckout=true
2026-10-10T10:37:41.7946056Z 
2026-10-10T10:37:47.4181629Z [181/406] [chromium] › tests/session/demo-worker-startup.spec.ts:17:1 › demo conditional module requests return complete exports without changing live or non-asset caching
2026-10-10T10:37:54.2202582Z [182/406] [chromium] › tests/session/demo-worker-startup.spec.ts:80:1 › demo startup explains the required setup when the browser blocks Service Workers
2026-10-10T10:37:55.1667505Z [183/406] [chromium] › tests/session/session-revocation.spec.ts:20:1 › session.revoked SSE closes the stream and clears the active shop session
2026-10-10T10:37:59.1178811Z [184/406] [chromium] › tests/session/session-unauthorized.spec.ts:17:1 › expired live session redirects to login and preserves the requested shop route
2026-10-10T10:38:02.4739283Z [185/406] [chromium] › tests/states/fe023.spec.ts:18:1 › FE023.S04 a dirty dialog keeps the form value until the user confirms discard
2026-10-10T10:38:06.6447088Z [186/406] [chromium] › tests/states/fe023.spec.ts:36:1 › FE023.S03 a customer lookup loads the next cursor page without dropping earlier choices
2026-10-10T10:38:10.3636646Z [187/406] [chromium] › tests/states/fe023.spec.ts:77:1 › FE023.S04 delayed requests show loading and failed refresh keeps a retry path
2026-10-10T10:38:20.1071306Z [188/406] [chromium] › tests/states/fe023.spec.ts:107:1 › FE023 unsaved shop settings are preserved when navigation switches shop scope
2026-10-10T10:38:24.5117595Z [189/406] [chromium] › tests/states/fe023.spec.ts:125:1 › FE023 a saved shop form resets its dirty baseline and reports success
2026-10-10T10:38:27.4193709Z [190/406] [chromium] › tests/states/route-empty-composition.spec.ts:29:1 › empty collection responses render accessible empty states on canonical list routes
2026-10-10T10:38:32.9212796Z [chromium] › tests/states/route-empty-composition.spec.ts:29:1 › empty collection responses render accessible empty states on canonical list routes
2026-10-10T10:38:32.9214777Z ROUTE_EMPTY_COMPOSITION_PROGRESS=3/11
2026-10-10T10:38:32.9215740Z 
2026-10-10T10:38:34.3050507Z ROUTE_EMPTY_COMPOSITION_PROGRESS=6/11
2026-10-10T10:38:34.3050801Z 
2026-10-10T10:38:35.5265586Z ROUTE_EMPTY_COMPOSITION_PROGRESS=9/11
2026-10-10T10:38:35.5266534Z 
2026-10-10T10:38:35.7003430Z ROUTE_EMPTY_COMPOSITION=11/11 RESULT=PASS
2026-10-10T10:38:35.7004844Z 
2026-10-10T10:38:35.7852501Z [191/406] [chromium] › tests/states/route-error-composition.spec.ts:44:9 › every shop route composes the shared API error state with its page content › R04 /s/:shopId/overview
2026-10-10T10:38:42.6226663Z [chromium] › tests/states/route-error-composition.spec.ts:44:9 › every shop route composes the shared API error state with its page content › R04 /s/:shopId/overview
2026-10-10T10:38:42.6228392Z ROUTE_ERROR_COMPOSITION_ROUTE=R04 RESULT=PASS
2026-10-10T10:38:42.6228902Z 
2026-10-10T10:38:42.6387936Z [192/406] [chromium] › tests/states/route-error-composition.spec.ts:44:9 › every shop route composes the shared API error state with its page content › R05 /s/:shopId/inbox
2026-10-10T10:38:47.7164506Z [chromium] › tests/states/route-error-composition.spec.ts:44:9 › every shop route composes the shared API error state with its page content › R05 /s/:shopId/inbox
2026-10-10T10:38:47.7166041Z ROUTE_ERROR_COMPOSITION_ROUTE=R05 RESULT=PASS
2026-10-10T10:38:47.7166397Z 
2026-10-10T10:38:47.7359048Z [193/406] [chromium] › tests/states/route-error-composition.spec.ts:44:9 › every shop route composes the shared API error state with its page content › R06 /s/:shopId/inbox/:conversationId
2026-10-10T10:38:53.0084133Z [chromium] › tests/states/route-error-composition.spec.ts:44:9 › every shop route composes the shared API error state with its page content › R06 /s/:shopId/inbox/:conversationId
2026-10-10T10:38:53.0085962Z ROUTE_ERROR_COMPOSITION_ROUTE=R06 RESULT=PASS
2026-10-10T10:38:53.0086367Z 
2026-10-10T10:38:53.0252237Z [194/406] [chromium] › tests/states/route-error-composition.spec.ts:44:9 › every shop route composes the shared API error state with its page content › R07 /s/:shopId/customers
2026-10-10T10:38:58.0558292Z [chromium] › tests/states/route-error-composition.spec.ts:44:9 › every shop route composes the shared API error state with its page content › R07 /s/:shopId/customers
2026-10-10T10:38:58.0560176Z ROUTE_ERROR_COMPOSITION_ROUTE=R07 RESULT=PASS
2026-10-10T10:38:58.0560749Z 
2026-10-10T10:38:58.0699814Z [195/406] [chromium] › tests/states/route-error-composition.spec.ts:44:9 › every shop route composes the shared API error state with its page content › R08 /s/:shopId/customers/:customerId
2026-10-10T10:39:03.3424607Z [chromium] › tests/states/route-error-composition.spec.ts:44:9 › every shop route composes the shared API error state with its page content › R08 /s/:shopId/customers/:customerId
2026-10-10T10:39:03.3426434Z ROUTE_ERROR_COMPOSITION_ROUTE=R08 RESULT=PASS
2026-10-10T10:39:03.3426823Z 
2026-10-10T10:39:03.3605878Z [196/406] [chromium] › tests/states/route-error-composition.spec.ts:44:9 › every shop route composes the shared API error state with its page content › R09 /s/:shopId/products
2026-10-10T10:39:08.4996784Z [chromium] › tests/states/route-error-composition.spec.ts:44:9 › every shop route composes the shared API error state with its page content › R09 /s/:shopId/products
2026-10-10T10:39:08.4997806Z ROUTE_ERROR_COMPOSITION_ROUTE=R09 RESULT=PASS
2026-10-10T10:39:08.4998449Z 
2026-10-10T10:39:08.5172137Z [197/406] [chromium] › tests/states/route-error-composition.spec.ts:44:9 › every shop route composes the shared API error state with its page content › R10 /s/:shopId/products/new
2026-10-10T10:39:14.1903099Z [chromium] › tests/states/route-error-composition.spec.ts:44:9 › every shop route composes the shared API error state with its page content › R10 /s/:shopId/products/new
2026-10-10T10:39:14.1904785Z ROUTE_ERROR_COMPOSITION_ROUTE=R10 RESULT=PASS
2026-10-10T10:39:14.1905624Z 
2026-10-10T10:39:14.2037443Z [198/406] [chromium] › tests/states/route-error-composition.spec.ts:44:9 › every shop route composes the shared API error state with its page content › R11 /s/:shopId/products/:productId
2026-10-10T10:39:19.3820781Z [chromium] › tests/states/route-error-composition.spec.ts:44:9 › every shop route composes the shared API error state with its page content › R11 /s/:shopId/products/:productId
2026-10-10T10:39:19.3822512Z ROUTE_ERROR_COMPOSITION_ROUTE=R11 RESULT=PASS
2026-10-10T10:39:19.4005537Z 
2026-10-10T10:39:19.4007656Z [199/406] [chromium] › tests/states/route-error-composition.spec.ts:44:9 › every shop route composes the shared API error state with its page content › R12 /s/:shopId/categories
2026-10-10T10:39:24.2522265Z [chromium] › tests/states/route-error-composition.spec.ts:44:9 › every shop route composes the shared API error state with its page content › R12 /s/:shopId/categories
2026-10-10T10:39:24.2523824Z ROUTE_ERROR_COMPOSITION_ROUTE=R12 RESULT=PASS
2026-10-10T10:39:24.2524327Z 
2026-10-10T10:39:24.2672730Z [200/406] [chromium] › tests/states/route-error-composition.spec.ts:44:9 › every shop route composes the shared API error state with its page content › R13 /s/:shopId/imports
2026-10-10T10:39:29.4339084Z [chromium] › tests/states/route-error-composition.spec.ts:44:9 › every shop route composes the shared API error state with its page content › R13 /s/:shopId/imports
2026-10-10T10:39:29.4340918Z ROUTE_ERROR_COMPOSITION_ROUTE=R13 RESULT=PASS
2026-10-10T10:39:29.4341515Z 
2026-10-10T10:39:29.4468941Z [201/406] [chromium] › tests/states/route-error-composition.spec.ts:44:9 › every shop route composes the shared API error state with its page content › R14 /s/:shopId/imports/:jobId
2026-10-10T10:39:34.5291699Z [chromium] › tests/states/route-error-composition.spec.ts:44:9 › every shop route composes the shared API error state with its page content › R14 /s/:shopId/imports/:jobId
2026-10-10T10:39:34.5294227Z ROUTE_ERROR_COMPOSITION_ROUTE=R14 RESULT=PASS
2026-10-10T10:39:34.5295365Z 
2026-10-10T10:39:34.5448033Z [202/406] [chromium] › tests/states/route-error-composition.spec.ts:44:9 › every shop route composes the shared API error state with its page content › R15 /s/:shopId/inventory
2026-10-10T10:39:39.7009251Z [chromium] › tests/states/route-error-composition.spec.ts:44:9 › every shop route composes the shared API error state with its page content › R15 /s/:shopId/inventory
2026-10-10T10:39:39.7012322Z ROUTE_ERROR_COMPOSITION_ROUTE=R15 RESULT=PASS
2026-10-10T10:39:39.7013236Z 
2026-10-10T10:39:39.7175436Z [203/406] [chromium] › tests/states/route-error-composition.spec.ts:44:9 › every shop route composes the shared API error state with its page content › R16 /s/:shopId/inventory/movements
2026-10-10T10:39:44.8557096Z [chromium] › tests/states/route-error-composition.spec.ts:44:9 › every shop route composes the shared API error state with its page content › R16 /s/:shopId/inventory/movements
2026-10-10T10:39:44.8559236Z ROUTE_ERROR_COMPOSITION_ROUTE=R16 RESULT=PASS
2026-10-10T10:39:44.8560982Z 
2026-10-10T10:39:44.8729853Z [204/406] [chromium] › tests/states/route-error-composition.spec.ts:44:9 › every shop route composes the shared API error state with its page content › R17 /s/:shopId/orders
2026-10-10T10:39:50.1023927Z [chromium] › tests/states/route-error-composition.spec.ts:44:9 › every shop route composes the shared API error state with its page content › R17 /s/:shopId/orders
2026-10-10T10:39:50.1025499Z ROUTE_ERROR_COMPOSITION_ROUTE=R17 RESULT=PASS
2026-10-10T10:39:50.1025795Z 
2026-10-10T10:39:50.1178235Z [205/406] [chromium] › tests/states/route-error-composition.spec.ts:44:9 › every shop route composes the shared API error state with its page content › R18 /s/:shopId/orders/new
2026-10-10T10:39:55.2083610Z [chromium] › tests/states/route-error-composition.spec.ts:44:9 › every shop route composes the shared API error state with its page content › R18 /s/:shopId/orders/new
2026-10-10T10:39:55.2086124Z ROUTE_ERROR_COMPOSITION_ROUTE=R18 RESULT=PASS
2026-10-10T10:39:55.2086718Z 
2026-10-10T10:39:55.2226585Z [206/406] [chromium] › tests/states/route-error-composition.spec.ts:44:9 › every shop route composes the shared API error state with its page content › R19 /s/:shopId/orders/:orderId
2026-10-10T10:40:00.4302792Z [chromium] › tests/states/route-error-composition.spec.ts:44:9 › every shop route composes the shared API error state with its page content › R19 /s/:shopId/orders/:orderId
2026-10-10T10:40:00.4304203Z ROUTE_ERROR_COMPOSITION_ROUTE=R19 RESULT=PASS
2026-10-10T10:40:00.4304612Z 
2026-10-10T10:40:00.4452009Z [207/406] [chromium] › tests/states/route-error-composition.spec.ts:44:9 › every shop route composes the shared API error state with its page content › R20 /s/:shopId/finance
2026-10-10T10:40:05.5003588Z [chromium] › tests/states/route-error-composition.spec.ts:44:9 › every shop route composes the shared API error state with its page content › R20 /s/:shopId/finance
2026-10-10T10:40:05.5005609Z ROUTE_ERROR_COMPOSITION_ROUTE=R20 RESULT=PASS
2026-10-10T10:40:05.5006159Z 
2026-10-10T10:40:05.5189498Z [208/406] [chromium] › tests/states/route-error-composition.spec.ts:44:9 › every shop route composes the shared API error state with its page content › R21 /s/:shopId/finance/entries
2026-10-10T10:40:10.6553333Z [chromium] › tests/states/route-error-composition.spec.ts:44:9 › every shop route composes the shared API error state with its page content › R21 /s/:shopId/finance/entries
2026-10-10T10:40:10.6555651Z ROUTE_ERROR_COMPOSITION_ROUTE=R21 RESULT=PASS
2026-10-10T10:40:10.6556125Z 
2026-10-10T10:40:10.6722809Z [209/406] [chromium] › tests/states/route-error-composition.spec.ts:44:9 › every shop route composes the shared API error state with its page content › R22 /s/:shopId/finance/profit-loss
2026-10-10T10:40:15.8727503Z [chromium] › tests/states/route-error-composition.spec.ts:44:9 › every shop route composes the shared API error state with its page content › R22 /s/:shopId/finance/profit-loss
2026-10-10T10:40:15.8729011Z ROUTE_ERROR_COMPOSITION_ROUTE=R22 RESULT=PASS
2026-10-10T10:40:15.8729391Z 
2026-10-10T10:40:15.8870988Z [210/406] [chromium] › tests/states/route-error-composition.spec.ts:44:9 › every shop route composes the shared API error state with its page content › R23 /s/:shopId/knowledge
2026-10-10T10:40:20.9878018Z [chromium] › tests/states/route-error-composition.spec.ts:44:9 › every shop route composes the shared API error state with its page content › R23 /s/:shopId/knowledge
2026-10-10T10:40:20.9879471Z ROUTE_ERROR_COMPOSITION_ROUTE=R23 RESULT=PASS
2026-10-10T10:40:20.9880351Z 
2026-10-10T10:40:21.0056244Z [211/406] [chromium] › tests/states/route-error-composition.spec.ts:44:9 › every shop route composes the shared API error state with its page content › R24 /s/:shopId/knowledge/:knowledgeId
2026-10-10T10:40:25.7514362Z [chromium] › tests/states/route-error-composition.spec.ts:44:9 › every shop route composes the shared API error state with its page content › R24 /s/:shopId/knowledge/:knowledgeId
2026-10-10T10:40:25.7515737Z ROUTE_ERROR_COMPOSITION_ROUTE=R24 RESULT=PASS
2026-10-10T10:40:25.7515977Z 
2026-10-10T10:40:25.7674349Z [212/406] [chromium] › tests/states/route-error-composition.spec.ts:44:9 › every shop route composes the shared API error state with its page content › R25 /s/:shopId/knowledge/review
2026-10-10T10:40:30.4379408Z [chromium] › tests/states/route-error-composition.spec.ts:44:9 › every shop route composes the shared API error state with its page content › R25 /s/:shopId/knowledge/review
2026-10-10T10:40:30.4381069Z ROUTE_ERROR_COMPOSITION_ROUTE=R25 RESULT=PASS
2026-10-10T10:40:30.4381483Z 
2026-10-10T10:40:30.4543133Z [213/406] [chromium] › tests/states/route-error-composition.spec.ts:44:9 › every shop route composes the shared API error state with its page content › R26 /s/:shopId/bot
2026-10-10T10:40:35.6640422Z [chromium] › tests/states/route-error-composition.spec.ts:44:9 › every shop route composes the shared API error state with its page content › R26 /s/:shopId/bot
2026-10-10T10:40:35.6642048Z ROUTE_ERROR_COMPOSITION_ROUTE=R26 RESULT=PASS
2026-10-10T10:40:35.6642451Z 
2026-10-10T10:40:35.6857396Z [214/406] [chromium] › tests/states/route-error-composition.spec.ts:44:9 › every shop route composes the shared API error state with its page content › R27 /s/:shopId/bot/playground
2026-10-10T10:40:40.3983609Z [chromium] › tests/states/route-error-composition.spec.ts:44:9 › every shop route composes the shared API error state with its page content › R27 /s/:shopId/bot/playground
2026-10-10T10:40:40.3985769Z ROUTE_ERROR_COMPOSITION_ROUTE=R27 RESULT=PASS
2026-10-10T10:40:40.3986710Z 
2026-10-10T10:40:40.4149876Z [215/406] [chromium] › tests/states/route-error-composition.spec.ts:44:9 › every shop route composes the shared API error state with its page content › R28 /s/:shopId/bot/evaluations
2026-10-10T10:40:45.5963784Z [chromium] › tests/states/route-error-composition.spec.ts:44:9 › every shop route composes the shared API error state with its page content › R28 /s/:shopId/bot/evaluations
2026-10-10T10:40:45.5964874Z ROUTE_ERROR_COMPOSITION_ROUTE=R28 RESULT=PASS
2026-10-10T10:40:45.5965794Z 
2026-10-10T10:40:45.6150640Z [216/406] [chromium] › tests/states/route-error-composition.spec.ts:44:9 › every shop route composes the shared API error state with its page content › R29 /s/:shopId/integrations/channels
2026-10-10T10:40:50.7858214Z [chromium] › tests/states/route-error-composition.spec.ts:44:9 › every shop route composes the shared API error state with its page content › R29 /s/:shopId/integrations/channels
2026-10-10T10:40:50.7860076Z ROUTE_ERROR_COMPOSITION_ROUTE=R29 RESULT=PASS
2026-10-10T10:40:50.7860481Z 
2026-10-10T10:40:50.7994033Z [217/406] [chromium] › tests/states/route-error-composition.spec.ts:44:9 › every shop route composes the shared API error state with its page content › R30 /s/:shopId/integrations/ai
2026-10-10T10:40:55.4979470Z [chromium] › tests/states/route-error-composition.spec.ts:44:9 › every shop route composes the shared API error state with its page content › R30 /s/:shopId/integrations/ai
2026-10-10T10:40:55.4980385Z ROUTE_ERROR_COMPOSITION_ROUTE=R30 RESULT=PASS
2026-10-10T10:40:55.4980618Z 
2026-10-10T10:40:55.5144187Z [218/406] [chromium] › tests/states/route-error-composition.spec.ts:44:9 › every shop route composes the shared API error state with its page content › R31 /s/:shopId/reports
2026-10-10T10:41:00.5072101Z [chromium] › tests/states/route-error-composition.spec.ts:44:9 › every shop route composes the shared API error state with its page content › R31 /s/:shopId/reports
2026-10-10T10:41:00.5074153Z ROUTE_ERROR_COMPOSITION_ROUTE=R31 RESULT=PASS
2026-10-10T10:41:00.5074942Z 
2026-10-10T10:41:00.5251784Z [219/406] [chromium] › tests/states/route-error-composition.spec.ts:44:9 › every shop route composes the shared API error state with its page content › R32 /s/:shopId/settings/team
2026-10-10T10:41:05.5257456Z [chromium] › tests/states/route-error-composition.spec.ts:44:9 › every shop route composes the shared API error state with its page content › R32 /s/:shopId/settings/team
2026-10-10T10:41:05.5258368Z ROUTE_ERROR_COMPOSITION_ROUTE=R32 RESULT=PASS
2026-10-10T10:41:05.5258601Z 
2026-10-10T10:41:05.5417863Z [220/406] [chromium] › tests/states/route-error-composition.spec.ts:44:9 › every shop route composes the shared API error state with its page content › R33 /s/:shopId/settings/shop
2026-10-10T10:41:09.3667765Z [chromium] › tests/states/route-error-composition.spec.ts:44:9 › every shop route composes the shared API error state with its page content › R33 /s/:shopId/settings/shop
2026-10-10T10:41:09.3668841Z ROUTE_ERROR_COMPOSITION_ROUTE=R33 RESULT=PASS
2026-10-10T10:41:09.3669081Z 
2026-10-10T10:41:09.3832591Z [221/406] [chromium] › tests/states/route-error-composition.spec.ts:44:9 › every shop route composes the shared API error state with its page content › R34 /s/:shopId/settings/audit
2026-10-10T10:41:14.0765832Z [chromium] › tests/states/route-error-composition.spec.ts:44:9 › every shop route composes the shared API error state with its page content › R34 /s/:shopId/settings/audit
2026-10-10T10:41:14.0767036Z ROUTE_ERROR_COMPOSITION_ROUTE=R34 RESULT=PASS
2026-10-10T10:41:14.0767278Z 
2026-10-10T10:41:14.0934343Z [222/406] [chromium] › tests/states/route-error-composition.spec.ts:44:9 › every shop route composes the shared API error state with its page content › R35 /s/:shopId/settings/privacy
2026-10-10T10:41:19.4552296Z [chromium] › tests/states/route-error-composition.spec.ts:44:9 › every shop route composes the shared API error state with its page content › R35 /s/:shopId/settings/privacy
2026-10-10T10:41:19.4553656Z ROUTE_ERROR_COMPOSITION_ROUTE=R35 RESULT=PASS
2026-10-10T10:41:19.4553911Z 
2026-10-10T10:41:19.4714368Z [223/406] [chromium] › tests/states/route-error-composition.spec.ts:44:9 › every shop route composes the shared API error state with its page content › R36 /s/:shopId/jobs/:jobId
2026-10-10T10:41:24.6284286Z [chromium] › tests/states/route-error-composition.spec.ts:44:9 › every shop route composes the shared API error state with its page content › R36 /s/:shopId/jobs/:jobId
2026-10-10T10:41:24.6286083Z ROUTE_ERROR_COMPOSITION_ROUTE=R36 RESULT=PASS
2026-10-10T10:41:24.6286463Z 
2026-10-10T10:41:24.6464037Z [224/406] [chromium] › tests/states/route-error-composition.spec.ts:44:9 › every shop route composes the shared API error state with its page content › R37 /s/:shopId/operations
2026-10-10T10:41:29.4800140Z [chromium] › tests/states/route-error-composition.spec.ts:44:9 › every shop route composes the shared API error state with its page content › R37 /s/:shopId/operations
2026-10-10T10:41:29.4801696Z ROUTE_ERROR_COMPOSITION_ROUTE=R37 RESULT=PASS
2026-10-10T10:41:29.4802123Z 
2026-10-10T10:41:29.4952371Z [225/406] [chromium] › tests/states/route-error-composition.spec.ts:44:9 › every shop route composes the shared API error state with its page content › R38 /s/:shopId/approvals
2026-10-10T10:41:34.4110617Z [chromium] › tests/states/route-error-composition.spec.ts:44:9 › every shop route composes the shared API error state with its page content › R38 /s/:shopId/approvals
2026-10-10T10:41:34.4112416Z ROUTE_ERROR_COMPOSITION_ROUTE=R38 RESULT=PASS
2026-10-10T10:41:34.4113184Z 
2026-10-10T10:41:34.4286146Z [226/406] [chromium] › tests/states/route-error-composition.spec.ts:44:9 › every shop route composes the shared API error state with its page content › R39 /s/:shopId/notifications
2026-10-10T10:41:39.2701993Z [chromium] › tests/states/route-error-composition.spec.ts:44:9 › every shop route composes the shared API error state with its page content › R39 /s/:shopId/notifications
2026-10-10T10:41:39.2703927Z ROUTE_ERROR_COMPOSITION_ROUTE=R39 RESULT=PASS
2026-10-10T10:41:39.2704363Z 
2026-10-10T10:41:39.2840358Z [227/406] [chromium] › tests/states/route-error-composition.spec.ts:44:9 › every shop route composes the shared API error state with its page content › R40 /s/:shopId/notifications/devices
2026-10-10T10:41:44.3959544Z [chromium] › tests/states/route-error-composition.spec.ts:44:9 › every shop route composes the shared API error state with its page content › R40 /s/:shopId/notifications/devices
2026-10-10T10:41:44.3960746Z ROUTE_ERROR_COMPOSITION_ROUTE=R40 RESULT=PASS
2026-10-10T10:41:44.3961128Z 
2026-10-10T10:41:44.4099367Z [228/406] [chromium] › tests/states/route-error-composition.spec.ts:44:9 › every shop route composes the shared API error state with its page content › R41 /s/:shopId/fulfillment
2026-10-10T10:41:49.0368395Z [chromium] › tests/states/route-error-composition.spec.ts:44:9 › every shop route composes the shared API error state with its page content › R41 /s/:shopId/fulfillment
2026-10-10T10:41:49.0370952Z ROUTE_ERROR_COMPOSITION_ROUTE=R41 RESULT=PASS
2026-10-10T10:41:49.0371655Z 
2026-10-10T10:41:49.0521921Z [229/406] [chromium] › tests/states/route-error-composition.spec.ts:44:9 › every shop route composes the shared API error state with its page content › R42 /s/:shopId/shipments
2026-10-10T10:41:54.1518586Z [chromium] › tests/states/route-error-composition.spec.ts:44:9 › every shop route composes the shared API error state with its page content › R42 /s/:shopId/shipments
2026-10-10T10:41:54.1520083Z ROUTE_ERROR_COMPOSITION_ROUTE=R42 RESULT=PASS
2026-10-10T10:41:54.1520486Z 
2026-10-10T10:41:54.1674842Z [230/406] [chromium] › tests/states/route-error-composition.spec.ts:44:9 › every shop route composes the shared API error state with its page content › R43 /s/:shopId/returns
2026-10-10T10:41:58.9816176Z [chromium] › tests/states/route-error-composition.spec.ts:44:9 › every shop route composes the shared API error state with its page content › R43 /s/:shopId/returns
2026-10-10T10:41:58.9817745Z ROUTE_ERROR_COMPOSITION_ROUTE=R43 RESULT=PASS
2026-10-10T10:41:58.9818377Z 
2026-10-10T10:41:58.9971901Z [231/406] [chromium] › tests/states/route-error-composition.spec.ts:44:9 › every shop route composes the shared API error state with its page content › R44 /s/:shopId/suppliers
2026-10-10T10:42:04.3272996Z [chromium] › tests/states/route-error-composition.spec.ts:44:9 › every shop route composes the shared API error state with its page content › R44 /s/:shopId/suppliers
2026-10-10T10:42:04.3274299Z ROUTE_ERROR_COMPOSITION_ROUTE=R44 RESULT=PASS
2026-10-10T10:42:04.3274736Z 
2026-10-10T10:42:04.3421815Z [232/406] [chromium] › tests/states/route-error-composition.spec.ts:44:9 › every shop route composes the shared API error state with its page content › R45 /s/:shopId/replenishment
2026-10-10T10:42:08.9331035Z [chromium] › tests/states/route-error-composition.spec.ts:44:9 › every shop route composes the shared API error state with its page content › R45 /s/:shopId/replenishment
2026-10-10T10:42:08.9331940Z ROUTE_ERROR_COMPOSITION_ROUTE=R45 RESULT=PASS
2026-10-10T10:42:08.9332175Z 
2026-10-10T10:42:08.9483790Z [233/406] [chromium] › tests/states/route-error-composition.spec.ts:44:9 › every shop route composes the shared API error state with its page content › R46 /s/:shopId/purchases
2026-10-10T10:42:13.5390830Z [chromium] › tests/states/route-error-composition.spec.ts:44:9 › every shop route composes the shared API error state with its page content › R46 /s/:shopId/purchases
2026-10-10T10:42:13.5392234Z ROUTE_ERROR_COMPOSITION_ROUTE=R46 RESULT=PASS
2026-10-10T10:42:13.5392592Z 
2026-10-10T10:42:13.5543816Z [234/406] [chromium] › tests/states/route-error-composition.spec.ts:44:9 › every shop route composes the shared API error state with its page content › R47 /s/:shopId/receipts
2026-10-10T10:42:18.8519680Z [chromium] › tests/states/route-error-composition.spec.ts:44:9 › every shop route composes the shared API error state with its page content › R47 /s/:shopId/receipts
2026-10-10T10:42:18.8520806Z ROUTE_ERROR_COMPOSITION_ROUTE=R47 RESULT=PASS
2026-10-10T10:42:18.8521054Z 
2026-10-10T10:42:18.8667178Z [235/406] [chromium] › tests/states/route-error-composition.spec.ts:44:9 › every shop route composes the shared API error state with its page content › R48 /s/:shopId/finance/journals
2026-10-10T10:42:24.1157789Z [chromium] › tests/states/route-error-composition.spec.ts:44:9 › every shop route composes the shared API error state with its page content › R48 /s/:shopId/finance/journals
2026-10-10T10:42:24.1159427Z ROUTE_ERROR_COMPOSITION_ROUTE=R48 RESULT=PASS
2026-10-10T10:42:24.1160056Z 
2026-10-10T10:42:24.1313760Z [236/406] [chromium] › tests/states/route-error-composition.spec.ts:44:9 › every shop route composes the shared API error state with its page content › R49 /s/:shopId/finance/reconciliation
2026-10-10T10:42:29.2118186Z [chromium] › tests/states/route-error-composition.spec.ts:44:9 › every shop route composes the shared API error state with its page content › R49 /s/:shopId/finance/reconciliation
2026-10-10T10:42:29.2120232Z ROUTE_ERROR_COMPOSITION_ROUTE=R49 RESULT=PASS
2026-10-10T10:42:29.2120855Z 
2026-10-10T10:42:29.2258256Z [237/406] [chromium] › tests/states/route-error-composition.spec.ts:44:9 › every shop route composes the shared API error state with its page content › R50 /s/:shopId/finance/debts-periods
2026-10-10T10:42:34.3474452Z [chromium] › tests/states/route-error-composition.spec.ts:44:9 › every shop route composes the shared API error state with its page content › R50 /s/:shopId/finance/debts-periods
2026-10-10T10:42:34.3476425Z ROUTE_ERROR_COMPOSITION_ROUTE=R50 RESULT=PASS
2026-10-10T10:42:34.3477095Z 
2026-10-10T10:42:34.3897667Z [238/406] [chromium] › tests/states/route-error-composition.spec.ts:44:9 › every shop route composes the shared API error state with its page content › R51 /s/:shopId/bot/team
2026-10-10T10:42:39.1634906Z [chromium] › tests/states/route-error-composition.spec.ts:44:9 › every shop route composes the shared API error state with its page content › R51 /s/:shopId/bot/team
2026-10-10T10:42:39.1637269Z ROUTE_ERROR_COMPOSITION_ROUTE=R51 RESULT=PASS
2026-10-10T10:42:39.1637923Z 
2026-10-10T10:42:39.1807741Z [239/406] [chromium] › tests/states/route-error-composition.spec.ts:44:9 › every shop route composes the shared API error state with its page content › R52 /s/:shopId/operations/digests
2026-10-10T10:42:43.7303805Z [chromium] › tests/states/route-error-composition.spec.ts:44:9 › every shop route composes the shared API error state with its page content › R52 /s/:shopId/operations/digests
2026-10-10T10:42:43.7305689Z ROUTE_ERROR_COMPOSITION_ROUTE=R52 RESULT=PASS
2026-10-10T10:42:43.7306466Z 
2026-10-10T10:42:43.7483413Z [240/406] [chromium] › tests/states/route-error-composition.spec.ts:44:9 › every shop route composes the shared API error state with its page content › R53 /s/:shopId/reports/marketing
2026-10-10T10:42:48.6815942Z [chromium] › tests/states/route-error-composition.spec.ts:44:9 › every shop route composes the shared API error state with its page content › R53 /s/:shopId/reports/marketing
2026-10-10T10:42:48.6817694Z ROUTE_ERROR_COMPOSITION_ROUTE=R53 RESULT=PASS
2026-10-10T10:42:48.6819170Z 
2026-10-10T10:42:48.6988455Z [241/406] [chromium] › tests/states/route-error-composition.spec.ts:44:9 › every shop route composes the shared API error state with its page content › R54 /s/:shopId/service-cases
2026-10-10T10:42:53.8656534Z [chromium] › tests/states/route-error-composition.spec.ts:44:9 › every shop route composes the shared API error state with its page content › R54 /s/:shopId/service-cases
2026-10-10T10:42:53.8657423Z ROUTE_ERROR_COMPOSITION_ROUTE=R54 RESULT=PASS
2026-10-10T10:42:53.8658004Z 
2026-10-10T10:42:53.8810226Z [242/406] [chromium] › tests/states/route-error-composition.spec.ts:44:9 › every shop route composes the shared API error state with its page content › R55 /s/:shopId/settings/warehouses
2026-10-10T10:42:58.8600540Z [chromium] › tests/states/route-error-composition.spec.ts:44:9 › every shop route composes the shared API error state with its page content › R55 /s/:shopId/settings/warehouses
2026-10-10T10:42:58.8602209Z ROUTE_ERROR_COMPOSITION_ROUTE=R55 RESULT=PASS
2026-10-10T10:42:58.8602622Z 
2026-10-10T10:42:58.8740944Z [243/406] [chromium] › tests/states/route-error-composition.spec.ts:44:9 › every shop route composes the shared API error state with its page content › R56 /s/:shopId/finance/accounts
2026-10-10T10:43:03.9603770Z [chromium] › tests/states/route-error-composition.spec.ts:44:9 › every shop route composes the shared API error state with its page content › R56 /s/:shopId/finance/accounts
2026-10-10T10:43:03.9605638Z ROUTE_ERROR_COMPOSITION_ROUTE=R56 RESULT=PASS
2026-10-10T10:43:03.9606100Z 
2026-10-10T10:43:03.9754396Z [244/406] [chromium] › tests/states/route-error-composition.spec.ts:44:9 › every shop route composes the shared API error state with its page content › R57 /s/:shopId/finance/opening-balances
2026-10-10T10:43:09.0427029Z [chromium] › tests/states/route-error-composition.spec.ts:44:9 › every shop route composes the shared API error state with its page content › R57 /s/:shopId/finance/opening-balances
2026-10-10T10:43:09.0428533Z ROUTE_ERROR_COMPOSITION_ROUTE=R57 RESULT=PASS
2026-10-10T10:43:09.0428906Z 
2026-10-10T10:43:09.0572911Z [245/406] [chromium] › tests/states/route-error-composition.spec.ts:44:9 › every shop route composes the shared API error state with its page content › R58 /s/:shopId/finance/ledger
2026-10-10T10:43:14.1987667Z [chromium] › tests/states/route-error-composition.spec.ts:44:9 › every shop route composes the shared API error state with its page content › R58 /s/:shopId/finance/ledger
2026-10-10T10:43:14.1989294Z ROUTE_ERROR_COMPOSITION_ROUTE=R58 RESULT=PASS
2026-10-10T10:43:14.1989684Z 
2026-10-10T10:43:14.2134662Z [246/406] [chromium] › tests/states/route-error-composition.spec.ts:44:9 › every shop route composes the shared API error state with its page content › R59 /s/:shopId/finance/trial-balance
2026-10-10T10:43:19.5288054Z [chromium] › tests/states/route-error-composition.spec.ts:44:9 › every shop route composes the shared API error state with its page content › R59 /s/:shopId/finance/trial-balance
2026-10-10T10:43:19.5290054Z ROUTE_ERROR_COMPOSITION_ROUTE=R59 RESULT=PASS
2026-10-10T10:43:19.5294564Z 
2026-10-10T10:43:19.5425918Z [247/406] [chromium] › tests/states/route-error-composition.spec.ts:44:9 › every shop route composes the shared API error state with its page content › R60 /s/:shopId/finance/balance-sheet
2026-10-10T10:43:24.5340671Z [chromium] › tests/states/route-error-composition.spec.ts:44:9 › every shop route composes the shared API error state with its page content › R60 /s/:shopId/finance/balance-sheet
2026-10-10T10:43:24.5342294Z ROUTE_ERROR_COMPOSITION_ROUTE=R60 RESULT=PASS
2026-10-10T10:43:24.5342830Z 
2026-10-10T10:43:24.6137634Z [248/406] [chromium] › tests/ui-bot-layout.spec.ts:42:1 › Bot routes R26/R27/R28/R51 fit the supported page-width boundaries
2026-10-10T10:43:58.9972943Z [249/406] [chromium] › tests/ui-bot-layout.spec.ts:52:1 › Bot config, evaluation, role and budget dialogs stay inside mobile and desktop viewports
2026-10-10T10:44:23.1348724Z [250/406] [chromium] › tests/ui-catalog-layout.spec.ts:15:1 › catalog R09-R14 keeps shared gutters, inset ownership and dry-run flow at mobile and desktop
2026-10-10T10:44:46.6762825Z [251/406] [chromium] › tests/ui-catalog-layout.spec.ts:67:1 › Imports review notice and demo controls keep the measured shared disclosure boundary at 806x884
2026-10-10T10:44:48.9990936Z [252/406] [chromium] › tests/ui-component-layout.spec.ts:40:1 › A01 order lines keep intrinsic remove actions with clean and invalid quantities
2026-10-10T10:44:58.4924026Z [253/406] [chromium] › tests/ui-component-layout.spec.ts:61:1 › A02 product editors align category and status faces independently from lookup metadata
2026-10-10T10:45:12.5586363Z [254/406] [chromium] › tests/ui-component-layout.spec.ts:84:1 › Shared outlined labels focus empty and populated native controls
2026-10-10T10:45:15.3565999Z [255/406] [chromium] › tests/ui-component-layout.spec.ts:99:1 › A02 variant fields retain readable widths when text doubles
2026-10-10T10:45:32.6812760Z [256/406] [chromium] › tests/ui-component-layout.spec.ts:130:1 › A03 import mapping preserves natural remove actions and editable mappings
2026-10-10T10:45:39.0825664Z [257/406] [chromium] › tests/ui-component-layout.spec.ts:150:1 › A04 full precision money wraps outside tables and remains unbroken in the named scroll region
2026-10-10T10:45:46.7398345Z [258/406] [chromium] › tests/ui-component-layout.spec.ts:176:1 › A05 status height follows its own label while long labels remain fully readable
2026-10-10T10:45:53.8628840Z [259/406] [chromium] › tests/ui-component-layout.spec.ts:196:1 › A06 Empty wraps unbroken reference text and retains its keyboard action
2026-10-10T10:46:01.2739555Z [260/406] [chromium] › tests/ui-component-layout.spec.ts:209:1 › A07 canonical order address selection exposes full text and edit lines retain intrinsic actions
2026-10-10T10:46:16.8485912Z [261/406] [chromium] › tests/ui-composition-layout.spec.ts:13:1 › SPC-061/062 shared compositions own their gap and child boundaries on every canonical route
2026-10-10T10:49:31.1081188Z [262/406] [chromium] › tests/ui-composition-positive-ancestry.spec.ts:62:1 › S15 Dashboard conditional content keeps an independently bordered surface inside its Panel owner
2026-10-10T10:49:37.6241081Z [263/406] [chromium] › tests/ui-composition-positive-ancestry.spec.ts:103:1 › S15 catalog QueryState fragment keeps DataTable and Pager as peer children of one Panel
2026-10-10T10:49:42.9070891Z [264/406] [chromium] › tests/ui-composition-positive-ancestry.spec.ts:137:1 › S15 Knowledge action group wraps children without losing its shared action owner
2026-10-10T10:49:48.2747066Z [265/406] [chromium] › tests/ui-consent-management.spec.ts:16:1 › R35 creates a pending challenge from API and shows consent history without local opt-out state
2026-10-10T10:49:52.4967674Z [266/406] [chromium] › tests/ui-consent-management.spec.ts:36:1 › R61 confirms an opt-out through POST body, removes the token from URL and leaves service messages available
2026-10-10T10:49:54.5097423Z [267/406] [chromium] › tests/ui-consent-management.spec.ts:74:1 › R61 public confirmation remains keyboard-accessible and reflows at 320px
2026-10-10T10:49:56.4006385Z [268/406] [chromium] › tests/ui-customers-layout.spec.ts:30:1 › Customers R07/R08/R54 layouts fit the shell at every responsive boundary
2026-10-10T10:50:23.2620005Z [269/406] [chromium] › tests/ui-customers-layout.spec.ts:59:1 › Customer create and service-case dialogs stay in the viewport without submitting
2026-10-10T10:50:31.6337294Z [270/406] [chromium] › tests/ui-dashboard-layout.spec.ts:17:1 › Shared consolidation Dashboard primary link respects all eight permission tuples and native anchor interactions
2026-10-10T10:53:32.6926800Z   1) [chromium] › tests/ui-dashboard-layout.spec.ts:17:1 › Shared consolidation Dashboard primary link respects all eight permission tuples and native anchor interactions 
2026-10-10T10:53:32.6928063Z 
2026-10-10T10:53:32.6928387Z     Test timeout of 180000ms exceeded.
2026-10-10T10:53:32.6928776Z 
2026-10-10T10:53:32.6929283Z     Error: browserContext.waitForEvent: Test timeout of 180000ms exceeded.
2026-10-10T10:53:32.6929894Z 
2026-10-10T10:53:32.6930486Z       52 |             if (create) { await primary.press('Tab'); await expect(createLink).toBeFocused(); }
2026-10-10T10:53:32.6931347Z       53 |             if (ops && orders && create) {
2026-10-10T10:53:32.6931799Z     > 54 |                 const opened = context.waitForEvent('page');
2026-10-10T10:53:32.6932203Z          |                                        ^
2026-10-10T10:53:32.6932973Z       55 |                 await primary.click({ modifiers: ['Control'] });
2026-10-10T10:53:32.6933391Z       56 |                 const popup = await opened;
2026-10-10T10:53:32.6933931Z       57 |                 await popup.waitForURL(new URL(href, demoUrl).toString()); await popup.close();
2026-10-10T10:53:32.6935546Z         at /home/runner/work/Bot-AI-Ban-hang-FB/Bot-AI-Ban-hang-FB/BotSalesAI_Frontend/tests/ui-dashboard-layout.spec.ts:54:40
2026-10-10T10:53:32.6936330Z 
2026-10-10T10:53:32.6937085Z     Error Context: test-results/playwright-5831-503ecf70-8112-4322-a776-5d9e68ae9717/ui-dashboard-layout-Shared-6bd9a--native-anchor-interactions-chromium/error-context.md
2026-10-10T10:53:32.6937815Z 
2026-10-10T10:53:32.6938514Z     Error Context: test-results/playwright-5831-503ecf70-8112-4322-a776-5d9e68ae9717/ui-dashboard-layout-Shared-6bd9a--native-anchor-interactions-chromium/error-context.md
2026-10-10T10:53:32.6939211Z 
2026-10-10T10:53:32.6939729Z     attachment #3: trace (application/zip) ─────────────────────────────────────────────────────────
2026-10-10T10:53:32.6940716Z     test-results/playwright-5831-503ecf70-8112-4322-a776-5d9e68ae9717/ui-dashboard-layout-Shared-6bd9a--native-anchor-interactions-chromium/trace.zip
2026-10-10T10:53:32.6941826Z     Usage:
2026-10-10T10:53:32.6941952Z 
2026-10-10T10:53:32.6942698Z         npx playwright show-trace test-results/playwright-5831-503ecf70-8112-4322-a776-5d9e68ae9717/ui-dashboard-layout-Shared-6bd9a--native-anchor-interactions-chromium/trace.zip
2026-10-10T10:53:32.6943430Z 
2026-10-10T10:53:32.6943809Z     ────────────────────────────────────────────────────────────────────────────────────────────────
2026-10-10T10:53:32.6944093Z 
2026-10-10T10:53:32.6944104Z 
2026-10-10T10:53:34.8314671Z [271/406] [chromium] › tests/ui-dashboard-layout.spec.ts:69:1 › dashboard hierarchy, CTA targets, and page width hold across supported breakpoints
2026-10-10T10:53:40.6191213Z [272/406] [chromium] › tests/ui-density-layout.spec.ts:10:1 › density table saves row space while preserving action target and data
2026-10-10T10:53:49.2711535Z [273/406] [chromium] › tests/ui-density-layout.spec.ts:22:1 › density divided facts list has one row inset and no additional inter-row gap
2026-10-10T10:53:53.4452712Z [274/406] [chromium] › tests/ui-density-layout.spec.ts:33:1 › density demo disclosure retains state and always shows the synthetic warning
2026-10-10T10:54:03.0182647Z [275/406] [chromium] › tests/ui-density-layout.spec.ts:48:1 › density operational Panel uses 12px boundary while complex form and reading Panel keep comfortable rhythm
2026-10-10T10:54:12.8250994Z [276/406] [chromium] › tests/ui-density-layout.spec.ts:60:1 › density simple category editor keeps labels, errors and keyboard reflow usable
2026-10-10T10:54:26.0190843Z [277/406] [chromium] › tests/ui-finance-layout.spec.ts:30:1 › Finance R20/R21/R22/R48/R49/R50 route layouts retain shell gutter without horizontal overflow from 320–1440px
2026-10-10T10:55:12.3163432Z [278/406] [chromium] › tests/ui-finance-layout.spec.ts:62:1 › titled Finance Panels keep one 12px header-to-first-content boundary
2026-10-10T10:55:27.5582162Z [279/406] [chromium] › tests/ui-finance-layout.spec.ts:129:1 › Finance report, entry, journal, reconciliation and period dialogs remain in the viewport without submitting
2026-10-10T10:55:53.1465485Z [280/406] [chromium] › tests/ui-finance-management.spec.ts:14:1 › C06 opening validates before HTTP and preserves added/removed list drafts through every close guard
2026-10-10T10:55:59.2588048Z [281/406] [chromium] › tests/ui-finance-management.spec.ts:19:1 › C06 opening UI posts only its reviewed version and reports/ledger drill down to real journal IDs
2026-10-10T10:56:09.5534192Z [282/406] [chromium] › tests/ui-finance-management.spec.ts:25:1 › C06 opening conflict retains whole lists and reconciles two changing server versions without forced retry
2026-10-10T10:56:19.3977811Z [283/406] [chromium] › tests/ui-finance-management.spec.ts:31:1 › C06 finance entry validation and refetch conflict keep the saved baseline and draft
2026-10-10T10:56:24.0101427Z [284/406] [chromium] › tests/ui-finance-management.spec.ts:35:1 › C06 all new financial routes and dialog use keyboard/axe and reflow at required widths
2026-10-10T10:57:20.5953005Z [285/406] [chromium] › tests/ui-fulfillment-layout.spec.ts:30:1 › Fulfillment R41/R42 preserve shell gutter and contain responsive route layouts from 320-1440px
2026-10-10T10:57:39.6041222Z [286/406] [chromium] › tests/ui-fulfillment-layout.spec.ts:59:1 › Fulfillment prep, shipment-create, detail and event dialogs fit mobile and desktop without submitting
2026-10-10T10:57:48.7699021Z [287/406] [chromium] › tests/ui-integrations-layout.spec.ts:40:1 › Integrations routes R29/R30 fit the supported page-width boundaries
2026-10-10T10:58:06.7955334Z [288/406] [chromium] › tests/ui-integrations-layout.spec.ts:50:1 › R29 disconnect and R30 create/edit credential dialogs stay inside mobile and desktop viewports
2026-10-10T10:58:20.9617797Z [289/406] [chromium] › tests/ui-inventory-layout.spec.ts:15:1 › Inventory R15/R16 preserve shared gutter and contain table overflow at 320-1440px
2026-10-10T10:58:38.1598137Z [290/406] [chromium] › tests/ui-inventory-layout.spec.ts:55:1 › Inventory filters reset cursor and preserve other URL state; adjustment validation sends no command
2026-10-10T10:58:47.8247657Z [291/406] [chromium] › tests/ui-knowledge-layout.spec.ts:67:1 › Knowledge routes R23/R24/R25 fit every supported layout boundary
2026-10-10T10:59:18.2627332Z [292/406] [chromium] › tests/ui-knowledge-layout.spec.ts:87:1 › Knowledge create, edit, and feedback-review dialogs remain inside mobile and desktop viewports
2026-10-10T10:59:36.5403015Z [293/406] [chromium] › tests/ui-master-resources.spec.ts:13:1 › C05 warehouses validate before HTTP, protect drafts and create/update/archive with visible results
2026-10-10T10:59:44.2060205Z [294/406] [chromium] › tests/ui-master-resources.spec.ts:26:1 › C05 warehouse conflicts keep the draft across two concurrent versions and require explicit reconciliation
2026-10-10T10:59:48.3882446Z [295/406] [chromium] › tests/ui-master-resources.spec.ts:34:1 › C05 accounts create and protect used fields; journal choices come from the same API lookup
2026-10-10T10:59:53.2216525Z [296/406] [chromium] › tests/ui-master-resources.spec.ts:40:1 › C05 customer address UI never replays a masked phone and orders load per-customer addresses
2026-10-10T10:59:59.1974851Z [297/406] [chromium] › tests/ui-master-resources.spec.ts:46:1 › C05 new management routes and address dialog reflow at all required widths with keyboard and axe
2026-10-10T11:00:37.6287791Z [298/406] [chromium] › tests/ui-master-resources.spec.ts:58:1 › C05 complete customer addresses create/archive through HTTP; masked mandatory fields prevent creation
2026-10-10T11:00:42.8346404Z [299/406] [chromium] › tests/ui-master-resources.spec.ts:77:1 › C05 an unknown warehouse creation keeps the draft and prevents a second request
2026-10-10T11:00:45.4141942Z [300/406] [chromium] › tests/ui-notifications-layout.spec.ts:40:1 › R39/R40 Notifications routes fit the supported page-width boundaries
2026-10-10T11:01:03.5592108Z [301/406] [chromium] › tests/ui-notifications-layout.spec.ts:50:1 › R40 revoke-device confirmation stays inside mobile and desktop viewports
2026-10-10T11:01:10.6928291Z [302/406] [chromium] › tests/ui-operations-layout.spec.ts:41:1 › R37/R38/R52 Operations routes fit the supported page-width boundaries
2026-10-10T11:01:36.3092403Z [303/406] [chromium] › tests/ui-operations-layout.spec.ts:51:1 › R52 role-control confirmation stays inside mobile and desktop viewports
2026-10-10T11:01:43.7274953Z [304/406] [chromium] › tests/ui-orders-layout.spec.ts:15:1 › Orders R17/R18/R19/R43 preserve responsive page geometry at 320-1440px
2026-10-10T11:02:18.5261628Z [305/406] [chromium] › tests/ui-orders-layout.spec.ts:46:1 › Orders draft, versioned quote, canonical address snapshot and return dialogs keep their behavior without writes
2026-10-10T11:02:33.2371817Z [306/406] [chromium] › tests/ui-panel-layout.spec.ts:15:1 › the titled Fulfillment Panel owns its body inset and keeps one 12px header boundary
2026-10-10T11:02:41.5723577Z [307/406] [chromium] › tests/ui-procurement-layout.spec.ts:38:1 › Procurement R44-R47 preserve shared page gutter and contain responsive tables at 320-1440px
2026-10-10T11:03:16.1585648Z [308/406] [chromium] › tests/ui-procurement-layout.spec.ts:69:1 › Procurement supplier, offer, rule, purchase and receipt dialogs fit narrow and desktop viewports without writes
2026-10-10T11:03:35.3672036Z [309/406] [chromium] › tests/ui-query-state-layout.spec.ts:68:5 › S12 R09 QueryState section profile preserves pending and ready layout
2026-10-10T11:03:49.7864254Z [310/406] [chromium] › tests/ui-query-state-layout.spec.ts:68:5 › S12 R11 QueryState inline profile preserves pending and ready layout
2026-10-10T11:04:01.6236813Z [311/406] [chromium] › tests/ui-shell-layout.spec.ts:45:1 › Shell keeps header, banner, main and footer on one responsive gutter
2026-10-10T11:04:05.6615790Z [312/406] [chromium] › tests/ui-shell-layout.spec.ts:106:1 › demo controls stay discoverable on mobile and usable on desktop
2026-10-10T11:04:07.5756953Z [313/406] [chromium] › tests/ui-shell-layout.spec.ts:124:1 › SPC-055/057 demo-control labels keep a clear gap on every Shell route consumer
2026-10-10T11:05:26.5885678Z [314/406] [chromium] › tests/ui-shell-layout.spec.ts:149:1 › unmatched route fallback owns its page gutter without horizontal overflow
2026-10-10T11:05:28.0773569Z [315/406] [chromium] › tests/ui-toolbar-layout.spec.ts:36:1 › Shared Toolbar and demo tools keep labels clear when text doubles
2026-10-10T11:05:37.8118238Z [316/406] [chromium] › tests/ui-toolbar-layout.spec.ts:64:1 › Toolbar geometry: multiline category lookup cannot stretch the search button
2026-10-10T11:05:40.9165501Z [317/406] [chromium] › tests/ui-toolbar-layout.spec.ts:81:1 › Shared consolidation Inbox filters share Toolbar ownership and stay outside search across pane widths
2026-10-10T11:06:00.7262754Z [318/406] [chromium] › tests/ui-toolbar-layout.spec.ts:124:1 › Toolbar affected routes keep intrinsic actions, capability branches and 320px reflow
2026-10-10T11:07:22.8189401Z [319/406] [chromium] › tests/ui-toolbar-layout.spec.ts:149:1 › Toolbar public extra slot cannot stretch a single-line submit action
2026-10-10T11:07:25.0150731Z [320/406] [chromium] › tests/ui-toolbar-layout.spec.ts:166:1 › Toolbar preserves Products URL filters, search submit, clear and independent category lookup
2026-10-10T11:07:29.8742145Z [321/406] [chromium] › tests/ui-toolbar-layout.spec.ts:202:1 › Toolbar keeps Inventory apply/reset separate from search submission
2026-10-10T11:07:36.8590790Z [322/406] [chromium] › tests/ui-toolbar-layout.spec.ts:222:1 › Toolbar category more/busy/error/retry branches preserve search geometry and actual pagination
2026-10-10T11:07:42.3021929Z [323/406] [chromium] › tests/ui-ux-completion.spec.ts:9:1 › UX01 setup feedback CTA reaches review workflow rather than dynamic knowledge detail
2026-10-10T11:07:47.4537850Z [324/406] [chromium] › tests/ui-ux-completion.spec.ts:15:1 › UX02 stock warnings describe low/zero stock without implying a server block
2026-10-10T11:07:49.5050953Z [325/406] [chromium] › tests/ui-ux-completion.spec.ts:22:1 › UX02 inventory receipts and accounting open periods have domain-specific names
2026-10-10T11:07:53.2250432Z [326/406] [chromium] › tests/ui-ux-completion.spec.ts:31:1 › UX04 onboarding protects the whole draft on leave and reload
2026-10-10T11:08:05.7169580Z [327/406] [chromium] › tests/ui-ux-completion.spec.ts:52:1 › UX04 acknowledged shop creation leaves without a false dirty warning
2026-10-10T11:08:07.5016641Z [328/406] [chromium] › tests/ui-ux-completion.spec.ts:60:1 › UX05 product detail returns to committed filters; direct links use the list fallback
2026-10-10T11:08:11.9647615Z [329/406] [chromium] › tests/ui-ux-completion.spec.ts:70:60 › UX05 customers list returns to its own filter context
2026-10-10T11:08:16.4691597Z [330/406] [chromium] › tests/ui-ux-completion.spec.ts:70:60 › UX05 orders list returns to its own filter context
2026-10-10T11:08:20.6916802Z [331/406] [chromium] › tests/ui-ux-completion.spec.ts:70:60 › UX05 knowledge list returns to its own filter context
2026-10-10T11:08:24.6573200Z [332/406] [chromium] › tests/ui-ux-completion.spec.ts:86:1 › UX03 category, member and AI deletion confirmations name the selected object and consequence
2026-10-10T11:08:30.3384130Z [333/406] [chromium] › tests/ui-ux-completion.spec.ts:108:1 › UX07 titles and breadcrumb distinguish create/detail/review; menu empty state clears with focus
2026-10-10T11:08:34.8506083Z [334/406] [chromium] › tests/ui-ux-completion.spec.ts:126:1 › UX10 multi-table pages have distinct business names
2026-10-10T11:08:38.6137317Z [335/406] [chromium] › tests/ui-ux-completion.spec.ts:136:1 › UX06 AI capability names and states are readable in Vietnamese
2026-10-10T11:08:40.6734345Z [336/406] [chromium] › tests/ui-ux-completion.spec.ts:143:1 › UX15 detail captions reflow without splitting short words across all required viewports
2026-10-10T11:08:44.2270847Z [337/406] [chromium] › tests/ui-width-layout.spec.ts:29:1 › W01 AI single connection fills its collection at breakpoint edges and wide viewports
2026-10-10T11:08:55.6343910Z [338/406] [chromium] › tests/ui-width-layout.spec.ts:42:1 › W01 AI keeps two-column collection for two/three items and refetch preserves the new count
2026-10-10T11:08:59.5592274Z [339/406] [chromium] › tests/ui-width-layout.spec.ts:63:1 › W01 AI empty result keeps one accessible create action and no empty grid
2026-10-10T11:09:01.9483845Z [340/406] [chromium] › tests/ui-width-layout.spec.ts:72:35 › W01 workspace collection handles 0 visible shops
2026-10-10T11:09:10.2771461Z [341/406] [chromium] › tests/ui-width-layout.spec.ts:72:35 › W01 workspace collection handles 1 visible shops
2026-10-10T11:09:18.5820785Z [342/406] [chromium] › tests/ui-width-layout.spec.ts:72:35 › W01 workspace collection handles 2 visible shops
2026-10-10T11:09:26.7057854Z [343/406] [chromium] › tests/ui-width-layout.spec.ts:72:35 › W01 workspace collection handles 3 visible shops
2026-10-10T11:09:34.8441964Z [344/406] [chromium] › tests/ui-width-layout.spec.ts:104:1 › W02 full-width form groups fill their panel and retain input/mapping/shipping behavior
2026-10-10T11:10:03.6839657Z [345/406] [chromium] › tests/ui-width-layout.spec.ts:144:1 › W03 notification protection notice occupies the full page row after the two panes
2026-10-10T11:10:10.4795577Z [346/406] [chromium] › tests/ui-width-layout.spec.ts:163:1 › W04 detail rows stay atomic in divided rhythm and plain containers
2026-10-10T11:10:17.2935941Z [347/406] [chromium] › tests/ui-workspace-layout.spec.ts:60:1 › workspace routes stay within the supported page-width boundaries
2026-10-10T11:11:18.1633630Z [348/406] [chromium] › tests/ui-workspace-layout.spec.ts:72:1 › team invite and privacy request dialogs remain usable without submitting
2026-10-10T11:11:31.3837947Z [349/406] [chromium] › tests/ui006-lookups.spec.ts:69:1 › UI006.C05 lookup and table cursors reach records after 150 synthetic suppliers, offers, and orders
2026-10-10T11:12:23.4581747Z [350/406] [chromium] › tests/ui006-lookups.spec.ts:215:1 › UI006.C04 bounded previews disclose their sample and link to full collections
2026-10-10T11:12:29.5045927Z [351/406] [chromium] › tests/ui006-lookups.spec.ts:232:1 › UI006.C02 selected order identity survives a failed search and cursor retry
2026-10-10T11:12:33.2349784Z [352/406] [chromium] › tests/ui007-query-states.spec.ts:30:1 › UI007 secondary order query loads independently while the customer profile remains available
2026-10-10T11:12:38.5440537Z [353/406] [chromium] › tests/ui007-query-states.spec.ts:60:1 › UI007 order query 503 is isolated from the primary customer query and retries only that query
2026-10-10T11:12:42.8410166Z [354/406] [chromium] › tests/ui007-query-states.spec.ts:94:1 › UI007 forbidden order query is an access state and a successful empty query is distinct
2026-10-10T11:12:46.7178656Z [355/406] [chromium] › tests/ui007-query-states.spec.ts:114:1 › UI007 supplier and offer failures keep purchase suggestions visible and have operation-specific recovery
2026-10-10T11:12:50.7094314Z [356/406] [chromium] › tests/ui007-query-states.spec.ts:150:1 › UI007 auto-send budget query is lazy, permission-aware, and blocks an unverified budget
2026-10-10T11:12:54.6602084Z [357/406] [chromium] › tests/ui008-integration-empty.spec.ts:57:1 › UI008 R29 successful empty collection exposes an accessible state and one permission-guarded connect CTA
2026-10-10T11:12:58.4919692Z [358/406] [chromium] › tests/ui008-integration-empty.spec.ts:75:1 › UI008 R29 read-only bot_admin sees the empty state without a manage action
2026-10-10T11:13:01.4854259Z [359/406] [chromium] › tests/ui008-integration-empty.spec.ts:90:1 › UI008 R29 pending channel query stays loading until its response arrives
2026-10-10T11:13:04.5604502Z [360/406] [chromium] › tests/ui008-integration-empty.spec.ts:109:1 › UI008 R29 forbidden channel query is not presented as empty or retryable
2026-10-10T11:13:06.6809599Z [361/406] [chromium] › tests/ui008-integration-empty.spec.ts:123:1 › UI008 R29 503 remains an error and recovers through its retry control
2026-10-10T11:13:10.2730778Z [362/406] [chromium] › tests/ui008-integration-empty.spec.ts:144:1 › UI008 R30 successful empty AI connection cards show a first-use state and one add CTA
2026-10-10T11:13:12.5306860Z [363/406] [chromium] › tests/ui008-integration-empty.spec.ts:162:1 › UI008 R30 read-only bot_admin sees the empty state without an add action
2026-10-10T11:13:15.7714068Z [364/406] [chromium] › tests/ui009-scope-regression.spec.ts:23:1 › UI009 delayed customer orders from the previous shop cannot leak into the new shop profile
2026-10-10T11:13:22.2616158Z [365/406] [chromium] › tests/ui010-dialog-draft.spec.ts:15:1 › UI010 a discarded confirmation reason is cleared before the dialog opens again
2026-10-10T11:13:27.4184862Z [366/406] [chromium] › tests/ui011-date-time.spec.ts:16:1 › UI011 report defaults use the active shop calendar month at a UTC month boundary
2026-10-10T11:13:31.6091470Z [367/406] [chromium] › tests/ui011-date-time.spec.ts:29:1 › UI011 journal effective date defaults to the active shop calendar date
2026-10-10T11:13:34.0033044Z [368/406] [chromium] › tests/ui011-date-time.spec.ts:41:1 › UI011 shipment event input and API instant use the shop timezone, not browser timezone
2026-10-10T11:13:37.0572837Z [369/406] [chromium] › tests/ui012-keyboard.spec.ts:42:1 › UI012 keyboard-only finance edit handles select, discard warning and focus return
2026-10-10T11:13:42.8913788Z [370/406] [chromium] › tests/ui012-keyboard.spec.ts:103:1 › UI012 keyboard validation focuses the field named by a synthetic 422 response
2026-10-10T11:13:49.9032429Z [371/406] [chromium] › tests/ui012-keyboard.spec.ts:160:1 › UI012 keyboard activates the CSV chooser and discards its selected file without upload
2026-10-10T11:13:53.4711781Z [372/406] [chromium] › tests/ui012-keyboard.spec.ts:200:1 › UI012 keyboard can reach and horizontally scroll the marketing chart data alternative
2026-10-10T11:13:57.1661047Z [373/406] [chromium] › tests/ui012-keyboard.spec.ts:227:1 › UI012 marketing chart keeps every category label visible beside its data table
2026-10-10T11:14:02.5036418Z [374/406] [chromium] › tests/ui012-keyboard.spec.ts:276:1 › UI012 inbox feedback actions identify their message and return focus after Escape
2026-10-10T11:14:07.9303960Z [375/406] [chromium] › tests/ui012-keyboard.spec.ts:309:1 › UI012 order draft does not announce an untouched required customer as invalid
2026-10-10T11:14:09.9516161Z [376/406] [chromium] › tests/ui012-keyboard.spec.ts:322:1 › UI012 human-confirmation policy copy wraps inside its alert at a 320 CSS-pixel viewport
2026-10-10T11:14:11.8239142Z [377/406] [chromium] › tests/ui012-keyboard.spec.ts:356:1 › UI012 dashboard CTA separates hover and pressed feedback while keeping keyboard focus visible
2026-10-10T11:14:17.6836947Z [378/406] [chromium] › tests/ui013-url-state.spec.ts:19:1 › UI013 reconciliation tab deep links and survives refresh; malformed tab safely falls back
2026-10-10T11:14:26.0535645Z [379/406] [chromium] › tests/ui013-url-state.spec.ts:39:1 › UI013 finance date range deep link, edit, refresh and Back use shop-local filter state
2026-10-10T11:14:32.5137501Z [380/406] [chromium] › tests/ui013-url-state.spec.ts:70:1 › UI013 report type and export date filters are deep-linkable, refreshable and malformed values fall back safely
2026-10-10T11:14:39.2751738Z [381/406] [chromium] › tests/ui021-permission-edge.spec.ts:4:1 › privacy page keeps the customers link when the destination permission is present
2026-10-10T11:14:43.4188016Z [382/406] [chromium] › tests/ui021-permission-edge.spec.ts:19:1 › privacy page hides the customers link when the destination permission is missing
2026-10-10T11:14:48.2191299Z [383/406] [chromium] › tests/ui028-w24-inbox-layout.spec.ts:15:1 › UI028.W24 Inbox spacing roles remain consistent across breakpoints without losing draft state
2026-10-10T11:15:00.6936687Z [384/406] [chromium] › tests/ui028-w25-reports-layout.spec.ts:16:1 › UI028.W25 Reports semantic spacing stays stable at mobile, tablet and desktop widths
2026-10-10T11:15:25.4496899Z [385/406] [chromium] › tests/ui028-w25-reports-layout.spec.ts:123:1 › UI028.W25 authorized report download link retains its 44px hit target
2026-10-10T11:15:30.2291386Z [386/406] [chromium] › tests/ui028-w28-routes.spec.ts:47:5 › UI028.W28 61 canonical routes render with measured 390px layout geometry
2026-10-10T11:17:06.0608265Z [chromium] › tests/ui028-w28-routes.spec.ts:47:5 › UI028.W28 61 canonical routes render with measured 390px layout geometry
2026-10-10T11:17:06.0610745Z [w28-route-geometry] {"browser":"chromium","width":390,"routes":61,"issues":0,"pageErrors":0,"evidence":"evidence/frontend-ui-improvements/UI028/W28/route-geometry-chromium-390-current-20261010-110335-12205.json"}
2026-10-10T11:17:06.0612198Z 
2026-10-10T11:17:06.0892262Z [387/406] [chromium] › tests/ui028-w28-routes.spec.ts:47:5 › UI028.W28 61 canonical routes render with measured 1440px layout geometry
2026-10-10T11:18:25.8152267Z [chromium] › tests/ui028-w28-routes.spec.ts:47:5 › UI028.W28 61 canonical routes render with measured 1440px layout geometry
2026-10-10T11:18:25.8154861Z [w28-route-geometry] {"browser":"chromium","width":1440,"routes":61,"issues":0,"pageErrors":0,"evidence":"evidence/frontend-ui-improvements/UI028/W28/route-geometry-chromium-1440-current-20261010-110335-12205.json"}
2026-10-10T11:18:25.8156561Z 
2026-10-10T11:18:25.9218947Z [388/406] [chromium] › tests/ui028-w29-reflow.spec.ts:30:5 › UI028.W29 320px reflow retains representative actions and contains overflow
2026-10-10T11:18:39.6675492Z [chromium] › tests/ui028-w29-reflow.spec.ts:30:5 › UI028.W29 320px reflow retains representative actions and contains overflow
2026-10-10T11:18:39.6677658Z [w29-responsive-profile] {"browser":"chromium","width":320,"profiles":7,"issues":0,"pageErrors":0,"evidence":"evidence/frontend-ui-improvements/UI028/W29/responsive-profile-chromium-320-current-20261010-110335-12205.json"}
2026-10-10T11:18:39.6678853Z 
2026-10-10T11:18:39.6858687Z [389/406] [chromium] › tests/ui028-w29-reflow.spec.ts:30:5 › UI028.W29 390px reflow retains representative actions and contains overflow
2026-10-10T11:18:51.3640406Z [chromium] › tests/ui028-w29-reflow.spec.ts:30:5 › UI028.W29 390px reflow retains representative actions and contains overflow
2026-10-10T11:18:51.3642196Z [w29-responsive-profile] {"browser":"chromium","width":390,"profiles":7,"issues":0,"pageErrors":0,"evidence":"evidence/frontend-ui-improvements/UI028/W29/responsive-profile-chromium-390-current-20261010-110335-12205.json"}
2026-10-10T11:18:51.3643064Z 
2026-10-10T11:18:51.3818382Z [390/406] [chromium] › tests/ui028-w29-reflow.spec.ts:30:5 › UI028.W29 767px reflow retains representative actions and contains overflow
2026-10-10T11:19:03.5480587Z [chromium] › tests/ui028-w29-reflow.spec.ts:30:5 › UI028.W29 767px reflow retains representative actions and contains overflow
2026-10-10T11:19:03.5482149Z [w29-responsive-profile] {"browser":"chromium","width":767,"profiles":7,"issues":0,"pageErrors":0,"evidence":"evidence/frontend-ui-improvements/UI028/W29/responsive-profile-chromium-767-current-20261010-110335-12205.json"}
2026-10-10T11:19:03.5483509Z 
2026-10-10T11:19:03.5651976Z [391/406] [chromium] › tests/ui028-w29-reflow.spec.ts:30:5 › UI028.W29 768px reflow retains representative actions and contains overflow
2026-10-10T11:19:15.4068169Z [chromium] › tests/ui028-w29-reflow.spec.ts:30:5 › UI028.W29 768px reflow retains representative actions and contains overflow
2026-10-10T11:19:15.4070822Z [w29-responsive-profile] {"browser":"chromium","width":768,"profiles":7,"issues":0,"pageErrors":0,"evidence":"evidence/frontend-ui-improvements/UI028/W29/responsive-profile-chromium-768-current-20261010-110335-12205.json"}
2026-10-10T11:19:15.4072252Z 
2026-10-10T11:19:15.4228731Z [392/406] [chromium] › tests/ui028-w29-reflow.spec.ts:30:5 › UI028.W29 1024px reflow retains representative actions and contains overflow
2026-10-10T11:19:27.3369387Z [chromium] › tests/ui028-w29-reflow.spec.ts:30:5 › UI028.W29 1024px reflow retains representative actions and contains overflow
2026-10-10T11:19:27.3372301Z [w29-responsive-profile] {"browser":"chromium","width":1024,"profiles":7,"issues":0,"pageErrors":0,"evidence":"evidence/frontend-ui-improvements/UI028/W29/responsive-profile-chromium-1024-current-20261010-110335-12205.json"}
2026-10-10T11:19:27.3373431Z 
2026-10-10T11:19:27.3559289Z [393/406] [chromium] › tests/ui028-w29-reflow.spec.ts:30:5 › UI028.W29 1279px reflow retains representative actions and contains overflow
2026-10-10T11:19:39.2952082Z [chromium] › tests/ui028-w29-reflow.spec.ts:30:5 › UI028.W29 1279px reflow retains representative actions and contains overflow
2026-10-10T11:19:39.2953683Z [w29-responsive-profile] {"browser":"chromium","width":1279,"profiles":7,"issues":0,"pageErrors":0,"evidence":"evidence/frontend-ui-improvements/UI028/W29/responsive-profile-chromium-1279-current-20261010-110335-12205.json"}
2026-10-10T11:19:39.2954536Z 
2026-10-10T11:19:39.3141161Z [394/406] [chromium] › tests/ui028-w29-reflow.spec.ts:30:5 › UI028.W29 1280px reflow retains representative actions and contains overflow
2026-10-10T11:19:50.4384592Z [chromium] › tests/ui028-w29-reflow.spec.ts:30:5 › UI028.W29 1280px reflow retains representative actions and contains overflow
2026-10-10T11:19:50.4387808Z [w29-responsive-profile] {"browser":"chromium","width":1280,"profiles":7,"issues":0,"pageErrors":0,"evidence":"evidence/frontend-ui-improvements/UI028/W29/responsive-profile-chromium-1280-current-20261010-110335-12205.json"}
2026-10-10T11:19:50.4389218Z 
2026-10-10T11:19:50.4587591Z [395/406] [chromium] › tests/ui028-w29-reflow.spec.ts:30:5 › UI028.W29 1440px reflow retains representative actions and contains overflow
2026-10-10T11:20:01.4508297Z [chromium] › tests/ui028-w29-reflow.spec.ts:30:5 › UI028.W29 1440px reflow retains representative actions and contains overflow
2026-10-10T11:20:01.4510701Z [w29-responsive-profile] {"browser":"chromium","width":1440,"profiles":7,"issues":0,"pageErrors":0,"evidence":"evidence/frontend-ui-improvements/UI028/W29/responsive-profile-chromium-1440-current-20261010-110335-12205.json"}
2026-10-10T11:20:01.4512986Z 
2026-10-10T11:20:01.4737501Z [396/406] [chromium] › tests/ui028-w29-reflow.spec.ts:30:5 › UI028.W29 1920px reflow retains representative actions and contains overflow
2026-10-10T11:20:12.7607985Z [chromium] › tests/ui028-w29-reflow.spec.ts:30:5 › UI028.W29 1920px reflow retains representative actions and contains overflow
2026-10-10T11:20:12.7611059Z [w29-responsive-profile] {"browser":"chromium","width":1920,"profiles":7,"issues":0,"pageErrors":0,"evidence":"evidence/frontend-ui-improvements/UI028/W29/responsive-profile-chromium-1920-current-20261010-110335-12205.json"}
2026-10-10T11:20:12.7612852Z 
2026-10-10T11:20:12.8550059Z [397/406] [chromium] › tests/ui028-w30-stress.spec.ts:75:5 › UI028.W30 form-error-short: 200% text and spacing stress at 320x480
2026-10-10T11:20:16.6389707Z [chromium] › tests/ui028-w30-stress.spec.ts:75:5 › UI028.W30 form-error-short: 200% text and spacing stress at 320x480
2026-10-10T11:20:16.6392528Z [w30-stress] {"browser":"chromium","scenario":"form-error-short","viewport":{"width":320,"height":480},"scaledTextElements":55,"issues":0,"pageErrors":0,"evidence":"evidence/frontend-ui-improvements/UI028/W30/stress-chromium-form-error-short-current-20261010-110335-12205.json"}
2026-10-10T11:20:16.6394281Z 
2026-10-10T11:20:16.6538843Z [398/406] [chromium] › tests/ui028-w30-stress.spec.ts:75:5 › UI028.W30 mobile-menu-long-label: 200% text and spacing stress at 390x560
2026-10-10T11:20:19.1148349Z [chromium] › tests/ui028-w30-stress.spec.ts:75:5 › UI028.W30 mobile-menu-long-label: 200% text and spacing stress at 390x560
2026-10-10T11:20:19.1151214Z [w30-stress] {"browser":"chromium","scenario":"mobile-menu-long-label","viewport":{"width":390,"height":560},"scaledTextElements":148,"issues":0,"pageErrors":0,"evidence":"evidence/frontend-ui-improvements/UI028/W30/stress-chromium-mobile-menu-long-label-current-20261010-110335-12205.json"}
2026-10-10T11:20:19.1152493Z 
2026-10-10T11:20:19.1294443Z [399/406] [chromium] › tests/ui028-w30-stress.spec.ts:75:5 › UI028.W30 report-long-id: 200% text and spacing stress at 640x450
2026-10-10T11:20:21.7007229Z [chromium] › tests/ui028-w30-stress.spec.ts:75:5 › UI028.W30 report-long-id: 200% text and spacing stress at 640x450
2026-10-10T11:20:21.7010280Z [w30-stress] {"browser":"chromium","scenario":"report-long-id","viewport":{"width":640,"height":450},"scaledTextElements":244,"issues":0,"pageErrors":0,"evidence":"evidence/frontend-ui-improvements/UI028/W30/stress-chromium-report-long-id-current-20261010-110335-12205.json"}
2026-10-10T11:20:21.7012059Z 
2026-10-10T11:20:21.7154266Z [400/406] [chromium] › tests/ui028-w30-stress.spec.ts:75:5 › UI028.W30 inbox-long-composer: 200% text and spacing stress at 390x560
2026-10-10T11:20:23.6424131Z [chromium] › tests/ui028-w30-stress.spec.ts:75:5 › UI028.W30 inbox-long-composer: 200% text and spacing stress at 390x560
2026-10-10T11:20:23.6427893Z [w30-stress] {"browser":"chromium","scenario":"inbox-long-composer","viewport":{"width":390,"height":560},"scaledTextElements":71,"issues":0,"pageErrors":0,"evidence":"evidence/frontend-ui-improvements/UI028/W30/stress-chromium-inbox-long-composer-current-20261010-110335-12205.json"}
2026-10-10T11:20:23.6430179Z 
2026-10-10T11:20:23.6584606Z [401/406] [chromium] › tests/ui028-w30-stress.spec.ts:75:5 › UI028.W30 dialog-long-reason: 200% text and spacing stress at 320x480
2026-10-10T11:20:25.7652224Z [chromium] › tests/ui028-w30-stress.spec.ts:75:5 › UI028.W30 dialog-long-reason: 200% text and spacing stress at 320x480
2026-10-10T11:20:25.7655514Z [w30-stress] {"browser":"chromium","scenario":"dialog-long-reason","viewport":{"width":320,"height":480},"scaledTextElements":80,"issues":0,"pageErrors":0,"evidence":"evidence/frontend-ui-improvements/UI028/W30/stress-chromium-dialog-long-reason-current-20261010-110335-12205.json"}
2026-10-10T11:20:25.7657425Z 
2026-10-10T11:20:25.8446346Z [402/406] [chromium] › tests/vertical-slices/fe022-flows.spec.ts:38:1 › FE022.VS01 catalog → stock → order → prep keeps product, reservation, and order references linked
2026-10-10T11:20:33.7839879Z [403/406] [chromium] › tests/vertical-slices/fe022-flows.spec.ts:92:1 › FE022.VS02 procurement → approval → receipt → stock and payable preserves the purchase identity
2026-10-10T11:20:43.3573079Z [404/406] [chromium] › tests/vertical-slices/fe022-flows.spec.ts:168:1 › FE022.VS03 finance → reconciliation retains bank transaction and partial debt allocation
2026-10-10T11:20:48.3828035Z [405/406] [chromium] › tests/vertical-slices/fe022-flows.spec.ts:210:1 › FE022.VS04 inbox → knowledge draft → bot evaluation preserves feedback and revision source IDs
2026-10-10T11:20:53.9349891Z [406/406] [chromium] › tests/vertical-slices/fe022-flows.spec.ts:252:1 › FE022.S05 route and feature matrix covers canonical IDs with executed cases or explicit frontend gaps
2026-10-10T11:20:55.3471536Z   1 failed
2026-10-10T11:20:55.3473432Z     [chromium] › tests/ui-dashboard-layout.spec.ts:17:1 › Shared consolidation Dashboard primary link respects all eight permission tuples and native anchor interactions 
2026-10-10T11:20:55.3474817Z   405 passed (1.0h)
2026-10-10T11:20:55.3922985Z ##[error]Process completed with exit code 1.
2026-10-10T11:20:55.4015250Z ##[group]Run actions/upload-artifact@043fb46d1a93c77aae656e7c1c64a875d1fc6a0a
2026-10-10T11:20:55.4015698Z with:
2026-10-10T11:20:55.4016059Z   name: frontend-chromium-38044074123-1-46d30b0b21cb477494ff9339f8365e29dbc56ce1
2026-10-10T11:20:55.4016744Z   path: BotSalesAI_Frontend/apps/web/dist/
BotSalesAI_Frontend/apps/web/dist-demo/
BotSalesAI_Frontend/test-results/

2026-10-10T11:20:55.4017307Z   if-no-files-found: ignore
2026-10-10T11:20:55.4017552Z   retention-days: 14
2026-10-10T11:20:55.4017776Z   compression-level: 6
2026-10-10T11:20:55.4017996Z   overwrite: false
2026-10-10T11:20:55.4018209Z   include-hidden-files: false
2026-10-10T11:20:55.4018450Z   archive: true
2026-10-10T11:20:55.4018644Z ##[endgroup]
2026-10-10T11:20:55.5780068Z Multiple search paths detected. Calculating the least common ancestor of all paths
2026-10-10T11:20:55.5782854Z The least common ancestor is /home/runner/work/Bot-AI-Ban-hang-FB/Bot-AI-Ban-hang-FB/BotSalesAI_Frontend. This will be the root directory of the artifact
2026-10-10T11:20:55.5784337Z With the provided path, there will be 77 files uploaded
2026-10-10T11:20:55.5785547Z Artifact name is valid!
2026-10-10T11:20:55.5786067Z Root directory input is valid!
2026-10-10T11:20:55.8321932Z Uploading artifact: frontend-chromium-38044074123-1-46d30b0b21cb477494ff9339f8365e29dbc56ce1.zip
2026-10-10T11:20:55.8365423Z Beginning upload of artifact content to blob storage
2026-10-10T11:20:56.4914772Z Uploaded bytes 6029498
2026-10-10T11:20:56.5194883Z Finished uploading artifact content to blob storage!
2026-10-10T11:20:56.5196958Z SHA256 digest of uploaded artifact is d32b28836dc2ad179c801861e226121f934c1540b2d67a731a23b9ba614df8fb
2026-10-10T11:20:56.5197994Z Finalizing artifact upload
2026-10-10T11:20:56.7948953Z Artifact frontend-chromium-38044074123-1-46d30b0b21cb477494ff9339f8365e29dbc56ce1 successfully finalized. Artifact ID 11668701246
2026-10-10T11:20:56.7951413Z Artifact frontend-chromium-38044074123-1-46d30b0b21cb477494ff9339f8365e29dbc56ce1 has been successfully uploaded! Final size is 6029498 bytes. Artifact ID is 11668701246
2026-10-10T11:20:56.7953658Z Artifact download URL: https://github.com/LonelyTraderBay/Bot-AI-Ban-hang-FB/actions/runs/38044074123/artifacts/11668701246
2026-10-10T11:20:56.8168652Z Post job cleanup.
2026-10-10T11:20:56.9010543Z [command]/usr/bin/git version
2026-10-10T11:20:56.9063494Z git version 2.55.0
2026-10-10T11:20:56.9102828Z Temporarily overriding HOME='/home/runner/work/_temp/20702039-60ca-4e37-a961-de2945a8ca49' before making global git config changes
2026-10-10T11:20:56.9104391Z Adding repository directory to the temporary git global config as a safe directory
2026-10-10T11:20:56.9106437Z [command]/usr/bin/git config --global --add safe.directory /home/runner/work/Bot-AI-Ban-hang-FB/Bot-AI-Ban-hang-FB
2026-10-10T11:20:56.9139012Z Removing SSH command configuration
2026-10-10T11:20:56.9146162Z [command]/usr/bin/git config --local --name-only --get-regexp core\.sshCommand
2026-10-10T11:20:56.9181217Z [command]/usr/bin/git submodule foreach --recursive sh -c "git config --local --name-only --get-regexp 'core\.sshCommand' && git config --local --unset-all 'core.sshCommand' || :"
2026-10-10T11:20:56.9447196Z Removing HTTP extra header
2026-10-10T11:20:56.9452533Z [command]/usr/bin/git config --local --name-only --get-regexp http\.https\:\/\/github\.com\/\.extraheader
2026-10-10T11:20:56.9488727Z [command]/usr/bin/git submodule foreach --recursive sh -c "git config --local --name-only --get-regexp 'http\.https\:\/\/github\.com\/\.extraheader' && git config --local --unset-all 'http.https://github.com/.extraheader' || :"
2026-10-10T11:20:56.9746743Z Removing includeIf entries pointing to credentials config files
2026-10-10T11:20:56.9753626Z [command]/usr/bin/git config --local --name-only --get-regexp ^includeIf\.gitdir:
2026-10-10T11:20:56.9786217Z includeif.gitdir:/home/runner/work/Bot-AI-Ban-hang-FB/Bot-AI-Ban-hang-FB/.git.path
2026-10-10T11:20:56.9787726Z includeif.gitdir:/home/runner/work/Bot-AI-Ban-hang-FB/Bot-AI-Ban-hang-FB/.git/worktrees/*.path
2026-10-10T11:20:56.9788840Z includeif.gitdir:/github/workspace/.git.path
2026-10-10T11:20:56.9789725Z includeif.gitdir:/github/workspace/.git/worktrees/*.path
2026-10-10T11:20:56.9794177Z [command]/usr/bin/git config --local --get-all includeif.gitdir:/home/runner/work/Bot-AI-Ban-hang-FB/Bot-AI-Ban-hang-FB/.git.path
2026-10-10T11:20:56.9819974Z /home/runner/work/_temp/git-credentials-4f32543d-15ba-439c-8a89-c1d2f0141ed3.config
2026-10-10T11:20:56.9832451Z [command]/usr/bin/git config --local --unset includeif.gitdir:/home/runner/work/Bot-AI-Ban-hang-FB/Bot-AI-Ban-hang-FB/.git.path \/home\/runner\/work\/_temp\/git\-credentials\-4f32543d\-15ba\-439c\-8a89\-c1d2f0141ed3\.config
2026-10-10T11:20:56.9888217Z [command]/usr/bin/git config --local --get-all includeif.gitdir:/home/runner/work/Bot-AI-Ban-hang-FB/Bot-AI-Ban-hang-FB/.git/worktrees/*.path
2026-10-10T11:20:56.9917602Z /home/runner/work/_temp/git-credentials-4f32543d-15ba-439c-8a89-c1d2f0141ed3.config
2026-10-10T11:20:56.9929507Z [command]/usr/bin/git config --local --unset includeif.gitdir:/home/runner/work/Bot-AI-Ban-hang-FB/Bot-AI-Ban-hang-FB/.git/worktrees/*.path \/home\/runner\/work\/_temp\/git\-credentials\-4f32543d\-15ba\-439c\-8a89\-c1d2f0141ed3\.config
2026-10-10T11:20:56.9975786Z [command]/usr/bin/git config --local --get-all includeif.gitdir:/github/workspace/.git.path
2026-10-10T11:20:57.0004712Z /github/runner_temp/git-credentials-4f32543d-15ba-439c-8a89-c1d2f0141ed3.config
2026-10-10T11:20:57.0012666Z [command]/usr/bin/git config --local --unset includeif.gitdir:/github/workspace/.git.path \/github\/runner_temp\/git\-credentials\-4f32543d\-15ba\-439c\-8a89\-c1d2f0141ed3\.config
2026-10-10T11:20:57.0051152Z [command]/usr/bin/git config --local --get-all includeif.gitdir:/github/workspace/.git/worktrees/*.path
2026-10-10T11:20:57.0078926Z /github/runner_temp/git-credentials-4f32543d-15ba-439c-8a89-c1d2f0141ed3.config
2026-10-10T11:20:57.0096591Z [command]/usr/bin/git config --local --unset includeif.gitdir:/github/workspace/.git/worktrees/*.path \/github\/runner_temp\/git\-credentials\-4f32543d\-15ba\-439c\-8a89\-c1d2f0141ed3\.config
2026-10-10T11:20:57.0135280Z [command]/usr/bin/git submodule foreach --recursive git config --local --show-origin --name-only --get-regexp remote.origin.url
2026-10-10T11:20:57.0385979Z Removing credentials config '/home/runner/work/_temp/git-credentials-4f32543d-15ba-439c-8a89-c1d2f0141ed3.config'
2026-10-10T11:20:57.0544320Z Cleaning up orphan processes
