
> botsales-frontend@0.1.0 test:e2e
> node scripts/run-e2e.mjs


> npm run setup

> botsales-frontend@0.1.0 setup
> node scripts/setup.mjs

{"status":"PASS","outputs":11,"schemas":283,"operations":210,"routes":54}
Copying the worker script at "C:\Users\Joker-PC\Documents\Projects\Bot-AI-Ban-hang-FB\BotSalesAI_Frontend\apps\web\public"...

Worker script successfully copied!
  - public

Continue by describing the network in your application:


https://mswjs.io/docs/quick-start

Thiết lập xong. npm run dev chạy frontend mô phỏng; không kết nối khách hàng hoặc provider thật.

> npm run build

> botsales-frontend@0.1.0 build
> npm run generate:check && npm run typecheck && npm run build --workspace @botsales/web


> botsales-frontend@0.1.0 generate:check
> node scripts/generate.mjs --check

{"status":"PASS","outputs":11,"schemas":283,"operations":210,"routes":54}

> botsales-frontend@0.1.0 typecheck
> tsc -p apps/web/tsconfig.json --noEmit


> @botsales/web@0.1.0 build
> vite build --mode production

vite v7.3.6 building client environment for production...
transforming...
✓ 2058 modules transformed.
rendering chunks...
computing gzip size...
dist/index.html                              1.19 kB │ gzip:   0.59 kB
dist/assets/index-BQPx7lJM.css               3.56 kB │ gzip:   1.33 kB
dist/assets/download-8lJFmiSZ.js             0.23 kB │ gzip:   0.17 kB
dist/assets/filters-CVitQAxr.js              0.32 kB │ gzip:   0.25 kB
dist/assets/hooks-W64oG_U6.js                3.19 kB │ gzip:   1.62 kB
dist/assets/index-BxtMkNAB.js                7.86 kB │ gzip:   3.15 kB
dist/assets/index-C943XrAS.js                8.29 kB │ gzip:   3.52 kB
dist/assets/index-BiP_4Ja_.js                9.79 kB │ gzip:   3.68 kB
dist/assets/index-CYwyaqsJ.js               13.65 kB │ gzip:   4.48 kB
dist/assets/index-C-VY9ONM.js               13.78 kB │ gzip:   5.63 kB
dist/assets/index-B1BXGDjJ.js               14.07 kB │ gzip:   5.45 kB
dist/assets/index-DMB2bGSA.js               14.30 kB │ gzip:   5.30 kB
dist/assets/index-DiUIpP2a.js               16.18 kB │ gzip:   5.48 kB
dist/assets/index-FGQwRRn0.js               16.38 kB │ gzip:   5.41 kB
dist/assets/index-BDMvVNlH.js               17.70 kB │ gzip:   6.23 kB
dist/assets/index-D_L7MFPc.js               18.46 kB │ gzip:   6.15 kB
dist/assets/index-Bzov5Ja-.js               21.82 kB │ gzip:   7.41 kB
dist/assets/index-Cpb1u8rP.js               22.92 kB │ gzip:   8.18 kB
dist/assets/index-FZX1yQtX.js               25.83 kB │ gzip:   8.43 kB
dist/assets/index-CGyEZfOA.js               31.52 kB │ gzip:   9.81 kB
dist/assets/query-5vm9EU1C.js               33.15 kB │ gzip:   9.92 kB
dist/assets/index-CKIOt0vS.js               37.04 kB │ gzip:  10.06 kB
dist/assets/i18n-xB0mQYCC.js                46.14 kB │ gzip:  15.12 kB
dist/assets/schemas-jpQ0XMzw.js             79.18 kB │ gzip:  24.03 kB
dist/assets/index-B9IevJEk.js               87.47 kB │ gzip:  27.83 kB
dist/assets/schema-validation-Bhr7oAQE.js  149.80 kB │ gzip:  45.12 kB
dist/assets/react-runtime-D0NtfbPC.js      279.78 kB │ gzip:  90.28 kB
dist/assets/contract-data-BIzYYkc1.js      303.99 kB │ gzip:  36.17 kB
dist/assets/charts-CQ4oecFO.js             313.03 kB │ gzip:  94.99 kB
dist/assets/mui-Bz_aCSm2.js                328.33 kB │ gzip: 100.02 kB
✓ built in 2.75s

> npm run build:demo

> botsales-frontend@0.1.0 build:demo
> npm run generate:check && npm run typecheck && npm run build:demo --workspace @botsales/web


> botsales-frontend@0.1.0 generate:check
> node scripts/generate.mjs --check

{"status":"PASS","outputs":11,"schemas":283,"operations":210,"routes":54}

> botsales-frontend@0.1.0 typecheck
> tsc -p apps/web/tsconfig.json --noEmit


> @botsales/web@0.1.0 build:demo
> vite build --mode demo --outDir dist-demo

vite v7.3.6 building client environment for demo...
transforming...
✓ 2274 modules transformed.
rendering chunks...
computing gzip size...
dist-demo/index.html                              1.19 kB │ gzip:   0.60 kB
dist-demo/assets/index-BQPx7lJM.css               3.56 kB │ gzip:   1.33 kB
dist-demo/assets/download-CWiaXb8A.js             0.24 kB │ gzip:   0.17 kB
dist-demo/assets/filters-Bi-qlnQp.js              0.32 kB │ gzip:   0.24 kB
dist-demo/assets/control-6gq2NE8L.js              0.72 kB │ gzip:   0.43 kB
dist-demo/assets/hooks-B-mhf3ps.js                3.19 kB │ gzip:   1.62 kB
dist-demo/assets/index-BtQrpuAO.js                8.30 kB │ gzip:   3.52 kB
dist-demo/assets/index-DNxrVFUf.js                8.40 kB │ gzip:   3.33 kB
dist-demo/assets/index-Cekwm1RG.js                9.79 kB │ gzip:   3.68 kB
dist-demo/assets/index-AxLJQqvk.js               13.65 kB │ gzip:   4.48 kB
dist-demo/assets/index-CryN7Eg9.js               13.77 kB │ gzip:   5.26 kB
dist-demo/assets/index-BXqF0DnJ.js               13.97 kB │ gzip:   5.68 kB
dist-demo/assets/index-Cte2qqyt.js               16.54 kB │ gzip:   5.45 kB
dist-demo/assets/index-DwoXhTvS.js               17.70 kB │ gzip:   6.22 kB
dist-demo/assets/index-FbA2Mv8r.js               18.38 kB │ gzip:   6.24 kB
dist-demo/assets/index-MCcR-ymm.js               18.46 kB │ gzip:   6.15 kB
dist-demo/assets/index-DKPYZln-.js               22.23 kB │ gzip:   7.58 kB
dist-demo/assets/index-CBC3ZYtT.js               22.32 kB │ gzip:   7.75 kB
dist-demo/assets/index-BESRB_2h.js               23.16 kB │ gzip:   8.24 kB
dist-demo/assets/index-MAhQ-Oui.js               26.30 kB │ gzip:   8.57 kB
dist-demo/assets/query-5vm9EU1C.js               33.15 kB │ gzip:   9.92 kB
dist-demo/assets/index-BO7YwNzZ.js               33.62 kB │ gzip:  10.48 kB
dist-demo/assets/index-BcPonBw0.js               37.04 kB │ gzip:  10.06 kB
dist-demo/assets/i18n-xB0mQYCC.js                46.14 kB │ gzip:  15.12 kB
dist-demo/assets/schemas-jpQ0XMzw.js             79.18 kB │ gzip:  24.03 kB
dist-demo/assets/index-CpT2_28h.js               91.33 kB │ gzip:  28.93 kB
dist-demo/assets/schema-validation-Bhr7oAQE.js  149.80 kB │ gzip:  45.12 kB
dist-demo/assets/service-BepI4YXI.js            159.35 kB │ gzip:  34.71 kB
dist-demo/assets/browser-D9yR_IN6.js            255.20 kB │ gzip:  86.82 kB
dist-demo/assets/react-runtime-D0NtfbPC.js      279.78 kB │ gzip:  90.28 kB
dist-demo/assets/contract-data-D-QqiNa-.js      309.77 kB │ gzip:  37.31 kB
dist-demo/assets/charts-RcpaDpmM.js             313.03 kB │ gzip:  94.99 kB
dist-demo/assets/mui-azn9KfGV.js                328.33 kB │ gzip: 100.02 kB
✓ built in 3.06s

> node node_modules\@playwright\test\cli.js test
✔ canonical contracts validate and generate the API base path from OpenAPI (52.0232ms)
✔ rejects drift in OpenAPI YAML and operation index projections (86.8293ms)
✔ generated operation registry preserves required and optional query parameter metadata (20.2308ms)
✔ rejects unresolved schema references before generation (34.9518ms)
✔ rejects missing API version and a server URL outside same-origin path form (34.9752ms)
✔ rejects route-to-operation drift without rewriting the canonical manifest (33.0941ms)
✔ detects a stale generated file and accepts it after regeneration (3.7018ms)
{
  "taskId": "FE011",
  "scope": "FRONTEND_WITH_SYNTHETIC_MOCK_API",
  "routes": [
    {
      "id": "R15",
      "path": "/s/:shopId/inventory",
      "permission": "inventory.read",
      "reads": [
        "listStockSnapshots",
        "getShop"
      ],
      "action": {
        "label": "Điều chỉnh tồn",
        "operationId": "createInventoryAdjustment",
        "permission": "inventory.adjust"
      }
    },
    {
      "id": "R16",
      "path": "/s/:shopId/inventory/movements",
      "permission": "inventory.read",
      "reads": [
        "listStockMovements"
      ]
    }
  ],
  "operations": [
    "listStockSnapshots",
    "listStockMovements",
    "createInventoryAdjustment",
    "getShop"
  ],
  "permissionBoundary": "Route reads require inventory.read; adjustment uses inventory.adjust; cost requires finance.read; product and order links are permission-gated.",
  "commandSemantics": "202 CommandResponse; expectedVersion and unitCost are contract-required body properties; the shared client waits for terminal state and handles unknown outcomes.",
  "checks": 17
}
✔ FE011 routes, permissions, operations and DTOs map to canonical contracts and current source (31.287ms)
{
  "taskId": "FE012",
  "scope": "FRONTEND_WITH_SYNTHETIC_MOCK_API",
  "routes": [
    "R17",
    "R18",
    "R19",
    "R43"
  ],
  "operations": [
    "listOrders",
    "getOrder",
    "getShop",
    "listCustomers",
    "listProducts",
    "listConversations",
    "createOrder",
    "updateOrderDraft",
    "quoteOrder",
    "recordCustomerConfirmation",
    "confirmOrder",
    "cancelOrder",
    "listReturnCases",
    "getReturnCase",
    "createReturnCase",
    "inspectReturn",
    "getCommand",
    "handoverShipment",
    "payOrder",
    "refundOrder"
  ],
  "contractEvidence": "OrderDraft carries required IDs and 1..100 lines, integer quantity 1..1000000 and notes up to 2000; confirmation requires quote hash/version and customer message evidence; return inspection is line-scoped.",
  "permissionBoundary": "Customer/product pickers are enabled only with read capability; write actions follow orders.write, orders.confirm, orders.return and inventory.adjust.",
  "limitations": "No address CRUD endpoint is introduced; shippingAddressId remains an external verified ID and mock confirmation is only a demo simulation.",
  "checks": 35
}
✔ FE012 routes, operations, permissions and DTO limits map to canonical contracts and orders source (47.0383ms)
{
  "taskId": "FE013",
  "scope": "FRONTEND_WITH_SYNTHETIC_MOCK_API",
  "routes": [
    "R41",
    "R42"
  ],
  "operations": [
    "listPrepJobs",
    "getPrepJob",
    "getWorkItem",
    "claimWorkItem",
    "pickPrepLine",
    "packPrepJob",
    "listShipments",
    "getShipment",
    "createShipment",
    "handoverShipment",
    "recordShipmentEvent"
  ],
  "permissionBoundary": "fulfillment.read gates route data, operations.claim gates WorkItem claim, fulfillment.write gates picks/pack/events/shipment creation, and fulfillment.handover gates stock-consuming handover.",
  "stateBoundary": "Claim/pick/pack/handover/delivery/payment remain separate states; return eligibility continues to come from the order API.",
  "checks": 54
}
✔ FE013 routes, permissions, DTOs and state transitions map to canonical contracts and fulfillment source (70.2293ms)
{"taskId":"FE016","scope":"FRONTEND_WITH_SYNTHETIC_MOCK_API","routes":["R05","R06"],"operations":["listConversations","getConversation","listMessages","sendMessage","takeoverConversation","releaseConversation","resolveConversation","assignConversation","listFeedback","createFeedback","reviewFeedback","listCommands","getCommand","getInboxMetadata"],"knownGap":"Canonical Message has no media or attachment field/operation; UI must not invent a provider endpoint.","checks":3}
{"taskId":"FE017","scope":"FRONTEND_WITH_SYNTHETIC_MOCK_API","routes":["R23","R24","R25"],"operations":15,"unresolvedContractField":"Knowledge.allowedActions","checks":4}
{
  "taskId": "FE014",
  "scope": "FRONTEND_WITH_SYNTHETIC_MOCK_API",
  "routes": [
    "R44",
    "R45",
    "R46",
    "R47"
  ],
  "operations": 13,
  "checks": 95
}
✔ FE014 procurement routes, permissions, DTOs and current source follow canonical contracts (72.6162ms)
{"taskId":"FE018","scope":"FRONTEND_WITH_SYNTHETIC_MOCK_API","routes":["R26","R27","R28","R51"],"operations":18,"checks":2,"knownRouteMappingGap":"R51 omits updateBudgetPolicy; UI uses canonical operation permission operations.manage"}
FE015 source map: 131 contract/source assertions passed
✔ FE015 finance routes, capabilities, operations and DTOs follow canonical contracts (77.5212ms)
✔ FE016 maps R05/R06 reads and mutations to canonical permissions and current inbox source (0.3082ms)
✔ FE016 contract bounds list filters, safe message refs and versioned send payloads (0.2085ms)
✔ FE016 uses shell-owned resync and command recovery, and mock takeover enforces current version (0.1877ms)
✔ FE017 R23-R25 operations and action permissions match canonical routes (0.3812ms)
✔ FE017 uses the user-approved permission and lifecycle UI substitute without inventing a Knowledge DTO field (0.1048ms)
✔ FE017 price and availability source preview uses separately permissioned canonical APIs (0.0558ms)
✔ FE017 mock keeps published revisions immutable and feedback approval creates a draft revision (0.0486ms)
✔ FE018 R26/R27/R28/R51 actions use canonical routes, operation IDs, and permissions (0.2932ms)
✔ FE018 capability, tool permissions, human confirmation, and evaluation labels stay within declared schemas (0.1177ms)
✔ FE020 source stays mapped to canonical operations, permissions, and safe missing-schedule boundary (0.761ms)
✔ FE020 mock enforces work-item capabilities and keeps integration readiness unknown (0.1199ms)
✔ accepts semantic bridge roles, the closed token-derived factor map, geometry, and reset values (940.8373ms)
✔ rejects a CSS spacing role without a declared shared owner (894.0781ms)
✔ rejects scale-conforming and off-scale literals in sx, responsive leaves, named and namespace MUI System props (880.7672ms)
✔ follows local aliases and style callbacks; rejects theme spacing helpers and preset overrides (897.9011ms)
✔ scans nested slotProps but does not confuse event handlers or geometric dimensions with spacing (894.0135ms)
✔ keeps Panel geometry inspectable and rejects spacing hidden in its geometry prop (2637.0751ms)
✔ accepts only an exact CSS exception and reports stale or mismatched exception scope (2635.9186ms)
✔ rejects malformed TypeScript, malformed CSS, bad exception schema, and raw values in the bridge (3578.1143ms)
✔ rejects canonical pixel tokens used as MUI factors and an altered bridge factor table (1764.3121ms)
✔ report mode inventories migration debt without turning findings into PASS (882.2811ms)
✔ module path classification accepts Windows and POSIX spellings, but excludes app files (5.859ms)
✔ the source-checker CLI rejects a prohibited color literal in a module (165.6571ms)
✔ the source-checker CLI accepts a token-based module and leaves app-level colors outside the rule (159.5891ms)
✔ uses the installed project compiler and the pinned version in this checkout (99.7213ms)
✔ accepts a local compiler whose manifest, module and executable match the project (19.5461ms)
✔ fails closed for missing local compiler without selecting a global fallback (23.4197ms)
✔ fails closed for different installed package version without selecting a global fallback (16.3767ms)
✔ fails closed for module version differs from its manifest without selecting a global fallback (13.808ms)
✔ fails closed for ancestor compiler silently resolved outside this project without selecting a global fallback (13.386ms)
✔ fails closed for missing compiler executable without selecting a global fallback (15.5214ms)
✔ fails closed for unpinned project compiler requirement without selecting a global fallback (14.337ms)
✔ production composition gate detects const MUI alias and namespace layout role (458.793ms)
✔ production composition gate closes aliased barrel API props (313.8239ms)
✔ production composition gate does not mistake shadowed local component for shared API (312.2645ms)
✔ production composition gate keeps valid canonical barrel consumer (289.8336ms)
✔ production visual gate rejects pretrusted-name spoof and parameter shadow (280.3719ms)
✔ production visual gate rejects a fake canonical module suffix (278.79ms)
✔ production visual gate inspects renamed genuine styled factory (280.2096ms)
✔ production visual gate preserves canonical barrel aliases and finite palette selection (294.797ms)
✔ production visual gate rejects raw values hidden in a finite palette (280.039ms)
✔ production visual gate does not follow a global alias through parameter shadow (274.5734ms)
✔ production composition geometry cannot resolve a shadowed global variable (274.6224ms)
✔ finite semantic prop types do not grant trust to a different same-named parameter (282.0307ms)
✔ opaque namespace composition selection cannot bypass closed props (288.8912ms)
✔ opaque namespace style factory remains a visual binding failure (298.7779ms)
✔ canonical renamed import and constant alias preserve owner and path (263.6192ms)
✔ namespace and literal element access resolve canonical exports (264.0169ms)
✔ barrel re-export resolves original component identity (257.2819ms)
✔ parameter shadow does not inherit canonical import trust (260.6325ms)
✔ fake trusted names and a module named visual are not canonical (265.0199ms)
✔ mutable aliases, opaque keys and cyclic locals are not proven canonical (269.3252ms)
✔ destructured constant and safe type syntax preserve provenance (308.6275ms)
✔ installed MUI renamed styled resolves while local styled does not (284.782ms)
✔ JavaScript workers remain in the Program import closure (263.9747ms)
✔ malformed element access is unproven rather than crashing the resolver (289.278ms)
✔ a tsconfig alias cannot label another dependency as genuine MUI (304.6125ms)
✔ MUI re-export through a first-party barrel keeps library identity (272.8733ms)
✔ constant property-key aliases preserve canonical element access (265.7545ms)
✔ public layout mapping cannot be written through a direct consumer reference (396.8162ms)
✔ public layout nested aliases remain readonly (359.6299ms)
✔ public visual mapping already rejects consumer writes (122.0461ms)
✔ canonical readonly style maps remain readable by consumers (349.0938ms)
✔ canonical token space cannot be overwritten through an alias (125.9655ms)
✔ public color export cannot be overwritten (117.7791ms)
✔ readonly token and color reads retain their public types (123.0376ms)
✔ P10/P15 catch alias and neutral-wrapper duplicate insets through fragments and conditionals (280.0111ms)
✔ P20 resolves shared composition identities through a barrel and const component aliases (283.8179ms)
✔ P11/P13 catch static element access roles on every MUI surface, including Paper (376.7446ms)
✔ P12 checks React createElement and JSX-runtime element factories (290.0958ms)
✔ P14 resolves bodyMode literal aliases and fails closed when ownership is unknown (773.2814ms)
✔ checks Panel ancestry when React elements are created natively (273.4625ms)
✔ keeps independent nested surfaces and portaled dialogs as separate owners (534.8081ms)
✔ accepts finite bodyMode branches and every mode in the public component contracts (921.1864ms)
✔ stops inherited gap ownership at Panels and independent bordered surfaces (555.2553ms)
✔ tracks gaps through fragments, conditions and ready QueryState, but not inside DOM wrappers (265.7762ms)
✔ applies the same finite modes and wrapper boundaries to native React factories (524.8359ms)
✔ recognizes native outlined Paper and nested Box surface inset boundaries (521.4839ms)
✔ fails closed when an unresolved custom wrapper obscures a semantic gap owner (286.1029ms)
✔ rejects unsupported placement and rhythm values while accepting finite aliases and branches (613.0664ms)
✔ rejects unsupported finite values through React element factories (519.097ms)
✔ accepts semantic composition, closed geometry and business-specific MUI primitives (7.8646ms)
✔ rejects rebuilding each shared spacing owner at a consumer (7.4908ms)
✔ follows aliases, local style variables, object spreads and namespace imports (7.3314ms)
✔ rejects direct and spread spacing overrides on semantic components (7.2282ms)
✔ rejects spacing or opaque spreads hidden in geometry (7.1235ms)
✔ allows the canonical owner implementation and fails closed on malformed source (7.2344ms)
✔ rejects duplicated parent boundary and duplicated Panel inset (7.1116ms)
✔ checks default MUI imports and fails closed for opaque geometry (6.9257ms)
✔ distinguishes content grids from flex flows when reporting the shared owner (6.975ms)
✔ related sibling gaps belong to ActionGroup comfortable density, not consumer Stack styles (7.3762ms)
✔ check-layout rejects missing-html at the UI entry boundary (580.1276ms)
✔ check-layout rejects missing-style at the UI entry boundary (601.9052ms)
✔ check-layout rejects inline-style at the UI entry boundary (598.6971ms)
✔ check-layout rejects alias-mismatch at the UI entry boundary (601.0722ms)
✔ check-visual-tokens rejects missing-html at the UI entry boundary (556.6699ms)
✔ check-visual-tokens rejects missing-style at the UI entry boundary (594.909ms)
✔ check-visual-tokens rejects inline-style at the UI entry boundary (599.3654ms)
✔ check-visual-tokens rejects alias-mismatch at the UI entry boundary (584.693ms)
✔ check-ui-composition rejects missing-html at the UI entry boundary (561.5108ms)
✔ check-ui-composition rejects missing-style at the UI entry boundary (584.7485ms)
✔ check-ui-composition rejects inline-style at the UI entry boundary (600.4476ms)
✔ check-ui-composition rejects alias-mismatch at the UI entry boundary (581.1174ms)
✔ DOM entry inspection never executes an inline script and detects decoded attributes (21.4246ms)
✔ manifest icons are resolved and malformed manifest data fails closed (17.3211ms)
✔ data and remote module sources cannot stand in for a scanned script entry (15.3593ms)
✔ an unused alias map cannot prove the exported Vite configuration (25.5763ms)
✔ a Vite HTML generator cannot inject an unscanned stylesheet through a hook (20.1265ms)
✔ accepts current fingerprints, honest open coverage, and explained N/A (11.8793ms)
✔ rejects a stale source fingerprint (12.2485ms)
✔ rejects a stale command log (12.3737ms)
✔ rejects missing, absolute, and escaping source paths (10.705ms)
✔ rejects unrun, missing, duplicate, and nonzero command results marked PASS (11.4635ms)
✔ rejects PASS when expected and observed results differ (11.2751ms)
✔ rejects inconsistent coverage and N/A without a reason (10.7882ms)
✔ rejects a baseline falsely dated after implementation started and detects changed baseline artifacts (14.9731ms)
✔ COMPLETE cannot contain open coverage or failed commands (12.5359ms)
✔ S19 must explicitly reconcile files, APIs, routes, rendered routes, slots, and states (14.6714ms)
✔ rejects malformed top-level evidence instead of treating missing fields as success (10.1016ms)
✔ check-layout fails closed for relative missing import (595.5461ms)
✔ check-layout fails closed for aliased missing import (591.0395ms)
✔ check-layout fails closed for missing CSS import (597.9082ms)
✔ check-layout fails closed for opaque dynamic import (589.3296ms)
✔ check-visual-tokens fails closed for relative missing import (585.1598ms)
✔ check-visual-tokens fails closed for aliased missing import (579.7272ms)
✔ check-visual-tokens fails closed for missing CSS import (576.944ms)
✔ check-visual-tokens fails closed for opaque dynamic import (577.2801ms)
✔ check-ui-composition fails closed for relative missing import (585.4481ms)
✔ check-ui-composition fails closed for aliased missing import (574.109ms)
✔ check-ui-composition fails closed for missing CSS import (595.7958ms)
✔ check-ui-composition fails closed for opaque dynamic import (578.6087ms)
✔ scope follows a canonical package alias and classifies data assets separately (18.5792ms)
✔ scope follows CSS imports and rejects a missing nested stylesheet (18.2385ms)
✔ missing and malformed tsconfig cannot silently supply default resolution (11.3996ms)
✔ scope rejects discovered script sources omitted by the compiler config (15.6356ms)
✔ config includes are discovered even when a package source has no app import yet (20.5315ms)
✔ a first-party import cannot silently claim source outside the project (48.5082ms)
✔ malformed CSS and unhandled stylesheet languages cannot be classified as harmless data (18.2841ms)
✔ CSS asset URLs resolve with queries and fragments and reject missing files (25.1206ms)
✔ native service worker scripts enter the source closure and missing URLs fail (23.8382ms)
✔ Vite BASE_URL sample downloads enter asset coverage and missing samples fail (23.9201ms)
✔ a declared MSW worker has a vendor owner and rejects modifications (35.7498ms)
✔ CommonJS and TypeScript import-equals cannot hide missing first-party modules (28.1905ms)
✔ canonical writes through casts and aliases fail outside style expressions (931.1161ms)
✔ Object.assign cannot mutate canonical data but can copy to a fresh object (1878.1873ms)
✔ layout gate rejects raw spacing on const alias of MUI component (947.4956ms)
✔ canonical mutation gate follows global mutator aliases and reflection (961.6489ms)
✔ local mutator names do not acquire global mutation identity (936.14ms)
✔ destructured mutators and call/apply retain canonical mutation checks (935.5578ms)
✔ global mutator call/apply can copy canonical values into fresh objects (919.5629ms)
✔ mutable aliases with possible canonical destinations fail closed (990.3708ms)
✔ opaque apply arguments fail closed while unrelated mutable data stays valid (1819.3029ms)
✔ canonical references inside containers and destructured aliases cannot be mutated (923.5882ms)
✔ independent shallow copies of scalar canonical fields remain mutable (945.2307ms)
✔ array references and nested destructuring preserve canonical write provenance (936.9781ms)
✔ array destinations distinguish independent elements from canonical references (921.8191ms)
✔ array destructuring, dynamic indices and spread cannot hide canonical references (926.3499ms)
✔ dynamic indices and destructuring of independent arrays stay mutable (902.1341ms)
✔ function parameters cannot hide canonical mutation across source files (936.3428ms)
✔ read-only helpers and mutations of unrelated arguments remain valid (914.1864ms)
✔ returned canonical references remain protected across helper boundaries (929.921ms)
✔ helper returns of fresh scalar copies do not retain canonical destination identity (931.9994ms)
✔ destructured object parameters cannot mutate canonical arguments (927.5542ms)
✔ destructured object parameters retain independent argument mutability (918.7377ms)
✔ default parameter and binding initializers cannot hide canonical mutations (938.751ms)
✔ fresh default parameter and binding copies remain mutable (913.3657ms)
✔ rest parameters retain canonical argument write provenance (940.8863ms)
✔ rest parameters distinguish independent positions from canonical siblings (923.2281ms)
✔ finite spread arguments preserve shifted positional and rest destinations (918.1005ms)
✔ finite spread expansion keeps independent argument positions mutable (925.1433ms)
✔ opaque spreads keep positional mutation destinations unknown (905.0811ms)
✔ opaque spreads into read-only helpers do not invent mutation findings (920.7145ms)
✔ array parameter patterns retain canonical positions including nested object arrays (938.1693ms)
✔ array parameter patterns retain independent bound element mutability (914.9832ms)
✔ layout gate rejects parameter shadow of canonical layout name (925.6927ms)
✔ layout gate follows genuine renamed styled factory (915.6807ms)
✔ layout gate accepts canonical namespace, element access and barrel alias (931.9104ms)
✔ layout gate does not mistake local component named Stack for MUI (966.4774ms)
✔ layout gate inspects renamed installed Emotion css tag (922.5991ms)
✔ layout gate preserves genuine aliased Controller field forwarding (917.2051ms)
✔ a same-named local Controller cannot exempt an unknown prop spread (922.2111ms)
✔ genuine useForm registration survives property and destructured aliases (944.7891ms)
✔ a function named register cannot exempt injected style props (919.594ms)
✔ a bridge callback parameter cannot impersonate its private factor binding (934.756ms)
✔ opaque namespace component selection remains a strict binding failure (925.3828ms)
✔ opaque namespace factory cannot hide style arguments (923.6756ms)
✔ MUI re-export cannot hide raw spacing behind a first-party barrel (913.7136ms)
✔ destructuring assignments cannot hide canonical write targets (904.1733ms)
✔ destructuring assignments can update independent copied destinations (907.2552ms)
✔ object rest retains nested canonical references while copying the outer object (926.0159ms)
✔ rest scalar copies and replacement of container references stay mutable (924.4131ms)
✔ shallow object spread preserves canonical child references and last-writer order (918.9092ms)
✔ shallow spread with a later independent override stays mutable (919.5443ms)
✔ exported mutable aliases retain assignments from their declaring file (950.0117ms)
✔ exported independent mutable data does not acquire canonical provenance (915.0688ms)
✔ literal computed keys retain canonical container and parameter provenance (938.4229ms)
✔ literal computed keys do not taint independent selected properties (917.923ms)
✔ Object.assign shallow copies retain canonical nested reference provenance (913.6636ms)
✔ Object.assign later independent overrides and scalar copies stay mutable (914.8136ms)
✔ union and dynamic property selections retain possible canonical destinations (921.5426ms)
✔ finite union property selections exclude canonical siblings not in the key set (912.085ms)
✔ union selection over Object.assign output retains canonical child provenance (930.4932ms)
✔ union selection over independent Object.assign output remains mutable (947.127ms)
✔ Reflect.set call/apply checks the target argument rather than the assigned value (2771.0201ms)
✔ aliased React createElement checks MUI and native style objects (922.8686ms)
✔ GlobalStyles.styles is checked and local createElement names stay local (1827.3357ms)
✔ React JSX runtime factories cannot bypass MUI or native style checks (925.4507ms)
✔ React cloneElement checks the cloned MUI element and preserves native props (3678.1294ms)
✔ Emotion css props and object factories are inspected with native CSS semantics (2764.2287ms)
✔ Inline style elements in JSX, React factories, DOM and the HTML entry fail closed (7304.8492ms)
✔ DOM CSSOM spacing writes use semantic roles and reject opaque style strings (1848.8028ms)
✔ HTML parsing and runtime stylesheet mutation cannot bypass the imported CSS boundary (1861.3371ms)
✔ spacing shorthand values and responsive breakpoints preserve token and unit provenance (9192.7945ms)
✔ function return producers cannot hide canonical children behind spreads (937.0215ms)
✔ producer spreads keep later independent child overrides writable (929.0036ms)
✔ the shared catalog covers every public React component and supporting Column type (31.5927ms)
✔ every shared React export has a resolved production consumer or an explicit zero-use lifecycle decision (38.679ms)
✔ required UI evidence and regression gates remain wired to root verify and the active parent workflow (8.2343ms)
✔ composition prop allowlists match the TypeScript owners exactly (6.6992ms)
✔ QueryState uses only the approved inline and section pending profiles (7.0247ms)
✔ QueryState consumers reserve section loading for primary content and keep every other state inline by default (25.6139ms)
✔ body modes, placement roles and geometry keys match the TypeScript contracts (9.3076ms)
✔ Panel geometry and DataTable columns remain closed public contracts (11.2826ms)
✔ shared component and composition props expose no arbitrary layout/style escape hatch (7.4458ms)
✔ layout role types, runtime values, consumers and ownership documentation stay closed (2107.1479ms)
✔ check-layout rejects missing source instead of returning an empty PASS (406.1187ms)
✔ check-layout rejects empty source instead of returning an empty PASS (399.333ms)
✔ check-layout rejects generated-only source instead of returning an empty PASS (393.8976ms)
✔ check-layout rejects jsx-parse source instead of returning an empty PASS (409.7977ms)
✔ check-visual-tokens rejects missing source instead of returning an empty PASS (451.471ms)
✔ check-visual-tokens rejects empty source instead of returning an empty PASS (401.9131ms)
✔ check-visual-tokens rejects generated-only source instead of returning an empty PASS (398.9488ms)
✔ check-visual-tokens rejects jsx-parse source instead of returning an empty PASS (442.117ms)
✔ check-ui-composition rejects missing source instead of returning an empty PASS (430.2894ms)
✔ check-ui-composition rejects empty source instead of returning an empty PASS (408.7136ms)
✔ check-ui-composition rejects generated-only source instead of returning an empty PASS (406.924ms)
✔ check-ui-composition rejects jsx-parse source instead of returning an empty PASS (404.071ms)
✔ visual checker accepts canonical theme roles, token references, geometry and semantic responsive props (401.6643ms)
✔ visual checker rejects raw literals across sx, JSX system props and CSS declarations (295.2616ms)
✔ visual checker follows local style aliases and callback themes, but fails raw nested values (269.7354ms)
✔ visual checker reports unresolved spreads and malformed style sources as UNKNOWN or parse errors (269.0667ms)
✔ visual checker includes newly added TSX files under the source root (271.7781ms)

Running 504 tests using 1 worker

(node:83764) Warning: The 'NO_COLOR' env is ignored due to the 'FORCE_COLOR' env being set.
(Use `node --trace-warnings ...` to show where the warning was created)
  ok   1 [chromium] › tests\accessibility\routes.spec.ts:17:1 › all canonical routes pass whole-page WCAG 2.1 A/AA axe checks in the React demo (54.3s)
[artifact-preview] {"scope":"FRONTEND_WITH_SYNTHETIC_MOCK_API","artifact":"apps/web/dist-demo","browserMetrics":{"browser":"Mozilla/5.0 (Windows NT 10.0; Win64; x64) AppleWebKit/537.36 (KHTML, like Gecko) Chrome/153.0.8010.12 Safari/537.36","viewport":{"width":1280,"height":720},"route":"/s/shop-demo/overview","domContentLoadedMs":63,"loadEventMs":63,"scriptCount":11,"scriptTransferBytes":450921,"scriptAssets":[{"file":"index-CpT2_28h.js","transferBytes":29231,"decodedBytes":91332,"durationMs":8},{"file":"react-runtime-D0NtfbPC.js","transferBytes":90580,"decodedBytes":279779,"durationMs":13},{"file":"query-5vm9EU1C.js","transferBytes":10220,"decodedBytes":33154,"durationMs":7},{"file":"mui-azn9KfGV.js","transferBytes":100319,"decodedBytes":328326,"durationMs":14},{"file":"contract-data-D-QqiNa-.js","transferBytes":37614,"decodedBytes":309769,"durationMs":11},{"file":"schema-validation-Bhr7oAQE.js","transferBytes":45419,"decodedBytes":149800,"durationMs":12},{"file":"i18n-xB0mQYCC.js","transferBytes":15416,"decodedBytes":46142,"durationMs":10},{"file":"browser-D9yR_IN6.js","transferBytes":87116,"decodedBytes":255200,"durationMs":7},{"file":"service-BepI4YXI.js","transferBytes":35006,"decodedBytes":159351,"durationMs":4},{"file":"index-Cekwm1RG.js","transferBytes":0,"decodedBytes":9794,"durationMs":51},{"file":"hooks-B-mhf3ps.js","transferBytes":0,"decodedBytes":3186,"durationMs":54}]},"bundles":{"javascriptFiles":31,"totalBytes":2353153,"totalGzipBytes":672401,"initialRouteGzipBytes":453523,"proposedBudgets":{"initialRouteGzipKiB":500,"largestChunkGzipKiB":200,"basis":"Local demo preview limits for the measured Chromium artifact; not a backend or platform SLO."},"largest":[{"file":"apps/web/dist-demo/assets/mui-azn9KfGV.js","bytes":328326,"gzipBytes":100019},{"file":"apps/web/dist-demo/assets/charts-RcpaDpmM.js","bytes":313031,"gzipBytes":94993},{"file":"apps/web/dist-demo/assets/contract-data-D-QqiNa-.js","bytes":309769,"gzipBytes":37314},{"file":"apps/web/dist-demo/assets/react-runtime-D0NtfbPC.js","bytes":279779,"gzipBytes":90280},{"file":"apps/web/dist-demo/assets/browser-D9yR_IN6.js","bytes":255200,"gzipBytes":86816}]},"observedApi":{"path":"/api/v2/session","status":200,"servedBy":"MSW in the built demo artifact"},"dataSource":"synthetic-msw"}
  ok   2 [chromium] › tests\artifacts\demo-preview.spec.ts:39:1 › the built demo artifact serves the React UI and synthetic API through preview (727ms)
[large-dataset-api] {"url":"http://127.0.0.1:58908/api/v2/shops/shop-demo/customers?limit=20","count":20,"page":{"limit":20,"total":1004,"hasMore":true,"nextCursor":"perf-customer-0016"},"firstIds":["c1","c2","c3"]}
[large-dataset-preview] {"scope":"FRONTEND_WITH_SYNTHETIC_MOCK_API","artifact":"apps/web/dist-demo","datasetId":"FE025-LARGE-CUSTOMERS-1000-V1","generatedRows":1000,"firstPageIds":["c1","c2","c3","c4","perf-customer-0001","perf-customer-0002","perf-customer-0003","perf-customer-0004","perf-customer-0005","perf-customer-0006","perf-customer-0007","perf-customer-0008","perf-customer-0009","perf-customer-0010","perf-customer-0011","perf-customer-0012","perf-customer-0013","perf-customer-0014","perf-customer-0015","perf-customer-0016"],"api":{"status":200,"pageLimit":20,"total":1004,"hasMore":true,"nextCursor":"perf-customer-0016"},"domRowsIncludingHeader":21,"firstPageReadyMs":361,"browser":"Mozilla/5.0 (Windows NT 10.0; Win64; x64) AppleWebKit/537.36 (KHTML, like Gecko) Chrome/153.0.8010.12 Safari/537.36","viewport":{"width":1280,"height":720},"note":"Synthetic customer identities only; the React screen renders one API page and exposes the next cursor instead of mounting the full collection."}
  ok   3 [chromium] › tests\artifacts\demo-preview.spec.ts:103:1 › a thousand synthetic customers remain API-paginated in the built demo artifact (967ms)
  ok   4 [chromium] › tests\artifacts\demo-preview.spec.ts:141:1 › the production artifact contains neither the mock worker asset nor MSW fixtures/runtime (9ms)
  ok   5 [chromium] › tests\fe009.spec.ts:35:1 › workspace onboarding creates a shop with an active membership and returns to its scoped route (2.3s)
  ok   6 [chromium] › tests\fe009.spec.ts:57:1 › customer create validates fields, submits through mock HTTP, and preserves edits after a stale version (3.6s)
  ok   7 [chromium] › tests\fe009.spec.ts:115:1 › customer detail keeps redacted contact fields read-only and does not overwrite them on save (1.2s)
  ok   8 [chromium] › tests\fe009.spec.ts:132:1 › FE009.G01 shop setup checklist guides to supported pages and leaves missing contract fields unverified (1.1s)
  ok   9 [chromium] › tests\fe009.spec.ts:145:1 › FE009.G05 marketing consent preview is interactive but never claims server opt-out (1.2s)
  ok  10 [chromium] › tests\fe009.spec.ts:160:1 › FE009.H06 audit screen distinguishes available fields from missing contract detail (1.1s)
  ok  11 [chromium] › tests\fe009.spec.ts:169:1 › FE009.B06 after-sale cases only link orders loaded for the selected customer and customer profile shows their shipment (5.2s)
  ok  12 [chromium] › tests\fe009.spec.ts:201:1 › team invitation and membership revoke stay shop-scoped and protect the active owner (2.2s)
  ok  13 [chromium] › tests\fe009.spec.ts:237:1 › privacy delete requests remain pending approval with no frontend step-up shortcut (2.5s)
  ok  14 [chromium] › tests\fe010.spec.ts:38:1 › product editor validates positive prices, protects image-only drafts, and saves variant payload through mock HTTP (3.7s)
  ok  15 [chromium] › tests\fe010.spec.ts:108:1 › product update sends If-Match and keeps edits visible after a 412 conflict (1.8s)
  ok  16 [chromium] › tests\fe010.spec.ts:126:1 › warehouse role can read catalog products but cannot edit product fields or price cost data (730ms)
  ok  17 [chromium] › tests\fe010.spec.ts:135:1 › categories create, search, update with a version, and render cursor pagination (1.9s)
  ok  18 [chromium] › tests\fe010.spec.ts:164:1 › CSV preview reports row-level errors and commits only valid product rows (2.1s)
  ok  19 [chromium] › tests\fe010.spec.ts:236:1 › import validation token is rejected with 412 after catalog changes and the preview remains visible (1.9s)
  ok  20 [chromium] › tests\fe010.spec.ts:268:1 › CSV demo row limit is explained and rejects more than 1000 data rows before preview (1.2s)
  ok  21 [chromium] › tests\fe010.spec.ts:281:1 › demo upload rejects files over 5 MB before making an upload request (1.4s)
UI005 acceptance: {"categoryTotal":105,"createCategoryId":"cat-2","editCategoryId":"cat-0","categoryRequests":18}
  ok  22 [chromium] › tests\fe010.spec.ts:292:1 › product category lookup pages the full collection and preserves the selected category while editing (8.5s)
  ok  23 [chromium] › tests\fe011.spec.ts:35:1 › FE011.AC01 snapshot drives stock totals and the SKU opens its catalog result (1.3s)
  ok  24 [chromium] › tests\fe011.spec.ts:54:1 › FE011.AC02 adjustment validates, waits for mock confirmation, and reconciles movement history once (3.8s)
  ok  25 [chromium] › tests\fe011.spec.ts:92:1 › FE011.AC03 conflict and insufficient stock preserve the draft and never update optimistically (2.8s)
  ok  26 [chromium] › tests\fe011.spec.ts:120:1 › FE011.AC03 forbidden adjustment retains user input and shows no success state (1.7s)
  ok  27 [chromium] › tests\fe011.spec.ts:136:1 › FE011.AC03 unknown command blocks duplicate submission until shared recovery reconciles it (1.8s)
  ok  28 [chromium] › tests\fe011.spec.ts:154:1 › FE011.AC04 movement contract filters are URL-backed and history exposes actor and permission-gated source (1.1s)
  ok  29 [chromium] › tests\fe011.spec.ts:182:1 › FE011.AC05 inventory reflows at mobile widths, passes axe, and restores keyboard focus after adjustment dialog (1.7s)
  ok  30 [chromium] › tests\fe011.spec.ts:205:1 › FE011.AC03 unknown shop scope shows no stock from another shop (293ms)
  ok  31 [chromium] › tests\fe012.spec.ts:35:1 › FE012.AC01 searchable customer and product pickers submit contract-shaped draft and reject fractional quantity (3.8s)
  ok  32 [chromium] › tests\fe012.spec.ts:93:1 › FE012 demo address choice is labeled synthetic and completes the mock order flow (4.8s)
  ok  33 [chromium] › tests\fe012.spec.ts:122:1 › FE012.AC01 editing lines invalidates quote and customer consent; a new quote is required before confirmation (4.1s)
  ok  34 [chromium] › tests\fe012.spec.ts:182:1 › FE012.AC03 mock stale-version 412 preserves draft fields and does not show success (1.9s)
  ok  35 [chromium] › tests\fe012.spec.ts:196:1 › FE012.AC03 offline state blocks quote mutation while retaining the loaded draft (1.1s)
  ok  36 [chromium] › tests\fe012.spec.ts:208:1 › FE012.AC03 unknown confirm outcome blocks duplicate writes until shared command recovery is available (2.1s)
  ok  37 [chromium] › tests\fe012.spec.ts:254:1 › FE012.AC03 quote and customer confirmation expiration disable confirmation using API time (2.5s)
  ok  38 [chromium] › tests\fe012.spec.ts:274:1 › FE012.AC03 returns reject fractional/over-original quantities locally and preserve data on cumulative mock rejection (1.2s)
  ok  39 [chromium] › tests\fe012.spec.ts:298:1 › FE012.AC04 return inspection loads the current case and applies accepted partial quantity to mock stock and refund (2.4s)
  ok  40 [chromium] › tests\fe012.spec.ts:351:1 › FE012.AC03 handed-over order routes to returns and exposes no ordinary cancel action (1.0s)
  ok  41 [chromium] › tests\fe012.spec.ts:358:1 › FE012.AC05 order drafting remains usable without horizontal page overflow and passes focused axe checks (1.4s)
  ok  42 [chromium] › tests\fe013.spec.ts:40:1 › FE013.C04 shipping preview distinguishes missing address, unserviceable zone, and expired mock quote (3.0s)
  ok  43 [chromium] › tests\fe013.spec.ts:65:1 › FE013.AC01–AC04 stale claim conflict is visible; pick, pack, dispatch and delivery use current API versions once (6.7s)
  ok  44 [chromium] › tests\fe013.spec.ts:198:1 › FE013.AC03 unknown handover cannot be repeated before command reconciliation (3.5s)
  ok  45 [chromium] › tests\fe013.spec.ts:242:1 › FE013.AC01 role scope and FE013.AC05 responsive shipment/preparation views remain accessible (3.0s)
  ok  46 [chromium] › tests\fe014.spec.ts:25:1 › FE014.AC01 multi-line purchase validates MOQ/pack size and binds approval to the created intent (3.2s)
  ok  47 [chromium] › tests\fe014.spec.ts:77:1 › FE027.D02 supplier workspace edits the selected contact through its current version and displays MOQ offers (1.5s)
  ok  48 [chromium] › tests\fe014.spec.ts:95:1 › FE014.AC02 approval covers the exact purchase intent; unknown send is blocked from blind retry (4.1s)
  ok  49 [chromium] › tests\fe014.spec.ts:154:1 › FE014.S03 auto-send cannot be configured without an enabled procurement budget (2.3s)
  ok  50 [chromium] › tests\fe014.spec.ts:167:1 › FE014.S03 manager without procurement.receive cannot open receipt actions (2.3s)
  ok  51 [chromium] › tests\fe014.spec.ts:187:1 › FE014.AC03 partial receipt posts only accepted units to synthetic stock and payable once (3.3s)
  ok  52 [chromium] › tests\fe014.spec.ts:258:1 › FE014.D03/D04/D07 replenishment uses min-max rules, labels forecast limits, and blocks duplicate proposals (1.9s)
  ok  53 [chromium] › tests\fe015.spec.ts:49:1 › FE015.AC01 report filters use exact timezone boundaries and mock API aggregates (1.3s)
  ok  54 [chromium] › tests\fe015.spec.ts:95:1 › FE021.E08 report explanation is mock-only, cites the filtered P&L snapshot, and never writes finance data (1.1s)
  ok  55 [chromium] › tests\fe015.spec.ts:116:1 › UI003 report timestamps follow the active shop timezone (2.2s)
  ok  56 [chromium] › tests\fe015.spec.ts:173:1 › FE015.E02/E03 profit report renders canonical cost, gross-profit and operating-expense values (668ms)
  ok  57 [chromium] › tests\fe015.spec.ts:201:1 › FE015.AC02 journal rejects unbalanced decimal lines before POST and sends exact money strings (2.5s)
  ok  58 [chromium] › tests\fe015.spec.ts:236:1 › FE015.AC02 closed accounting period is visible and disables journal draft creation (1.7s)
  ok  59 [chromium] › tests\fe015.spec.ts:257:1 › FE015.AC03 CSV import keeps partial row failures visible and deduplicates external transactions (1.5s)
  ok  60 [chromium] › tests\fe015.spec.ts:280:1 › UI001 reconciliation cursors stay scoped and dialogs load choices beyond the visible table page (7.3s)
  ok  61 [chromium] › tests\fe015.spec.ts:407:1 › FE015.AC03 COD settlement matches net remittance plus documented fee (2.9s)
  ok  62 [chromium] › tests\fe015.spec.ts:441:1 › FE015.AC03 partial bank allocation leaves the remaining amount and debt visible (2.3s)
  ok  63 [chromium] › tests\fe015.spec.ts:466:1 › FE015.AC03 unknown journal posting is not resent from the same draft (3.7s)
  ok  64 [chromium] › tests\fe016.spec.ts:67:1 › UI015 mobile demo tools disclose by keyboard and inbox stays within narrow viewports (780ms)
  ok  65 [chromium] › tests\fe016.spec.ts:100:1 › FE016 conversation keeps its composer visible while long demo context scrolls independently (1.1s)
  ok  66 [chromium] › tests\fe016.spec.ts:133:1 › FE016.AC01 inbox filters call canonical query fields and remain bookmarked through conversation details (1.8s)
  ok  67 [chromium] › tests\fe016.spec.ts:161:1 › FE016.AC01 list cursor is isolated from message cursor and restored on back navigation (762ms)
  ok  68 [chromium] › tests\fe016.spec.ts:180:1 › UI002 inbox list and message cursors stay independent through paging, conversation switch and shop change (2.8s)
  ok  69 [chromium] › tests\fe016.spec.ts:269:1 › UI002 mobile keeps the list page while messages page and Back restores it (1.9s)
  ok  70 [chromium] › tests\fe016.spec.ts:313:1 › UI002 Inbox search resets only the list cursor while a message page is open (1.6s)
  ok  71 [chromium] › tests\fe016.spec.ts:370:1 › UI002 deep link, refresh and mobile Back preserve their own cursors (1.3s)
  ok  72 [chromium] › tests\fe016.spec.ts:424:1 › UI002 list and message panel errors remain isolated (4.8s)
  ok  73 [chromium] › tests\fe016.spec.ts:448:1 › UI002 send, invalidation and resync keep both cursors and send only once (1.7s)
  ok  74 [chromium] › tests\fe016.spec.ts:508:1 › FE016.AC01 takeover and reply use current versions and show API send state without claiming delivery (1.6s)
  ok  75 [chromium] › tests\fe016.spec.ts:535:1 › FE016.AC02 internal notes render HTML-like text inert and feedback creates only a review draft (1.5s)
  ok  76 [chromium] › tests\fe016.spec.ts:566:1 › FE016.AC03 unknown send keeps the reply draft, exposes command recovery and never blindly resends (1.4s)
  ok  77 [chromium] › tests\fe016.spec.ts:587:1 › FE016.AC04 role without customer/order permissions cannot open those cross-module references (771ms)
  ok  78 [chromium] › tests\fe016.spec.ts:598:1 › FE016.S03 stale takeover preserves reason and reports the version conflict (1.8s)
  ok  79 [chromium] › tests\fe016.spec.ts:614:1 › FE016.B05 cross-sell promotion preview shows sample rules without applying a discount (1.1s)
  ok  80 [chromium] › tests\fe016.spec.ts:628:1 › FE016.B08 image and voice preview is synthetic and stays local (1.1s)
  ok  81 [chromium] › tests\fe016.spec.ts:643:1 › FE027.B01 industry sales script preview asks for missing facts and stays a local draft (1.4s)
  ok  82 [chromium] › tests\fe016.spec.ts:659:1 › FE027.B02 inbox price and available stock preview uses current canonical mock reads (751ms)
  ok  83 [chromium] › tests\fe016.spec.ts:680:1 › FE027.B03 order capture links the active customer and conversation into the manual order form (1.2s)
  ok  84 [chromium] › tests\fe016.spec.ts:690:1 › FE027.B04 automatic order confirmation stays unavailable until policy and customer evidence exist (1.1s)
  ok  85 [chromium] › tests\fe017-validation.spec.ts:15:1 › FE017 synthetic 422 keeps the knowledge draft fields and shows field errors (1.2s)
  ok  86 [chromium] › tests\fe017.spec.ts:24:1 › FE017.AC01 demo publishing uses the approved permission and lifecycle substitute without an API allowedActions field (2.8s)
  ok  87 [chromium] › tests\fe017.spec.ts:115:1 › FE017.AC02 knowledge file upload sends canonical purpose and detail reads processing status (1.6s)
  ok  88 [chromium] › tests\fe017.spec.ts:154:1 › FE017 price and stock source preview uses canonical product and timestamped inventory APIs (679ms)
  ok  89 [chromium] › tests\fe017.spec.ts:187:1 › FE017.AC03 missing content, unsupported and oversized files keep creation unavailable (1.5s)
  ok  90 [chromium] › tests\fe017.spec.ts:209:1 › FE017.AC04 feedback approval creates inert draft content and its first revision only (2.1s)
  ok  91 [chromium] › tests\fe017.spec.ts:242:1 › FE017.AC05 manager sees knowledge read-only and synthetic API rejects purpose-specific upload and publish (707ms)
  ok  92 [chromium] › tests\fe017.spec.ts:263:1 › FE017.AC06 stale review preserves the reason and explains the conflict (1.2s)
  ok  93 [chromium] › tests\fe017.spec.ts:278:1 › FE027.G02 product content brief edits source, size, warranty, alternatives, and forbidden claims locally (1.1s)
  ok  94 [chromium] › tests\fe017.spec.ts:296:1 › FE027.G03 policy revisions keep the published snapshot immutable when a draft changes (785ms)
  ok  95 [chromium] › tests\fe018.spec.ts:128:1 › FE018.S01 maps routes and operations to the canonical OpenAPI permissions (442ms)
  ok  96 [chromium] › tests\fe018.spec.ts:145:1 › FE018.AC01/04 draft saves use the contract version and keep human order confirmation locked after a conflict (2.9s)
  ok  97 [chromium] › tests\fe018.spec.ts:176:1 › FE018.AC03 evaluation is synthetic, revision-bound, and cannot publish a stale draft (2.8s)
  ok  98 [chromium] › tests\fe018.spec.ts:200:1 › FE018.AC01/04 successful publish is tied to the tested revision and pause explains its boundary (2.6s)
  ok  99 [chromium] › tests\fe018.spec.ts:230:1 › FE018.AC03 playground sends no external message and preserves unknown cost and token values (1.6s)
  ok 100 [chromium] › tests\fe018.spec.ts:252:1 › FE018.S03 synthetic budget and tool denials retain the prompt and never show a generated answer (3.1s)
  ok 101 [chromium] › tests\fe018.spec.ts:278:1 › FE027.H03 budget and provider failover preview refuses silent provider switching on exhaustion (1.5s)
  ok 102 [chromium] › tests\fe018.spec.ts:292:1 › FE018.AC02 role kill switch is versioned, preserves API tools, and does not pause the whole bot (3.1s)
  ok 103 [chromium] › tests\fe018.spec.ts:333:1 › FE018.AC02 expired, wrong-scope, and matching approvals produce honest budget results (1.8s)
  ok 104 [chromium] › tests\fe018.spec.ts:361:1 › FE018.AC05 manager and bot-admin roles cannot use operations outside their canonical permissions (1.7s)
  ok 105 [chromium] › tests\fe018.spec.ts:393:1 › FE018.AC05 unknown role command stays unresolved and does not claim successful resumption (2.3s)
UI004_25_ACCEPTANCE={"total":25,"pageSizes":[20,5],"cursor":"evaluation-10016","oldestRecord":"evaluation-10001","oldestReachable":true,"detailPreservedCursor":true,"browserBackRestoredFirstPage":true,"searchResetCursor":true}
  ok 106 [chromium] › tests\fe018.spec.ts:409:1 › UI004 25 evaluations: cursor pages reach the last record and preserve detail, search, and browser Back state (2.6s)
UI004_105_ACCEPTANCE={"total":105,"pageSizes":[20,20,20,20,20,5],"pagesVisited":6,"cursorRequests":["evaluation-10256","evaluation-10196","evaluation-10136","evaluation-10076","evaluation-10016"],"uniqueRecords":105,"oldestRecord":"evaluation-10001","oldestReachable":true,"failedCursorRetainedForRetry":"evaluation-10196","errorShowsNoFabricatedRows":true,"retrySucceeded":true}
  ok 107 [chromium] › tests\fe018.spec.ts:455:1 › UI004 105 evaluations: cursor traversal reaches every record and retains the failing cursor for retry (6.9s)
  ok 108 [chromium] › tests\fe019.spec.ts:21:1 › FE019.S01 maps integrations and notification routes, actions, schemas, and mock boundaries (12ms)
  ok 109 [chromium] › tests\fe019.spec.ts:70:1 › FE019.AC01 AI secret is write-only, cleared after submit, and absent from stored/read data (2.2s)
  ok 110 [chromium] › tests\fe019.spec.ts:117:1 › FE019.AC01 invalid mock credential is rejected, cleared from the form, and not submitted (1.7s)
  ok 111 [chromium] › tests\fe019.spec.ts:138:1 › FE019.AC02 channel OAuth failure stays on the page and never marks a channel connected (1.2s)
  ok 112 [chromium] › tests\fe019.spec.ts:172:1 › FE019.AC03/04 device, Telegram, and PWA checks stay synthetic and do not request OS permission (2.6s)
  ok 113 [chromium] › tests\fe019.spec.ts:251:1 › FE019.AC05 notification policy validates canonical numeric bounds before sending and acknowledges only allowed work (2.2s)
  ok 114 [chromium] › tests\fe019.spec.ts:273:1 › FE019.A03 notification order link stays within the active shop scope (1.1s)
  ok 115 [chromium] › tests\fe019.spec.ts:282:1 › FE019.A05 reminder policy saves shop-local schedule and quiet hours through the synthetic API (1.3s)
  ok 116 [chromium] › tests\fe019.spec.ts:309:1 › FE027.A02/A07 preparation notification keeps order evidence and separates queued, opened, and acknowledged states (629ms)
  ok 117 [chromium] › tests\fe019.spec.ts:334:1 › FE027.A08 notification settings disclose server-only deduplication and callback safeguards (1.1s)
  ok 118 [chromium] › tests\fe020.spec.ts:41:1 › FE020.AC01 approval detail is fetched and a changed source resource rejects the stale decision (2.9s)
  ok 119 [chromium] › tests\fe020.spec.ts:87:1 › FE020.AC02/03 work-item actions follow allowedActions and operations health stays explicitly synthetic (2.4s)
  ok 120 [chromium] › tests\fe020.spec.ts:137:1 › FE020.AC03 role pause control uses the canonical versioned mock and never claims readiness (1.5s)
  ok 121 [chromium] › tests\fe020.spec.ts:154:1 › FE020.F03 operations exception filter groups overdue, blocked, and unclaimed synthetic work (1.1s)
  ok 122 [chromium] › tests\fe020.spec.ts:175:1 › FE020.F05 delegation rule preview stays local and grants no API approval capability (1.6s)
  ok 123 [chromium] › tests\fe020.spec.ts:192:1 › FE020.F06/H01 digest and dependency health panels show synthetic history without claiming workers are ready (679ms)
  ok 124 [chromium] › tests\fe020.spec.ts:225:1 › FE027.H08 restore and release readiness stay unknown without a verified rehearsal or deployment gate (1.1s)
  ok 125 [chromium] › tests\fe021.spec.ts:29:1 › FE021 dashboard keeps independent panels usable and hides finance fields without finance.read (769ms)
  ok 126 [chromium] › tests\fe021.spec.ts:41:1 › FE021 marketing chart and table match the same synthetic API fixture and preserve missing actual spend (1.8s)
  ok 127 [chromium] › tests\fe021.spec.ts:65:1 › FE021 export uses inclusive shop-local boundaries, safe CSV, API jobs and cursor pagination (2.4s)
  ok 128 [chromium] › tests\fe021.spec.ts:120:1 › FE021 mock rejects an export when reports.export lacks the source permission (749ms)
  ok 129 [chromium] › tests\fe021.spec.ts:140:1 › FE021 mock rejects an invalid report timezone before creating an export job (1.1s)
  ok 130 [chromium] › tests\fe021.spec.ts:160:1 › FE021 ambiguous export result preserves the selected dates and never exposes a download (2.4s)
  ok 131 [chromium] › tests\fe021.spec.ts:173:1 › FE021 empty report and marketing payloads render explicit empty states (2.3s)
  ok 132 [chromium] › tests\fe021.spec.ts:192:1 › FE021 stale export conflict preserves dates and never exposes a download (2.3s)
  ok 133 [chromium] › tests\frontend.spec.ts:39:1 › catalog create uses the HTTP mock and successful save clears the draft guard (1.5s)
  ok 134 [chromium] › tests\frontend.spec.ts:56:1 › dirty drafts block in-app navigation and preserve input until the user decides (1.9s)
  ok 135 [chromium] › tests\frontend.spec.ts:74:1 › all canonical routes render inside the real React demo application (28.9s)
  ok 136 [chromium] › tests\frontend.spec.ts:99:1 › switching shops cancels a delayed request and loads only the new shop scope (5.0s)
  ok 137 [chromium] › tests\frontend.spec.ts:117:1 › role changes remove restricted navigation and the route guard explains denied access (700ms)
  ok 138 [chromium] › tests\frontend.spec.ts:130:1 › deep links survive browser refresh and logout clears the mock session (2.4s)
  ok 139 [chromium] › tests\frontend.spec.ts:143:1 › logout asks before discarding a draft and retains the session when logout fails (1.9s)
  ok 140 [chromium] › tests\frontend.spec.ts:200:1 › mobile navigation opens, routes, and closes without viewport overflow (837ms)
  ok 141 [chromium] › tests\frontend.spec.ts:214:1 › chunk loading errors use the route recovery boundary (607ms)
  ok 142 [chromium] › tests\frontend.spec.ts:253:1 › live mode reports an unavailable session API without enabling mock data (212ms)
ROUTE_ROLE_MATRIX_CASES=357 ROLES=7 PRIVATE_ROUTES=51 RESULT=PASS
  ok 143 [chromium] › tests\route-role-matrix.spec.ts:42:1 › route read access matches canonical permissions for every demo role (9.7s)
  ok 144 [chromium] › tests\security.spec.ts:35:1 › untrusted product text renders as text without activating markup (1.3s)
  ok 145 [chromium] › tests\security.spec.ts:53:1 › catalog import rejects a non-CSV file before an upload request (1.0s)
  ok 146 [chromium] › tests\security.spec.ts:71:1 › catalog import rejects files above the demo size limit before upload (1.3s)
  ok 147 [chromium] › tests\security.spec.ts:89:1 › mock uploads require a purpose, enforce its role, and fingerprint file content for retries (1.2s)
VITE_CACHE_ISOLATION=PASS rootA=C:\Users\Joker-PC\AppData\Local\Temp\botsales-vite-cache\ea27c7577456f6009d55\test-demo\playwright-83764-1890c361-a575-4424-9755-1538e792aff9-parallel-a rootB=C:\Users\Joker-PC\AppData\Local\Temp\botsales-vite-cache\ea27c7577456f6009d55\test-demo\playwright-83764-1890c361-a575-4424-9755-1538e792aff9-parallel-b otherCheckout=true
  ok 148 [chromium] › tests\session\demo-server-cache-isolation.spec.ts:7:1 › concurrent demo servers use isolated Vite caches and load the React app (1.2s)
  ok 149 [chromium] › tests\states\fe023.spec.ts:17:1 › FE023.S04 a dirty dialog keeps the form value until the user confirms discard (1.6s)
  ok 150 [chromium] › tests\states\fe023.spec.ts:35:1 › FE023.S03 a customer lookup loads the next cursor page without dropping earlier choices (1.5s)
  ok 151 [chromium] › tests\states\fe023.spec.ts:76:1 › FE023.S04 delayed requests show loading and failed refresh keeps a retry path (6.8s)
  ok 152 [chromium] › tests\states\fe023.spec.ts:103:1 › FE023 unsaved shop settings are preserved when navigation switches shop scope (2.4s)
  ok 153 [chromium] › tests\states\fe023.spec.ts:121:1 › FE023 a saved shop form resets its dirty baseline and reports success (1.3s)
ROUTE_EMPTY_COMPOSITION_PROGRESS=3/11
ROUTE_EMPTY_COMPOSITION_PROGRESS=6/11
ROUTE_EMPTY_COMPOSITION_PROGRESS=9/11
ROUTE_EMPTY_COMPOSITION=11/11 RESULT=PASS
  ok 154 [chromium] › tests\states\route-empty-composition.spec.ts:27:1 › empty collection responses render accessible empty states on canonical list routes (2.1s)
ROUTE_ERROR_COMPOSITION_PROGRESS=10/51
ROUTE_ERROR_COMPOSITION_PROGRESS=20/51
ROUTE_ERROR_COMPOSITION_PROGRESS=30/51
ROUTE_ERROR_COMPOSITION_PROGRESS=40/51
ROUTE_ERROR_COMPOSITION_PROGRESS=50/51
ROUTE_ERROR_COMPOSITION=51/51 RESULT=PASS
  ok 155 [chromium] › tests\states\route-error-composition.spec.ts:26:1 › every shop route composes the shared API error state with its page content (2.3m)
  ok 156 [chromium] › tests\ui-bot-layout.spec.ts:42:1 › Bot routes R26/R27/R28/R51 fit the supported page-width boundaries (19.8s)
  ok 157 [chromium] › tests\ui-bot-layout.spec.ts:52:1 › Bot config, evaluation, role and budget dialogs stay inside mobile and desktop viewports (12.7s)
  ok 158 [chromium] › tests\ui-catalog-layout.spec.ts:15:1 › catalog R09-R14 keeps shared gutters, inset ownership and dry-run flow at mobile and desktop (12.3s)
  ok 159 [chromium] › tests\ui-catalog-layout.spec.ts:67:1 › Imports review notice and demo controls keep the measured shared 24px clearance at 806x884 (1.0s)
  x  160 [chromium] › tests\ui-composition-layout.spec.ts:13:1 › SPC-061/062 shared compositions own their gap and child boundaries on every canonical route (3.9s)
(node:53332) Warning: The 'NO_COLOR' env is ignored due to the 'FORCE_COLOR' env being set.
(Use `node --trace-warnings ...` to show where the warning was created)
  ok 161 [chromium] › tests\ui-composition-positive-ancestry.spec.ts:62:1 › S15 Dashboard conditional content keeps an independently bordered surface inside its Panel owner (4.5s)
  ok 162 [chromium] › tests\ui-composition-positive-ancestry.spec.ts:103:1 › S15 catalog QueryState fragment keeps DataTable and Pager as peer children of one Panel (3.6s)
  ok 163 [chromium] › tests\ui-composition-positive-ancestry.spec.ts:137:1 › S15 Knowledge action group wraps children without losing its shared action owner (3.3s)
  ok 164 [chromium] › tests\ui-customers-layout.spec.ts:30:1 › Customers R07/R08/R54 layouts fit the shell at every responsive boundary (17.1s)
  ok 165 [chromium] › tests\ui-customers-layout.spec.ts:59:1 › Customer create and service-case dialogs stay in the viewport without submitting (5.4s)
  ok 166 [chromium] › tests\ui-dashboard-layout.spec.ts:15:1 › dashboard hierarchy, CTA targets, and page width hold across supported breakpoints (2.4s)
  ok 167 [chromium] › tests\ui-finance-layout.spec.ts:30:1 › Finance R20/R21/R22/R48/R49/R50 route layouts retain shell gutter without horizontal overflow from 320–1440px (29.1s)
  ok 168 [chromium] › tests\ui-finance-layout.spec.ts:62:1 › titled Finance Panels keep one 16px header-to-first-content boundary (9.8s)
  ok 169 [chromium] › tests\ui-finance-layout.spec.ts:122:1 › Finance report, entry, journal, reconciliation and period dialogs remain in the viewport without submitting (12.1s)
  ok 170 [chromium] › tests\ui-fulfillment-layout.spec.ts:30:1 › Fulfillment R41/R42 preserve shell gutter and contain responsive route layouts from 320-1440px (10.6s)
  ok 171 [chromium] › tests\ui-fulfillment-layout.spec.ts:59:1 › Fulfillment prep, shipment-create, detail and event dialogs fit mobile and desktop without submitting (5.7s)
  ok 172 [chromium] › tests\ui-integrations-layout.spec.ts:40:1 › Integrations routes R29/R30 fit the supported page-width boundaries (11.7s)
  ok 173 [chromium] › tests\ui-integrations-layout.spec.ts:50:1 › R29 disconnect and R30 create/edit credential dialogs stay inside mobile and desktop viewports (8.8s)
  ok 174 [chromium] › tests\ui-inventory-layout.spec.ts:15:1 › Inventory R15/R16 preserve shared gutter and contain table overflow at 320-1440px (11.0s)
  ok 175 [chromium] › tests\ui-inventory-layout.spec.ts:51:1 › Inventory filters reset cursor and preserve other URL state; adjustment validation sends no command (5.2s)
  ok 176 [chromium] › tests\ui-knowledge-layout.spec.ts:56:1 › Knowledge routes R23/R24/R25 fit every supported layout boundary (18.7s)
  ok 177 [chromium] › tests\ui-knowledge-layout.spec.ts:76:1 › Knowledge create, edit, and feedback-review dialogs remain inside mobile and desktop viewports (11.2s)
  ok 178 [chromium] › tests\ui-notifications-layout.spec.ts:40:1 › R39/R40 Notifications routes fit the supported page-width boundaries (11.1s)
  ok 179 [chromium] › tests\ui-notifications-layout.spec.ts:50:1 › R40 revoke-device confirmation stays inside mobile and desktop viewports (4.5s)
  ok 180 [chromium] › tests\ui-operations-layout.spec.ts:41:1 › R37/R38/R52 Operations routes fit the supported page-width boundaries (16.0s)
  ok 181 [chromium] › tests\ui-operations-layout.spec.ts:51:1 › R52 role-control confirmation stays inside mobile and desktop viewports (4.5s)
  ok 182 [chromium] › tests\ui-orders-layout.spec.ts:15:1 › Orders R17/R18/R19/R43 preserve responsive page geometry at 320-1440px (21.3s)
  ok 183 [chromium] › tests\ui-orders-layout.spec.ts:46:1 › Orders draft, versioned quote, synthetic address and return dialogs keep their behavior without writes (10.2s)
  ok 184 [chromium] › tests\ui-panel-layout.spec.ts:15:1 › the titled Fulfillment Panel owns its body inset and keeps one 16px header boundary (3.8s)
  ok 185 [chromium] › tests\ui-procurement-layout.spec.ts:36:1 › Procurement R44-R47 preserve shared page gutter and contain responsive tables at 320-1440px (21.1s)
  ok 186 [chromium] › tests\ui-procurement-layout.spec.ts:67:1 › Procurement supplier, offer, rule, purchase and receipt dialogs fit narrow and desktop viewports without writes (13.0s)
  ok 187 [chromium] › tests\ui-query-state-layout.spec.ts:68:5 › S12 R09 QueryState section profile preserves pending and ready layout (9.3s)
  ok 188 [chromium] › tests\ui-query-state-layout.spec.ts:68:5 › S12 R11 QueryState inline profile preserves pending and ready layout (8.5s)
  ok 189 [chromium] › tests\ui-shell-layout.spec.ts:44:1 › Shell keeps header, banner, main and footer on one responsive gutter (1.3s)
  ok 190 [chromium] › tests\ui-shell-layout.spec.ts:99:1 › demo controls stay discoverable on mobile and usable on desktop (554ms)
  ok 191 [chromium] › tests\ui-shell-layout.spec.ts:117:1 › SPC-055/057 floated demo-control labels keep a clear gap on every Shell route consumer (14.4s)
  ok 192 [chromium] › tests\ui-shell-layout.spec.ts:141:1 › unmatched route fallback owns its page gutter without horizontal overflow (338ms)
  ok 193 [chromium] › tests\ui-workspace-layout.spec.ts:60:1 › workspace routes stay within the supported page-width boundaries (40.4s)
  ok 194 [chromium] › tests\ui-workspace-layout.spec.ts:72:1 › team invite and privacy request dialogs remain usable without submitting (8.1s)
  ok 195 [chromium] › tests\ui006-lookups.spec.ts:68:1 › UI006.C05 lookup and table cursors reach records after 150 synthetic suppliers, offers, and orders (16.1s)
  ok 196 [chromium] › tests\ui006-lookups.spec.ts:214:1 › UI006.C04 bounded previews disclose their sample and link to full collections (3.4s)
  ok 197 [chromium] › tests\ui006-lookups.spec.ts:231:1 › UI006.C02 selected order identity survives a failed search and cursor retry (2.0s)
  ok 198 [chromium] › tests\ui007-query-states.spec.ts:30:1 › UI007 secondary order query loads independently while the customer profile remains available (2.9s)
  ok 199 [chromium] › tests\ui007-query-states.spec.ts:60:1 › UI007 order query 503 is isolated from the primary customer query and retries only that query (2.9s)
  ok 200 [chromium] › tests\ui007-query-states.spec.ts:94:1 › UI007 forbidden order query is an access state and a successful empty query is distinct (1.8s)
  ok 201 [chromium] › tests\ui007-query-states.spec.ts:114:1 › UI007 supplier and offer failures keep purchase suggestions visible and have operation-specific recovery (2.8s)
  ok 202 [chromium] › tests\ui007-query-states.spec.ts:150:1 › UI007 auto-send budget query is lazy, permission-aware, and blocks an unverified budget (1.9s)
  ok 203 [chromium] › tests\ui008-integration-empty.spec.ts:54:1 › UI008 R29 successful empty collection exposes an accessible state and one permission-guarded connect CTA (1.4s)
  ok 204 [chromium] › tests\ui008-integration-empty.spec.ts:72:1 › UI008 R29 read-only bot_admin sees the empty state without a manage action (1.2s)
  ok 205 [chromium] › tests\ui008-integration-empty.spec.ts:87:1 › UI008 R29 pending channel query stays loading until its response arrives (1.7s)
  ok 206 [chromium] › tests\ui008-integration-empty.spec.ts:105:1 › UI008 R29 forbidden channel query is not presented as empty or retryable (807ms)
  ok 207 [chromium] › tests\ui008-integration-empty.spec.ts:119:1 › UI008 R29 503 remains an error and recovers through its retry control (2.1s)
  ok 208 [chromium] › tests\ui008-integration-empty.spec.ts:140:1 › UI008 R30 successful empty AI connection cards show a first-use state and one add CTA (796ms)
  ok 209 [chromium] › tests\ui008-integration-empty.spec.ts:158:1 › UI008 R30 read-only bot_admin sees the empty state without an add action (1.2s)
  ok 210 [chromium] › tests\ui009-scope-regression.spec.ts:23:1 › UI009 delayed customer orders from the previous shop cannot leak into the new shop profile (2.8s)
  ok 211 [chromium] › tests\ui010-dialog-draft.spec.ts:15:1 › UI010 a discarded confirmation reason is cleared before the dialog opens again (2.8s)
  ok 212 [chromium] › tests\ui011-date-time.spec.ts:16:1 › UI011 report defaults use the active shop calendar month at a UTC month boundary (1.7s)
  ok 213 [chromium] › tests\ui011-date-time.spec.ts:29:1 › UI011 journal effective date defaults to the active shop calendar date (1.3s)
  ok 214 [chromium] › tests\ui011-date-time.spec.ts:41:1 › UI011 shipment event input and API instant use the shop timezone, not browser timezone (1.6s)
  ok 215 [chromium] › tests\ui012-keyboard.spec.ts:42:1 › UI012 keyboard-only finance edit handles select, discard warning and focus return (3.2s)
  ok 216 [chromium] › tests\ui012-keyboard.spec.ts:103:1 › UI012 keyboard validation focuses the field named by a synthetic 422 response (2.8s)
  ok 217 [chromium] › tests\ui012-keyboard.spec.ts:160:1 › UI012 keyboard activates the CSV chooser and discards its selected file without upload (1.8s)
  ok 218 [chromium] › tests\ui012-keyboard.spec.ts:200:1 › UI012 keyboard can reach and horizontally scroll the marketing chart data alternative (1.3s)
  ok 219 [chromium] › tests\ui012-keyboard.spec.ts:227:1 › UI012 marketing chart keeps every category label visible beside its data table (2.4s)
  ok 220 [chromium] › tests\ui012-keyboard.spec.ts:268:1 › UI012 inbox feedback actions identify their message and return focus after Escape (2.6s)
  ok 221 [chromium] › tests\ui012-keyboard.spec.ts:301:1 › UI012 order draft does not announce an untouched required customer as invalid (1.2s)
  ok 222 [chromium] › tests\ui012-keyboard.spec.ts:314:1 › UI012 long BotConfig policy literal wraps inside its alert at a 320 CSS-pixel viewport (1.2s)
  ok 223 [chromium] › tests\ui012-keyboard.spec.ts:348:1 › UI012 dashboard CTA separates hover and pressed feedback while keeping keyboard focus visible (3.1s)
  ok 224 [chromium] › tests\ui013-url-state.spec.ts:19:1 › UI013 reconciliation tab deep links and survives refresh; malformed tab safely falls back (4.1s)
  ok 225 [chromium] › tests\ui013-url-state.spec.ts:39:1 › UI013 finance date range deep link, edit, refresh and Back use shop-local filter state (3.6s)
  ok 226 [chromium] › tests\ui013-url-state.spec.ts:70:1 › UI013 report type and export date filters are deep-linkable, refreshable and malformed values fall back safely (3.8s)
  ok 227 [chromium] › tests\ui021-permission-edge.spec.ts:4:1 › privacy page keeps the customers link when the destination permission is present (2.3s)
  ok 228 [chromium] › tests\ui021-permission-edge.spec.ts:19:1 › privacy page hides the customers link when the destination permission is missing (2.6s)
  ok 229 [chromium] › tests\ui028-w24-inbox-layout.spec.ts:15:1 › UI028.W24 Inbox spacing roles remain consistent across breakpoints without losing draft state (7.0s)
  ok 230 [chromium] › tests\ui028-w25-reports-layout.spec.ts:15:1 › UI028.W25 Reports semantic spacing stays stable at mobile, tablet and desktop widths (13.0s)
  ok 231 [chromium] › tests\ui028-w25-reports-layout.spec.ts:113:1 › UI028.W25 authorized report download link retains its 44px hit target (2.2s)
[w28-route-geometry] {"browser":"chromium","width":390,"routes":54,"issues":0,"pageErrors":0,"evidence":"evidence\\frontend-ui-improvements\\UI028\\W28\\route-geometry-chromium-390-current-s19-e2e-20261007-a.json"}
  ok 232 [chromium] › tests\ui028-w28-routes.spec.ts:47:5 › UI028.W28 54 canonical routes render with measured 390px layout geometry (55.4s)
[w28-route-geometry] {"browser":"chromium","width":1440,"routes":54,"issues":0,"pageErrors":0,"evidence":"evidence\\frontend-ui-improvements\\UI028\\W28\\route-geometry-chromium-1440-current-s19-e2e-20261007-a.json"}
  ok 233 [chromium] › tests\ui028-w28-routes.spec.ts:47:5 › UI028.W28 54 canonical routes render with measured 1440px layout geometry (34.2s)
[w29-responsive-profile] {"browser":"chromium","width":320,"profiles":7,"issues":0,"pageErrors":0,"evidence":"evidence\\frontend-ui-improvements\\UI028\\W29\\responsive-profile-chromium-320-current-s19-e2e-20261007-a.json"}
  ok 234 [chromium] › tests\ui028-w29-reflow.spec.ts:30:5 › UI028.W29 320px reflow retains representative actions and contains overflow (8.3s)
[w29-responsive-profile] {"browser":"chromium","width":390,"profiles":7,"issues":0,"pageErrors":0,"evidence":"evidence\\frontend-ui-improvements\\UI028\\W29\\responsive-profile-chromium-390-current-s19-e2e-20261007-a.json"}
  ok 235 [chromium] › tests\ui028-w29-reflow.spec.ts:30:5 › UI028.W29 390px reflow retains representative actions and contains overflow (7.8s)
[w29-responsive-profile] {"browser":"chromium","width":767,"profiles":7,"issues":0,"pageErrors":0,"evidence":"evidence\\frontend-ui-improvements\\UI028\\W29\\responsive-profile-chromium-767-current-s19-e2e-20261007-a.json"}
  ok 236 [chromium] › tests\ui028-w29-reflow.spec.ts:30:5 › UI028.W29 767px reflow retains representative actions and contains overflow (7.7s)
[w29-responsive-profile] {"browser":"chromium","width":768,"profiles":7,"issues":0,"pageErrors":0,"evidence":"evidence\\frontend-ui-improvements\\UI028\\W29\\responsive-profile-chromium-768-current-s19-e2e-20261007-a.json"}
  ok 237 [chromium] › tests\ui028-w29-reflow.spec.ts:30:5 › UI028.W29 768px reflow retains representative actions and contains overflow (7.9s)
[w29-responsive-profile] {"browser":"chromium","width":1024,"profiles":7,"issues":0,"pageErrors":0,"evidence":"evidence\\frontend-ui-improvements\\UI028\\W29\\responsive-profile-chromium-1024-current-s19-e2e-20261007-a.json"}
  ok 238 [chromium] › tests\ui028-w29-reflow.spec.ts:30:5 › UI028.W29 1024px reflow retains representative actions and contains overflow (7.8s)
[w29-responsive-profile] {"browser":"chromium","width":1279,"profiles":7,"issues":0,"pageErrors":0,"evidence":"evidence\\frontend-ui-improvements\\UI028\\W29\\responsive-profile-chromium-1279-current-s19-e2e-20261007-a.json"}
  ok 239 [chromium] › tests\ui028-w29-reflow.spec.ts:30:5 › UI028.W29 1279px reflow retains representative actions and contains overflow (8.0s)
[w29-responsive-profile] {"browser":"chromium","width":1280,"profiles":7,"issues":0,"pageErrors":0,"evidence":"evidence\\frontend-ui-improvements\\UI028\\W29\\responsive-profile-chromium-1280-current-s19-e2e-20261007-a.json"}
  ok 240 [chromium] › tests\ui028-w29-reflow.spec.ts:30:5 › UI028.W29 1280px reflow retains representative actions and contains overflow (6.0s)
[w29-responsive-profile] {"browser":"chromium","width":1440,"profiles":7,"issues":0,"pageErrors":0,"evidence":"evidence\\frontend-ui-improvements\\UI028\\W29\\responsive-profile-chromium-1440-current-s19-e2e-20261007-a.json"}
  ok 241 [chromium] › tests\ui028-w29-reflow.spec.ts:30:5 › UI028.W29 1440px reflow retains representative actions and contains overflow (6.1s)
[w29-responsive-profile] {"browser":"chromium","width":1920,"profiles":7,"issues":0,"pageErrors":0,"evidence":"evidence\\frontend-ui-improvements\\UI028\\W29\\responsive-profile-chromium-1920-current-s19-e2e-20261007-a.json"}
  ok 242 [chromium] › tests\ui028-w29-reflow.spec.ts:30:5 › UI028.W29 1920px reflow retains representative actions and contains overflow (6.0s)
[w30-stress] {"browser":"chromium","scenario":"form-error-short","viewport":{"width":320,"height":480},"scaledTextElements":54,"issues":0,"pageErrors":0,"evidence":"evidence\\frontend-ui-improvements\\UI028\\W30\\stress-chromium-form-error-short-current-s19-e2e-20261007-a.json"}
  ok 243 [chromium] › tests\ui028-w30-stress.spec.ts:73:5 › UI028.W30 form-error-short: 200% text and spacing stress at 320x480 (1.9s)
[w30-stress] {"browser":"chromium","scenario":"mobile-menu-long-label","viewport":{"width":390,"height":560},"scaledTextElements":142,"issues":0,"pageErrors":0,"evidence":"evidence\\frontend-ui-improvements\\UI028\\W30\\stress-chromium-mobile-menu-long-label-current-s19-e2e-20261007-a.json"}
  ok 244 [chromium] › tests\ui028-w30-stress.spec.ts:73:5 › UI028.W30 mobile-menu-long-label: 200% text and spacing stress at 390x560 (1.8s)
[w30-stress] {"browser":"chromium","scenario":"report-long-id","viewport":{"width":640,"height":450},"scaledTextElements":61,"issues":0,"pageErrors":0,"evidence":"evidence\\frontend-ui-improvements\\UI028\\W30\\stress-chromium-report-long-id-current-s19-e2e-20261007-a.json"}
  ok 245 [chromium] › tests\ui028-w30-stress.spec.ts:73:5 › UI028.W30 report-long-id: 200% text and spacing stress at 640x450 (1.2s)
[w30-stress] {"browser":"chromium","scenario":"inbox-long-composer","viewport":{"width":390,"height":560},"scaledTextElements":70,"issues":0,"pageErrors":0,"evidence":"evidence\\frontend-ui-improvements\\UI028\\W30\\stress-chromium-inbox-long-composer-current-s19-e2e-20261007-a.json"}
  ok 246 [chromium] › tests\ui028-w30-stress.spec.ts:73:5 › UI028.W30 inbox-long-composer: 200% text and spacing stress at 390x560 (1.3s)
[w30-stress] {"browser":"chromium","scenario":"dialog-long-reason","viewport":{"width":320,"height":480},"scaledTextElements":79,"issues":0,"pageErrors":0,"evidence":"evidence\\frontend-ui-improvements\\UI028\\W30\\stress-chromium-dialog-long-reason-current-s19-e2e-20261007-a.json"}
  ok 247 [chromium] › tests\ui028-w30-stress.spec.ts:73:5 › UI028.W30 dialog-long-reason: 200% text and spacing stress at 320x480 (1.3s)
  ok 248 [chromium] › tests\vertical-slices\fe022-flows.spec.ts:36:1 › FE022.VS01 catalog → stock → order → prep keeps product, reservation, and order references linked (3.2s)
  ok 249 [chromium] › tests\vertical-slices\fe022-flows.spec.ts:90:1 › FE022.VS02 procurement → approval → receipt → stock and payable preserves the purchase identity (5.7s)
  ok 250 [chromium] › tests\vertical-slices\fe022-flows.spec.ts:166:1 › FE022.VS03 finance → reconciliation retains bank transaction and partial debt allocation (2.0s)
  ok 251 [chromium] › tests\vertical-slices\fe022-flows.spec.ts:202:1 › FE022.VS04 inbox → knowledge draft → bot evaluation preserves feedback and revision source IDs (3.0s)
  ok 252 [chromium] › tests\vertical-slices\fe022-flows.spec.ts:244:1 › FE022.S05 route and feature matrix covers canonical IDs with executed cases or explicit frontend gaps (211ms)
(node:27496) Warning: The 'NO_COLOR' env is ignored due to the 'FORCE_COLOR' env being set.
(Use `node --trace-warnings ...` to show where the warning was created)
  ok 253 [firefox] › tests\accessibility\routes.spec.ts:17:1 › all canonical routes pass whole-page WCAG 2.1 A/AA axe checks in the React demo (1.4m)
[artifact-preview] {"scope":"FRONTEND_WITH_SYNTHETIC_MOCK_API","artifact":"apps/web/dist-demo","browserMetrics":{"browser":"Mozilla/5.0 (Windows NT 10.0; Win64; x64; rv:155.0) Gecko/20100101 Firefox/155.0","viewport":{"width":1280,"height":720},"route":"/s/shop-demo/overview","domContentLoadedMs":80,"loadEventMs":80,"scriptCount":11,"scriptTransferBytes":450921,"scriptAssets":[{"file":"query-5vm9EU1C.js","transferBytes":10220,"decodedBytes":33154,"durationMs":14},{"file":"index-CpT2_28h.js","transferBytes":29231,"decodedBytes":91332,"durationMs":15},{"file":"mui-azn9KfGV.js","transferBytes":100319,"decodedBytes":328326,"durationMs":19},{"file":"contract-data-D-QqiNa-.js","transferBytes":37614,"decodedBytes":309769,"durationMs":17},{"file":"schema-validation-Bhr7oAQE.js","transferBytes":45419,"decodedBytes":149800,"durationMs":17},{"file":"i18n-xB0mQYCC.js","transferBytes":15416,"decodedBytes":46142,"durationMs":17},{"file":"react-runtime-D0NtfbPC.js","transferBytes":90580,"decodedBytes":279779,"durationMs":19},{"file":"service-BepI4YXI.js","transferBytes":35006,"decodedBytes":159351,"durationMs":16},{"file":"browser-D9yR_IN6.js","transferBytes":87116,"decodedBytes":255200,"durationMs":18},{"file":"index-Cekwm1RG.js","transferBytes":0,"decodedBytes":0,"durationMs":0},{"file":"hooks-B-mhf3ps.js","transferBytes":0,"decodedBytes":0,"durationMs":0}]},"bundles":{"javascriptFiles":31,"totalBytes":2353153,"totalGzipBytes":672401,"initialRouteGzipBytes":453523,"proposedBudgets":{"initialRouteGzipKiB":500,"largestChunkGzipKiB":200,"basis":"Local demo preview limits for the measured Chromium artifact; not a backend or platform SLO."},"largest":[{"file":"apps/web/dist-demo/assets/mui-azn9KfGV.js","bytes":328326,"gzipBytes":100019},{"file":"apps/web/dist-demo/assets/charts-RcpaDpmM.js","bytes":313031,"gzipBytes":94993},{"file":"apps/web/dist-demo/assets/contract-data-D-QqiNa-.js","bytes":309769,"gzipBytes":37314},{"file":"apps/web/dist-demo/assets/react-runtime-D0NtfbPC.js","bytes":279779,"gzipBytes":90280},{"file":"apps/web/dist-demo/assets/browser-D9yR_IN6.js","bytes":255200,"gzipBytes":86816}]},"observedApi":{"path":"/api/v2/session","status":200,"servedBy":"MSW in the built demo artifact"},"dataSource":"synthetic-msw"}
  ok 254 [firefox] › tests\artifacts\demo-preview.spec.ts:39:1 › the built demo artifact serves the React UI and synthetic API through preview (1.3s)
[large-dataset-api] {"url":"http://127.0.0.1:53252/api/v2/shops/shop-demo/customers?limit=20","count":20,"page":{"limit":20,"total":1004,"hasMore":true,"nextCursor":"perf-customer-0016"},"firstIds":["c1","c2","c3"]}
[large-dataset-preview] {"scope":"FRONTEND_WITH_SYNTHETIC_MOCK_API","artifact":"apps/web/dist-demo","datasetId":"FE025-LARGE-CUSTOMERS-1000-V1","generatedRows":1000,"firstPageIds":["c1","c2","c3","c4","perf-customer-0001","perf-customer-0002","perf-customer-0003","perf-customer-0004","perf-customer-0005","perf-customer-0006","perf-customer-0007","perf-customer-0008","perf-customer-0009","perf-customer-0010","perf-customer-0011","perf-customer-0012","perf-customer-0013","perf-customer-0014","perf-customer-0015","perf-customer-0016"],"api":{"status":200,"pageLimit":20,"total":1004,"hasMore":true,"nextCursor":"perf-customer-0016"},"domRowsIncludingHeader":21,"firstPageReadyMs":433,"browser":"Mozilla/5.0 (Windows NT 10.0; Win64; x64; rv:155.0) Gecko/20100101 Firefox/155.0","viewport":{"width":1280,"height":720},"note":"Synthetic customer identities only; the React screen renders one API page and exposes the next cursor instead of mounting the full collection."}
  ok 255 [firefox] › tests\artifacts\demo-preview.spec.ts:103:1 › a thousand synthetic customers remain API-paginated in the built demo artifact (1.2s)
  ok 256 [firefox] › tests\artifacts\demo-preview.spec.ts:141:1 › the production artifact contains neither the mock worker asset nor MSW fixtures/runtime (9ms)
  ok 257 [firefox] › tests\fe009.spec.ts:35:1 › workspace onboarding creates a shop with an active membership and returns to its scoped route (2.5s)
  ok 258 [firefox] › tests\fe009.spec.ts:57:1 › customer create validates fields, submits through mock HTTP, and preserves edits after a stale version (3.7s)
  ok 259 [firefox] › tests\fe009.spec.ts:115:1 › customer detail keeps redacted contact fields read-only and does not overwrite them on save (1.5s)
  ok 260 [firefox] › tests\fe009.spec.ts:132:1 › FE009.G01 shop setup checklist guides to supported pages and leaves missing contract fields unverified (1.3s)
  ok 261 [firefox] › tests\fe009.spec.ts:145:1 › FE009.G05 marketing consent preview is interactive but never claims server opt-out (1.5s)
  ok 262 [firefox] › tests\fe009.spec.ts:160:1 › FE009.H06 audit screen distinguishes available fields from missing contract detail (1.3s)
  ok 263 [firefox] › tests\fe009.spec.ts:169:1 › FE009.B06 after-sale cases only link orders loaded for the selected customer and customer profile shows their shipment (6.0s)
  ok 264 [firefox] › tests\fe009.spec.ts:201:1 › team invitation and membership revoke stay shop-scoped and protect the active owner (2.7s)
  ok 265 [firefox] › tests\fe009.spec.ts:237:1 › privacy delete requests remain pending approval with no frontend step-up shortcut (2.8s)
  ok 266 [firefox] › tests\fe010.spec.ts:38:1 › product editor validates positive prices, protects image-only drafts, and saves variant payload through mock HTTP (4.3s)
  ok 267 [firefox] › tests\fe010.spec.ts:108:1 › product update sends If-Match and keeps edits visible after a 412 conflict (2.1s)
  ok 268 [firefox] › tests\fe010.spec.ts:126:1 › warehouse role can read catalog products but cannot edit product fields or price cost data (1.0s)
  ok 269 [firefox] › tests\fe010.spec.ts:135:1 › categories create, search, update with a version, and render cursor pagination (2.3s)
  ok 270 [firefox] › tests\fe010.spec.ts:164:1 › CSV preview reports row-level errors and commits only valid product rows (2.7s)
  ok 271 [firefox] › tests\fe010.spec.ts:236:1 › import validation token is rejected with 412 after catalog changes and the preview remains visible (2.5s)
  ok 272 [firefox] › tests\fe010.spec.ts:268:1 › CSV demo row limit is explained and rejects more than 1000 data rows before preview (1.4s)
  ok 273 [firefox] › tests\fe010.spec.ts:281:1 › demo upload rejects files over 5 MB before making an upload request (1.8s)
  x  274 [firefox] › tests\fe010.spec.ts:292:1 › product category lookup pages the full collection and preserves the selected category while editing (11.8s)
(node:80228) Warning: The 'NO_COLOR' env is ignored due to the 'FORCE_COLOR' env being set.
(Use `node --trace-warnings ...` to show where the warning was created)
  ok 275 [firefox] › tests\fe011.spec.ts:35:1 › FE011.AC01 snapshot drives stock totals and the SKU opens its catalog result (16.8s)
  ok 276 [firefox] › tests\fe011.spec.ts:54:1 › FE011.AC02 adjustment validates, waits for mock confirmation, and reconciles movement history once (5.0s)
  ok 277 [firefox] › tests\fe011.spec.ts:92:1 › FE011.AC03 conflict and insufficient stock preserve the draft and never update optimistically (3.6s)
  ok 278 [firefox] › tests\fe011.spec.ts:120:1 › FE011.AC03 forbidden adjustment retains user input and shows no success state (2.4s)
  ok 279 [firefox] › tests\fe011.spec.ts:136:1 › FE011.AC03 unknown command blocks duplicate submission until shared recovery reconciles it (2.6s)
  ok 280 [firefox] › tests\fe011.spec.ts:154:1 › FE011.AC04 movement contract filters are URL-backed and history exposes actor and permission-gated source (1.7s)
  ok 281 [firefox] › tests\fe011.spec.ts:182:1 › FE011.AC05 inventory reflows at mobile widths, passes axe, and restores keyboard focus after adjustment dialog (2.5s)
  ok 282 [firefox] › tests\fe011.spec.ts:205:1 › FE011.AC03 unknown shop scope shows no stock from another shop (475ms)
  ok 283 [firefox] › tests\fe012.spec.ts:35:1 › FE012.AC01 searchable customer and product pickers submit contract-shaped draft and reject fractional quantity (5.2s)
  ok 284 [firefox] › tests\fe012.spec.ts:93:1 › FE012 demo address choice is labeled synthetic and completes the mock order flow (6.2s)
  ok 285 [firefox] › tests\fe012.spec.ts:122:1 › FE012.AC01 editing lines invalidates quote and customer consent; a new quote is required before confirmation (5.1s)
  ok 286 [firefox] › tests\fe012.spec.ts:182:1 › FE012.AC03 mock stale-version 412 preserves draft fields and does not show success (2.3s)
  ok 287 [firefox] › tests\fe012.spec.ts:196:1 › FE012.AC03 offline state blocks quote mutation while retaining the loaded draft (1.4s)
  ok 288 [firefox] › tests\fe012.spec.ts:208:1 › FE012.AC03 unknown confirm outcome blocks duplicate writes until shared command recovery is available (2.7s)
  ok 289 [firefox] › tests\fe012.spec.ts:254:1 › FE012.AC03 quote and customer confirmation expiration disable confirmation using API time (2.6s)
  ok 290 [firefox] › tests\fe012.spec.ts:274:1 › FE012.AC03 returns reject fractional/over-original quantities locally and preserve data on cumulative mock rejection (1.6s)
  ok 291 [firefox] › tests\fe012.spec.ts:298:1 › FE012.AC04 return inspection loads the current case and applies accepted partial quantity to mock stock and refund (3.3s)
  ok 292 [firefox] › tests\fe012.spec.ts:351:1 › FE012.AC03 handed-over order routes to returns and exposes no ordinary cancel action (1.4s)
  ok 293 [firefox] › tests\fe012.spec.ts:358:1 › FE012.AC05 order drafting remains usable without horizontal page overflow and passes focused axe checks (1.5s)
  ok 294 [firefox] › tests\fe013.spec.ts:40:1 › FE013.C04 shipping preview distinguishes missing address, unserviceable zone, and expired mock quote (4.4s)
  ok 295 [firefox] › tests\fe013.spec.ts:65:1 › FE013.AC01–AC04 stale claim conflict is visible; pick, pack, dispatch and delivery use current API versions once (9.3s)
  ok 296 [firefox] › tests\fe013.spec.ts:198:1 › FE013.AC03 unknown handover cannot be repeated before command reconciliation (4.8s)
  ok 297 [firefox] › tests\fe013.spec.ts:242:1 › FE013.AC01 role scope and FE013.AC05 responsive shipment/preparation views remain accessible (4.1s)
  ok 298 [firefox] › tests\fe014.spec.ts:25:1 › FE014.AC01 multi-line purchase validates MOQ/pack size and binds approval to the created intent (4.4s)
  ok 299 [firefox] › tests\fe014.spec.ts:77:1 › FE027.D02 supplier workspace edits the selected contact through its current version and displays MOQ offers (2.0s)
  ok 300 [firefox] › tests\fe014.spec.ts:95:1 › FE014.AC02 approval covers the exact purchase intent; unknown send is blocked from blind retry (5.8s)
  ok 301 [firefox] › tests\fe014.spec.ts:154:1 › FE014.S03 auto-send cannot be configured without an enabled procurement budget (2.8s)
  ok 302 [firefox] › tests\fe014.spec.ts:167:1 › FE014.S03 manager without procurement.receive cannot open receipt actions (2.8s)
  ok 303 [firefox] › tests\fe014.spec.ts:187:1 › FE014.AC03 partial receipt posts only accepted units to synthetic stock and payable once (4.8s)
  ok 304 [firefox] › tests\fe014.spec.ts:258:1 › FE014.D03/D04/D07 replenishment uses min-max rules, labels forecast limits, and blocks duplicate proposals (3.6s)
  ok 305 [firefox] › tests\fe015.spec.ts:49:1 › FE015.AC01 report filters use exact timezone boundaries and mock API aggregates (2.5s)
  ok 306 [firefox] › tests\fe015.spec.ts:95:1 › FE021.E08 report explanation is mock-only, cites the filtered P&L snapshot, and never writes finance data (1.5s)
  ok 307 [firefox] › tests\fe015.spec.ts:116:1 › UI003 report timestamps follow the active shop timezone (3.6s)
  ok 308 [firefox] › tests\fe015.spec.ts:173:1 › FE015.E02/E03 profit report renders canonical cost, gross-profit and operating-expense values (1.1s)
  ok 309 [firefox] › tests\fe015.spec.ts:201:1 › FE015.AC02 journal rejects unbalanced decimal lines before POST and sends exact money strings (3.0s)
  ok 310 [firefox] › tests\fe015.spec.ts:236:1 › FE015.AC02 closed accounting period is visible and disables journal draft creation (2.2s)
  ok 311 [firefox] › tests\fe015.spec.ts:257:1 › FE015.AC03 CSV import keeps partial row failures visible and deduplicates external transactions (2.2s)
  ok 312 [firefox] › tests\fe015.spec.ts:280:1 › UI001 reconciliation cursors stay scoped and dialogs load choices beyond the visible table page (9.4s)
  ok 313 [firefox] › tests\fe015.spec.ts:407:1 › FE015.AC03 COD settlement matches net remittance plus documented fee (4.2s)
  ok 314 [firefox] › tests\fe015.spec.ts:441:1 › FE015.AC03 partial bank allocation leaves the remaining amount and debt visible (4.0s)
  ok 315 [firefox] › tests\fe015.spec.ts:466:1 › FE015.AC03 unknown journal posting is not resent from the same draft (4.5s)
  ok 316 [firefox] › tests\fe016.spec.ts:67:1 › UI015 mobile demo tools disclose by keyboard and inbox stays within narrow viewports (1.7s)
  ok 317 [firefox] › tests\fe016.spec.ts:100:1 › FE016 conversation keeps its composer visible while long demo context scrolls independently (1.4s)
  ok 318 [firefox] › tests\fe016.spec.ts:133:1 › FE016.AC01 inbox filters call canonical query fields and remain bookmarked through conversation details (2.5s)
  ok 319 [firefox] › tests\fe016.spec.ts:161:1 › FE016.AC01 list cursor is isolated from message cursor and restored on back navigation (1.3s)
  ok 320 [firefox] › tests\fe016.spec.ts:180:1 › UI002 inbox list and message cursors stay independent through paging, conversation switch and shop change (3.5s)
  ok 321 [firefox] › tests\fe016.spec.ts:269:1 › UI002 mobile keeps the list page while messages page and Back restores it (2.8s)
  ok 322 [firefox] › tests\fe016.spec.ts:313:1 › UI002 Inbox search resets only the list cursor while a message page is open (2.4s)
  ok 323 [firefox] › tests\fe016.spec.ts:370:1 › UI002 deep link, refresh and mobile Back preserve their own cursors (1.9s)
  ok 324 [firefox] › tests\fe016.spec.ts:424:1 › UI002 list and message panel errors remain isolated (6.9s)
  ok 325 [firefox] › tests\fe016.spec.ts:448:1 › UI002 send, invalidation and resync keep both cursors and send only once (2.7s)
  ok 326 [firefox] › tests\fe016.spec.ts:508:1 › FE016.AC01 takeover and reply use current versions and show API send state without claiming delivery (2.3s)
  ok 327 [firefox] › tests\fe016.spec.ts:535:1 › FE016.AC02 internal notes render HTML-like text inert and feedback creates only a review draft (2.0s)
  ok 328 [firefox] › tests\fe016.spec.ts:566:1 › FE016.AC03 unknown send keeps the reply draft, exposes command recovery and never blindly resends (1.8s)
  ok 329 [firefox] › tests\fe016.spec.ts:587:1 › FE016.AC04 role without customer/order permissions cannot open those cross-module references (1.4s)
  ok 330 [firefox] › tests\fe016.spec.ts:598:1 › FE016.S03 stale takeover preserves reason and reports the version conflict (2.3s)
  ok 331 [firefox] › tests\fe016.spec.ts:614:1 › FE016.B05 cross-sell promotion preview shows sample rules without applying a discount (1.3s)
  ok 332 [firefox] › tests\fe016.spec.ts:628:1 › FE016.B08 image and voice preview is synthetic and stays local (1.3s)
  ok 333 [firefox] › tests\fe016.spec.ts:643:1 › FE027.B01 industry sales script preview asks for missing facts and stays a local draft (1.7s)
  ok 334 [firefox] › tests\fe016.spec.ts:659:1 › FE027.B02 inbox price and available stock preview uses current canonical mock reads (2.5s)
  ok 335 [firefox] › tests\fe016.spec.ts:680:1 › FE027.B03 order capture links the active customer and conversation into the manual order form (1.9s)
  ok 336 [firefox] › tests\fe016.spec.ts:690:1 › FE027.B04 automatic order confirmation stays unavailable until policy and customer evidence exist (1.3s)
  ok 337 [firefox] › tests\fe017-validation.spec.ts:15:1 › FE017 synthetic 422 keeps the knowledge draft fields and shows field errors (2.1s)
  ok 338 [firefox] › tests\fe017.spec.ts:24:1 › FE017.AC01 demo publishing uses the approved permission and lifecycle substitute without an API allowedActions field (4.6s)
  ok 339 [firefox] › tests\fe017.spec.ts:115:1 › FE017.AC02 knowledge file upload sends canonical purpose and detail reads processing status (2.5s)
  ok 340 [firefox] › tests\fe017.spec.ts:154:1 › FE017 price and stock source preview uses canonical product and timestamped inventory APIs (1.0s)
  ok 341 [firefox] › tests\fe017.spec.ts:187:1 › FE017.AC03 missing content, unsupported and oversized files keep creation unavailable (1.7s)
  ok 342 [firefox] › tests\fe017.spec.ts:209:1 › FE017.AC04 feedback approval creates inert draft content and its first revision only (3.4s)
  ok 343 [firefox] › tests\fe017.spec.ts:242:1 › FE017.AC05 manager sees knowledge read-only and synthetic API rejects purpose-specific upload and publish (1.2s)
  ok 344 [firefox] › tests\fe017.spec.ts:263:1 › FE017.AC06 stale review preserves the reason and explains the conflict (3.1s)
  ok 345 [firefox] › tests\fe017.spec.ts:278:1 › FE027.G02 product content brief edits source, size, warranty, alternatives, and forbidden claims locally (1.5s)
  ok 346 [firefox] › tests\fe017.spec.ts:296:1 › FE027.G03 policy revisions keep the published snapshot immutable when a draft changes (1.2s)
  ok 347 [firefox] › tests\fe018.spec.ts:128:1 › FE018.S01 maps routes and operations to the canonical OpenAPI permissions (443ms)
  ok 348 [firefox] › tests\fe018.spec.ts:145:1 › FE018.AC01/04 draft saves use the contract version and keep human order confirmation locked after a conflict (4.0s)
  ok 349 [firefox] › tests\fe018.spec.ts:176:1 › FE018.AC03 evaluation is synthetic, revision-bound, and cannot publish a stale draft (3.8s)
  ok 350 [firefox] › tests\fe018.spec.ts:200:1 › FE018.AC01/04 successful publish is tied to the tested revision and pause explains its boundary (4.0s)
  ok 351 [firefox] › tests\fe018.spec.ts:230:1 › FE018.AC03 playground sends no external message and preserves unknown cost and token values (2.4s)
  ok 352 [firefox] › tests\fe018.spec.ts:252:1 › FE018.S03 synthetic budget and tool denials retain the prompt and never show a generated answer (4.1s)
  ok 353 [firefox] › tests\fe018.spec.ts:278:1 › FE027.H03 budget and provider failover preview refuses silent provider switching on exhaustion (2.3s)
  ok 354 [firefox] › tests\fe018.spec.ts:292:1 › FE018.AC02 role kill switch is versioned, preserves API tools, and does not pause the whole bot (4.7s)
  ok 355 [firefox] › tests\fe018.spec.ts:333:1 › FE018.AC02 expired, wrong-scope, and matching approvals produce honest budget results (4.5s)
  ok 356 [firefox] › tests\fe018.spec.ts:361:1 › FE018.AC05 manager and bot-admin roles cannot use operations outside their canonical permissions (2.7s)
  ok 357 [firefox] › tests\fe018.spec.ts:393:1 › FE018.AC05 unknown role command stays unresolved and does not claim successful resumption (3.1s)
UI004_25_ACCEPTANCE={"total":25,"pageSizes":[20,5],"cursor":"evaluation-10016","oldestRecord":"evaluation-10001","oldestReachable":true,"detailPreservedCursor":true,"browserBackRestoredFirstPage":true,"searchResetCursor":true}
  ok 358 [firefox] › tests\fe018.spec.ts:409:1 › UI004 25 evaluations: cursor pages reach the last record and preserve detail, search, and browser Back state (4.2s)
UI004_105_ACCEPTANCE={"total":105,"pageSizes":[20,20,20,20,20,5],"pagesVisited":6,"cursorRequests":["evaluation-10256","evaluation-10196","evaluation-10136","evaluation-10076","evaluation-10016"],"uniqueRecords":105,"oldestRecord":"evaluation-10001","oldestReachable":true,"failedCursorRetainedForRetry":"evaluation-10196","errorShowsNoFabricatedRows":true,"retrySucceeded":true}
  ok 359 [firefox] › tests\fe018.spec.ts:455:1 › UI004 105 evaluations: cursor traversal reaches every record and retains the failing cursor for retry (9.8s)
  ok 360 [firefox] › tests\fe019.spec.ts:21:1 › FE019.S01 maps integrations and notification routes, actions, schemas, and mock boundaries (12ms)
  ok 361 [firefox] › tests\fe019.spec.ts:70:1 › FE019.AC01 AI secret is write-only, cleared after submit, and absent from stored/read data (3.2s)
  ok 362 [firefox] › tests\fe019.spec.ts:117:1 › FE019.AC01 invalid mock credential is rejected, cleared from the form, and not submitted (2.1s)
  ok 363 [firefox] › tests\fe019.spec.ts:138:1 › FE019.AC02 channel OAuth failure stays on the page and never marks a channel connected (1.5s)
  ok 364 [firefox] › tests\fe019.spec.ts:172:1 › FE019.AC03/04 device, Telegram, and PWA checks stay synthetic and do not request OS permission (3.7s)
  ok 365 [firefox] › tests\fe019.spec.ts:251:1 › FE019.AC05 notification policy validates canonical numeric bounds before sending and acknowledges only allowed work (2.6s)
  ok 366 [firefox] › tests\fe019.spec.ts:273:1 › FE019.A03 notification order link stays within the active shop scope (3.5s)
  ok 367 [firefox] › tests\fe019.spec.ts:282:1 › FE019.A05 reminder policy saves shop-local schedule and quiet hours through the synthetic API (1.8s)
  ok 368 [firefox] › tests\fe019.spec.ts:309:1 › FE027.A02/A07 preparation notification keeps order evidence and separates queued, opened, and acknowledged states (979ms)
  ok 369 [firefox] › tests\fe019.spec.ts:334:1 › FE027.A08 notification settings disclose server-only deduplication and callback safeguards (1.3s)
  ok 370 [firefox] › tests\fe020.spec.ts:41:1 › FE020.AC01 approval detail is fetched and a changed source resource rejects the stale decision (4.3s)
  ok 371 [firefox] › tests\fe020.spec.ts:87:1 › FE020.AC02/03 work-item actions follow allowedActions and operations health stays explicitly synthetic (3.0s)
  ok 372 [firefox] › tests\fe020.spec.ts:137:1 › FE020.AC03 role pause control uses the canonical versioned mock and never claims readiness (1.9s)
  ok 373 [firefox] › tests\fe020.spec.ts:154:1 › FE020.F03 operations exception filter groups overdue, blocked, and unclaimed synthetic work (1.5s)
  ok 374 [firefox] › tests\fe020.spec.ts:175:1 › FE020.F05 delegation rule preview stays local and grants no API approval capability (1.9s)
  ok 375 [firefox] › tests\fe020.spec.ts:192:1 › FE020.F06/H01 digest and dependency health panels show synthetic history without claiming workers are ready (1.0s)
  ok 376 [firefox] › tests\fe020.spec.ts:225:1 › FE027.H08 restore and release readiness stay unknown without a verified rehearsal or deployment gate (3.5s)
  ok 377 [firefox] › tests\fe021.spec.ts:29:1 › FE021 dashboard keeps independent panels usable and hides finance fields without finance.read (1.8s)
  ok 378 [firefox] › tests\fe021.spec.ts:41:1 › FE021 marketing chart and table match the same synthetic API fixture and preserve missing actual spend (2.3s)
  ok 379 [firefox] › tests\fe021.spec.ts:65:1 › FE021 export uses inclusive shop-local boundaries, safe CSV, API jobs and cursor pagination (3.2s)
  ok 380 [firefox] › tests\fe021.spec.ts:120:1 › FE021 mock rejects an export when reports.export lacks the source permission (1.3s)
  ok 381 [firefox] › tests\fe021.spec.ts:140:1 › FE021 mock rejects an invalid report timezone before creating an export job (1.4s)
  ok 382 [firefox] › tests\fe021.spec.ts:160:1 › FE021 ambiguous export result preserves the selected dates and never exposes a download (2.8s)
  ok 383 [firefox] › tests\fe021.spec.ts:173:1 › FE021 empty report and marketing payloads render explicit empty states (2.6s)
  ok 384 [firefox] › tests\fe021.spec.ts:192:1 › FE021 stale export conflict preserves dates and never exposes a download (2.9s)
  ok 385 [firefox] › tests\frontend.spec.ts:39:1 › catalog create uses the HTTP mock and successful save clears the draft guard (1.9s)
  ok 386 [firefox] › tests\frontend.spec.ts:56:1 › dirty drafts block in-app navigation and preserve input until the user decides (5.2s)
  ok 387 [firefox] › tests\frontend.spec.ts:74:1 › all canonical routes render inside the real React demo application (44.3s)
  ok 388 [firefox] › tests\frontend.spec.ts:99:1 › switching shops cancels a delayed request and loads only the new shop scope (5.8s)
  ok 389 [firefox] › tests\frontend.spec.ts:117:1 › role changes remove restricted navigation and the route guard explains denied access (1.2s)
  ok 390 [firefox] › tests\frontend.spec.ts:130:1 › deep links survive browser refresh and logout clears the mock session (2.8s)
  ok 391 [firefox] › tests\frontend.spec.ts:143:1 › logout asks before discarding a draft and retains the session when logout fails (2.4s)
  ok 392 [firefox] › tests\frontend.spec.ts:200:1 › mobile navigation opens, routes, and closes without viewport overflow (1.5s)
  ok 393 [firefox] › tests\frontend.spec.ts:214:1 › chunk loading errors use the route recovery boundary (913ms)
  ok 394 [firefox] › tests\frontend.spec.ts:253:1 › live mode reports an unavailable session API without enabling mock data (347ms)
ROUTE_ROLE_MATRIX_CASES=357 ROLES=7 PRIVATE_ROUTES=51 RESULT=PASS
  ok 395 [firefox] › tests\route-role-matrix.spec.ts:42:1 › route read access matches canonical permissions for every demo role (19.6s)
  ok 396 [firefox] › tests\security.spec.ts:35:1 › untrusted product text renders as text without activating markup (5.1s)
  ok 397 [firefox] › tests\security.spec.ts:53:1 › catalog import rejects a non-CSV file before an upload request (1.5s)
  ok 398 [firefox] › tests\security.spec.ts:71:1 › catalog import rejects files above the demo size limit before upload (1.5s)
  ok 399 [firefox] › tests\security.spec.ts:89:1 › mock uploads require a purpose, enforce its role, and fingerprint file content for retries (2.1s)
VITE_CACHE_ISOLATION=PASS rootA=C:\Users\Joker-PC\AppData\Local\Temp\botsales-vite-cache\ea27c7577456f6009d55\test-demo\playwright-80228-de8604d2-af38-48c1-bb05-53bc049de9d3-parallel-a rootB=C:\Users\Joker-PC\AppData\Local\Temp\botsales-vite-cache\ea27c7577456f6009d55\test-demo\playwright-80228-de8604d2-af38-48c1-bb05-53bc049de9d3-parallel-b otherCheckout=true
  ok 400 [firefox] › tests\session\demo-server-cache-isolation.spec.ts:7:1 › concurrent demo servers use isolated Vite caches and load the React app (2.1s)
  ok 401 [firefox] › tests\states\fe023.spec.ts:17:1 › FE023.S04 a dirty dialog keeps the form value until the user confirms discard (2.4s)
  ok 402 [firefox] › tests\states\fe023.spec.ts:35:1 › FE023.S03 a customer lookup loads the next cursor page without dropping earlier choices (2.3s)
  ok 403 [firefox] › tests\states\fe023.spec.ts:76:1 › FE023.S04 delayed requests show loading and failed refresh keeps a retry path (7.2s)
  ok 404 [firefox] › tests\states\fe023.spec.ts:103:1 › FE023 unsaved shop settings are preserved when navigation switches shop scope (5.7s)
  ok 405 [firefox] › tests\states\fe023.spec.ts:121:1 › FE023 a saved shop form resets its dirty baseline and reports success (2.1s)
ROUTE_EMPTY_COMPOSITION_PROGRESS=3/11
ROUTE_EMPTY_COMPOSITION_PROGRESS=6/11
ROUTE_EMPTY_COMPOSITION_PROGRESS=9/11
ROUTE_EMPTY_COMPOSITION=11/11 RESULT=PASS
  ok 406 [firefox] › tests\states\route-empty-composition.spec.ts:27:1 › empty collection responses render accessible empty states on canonical list routes (4.0s)
ROUTE_ERROR_COMPOSITION_PROGRESS=10/51
ROUTE_ERROR_COMPOSITION_PROGRESS=20/51
ROUTE_ERROR_COMPOSITION_PROGRESS=30/51
ROUTE_ERROR_COMPOSITION_PROGRESS=40/51
ROUTE_ERROR_COMPOSITION_PROGRESS=50/51
ROUTE_ERROR_COMPOSITION=51/51 RESULT=PASS
  ok 407 [firefox] › tests\states\route-error-composition.spec.ts:26:1 › every shop route composes the shared API error state with its page content (2.8m)
  ok 408 [firefox] › tests\ui-bot-layout.spec.ts:42:1 › Bot routes R26/R27/R28/R51 fit the supported page-width boundaries (23.7s)
  ok 409 [firefox] › tests\ui-bot-layout.spec.ts:52:1 › Bot config, evaluation, role and budget dialogs stay inside mobile and desktop viewports (16.3s)
  ok 410 [firefox] › tests\ui-catalog-layout.spec.ts:15:1 › catalog R09-R14 keeps shared gutters, inset ownership and dry-run flow at mobile and desktop (15.6s)
  ok 411 [firefox] › tests\ui-catalog-layout.spec.ts:67:1 › Imports review notice and demo controls keep the measured shared 24px clearance at 806x884 (1.4s)
  x  412 [firefox] › tests\ui-composition-layout.spec.ts:13:1 › SPC-061/062 shared compositions own their gap and child boundaries on every canonical route (5.2s)
(node:76140) Warning: The 'NO_COLOR' env is ignored due to the 'FORCE_COLOR' env being set.
(Use `node --trace-warnings ...` to show where the warning was created)
  ok 413 [firefox] › tests\ui-composition-positive-ancestry.spec.ts:62:1 › S15 Dashboard conditional content keeps an independently bordered surface inside its Panel owner (9.4s)
  ok 414 [firefox] › tests\ui-composition-positive-ancestry.spec.ts:103:1 › S15 catalog QueryState fragment keeps DataTable and Pager as peer children of one Panel (3.6s)
  ok 415 [firefox] › tests\ui-composition-positive-ancestry.spec.ts:137:1 › S15 Knowledge action group wraps children without losing its shared action owner (3.6s)
  ok 416 [firefox] › tests\ui-customers-layout.spec.ts:30:1 › Customers R07/R08/R54 layouts fit the shell at every responsive boundary (18.1s)
  ok 417 [firefox] › tests\ui-customers-layout.spec.ts:59:1 › Customer create and service-case dialogs stay in the viewport without submitting (5.7s)
  ok 418 [firefox] › tests\ui-dashboard-layout.spec.ts:15:1 › dashboard hierarchy, CTA targets, and page width hold across supported breakpoints (2.9s)
  ok 419 [firefox] › tests\ui-finance-layout.spec.ts:30:1 › Finance R20/R21/R22/R48/R49/R50 route layouts retain shell gutter without horizontal overflow from 320–1440px (34.4s)
  ok 420 [firefox] › tests\ui-finance-layout.spec.ts:62:1 › titled Finance Panels keep one 16px header-to-first-content boundary (9.7s)
  ok 421 [firefox] › tests\ui-finance-layout.spec.ts:122:1 › Finance report, entry, journal, reconciliation and period dialogs remain in the viewport without submitting (13.6s)
  ok 422 [firefox] › tests\ui-fulfillment-layout.spec.ts:30:1 › Fulfillment R41/R42 preserve shell gutter and contain responsive route layouts from 320-1440px (12.4s)
  ok 423 [firefox] › tests\ui-fulfillment-layout.spec.ts:59:1 › Fulfillment prep, shipment-create, detail and event dialogs fit mobile and desktop without submitting (6.1s)
  ok 424 [firefox] › tests\ui-integrations-layout.spec.ts:40:1 › Integrations routes R29/R30 fit the supported page-width boundaries (12.5s)
  ok 425 [firefox] › tests\ui-integrations-layout.spec.ts:50:1 › R29 disconnect and R30 create/edit credential dialogs stay inside mobile and desktop viewports (9.7s)
  ok 426 [firefox] › tests\ui-inventory-layout.spec.ts:15:1 › Inventory R15/R16 preserve shared gutter and contain table overflow at 320-1440px (12.1s)
  ok 427 [firefox] › tests\ui-inventory-layout.spec.ts:51:1 › Inventory filters reset cursor and preserve other URL state; adjustment validation sends no command (5.6s)
  ok 428 [firefox] › tests\ui-knowledge-layout.spec.ts:56:1 › Knowledge routes R23/R24/R25 fit every supported layout boundary (20.5s)
  ok 429 [firefox] › tests\ui-knowledge-layout.spec.ts:76:1 › Knowledge create, edit, and feedback-review dialogs remain inside mobile and desktop viewports (12.8s)
  ok 430 [firefox] › tests\ui-notifications-layout.spec.ts:40:1 › R39/R40 Notifications routes fit the supported page-width boundaries (12.5s)
  ok 431 [firefox] › tests\ui-notifications-layout.spec.ts:50:1 › R40 revoke-device confirmation stays inside mobile and desktop viewports (4.7s)
  ok 432 [firefox] › tests\ui-operations-layout.spec.ts:41:1 › R37/R38/R52 Operations routes fit the supported page-width boundaries (18.8s)
  ok 433 [firefox] › tests\ui-operations-layout.spec.ts:51:1 › R52 role-control confirmation stays inside mobile and desktop viewports (4.6s)
  ok 434 [firefox] › tests\ui-orders-layout.spec.ts:15:1 › Orders R17/R18/R19/R43 preserve responsive page geometry at 320-1440px (22.4s)
  ok 435 [firefox] › tests\ui-orders-layout.spec.ts:46:1 › Orders draft, versioned quote, synthetic address and return dialogs keep their behavior without writes (11.2s)
  ok 436 [firefox] › tests\ui-panel-layout.spec.ts:15:1 › the titled Fulfillment Panel owns its body inset and keeps one 16px header boundary (4.0s)
  ok 437 [firefox] › tests\ui-procurement-layout.spec.ts:36:1 › Procurement R44-R47 preserve shared page gutter and contain responsive tables at 320-1440px (22.8s)
  ok 438 [firefox] › tests\ui-procurement-layout.spec.ts:67:1 › Procurement supplier, offer, rule, purchase and receipt dialogs fit narrow and desktop viewports without writes (14.2s)
  ok 439 [firefox] › tests\ui-query-state-layout.spec.ts:68:5 › S12 R09 QueryState section profile preserves pending and ready layout (9.8s)
  ok 440 [firefox] › tests\ui-query-state-layout.spec.ts:68:5 › S12 R11 QueryState inline profile preserves pending and ready layout (9.3s)
  ok 441 [firefox] › tests\ui-shell-layout.spec.ts:44:1 › Shell keeps header, banner, main and footer on one responsive gutter (1.4s)
  ok 442 [firefox] › tests\ui-shell-layout.spec.ts:99:1 › demo controls stay discoverable on mobile and usable on desktop (1.7s)
  ok 443 [firefox] › tests\ui-shell-layout.spec.ts:117:1 › SPC-055/057 floated demo-control labels keep a clear gap on every Shell route consumer (21.3s)
  ok 444 [firefox] › tests\ui-shell-layout.spec.ts:141:1 › unmatched route fallback owns its page gutter without horizontal overflow (417ms)
  ok 445 [firefox] › tests\ui-workspace-layout.spec.ts:60:1 › workspace routes stay within the supported page-width boundaries (44.8s)
  ok 446 [firefox] › tests\ui-workspace-layout.spec.ts:72:1 › team invite and privacy request dialogs remain usable without submitting (8.8s)
  ok 447 [firefox] › tests\ui006-lookups.spec.ts:68:1 › UI006.C05 lookup and table cursors reach records after 150 synthetic suppliers, offers, and orders (23.3s)
  ok 448 [firefox] › tests\ui006-lookups.spec.ts:214:1 › UI006.C04 bounded previews disclose their sample and link to full collections (3.7s)
  ok 449 [firefox] › tests\ui006-lookups.spec.ts:231:1 › UI006.C02 selected order identity survives a failed search and cursor retry (2.2s)
  ok 450 [firefox] › tests\ui007-query-states.spec.ts:30:1 › UI007 secondary order query loads independently while the customer profile remains available (3.1s)
  ok 451 [firefox] › tests\ui007-query-states.spec.ts:60:1 › UI007 order query 503 is isolated from the primary customer query and retries only that query (3.3s)
  ok 452 [firefox] › tests\ui007-query-states.spec.ts:94:1 › UI007 forbidden order query is an access state and a successful empty query is distinct (3.6s)
  ok 453 [firefox] › tests\ui007-query-states.spec.ts:114:1 › UI007 supplier and offer failures keep purchase suggestions visible and have operation-specific recovery (3.3s)
  ok 454 [firefox] › tests\ui007-query-states.spec.ts:150:1 › UI007 auto-send budget query is lazy, permission-aware, and blocks an unverified budget (2.1s)
  ok 455 [firefox] › tests\ui008-integration-empty.spec.ts:54:1 › UI008 R29 successful empty collection exposes an accessible state and one permission-guarded connect CTA (1.3s)
  ok 456 [firefox] › tests\ui008-integration-empty.spec.ts:72:1 › UI008 R29 read-only bot_admin sees the empty state without a manage action (1.5s)
  ok 457 [firefox] › tests\ui008-integration-empty.spec.ts:87:1 › UI008 R29 pending channel query stays loading until its response arrives (1.7s)
  ok 458 [firefox] › tests\ui008-integration-empty.spec.ts:105:1 › UI008 R29 forbidden channel query is not presented as empty or retryable (820ms)
  ok 459 [firefox] › tests\ui008-integration-empty.spec.ts:119:1 › UI008 R29 503 remains an error and recovers through its retry control (2.3s)
  ok 460 [firefox] › tests\ui008-integration-empty.spec.ts:140:1 › UI008 R30 successful empty AI connection cards show a first-use state and one add CTA (854ms)
  ok 461 [firefox] › tests\ui008-integration-empty.spec.ts:158:1 › UI008 R30 read-only bot_admin sees the empty state without an add action (1.4s)
  ok 462 [firefox] › tests\ui009-scope-regression.spec.ts:23:1 › UI009 delayed customer orders from the previous shop cannot leak into the new shop profile (4.7s)
  ok 463 [firefox] › tests\ui010-dialog-draft.spec.ts:15:1 › UI010 a discarded confirmation reason is cleared before the dialog opens again (3.0s)
  ok 464 [firefox] › tests\ui011-date-time.spec.ts:16:1 › UI011 report defaults use the active shop calendar month at a UTC month boundary (2.3s)
  ok 465 [firefox] › tests\ui011-date-time.spec.ts:29:1 › UI011 journal effective date defaults to the active shop calendar date (1.5s)
  ok 466 [firefox] › tests\ui011-date-time.spec.ts:41:1 › UI011 shipment event input and API instant use the shop timezone, not browser timezone (2.7s)
  ok 467 [firefox] › tests\ui012-keyboard.spec.ts:42:1 › UI012 keyboard-only finance edit handles select, discard warning and focus return (5.0s)
  ok 468 [firefox] › tests\ui012-keyboard.spec.ts:103:1 › UI012 keyboard validation focuses the field named by a synthetic 422 response (5.9s)
  ok 469 [firefox] › tests\ui012-keyboard.spec.ts:160:1 › UI012 keyboard activates the CSV chooser and discards its selected file without upload (2.7s)
  ok 470 [firefox] › tests\ui012-keyboard.spec.ts:200:1 › UI012 keyboard can reach and horizontally scroll the marketing chart data alternative (2.3s)
  ok 471 [firefox] › tests\ui012-keyboard.spec.ts:227:1 › UI012 marketing chart keeps every category label visible beside its data table (3.5s)
  ok 472 [firefox] › tests\ui012-keyboard.spec.ts:268:1 › UI012 inbox feedback actions identify their message and return focus after Escape (8.0s)
  ok 473 [firefox] › tests\ui012-keyboard.spec.ts:301:1 › UI012 order draft does not announce an untouched required customer as invalid (1.4s)
  ok 474 [firefox] › tests\ui012-keyboard.spec.ts:314:1 › UI012 long BotConfig policy literal wraps inside its alert at a 320 CSS-pixel viewport (1.5s)
  ok 475 [firefox] › tests\ui012-keyboard.spec.ts:348:1 › UI012 dashboard CTA separates hover and pressed feedback while keeping keyboard focus visible (4.2s)
  ok 476 [firefox] › tests\ui013-url-state.spec.ts:19:1 › UI013 reconciliation tab deep links and survives refresh; malformed tab safely falls back (5.6s)
  ok 477 [firefox] › tests\ui013-url-state.spec.ts:39:1 › UI013 finance date range deep link, edit, refresh and Back use shop-local filter state (4.1s)
  ok 478 [firefox] › tests\ui013-url-state.spec.ts:70:1 › UI013 report type and export date filters are deep-linkable, refreshable and malformed values fall back safely (4.2s)
  ok 479 [firefox] › tests\ui021-permission-edge.spec.ts:4:1 › privacy page keeps the customers link when the destination permission is present (2.6s)
  ok 480 [firefox] › tests\ui021-permission-edge.spec.ts:19:1 › privacy page hides the customers link when the destination permission is missing (2.8s)
  ok 481 [firefox] › tests\ui028-w24-inbox-layout.spec.ts:15:1 › UI028.W24 Inbox spacing roles remain consistent across breakpoints without losing draft state (8.1s)
  ok 482 [firefox] › tests\ui028-w25-reports-layout.spec.ts:15:1 › UI028.W25 Reports semantic spacing stays stable at mobile, tablet and desktop widths (16.8s)
  ok 483 [firefox] › tests\ui028-w25-reports-layout.spec.ts:113:1 › UI028.W25 authorized report download link retains its 44px hit target (2.5s)
[w28-route-geometry] {"browser":"firefox","width":390,"routes":54,"issues":0,"pageErrors":0,"evidence":"evidence\\frontend-ui-improvements\\UI028\\W28\\route-geometry-firefox-390-current-s19-e2e-20261007-a.json"}
  ok 484 [firefox] › tests\ui028-w28-routes.spec.ts:47:5 › UI028.W28 54 canonical routes render with measured 390px layout geometry (1.0m)
[w28-route-geometry] {"browser":"firefox","width":1440,"routes":54,"issues":0,"pageErrors":0,"evidence":"evidence\\frontend-ui-improvements\\UI028\\W28\\route-geometry-firefox-1440-current-s19-e2e-20261007-a.json"}
  ok 485 [firefox] › tests\ui028-w28-routes.spec.ts:47:5 › UI028.W28 54 canonical routes render with measured 1440px layout geometry (44.4s)
[w29-responsive-profile] {"browser":"firefox","width":320,"profiles":7,"issues":0,"pageErrors":0,"evidence":"evidence\\frontend-ui-improvements\\UI028\\W29\\responsive-profile-firefox-320-current-s19-e2e-20261007-a.json"}
  ok 486 [firefox] › tests\ui028-w29-reflow.spec.ts:30:5 › UI028.W29 320px reflow retains representative actions and contains overflow (9.3s)
[w29-responsive-profile] {"browser":"firefox","width":390,"profiles":7,"issues":0,"pageErrors":0,"evidence":"evidence\\frontend-ui-improvements\\UI028\\W29\\responsive-profile-firefox-390-current-s19-e2e-20261007-a.json"}
  ok 487 [firefox] › tests\ui028-w29-reflow.spec.ts:30:5 › UI028.W29 390px reflow retains representative actions and contains overflow (8.9s)
[w29-responsive-profile] {"browser":"firefox","width":767,"profiles":7,"issues":0,"pageErrors":0,"evidence":"evidence\\frontend-ui-improvements\\UI028\\W29\\responsive-profile-firefox-767-current-s19-e2e-20261007-a.json"}
  ok 488 [firefox] › tests\ui028-w29-reflow.spec.ts:30:5 › UI028.W29 767px reflow retains representative actions and contains overflow (8.6s)
[w29-responsive-profile] {"browser":"firefox","width":768,"profiles":7,"issues":0,"pageErrors":0,"evidence":"evidence\\frontend-ui-improvements\\UI028\\W29\\responsive-profile-firefox-768-current-s19-e2e-20261007-a.json"}
  ok 489 [firefox] › tests\ui028-w29-reflow.spec.ts:30:5 › UI028.W29 768px reflow retains representative actions and contains overflow (8.6s)
[w29-responsive-profile] {"browser":"firefox","width":1024,"profiles":7,"issues":0,"pageErrors":0,"evidence":"evidence\\frontend-ui-improvements\\UI028\\W29\\responsive-profile-firefox-1024-current-s19-e2e-20261007-a.json"}
  ok 490 [firefox] › tests\ui028-w29-reflow.spec.ts:30:5 › UI028.W29 1024px reflow retains representative actions and contains overflow (8.6s)
[w29-responsive-profile] {"browser":"firefox","width":1279,"profiles":7,"issues":0,"pageErrors":0,"evidence":"evidence\\frontend-ui-improvements\\UI028\\W29\\responsive-profile-firefox-1279-current-s19-e2e-20261007-a.json"}
  ok 491 [firefox] › tests\ui028-w29-reflow.spec.ts:30:5 › UI028.W29 1279px reflow retains representative actions and contains overflow (8.7s)
[w29-responsive-profile] {"browser":"firefox","width":1280,"profiles":7,"issues":0,"pageErrors":0,"evidence":"evidence\\frontend-ui-improvements\\UI028\\W29\\responsive-profile-firefox-1280-current-s19-e2e-20261007-a.json"}
  ok 492 [firefox] › tests\ui028-w29-reflow.spec.ts:30:5 › UI028.W29 1280px reflow retains representative actions and contains overflow (8.8s)
[w29-responsive-profile] {"browser":"firefox","width":1440,"profiles":7,"issues":0,"pageErrors":0,"evidence":"evidence\\frontend-ui-improvements\\UI028\\W29\\responsive-profile-firefox-1440-current-s19-e2e-20261007-a.json"}
  ok 493 [firefox] › tests\ui028-w29-reflow.spec.ts:30:5 › UI028.W29 1440px reflow retains representative actions and contains overflow (7.0s)
[w29-responsive-profile] {"browser":"firefox","width":1920,"profiles":7,"issues":0,"pageErrors":0,"evidence":"evidence\\frontend-ui-improvements\\UI028\\W29\\responsive-profile-firefox-1920-current-s19-e2e-20261007-a.json"}
  ok 494 [firefox] › tests\ui028-w29-reflow.spec.ts:30:5 › UI028.W29 1920px reflow retains representative actions and contains overflow (7.4s)
[w30-stress] {"browser":"firefox","scenario":"form-error-short","viewport":{"width":320,"height":480},"scaledTextElements":54,"issues":0,"pageErrors":0,"evidence":"evidence\\frontend-ui-improvements\\UI028\\W30\\stress-firefox-form-error-short-current-s19-e2e-20261007-a.json"}
  ok 495 [firefox] › tests\ui028-w30-stress.spec.ts:73:5 › UI028.W30 form-error-short: 200% text and spacing stress at 320x480 (2.0s)
[w30-stress] {"browser":"firefox","scenario":"mobile-menu-long-label","viewport":{"width":390,"height":560},"scaledTextElements":142,"issues":0,"pageErrors":0,"evidence":"evidence\\frontend-ui-improvements\\UI028\\W30\\stress-firefox-mobile-menu-long-label-current-s19-e2e-20261007-a.json"}
  ok 496 [firefox] › tests\ui028-w30-stress.spec.ts:73:5 › UI028.W30 mobile-menu-long-label: 200% text and spacing stress at 390x560 (1.9s)
[w30-stress] {"browser":"firefox","scenario":"report-long-id","viewport":{"width":640,"height":450},"scaledTextElements":61,"issues":0,"pageErrors":0,"evidence":"evidence\\frontend-ui-improvements\\UI028\\W30\\stress-firefox-report-long-id-current-s19-e2e-20261007-a.json"}
  ok 497 [firefox] › tests\ui028-w30-stress.spec.ts:73:5 › UI028.W30 report-long-id: 200% text and spacing stress at 640x450 (1.4s)
[w30-stress] {"browser":"firefox","scenario":"inbox-long-composer","viewport":{"width":390,"height":560},"scaledTextElements":70,"issues":0,"pageErrors":0,"evidence":"evidence\\frontend-ui-improvements\\UI028\\W30\\stress-firefox-inbox-long-composer-current-s19-e2e-20261007-a.json"}
  ok 498 [firefox] › tests\ui028-w30-stress.spec.ts:73:5 › UI028.W30 inbox-long-composer: 200% text and spacing stress at 390x560 (1.4s)
[w30-stress] {"browser":"firefox","scenario":"dialog-long-reason","viewport":{"width":320,"height":480},"scaledTextElements":79,"issues":0,"pageErrors":0,"evidence":"evidence\\frontend-ui-improvements\\UI028\\W30\\stress-firefox-dialog-long-reason-current-s19-e2e-20261007-a.json"}
  ok 499 [firefox] › tests\ui028-w30-stress.spec.ts:73:5 › UI028.W30 dialog-long-reason: 200% text and spacing stress at 320x480 (1.5s)
  ok 500 [firefox] › tests\vertical-slices\fe022-flows.spec.ts:36:1 › FE022.VS01 catalog → stock → order → prep keeps product, reservation, and order references linked (4.2s)
  ok 501 [firefox] › tests\vertical-slices\fe022-flows.spec.ts:90:1 › FE022.VS02 procurement → approval → receipt → stock and payable preserves the purchase identity (7.3s)
  ok 502 [firefox] › tests\vertical-slices\fe022-flows.spec.ts:166:1 › FE022.VS03 finance → reconciliation retains bank transaction and partial debt allocation (4.6s)
  ok 503 [firefox] › tests\vertical-slices\fe022-flows.spec.ts:202:1 › FE022.VS04 inbox → knowledge draft → bot evaluation preserves feedback and revision source IDs (3.6s)
  ok 504 [firefox] › tests\vertical-slices\fe022-flows.spec.ts:244:1 › FE022.S05 route and feature matrix covers canonical IDs with executed cases or explicit frontend gaps (213ms)


  1) [chromium] › tests\ui-composition-layout.spec.ts:13:1 › SPC-061/062 shared compositions own their gap and child boundaries on every canonical route 

    Error: R04 390px action-group

    expect(received).toBe(expected) // Object.is equality

    Expected: "8px"
    Received: "12px"

      42 |                 observedOwners.add(group.owner);
      43 |                 const expected = group.owner === 'section-grid' && group.rhythm === 'content' ? '12px' : gaps[group.owner];
    > 44 |                 expect(group.gap, `${context} ${group.owner}`).toBe(expected);
         |                                                                ^
      45 |                 for (const margins of group.childMargins) expect(margins, `${context} ${group.owner} child boundary`).toEqual(['0px', '0px']);
      46 |             }
      47 |             if (pathname.startsWith('/s/')) expect(result.inset, `${context} Shell main`).toEqual(['24px', '24px']);
        at C:\Users\Joker-PC\Documents\Projects\Bot-AI-Ban-hang-FB\BotSalesAI_Frontend\tests\ui-composition-layout.spec.ts:44:64

    Error Context: test-results\playwright-83764-1890c361-a575-4424-9755-1538e792aff9\ui-composition-layout-SPC--8d6c9-es-on-every-canonical-route-chromium\error-context.md

    Error Context: test-results\playwright-83764-1890c361-a575-4424-9755-1538e792aff9\ui-composition-layout-SPC--8d6c9-es-on-every-canonical-route-chromium\error-context.md

    attachment #3: trace (application/zip) ─────────────────────────────────────────────────────────
    test-results\playwright-83764-1890c361-a575-4424-9755-1538e792aff9\ui-composition-layout-SPC--8d6c9-es-on-every-canonical-route-chromium\trace.zip
    Usage:

        npx playwright show-trace test-results\playwright-83764-1890c361-a575-4424-9755-1538e792aff9\ui-composition-layout-SPC--8d6c9-es-on-every-canonical-route-chromium\trace.zip

    ────────────────────────────────────────────────────────────────────────────────────────────────

  2) [firefox] › tests\fe010.spec.ts:292:1 › product category lookup pages the full collection and preserves the selected category while editing 

    Error: EEXIST: file already exists, open 'C:\Users\Joker-PC\Documents\Projects\Bot-AI-Ban-hang-FB\BotSalesAI_Frontend\evidence\frontend-ui-improvements\UI005\S03-request-trace-s19-e2e-20261007-a.json'

      469 |     await mkdir(evidenceDir,{recursive:true});
      470 |     const evidence={scope:'frontend with synthetic MSW data',totalCategories:105,selectedLastCategory:{id:'cat-2',name:'Phụ kiện'},createPayload:createPayload,editPayload:JSON.parse(editCall?.body||'null'),productQueryStayedVisibleAfterLookup403:true,loadMore403WasRetried:true,apiRequests,apiResponses};
    > 471 |     await writeFile(resolve(evidenceDir,`S03-request-trace-${evidenceRunId}.json`),JSON.stringify(evidence,null,2)+'\n',{flag:'wx'});
          |     ^
      472 |     await writeFile(resolve(evidenceDir,`S03-acceptance-${evidenceRunId}.json`),JSON.stringify({synthetic:true,categoryTotal:105,firstPageCount:20,lastCategorySelectableOnCreate:true,createPayloadCategoryId:'cat-2',selectedLabelRetainedAfterSearch:true,editSelectedCategoryOutsideFirstPage:true,editPayloadCategoryId:'cat-0',loadMoreDelayVisible:true,loadMore403Visible:true,retrySucceeded:true,primaryProductQueryPreserved:true},null,2)+'\n',{flag:'wx'});
      473 |     console.log(`UI005 acceptance: ${JSON.stringify({categoryTotal:105,createCategoryId:createPayload.categoryId,editCategoryId:JSON.parse(editCall?.body||'null').categoryId,categoryRequests:apiResponses.filter(response=>response.url.includes('/categories')).length})}`);
      474 | });
        at C:\Users\Joker-PC\Documents\Projects\Bot-AI-Ban-hang-FB\BotSalesAI_Frontend\tests\fe010.spec.ts:471:5

    Error Context: test-results\playwright-27496-63b15693-87d8-43d5-bf78-b35f9be99c2e\fe010-product-category-loo-3bc6d-cted-category-while-editing-firefox\error-context.md

    Error Context: test-results\playwright-27496-63b15693-87d8-43d5-bf78-b35f9be99c2e\fe010-product-category-loo-3bc6d-cted-category-while-editing-firefox\error-context.md

    attachment #3: trace (application/zip) ─────────────────────────────────────────────────────────
    test-results\playwright-27496-63b15693-87d8-43d5-bf78-b35f9be99c2e\fe010-product-category-loo-3bc6d-cted-category-while-editing-firefox\trace.zip
    Usage:

        npx playwright show-trace test-results\playwright-27496-63b15693-87d8-43d5-bf78-b35f9be99c2e\fe010-product-category-loo-3bc6d-cted-category-while-editing-firefox\trace.zip

    ────────────────────────────────────────────────────────────────────────────────────────────────

  3) [firefox] › tests\ui-composition-layout.spec.ts:13:1 › SPC-061/062 shared compositions own their gap and child boundaries on every canonical route 

    Error: R04 390px action-group

    expect(received).toBe(expected) // Object.is equality

    Expected: "8px"
    Received: "12px"

      42 |                 observedOwners.add(group.owner);
      43 |                 const expected = group.owner === 'section-grid' && group.rhythm === 'content' ? '12px' : gaps[group.owner];
    > 44 |                 expect(group.gap, `${context} ${group.owner}`).toBe(expected);
         |                                                                ^
      45 |                 for (const margins of group.childMargins) expect(margins, `${context} ${group.owner} child boundary`).toEqual(['0px', '0px']);
      46 |             }
      47 |             if (pathname.startsWith('/s/')) expect(result.inset, `${context} Shell main`).toEqual(['24px', '24px']);
        at C:\Users\Joker-PC\Documents\Projects\Bot-AI-Ban-hang-FB\BotSalesAI_Frontend\tests\ui-composition-layout.spec.ts:44:64

    Error Context: test-results\playwright-80228-de8604d2-af38-48c1-bb05-53bc049de9d3\ui-composition-layout-SPC--8d6c9-es-on-every-canonical-route-firefox\error-context.md

    Error Context: test-results\playwright-80228-de8604d2-af38-48c1-bb05-53bc049de9d3\ui-composition-layout-SPC--8d6c9-es-on-every-canonical-route-firefox\error-context.md

    attachment #3: trace (application/zip) ─────────────────────────────────────────────────────────
    test-results\playwright-80228-de8604d2-af38-48c1-bb05-53bc049de9d3\ui-composition-layout-SPC--8d6c9-es-on-every-canonical-route-firefox\trace.zip
    Usage:

        npx playwright show-trace test-results\playwright-80228-de8604d2-af38-48c1-bb05-53bc049de9d3\ui-composition-layout-SPC--8d6c9-es-on-every-canonical-route-firefox\trace.zip

    ────────────────────────────────────────────────────────────────────────────────────────────────

  3 failed
    [chromium] › tests\ui-composition-layout.spec.ts:13:1 › SPC-061/062 shared compositions own their gap and child boundaries on every canonical route 
    [firefox] › tests\fe010.spec.ts:292:1 › product category lookup pages the full collection and preserves the selected category while editing 
    [firefox] › tests\ui-composition-layout.spec.ts:13:1 › SPC-061/062 shared compositions own their gap and child boundaries on every canonical route 
  501 passed (51.7m)
