
> botsales-frontend@0.1.0 test:e2e
> node scripts/run-e2e.mjs


> npm run setup

> botsales-frontend@0.1.0 setup
> node scripts/setup.mjs

{"status":"PASS","outputs":15,"schemas":346,"operations":245,"routes":61}
Copying the worker script at "C:\Users\Joker-PC\Documents\Projects\Bot-AI-Ban-hang-FB\BotSalesAI_Frontend\apps\web\public"...

Worker script successfully copied!
  - public

Continue by describing the network in your application:


https://mswjs.io/docs/quick-start

Thiết lập xong. npm run dev chạy frontend mô phỏng; không kết nối khách hàng hoặc provider thật.

> npm run build

> botsales-frontend@0.1.0 build
> npm run generate:check && npm run typecheck && npm run build --workspace @botsales/web


> botsales-frontend@0.1.0 generate:check
> node scripts/generate.mjs --check

{"status":"PASS","outputs":15,"schemas":346,"operations":245,"routes":61}

> botsales-frontend@0.1.0 typecheck
> tsc -p apps/web/tsconfig.json --noEmit


> @botsales/web@0.1.0 build
> vite build --mode production

vite v7.3.6 building client environment for production...
transforming...
✓ 2077 modules transformed.
rendering chunks...
computing gzip size...
dist/index.html                              1.23 kB │ gzip:   0.61 kB
dist/assets/index-BQPx7lJM.css               3.56 kB │ gzip:   1.33 kB
dist/assets/download-8lJFmiSZ.js             0.23 kB │ gzip:   0.17 kB
dist/assets/filters-CM07jGKE.js              0.32 kB │ gzip:   0.25 kB
dist/assets/hooks-DOmtZVjl.js                4.59 kB │ gzip:   2.15 kB
dist/assets/draft-conflict-BUn88WhK.js       5.37 kB │ gzip:   2.49 kB
dist/assets/index-lkgBiNI8.js                8.25 kB │ gzip:   3.27 kB
dist/assets/index-BM6qaiXI.js                9.42 kB │ gzip:   3.73 kB
dist/assets/index-CxFS5KRm.js               13.14 kB │ gzip:   5.19 kB
dist/assets/index-CwSsveeJ.js               15.39 kB │ gzip:   5.89 kB
dist/assets/index-BfqQY0NU.js               16.98 kB │ gzip:   5.57 kB
dist/assets/index-BLkmmzCC.js               16.99 kB │ gzip:   5.81 kB
dist/assets/index-6bJC0y8z.js               18.85 kB │ gzip:   6.33 kB
dist/assets/index-BizzTDf2.js               19.06 kB │ gzip:   7.05 kB
dist/assets/index-BIMyviGD.js               20.90 kB │ gzip:   6.92 kB
dist/assets/index-BaqRW0_-.js               21.23 kB │ gzip:   7.65 kB
dist/assets/index-BzCYlh6I.js               24.80 kB │ gzip:   8.25 kB
dist/assets/index-IUi1lC8h.js               25.06 kB │ gzip:   8.46 kB
dist/assets/index-Dj6HI5Ri.js               30.93 kB │ gzip:   9.93 kB
dist/assets/index-CkFeeHop.js               32.45 kB │ gzip:  10.82 kB
dist/assets/query-Df7VyXaF.js               33.15 kB │ gzip:   9.92 kB
dist/assets/index-DdbrJxyo.js               42.03 kB │ gzip:  11.49 kB
dist/assets/i18n-D4N_7Z3Q.js                46.14 kB │ gzip:  15.12 kB
dist/assets/index-B86AcIgf.js               64.28 kB │ gzip:  17.67 kB
dist/assets/schemas-CoWCwirf.js             85.75 kB │ gzip:  25.72 kB
dist/assets/index-DU8MDXyf.js              100.89 kB │ gzip:  32.02 kB
dist/assets/schema-validation-B78jEm7B.js  149.80 kB │ gzip:  45.12 kB
dist/assets/react-runtime-gLMyUIL2.js      279.79 kB │ gzip:  90.28 kB
dist/assets/charts-BM7zbxX-.js             320.23 kB │ gzip:  96.78 kB
dist/assets/mui-CJj7QyVx.js                328.77 kB │ gzip: 100.20 kB
dist/assets/contract-data-BRT-TOMX.js      368.62 kB │ gzip:  42.83 kB
✓ built in 3.04s

> npm run build:demo

> botsales-frontend@0.1.0 build:demo
> npm run generate:check && npm run typecheck && npm run build:demo --workspace @botsales/web


> botsales-frontend@0.1.0 generate:check
> node scripts/generate.mjs --check

{"status":"PASS","outputs":15,"schemas":346,"operations":245,"routes":61}

> botsales-frontend@0.1.0 typecheck
> tsc -p apps/web/tsconfig.json --noEmit


> @botsales/web@0.1.0 build:demo
> vite build --mode demo --outDir dist-demo

vite v7.3.6 building client environment for demo...
transforming...
✓ 2293 modules transformed.
rendering chunks...
computing gzip size...
dist-demo/index.html                              1.23 kB │ gzip:   0.61 kB
dist-demo/assets/index-BQPx7lJM.css               3.56 kB │ gzip:   1.33 kB
dist-demo/assets/download-CWiaXb8A.js             0.24 kB │ gzip:   0.17 kB
dist-demo/assets/filters-CirfTR7_.js              0.32 kB │ gzip:   0.25 kB
dist-demo/assets/control-DserJQjG.js              1.73 kB │ gzip:   0.94 kB
dist-demo/assets/hooks-BlvOpM74.js                4.59 kB │ gzip:   2.15 kB
dist-demo/assets/draft-conflict-DboB4izt.js       5.37 kB │ gzip:   2.49 kB
dist-demo/assets/index--VShJ3C8.js                8.79 kB │ gzip:   3.48 kB
dist-demo/assets/index-DhsdTUkl.js                9.42 kB │ gzip:   3.74 kB
dist-demo/assets/index-CCKCl7bn.js               13.14 kB │ gzip:   5.19 kB
dist-demo/assets/index-OdCWXXbV.js               15.09 kB │ gzip:   5.71 kB
dist-demo/assets/index-COKwWHZQ.js               17.14 kB │ gzip:   5.61 kB
dist-demo/assets/index-Cr7VpjrN.js               18.85 kB │ gzip:   6.33 kB
dist-demo/assets/index-BgJrh8W4.js               19.18 kB │ gzip:   6.54 kB
dist-demo/assets/index-CtKDfYj9.js               19.25 kB │ gzip:   7.13 kB
dist-demo/assets/index-bq2KUYjY.js               20.90 kB │ gzip:   6.92 kB
dist-demo/assets/index-DW-27iXE.js               24.80 kB │ gzip:   8.25 kB
dist-demo/assets/index-By9KyvEb.js               25.47 kB │ gzip:   8.62 kB
dist-demo/assets/index-8Amr2XgL.js               28.10 kB │ gzip:   9.80 kB
dist-demo/assets/index-BX3DK1Q8.js               30.93 kB │ gzip:   9.93 kB
dist-demo/assets/index-DKp3rk6P.js               32.91 kB │ gzip:  10.94 kB
dist-demo/assets/query-Df7VyXaF.js               33.15 kB │ gzip:   9.92 kB
dist-demo/assets/index-CeJdJQiq.js               42.03 kB │ gzip:  11.50 kB
dist-demo/assets/i18n-D4N_7Z3Q.js                46.14 kB │ gzip:  15.12 kB
dist-demo/assets/index-BadfJFcw.js               65.49 kB │ gzip:  18.11 kB
dist-demo/assets/schemas-CoWCwirf.js             85.75 kB │ gzip:  25.72 kB
dist-demo/assets/index-Df92YkaV.js              105.42 kB │ gzip:  33.42 kB
dist-demo/assets/schema-validation-B78jEm7B.js  149.80 kB │ gzip:  45.12 kB
dist-demo/assets/service-U-lrvKx9.js            233.46 kB │ gzip:  54.16 kB
dist-demo/assets/browser-CUiaw6H4.js            255.64 kB │ gzip:  87.02 kB
dist-demo/assets/react-runtime-gLMyUIL2.js      279.79 kB │ gzip:  90.28 kB
dist-demo/assets/charts-B_cZ5ZyS.js             320.23 kB │ gzip:  96.78 kB
dist-demo/assets/mui-CUCPJGs1.js                328.77 kB │ gzip: 100.20 kB
dist-demo/assets/contract-data-CJyvN5AM.js      375.47 kB │ gzip:  44.43 kB
✓ built in 3.28s

> node node_modules\@playwright\test\cli.js test
✔ canonical contracts validate and generate the API base path from OpenAPI (63.3249ms)
✔ rejects drift in OpenAPI YAML and operation index projections (97.0872ms)
✔ generated operation registry preserves required and optional query parameter metadata (28.9656ms)
✔ rejects unresolved schema references before generation (41.1248ms)
✔ rejects missing API version and a server URL outside same-origin path form (39.4298ms)
✔ rejects route-to-operation drift without rewriting the canonical manifest (40.4888ms)
✔ detects a stale generated file and accepts it after regeneration (3.374ms)
{
  "taskId": "FE011",
  "scope": "FRONTEND_WITH_SYNTHETIC_MOCK_API",
  "routes": [
    {
      "id": "R15",
      "path": "/s/:shopId/inventory",
      "permission": "inventory.read",
      "reads": [
        "listStockSnapshots",
        "getShop"
      ],
      "action": {
        "label": "Điều chỉnh tồn",
        "operationId": "createInventoryAdjustment",
        "permission": "inventory.adjust"
      }
    },
    {
      "id": "R16",
      "path": "/s/:shopId/inventory/movements",
      "permission": "inventory.read",
      "reads": [
        "listStockMovements"
      ]
    }
  ],
  "operations": [
    "listStockSnapshots",
    "listStockMovements",
    "createInventoryAdjustment",
    "getShop"
  ],
  "permissionBoundary": "Route reads require inventory.read; adjustment uses inventory.adjust; cost requires finance.read; product and order links are permission-gated.",
  "commandSemantics": "202 CommandResponse; expectedVersion and unitCost are contract-required body properties; the shared client waits for terminal state and handles unknown outcomes.",
  "checks": 17
}
✔ FE011 routes, permissions, operations and DTOs map to canonical contracts and current source (64.9939ms)
{
  "taskId": "FE012",
  "scope": "FRONTEND_WITH_SYNTHETIC_MOCK_API",
  "routes": [
    "R17",
    "R18",
    "R19",
    "R43"
  ],
  "operations": [
    "listOrders",
    "getOrder",
    "getShop",
    "listCustomers",
    "listProducts",
    "listConversations",
    "createOrder",
    "updateOrderDraft",
    "quoteOrder",
    "recordCustomerConfirmation",
    "confirmOrder",
    "cancelOrder",
    "listReturnCases",
    "getReturnCase",
    "createReturnCase",
    "inspectReturn",
    "getCommand",
    "handoverShipment",
    "payOrder",
    "refundOrder"
  ],
  "contractEvidence": "OrderDraft carries required IDs and 1..100 lines, integer quantity 1..1000000 and notes up to 2000; confirmation requires quote hash/version and customer message evidence; return inspection is line-scoped.",
  "permissionBoundary": "Customer/product pickers are enabled only with read capability; write actions follow orders.write, orders.confirm, orders.return and inventory.adjust.",
  "limitations": "No address CRUD endpoint is introduced; shippingAddressId remains an external verified ID and mock confirmation is only a demo simulation.",
  "checks": 35
}
✔ FE012 routes, operations, permissions and DTO limits map to canonical contracts and orders source (42.3361ms)
{"taskId":"FE016","scope":"FRONTEND_WITH_SYNTHETIC_MOCK_API","routes":["R05","R06"],"operations":["listConversations","getConversation","listMessages","sendMessage","takeoverConversation","releaseConversation","resolveConversation","assignConversation","listFeedback","createFeedback","reviewFeedback","uploadFile","getFile","listCommands","getCommand","getInboxMetadata"],"knownGap":"Real media provider, antivirus scan, Meta policy and production storage remain outside Frontend/MSW verification.","checks":3}
{"taskId":"FE017","scope":"FRONTEND_WITH_SYNTHETIC_MOCK_API","routes":["R23","R24","R25"],"operations":15,"unresolvedContractField":"Knowledge.allowedActions","checks":4}
{"taskId":"FE018","scope":"FRONTEND_WITH_SYNTHETIC_MOCK_API","routes":["R26","R27","R28","R51"],"operations":18,"checks":2,"knownRouteMappingGap":"R51 omits updateBudgetPolicy; UI uses canonical operation permission operations.manage"}
{
  "taskId": "FE013",
  "scope": "FRONTEND_WITH_SYNTHETIC_MOCK_API",
  "routes": [
    "R41",
    "R42"
  ],
  "operations": [
    "listPrepJobs",
    "getPrepJob",
    "getWorkItem",
    "claimWorkItem",
    "pickPrepLine",
    "packPrepJob",
    "listShipments",
    "getShipment",
    "createShipment",
    "handoverShipment",
    "recordShipmentEvent"
  ],
  "permissionBoundary": "fulfillment.read gates route data, operations.claim gates WorkItem claim, fulfillment.write gates picks/pack/events/shipment creation, and fulfillment.handover gates stock-consuming handover.",
  "stateBoundary": "Claim/pick/pack/handover/delivery/payment remain separate states; return eligibility continues to come from the order API.",
  "checks": 54
}
✔ FE013 routes, permissions, DTOs and state transitions map to canonical contracts and fulfillment source (105.315ms)
✖ FE014 procurement routes, permissions, DTOs and current source follow canonical contracts (82.2514ms)
✖ FE015 finance routes, capabilities, operations and DTOs follow canonical contracts (151.0127ms)
✔ FE016 maps R05/R06 reads and mutations to canonical permissions and current inbox source (6.1352ms)
✔ FE016 contract bounds list filters, safe message refs and versioned send payloads (7.4797ms)
✔ FE016 uses shell-owned resync and command recovery, and mock takeover enforces current version (6.463ms)
✔ FE017 R23-R25 operations and action permissions match canonical routes (7.1914ms)
✖ FE017 uses the user-approved permission and lifecycle UI substitute without inventing a Knowledge DTO field (7.8573ms)
✔ FE017 price and availability source preview uses separately permissioned canonical APIs (6.987ms)
✔ FE017 mock keeps published revisions immutable and feedback approval creates a draft revision (6.3728ms)
✔ FE018 R26/R27/R28/R51 actions use canonical routes, operation IDs, and permissions (6.7226ms)
✔ FE018 capability, tool permissions, human confirmation, and evaluation labels stay within declared schemas (6.6322ms)
✖ FE020 source stays mapped to canonical operations, permissions, and safe missing-schedule boundary (7.5895ms)
✔ FE020 mock enforces work-item capabilities and keeps integration readiness unknown (6.9362ms)
✔ CSS label gap accepts the canonical direct pixel constructor and its exact owner/property (909.3347ms)
✔ CSS label gap cannot be used as an unrelated spacing property (899.423ms)
✔ CSS label gap rejects a raw pixel constructor argument (906.6198ms)
✔ CSS label gap cannot impersonate a role from another owner (923.2402ms)
✔ accepts semantic bridge roles, the closed token-derived factor map, geometry, and reset values (902.5389ms)
✔ rejects a CSS spacing role without a declared shared owner (897.8042ms)
✔ rejects scale-conforming and off-scale literals in sx, responsive leaves, named and namespace MUI System props (926.6366ms)
✔ follows local aliases and style callbacks; rejects theme spacing helpers and preset overrides (914.9184ms)
✔ scans nested slotProps but does not confuse event handlers or geometric dimensions with spacing (906.7721ms)
✔ keeps Panel geometry inspectable and rejects spacing hidden in its geometry prop (2712.443ms)
✔ accepts only an exact CSS exception and reports stale or mismatched exception scope (2705.7092ms)
✔ rejects malformed TypeScript, malformed CSS, bad exception schema, and raw values in the bridge (3654.6627ms)
✔ rejects canonical pixel tokens used as MUI factors and an altered bridge factor table (1827.7764ms)
✔ report mode inventories migration debt without turning findings into PASS (917.759ms)
✔ module path classification accepts Windows and POSIX spellings, but excludes app files (5.2469ms)
✔ the source-checker CLI rejects a prohibited color literal in a module (159.8029ms)
✔ the source-checker CLI accepts a token-based module and leaves app-level colors outside the rule (159.4974ms)
✔ uses the installed project compiler and the pinned version in this checkout (102.8451ms)
✔ accepts a local compiler whose manifest, module and executable match the project (19.596ms)
✔ fails closed for missing local compiler without selecting a global fallback (34.1952ms)
✔ fails closed for different installed package version without selecting a global fallback (13.9394ms)
✔ fails closed for module version differs from its manifest without selecting a global fallback (14.2737ms)
✔ fails closed for ancestor compiler silently resolved outside this project without selecting a global fallback (12.6001ms)
✔ fails closed for missing compiler executable without selecting a global fallback (15.0317ms)
✔ fails closed for unpinned project compiler requirement without selecting a global fallback (14.7333ms)
✔ production composition gate detects const MUI alias and namespace layout role (474.9754ms)
✔ production composition gate closes aliased barrel API props (324.5177ms)
✔ production composition gate does not mistake shadowed local component for shared API (314.9703ms)
✔ production composition gate keeps valid canonical barrel consumer (296.4463ms)
✔ production visual gate rejects pretrusted-name spoof and parameter shadow (288.1497ms)
✔ production visual gate rejects a fake canonical module suffix (291.153ms)
✔ production visual gate inspects renamed genuine styled factory (296.0741ms)
✔ production visual gate preserves canonical barrel aliases and finite palette selection (297.7881ms)
✔ production visual gate rejects raw values hidden in a finite palette (295.3107ms)
✔ production visual gate does not follow a global alias through parameter shadow (313.6791ms)
✔ production composition geometry cannot resolve a shadowed global variable (277.924ms)
✔ finite semantic prop types do not grant trust to a different same-named parameter (281.2076ms)
✔ opaque namespace composition selection cannot bypass closed props (278.7806ms)
✔ opaque namespace style factory remains a visual binding failure (285.2609ms)
✔ canonical renamed import and constant alias preserve owner and path (280.3539ms)
✔ namespace and literal element access resolve canonical exports (268.6175ms)
✔ barrel re-export resolves original component identity (343.8539ms)
✔ parameter shadow does not inherit canonical import trust (268.3737ms)
✔ fake trusted names and a module named visual are not canonical (307.1402ms)
✔ mutable aliases, opaque keys and cyclic locals are not proven canonical (277.1227ms)
✔ destructured constant and safe type syntax preserve provenance (316.5638ms)
✔ installed MUI renamed styled resolves while local styled does not (355.0427ms)
✔ JavaScript workers remain in the Program import closure (380.2831ms)
✔ malformed element access is unproven rather than crashing the resolver (303.3508ms)
✔ a tsconfig alias cannot label another dependency as genuine MUI (296.9176ms)
✔ MUI re-export through a first-party barrel keeps library identity (283.7118ms)
✔ constant property-key aliases preserve canonical element access (279.1986ms)
✔ public layout mapping cannot be written through a direct consumer reference (415.5574ms)
✔ public layout nested aliases remain readonly (379.0533ms)
✔ public visual mapping already rejects consumer writes (125.0506ms)
✔ canonical readonly style maps remain readable by consumers (387.9889ms)
✔ canonical token space cannot be overwritten through an alias (119.4859ms)
✔ public color export cannot be overwritten (130.0065ms)
✔ readonly token and color reads retain their public types (143.5419ms)
✔ P10/P15 catch alias and neutral-wrapper duplicate insets through fragments and conditionals (293.4465ms)
✔ P20 resolves shared composition identities through a barrel and const component aliases (383.0032ms)
✔ P11/P13 catch static element access roles on every MUI surface, including Paper (297.1042ms)
✔ P12 checks React createElement and JSX-runtime element factories (285.2015ms)
✔ P14 resolves bodyMode literal aliases and fails closed when ownership is unknown (833.7692ms)
✔ checks Panel ancestry when React elements are created natively (286.901ms)
✔ keeps independent nested surfaces and portaled dialogs as separate owners (576.9384ms)
✔ accepts finite bodyMode branches and every mode in the public component contracts (979.7857ms)
✔ stops inherited gap ownership at Panels and independent bordered surfaces (558.4206ms)
✔ tracks gaps through fragments, conditions and ready QueryState, but not inside DOM wrappers (273.0664ms)
✔ applies the same finite modes and wrapper boundaries to native React factories (536.2103ms)
✔ recognizes native outlined Paper and nested Box surface inset boundaries (577.8491ms)
✔ fails closed when an unresolved custom wrapper obscures a semantic gap owner (345.0248ms)
✔ rejects unsupported placement and rhythm values while accepting finite aliases and branches (559.4718ms)
✔ rejects unsupported finite values through React element factories (530.0558ms)
✔ accepts semantic composition, closed geometry and business-specific MUI primitives (7.8481ms)
✔ rejects rebuilding each shared spacing owner at a consumer (7.3765ms)
✔ follows aliases, local style variables, object spreads and namespace imports (7.2881ms)
✔ rejects direct and spread spacing overrides on semantic components (6.3916ms)
✔ rejects spacing or opaque spreads hidden in geometry (6.5364ms)
✔ allows the canonical owner implementation and fails closed on malformed source (6.5991ms)
✔ rejects duplicated parent boundary and duplicated Panel inset (6.6337ms)
✔ checks default MUI imports and fails closed for opaque geometry (6.7957ms)
✔ distinguishes content grids from flex flows when reporting the shared owner (6.6332ms)
✔ rejects page spacing for paired fields and peer Panels without a section gap owner (7.4495ms)
✔ related sibling gaps belong to ActionGroup comfortable density, not consumer Stack styles (6.7977ms)
✔ density profiles are finite and new spacing paths retain the shared owner (7.62ms)
✔ check-layout rejects missing-html at the UI entry boundary (593.4004ms)
✔ check-layout rejects missing-style at the UI entry boundary (629.7062ms)
✔ check-layout rejects inline-style at the UI entry boundary (641.4898ms)
✔ check-layout rejects alias-mismatch at the UI entry boundary (610.8058ms)
✔ check-visual-tokens rejects missing-html at the UI entry boundary (591.104ms)
✔ check-visual-tokens rejects missing-style at the UI entry boundary (602.4633ms)
✔ check-visual-tokens rejects inline-style at the UI entry boundary (639.3307ms)
✔ check-visual-tokens rejects alias-mismatch at the UI entry boundary (595.1189ms)
✔ check-ui-composition rejects missing-html at the UI entry boundary (574.2875ms)
✔ check-ui-composition rejects missing-style at the UI entry boundary (607.945ms)
✔ check-ui-composition rejects inline-style at the UI entry boundary (588.6087ms)
✔ check-ui-composition rejects alias-mismatch at the UI entry boundary (738.2668ms)
✔ DOM entry inspection never executes an inline script and detects decoded attributes (23.6111ms)
✔ manifest icons are resolved and malformed manifest data fails closed (21.1118ms)
✔ data and remote module sources cannot stand in for a scanned script entry (18.9863ms)
✔ an unused alias map cannot prove the exported Vite configuration (15.253ms)
✔ a Vite HTML generator cannot inject an unscanned stylesheet through a hook (14.9893ms)
✔ accepts current fingerprints, honest open coverage, and explained N/A (12.4313ms)
✔ rejects a stale source fingerprint (11.2146ms)
✔ rejects a stale command log (10.4749ms)
✔ rejects missing, absolute, and escaping source paths (9.6888ms)
✔ rejects unrun, missing, duplicate, and nonzero command results marked PASS (9.4031ms)
✔ rejects PASS when expected and observed results differ (10.8866ms)
✔ rejects inconsistent coverage and N/A without a reason (10.2905ms)
✔ rejects a baseline falsely dated after implementation started and detects changed baseline artifacts (13.4826ms)
✔ COMPLETE cannot contain open coverage or failed commands (10.9335ms)
✔ S19 must explicitly reconcile files, APIs, routes, rendered routes, slots, and states (12.4581ms)
✔ rejects malformed top-level evidence instead of treating missing fields as success (9.2428ms)
✔ check-layout fails closed for relative missing import (603.9709ms)
✔ check-layout fails closed for aliased missing import (600.1207ms)
✔ check-layout fails closed for missing CSS import (611.096ms)
✔ check-layout fails closed for opaque dynamic import (620.0181ms)
✔ check-visual-tokens fails closed for relative missing import (604.6308ms)
✔ check-visual-tokens fails closed for aliased missing import (594.1452ms)
✔ check-visual-tokens fails closed for missing CSS import (629.2418ms)
✔ check-visual-tokens fails closed for opaque dynamic import (598.8611ms)
✔ check-ui-composition fails closed for relative missing import (591.4313ms)
✔ check-ui-composition fails closed for aliased missing import (596.33ms)
✔ check-ui-composition fails closed for missing CSS import (617.9095ms)
✔ check-ui-composition fails closed for opaque dynamic import (607.1939ms)
✔ scope follows a canonical package alias and classifies data assets separately (19.1118ms)
✔ scope follows CSS imports and rejects a missing nested stylesheet (19.4251ms)
✔ missing and malformed tsconfig cannot silently supply default resolution (10.6851ms)
✔ scope rejects discovered script sources omitted by the compiler config (16.9679ms)
✔ config includes are discovered even when a package source has no app import yet (19.7091ms)
✔ a first-party import cannot silently claim source outside the project (20.6674ms)
✔ malformed CSS and unhandled stylesheet languages cannot be classified as harmless data (22.0666ms)
✔ CSS asset URLs resolve with queries and fragments and reject missing files (29.1308ms)
✔ native service worker scripts enter the source closure and missing URLs fail (35.2855ms)
✔ Vite BASE_URL sample downloads enter asset coverage and missing samples fail (26.5033ms)
✔ a declared MSW worker has a vendor owner and rejects modifications (45.9404ms)
✔ CommonJS and TypeScript import-equals cannot hide missing first-party modules (37.8167ms)
✔ canonical writes through casts and aliases fail outside style expressions (977.9793ms)
✔ Object.assign cannot mutate canonical data but can copy to a fresh object (2033.2133ms)
✔ layout gate rejects raw spacing on const alias of MUI component (961.7317ms)
✔ canonical mutation gate follows global mutator aliases and reflection (950.5553ms)
✔ local mutator names do not acquire global mutation identity (972.5175ms)
✔ destructured mutators and call/apply retain canonical mutation checks (967.0142ms)
✔ global mutator call/apply can copy canonical values into fresh objects (938.7078ms)
✔ mutable aliases with possible canonical destinations fail closed (953.7677ms)
✔ opaque apply arguments fail closed while unrelated mutable data stays valid (1884.0207ms)
✔ canonical references inside containers and destructured aliases cannot be mutated (937.7527ms)
✔ independent shallow copies of scalar canonical fields remain mutable (948.6046ms)
✔ array references and nested destructuring preserve canonical write provenance (1105.5812ms)
✔ array destinations distinguish independent elements from canonical references (1003.34ms)
✔ array destructuring, dynamic indices and spread cannot hide canonical references (950.4414ms)
✔ dynamic indices and destructuring of independent arrays stay mutable (949.666ms)
✔ function parameters cannot hide canonical mutation across source files (945.588ms)
✔ read-only helpers and mutations of unrelated arguments remain valid (949.5064ms)
✔ returned canonical references remain protected across helper boundaries (966.3125ms)
✔ helper returns of fresh scalar copies do not retain canonical destination identity (921.5872ms)
✔ destructured object parameters cannot mutate canonical arguments (980.8542ms)
✔ destructured object parameters retain independent argument mutability (921.2599ms)
✔ default parameter and binding initializers cannot hide canonical mutations (952.9961ms)
✔ fresh default parameter and binding copies remain mutable (972.4874ms)
✔ rest parameters retain canonical argument write provenance (950.59ms)
✔ rest parameters distinguish independent positions from canonical siblings (960.0799ms)
✔ finite spread arguments preserve shifted positional and rest destinations (963.4156ms)
✔ finite spread expansion keeps independent argument positions mutable (943.2027ms)
✔ opaque spreads keep positional mutation destinations unknown (950.4345ms)
✔ opaque spreads into read-only helpers do not invent mutation findings (966.565ms)
✔ array parameter patterns retain canonical positions including nested object arrays (990.5837ms)
✔ array parameter patterns retain independent bound element mutability (955.0449ms)
✔ layout gate rejects parameter shadow of canonical layout name (969.173ms)
✔ layout gate follows genuine renamed styled factory (951.7541ms)
✔ layout gate accepts canonical namespace, element access and barrel alias (962.5935ms)
✔ layout gate does not mistake local component named Stack for MUI (926.9197ms)
✔ layout gate inspects renamed installed Emotion css tag (971.7919ms)
✔ layout gate preserves genuine aliased Controller field forwarding (951.0647ms)
✔ a same-named local Controller cannot exempt an unknown prop spread (932.5025ms)
✔ genuine useForm registration survives property and destructured aliases (934.5266ms)
✔ a function named register cannot exempt injected style props (946.6931ms)
✔ a bridge callback parameter cannot impersonate its private factor binding (920.4797ms)
✔ opaque namespace component selection remains a strict binding failure (953.8009ms)
✔ opaque namespace factory cannot hide style arguments (963.0394ms)
✔ MUI re-export cannot hide raw spacing behind a first-party barrel (974.4437ms)
✔ destructuring assignments cannot hide canonical write targets (948.9425ms)
✔ destructuring assignments can update independent copied destinations (945.0302ms)
✔ object rest retains nested canonical references while copying the outer object (950.3017ms)
✔ rest scalar copies and replacement of container references stay mutable (956.3266ms)
✔ shallow object spread preserves canonical child references and last-writer order (955.5448ms)
✔ shallow spread with a later independent override stays mutable (1202.6531ms)
✔ exported mutable aliases retain assignments from their declaring file (1006.0821ms)
✔ exported independent mutable data does not acquire canonical provenance (957.293ms)
✔ literal computed keys retain canonical container and parameter provenance (967.2353ms)
✔ literal computed keys do not taint independent selected properties (944.8718ms)
✔ Object.assign shallow copies retain canonical nested reference provenance (960.7662ms)
✔ Object.assign later independent overrides and scalar copies stay mutable (957.7429ms)
✔ union and dynamic property selections retain possible canonical destinations (926.5655ms)
✔ finite union property selections exclude canonical siblings not in the key set (949.6582ms)
✔ union selection over Object.assign output retains canonical child provenance (937.8314ms)
✔ union selection over independent Object.assign output remains mutable (929.6415ms)
✔ Reflect.set call/apply checks the target argument rather than the assigned value (2852.5856ms)
✔ aliased React createElement checks MUI and native style objects (967.2432ms)
✔ GlobalStyles.styles is checked and local createElement names stay local (1852.4216ms)
✔ React JSX runtime factories cannot bypass MUI or native style checks (1015.2335ms)
✔ React cloneElement checks the cloned MUI element and preserves native props (3789.0593ms)
✔ Emotion css props and object factories are inspected with native CSS semantics (2825.5952ms)
✔ Inline style elements in JSX, React factories, DOM and the HTML entry fail closed (7639.1655ms)
✔ DOM CSSOM spacing writes use semantic roles and reject opaque style strings (1917.5646ms)
✔ HTML parsing and runtime stylesheet mutation cannot bypass the imported CSS boundary (1935.5546ms)
✔ spacing shorthand values and responsive breakpoints preserve token and unit provenance (9527.9667ms)
✔ function return producers cannot hide canonical children behind spreads (951.5745ms)
✔ producer spreads keep later independent child overrides writable (953.8031ms)
✔ Amount consumers declare wrapping outside DataTable columns and keep table money unbroken (46.262ms)
✔ the shared catalog covers every public React component and supporting Column type (38.1253ms)
✔ SPC-067 covers discovered public Shared APIs without a fixed export count (10.2233ms)
✔ every public React API has a direct rendered contract test (8.0713ms)
✔ catalog declaration lines and stated JSX counts match resolved source symbols (94.1099ms)
✔ every shared React export has a resolved production consumer or an explicit zero-use lifecycle decision (65.1038ms)
✔ required UI evidence and regression gates remain wired to root verify and the active parent workflow (8.9301ms)
✔ composition prop allowlists match the TypeScript owners exactly (7.1936ms)
✔ QueryState uses only the approved inline and section pending profiles (8.7341ms)
✔ QueryState consumers reserve section loading for primary content and keep every other state inline by default (53.9793ms)
✔ body modes, placement roles and geometry keys match the TypeScript contracts (9.9375ms)
✔ Panel geometry and DataTable columns remain closed public contracts (12.3971ms)
✔ shared component and composition props expose no arbitrary layout/style escape hatch (7.4011ms)
✔ layout role types, runtime values, consumers and ownership documentation stay closed (2652.5545ms)
✔ check-layout rejects missing source instead of returning an empty PASS (420.0215ms)
✔ check-layout rejects empty source instead of returning an empty PASS (488.9494ms)
✔ check-layout rejects generated-only source instead of returning an empty PASS (465.7004ms)
✔ check-layout rejects jsx-parse source instead of returning an empty PASS (496.858ms)
✔ check-visual-tokens rejects missing source instead of returning an empty PASS (457.2817ms)
✔ check-visual-tokens rejects empty source instead of returning an empty PASS (419.1621ms)
✔ check-visual-tokens rejects generated-only source instead of returning an empty PASS (411.9889ms)
✔ check-visual-tokens rejects jsx-parse source instead of returning an empty PASS (410.0953ms)
✔ check-ui-composition rejects missing source instead of returning an empty PASS (399.8663ms)
✔ check-ui-composition rejects empty source instead of returning an empty PASS (410.1888ms)
✔ check-ui-composition rejects generated-only source instead of returning an empty PASS (406.9212ms)
✔ check-ui-composition rejects jsx-parse source instead of returning an empty PASS (415.7859ms)
confirmation consumers: 28
✔ UX03 every production confirmation identifies its object and uses an explicit business verb (43.0833ms)
✔ visual checker accepts canonical theme roles, token references, geometry and semantic responsive props (302.9761ms)
✔ visual checker rejects raw literals across sx, JSX system props and CSS declarations (283.0413ms)
✔ visual checker follows local style aliases and callback themes, but fails raw nested values (280.2544ms)
✔ visual checker reports unresolved spreads and malformed style sources as UNKNOWN or parse errors (281.6978ms)
✔ visual checker includes newly added TSX files under the source root (280.8136ms)

Running 696 tests using 1 worker

(node:65572) Warning: The 'NO_COLOR' env is ignored due to the 'FORCE_COLOR' env being set.
(Use `node --trace-warnings ...` to show where the warning was created)
  ok   1 [chromium] › tests\accessibility\routes.spec.ts:17:1 › all canonical routes pass whole-page WCAG 2.1 A/AA axe checks in the React demo (1.1m)
  ok   2 [chromium] › tests\accessibility\routes.spec.ts:84:1 › contained action buttons do not animate between contrasting enabled and disabled color pairs (2.4s)
[artifact-preview] {"scope":"FRONTEND_WITH_SYNTHETIC_MOCK_API","artifact":"apps/web/dist-demo","browserMetrics":{"browser":"Mozilla/5.0 (Windows NT 10.0; Win64; x64) AppleWebKit/537.36 (KHTML, like Gecko) Chrome/153.0.8010.12 Safari/537.36","viewport":{"width":1280,"height":720},"route":"/s/shop-demo/overview","domContentLoadedMs":76,"loadEventMs":76,"scriptCount":11,"scriptTransferBytes":482373,"scriptAssets":[{"file":"index-Df92YkaV.js","transferBytes":33724,"decodedBytes":105422,"durationMs":9},{"file":"react-runtime-gLMyUIL2.js","transferBytes":90583,"decodedBytes":279787,"durationMs":14},{"file":"query-Df7VyXaF.js","transferBytes":10222,"decodedBytes":33154,"durationMs":8},{"file":"i18n-D4N_7Z3Q.js","transferBytes":15416,"decodedBytes":46142,"durationMs":11},{"file":"contract-data-CJyvN5AM.js","transferBytes":44731,"decodedBytes":375469,"durationMs":12},{"file":"schema-validation-B78jEm7B.js","transferBytes":45420,"decodedBytes":149800,"durationMs":13},{"file":"mui-CUCPJGs1.js","transferBytes":100504,"decodedBytes":328773,"durationMs":15},{"file":"service-U-lrvKx9.js","transferBytes":54456,"decodedBytes":233456,"durationMs":6},{"file":"browser-CUiaw6H4.js","transferBytes":87317,"decodedBytes":255636,"durationMs":9},{"file":"index-DhsdTUkl.js","transferBytes":0,"decodedBytes":9416,"durationMs":54},{"file":"hooks-BlvOpM74.js","transferBytes":0,"decodedBytes":4585,"durationMs":58}]},"bundles":{"javascriptFiles":32,"totalBytes":2617340,"totalGzipBytes":735940,"initialRouteGzipBytes":485559,"proposedBudgets":{"initialRouteGzipKiB":500,"largestChunkGzipKiB":200,"basis":"Local demo preview limits for the measured Chromium artifact; not a backend or platform SLO."},"largest":[{"file":"apps/web/dist-demo/assets/contract-data-CJyvN5AM.js","bytes":375469,"gzipBytes":44431},{"file":"apps/web/dist-demo/assets/mui-CUCPJGs1.js","bytes":328773,"gzipBytes":100204},{"file":"apps/web/dist-demo/assets/charts-B_cZ5ZyS.js","bytes":320226,"gzipBytes":96780},{"file":"apps/web/dist-demo/assets/react-runtime-gLMyUIL2.js","bytes":279787,"gzipBytes":90283},{"file":"apps/web/dist-demo/assets/browser-CUiaw6H4.js","bytes":255636,"gzipBytes":87017}]},"observedApi":{"path":"/api/v2/session","status":200,"servedBy":"MSW in the built demo artifact"},"dataSource":"synthetic-msw"}
  ok   3 [chromium] › tests\artifacts\demo-preview.spec.ts:40:1 › the built demo artifact serves the React UI and synthetic API through preview (750ms)
  x    4 [chromium] › tests\artifacts\demo-preview.spec.ts:104:1 › a thousand synthetic customers remain API-paginated in the built demo artifact (793ms)
(node:93164) Warning: The 'NO_COLOR' env is ignored due to the 'FORCE_COLOR' env being set.
(Use `node --trace-warnings ...` to show where the warning was created)
  ok   5 [chromium] › tests\artifacts\demo-preview.spec.ts:143:1 › the production artifact contains neither the mock worker asset nor MSW fixtures/runtime (13ms)
  ok   6 [chromium] › tests\fe009.spec.ts:37:1 › workspace onboarding creates a shop with an active membership and returns to its scoped route (4.0s)
  ok   7 [chromium] › tests\fe009.spec.ts:59:1 › customer create validates fields, submits through mock HTTP, and preserves edits after a stale version (4.6s)
  ok   8 [chromium] › tests\fe009.spec.ts:127:1 › customer detail keeps redacted contact fields read-only and does not overwrite them on save (1.5s)
  ok   9 [chromium] › tests\fe009.spec.ts:144:1 › job detail follows an export created in the current synthetic shop and can refetch it (1.6s)
  ok  10 [chromium] › tests\fe009.spec.ts:179:1 › FE009.G01 shop setup checklist guides to supported pages and leaves missing contract fields unverified (1.2s)
  ok  11 [chromium] › tests\fe009.spec.ts:192:1 › FE009.G05 consent management persists challenges without granting consent before customer action (1.5s)
  ok  12 [chromium] › tests\fe009.spec.ts:202:1 › FE009.H06 audit screen distinguishes available fields from missing contract detail (1.2s)
  ok  13 [chromium] › tests\fe009.spec.ts:211:1 › FE009.B06 after-sale cases only link orders loaded for the selected customer and customer profile shows their shipment (5.6s)
  ok  14 [chromium] › tests\fe009.spec.ts:243:1 › team invitation and membership revoke stay shop-scoped and protect the active owner (2.7s)
  ok  15 [chromium] › tests\fe009.spec.ts:279:1 › privacy delete requests remain pending approval with no frontend step-up shortcut (3.0s)
  ok  16 [chromium] › tests\fe010.spec.ts:40:1 › product editor validates positive prices, protects image-only drafts, and saves variant payload through mock HTTP (5.9s)
  ok  17 [chromium] › tests\fe010.spec.ts:110:1 › product update sends If-Match and keeps edits visible after a 412 conflict (2.9s)
  ok  18 [chromium] › tests\fe010.spec.ts:142:1 › warehouse role can read catalog products but cannot edit product fields or price cost data (1.5s)
  ok  19 [chromium] › tests\fe010.spec.ts:151:1 › categories create, search, update with a version, and render cursor pagination (2.5s)
  ok  20 [chromium] › tests\fe010.spec.ts:180:1 › CSV preview reports row-level errors and commits only valid product rows (3.2s)
  ok  21 [chromium] › tests\fe010.spec.ts:252:1 › import validation token is rejected with 412 after catalog changes and the preview remains visible (3.2s)
  ok  22 [chromium] › tests\fe010.spec.ts:284:1 › CSV demo row limit is explained and rejects more than 1000 data rows before preview (1.8s)
  ok  23 [chromium] › tests\fe010.spec.ts:297:1 › demo upload rejects files over 5 MB before making an upload request (2.1s)
UI005 acceptance: {"categoryTotal":105,"createCategoryId":"cat-2","editCategoryId":"cat-0","categoryRequests":20}
  ok  24 [chromium] › tests\fe010.spec.ts:308:1 › product category lookup pages the full collection and preserves the selected category while editing (15.0s)
  ok  25 [chromium] › tests\fe011.spec.ts:37:1 › FE011.AC01 snapshot drives stock totals and the SKU opens its catalog result (2.6s)
  ok  26 [chromium] › tests\fe011.spec.ts:56:1 › FE011.AC02 adjustment validates, waits for mock confirmation, and reconciles movement history once (4.7s)
  ok  27 [chromium] › tests\fe011.spec.ts:95:1 › FE011.AC03 conflict and insufficient stock preserve the draft and never update optimistically (3.5s)
  ok  28 [chromium] › tests\fe011.spec.ts:125:1 › FE011.AC03 forbidden adjustment retains user input and shows no success state (2.4s)
  ok  29 [chromium] › tests\fe011.spec.ts:141:1 › FE011.AC03 unknown command blocks duplicate submission until shared recovery reconciles it (2.5s)
  ok  30 [chromium] › tests\fe011.spec.ts:159:1 › FE011.AC04 movement contract filters are URL-backed and history exposes actor and permission-gated source (2.0s)
  ok  31 [chromium] › tests\fe011.spec.ts:187:1 › FE011.AC05 inventory reflows at mobile widths, passes axe, and restores keyboard focus after adjustment dialog (2.1s)
  ok  32 [chromium] › tests\fe011.spec.ts:210:1 › FE011.AC03 unknown shop scope shows no stock from another shop (402ms)
  ok  33 [chromium] › tests\fe012.spec.ts:37:1 › FE012.AC01 searchable customer and product pickers submit contract-shaped draft and reject fractional quantity (5.8s)
  ok  34 [chromium] › tests\fe012.spec.ts:95:1 › FE012 canonical customer address choice completes the mock order flow with a versioned snapshot (25.7s)
  x   35 [chromium] › tests\fe012.spec.ts:124:1 › FE012.AC01 editing lines invalidates quote and customer consent; a new quote is required before confirmation (28.6s)
(node:94468) Warning: The 'NO_COLOR' env is ignored due to the 'FORCE_COLOR' env being set.
(Use `node --trace-warnings ...` to show where the warning was created)
  ok  36 [chromium] › tests\fe012.spec.ts:184:1 › FE012.AC03 mock stale-version 412 preserves draft fields and does not show success (7.0s)
  ok  37 [chromium] › tests\fe012.spec.ts:201:1 › FE012.AC03 offline state blocks quote mutation while retaining the loaded draft (1.6s)
  ok  38 [chromium] › tests\fe012.spec.ts:213:1 › FE012.AC03 unknown confirm outcome blocks duplicate writes until shared command recovery is available (5.0s)
  ok  39 [chromium] › tests\fe012.spec.ts:259:1 › FE012.AC03 quote and customer confirmation expiration disable confirmation using API time (8.7s)
  ok  40 [chromium] › tests\fe012.spec.ts:279:1 › FE012.AC03 returns reject fractional/over-original quantities locally and preserve data on cumulative mock rejection (1.5s)
  ok  41 [chromium] › tests\fe012.spec.ts:303:1 › FE012.AC04 return inspection loads the current case and applies accepted partial quantity to mock stock and refund (10.5s)
  ok  42 [chromium] › tests\fe012.spec.ts:356:1 › FE012.AC03 handed-over order routes to returns and exposes no ordinary cancel action (1.3s)
  ok  43 [chromium] › tests\fe012.spec.ts:363:1 › FE012.AC05 order drafting remains usable without horizontal page overflow and passes focused axe checks (12.4s)
  ok  44 [chromium] › tests\fe013.spec.ts:42:1 › FE013.C04 shipping preview distinguishes missing address, unserviceable zone, and expired mock quote (3.3s)
  ok  45 [chromium] › tests\fe013.spec.ts:68:1 › FE013.AC01–AC04 stale claim conflict is visible; pick, pack, dispatch and delivery use current API versions once (8.0s)
  ok  46 [chromium] › tests\fe013.spec.ts:207:1 › FE013.AC03 unknown handover cannot be repeated before command reconciliation (7.7s)
  ok  47 [chromium] › tests\fe013.spec.ts:254:1 › FE013.AC01 role scope and FE013.AC05 responsive shipment/preparation views remain accessible (3.6s)
  x   48 [chromium] › tests\fe014.spec.ts:27:1 › FE014.AC01 multi-line purchase validates MOQ/pack size and binds approval to the created intent (11.3s)
(node:15492) Warning: The 'NO_COLOR' env is ignored due to the 'FORCE_COLOR' env being set.
(Use `node --trace-warnings ...` to show where the warning was created)
  ok  49 [chromium] › tests\fe014.spec.ts:79:1 › FE027.D02 supplier workspace edits the selected contact through its current version and displays MOQ offers (5.9s)
  x   50 [chromium] › tests\fe014.spec.ts:97:1 › FE014.AC02 approval covers the exact purchase intent; unknown send is blocked from blind retry (11.7s)
(node:17212) Warning: The 'NO_COLOR' env is ignored due to the 'FORCE_COLOR' env being set.
(Use `node --trace-warnings ...` to show where the warning was created)
  ok  51 [chromium] › tests\fe014.spec.ts:156:1 › FE014.S03 auto-send requires an active matching purchase delegation (4.4s)
  ok  52 [chromium] › tests\fe014.spec.ts:170:1 › FE014.S04 owner manages a paused purchase delegation only after rechecking the buyer role (5.8s)
  ok  53 [chromium] › tests\fe014.spec.ts:217:1 › FE014.S03 manager without procurement.receive cannot open receipt actions (2.7s)
  ok  54 [chromium] › tests\fe014.spec.ts:237:1 › FE014.AC03 partial receipt posts only accepted units to synthetic stock and payable once (7.1s)
  ok  55 [chromium] › tests\fe014.spec.ts:308:1 › FE014.D03/D04/D07 replenishment uses min-max rules, labels forecast limits, and blocks duplicate proposals (2.4s)
  ok  56 [chromium] › tests\fe015.spec.ts:56:1 › FE015.AC01 report filters use exact timezone boundaries and mock API aggregates (2.7s)
  ok  57 [chromium] › tests\fe015.spec.ts:106:1 › FE021.E08 report explanation is mock-only, cites the filtered P&L snapshot, and never writes finance data (1.3s)
  ok  58 [chromium] › tests\fe015.spec.ts:127:1 › UI003 report timestamps follow the active shop timezone (4.2s)
  ok  59 [chromium] › tests\fe015.spec.ts:184:1 › FE015.E02/E03 profit report renders canonical cost, gross-profit and operating-expense values (921ms)
  ok  60 [chromium] › tests\fe015.spec.ts:212:1 › FE015.AC02 journal rejects unbalanced decimal lines before POST and sends exact money strings (4.3s)
  ok  61 [chromium] › tests\fe015.spec.ts:247:1 › FE015.AC02 closed accounting period is visible and disables journal draft creation (2.0s)
  ok  62 [chromium] › tests\fe015.spec.ts:271:1 › FE015.AC03 CSV import keeps partial row failures visible and deduplicates external transactions (3.6s)
  ok  63 [chromium] › tests\fe015.spec.ts:294:1 › UI001 reconciliation cursors stay scoped and dialogs load choices beyond the visible table page (11.8s)
  ok  64 [chromium] › tests\fe015.spec.ts:421:1 › FE015.AC03 COD settlement matches net remittance plus documented fee (5.2s)
  ok  65 [chromium] › tests\fe015.spec.ts:456:1 › FE015.AC03 partial bank allocation leaves the remaining amount and debt visible (3.7s)
  ok  66 [chromium] › tests\fe015.spec.ts:482:1 › FE015.AC03 unknown journal posting is not resent from the same draft (5.4s)
  ok  67 [chromium] › tests\fe016.spec.ts:70:1 › UI015 mobile demo tools disclose by keyboard and inbox stays within narrow viewports (1.7s)
  ok  68 [chromium] › tests\fe016.spec.ts:103:1 › FE016 conversation keeps its composer visible while long demo context scrolls independently (1.6s)
  ok  69 [chromium] › tests\fe016.spec.ts:210:1 › FE016.AC01 inbox filters call canonical query fields and remain bookmarked through conversation details (2.4s)
  x   70 [chromium] › tests\fe016.spec.ts:238:1 › Shared consolidation Inbox preserves selected filters and composer draft through metadata pending error empty and recovery (2.0s)
(node:64240) Warning: The 'NO_COLOR' env is ignored due to the 'FORCE_COLOR' env being set.
(Use `node --trace-warnings ...` to show where the warning was created)
  ok  71 [chromium] › tests\fe016.spec.ts:298:1 › FE016.AC01 list cursor is isolated from message cursor and restored on back navigation (2.1s)
  ok  72 [chromium] › tests\fe016.spec.ts:317:1 › UI002 inbox list and message cursors stay independent through paging, conversation switch and shop change (3.6s)
  ok  73 [chromium] › tests\fe016.spec.ts:406:1 › UI002 mobile keeps the list page while messages page and Back restores it (2.5s)
  ok  74 [chromium] › tests\fe016.spec.ts:450:1 › UI002 Inbox search resets only the list cursor while a message page is open (2.1s)
  ok  75 [chromium] › tests\fe016.spec.ts:507:1 › UI002 deep link, refresh and mobile Back preserve their own cursors (1.7s)
  ok  76 [chromium] › tests\fe016.spec.ts:561:1 › UI002 list and message panel errors remain isolated (5.2s)
  ok  77 [chromium] › tests\fe016.spec.ts:585:1 › UI002 send, invalidation and resync keep both cursors and send only once (2.1s)
  ok  78 [chromium] › tests\fe016.spec.ts:645:1 › FE016.AC01 takeover and reply use current versions and show API send state without claiming delivery (1.9s)
  ok  79 [chromium] › tests\fe016.spec.ts:672:1 › FE016.AC02 internal notes render HTML-like text inert and feedback creates only a review draft (1.7s)
  ok  80 [chromium] › tests\fe016.spec.ts:705:1 › FE016.AC03 unknown send keeps the reply draft, exposes command recovery and never blindly resends (1.6s)
  ok  81 [chromium] › tests\fe016.spec.ts:728:1 › FE016.AC04 role without customer/order permissions cannot open those cross-module references (1.1s)
  ok  82 [chromium] › tests\fe016.spec.ts:739:1 › FE016.S03 stale takeover preserves reason and reports the version conflict (2.1s)
  ok  83 [chromium] › tests\fe016.spec.ts:755:1 › FE016.B05 cross-sell promotion preview shows sample rules without applying a discount (1.2s)
  ok  84 [chromium] › tests\fe016.spec.ts:769:1 › FE016.B08 capability-driven image, voice and document media upload and send by scoped file IDs (2.7s)
  ok  85 [chromium] › tests\fe016.spec.ts:835:1 › FE016.B09 pending media send preserves newer text and blocks blind retry after unknown outcome (5.0s)
  ok  86 [chromium] › tests\fe016.spec.ts:879:1 › FE016.B10 a channel without an explicit media policy keeps text composer and denies attachments (1.2s)
  ok  87 [chromium] › tests\fe016.spec.ts:891:1 › FE027.B01 industry sales script preview asks for missing facts and stays a local draft (1.6s)
  ok  88 [chromium] › tests\fe016.spec.ts:907:1 › FE027.B02 inbox price and available stock preview uses current canonical mock reads (998ms)
  ok  89 [chromium] › tests\fe016.spec.ts:928:1 › FE027.B03 order capture links the active customer and conversation into the manual order form (1.6s)
  ok  90 [chromium] › tests\fe016.spec.ts:938:1 › FE027.B04 automatic order confirmation stays unavailable until policy and customer evidence exist (1.3s)
  ok  91 [chromium] › tests\fe017-validation.spec.ts:15:1 › FE017 synthetic 422 keeps the knowledge draft fields and shows field errors (2.1s)
  ok  92 [chromium] › tests\fe017.spec.ts:26:1 › FE017.AC01 demo publishing uses the approved permission and lifecycle substitute without an API allowedActions field (3.9s)
  ok  93 [chromium] › tests\fe017.spec.ts:117:1 › FE017.AC02 knowledge file upload sends canonical purpose and detail reads processing status (2.1s)
  ok  94 [chromium] › tests\fe017.spec.ts:156:1 › FE017 price and stock source preview uses canonical product and timestamped inventory APIs (1.0s)
  ok  95 [chromium] › tests\fe017.spec.ts:189:1 › FE017.AC03 missing content, unsupported and oversized files keep creation unavailable (1.8s)
  ok  96 [chromium] › tests\fe017.spec.ts:211:1 › FE017.AC04 feedback approval creates inert draft content and its first revision only (2.7s)
  ok  97 [chromium] › tests\fe017.spec.ts:244:1 › FE017.AC05 manager sees knowledge read-only and synthetic API rejects purpose-specific upload and publish (1.0s)
  ok  98 [chromium] › tests\fe017.spec.ts:265:1 › FE017.AC06 stale review preserves the reason and explains the conflict (1.4s)
  ok  99 [chromium] › tests\fe017.spec.ts:280:1 › FE027.G02 product content brief edits source, size, warranty, alternatives, and forbidden claims locally (1.3s)
  ok 100 [chromium] › tests\fe017.spec.ts:298:1 › FE027.G03 policy revisions keep the published snapshot immutable when a draft changes (1.1s)
  ok 101 [chromium] › tests\fe018.spec.ts:130:1 › FE018.S01 maps routes and operations to the canonical OpenAPI permissions (448ms)
  ok 102 [chromium] › tests\fe018.spec.ts:147:1 › FE018.AC01/04 draft saves use the contract version and keep human order confirmation locked after a conflict (4.6s)
  ok 103 [chromium] › tests\fe018.spec.ts:178:1 › FE018.AC03 evaluation is synthetic, revision-bound, and cannot publish a stale draft (3.9s)
  ok 104 [chromium] › tests\fe018.spec.ts:202:1 › FE018.AC01/04 successful publish is tied to the tested revision and pause explains its boundary (3.7s)
  ok 105 [chromium] › tests\fe018.spec.ts:232:1 › FE018.AC03 playground sends no external message and preserves unknown cost and token values (2.3s)
  ok 106 [chromium] › tests\fe018.spec.ts:254:1 › FE018.S03 synthetic budget and tool denials retain the prompt and never show a generated answer (4.1s)
  ok 107 [chromium] › tests\fe018.spec.ts:280:1 › FE027.H03 budget and provider failover preview refuses silent provider switching on exhaustion (2.2s)
  ok 108 [chromium] › tests\fe018.spec.ts:294:1 › FE018.AC02 role kill switch is versioned, preserves API tools, and does not pause the whole bot (4.2s)
  ok 109 [chromium] › tests\fe018.spec.ts:335:1 › FE018.AC02 expired, wrong-scope, and matching approvals produce honest budget results (2.6s)
  ok 110 [chromium] › tests\fe018.spec.ts:363:1 › FE018.AC05 manager and bot-admin roles cannot use operations outside their canonical permissions (2.8s)
  ok 111 [chromium] › tests\fe018.spec.ts:395:1 › FE018.AC05 unknown role command stays unresolved and does not claim successful resumption (3.2s)
UI004_25_ACCEPTANCE={"total":25,"pageSizes":[20,5],"cursor":"evaluation-10016","oldestRecord":"evaluation-10001","oldestReachable":true,"detailPreservedCursor":true,"browserBackRestoredFirstPage":true,"searchResetCursor":true}
  ok 112 [chromium] › tests\fe018.spec.ts:411:1 › UI004 25 evaluations: cursor pages reach the last record and preserve detail, search, and browser Back state (3.8s)
UI004_105_ACCEPTANCE={"total":105,"pageSizes":[20,20,20,20,20,5],"pagesVisited":6,"cursorRequests":["evaluation-10256","evaluation-10196","evaluation-10136","evaluation-10076","evaluation-10016"],"uniqueRecords":105,"oldestRecord":"evaluation-10001","oldestReachable":true,"failedCursorRetainedForRetry":"evaluation-10196","errorShowsNoFabricatedRows":true,"retrySucceeded":true}
  ok 113 [chromium] › tests\fe018.spec.ts:457:1 › UI004 105 evaluations: cursor traversal reaches every record and retains the failing cursor for retry (8.8s)
  ok 114 [chromium] › tests\fe019.spec.ts:21:1 › FE019.S01 maps integrations and notification routes, actions, schemas, and mock boundaries (14ms)
  ok 115 [chromium] › tests\fe019.spec.ts:70:1 › FE019.AC01 AI secret is write-only, cleared after submit, and absent from stored/read data (2.9s)
  ok 116 [chromium] › tests\fe019.spec.ts:117:1 › FE019.AC01 invalid mock credential is rejected, cleared from the form, and not submitted (1.9s)
  ok 117 [chromium] › tests\fe019.spec.ts:138:1 › FE019.AC02 channel OAuth failure stays on the page and never marks a channel connected (1.3s)
  ok 118 [chromium] › tests\fe019.spec.ts:172:1 › FE019.AC03/04 device, Telegram, and PWA checks stay synthetic and do not request OS permission (3.1s)
  ok 119 [chromium] › tests\fe019.spec.ts:251:1 › FE019.AC05 notification policy validates canonical numeric bounds before sending and acknowledges only allowed work (2.6s)
  ok 120 [chromium] › tests\fe019.spec.ts:273:1 › FE019.A03 notification order link stays within the active shop scope (1.5s)
  ok 121 [chromium] › tests\fe019.spec.ts:282:1 › FE019.A05 reminder policy saves shop-local schedule and quiet hours through the synthetic API (1.5s)
  ok 122 [chromium] › tests\fe019.spec.ts:309:1 › FE027.A02/A07 preparation notification keeps order evidence and separates queued, opened, and acknowledged states (805ms)
  ok 123 [chromium] › tests\fe019.spec.ts:334:1 › FE027.A08 notification settings disclose server-only deduplication and callback safeguards (1.2s)
  ok 124 [chromium] › tests\fe020.spec.ts:43:1 › FE020.AC01 approval detail is fetched and a changed source resource rejects the stale decision (4.0s)
  ok 125 [chromium] › tests\fe020.spec.ts:89:1 › FE020.AC02/03 work-item actions follow allowedActions and operations health stays explicitly synthetic (2.9s)
  ok 126 [chromium] › tests\fe020.spec.ts:140:1 › FE020.AC03 role pause control uses the canonical versioned mock and never claims readiness (1.7s)
  ok 127 [chromium] › tests\fe020.spec.ts:157:1 › FE020.F03 operations exception filter groups overdue, blocked, and unclaimed synthetic work (1.4s)
  ok 128 [chromium] › tests\fe020.spec.ts:178:1 › FE020.F05 purchase delegation is bounded, saved paused, and requires a separate activation decision (4.7s)
  ok 129 [chromium] › tests\fe020.spec.ts:209:1 › FE020.F06/H01 digest and dependency health panels show synthetic history without claiming workers are ready (889ms)
  ok 130 [chromium] › tests\fe020.spec.ts:242:1 › FE027.H08 restore and release readiness stay unknown without a verified rehearsal or deployment gate (1.2s)
  ok 131 [chromium] › tests\fe021.spec.ts:34:1 › FE021 dashboard keeps independent panels usable and hides finance fields without finance.read (1.8s)
  ok 132 [chromium] › tests\fe021.spec.ts:46:1 › FE021 timezone and privacy validation waits for interaction and blocks invalid writes (3.5s)
  ok 133 [chromium] › tests\fe021.spec.ts:82:1 › FE021 approval and shipment work queues appear before sample previews (2.5s)
  ok 134 [chromium] › tests\fe021.spec.ts:104:1 › FE021 marketing filters preserve API-side aggregates, URL context and missing actual spend (4.0s)
  ok 135 [chromium] › tests\fe021.spec.ts:160:1 › FE021 invalid marketing deep links mark the responsible field and never send the invalid range (1.2s)
  ok 136 [chromium] › tests\fe021.spec.ts:174:1 › FE021 export uses inclusive shop-local boundaries, safe CSV, API jobs and cursor pagination (2.9s)
  ok 137 [chromium] › tests\fe021.spec.ts:229:1 › FE021 mock rejects an export when reports.export lacks the source permission (1.2s)
  ok 138 [chromium] › tests\fe021.spec.ts:249:1 › FE021 mock rejects an invalid report timezone before creating an export job (1.3s)
  ok 139 [chromium] › tests\fe021.spec.ts:269:1 › FE021 ambiguous export result preserves the selected dates and never exposes a download (2.3s)
  ok 140 [chromium] › tests\fe021.spec.ts:282:1 › FE021 empty report and marketing payloads render explicit empty states (2.4s)
  ok 141 [chromium] › tests\fe021.spec.ts:301:1 › FE021 stale export conflict preserves dates and never exposes a download (2.2s)
  ok 142 [chromium] › tests\frontend-corrections.spec.ts:18:1 › F01 preserves a customer draft, compares three snapshots, and PATCHes only chosen changes (2.3s)
  ok 143 [chromium] › tests\frontend-corrections.spec.ts:46:1 › F01 requires an explicit choice for a field changed by both editors (1.7s)
  ok 144 [chromium] › tests\frontend-corrections.spec.ts:62:1 › F06 detects an order draft and blocks navigation until explicit discard (1.5s)
  ok 145 [chromium] › tests\frontend-corrections.spec.ts:75:1 › F02 retains an unsaved product image through an unrelated refetch (1.1s)
  ok 146 [chromium] › tests\frontend-corrections.spec.ts:87:1 › F03 retains notification-policy inputs through a background resync and navigation (1.0s)
  ok 147 [chromium] › tests\frontend-corrections.spec.ts:98:1 › F05 keeps text typed while a previous internal note is pending (2.2s)
  ok 148 [chromium] › tests\frontend-corrections.spec.ts:113:1 › F08 validates 4001 customer-note characters at the field and accepts 4000 (1.6s)
  ok 149 [chromium] › tests\frontend-corrections.spec.ts:147:1 › F07 routes the fulfillment footer close through the shared discard guard (1.3s)
  ok 150 [chromium] › tests\frontend-corrections.spec.ts:161:1 › F09 refreshes new Inbox messages without refetching the visible product and stock snapshots (1.5s)
  x  151 [chromium] › tests\frontend-corrections.spec.ts:191:1 › F01 shop settings merges a server-only locale change and preserves edits typed during save (6.1s)
(node:56168) Warning: The 'NO_COLOR' env is ignored due to the 'FORCE_COLOR' env being set.
(Use `node --trace-warnings ...` to show where the warning was created)
  ok 152 [chromium] › tests\frontend-corrections.spec.ts:217:1 › F03 privacy policy preserves refetch drafts and compares before applying the newest version (3.0s)
  ok 153 [chromium] › tests\frontend-corrections.spec.ts:234:1 › F01 category keeps a late edit after saving, and reopens with a clean current baseline (2.8s)
  ok 154 [chromium] › tests\frontend-corrections.spec.ts:255:1 › F01 supplier preserves a concurrent server-only term and PATCHes the local name (1.4s)
  ok 155 [chromium] › tests\frontend-corrections.spec.ts:272:1 › F08 customer update enforces 4000/4001 before HTTP and retains a 422 draft (1.9s)
  ok 156 [chromium] › tests\frontend-corrections.spec.ts:300:1 › F05 keeps mode changes and unknown sends, locks another send, and observes recovery-registry completion (2.4s)
  ok 157 [chromium] › tests\frontend-corrections.spec.ts:326:1 › F01 order editor keeps its original version and compares whole line lists before PATCH (1.8s)
  ok 158 [chromium] › tests\frontend-corrections.spec.ts:348:1 › F06 guards added order rows, shop switch, logout and native reload; successful creation leaves no false guard (13.8s)
  ok 159 [chromium] › tests\frontend-corrections.spec.ts:373:1 › F01 analogous return-inspection draft does not adopt a refetched version without comparison (2.1s)
  ok 160 [chromium] › tests\frontend-corrections.spec.ts:397:1 › F01 comparison supports keyboard choices, server changes again, axe and 320px reflow with long content (2.1s)
  x  161 [chromium] › tests\frontend-corrections.spec.ts:426:1 › F08 privacy bounds reject invalid days and long jurisdiction before HTTP (6.4s)
(node:48136) Warning: The 'NO_COLOR' env is ignored due to the 'FORCE_COLOR' env being set.
(Use `node --trace-warnings ...` to show where the warning was created)
  ok 162 [chromium] › tests\frontend-corrections.spec.ts:451:1 › F06 order custom close respects the draft guard and busy editors remain protected (4.1s)
  ok 163 [chromium] › tests\frontend.spec.ts:41:1 › catalog create uses the HTTP mock and successful save clears the draft guard (2.5s)
  ok 164 [chromium] › tests\frontend.spec.ts:58:1 › dirty drafts block in-app navigation and preserve input until the user decides (2.3s)
  ok 165 [chromium] › tests\frontend.spec.ts:76:1 › all canonical routes render inside the real React demo application (41.3s)
  ok 166 [chromium] › tests\frontend.spec.ts:101:1 › switching shops cancels a delayed request and loads only the new shop scope (5.5s)
  ok 167 [chromium] › tests\frontend.spec.ts:119:1 › role changes remove restricted navigation and the route guard explains denied access (1.2s)
  ok 168 [chromium] › tests\frontend.spec.ts:132:1 › deep links survive browser refresh and logout clears the mock session (2.7s)
  ok 169 [chromium] › tests\frontend.spec.ts:145:1 › logout asks before discarding a draft and retains the session when logout fails (2.1s)
  ok 170 [chromium] › tests\frontend.spec.ts:202:1 › mobile navigation opens, routes, and closes without viewport overflow (1.3s)
  ok 171 [chromium] › tests\frontend.spec.ts:216:1 › chunk loading errors use the route recovery boundary (802ms)
  ok 172 [chromium] › tests\frontend.spec.ts:255:1 › live mode reports an unavailable session API without enabling mock data (325ms)
ROUTE_ROLE_MATRIX_CASES=399 ROLES=7 PRIVATE_ROUTES=57 RESULT=PASS
  ok 173 [chromium] › tests\route-role-matrix.spec.ts:44:1 › route read access matches canonical permissions for every demo role (18.0s)
  ok 174 [chromium] › tests\security.spec.ts:36:1 › untrusted product text renders as text without activating markup (2.2s)
  ok 175 [chromium] › tests\security.spec.ts:54:1 › catalog import rejects a non-CSV file before an upload request (1.3s)
  ok 176 [chromium] › tests\security.spec.ts:72:1 › catalog import rejects files above the demo size limit before upload (1.5s)
  ok 177 [chromium] › tests\security.spec.ts:90:1 › mock uploads require a purpose, enforce its role, and fingerprint file content for retries (1.8s)
VITE_CACHE_ISOLATION=PASS rootA=C:\Users\Joker-PC\AppData\Local\Temp\botsales-vite-cache\ea27c7577456f6009d55\test-demo\playwright-48136-2c7162af-b188-45b6-af85-fc5f125be4b4-parallel-a rootB=C:\Users\Joker-PC\AppData\Local\Temp\botsales-vite-cache\ea27c7577456f6009d55\test-demo\playwright-48136-2c7162af-b188-45b6-af85-fc5f125be4b4-parallel-b otherCheckout=true
  ok 178 [chromium] › tests\session\demo-server-cache-isolation.spec.ts:7:1 › concurrent demo servers use isolated Vite caches and load the React app (2.2s)
  ok 179 [chromium] › tests\session\demo-worker-startup.spec.ts:17:1 › demo conditional module requests return complete exports without changing live or non-asset caching (2.6s)
  ok 180 [chromium] › tests\session\demo-worker-startup.spec.ts:80:1 › demo startup explains the required setup when the browser blocks Service Workers (372ms)
  ok 181 [chromium] › tests\session\session-revocation.spec.ts:20:1 › session.revoked SSE closes the stream and clears the active shop session (2.2s)
  ok 182 [chromium] › tests\session\session-unauthorized.spec.ts:17:1 › expired live session redirects to login and preserves the requested shop route (2.0s)
  ok 183 [chromium] › tests\states\fe023.spec.ts:18:1 › FE023.S04 a dirty dialog keeps the form value until the user confirms discard (2.2s)
  ok 184 [chromium] › tests\states\fe023.spec.ts:36:1 › FE023.S03 a customer lookup loads the next cursor page without dropping earlier choices (2.1s)
  ok 185 [chromium] › tests\states\fe023.spec.ts:77:1 › FE023.S04 delayed requests show loading and failed refresh keeps a retry path (7.3s)
  ok 186 [chromium] › tests\states\fe023.spec.ts:107:1 › FE023 unsaved shop settings are preserved when navigation switches shop scope (2.7s)
  ok 187 [chromium] › tests\states\fe023.spec.ts:125:1 › FE023 a saved shop form resets its dirty baseline and reports success (1.7s)
ROUTE_EMPTY_COMPOSITION_PROGRESS=3/11
ROUTE_EMPTY_COMPOSITION_PROGRESS=6/11
ROUTE_EMPTY_COMPOSITION_PROGRESS=9/11
ROUTE_EMPTY_COMPOSITION=11/11 RESULT=PASS
  ok 188 [chromium] › tests\states\route-empty-composition.spec.ts:29:1 › empty collection responses render accessible empty states on canonical list routes (3.4s)
ROUTE_ERROR_COMPOSITION_PROGRESS=10/57
ROUTE_ERROR_COMPOSITION_PROGRESS=20/57
ROUTE_ERROR_COMPOSITION_PROGRESS=30/57
ROUTE_ERROR_COMPOSITION_PROGRESS=40/57
ROUTE_ERROR_COMPOSITION_PROGRESS=50/57
ROUTE_ERROR_COMPOSITION=57/57 RESULT=PASS
  ok 189 [chromium] › tests\states\route-error-composition.spec.ts:28:1 › every shop route composes the shared API error state with its page content (2.9m)
  ok 190 [chromium] › tests\ui-bot-layout.spec.ts:42:1 › Bot routes R26/R27/R28/R51 fit the supported page-width boundaries (21.8s)
  ok 191 [chromium] › tests\ui-bot-layout.spec.ts:52:1 › Bot config, evaluation, role and budget dialogs stay inside mobile and desktop viewports (14.8s)
  ok 192 [chromium] › tests\ui-catalog-layout.spec.ts:15:1 › catalog R09-R14 keeps shared gutters, inset ownership and dry-run flow at mobile and desktop (14.6s)
  ok 193 [chromium] › tests\ui-catalog-layout.spec.ts:67:1 › Imports review notice and demo controls keep the measured shared disclosure boundary at 806x884 (1.3s)
  ok 194 [chromium] › tests\ui-component-layout.spec.ts:40:1 › A01 order lines keep intrinsic remove actions with clean and invalid quantities (4.9s)
  ok 195 [chromium] › tests\ui-component-layout.spec.ts:61:1 › A02 product editors align category and status faces independently from lookup metadata (9.1s)
  ok 196 [chromium] › tests\ui-component-layout.spec.ts:84:1 › Shared outlined labels focus empty and populated native controls (1.6s)
  ok 197 [chromium] › tests\ui-component-layout.spec.ts:99:1 › A02 variant fields retain readable widths when text doubles (10.7s)
  ok 198 [chromium] › tests\ui-component-layout.spec.ts:130:1 › A03 import mapping preserves natural remove actions and editable mappings (4.1s)
  ok 199 [chromium] › tests\ui-component-layout.spec.ts:150:1 › A04 full precision money wraps outside tables and remains unbroken in the named scroll region (4.4s)
  ok 200 [chromium] › tests\ui-component-layout.spec.ts:176:1 › A05 status height follows its own label while long labels remain fully readable (4.2s)
  ok 201 [chromium] › tests\ui-component-layout.spec.ts:196:1 › A06 Empty wraps unbroken reference text and retains its keyboard action (4.2s)
  ok 202 [chromium] › tests\ui-component-layout.spec.ts:209:1 › A07 canonical order address selection exposes full text and edit lines retain intrinsic actions (9.4s)
  x  203 [chromium] › tests\ui-composition-layout.spec.ts:13:1 › SPC-061/062 shared compositions own their gap and child boundaries on every canonical route (2.1m)
(node:39076) Warning: The 'NO_COLOR' env is ignored due to the 'FORCE_COLOR' env being set.
(Use `node --trace-warnings ...` to show where the warning was created)
  ok 204 [chromium] › tests\ui-composition-positive-ancestry.spec.ts:62:1 › S15 Dashboard conditional content keeps an independently bordered surface inside its Panel owner (3.3s)
  ok 205 [chromium] › tests\ui-composition-positive-ancestry.spec.ts:103:1 › S15 catalog QueryState fragment keeps DataTable and Pager as peer children of one Panel (3.4s)
  ok 206 [chromium] › tests\ui-composition-positive-ancestry.spec.ts:137:1 › S15 Knowledge action group wraps children without losing its shared action owner (3.4s)
  ok 207 [chromium] › tests\ui-consent-management.spec.ts:16:1 › R35 creates a pending challenge from API and shows consent history without local opt-out state (2.8s)
  ok 208 [chromium] › tests\ui-consent-management.spec.ts:36:1 › R61 confirms an opt-out through POST body, removes the token from URL and leaves service messages available (1.3s)
  ok 209 [chromium] › tests\ui-consent-management.spec.ts:74:1 › R61 public confirmation remains keyboard-accessible and reflows at 320px (1.4s)
  ok 210 [chromium] › tests\ui-customers-layout.spec.ts:30:1 › Customers R07/R08/R54 layouts fit the shell at every responsive boundary (17.9s)
  ok 211 [chromium] › tests\ui-customers-layout.spec.ts:59:1 › Customer create and service-case dialogs stay in the viewport without submitting (5.4s)
  ok 212 [chromium] › tests\ui-dashboard-layout.spec.ts:17:1 › Shared consolidation Dashboard primary link respects all eight permission tuples and native anchor interactions (4.1s)
  ok 213 [chromium] › tests\ui-dashboard-layout.spec.ts:69:1 › dashboard hierarchy, CTA targets, and page width hold across supported breakpoints (1.6s)
  ok 214 [chromium] › tests\ui-density-layout.spec.ts:10:1 › density table saves row space while preserving action target and data (4.5s)
  ok 215 [chromium] › tests\ui-density-layout.spec.ts:22:1 › density divided facts list has one row inset and no additional inter-row gap (2.0s)
  ok 216 [chromium] › tests\ui-density-layout.spec.ts:33:1 › density demo disclosure retains state and always shows the synthetic warning (5.5s)
  ok 217 [chromium] › tests\ui-density-layout.spec.ts:48:1 › density operational Panel uses 12px boundary while complex form and reading Panel keep comfortable rhythm (6.1s)
  ok 218 [chromium] › tests\ui-density-layout.spec.ts:60:1 › density simple category editor keeps labels, errors and keyboard reflow usable (8.7s)
  ok 219 [chromium] › tests\ui-finance-layout.spec.ts:30:1 › Finance R20/R21/R22/R48/R49/R50 route layouts retain shell gutter without horizontal overflow from 320–1440px (28.8s)
  ok 220 [chromium] › tests\ui-finance-layout.spec.ts:62:1 › titled Finance Panels keep one 12px header-to-first-content boundary (10.1s)
  ok 221 [chromium] › tests\ui-finance-layout.spec.ts:129:1 › Finance report, entry, journal, reconciliation and period dialogs remain in the viewport without submitting (12.2s)
  ok 222 [chromium] › tests\ui-finance-management.spec.ts:14:1 › C06 opening validates before HTTP and preserves added/removed list drafts through every close guard (3.2s)
  ok 223 [chromium] › tests\ui-finance-management.spec.ts:19:1 › C06 opening UI posts only its reviewed version and reports/ledger drill down to real journal IDs (6.1s)
  ok 224 [chromium] › tests\ui-finance-management.spec.ts:25:1 › C06 opening conflict retains whole lists and reconciles two changing server versions without forced retry (6.6s)
  ok 225 [chromium] › tests\ui-finance-management.spec.ts:31:1 › C06 finance entry validation and refetch conflict keep the saved baseline and draft (2.5s)
  ok 226 [chromium] › tests\ui-finance-management.spec.ts:35:1 › C06 all new financial routes and dialog use keyboard/axe and reflow at required widths (35.2s)
  ok 227 [chromium] › tests\ui-fulfillment-layout.spec.ts:30:1 › Fulfillment R41/R42 preserve shell gutter and contain responsive route layouts from 320-1440px (11.4s)
  ok 228 [chromium] › tests\ui-fulfillment-layout.spec.ts:59:1 › Fulfillment prep, shipment-create, detail and event dialogs fit mobile and desktop without submitting (5.6s)
  ok 229 [chromium] › tests\ui-integrations-layout.spec.ts:40:1 › Integrations routes R29/R30 fit the supported page-width boundaries (11.0s)
  ok 230 [chromium] › tests\ui-integrations-layout.spec.ts:50:1 › R29 disconnect and R30 create/edit credential dialogs stay inside mobile and desktop viewports (9.2s)
  ok 231 [chromium] › tests\ui-inventory-layout.spec.ts:15:1 › Inventory R15/R16 preserve shared gutter and contain table overflow at 320-1440px (12.0s)
  ok 232 [chromium] › tests\ui-inventory-layout.spec.ts:51:1 › Inventory filters reset cursor and preserve other URL state; adjustment validation sends no command (6.2s)
  x  233 [chromium] › tests\ui-knowledge-layout.spec.ts:56:1 › Knowledge routes R23/R24/R25 fit every supported layout boundary (19.1s)
(node:82004) Warning: The 'NO_COLOR' env is ignored due to the 'FORCE_COLOR' env being set.
(Use `node --trace-warnings ...` to show where the warning was created)
  ok 234 [chromium] › tests\ui-knowledge-layout.spec.ts:76:1 › Knowledge create, edit, and feedback-review dialogs remain inside mobile and desktop viewports (12.3s)
  ok 235 [chromium] › tests\ui-master-resources.spec.ts:13:1 › C05 warehouses validate before HTTP, protect drafts and create/update/archive with visible results (4.7s)
  ok 236 [chromium] › tests\ui-master-resources.spec.ts:26:1 › C05 warehouse conflicts keep the draft across two concurrent versions and require explicit reconciliation (2.6s)
  ok 237 [chromium] › tests\ui-master-resources.spec.ts:34:1 › C05 accounts create and protect used fields; journal choices come from the same API lookup (2.5s)
  ok 238 [chromium] › tests\ui-master-resources.spec.ts:40:1 › C05 customer address UI never replays a masked phone and orders load per-customer addresses (3.5s)
  ok 239 [chromium] › tests\ui-master-resources.spec.ts:46:1 › C05 new management routes and address dialog reflow at all required widths with keyboard and axe (23.6s)
  ok 240 [chromium] › tests\ui-master-resources.spec.ts:58:1 › C05 complete customer addresses create/archive through HTTP; masked mandatory fields prevent creation (2.8s)
  ok 241 [chromium] › tests\ui-master-resources.spec.ts:77:1 › C05 an unknown warehouse creation keeps the draft and prevents a second request (1.5s)
  ok 242 [chromium] › tests\ui-notifications-layout.spec.ts:40:1 › R39/R40 Notifications routes fit the supported page-width boundaries (11.4s)
  ok 243 [chromium] › tests\ui-notifications-layout.spec.ts:50:1 › R40 revoke-device confirmation stays inside mobile and desktop viewports (4.6s)
  ok 244 [chromium] › tests\ui-operations-layout.spec.ts:41:1 › R37/R38/R52 Operations routes fit the supported page-width boundaries (16.6s)
  ok 245 [chromium] › tests\ui-operations-layout.spec.ts:51:1 › R52 role-control confirmation stays inside mobile and desktop viewports (4.6s)
  ok 246 [chromium] › tests\ui-orders-layout.spec.ts:15:1 › Orders R17/R18/R19/R43 preserve responsive page geometry at 320-1440px (21.8s)
  ok 247 [chromium] › tests\ui-orders-layout.spec.ts:46:1 › Orders draft, versioned quote, canonical address snapshot and return dialogs keep their behavior without writes (10.3s)
  x  248 [chromium] › tests\ui-panel-layout.spec.ts:15:1 › the titled Fulfillment Panel owns its body inset and keeps one 12px header boundary (4.7s)
(node:45796) Warning: The 'NO_COLOR' env is ignored due to the 'FORCE_COLOR' env being set.
(Use `node --trace-warnings ...` to show where the warning was created)
  ok 249 [chromium] › tests\ui-procurement-layout.spec.ts:38:1 › Procurement R44-R47 preserve shared page gutter and contain responsive tables at 320-1440px (20.9s)
  ok 250 [chromium] › tests\ui-procurement-layout.spec.ts:69:1 › Procurement supplier, offer, rule, purchase and receipt dialogs fit narrow and desktop viewports without writes (12.9s)
  ok 251 [chromium] › tests\ui-query-state-layout.spec.ts:68:5 › S12 R09 QueryState section profile preserves pending and ready layout (9.5s)
  ok 252 [chromium] › tests\ui-query-state-layout.spec.ts:68:5 › S12 R11 QueryState inline profile preserves pending and ready layout (8.6s)
  ok 253 [chromium] › tests\ui-shell-layout.spec.ts:45:1 › Shell keeps header, banner, main and footer on one responsive gutter (1.8s)
  ok 254 [chromium] › tests\ui-shell-layout.spec.ts:106:1 › demo controls stay discoverable on mobile and usable on desktop (632ms)
  ok 255 [chromium] › tests\ui-shell-layout.spec.ts:124:1 › SPC-055/057 demo-control labels keep a clear gap on every Shell route consumer (23.8s)
  ok 256 [chromium] › tests\ui-shell-layout.spec.ts:149:1 › unmatched route fallback owns its page gutter without horizontal overflow (346ms)
  ok 257 [chromium] › tests\ui-toolbar-layout.spec.ts:33:1 › Shared Toolbar and demo tools keep labels clear when text doubles (4.6s)
  ok 258 [chromium] › tests\ui-toolbar-layout.spec.ts:61:1 › Toolbar geometry: multiline category lookup cannot stretch the search button (1.6s)
  ok 259 [chromium] › tests\ui-toolbar-layout.spec.ts:78:1 › Shared consolidation Inbox filters share Toolbar ownership and stay outside search across pane widths (12.5s)
  x  260 [chromium] › tests\ui-toolbar-layout.spec.ts:121:1 › Toolbar affected routes keep intrinsic actions, capability branches and 320px reflow (53.2s)
(node:14004) Warning: The 'NO_COLOR' env is ignored due to the 'FORCE_COLOR' env being set.
(Use `node --trace-warnings ...` to show where the warning was created)
  ok 261 [chromium] › tests\ui-toolbar-layout.spec.ts:146:1 › Toolbar public extra slot cannot stretch a single-line submit action (2.3s)
  ok 262 [chromium] › tests\ui-toolbar-layout.spec.ts:163:1 › Toolbar preserves Products URL filters, search submit, clear and independent category lookup (3.4s)
  ok 263 [chromium] › tests\ui-toolbar-layout.spec.ts:199:1 › Toolbar keeps Inventory apply/reset separate from search submission (5.1s)
  ok 264 [chromium] › tests\ui-toolbar-layout.spec.ts:219:1 › Toolbar category more/busy/error/retry branches preserve search geometry and actual pagination (3.5s)
  ok 265 [chromium] › tests\ui-ux-completion.spec.ts:9:1 › UX01 setup feedback CTA reaches review workflow rather than dynamic knowledge detail (2.3s)
  ok 266 [chromium] › tests\ui-ux-completion.spec.ts:15:1 › UX02 stock warnings describe low/zero stock without implying a server block (1.2s)
  ok 267 [chromium] › tests\ui-ux-completion.spec.ts:22:1 › UX02 inventory receipts and accounting open periods have domain-specific names (1.8s)
  ok 268 [chromium] › tests\ui-ux-completion.spec.ts:31:1 › UX04 onboarding protects the whole draft on leave and reload (11.7s)
  ok 269 [chromium] › tests\ui-ux-completion.spec.ts:52:1 › UX04 acknowledged shop creation leaves without a false dirty warning (1.2s)
  ok 270 [chromium] › tests\ui-ux-completion.spec.ts:60:1 › UX05 product detail returns to committed filters; direct links use the list fallback (2.5s)
  ok 271 [chromium] › tests\ui-ux-completion.spec.ts:70:60 › UX05 customers list returns to its own filter context (2.6s)
  ok 272 [chromium] › tests\ui-ux-completion.spec.ts:70:60 › UX05 orders list returns to its own filter context (2.5s)
  ok 273 [chromium] › tests\ui-ux-completion.spec.ts:70:60 › UX05 knowledge list returns to its own filter context (2.5s)
  ok 274 [chromium] › tests\ui-ux-completion.spec.ts:86:1 › UX03 category, member and AI deletion confirmations name the selected object and consequence (3.4s)
  ok 275 [chromium] › tests\ui-ux-completion.spec.ts:108:1 › UX07 titles and breadcrumb distinguish create/detail/review; menu empty state clears with focus (1.4s)
  ok 276 [chromium] › tests\ui-ux-completion.spec.ts:126:1 › UX10 multi-table pages have distinct business names (2.3s)
  ok 277 [chromium] › tests\ui-ux-completion.spec.ts:136:1 › UX06 AI capability names and states are readable in Vietnamese (1.2s)
  ok 278 [chromium] › tests\ui-ux-completion.spec.ts:143:1 › UX15 detail captions reflow without splitting short words across all required viewports (1.9s)
  ok 279 [chromium] › tests\ui-width-layout.spec.ts:29:1 › W01 AI single connection fills its collection at breakpoint edges and wide viewports (7.4s)
  ok 280 [chromium] › tests\ui-width-layout.spec.ts:42:1 › W01 AI keeps two-column collection for two/three items and refetch preserves the new count (2.3s)
  ok 281 [chromium] › tests\ui-width-layout.spec.ts:63:1 › W01 AI empty result keeps one accessible create action and no empty grid (1.5s)
  ok 282 [chromium] › tests\ui-width-layout.spec.ts:72:35 › W01 workspace collection handles 0 visible shops (5.8s)
  ok 283 [chromium] › tests\ui-width-layout.spec.ts:72:35 › W01 workspace collection handles 1 visible shops (5.7s)
  ok 284 [chromium] › tests\ui-width-layout.spec.ts:72:35 › W01 workspace collection handles 2 visible shops (5.6s)
  x  285 [chromium] › tests\ui-width-layout.spec.ts:72:35 › W01 workspace collection handles 3 visible shops (5.6s)
(node:83676) Warning: The 'NO_COLOR' env is ignored due to the 'FORCE_COLOR' env being set.
(Use `node --trace-warnings ...` to show where the warning was created)
  ok 286 [chromium] › tests\ui-width-layout.spec.ts:104:1 › W02 full-width form groups fill their panel and retain input/mapping/shipping behavior (18.2s)
  ok 287 [chromium] › tests\ui-width-layout.spec.ts:144:1 › W03 notification protection notice occupies the full page row after the two panes (4.3s)
  ok 288 [chromium] › tests\ui-width-layout.spec.ts:163:1 › W04 detail rows stay atomic in divided rhythm and plain containers (4.6s)
  ok 289 [chromium] › tests\ui-workspace-layout.spec.ts:60:1 › workspace routes stay within the supported page-width boundaries (39.8s)
  ok 290 [chromium] › tests\ui-workspace-layout.spec.ts:72:1 › team invite and privacy request dialogs remain usable without submitting (7.8s)
  x  291 [chromium] › tests\ui006-lookups.spec.ts:69:1 › UI006.C05 lookup and table cursors reach records after 150 synthetic suppliers, offers, and orders (18.7s)
(node:6212) Warning: The 'NO_COLOR' env is ignored due to the 'FORCE_COLOR' env being set.
(Use `node --trace-warnings ...` to show where the warning was created)
  ok 292 [chromium] › tests\ui006-lookups.spec.ts:215:1 › UI006.C04 bounded previews disclose their sample and link to full collections (4.3s)
  ok 293 [chromium] › tests\ui006-lookups.spec.ts:232:1 › UI006.C02 selected order identity survives a failed search and cursor retry (2.3s)
  ok 294 [chromium] › tests\ui007-query-states.spec.ts:30:1 › UI007 secondary order query loads independently while the customer profile remains available (2.9s)
  ok 295 [chromium] › tests\ui007-query-states.spec.ts:60:1 › UI007 order query 503 is isolated from the primary customer query and retries only that query (3.0s)
  ok 296 [chromium] › tests\ui007-query-states.spec.ts:94:1 › UI007 forbidden order query is an access state and a successful empty query is distinct (1.8s)
  ok 297 [chromium] › tests\ui007-query-states.spec.ts:114:1 › UI007 supplier and offer failures keep purchase suggestions visible and have operation-specific recovery (3.0s)
  ok 298 [chromium] › tests\ui007-query-states.spec.ts:150:1 › UI007 auto-send budget query is lazy, permission-aware, and blocks an unverified budget (1.9s)
  ok 299 [chromium] › tests\ui008-integration-empty.spec.ts:57:1 › UI008 R29 successful empty collection exposes an accessible state and one permission-guarded connect CTA (1.4s)
  ok 300 [chromium] › tests\ui008-integration-empty.spec.ts:75:1 › UI008 R29 read-only bot_admin sees the empty state without a manage action (1.4s)
  ok 301 [chromium] › tests\ui008-integration-empty.spec.ts:90:1 › UI008 R29 pending channel query stays loading until its response arrives (1.7s)
  ok 302 [chromium] › tests\ui008-integration-empty.spec.ts:108:1 › UI008 R29 forbidden channel query is not presented as empty or retryable (765ms)
  ok 303 [chromium] › tests\ui008-integration-empty.spec.ts:122:1 › UI008 R29 503 remains an error and recovers through its retry control (2.1s)
  ok 304 [chromium] › tests\ui008-integration-empty.spec.ts:143:1 › UI008 R30 successful empty AI connection cards show a first-use state and one add CTA (826ms)
  ok 305 [chromium] › tests\ui008-integration-empty.spec.ts:161:1 › UI008 R30 read-only bot_admin sees the empty state without an add action (1.3s)
  ok 306 [chromium] › tests\ui009-scope-regression.spec.ts:23:1 › UI009 delayed customer orders from the previous shop cannot leak into the new shop profile (3.7s)
  ok 307 [chromium] › tests\ui010-dialog-draft.spec.ts:15:1 › UI010 a discarded confirmation reason is cleared before the dialog opens again (3.0s)
  ok 308 [chromium] › tests\ui011-date-time.spec.ts:16:1 › UI011 report defaults use the active shop calendar month at a UTC month boundary (1.9s)
  ok 309 [chromium] › tests\ui011-date-time.spec.ts:29:1 › UI011 journal effective date defaults to the active shop calendar date (1.4s)
  ok 310 [chromium] › tests\ui011-date-time.spec.ts:41:1 › UI011 shipment event input and API instant use the shop timezone, not browser timezone (1.6s)
  ok 311 [chromium] › tests\ui012-keyboard.spec.ts:42:1 › UI012 keyboard-only finance edit handles select, discard warning and focus return (2.4s)
  ok 312 [chromium] › tests\ui012-keyboard.spec.ts:103:1 › UI012 keyboard validation focuses the field named by a synthetic 422 response (3.0s)
  ok 313 [chromium] › tests\ui012-keyboard.spec.ts:160:1 › UI012 keyboard activates the CSV chooser and discards its selected file without upload (1.8s)
  ok 314 [chromium] › tests\ui012-keyboard.spec.ts:200:1 › UI012 keyboard can reach and horizontally scroll the marketing chart data alternative (1.7s)
  ok 315 [chromium] › tests\ui012-keyboard.spec.ts:227:1 › UI012 marketing chart keeps every category label visible beside its data table (2.5s)
  ok 316 [chromium] › tests\ui012-keyboard.spec.ts:268:1 › UI012 inbox feedback actions identify their message and return focus after Escape (2.6s)
  ok 317 [chromium] › tests\ui012-keyboard.spec.ts:301:1 › UI012 order draft does not announce an untouched required customer as invalid (1.2s)
  ok 318 [chromium] › tests\ui012-keyboard.spec.ts:314:1 › UI012 human-confirmation policy copy wraps inside its alert at a 320 CSS-pixel viewport (1.2s)
  ok 319 [chromium] › tests\ui012-keyboard.spec.ts:348:1 › UI012 dashboard CTA separates hover and pressed feedback while keeping keyboard focus visible (3.3s)
  ok 320 [chromium] › tests\ui013-url-state.spec.ts:19:1 › UI013 reconciliation tab deep links and survives refresh; malformed tab safely falls back (4.6s)
  ok 321 [chromium] › tests\ui013-url-state.spec.ts:39:1 › UI013 finance date range deep link, edit, refresh and Back use shop-local filter state (3.1s)
  ok 322 [chromium] › tests\ui013-url-state.spec.ts:70:1 › UI013 report type and export date filters are deep-linkable, refreshable and malformed values fall back safely (3.9s)
  ok 323 [chromium] › tests\ui021-permission-edge.spec.ts:4:1 › privacy page keeps the customers link when the destination permission is present (2.4s)
  ok 324 [chromium] › tests\ui021-permission-edge.spec.ts:19:1 › privacy page hides the customers link when the destination permission is missing (2.6s)
  ok 325 [chromium] › tests\ui028-w24-inbox-layout.spec.ts:15:1 › UI028.W24 Inbox spacing roles remain consistent across breakpoints without losing draft state (7.1s)
  x  326 [chromium] › tests\ui028-w25-reports-layout.spec.ts:16:1 › UI028.W25 Reports semantic spacing stays stable at mobile, tablet and desktop widths (13.5s)
(node:80280) Warning: The 'NO_COLOR' env is ignored due to the 'FORCE_COLOR' env being set.
(Use `node --trace-warnings ...` to show where the warning was created)
  ok 327 [chromium] › tests\ui028-w25-reports-layout.spec.ts:114:1 › UI028.W25 authorized report download link retains its 44px hit target (3.2s)
[w28-route-geometry] {"browser":"chromium","width":390,"routes":61,"issues":0,"pageErrors":0,"evidence":"evidence\\frontend-ui-improvements\\UI028\\W28\\route-geometry-chromium-390-current-density-1791573371392-56020.json"}
  ok 328 [chromium] › tests\ui028-w28-routes.spec.ts:47:5 › UI028.W28 61 canonical routes render with measured 390px layout geometry (1.1m)
  x  329 [chromium] › tests\ui028-w28-routes.spec.ts:47:5 › UI028.W28 61 canonical routes render with measured 1440px layout geometry (41.1s)
(node:18816) Warning: The 'NO_COLOR' env is ignored due to the 'FORCE_COLOR' env being set.
(Use `node --trace-warnings ...` to show where the warning was created)
[w29-responsive-profile] {"browser":"chromium","width":320,"profiles":7,"issues":0,"pageErrors":0,"evidence":"evidence\\frontend-ui-improvements\\UI028\\W29\\responsive-profile-chromium-320-current-density-1791573371392-56020.json"}
  ok 330 [chromium] › tests\ui028-w29-reflow.spec.ts:30:5 › UI028.W29 320px reflow retains representative actions and contains overflow (8.9s)
[w29-responsive-profile] {"browser":"chromium","width":390,"profiles":7,"issues":0,"pageErrors":0,"evidence":"evidence\\frontend-ui-improvements\\UI028\\W29\\responsive-profile-chromium-390-current-density-1791573371392-56020.json"}
  ok 331 [chromium] › tests\ui028-w29-reflow.spec.ts:30:5 › UI028.W29 390px reflow retains representative actions and contains overflow (7.9s)
[w29-responsive-profile] {"browser":"chromium","width":767,"profiles":7,"issues":0,"pageErrors":0,"evidence":"evidence\\frontend-ui-improvements\\UI028\\W29\\responsive-profile-chromium-767-current-density-1791573371392-56020.json"}
  ok 332 [chromium] › tests\ui028-w29-reflow.spec.ts:30:5 › UI028.W29 767px reflow retains representative actions and contains overflow (7.9s)
[w29-responsive-profile] {"browser":"chromium","width":768,"profiles":7,"issues":0,"pageErrors":0,"evidence":"evidence\\frontend-ui-improvements\\UI028\\W29\\responsive-profile-chromium-768-current-density-1791573371392-56020.json"}
  ok 333 [chromium] › tests\ui028-w29-reflow.spec.ts:30:5 › UI028.W29 768px reflow retains representative actions and contains overflow (8.0s)
[w29-responsive-profile] {"browser":"chromium","width":1024,"profiles":7,"issues":0,"pageErrors":0,"evidence":"evidence\\frontend-ui-improvements\\UI028\\W29\\responsive-profile-chromium-1024-current-density-1791573371392-56020.json"}
  ok 334 [chromium] › tests\ui028-w29-reflow.spec.ts:30:5 › UI028.W29 1024px reflow retains representative actions and contains overflow (7.9s)
[w29-responsive-profile] {"browser":"chromium","width":1279,"profiles":7,"issues":0,"pageErrors":0,"evidence":"evidence\\frontend-ui-improvements\\UI028\\W29\\responsive-profile-chromium-1279-current-density-1791573371392-56020.json"}
  ok 335 [chromium] › tests\ui028-w29-reflow.spec.ts:30:5 › UI028.W29 1279px reflow retains representative actions and contains overflow (7.9s)
[w29-responsive-profile] {"browser":"chromium","width":1280,"profiles":7,"issues":0,"pageErrors":0,"evidence":"evidence\\frontend-ui-improvements\\UI028\\W29\\responsive-profile-chromium-1280-current-density-1791573371392-56020.json"}
  ok 336 [chromium] › tests\ui028-w29-reflow.spec.ts:30:5 › UI028.W29 1280px reflow retains representative actions and contains overflow (6.6s)
[w29-responsive-profile] {"browser":"chromium","width":1440,"profiles":7,"issues":0,"pageErrors":0,"evidence":"evidence\\frontend-ui-improvements\\UI028\\W29\\responsive-profile-chromium-1440-current-density-1791573371392-56020.json"}
  ok 337 [chromium] › tests\ui028-w29-reflow.spec.ts:30:5 › UI028.W29 1440px reflow retains representative actions and contains overflow (6.2s)
[w29-responsive-profile] {"browser":"chromium","width":1920,"profiles":7,"issues":0,"pageErrors":0,"evidence":"evidence\\frontend-ui-improvements\\UI028\\W29\\responsive-profile-chromium-1920-current-density-1791573371392-56020.json"}
  ok 338 [chromium] › tests\ui028-w29-reflow.spec.ts:30:5 › UI028.W29 1920px reflow retains representative actions and contains overflow (6.1s)
[w30-stress] {"browser":"chromium","scenario":"form-error-short","viewport":{"width":320,"height":480},"scaledTextElements":55,"issues":0,"pageErrors":0,"evidence":"evidence\\frontend-ui-improvements\\UI028\\W30\\stress-chromium-form-error-short-current-density-1791573371392-56020.json"}
  ok 339 [chromium] › tests\ui028-w30-stress.spec.ts:75:5 › UI028.W30 form-error-short: 200% text and spacing stress at 320x480 (1.9s)
[w30-stress] {"browser":"chromium","scenario":"mobile-menu-long-label","viewport":{"width":390,"height":560},"scaledTextElements":148,"issues":0,"pageErrors":0,"evidence":"evidence\\frontend-ui-improvements\\UI028\\W30\\stress-chromium-mobile-menu-long-label-current-density-1791573371392-56020.json"}
  ok 340 [chromium] › tests\ui028-w30-stress.spec.ts:75:5 › UI028.W30 mobile-menu-long-label: 200% text and spacing stress at 390x560 (1.7s)
[w30-stress] {"browser":"chromium","scenario":"report-long-id","viewport":{"width":640,"height":450},"scaledTextElements":249,"issues":0,"pageErrors":0,"evidence":"evidence\\frontend-ui-improvements\\UI028\\W30\\stress-chromium-report-long-id-current-density-1791573371392-56020.json"}
  ok 341 [chromium] › tests\ui028-w30-stress.spec.ts:75:5 › UI028.W30 report-long-id: 200% text and spacing stress at 640x450 (1.3s)
[w30-stress] {"browser":"chromium","scenario":"inbox-long-composer","viewport":{"width":390,"height":560},"scaledTextElements":71,"issues":0,"pageErrors":0,"evidence":"evidence\\frontend-ui-improvements\\UI028\\W30\\stress-chromium-inbox-long-composer-current-density-1791573371392-56020.json"}
  ok 342 [chromium] › tests\ui028-w30-stress.spec.ts:75:5 › UI028.W30 inbox-long-composer: 200% text and spacing stress at 390x560 (1.3s)
[w30-stress] {"browser":"chromium","scenario":"dialog-long-reason","viewport":{"width":320,"height":480},"scaledTextElements":80,"issues":0,"pageErrors":0,"evidence":"evidence\\frontend-ui-improvements\\UI028\\W30\\stress-chromium-dialog-long-reason-current-density-1791573371392-56020.json"}
  ok 343 [chromium] › tests\ui028-w30-stress.spec.ts:75:5 › UI028.W30 dialog-long-reason: 200% text and spacing stress at 320x480 (1.4s)
  ok 344 [chromium] › tests\vertical-slices\fe022-flows.spec.ts:38:1 › FE022.VS01 catalog → stock → order → prep keeps product, reservation, and order references linked (3.4s)
  x  345 [chromium] › tests\vertical-slices\fe022-flows.spec.ts:92:1 › FE022.VS02 procurement → approval → receipt → stock and payable preserves the purchase identity (6.0s)
(node:16144) Warning: The 'NO_COLOR' env is ignored due to the 'FORCE_COLOR' env being set.
(Use `node --trace-warnings ...` to show where the warning was created)
  x  346 [chromium] › tests\vertical-slices\fe022-flows.spec.ts:168:1 › FE022.VS03 finance → reconciliation retains bank transaction and partial debt allocation (3.0m)
(node:78036) Warning: The 'NO_COLOR' env is ignored due to the 'FORCE_COLOR' env being set.
(Use `node --trace-warnings ...` to show where the warning was created)
  ok 347 [chromium] › tests\vertical-slices\fe022-flows.spec.ts:204:1 › FE022.VS04 inbox → knowledge draft → bot evaluation preserves feedback and revision source IDs (4.1s)
  x  348 [chromium] › tests\vertical-slices\fe022-flows.spec.ts:246:1 › FE022.S05 route and feature matrix covers canonical IDs with executed cases or explicit frontend gaps (5ms)
(node:46208) Warning: The 'NO_COLOR' env is ignored due to the 'FORCE_COLOR' env being set.
(Use `node --trace-warnings ...` to show where the warning was created)
  x  349 [firefox] › tests\accessibility\routes.spec.ts:17:1 › all canonical routes pass whole-page WCAG 2.1 A/AA axe checks in the React demo (12.9s)
(node:64380) Warning: The 'NO_COLOR' env is ignored due to the 'FORCE_COLOR' env being set.
(Use `node --trace-warnings ...` to show where the warning was created)
  ok 350 [firefox] › tests\accessibility\routes.spec.ts:84:1 › contained action buttons do not animate between contrasting enabled and disabled color pairs (3.0s)
  x  351 [firefox] › tests\artifacts\demo-preview.spec.ts:40:1 › the built demo artifact serves the React UI and synthetic API through preview (15.1s)
(node:85836) Warning: The 'NO_COLOR' env is ignored due to the 'FORCE_COLOR' env being set.
(Use `node --trace-warnings ...` to show where the warning was created)
  x  352 [firefox] › tests\artifacts\demo-preview.spec.ts:104:1 › a thousand synthetic customers remain API-paginated in the built demo artifact (2.4s)
(node:67068) Warning: The 'NO_COLOR' env is ignored due to the 'FORCE_COLOR' env being set.
(Use `node --trace-warnings ...` to show where the warning was created)
  ok 353 [firefox] › tests\artifacts\demo-preview.spec.ts:143:1 › the production artifact contains neither the mock worker asset nor MSW fixtures/runtime (12ms)
  x  354 [firefox] › tests\fe009.spec.ts:37:1 › workspace onboarding creates a shop with an active membership and returns to its scoped route (6.1s)
(node:11244) Warning: The 'NO_COLOR' env is ignored due to the 'FORCE_COLOR' env being set.
(Use `node --trace-warnings ...` to show where the warning was created)
  x  355 [firefox] › tests\fe009.spec.ts:59:1 › customer create validates fields, submits through mock HTTP, and preserves edits after a stale version (2.6s)
(node:42020) Warning: The 'NO_COLOR' env is ignored due to the 'FORCE_COLOR' env being set.
(Use `node --trace-warnings ...` to show where the warning was created)
  x  356 [firefox] › tests\fe009.spec.ts:127:1 › customer detail keeps redacted contact fields read-only and does not overwrite them on save (2.6s)
(node:51116) Warning: The 'NO_COLOR' env is ignored due to the 'FORCE_COLOR' env being set.
(Use `node --trace-warnings ...` to show where the warning was created)
  x  357 [firefox] › tests\fe009.spec.ts:144:1 › job detail follows an export created in the current synthetic shop and can refetch it (2.6s)
(node:77864) Warning: The 'NO_COLOR' env is ignored due to the 'FORCE_COLOR' env being set.
(Use `node --trace-warnings ...` to show where the warning was created)
  x  358 [firefox] › tests\fe009.spec.ts:179:1 › FE009.G01 shop setup checklist guides to supported pages and leaves missing contract fields unverified (3.7s)
(node:36776) Warning: The 'NO_COLOR' env is ignored due to the 'FORCE_COLOR' env being set.
(Use `node --trace-warnings ...` to show where the warning was created)
  x  359 [firefox] › tests\fe009.spec.ts:192:1 › FE009.G05 consent management persists challenges without granting consent before customer action (3.0m)
(node:60572) Warning: The 'NO_COLOR' env is ignored due to the 'FORCE_COLOR' env being set.
(Use `node --trace-warnings ...` to show where the warning was created)
  ok 360 [firefox] › tests\fe009.spec.ts:202:1 › FE009.H06 audit screen distinguishes available fields from missing contract detail (3.4s)
  x  361 [firefox] › tests\fe009.spec.ts:211:1 › FE009.B06 after-sale cases only link orders loaded for the selected customer and customer profile shows their shipment (5.6s)
(node:36112) Warning: The 'NO_COLOR' env is ignored due to the 'FORCE_COLOR' env being set.
(Use `node --trace-warnings ...` to show where the warning was created)
  x  362 [firefox] › tests\fe009.spec.ts:243:1 › team invitation and membership revoke stay shop-scoped and protect the active owner (6.0s)
(node:18448) Warning: The 'NO_COLOR' env is ignored due to the 'FORCE_COLOR' env being set.
(Use `node --trace-warnings ...` to show where the warning was created)
  x  363 [firefox] › tests\fe009.spec.ts:279:1 › privacy delete requests remain pending approval with no frontend step-up shortcut (2.6s)
(node:45876) Warning: The 'NO_COLOR' env is ignored due to the 'FORCE_COLOR' env being set.
(Use `node --trace-warnings ...` to show where the warning was created)
  x  364 [firefox] › tests\fe010.spec.ts:40:1 › product editor validates positive prices, protects image-only drafts, and saves variant payload through mock HTTP (2.6s)
(node:74552) Warning: The 'NO_COLOR' env is ignored due to the 'FORCE_COLOR' env being set.
(Use `node --trace-warnings ...` to show where the warning was created)
  x  365 [firefox] › tests\fe010.spec.ts:110:1 › product update sends If-Match and keeps edits visible after a 412 conflict (2.6s)
(node:74452) Warning: The 'NO_COLOR' env is ignored due to the 'FORCE_COLOR' env being set.
(Use `node --trace-warnings ...` to show where the warning was created)
  x  366 [firefox] › tests\fe010.spec.ts:142:1 › warehouse role can read catalog products but cannot edit product fields or price cost data (2.9s)
(node:64624) Warning: The 'NO_COLOR' env is ignored due to the 'FORCE_COLOR' env being set.
(Use `node --trace-warnings ...` to show where the warning was created)
  x  367 [firefox] › tests\fe010.spec.ts:151:1 › categories create, search, update with a version, and render cursor pagination (2.6s)
(node:33268) Warning: The 'NO_COLOR' env is ignored due to the 'FORCE_COLOR' env being set.
(Use `node --trace-warnings ...` to show where the warning was created)
  x  368 [firefox] › tests\fe010.spec.ts:180:1 › CSV preview reports row-level errors and commits only valid product rows (2.6s)
(node:30164) Warning: The 'NO_COLOR' env is ignored due to the 'FORCE_COLOR' env being set.
(Use `node --trace-warnings ...` to show where the warning was created)
  x  369 [firefox] › tests\fe010.spec.ts:252:1 › import validation token is rejected with 412 after catalog changes and the preview remains visible (2.6s)
(node:82392) Warning: The 'NO_COLOR' env is ignored due to the 'FORCE_COLOR' env being set.
(Use `node --trace-warnings ...` to show where the warning was created)
  x  370 [firefox] › tests\fe010.spec.ts:284:1 › CSV demo row limit is explained and rejects more than 1000 data rows before preview (2.6s)
(node:78796) Warning: The 'NO_COLOR' env is ignored due to the 'FORCE_COLOR' env being set.
(Use `node --trace-warnings ...` to show where the warning was created)
  x  371 [firefox] › tests\fe010.spec.ts:297:1 › demo upload rejects files over 5 MB before making an upload request (3.7s)
(node:34948) Warning: The 'NO_COLOR' env is ignored due to the 'FORCE_COLOR' env being set.
(Use `node --trace-warnings ...` to show where the warning was created)
  x  372 [firefox] › tests\fe010.spec.ts:308:1 › product category lookup pages the full collection and preserves the selected category while editing (2.6s)
(node:75468) Warning: The 'NO_COLOR' env is ignored due to the 'FORCE_COLOR' env being set.
(Use `node --trace-warnings ...` to show where the warning was created)
  x  373 [firefox] › tests\fe011.spec.ts:37:1 › FE011.AC01 snapshot drives stock totals and the SKU opens its catalog result (2.6s)
(node:83784) Warning: The 'NO_COLOR' env is ignored due to the 'FORCE_COLOR' env being set.
(Use `node --trace-warnings ...` to show where the warning was created)
  x  374 [firefox] › tests\fe011.spec.ts:56:1 › FE011.AC02 adjustment validates, waits for mock confirmation, and reconciles movement history once (2.6s)
(node:92088) Warning: The 'NO_COLOR' env is ignored due to the 'FORCE_COLOR' env being set.
(Use `node --trace-warnings ...` to show where the warning was created)
[BABEL] Note: The code generator has deoptimised the styling of C:\Users\Joker-PC\AppData\Local\Temp\botsales-vite-cache\ea27c7577456f6009d55\playwright-webserver\playwright-19896-d37fc82a-0d16-43de-afb0-f6adbafaf633\deps\react-dom_client.js?v=e09f6f40 as it exceeds the max of 500KB.
  x  375 [firefox] › tests\fe011.spec.ts:95:1 › FE011.AC03 conflict and insufficient stock preserve the draft and never update optimistically (2.5s)
(node:86272) Warning: The 'NO_COLOR' env is ignored due to the 'FORCE_COLOR' env being set.
(Use `node --trace-warnings ...` to show where the warning was created)
  ok 376 [firefox] › tests\fe011.spec.ts:125:1 › FE011.AC03 forbidden adjustment retains user input and shows no success state (3.4s)
  ok 377 [firefox] › tests\fe011.spec.ts:141:1 › FE011.AC03 unknown command blocks duplicate submission until shared recovery reconciles it (2.8s)
  ok 378 [firefox] › tests\fe011.spec.ts:159:1 › FE011.AC04 movement contract filters are URL-backed and history exposes actor and permission-gated source (2.2s)
  x  379 [firefox] › tests\fe011.spec.ts:187:1 › FE011.AC05 inventory reflows at mobile widths, passes axe, and restores keyboard focus after adjustment dialog (2.6s)
(node:42792) Warning: The 'NO_COLOR' env is ignored due to the 'FORCE_COLOR' env being set.
(Use `node --trace-warnings ...` to show where the warning was created)
  ok 380 [firefox] › tests\fe011.spec.ts:210:1 › FE011.AC03 unknown shop scope shows no stock from another shop (1.4s)
  x  381 [firefox] › tests\fe012.spec.ts:37:1 › FE012.AC01 searchable customer and product pickers submit contract-shaped draft and reject fractional quantity (5.0s)
(node:43756) Warning: The 'NO_COLOR' env is ignored due to the 'FORCE_COLOR' env being set.
(Use `node --trace-warnings ...` to show where the warning was created)
  x  382 [firefox] › tests\fe012.spec.ts:95:1 › FE012 canonical customer address choice completes the mock order flow with a versioned snapshot (6.1s)
(node:47772) Warning: The 'NO_COLOR' env is ignored due to the 'FORCE_COLOR' env being set.
(Use `node --trace-warnings ...` to show where the warning was created)
  x  383 [firefox] › tests\fe012.spec.ts:124:1 › FE012.AC01 editing lines invalidates quote and customer consent; a new quote is required before confirmation (2.6s)
(node:68244) Warning: The 'NO_COLOR' env is ignored due to the 'FORCE_COLOR' env being set.
(Use `node --trace-warnings ...` to show where the warning was created)
  x  384 [firefox] › tests\fe012.spec.ts:184:1 › FE012.AC03 mock stale-version 412 preserves draft fields and does not show success (2.6s)
(node:34796) Warning: The 'NO_COLOR' env is ignored due to the 'FORCE_COLOR' env being set.
(Use `node --trace-warnings ...` to show where the warning was created)
  x  385 [firefox] › tests\fe012.spec.ts:201:1 › FE012.AC03 offline state blocks quote mutation while retaining the loaded draft (2.6s)
(node:80544) Warning: The 'NO_COLOR' env is ignored due to the 'FORCE_COLOR' env being set.
(Use `node --trace-warnings ...` to show where the warning was created)
  x  386 [firefox] › tests\fe012.spec.ts:213:1 › FE012.AC03 unknown confirm outcome blocks duplicate writes until shared command recovery is available (2.6s)
(node:31200) Warning: The 'NO_COLOR' env is ignored due to the 'FORCE_COLOR' env being set.
(Use `node --trace-warnings ...` to show where the warning was created)
  x  387 [firefox] › tests\fe012.spec.ts:259:1 › FE012.AC03 quote and customer confirmation expiration disable confirmation using API time (2.6s)
(node:20652) Warning: The 'NO_COLOR' env is ignored due to the 'FORCE_COLOR' env being set.
(Use `node --trace-warnings ...` to show where the warning was created)
  x  388 [firefox] › tests\fe012.spec.ts:279:1 › FE012.AC03 returns reject fractional/over-original quantities locally and preserve data on cumulative mock rejection (2.6s)
(node:63856) Warning: The 'NO_COLOR' env is ignored due to the 'FORCE_COLOR' env being set.
(Use `node --trace-warnings ...` to show where the warning was created)
  x  389 [firefox] › tests\fe012.spec.ts:303:1 › FE012.AC04 return inspection loads the current case and applies accepted partial quantity to mock stock and refund (2.5s)
(node:95900) Warning: The 'NO_COLOR' env is ignored due to the 'FORCE_COLOR' env being set.
(Use `node --trace-warnings ...` to show where the warning was created)
  x  390 [firefox] › tests\fe012.spec.ts:356:1 › FE012.AC03 handed-over order routes to returns and exposes no ordinary cancel action (2.6s)
(node:54728) Warning: The 'NO_COLOR' env is ignored due to the 'FORCE_COLOR' env being set.
(Use `node --trace-warnings ...` to show where the warning was created)
  x  391 [firefox] › tests\fe012.spec.ts:363:1 › FE012.AC05 order drafting remains usable without horizontal page overflow and passes focused axe checks (2.6s)
(node:27708) Warning: The 'NO_COLOR' env is ignored due to the 'FORCE_COLOR' env being set.
(Use `node --trace-warnings ...` to show where the warning was created)
  x  392 [firefox] › tests\fe013.spec.ts:42:1 › FE013.C04 shipping preview distinguishes missing address, unserviceable zone, and expired mock quote (2.6s)
(node:96040) Warning: The 'NO_COLOR' env is ignored due to the 'FORCE_COLOR' env being set.
(Use `node --trace-warnings ...` to show where the warning was created)
  x  393 [firefox] › tests\fe013.spec.ts:68:1 › FE013.AC01–AC04 stale claim conflict is visible; pick, pack, dispatch and delivery use current API versions once (2.6s)
(node:97128) Warning: The 'NO_COLOR' env is ignored due to the 'FORCE_COLOR' env being set.
(Use `node --trace-warnings ...` to show where the warning was created)
  x  394 [firefox] › tests\fe013.spec.ts:207:1 › FE013.AC03 unknown handover cannot be repeated before command reconciliation (2.9s)
(node:30640) Warning: The 'NO_COLOR' env is ignored due to the 'FORCE_COLOR' env being set.
(Use `node --trace-warnings ...` to show where the warning was created)
  x  395 [firefox] › tests\fe013.spec.ts:254:1 › FE013.AC01 role scope and FE013.AC05 responsive shipment/preparation views remain accessible (2.6s)
(node:24596) Warning: The 'NO_COLOR' env is ignored due to the 'FORCE_COLOR' env being set.
(Use `node --trace-warnings ...` to show where the warning was created)
  x  396 [firefox] › tests\fe014.spec.ts:27:1 › FE014.AC01 multi-line purchase validates MOQ/pack size and binds approval to the created intent (6.1s)
(node:36500) Warning: The 'NO_COLOR' env is ignored due to the 'FORCE_COLOR' env being set.
(Use `node --trace-warnings ...` to show where the warning was created)
  x  397 [firefox] › tests\fe014.spec.ts:79:1 › FE027.D02 supplier workspace edits the selected contact through its current version and displays MOQ offers (2.7s)
(node:35060) Warning: The 'NO_COLOR' env is ignored due to the 'FORCE_COLOR' env being set.
(Use `node --trace-warnings ...` to show where the warning was created)
  x  398 [firefox] › tests\fe014.spec.ts:97:1 › FE014.AC02 approval covers the exact purchase intent; unknown send is blocked from blind retry (0ms)
  -  399 [firefox] › tests\fe014.spec.ts:156:1 › FE014.S03 auto-send requires an active matching purchase delegation
  -  400 [firefox] › tests\fe014.spec.ts:170:1 › FE014.S04 owner manages a paused purchase delegation only after rechecking the buyer role
  -  401 [firefox] › tests\fe014.spec.ts:217:1 › FE014.S03 manager without procurement.receive cannot open receipt actions
  -  402 [firefox] › tests\fe014.spec.ts:237:1 › FE014.AC03 partial receipt posts only accepted units to synthetic stock and payable once
  -  403 [firefox] › tests\fe014.spec.ts:308:1 › FE014.D03/D04/D07 replenishment uses min-max rules, labels forecast limits, and blocks duplicate proposals
(node:73104) Warning: The 'NO_COLOR' env is ignored due to the 'FORCE_COLOR' env being set.
(Use `node --trace-warnings ...` to show where the warning was created)
  x  404 [firefox] › tests\fe015.spec.ts:56:1 › FE015.AC01 report filters use exact timezone boundaries and mock API aggregates (0ms)
  -  405 [firefox] › tests\fe015.spec.ts:106:1 › FE021.E08 report explanation is mock-only, cites the filtered P&L snapshot, and never writes finance data
  -  406 [firefox] › tests\fe015.spec.ts:127:1 › UI003 report timestamps follow the active shop timezone
  -  407 [firefox] › tests\fe015.spec.ts:184:1 › FE015.E02/E03 profit report renders canonical cost, gross-profit and operating-expense values
  -  408 [firefox] › tests\fe015.spec.ts:212:1 › FE015.AC02 journal rejects unbalanced decimal lines before POST and sends exact money strings
  -  409 [firefox] › tests\fe015.spec.ts:247:1 › FE015.AC02 closed accounting period is visible and disables journal draft creation
  -  410 [firefox] › tests\fe015.spec.ts:271:1 › FE015.AC03 CSV import keeps partial row failures visible and deduplicates external transactions
  -  411 [firefox] › tests\fe015.spec.ts:294:1 › UI001 reconciliation cursors stay scoped and dialogs load choices beyond the visible table page
  -  412 [firefox] › tests\fe015.spec.ts:421:1 › FE015.AC03 COD settlement matches net remittance plus documented fee
  -  413 [firefox] › tests\fe015.spec.ts:456:1 › FE015.AC03 partial bank allocation leaves the remaining amount and debt visible
  -  414 [firefox] › tests\fe015.spec.ts:482:1 › FE015.AC03 unknown journal posting is not resent from the same draft
(node:71480) Warning: The 'NO_COLOR' env is ignored due to the 'FORCE_COLOR' env being set.
(Use `node --trace-warnings ...` to show where the warning was created)
  x  415 [firefox] › tests\fe016.spec.ts:70:1 › UI015 mobile demo tools disclose by keyboard and inbox stays within narrow viewports (0ms)
  -  416 [firefox] › tests\fe016.spec.ts:103:1 › FE016 conversation keeps its composer visible while long demo context scrolls independently
  -  417 [firefox] › tests\fe016.spec.ts:210:1 › FE016.AC01 inbox filters call canonical query fields and remain bookmarked through conversation details
  -  418 [firefox] › tests\fe016.spec.ts:238:1 › Shared consolidation Inbox preserves selected filters and composer draft through metadata pending error empty and recovery
  -  419 [firefox] › tests\fe016.spec.ts:298:1 › FE016.AC01 list cursor is isolated from message cursor and restored on back navigation
  -  420 [firefox] › tests\fe016.spec.ts:317:1 › UI002 inbox list and message cursors stay independent through paging, conversation switch and shop change
  -  421 [firefox] › tests\fe016.spec.ts:406:1 › UI002 mobile keeps the list page while messages page and Back restores it
  -  422 [firefox] › tests\fe016.spec.ts:450:1 › UI002 Inbox search resets only the list cursor while a message page is open
  -  423 [firefox] › tests\fe016.spec.ts:507:1 › UI002 deep link, refresh and mobile Back preserve their own cursors
  -  424 [firefox] › tests\fe016.spec.ts:561:1 › UI002 list and message panel errors remain isolated
  -  425 [firefox] › tests\fe016.spec.ts:585:1 › UI002 send, invalidation and resync keep both cursors and send only once
  -  426 [firefox] › tests\fe016.spec.ts:645:1 › FE016.AC01 takeover and reply use current versions and show API send state without claiming delivery
  -  427 [firefox] › tests\fe016.spec.ts:672:1 › FE016.AC02 internal notes render HTML-like text inert and feedback creates only a review draft
  -  428 [firefox] › tests\fe016.spec.ts:705:1 › FE016.AC03 unknown send keeps the reply draft, exposes command recovery and never blindly resends
  -  429 [firefox] › tests\fe016.spec.ts:728:1 › FE016.AC04 role without customer/order permissions cannot open those cross-module references
  -  430 [firefox] › tests\fe016.spec.ts:739:1 › FE016.S03 stale takeover preserves reason and reports the version conflict
  -  431 [firefox] › tests\fe016.spec.ts:755:1 › FE016.B05 cross-sell promotion preview shows sample rules without applying a discount
  -  432 [firefox] › tests\fe016.spec.ts:769:1 › FE016.B08 capability-driven image, voice and document media upload and send by scoped file IDs
  -  433 [firefox] › tests\fe016.spec.ts:835:1 › FE016.B09 pending media send preserves newer text and blocks blind retry after unknown outcome
  -  434 [firefox] › tests\fe016.spec.ts:879:1 › FE016.B10 a channel without an explicit media policy keeps text composer and denies attachments
  -  435 [firefox] › tests\fe016.spec.ts:891:1 › FE027.B01 industry sales script preview asks for missing facts and stays a local draft
  -  436 [firefox] › tests\fe016.spec.ts:907:1 › FE027.B02 inbox price and available stock preview uses current canonical mock reads
  -  437 [firefox] › tests\fe016.spec.ts:928:1 › FE027.B03 order capture links the active customer and conversation into the manual order form
  -  438 [firefox] › tests\fe016.spec.ts:938:1 › FE027.B04 automatic order confirmation stays unavailable until policy and customer evidence exist
(node:81688) Warning: The 'NO_COLOR' env is ignored due to the 'FORCE_COLOR' env being set.
(Use `node --trace-warnings ...` to show where the warning was created)
  x  439 [firefox] › tests\fe017-validation.spec.ts:15:1 › FE017 synthetic 422 keeps the knowledge draft fields and shows field errors (0ms)
(node:76020) Warning: The 'NO_COLOR' env is ignored due to the 'FORCE_COLOR' env being set.
(Use `node --trace-warnings ...` to show where the warning was created)
  x  440 [firefox] › tests\fe017.spec.ts:26:1 › FE017.AC01 demo publishing uses the approved permission and lifecycle substitute without an API allowedActions field (0ms)
  -  441 [firefox] › tests\fe017.spec.ts:117:1 › FE017.AC02 knowledge file upload sends canonical purpose and detail reads processing status
  -  442 [firefox] › tests\fe017.spec.ts:156:1 › FE017 price and stock source preview uses canonical product and timestamped inventory APIs
  -  443 [firefox] › tests\fe017.spec.ts:189:1 › FE017.AC03 missing content, unsupported and oversized files keep creation unavailable
  -  444 [firefox] › tests\fe017.spec.ts:211:1 › FE017.AC04 feedback approval creates inert draft content and its first revision only
  -  445 [firefox] › tests\fe017.spec.ts:244:1 › FE017.AC05 manager sees knowledge read-only and synthetic API rejects purpose-specific upload and publish
  -  446 [firefox] › tests\fe017.spec.ts:265:1 › FE017.AC06 stale review preserves the reason and explains the conflict
  -  447 [firefox] › tests\fe017.spec.ts:280:1 › FE027.G02 product content brief edits source, size, warranty, alternatives, and forbidden claims locally
  -  448 [firefox] › tests\fe017.spec.ts:298:1 › FE027.G03 policy revisions keep the published snapshot immutable when a draft changes
(node:82760) Warning: The 'NO_COLOR' env is ignored due to the 'FORCE_COLOR' env being set.
(Use `node --trace-warnings ...` to show where the warning was created)
  x  449 [firefox] › tests\fe018.spec.ts:130:1 › FE018.S01 maps routes and operations to the canonical OpenAPI permissions (434ms)
(node:86620) Warning: The 'NO_COLOR' env is ignored due to the 'FORCE_COLOR' env being set.
(Use `node --trace-warnings ...` to show where the warning was created)
  x  450 [firefox] › tests\fe018.spec.ts:147:1 › FE018.AC01/04 draft saves use the contract version and keep human order confirmation locked after a conflict (419ms)
(node:85296) Warning: The 'NO_COLOR' env is ignored due to the 'FORCE_COLOR' env being set.
(Use `node --trace-warnings ...` to show where the warning was created)
  x  451 [firefox] › tests\fe018.spec.ts:178:1 › FE018.AC03 evaluation is synthetic, revision-bound, and cannot publish a stale draft (434ms)
(node:86344) Warning: The 'NO_COLOR' env is ignored due to the 'FORCE_COLOR' env being set.
(Use `node --trace-warnings ...` to show where the warning was created)
  x  452 [firefox] › tests\fe018.spec.ts:202:1 › FE018.AC01/04 successful publish is tied to the tested revision and pause explains its boundary (435ms)
(node:76272) Warning: The 'NO_COLOR' env is ignored due to the 'FORCE_COLOR' env being set.
(Use `node --trace-warnings ...` to show where the warning was created)
  x  453 [firefox] › tests\fe018.spec.ts:232:1 › FE018.AC03 playground sends no external message and preserves unknown cost and token values (435ms)
(node:63636) Warning: The 'NO_COLOR' env is ignored due to the 'FORCE_COLOR' env being set.
(Use `node --trace-warnings ...` to show where the warning was created)
  x  454 [firefox] › tests\fe018.spec.ts:254:1 › FE018.S03 synthetic budget and tool denials retain the prompt and never show a generated answer (420ms)
(node:35552) Warning: The 'NO_COLOR' env is ignored due to the 'FORCE_COLOR' env being set.
(Use `node --trace-warnings ...` to show where the warning was created)
  x  455 [firefox] › tests\fe018.spec.ts:280:1 › FE027.H03 budget and provider failover preview refuses silent provider switching on exhaustion (434ms)
(node:92320) Warning: The 'NO_COLOR' env is ignored due to the 'FORCE_COLOR' env being set.
(Use `node --trace-warnings ...` to show where the warning was created)
  x  456 [firefox] › tests\fe018.spec.ts:294:1 › FE018.AC02 role kill switch is versioned, preserves API tools, and does not pause the whole bot (435ms)
(node:37852) Warning: The 'NO_COLOR' env is ignored due to the 'FORCE_COLOR' env being set.
(Use `node --trace-warnings ...` to show where the warning was created)
  x  457 [firefox] › tests\fe018.spec.ts:335:1 › FE018.AC02 expired, wrong-scope, and matching approvals produce honest budget results (464ms)
(node:90684) Warning: The 'NO_COLOR' env is ignored due to the 'FORCE_COLOR' env being set.
(Use `node --trace-warnings ...` to show where the warning was created)
  x  458 [firefox] › tests\fe018.spec.ts:363:1 › FE018.AC05 manager and bot-admin roles cannot use operations outside their canonical permissions (420ms)
(node:6744) Warning: The 'NO_COLOR' env is ignored due to the 'FORCE_COLOR' env being set.
(Use `node --trace-warnings ...` to show where the warning was created)
  x  459 [firefox] › tests\fe018.spec.ts:395:1 › FE018.AC05 unknown role command stays unresolved and does not claim successful resumption (435ms)
(node:64500) Warning: The 'NO_COLOR' env is ignored due to the 'FORCE_COLOR' env being set.
(Use `node --trace-warnings ...` to show where the warning was created)
  x  460 [firefox] › tests\fe018.spec.ts:411:1 › UI004 25 evaluations: cursor pages reach the last record and preserve detail, search, and browser Back state (434ms)
(node:19100) Warning: The 'NO_COLOR' env is ignored due to the 'FORCE_COLOR' env being set.
(Use `node --trace-warnings ...` to show where the warning was created)
  x  461 [firefox] › tests\fe018.spec.ts:457:1 › UI004 105 evaluations: cursor traversal reaches every record and retains the failing cursor for retry (433ms)
(node:74148) Warning: The 'NO_COLOR' env is ignored due to the 'FORCE_COLOR' env being set.
(Use `node --trace-warnings ...` to show where the warning was created)
  x  462 [firefox] › tests\fe019.spec.ts:21:1 › FE019.S01 maps integrations and notification routes, actions, schemas, and mock boundaries (0ms)
  -  463 [firefox] › tests\fe019.spec.ts:70:1 › FE019.AC01 AI secret is write-only, cleared after submit, and absent from stored/read data
  -  464 [firefox] › tests\fe019.spec.ts:117:1 › FE019.AC01 invalid mock credential is rejected, cleared from the form, and not submitted
  -  465 [firefox] › tests\fe019.spec.ts:138:1 › FE019.AC02 channel OAuth failure stays on the page and never marks a channel connected
  -  466 [firefox] › tests\fe019.spec.ts:172:1 › FE019.AC03/04 device, Telegram, and PWA checks stay synthetic and do not request OS permission
  -  467 [firefox] › tests\fe019.spec.ts:251:1 › FE019.AC05 notification policy validates canonical numeric bounds before sending and acknowledges only allowed work
  -  468 [firefox] › tests\fe019.spec.ts:273:1 › FE019.A03 notification order link stays within the active shop scope
  -  469 [firefox] › tests\fe019.spec.ts:282:1 › FE019.A05 reminder policy saves shop-local schedule and quiet hours through the synthetic API
  -  470 [firefox] › tests\fe019.spec.ts:309:1 › FE027.A02/A07 preparation notification keeps order evidence and separates queued, opened, and acknowledged states
  -  471 [firefox] › tests\fe019.spec.ts:334:1 › FE027.A08 notification settings disclose server-only deduplication and callback safeguards
(node:95084) Warning: The 'NO_COLOR' env is ignored due to the 'FORCE_COLOR' env being set.
(Use `node --trace-warnings ...` to show where the warning was created)
  x  472 [firefox] › tests\fe020.spec.ts:43:1 › FE020.AC01 approval detail is fetched and a changed source resource rejects the stale decision (0ms)
  -  473 [firefox] › tests\fe020.spec.ts:89:1 › FE020.AC02/03 work-item actions follow allowedActions and operations health stays explicitly synthetic
  -  474 [firefox] › tests\fe020.spec.ts:140:1 › FE020.AC03 role pause control uses the canonical versioned mock and never claims readiness
  -  475 [firefox] › tests\fe020.spec.ts:157:1 › FE020.F03 operations exception filter groups overdue, blocked, and unclaimed synthetic work
  -  476 [firefox] › tests\fe020.spec.ts:178:1 › FE020.F05 purchase delegation is bounded, saved paused, and requires a separate activation decision
  -  477 [firefox] › tests\fe020.spec.ts:209:1 › FE020.F06/H01 digest and dependency health panels show synthetic history without claiming workers are ready
  -  478 [firefox] › tests\fe020.spec.ts:242:1 › FE027.H08 restore and release readiness stay unknown without a verified rehearsal or deployment gate
(node:89124) Warning: The 'NO_COLOR' env is ignored due to the 'FORCE_COLOR' env being set.
(Use `node --trace-warnings ...` to show where the warning was created)
  x  479 [firefox] › tests\fe021.spec.ts:34:1 › FE021 dashboard keeps independent panels usable and hides finance fields without finance.read (0ms)
  -  480 [firefox] › tests\fe021.spec.ts:46:1 › FE021 timezone and privacy validation waits for interaction and blocks invalid writes
  -  481 [firefox] › tests\fe021.spec.ts:82:1 › FE021 approval and shipment work queues appear before sample previews
  -  482 [firefox] › tests\fe021.spec.ts:104:1 › FE021 marketing filters preserve API-side aggregates, URL context and missing actual spend
  -  483 [firefox] › tests\fe021.spec.ts:160:1 › FE021 invalid marketing deep links mark the responsible field and never send the invalid range
  -  484 [firefox] › tests\fe021.spec.ts:174:1 › FE021 export uses inclusive shop-local boundaries, safe CSV, API jobs and cursor pagination
  -  485 [firefox] › tests\fe021.spec.ts:229:1 › FE021 mock rejects an export when reports.export lacks the source permission
  -  486 [firefox] › tests\fe021.spec.ts:249:1 › FE021 mock rejects an invalid report timezone before creating an export job
  -  487 [firefox] › tests\fe021.spec.ts:269:1 › FE021 ambiguous export result preserves the selected dates and never exposes a download
  -  488 [firefox] › tests\fe021.spec.ts:282:1 › FE021 empty report and marketing payloads render explicit empty states
  -  489 [firefox] › tests\fe021.spec.ts:301:1 › FE021 stale export conflict preserves dates and never exposes a download
(node:73376) Warning: The 'NO_COLOR' env is ignored due to the 'FORCE_COLOR' env being set.
(Use `node --trace-warnings ...` to show where the warning was created)
  x  490 [firefox] › tests\frontend-corrections.spec.ts:18:1 › F01 preserves a customer draft, compares three snapshots, and PATCHes only chosen changes (0ms)
  -  491 [firefox] › tests\frontend-corrections.spec.ts:46:1 › F01 requires an explicit choice for a field changed by both editors
  -  492 [firefox] › tests\frontend-corrections.spec.ts:62:1 › F06 detects an order draft and blocks navigation until explicit discard
