2026-10-10T11:59:12.3302237Z Current runner version: '2.337.0'
2026-10-10T11:59:12.3320284Z ##[group]Runner Image Provisioner
2026-10-10T11:59:12.3320849Z Hosted Compute Agent
2026-10-10T11:59:12.3321318Z Version: 20261002.596
2026-10-10T11:59:12.3321687Z Commit: c3d12f3313a95f25162a1503be624f3b0617f8c0
2026-10-10T11:59:12.3322170Z Build Date: 2026-10-02T22:28:27Z
2026-10-10T11:59:12.3322614Z Worker ID: {ced9d1e6-e5a2-4c12-9f11-d06d39ff493d}
2026-10-10T11:59:12.3323062Z Region: centralus
2026-10-10T11:59:12.3323417Z Cloud: Azure
2026-10-10T11:59:12.3323749Z ##[endgroup]
2026-10-10T11:59:12.3324647Z ##[group]Operating System
2026-10-10T11:59:12.3325045Z Ubuntu
2026-10-10T11:59:12.3325352Z 24.04.5
2026-10-10T11:59:12.3325750Z LTS
2026-10-10T11:59:12.3326067Z ##[endgroup]
2026-10-10T11:59:12.3326437Z ##[group]Runner Image
2026-10-10T11:59:12.3326832Z Image: ubuntu-24.04
2026-10-10T11:59:12.3327168Z Version: 20261004.327.1
2026-10-10T11:59:12.3327963Z Included Software: https://github.com/actions/runner-images/blob/ubuntu24/20261004.327/images/ubuntu/Ubuntu2404-Readme.md
2026-10-10T11:59:12.3328873Z Image Release: https://github.com/actions/runner-images/releases/tag/ubuntu24%2F20261004.327
2026-10-10T11:59:12.3329464Z ##[endgroup]
2026-10-10T11:59:12.3330401Z ##[group]GITHUB_TOKEN Permissions
2026-10-10T11:59:12.3331783Z Contents: read
2026-10-10T11:59:12.3332124Z Metadata: read
2026-10-10T11:59:12.3332530Z ##[endgroup]
2026-10-10T11:59:12.3334532Z Secret source: Actions
2026-10-10T11:59:12.3335174Z Cache mode: write
2026-10-10T11:59:12.3335732Z Prepare workflow directory
2026-10-10T11:59:12.3584933Z Prepare all required actions
2026-10-10T11:59:12.3618239Z Getting action download info
2026-10-10T11:59:12.6012795Z Download action repository 'actions/checkout@3d3c42e5aac5ba805825da76410c181273ba90b1' (SHA:3d3c42e5aac5ba805825da76410c181273ba90b1)
2026-10-10T11:59:12.6724710Z Download action repository 'actions/setup-node@820762786026740c76f36085b0efc47a31fe5020' (SHA:820762786026740c76f36085b0efc47a31fe5020)
2026-10-10T11:59:12.7606973Z Download action repository 'actions/upload-artifact@043fb46d1a93c77aae656e7c1c64a875d1fc6a0a' (SHA:043fb46d1a93c77aae656e7c1c64a875d1fc6a0a)
2026-10-10T11:59:12.9777601Z Complete job name: verify (chromium)
2026-10-10T11:59:13.0196032Z ##[group]Run actions/checkout@3d3c42e5aac5ba805825da76410c181273ba90b1
2026-10-10T11:59:13.0196569Z with:
2026-10-10T11:59:13.0196826Z   repository: LonelyTraderBay/Bot-AI-Ban-hang-FB
2026-10-10T11:59:13.0198801Z   token: ***
2026-10-10T11:59:13.0199025Z   ssh-strict: true
2026-10-10T11:59:13.0199253Z   ssh-user: git
2026-10-10T11:59:13.0199491Z   persist-credentials: true
2026-10-10T11:59:13.0199750Z   clean: true
2026-10-10T11:59:13.0200112Z   sparse-checkout-cone-mode: true
2026-10-10T11:59:13.0200387Z   fetch-depth: 1
2026-10-10T11:59:13.0200616Z   fetch-tags: false
2026-10-10T11:59:13.0200854Z   show-progress: true
2026-10-10T11:59:13.0201090Z   lfs: false
2026-10-10T11:59:13.0201310Z   submodules: false
2026-10-10T11:59:13.0201546Z   set-safe-directory: true
2026-10-10T11:59:13.0201838Z   allow-unsafe-pr-checkout: false
2026-10-10T11:59:13.0202190Z ##[endgroup]
2026-10-10T11:59:13.0825351Z Syncing repository: LonelyTraderBay/Bot-AI-Ban-hang-FB
2026-10-10T11:59:13.0826907Z ##[group]Getting Git version info
2026-10-10T11:59:13.0827586Z Working directory is '/home/runner/work/Bot-AI-Ban-hang-FB/Bot-AI-Ban-hang-FB'
2026-10-10T11:59:13.0828565Z [command]/usr/bin/git version
2026-10-10T11:59:13.0890226Z git version 2.55.0
2026-10-10T11:59:13.0891775Z ##[endgroup]
2026-10-10T11:59:13.0896356Z Temporarily overriding HOME='/home/runner/work/_temp/33378fa8-6a19-4bb2-9c1b-273982e3ceec' before making global git config changes
2026-10-10T11:59:13.0897100Z Adding repository directory to the temporary git global config as a safe directory
2026-10-10T11:59:13.0921281Z [command]/usr/bin/git config --global --add safe.directory /home/runner/work/Bot-AI-Ban-hang-FB/Bot-AI-Ban-hang-FB
2026-10-10T11:59:13.1077628Z Deleting the contents of '/home/runner/work/Bot-AI-Ban-hang-FB/Bot-AI-Ban-hang-FB'
2026-10-10T11:59:13.1085143Z ##[group]Determining repository object format
2026-10-10T11:59:13.1093704Z ##[endgroup]
2026-10-10T11:59:13.1094700Z ##[group]Initializing the repository
2026-10-10T11:59:13.1095675Z [command]/usr/bin/git init /home/runner/work/Bot-AI-Ban-hang-FB/Bot-AI-Ban-hang-FB
2026-10-10T11:59:13.1655166Z hint: Using 'master' as the name for the initial branch. This default branch name
2026-10-10T11:59:13.1655843Z hint: will change to "main" in Git 3.0. To configure the initial branch name
2026-10-10T11:59:13.1656525Z hint: to use in all of your new repositories, which will suppress this warning,
2026-10-10T11:59:13.1657137Z hint: call:
2026-10-10T11:59:13.1657464Z hint:
2026-10-10T11:59:13.1657889Z hint: 	git config --global init.defaultBranch <name>
2026-10-10T11:59:13.1658399Z hint:
2026-10-10T11:59:13.1658904Z hint: Names commonly chosen instead of 'master' are 'main', 'trunk' and
2026-10-10T11:59:13.1659633Z hint: 'development'. The just-created branch can be renamed via this command:
2026-10-10T11:59:13.1660289Z hint:
2026-10-10T11:59:13.1660521Z hint: 	git branch -m <name>
2026-10-10T11:59:13.1660779Z hint:
2026-10-10T11:59:13.1661130Z hint: Disable this message with "git config set advice.defaultBranchName false"
2026-10-10T11:59:13.1661766Z Initialized empty Git repository in /home/runner/work/Bot-AI-Ban-hang-FB/Bot-AI-Ban-hang-FB/.git/
2026-10-10T11:59:13.1664706Z [command]/usr/bin/git remote add origin https://github.com/LonelyTraderBay/Bot-AI-Ban-hang-FB
2026-10-10T11:59:13.1750712Z ##[endgroup]
2026-10-10T11:59:13.1751370Z ##[group]Disabling automatic garbage collection
2026-10-10T11:59:13.1753537Z [command]/usr/bin/git config --local gc.auto 0
2026-10-10T11:59:13.1847549Z ##[endgroup]
2026-10-10T11:59:13.1848691Z ##[group]Setting up auth
2026-10-10T11:59:13.1849274Z Removing SSH command configuration
2026-10-10T11:59:13.1859677Z [command]/usr/bin/git config --local --name-only --get-regexp core\.sshCommand
2026-10-10T11:59:13.1889059Z [command]/usr/bin/git submodule foreach --recursive sh -c "git config --local --name-only --get-regexp 'core\.sshCommand' && git config --local --unset-all 'core.sshCommand' || :"
2026-10-10T11:59:13.2285448Z Removing HTTP extra header
2026-10-10T11:59:13.2289013Z [command]/usr/bin/git config --local --name-only --get-regexp http\.https\:\/\/github\.com\/\.extraheader
2026-10-10T11:59:13.2316896Z [command]/usr/bin/git submodule foreach --recursive sh -c "git config --local --name-only --get-regexp 'http\.https\:\/\/github\.com\/\.extraheader' && git config --local --unset-all 'http.https://github.com/.extraheader' || :"
2026-10-10T11:59:13.2486451Z Removing includeIf entries pointing to credentials config files
2026-10-10T11:59:13.2490272Z [command]/usr/bin/git config --local --name-only --get-regexp ^includeIf\.gitdir:
2026-10-10T11:59:13.2517598Z [command]/usr/bin/git submodule foreach --recursive git config --local --show-origin --name-only --get-regexp remote.origin.url
2026-10-10T11:59:13.2694819Z [command]/usr/bin/git config --file /home/runner/work/_temp/git-credentials-f1e55dbd-14a7-4e19-befd-af3d630f8473.config http.https://github.com/.extraheader AUTHORIZATION: basic ***
2026-10-10T11:59:13.2752080Z [command]/usr/bin/git config --local includeIf.gitdir:/home/runner/work/Bot-AI-Ban-hang-FB/Bot-AI-Ban-hang-FB/.git.path /home/runner/work/_temp/git-credentials-f1e55dbd-14a7-4e19-befd-af3d630f8473.config
2026-10-10T11:59:13.2952793Z [command]/usr/bin/git config --local includeIf.gitdir:/home/runner/work/Bot-AI-Ban-hang-FB/Bot-AI-Ban-hang-FB/.git/worktrees/*.path /home/runner/work/_temp/git-credentials-f1e55dbd-14a7-4e19-befd-af3d630f8473.config
2026-10-10T11:59:13.3052094Z [command]/usr/bin/git config --local includeIf.gitdir:/github/workspace/.git.path /github/runner_temp/git-credentials-f1e55dbd-14a7-4e19-befd-af3d630f8473.config
2026-10-10T11:59:13.3259755Z [command]/usr/bin/git config --local includeIf.gitdir:/github/workspace/.git/worktrees/*.path /github/runner_temp/git-credentials-f1e55dbd-14a7-4e19-befd-af3d630f8473.config
2026-10-10T11:59:13.3465300Z ##[endgroup]
2026-10-10T11:59:13.3466253Z ##[group]Fetching the repository
2026-10-10T11:59:13.3471506Z [command]/usr/bin/git -c protocol.version=2 fetch --no-tags --prune --no-recurse-submodules --depth=1 origin +bcdf5414015fe045482278f3f115b53e9e7c4262:refs/remotes/origin/main
2026-10-10T11:59:28.5563269Z From https://github.com/LonelyTraderBay/Bot-AI-Ban-hang-FB
2026-10-10T11:59:28.5563919Z  * [new ref]         bcdf5414015fe045482278f3f115b53e9e7c4262 -> origin/main
2026-10-10T11:59:28.5570185Z [command]/usr/bin/git branch --list --remote origin/main
2026-10-10T11:59:28.5594290Z   origin/main
2026-10-10T11:59:28.5599431Z [command]/usr/bin/git rev-parse refs/remotes/origin/main
2026-10-10T11:59:28.5622909Z bcdf5414015fe045482278f3f115b53e9e7c4262
2026-10-10T11:59:28.5626334Z ##[endgroup]
2026-10-10T11:59:28.5626741Z ##[group]Determining the checkout info
2026-10-10T11:59:28.5627184Z ##[endgroup]
2026-10-10T11:59:28.5629216Z [command]/usr/bin/git sparse-checkout disable
2026-10-10T11:59:28.5712446Z [command]/usr/bin/git config --local --unset-all extensions.worktreeConfig
2026-10-10T11:59:28.5901345Z ##[group]Checking out the ref
2026-10-10T11:59:28.5904469Z [command]/usr/bin/git checkout --progress --force -B main refs/remotes/origin/main
2026-10-10T11:59:29.6301422Z Updating files:  30% (6474/21093)
2026-10-10T11:59:29.6558393Z Updating files:  31% (6539/21093)
2026-10-10T11:59:29.6794649Z Updating files:  32% (6750/21093)
2026-10-10T11:59:29.7789617Z Updating files:  33% (6961/21093)
2026-10-10T11:59:29.8740709Z Updating files:  34% (7172/21093)
2026-10-10T11:59:29.8954458Z Updating files:  35% (7383/21093)
2026-10-10T11:59:29.9439050Z Updating files:  36% (7594/21093)
2026-10-10T11:59:29.9733430Z Updating files:  37% (7805/21093)
2026-10-10T11:59:30.0111764Z Updating files:  38% (8016/21093)
2026-10-10T11:59:30.0563220Z Updating files:  39% (8227/21093)
2026-10-10T11:59:30.0695056Z Updating files:  40% (8438/21093)
2026-10-10T11:59:30.1048006Z Updating files:  41% (8649/21093)
2026-10-10T11:59:30.1381635Z Updating files:  42% (8860/21093)
2026-10-10T11:59:30.1761188Z Updating files:  43% (9070/21093)
2026-10-10T11:59:30.2134490Z Updating files:  44% (9281/21093)
2026-10-10T11:59:30.2351214Z Updating files:  45% (9492/21093)
2026-10-10T11:59:30.2412560Z Updating files:  46% (9703/21093)
2026-10-10T11:59:30.2546641Z Updating files:  47% (9914/21093)
2026-10-10T11:59:30.2798957Z Updating files:  48% (10125/21093)
2026-10-10T11:59:30.2866437Z Updating files:  49% (10336/21093)
2026-10-10T11:59:30.3278541Z Updating files:  50% (10547/21093)
2026-10-10T11:59:30.3294997Z Updating files:  51% (10758/21093)
2026-10-10T11:59:30.3360917Z Updating files:  52% (10969/21093)
2026-10-10T11:59:30.3815857Z Updating files:  53% (11180/21093)
2026-10-10T11:59:30.4041906Z Updating files:  54% (11391/21093)
2026-10-10T11:59:30.4305997Z Updating files:  55% (11602/21093)
2026-10-10T11:59:30.4599257Z Updating files:  56% (11813/21093)
2026-10-10T11:59:30.5111881Z Updating files:  57% (12024/21093)
2026-10-10T11:59:30.5313848Z Updating files:  58% (12234/21093)
2026-10-10T11:59:30.6122953Z Updating files:  59% (12445/21093)
2026-10-10T11:59:30.6543570Z Updating files:  59% (12564/21093)
2026-10-10T11:59:30.7610996Z Updating files:  60% (12656/21093)
2026-10-10T11:59:30.8386138Z Updating files:  61% (12867/21093)
2026-10-10T11:59:30.8626364Z Updating files:  62% (13078/21093)
2026-10-10T11:59:30.9707207Z Updating files:  63% (13289/21093)
2026-10-10T11:59:30.9820275Z Updating files:  64% (13500/21093)
2026-10-10T11:59:30.9921171Z Updating files:  65% (13711/21093)
2026-10-10T11:59:31.0016867Z Updating files:  66% (13922/21093)
2026-10-10T11:59:31.0110445Z Updating files:  67% (14133/21093)
2026-10-10T11:59:31.0195884Z Updating files:  68% (14344/21093)
2026-10-10T11:59:31.0273402Z Updating files:  69% (14555/21093)
2026-10-10T11:59:31.0353068Z Updating files:  70% (14766/21093)
2026-10-10T11:59:31.0431934Z Updating files:  71% (14977/21093)
2026-10-10T11:59:31.0609663Z Updating files:  72% (15187/21093)
2026-10-10T11:59:31.0768618Z Updating files:  73% (15398/21093)
2026-10-10T11:59:31.0865635Z Updating files:  74% (15609/21093)
2026-10-10T11:59:31.0970057Z Updating files:  75% (15820/21093)
2026-10-10T11:59:31.1098724Z Updating files:  76% (16031/21093)
2026-10-10T11:59:31.1197002Z Updating files:  77% (16242/21093)
2026-10-10T11:59:31.1288287Z Updating files:  78% (16453/21093)
2026-10-10T11:59:31.1382100Z Updating files:  79% (16664/21093)
2026-10-10T11:59:31.1470327Z Updating files:  80% (16875/21093)
2026-10-10T11:59:31.1556607Z Updating files:  81% (17086/21093)
2026-10-10T11:59:31.1638092Z Updating files:  82% (17297/21093)
2026-10-10T11:59:31.1724450Z Updating files:  83% (17508/21093)
2026-10-10T11:59:31.1826193Z Updating files:  84% (17719/21093)
2026-10-10T11:59:31.1911152Z Updating files:  85% (17930/21093)
2026-10-10T11:59:31.1997479Z Updating files:  86% (18140/21093)
2026-10-10T11:59:31.2092426Z Updating files:  87% (18351/21093)
2026-10-10T11:59:31.2176675Z Updating files:  88% (18562/21093)
2026-10-10T11:59:31.2259502Z Updating files:  89% (18773/21093)
2026-10-10T11:59:31.2342387Z Updating files:  90% (18984/21093)
2026-10-10T11:59:31.2426957Z Updating files:  91% (19195/21093)
2026-10-10T11:59:31.2521766Z Updating files:  92% (19406/21093)
2026-10-10T11:59:31.2608976Z Updating files:  93% (19617/21093)
2026-10-10T11:59:31.2741255Z Updating files:  94% (19828/21093)
2026-10-10T11:59:31.2832154Z Updating files:  95% (20039/21093)
2026-10-10T11:59:31.2938047Z Updating files:  96% (20250/21093)
2026-10-10T11:59:31.3248670Z Updating files:  97% (20461/21093)
2026-10-10T11:59:31.3378978Z Updating files:  98% (20672/21093)
2026-10-10T11:59:31.3713006Z Updating files:  99% (20883/21093)
2026-10-10T11:59:31.3713407Z Updating files: 100% (21093/21093)
2026-10-10T11:59:31.3713853Z Updating files: 100% (21093/21093), done.
2026-10-10T11:59:31.4159440Z Switched to a new branch 'main'
2026-10-10T11:59:31.4160333Z branch 'main' set up to track 'origin/main'.
2026-10-10T11:59:31.4269803Z ##[endgroup]
2026-10-10T11:59:31.4308269Z [command]/usr/bin/git log -1 --format=%H
2026-10-10T11:59:31.4333010Z bcdf5414015fe045482278f3f115b53e9e7c4262
2026-10-10T11:59:31.4676464Z ##[group]Run actions/setup-node@820762786026740c76f36085b0efc47a31fe5020
2026-10-10T11:59:31.4676671Z with:
2026-10-10T11:59:31.4676782Z   node-version: 24
2026-10-10T11:59:31.4676891Z   cache: npm
2026-10-10T11:59:31.4677043Z   cache-dependency-path: BotSalesAI_Frontend/package-lock.json
2026-10-10T11:59:31.4677225Z   check-latest: false
2026-10-10T11:59:31.4678398Z   token: ***
2026-10-10T11:59:31.4678515Z   package-manager-cache: true
2026-10-10T11:59:31.4678654Z ##[endgroup]
2026-10-10T11:59:31.5479669Z Found in cache @ /opt/hostedtoolcache/node/24.21.0/x64
2026-10-10T11:59:31.5482180Z ##[group]Environment details
2026-10-10T11:59:31.8599346Z node: v24.21.0
2026-10-10T11:59:31.8599532Z npm: 11.19.0
2026-10-10T11:59:31.8599638Z yarn: 1.22.22
2026-10-10T11:59:31.8600672Z ##[endgroup]
2026-10-10T11:59:31.8610934Z [command]/opt/hostedtoolcache/node/24.21.0/x64/bin/npm config get cache
2026-10-10T11:59:31.9314251Z /home/runner/.npm
2026-10-10T11:59:32.0670760Z Cache hit for: node-cache-Linux-x64-npm-59940755336ccebfb01608b4b67032f886f15c0a5419cadf1ab2b1b289ed121c
2026-10-10T11:59:33.2090584Z Received 47017133 of 47017133 (100.0%), 45.2 MBs/sec
2026-10-10T11:59:33.2091223Z Cache Size: ~45 MB (47017133 B)
2026-10-10T11:59:33.2110852Z [command]/usr/bin/tar -xf /home/runner/work/_temp/aafd1e3a-9427-4c69-9da5-645464bcc2d9/cache.tzst -P -C /home/runner/work/Bot-AI-Ban-hang-FB/Bot-AI-Ban-hang-FB --use-compress-program unzstd
2026-10-10T11:59:33.3215140Z Cache restored successfully
2026-10-10T11:59:33.3240397Z Cache restored from key: node-cache-Linux-x64-npm-59940755336ccebfb01608b4b67032f886f15c0a5419cadf1ab2b1b289ed121c
2026-10-10T11:59:33.3705938Z ##[group]Run npm install --global npm@11.17.0
2026-10-10T11:59:33.3706176Z [36;1mnpm install --global npm@11.17.0[0m
2026-10-10T11:59:33.4041877Z shell: /usr/bin/bash -e {0}
2026-10-10T11:59:33.4042072Z ##[endgroup]
2026-10-10T11:59:34.8492988Z 
2026-10-10T11:59:34.8499740Z changed 19 packages in 1s
2026-10-10T11:59:34.8500197Z 
2026-10-10T11:59:34.8500391Z 15 packages are looking for funding
2026-10-10T11:59:34.8500683Z   run `npm fund` for details
2026-10-10T11:59:34.8883207Z ##[group]Run test -f package-lock.json || (echo 'Run npm install on an authorized online machine and commit the generated lockfile.' && exit 1)
2026-10-10T11:59:34.8883715Z [36;1mtest -f package-lock.json || (echo 'Run npm install on an authorized online machine and commit the generated lockfile.' && exit 1)[0m
2026-10-10T11:59:34.8936656Z shell: /usr/bin/bash -e {0}
2026-10-10T11:59:34.8936802Z ##[endgroup]
2026-10-10T11:59:34.9023843Z ##[group]Run npm ci
2026-10-10T11:59:34.9023976Z [36;1mnpm ci[0m
2026-10-10T11:59:34.9070715Z shell: /usr/bin/bash -e {0}
2026-10-10T11:59:34.9070854Z ##[endgroup]
2026-10-10T11:59:36.2847481Z npm warn deprecated whatwg-encoding@3.1.1: Use @exodus/bytes instead for a more spec-conformant and faster implementation
2026-10-10T11:59:37.3822872Z npm warn deprecated eslint@9.34.0: This version is no longer supported. Please see https://eslint.org/version-support for other options.
2026-10-10T11:59:41.5868892Z 
2026-10-10T11:59:41.5869715Z added 411 packages, and audited 413 packages in 7s
2026-10-10T11:59:41.5870143Z 
2026-10-10T11:59:41.5870448Z 86 packages are looking for funding
2026-10-10T11:59:41.5870841Z   run `npm fund` for details
2026-10-10T11:59:41.5875949Z 
2026-10-10T11:59:41.5876169Z found 0 vulnerabilities
2026-10-10T11:59:41.5883115Z npm warn allow-scripts 2 packages have install scripts not yet covered by allowScripts:
2026-10-10T11:59:41.5883948Z npm warn allow-scripts   esbuild@0.28.2 (postinstall: node install.js)
2026-10-10T11:59:41.5884768Z npm warn allow-scripts   msw@2.11.1 (postinstall: node -e "import('./config/scripts/postinstall.js').catch(() => void 0)")
2026-10-10T11:59:41.5885399Z npm warn allow-scripts
2026-10-10T11:59:41.5886119Z npm warn allow-scripts Run `npm approve-scripts --allow-scripts-pending` to review, or `npm approve-scripts <pkg>` to allow.
2026-10-10T11:59:41.7158852Z ##[group]Run npm audit --audit-level=low
2026-10-10T11:59:41.7159120Z [36;1mnpm audit --audit-level=low[0m
2026-10-10T11:59:41.7209819Z shell: /usr/bin/bash -e {0}
2026-10-10T11:59:41.7210137Z ##[endgroup]
2026-10-10T11:59:42.0864668Z found 0 vulnerabilities
2026-10-10T11:59:42.1011586Z ##[group]Run npm run setup
2026-10-10T11:59:42.1011844Z [36;1mnpm run setup[0m
2026-10-10T11:59:42.1075803Z shell: /usr/bin/bash -e {0}
2026-10-10T11:59:42.1076037Z ##[endgroup]
2026-10-10T11:59:42.1747758Z 
2026-10-10T11:59:42.1748143Z > botsales-frontend@0.1.0 setup
2026-10-10T11:59:42.1748487Z > node scripts/setup.mjs
2026-10-10T11:59:42.1748643Z 
2026-10-10T11:59:42.3289574Z {"status":"PASS","outputs":15,"schemas":346,"operations":245,"routes":61}
2026-10-10T11:59:42.3916841Z Copying the worker script at "/home/runner/work/Bot-AI-Ban-hang-FB/Bot-AI-Ban-hang-FB/BotSalesAI_Frontend/apps/web/public"...
2026-10-10T11:59:42.3942921Z 
2026-10-10T11:59:42.3943782Z [32mWorker script successfully copied![39m
2026-10-10T11:59:42.3944373Z [90m  - public
2026-10-10T11:59:42.3944837Z [39m
2026-10-10T11:59:42.3945195Z Continue by describing the network in your application:
2026-10-10T11:59:42.3945427Z 
2026-10-10T11:59:42.3945434Z 
2026-10-10T11:59:42.3945795Z [31m[1mhttps://mswjs.io/docs/quick-start[22m[39m
2026-10-10T11:59:42.3945996Z 
2026-10-10T11:59:42.3997350Z Thiết lập xong. npm run dev chạy frontend mô phỏng; không kết nối khách hàng hoặc provider thật.
2026-10-10T11:59:42.4129148Z ##[group]Run npx playwright install --with-deps chromium firefox
2026-10-10T11:59:42.4129567Z [36;1mnpx playwright install --with-deps chromium firefox[0m
2026-10-10T11:59:42.4195853Z shell: /usr/bin/bash -e {0}
2026-10-10T11:59:42.4196087Z ##[endgroup]
2026-10-10T11:59:42.9075228Z Installing dependencies...
2026-10-10T11:59:42.9132048Z Switching to root user to install dependencies...
2026-10-10T11:59:42.9771750Z Get:1 file:/etc/apt/apt-mirrors.txt Mirrorlist [144 B]
2026-10-10T11:59:43.0142348Z Get:6 https://packages.microsoft.com/ubuntu/24.04/prod noble InRelease [3600 B]
2026-10-10T11:59:43.0235047Z Hit:2 http://azure.archive.ubuntu.com/ubuntu noble InRelease
2026-10-10T11:59:43.0243283Z Get:3 http://azure.archive.ubuntu.com/ubuntu noble-updates InRelease [126 kB]
2026-10-10T11:59:43.0271078Z Get:4 http://azure.archive.ubuntu.com/ubuntu noble-backports InRelease [126 kB]
2026-10-10T11:59:43.0289696Z Get:5 http://azure.archive.ubuntu.com/ubuntu noble-security InRelease [126 kB]
2026-10-10T11:59:43.0662703Z Get:7 https://packages.microsoft.com/ubuntu/24.04/prod noble/main armhf Packages [12.3 kB]
2026-10-10T11:59:43.0747068Z Get:8 https://packages.microsoft.com/ubuntu/24.04/prod noble/main all Packages [640 B]
2026-10-10T11:59:43.0779546Z Get:9 https://packages.microsoft.com/ubuntu/24.04/prod noble/main amd64 Packages [548 kB]
2026-10-10T11:59:43.0839369Z Get:10 https://packages.microsoft.com/ubuntu/24.04/prod noble/main arm64 Packages [492 kB]
2026-10-10T11:59:43.1399715Z Get:11 http://azure.archive.ubuntu.com/ubuntu noble-updates/main amd64 Packages [1375 kB]
2026-10-10T11:59:43.1461210Z Get:12 http://azure.archive.ubuntu.com/ubuntu noble-updates/main Translation-en [306 kB]
2026-10-10T11:59:43.1474652Z Get:13 http://azure.archive.ubuntu.com/ubuntu noble-updates/universe amd64 Packages [1702 kB]
2026-10-10T11:59:43.1545888Z Get:14 http://azure.archive.ubuntu.com/ubuntu noble-updates/universe Translation-en [342 kB]
2026-10-10T11:59:43.1567520Z Get:15 http://azure.archive.ubuntu.com/ubuntu noble-updates/restricted amd64 Packages [1761 kB]
2026-10-10T11:59:43.1641413Z Get:16 http://azure.archive.ubuntu.com/ubuntu noble-updates/restricted Translation-en [401 kB]
2026-10-10T11:59:43.1660609Z Get:17 http://azure.archive.ubuntu.com/ubuntu noble-updates/multiverse amd64 Packages [55.0 kB]
2026-10-10T11:59:43.1671948Z Get:18 http://azure.archive.ubuntu.com/ubuntu noble-updates/multiverse Translation-en [14.3 kB]
2026-10-10T11:59:43.2160319Z Get:19 http://azure.archive.ubuntu.com/ubuntu noble-security/main amd64 Packages [1121 kB]
2026-10-10T11:59:43.2206145Z Get:20 http://azure.archive.ubuntu.com/ubuntu noble-security/main Translation-en [228 kB]
2026-10-10T11:59:43.2650811Z Get:21 http://azure.archive.ubuntu.com/ubuntu noble-security/universe amd64 Packages [1220 kB]
2026-10-10T11:59:43.2697185Z Get:22 http://azure.archive.ubuntu.com/ubuntu noble-security/universe Translation-en [245 kB]
2026-10-10T11:59:43.2713458Z Get:23 http://azure.archive.ubuntu.com/ubuntu noble-security/restricted amd64 Packages [1669 kB]
2026-10-10T11:59:43.2776075Z Get:24 http://azure.archive.ubuntu.com/ubuntu noble-security/restricted Translation-en [383 kB]
2026-10-10T11:59:43.2795204Z Get:25 http://azure.archive.ubuntu.com/ubuntu noble-security/multiverse amd64 Packages [49.8 kB]
2026-10-10T11:59:43.2803977Z Get:26 http://azure.archive.ubuntu.com/ubuntu noble-security/multiverse Translation-en [12.4 kB]
2026-10-10T11:59:47.9073078Z Fetched 12.3 MB in 1s (13.1 MB/s)
2026-10-10T11:59:48.4096032Z Reading package lists...
2026-10-10T11:59:48.4279339Z Reading package lists...
2026-10-10T11:59:48.5694374Z Building dependency tree...
2026-10-10T11:59:48.5699465Z Reading state information...
2026-10-10T11:59:48.6768278Z libasound2t64 is already the newest version (1.2.11-1ubuntu0.3).
2026-10-10T11:59:48.6768681Z libasound2t64 set to manually installed.
2026-10-10T11:59:48.6769042Z libatk-bridge2.0-0t64 is already the newest version (2.52.0-1build1).
2026-10-10T11:59:48.6770777Z libatk-bridge2.0-0t64 set to manually installed.
2026-10-10T11:59:48.6771276Z libatk1.0-0t64 is already the newest version (2.52.0-1build1).
2026-10-10T11:59:48.6771593Z libatk1.0-0t64 set to manually installed.
2026-10-10T11:59:48.6771926Z libatspi2.0-0t64 is already the newest version (2.52.0-1build1).
2026-10-10T11:59:48.6772248Z libatspi2.0-0t64 set to manually installed.
2026-10-10T11:59:48.6772575Z libcairo2 is already the newest version (1.18.0-3build1).
2026-10-10T11:59:48.6772882Z libcairo2 set to manually installed.
2026-10-10T11:59:48.6773228Z libcups2t64 is already the newest version (2.4.7-1.2ubuntu7.14).
2026-10-10T11:59:48.6773775Z libcups2t64 set to manually installed.
2026-10-10T11:59:48.6774119Z libdbus-1-3 is already the newest version (1.14.10-4ubuntu4.1).
2026-10-10T11:59:48.6774451Z libdbus-1-3 set to manually installed.
2026-10-10T11:59:48.6774807Z libdrm2 is already the newest version (2.4.125-1ubuntu0.1~24.04.2).
2026-10-10T11:59:48.6775151Z libdrm2 set to manually installed.
2026-10-10T11:59:48.6775527Z libgbm1 is already the newest version (25.2.8-0ubuntu0.24.04.4).
2026-10-10T11:59:48.6775851Z libgbm1 set to manually installed.
2026-10-10T11:59:48.6776220Z libglib2.0-0t64 is already the newest version (2.80.0-6ubuntu3.9).
2026-10-10T11:59:48.6776585Z libglib2.0-0t64 set to manually installed.
2026-10-10T11:59:48.6776935Z libnspr4 is already the newest version (2:4.35-1.1build1).
2026-10-10T11:59:48.6777405Z libnspr4 set to manually installed.
2026-10-10T11:59:48.6777870Z libnss3 is already the newest version (2:3.98-1ubuntu0.2).
2026-10-10T11:59:48.6778220Z libnss3 set to manually installed.
2026-10-10T11:59:48.6778611Z libpango-1.0-0 is already the newest version (1.52.1+ds-1build1).
2026-10-10T11:59:48.6778991Z libpango-1.0-0 set to manually installed.
2026-10-10T11:59:48.6779360Z libx11-6 is already the newest version (2:1.8.7-1build1).
2026-10-10T11:59:48.6779686Z libx11-6 set to manually installed.
2026-10-10T11:59:48.6780202Z libxcb1 is already the newest version (1.15-1ubuntu2).
2026-10-10T11:59:48.6780522Z libxcb1 set to manually installed.
2026-10-10T11:59:48.6780890Z libxcomposite1 is already the newest version (1:0.4.5-1build3).
2026-10-10T11:59:48.6781258Z libxcomposite1 set to manually installed.
2026-10-10T11:59:48.6787182Z libxdamage1 is already the newest version (1:1.1.6-1build1).
2026-10-10T11:59:48.6787540Z libxdamage1 set to manually installed.
2026-10-10T11:59:48.6787913Z libxext6 is already the newest version (2:1.3.4-1build2).
2026-10-10T11:59:48.6788248Z libxext6 set to manually installed.
2026-10-10T11:59:48.6788591Z libxfixes3 is already the newest version (1:6.0.0-2build1).
2026-10-10T11:59:48.6788860Z libxfixes3 set to manually installed.
2026-10-10T11:59:48.6789078Z libxkbcommon0 is already the newest version (1.6.0-1build1).
2026-10-10T11:59:48.6789288Z libxkbcommon0 set to manually installed.
2026-10-10T11:59:48.6789503Z libxrandr2 is already the newest version (2:1.5.2-2build1).
2026-10-10T11:59:48.6789708Z libxrandr2 set to manually installed.
2026-10-10T11:59:48.6790091Z xvfb is already the newest version (2:21.1.12-1ubuntu1.8).
2026-10-10T11:59:48.6790388Z fonts-noto-color-emoji is already the newest version (2.047-0ubuntu0.24.04.1).
2026-10-10T11:59:48.6790686Z libfontconfig1 is already the newest version (2.15.0-1.1ubuntu2).
2026-10-10T11:59:48.6790906Z libfontconfig1 set to manually installed.
2026-10-10T11:59:48.6791125Z fonts-liberation is already the newest version (1:2.1.5-3).
2026-10-10T11:59:48.6791338Z fonts-liberation set to manually installed.
2026-10-10T11:59:48.6791570Z libcairo-gobject2 is already the newest version (1.18.0-3build1).
2026-10-10T11:59:48.6791797Z libcairo-gobject2 set to manually installed.
2026-10-10T11:59:48.6792057Z libgdk-pixbuf-2.0-0 is already the newest version (2.42.10+dfsg-3ubuntu3.3).
2026-10-10T11:59:48.6792304Z libgdk-pixbuf-2.0-0 set to manually installed.
2026-10-10T11:59:48.6792540Z libgtk-3-0t64 is already the newest version (3.24.41-4ubuntu1.3).
2026-10-10T11:59:48.6792753Z libgtk-3-0t64 set to manually installed.
2026-10-10T11:59:48.6793160Z libpangocairo-1.0-0 is already the newest version (1.52.1+ds-1build1).
2026-10-10T11:59:48.6793394Z libpangocairo-1.0-0 set to manually installed.
2026-10-10T11:59:48.6793620Z libx11-xcb1 is already the newest version (2:1.8.7-1build1).
2026-10-10T11:59:48.6793823Z libx11-xcb1 set to manually installed.
2026-10-10T11:59:48.6794031Z libxcb-shm0 is already the newest version (1.15-1ubuntu2).
2026-10-10T11:59:48.6794234Z libxcb-shm0 set to manually installed.
2026-10-10T11:59:48.6794444Z libxcursor1 is already the newest version (1:1.2.1-1build1).
2026-10-10T11:59:48.6794734Z libxcursor1 set to manually installed.
2026-10-10T11:59:48.6794936Z libxi6 is already the newest version (2:1.8.1-1build1).
2026-10-10T11:59:48.6795128Z libxi6 set to manually installed.
2026-10-10T11:59:48.6795345Z libxrender1 is already the newest version (1:0.9.10-1.1build1).
2026-10-10T11:59:48.6795651Z libxrender1 set to manually installed.
2026-10-10T11:59:48.6795880Z The following additional packages will be installed:
2026-10-10T11:59:48.6796151Z   libavutil58 libcodec2-1.2 libdav1d7 libgsm1 libhwy1t64 libjxl0.7 libmp3lame0
2026-10-10T11:59:48.6796451Z   libopus0 librav1e0 librsvg2-2 libshine3 libsoxr0 libspeex1 libsvtav1enc1d1
2026-10-10T11:59:48.6796725Z   libswresample4 libtheora0 libtwolame0 libva-drm2 libva-x11-2 libva2
2026-10-10T11:59:48.6797003Z   libvdpau1 libvorbisenc2 libvpl2 libvpx9 libx264-164 libx265-199 libxvidcore4
2026-10-10T11:59:48.6797303Z   libzvbi-common libzvbi0t64 ocl-icd-libopencl1 xfonts-encodings xfonts-utils
2026-10-10T11:59:48.6797550Z Suggested packages:
2026-10-10T11:59:48.6797746Z   libcuda1 libnvcuvid1 libnvidia-encode1 opus-tools librsvg2-bin speex
2026-10-10T11:59:48.6797950Z   opencl-icd
2026-10-10T11:59:48.6798078Z Recommended packages:
2026-10-10T11:59:48.6798281Z   fonts-ipafont-mincho fonts-tlwg-loma librsvg2-common va-driver-all
2026-10-10T11:59:48.6798516Z   | va-driver vdpau-driver-all | vdpau-driver
2026-10-10T11:59:48.7055736Z The following NEW packages will be installed:
2026-10-10T11:59:48.7056131Z   fonts-freefont-ttf fonts-ipafont-gothic fonts-tlwg-loma-otf fonts-unifont
2026-10-10T11:59:48.7056701Z   fonts-wqy-zenhei libavcodec60 libavutil58 libcodec2-1.2 libdav1d7 libgsm1
2026-10-10T11:59:48.7058529Z   libhwy1t64 libjxl0.7 libmp3lame0 libopus0 librav1e0 librsvg2-2 libshine3
2026-10-10T11:59:48.7059137Z   libsoxr0 libspeex1 libsvtav1enc1d1 libswresample4 libtheora0 libtwolame0
2026-10-10T11:59:48.7059683Z   libva-drm2 libva-x11-2 libva2 libvdpau1 libvorbisenc2 libvpl2 libvpx9
2026-10-10T11:59:48.7060310Z   libx264-164 libx265-199 libxvidcore4 libzvbi-common libzvbi0t64
2026-10-10T11:59:48.7060819Z   ocl-icd-libopencl1 xfonts-cyrillic xfonts-encodings xfonts-scalable
2026-10-10T11:59:48.7061201Z   xfonts-utils
2026-10-10T11:59:48.7064961Z The following packages will be upgraded:
2026-10-10T11:59:48.7068649Z   libfreetype6
2026-10-10T11:59:48.7203143Z 1 upgraded, 40 newly installed, 0 to remove and 22 not upgraded.
2026-10-10T11:59:48.7203470Z Need to get 49.2 MB of archives.
2026-10-10T11:59:48.7203717Z After this operation, 168 MB of additional disk space will be used.
2026-10-10T11:59:48.7203981Z Get:1 file:/etc/apt/apt-mirrors.txt Mirrorlist [144 B]
2026-10-10T11:59:48.7876656Z Get:2 http://azure.archive.ubuntu.com/ubuntu noble/universe amd64 fonts-ipafont-gothic all 00303-21ubuntu1 [3513 kB]
2026-10-10T11:59:48.8509581Z Get:3 http://azure.archive.ubuntu.com/ubuntu noble/main amd64 fonts-freefont-ttf all 20211204+svn4273-2 [5641 kB]
2026-10-10T11:59:48.9260727Z Get:4 http://azure.archive.ubuntu.com/ubuntu noble/universe amd64 fonts-tlwg-loma-otf all 1:0.7.3-1 [107 kB]
2026-10-10T11:59:48.9967603Z Get:5 http://azure.archive.ubuntu.com/ubuntu noble/universe amd64 fonts-unifont all 1:15.1.01-1build1 [2993 kB]
2026-10-10T11:59:49.0574857Z Get:6 http://azure.archive.ubuntu.com/ubuntu noble/universe amd64 fonts-wqy-zenhei all 0.9.45-8 [7472 kB]
2026-10-10T11:59:49.1578800Z Get:7 http://azure.archive.ubuntu.com/ubuntu noble-updates/universe amd64 libva2 amd64 2.20.0-2ubuntu0.2 [66.4 kB]
2026-10-10T11:59:49.2174747Z Get:8 http://azure.archive.ubuntu.com/ubuntu noble-updates/universe amd64 libva-drm2 amd64 2.20.0-2ubuntu0.2 [7124 B]
2026-10-10T11:59:49.2674547Z Get:9 http://azure.archive.ubuntu.com/ubuntu noble-updates/universe amd64 libva-x11-2 amd64 2.20.0-2ubuntu0.2 [12.0 kB]
2026-10-10T11:59:49.2974597Z Get:10 http://azure.archive.ubuntu.com/ubuntu noble/main amd64 libvdpau1 amd64 1.5-2build1 [27.8 kB]
2026-10-10T11:59:49.3274068Z Get:11 http://azure.archive.ubuntu.com/ubuntu noble/universe amd64 libvpl2 amd64 2023.3.0-1build1 [99.8 kB]
2026-10-10T11:59:49.3573949Z Get:12 http://azure.archive.ubuntu.com/ubuntu noble/universe amd64 ocl-icd-libopencl1 amd64 2.3.2-1build1 [38.5 kB]
2026-10-10T11:59:49.3973809Z Get:13 http://azure.archive.ubuntu.com/ubuntu noble/universe amd64 libavutil58 amd64 7:6.1.1-3ubuntu5 [401 kB]
2026-10-10T11:59:49.4367393Z Get:14 http://azure.archive.ubuntu.com/ubuntu noble/universe amd64 libcodec2-1.2 amd64 1.2.0-2build1 [8998 kB]
2026-10-10T11:59:49.5883074Z Get:15 http://azure.archive.ubuntu.com/ubuntu noble/universe amd64 libdav1d7 amd64 1.4.1-1build1 [604 kB]
2026-10-10T11:59:49.6282480Z Get:16 http://azure.archive.ubuntu.com/ubuntu noble/universe amd64 libgsm1 amd64 1.0.22-1build1 [27.8 kB]
2026-10-10T11:59:49.6576450Z Get:17 http://azure.archive.ubuntu.com/ubuntu noble/universe amd64 libhwy1t64 amd64 1.0.7-8.1build1 [584 kB]
2026-10-10T11:59:49.6901216Z Get:18 http://azure.archive.ubuntu.com/ubuntu noble-updates/universe amd64 libjxl0.7 amd64 0.7.0-10.2ubuntu6.1 [1001 kB]
2026-10-10T11:59:49.7380213Z Get:19 http://azure.archive.ubuntu.com/ubuntu noble/main amd64 libmp3lame0 amd64 3.100-6build1 [142 kB]
2026-10-10T11:59:49.8118276Z Get:20 http://azure.archive.ubuntu.com/ubuntu noble/main amd64 libopus0 amd64 1.4-1build1 [208 kB]
2026-10-10T11:59:49.8692815Z Get:21 http://azure.archive.ubuntu.com/ubuntu noble/universe amd64 librav1e0 amd64 0.7.1-2 [1022 kB]
2026-10-10T11:59:49.9081388Z Get:22 http://azure.archive.ubuntu.com/ubuntu noble-updates/main amd64 librsvg2-2 amd64 2.58.0+dfsg-1ubuntu0.1 [2141 kB]
2026-10-10T11:59:49.9687659Z Get:23 http://azure.archive.ubuntu.com/ubuntu noble/universe amd64 libshine3 amd64 3.1.1-2build1 [23.2 kB]
2026-10-10T11:59:49.9986413Z Get:24 http://azure.archive.ubuntu.com/ubuntu noble-updates/main amd64 libspeex1 amd64 1.2.1-2ubuntu2.24.04.1 [59.6 kB]
2026-10-10T11:59:50.0289206Z Get:25 http://azure.archive.ubuntu.com/ubuntu noble/universe amd64 libsvtav1enc1d1 amd64 1.7.0+dfsg-2build1 [2425 kB]
2026-10-10T11:59:50.0887293Z Get:26 http://azure.archive.ubuntu.com/ubuntu noble/universe amd64 libsoxr0 amd64 0.1.3-4build3 [80.0 kB]
2026-10-10T11:59:50.1284957Z Get:27 http://azure.archive.ubuntu.com/ubuntu noble/universe amd64 libswresample4 amd64 7:6.1.1-3ubuntu5 [63.8 kB]
2026-10-10T11:59:50.1586861Z Get:28 http://azure.archive.ubuntu.com/ubuntu noble/main amd64 libtheora0 amd64 1.1.1+dfsg.1-16.1build3 [211 kB]
2026-10-10T11:59:50.1889097Z Get:29 http://azure.archive.ubuntu.com/ubuntu noble/main amd64 libtwolame0 amd64 0.4.0-2build3 [52.3 kB]
2026-10-10T11:59:50.2195068Z Get:30 http://azure.archive.ubuntu.com/ubuntu noble/main amd64 libvorbisenc2 amd64 1.3.7-1build3 [80.8 kB]
2026-10-10T11:59:50.2589297Z Get:31 http://azure.archive.ubuntu.com/ubuntu noble-updates/main amd64 libvpx9 amd64 1.14.0-1ubuntu2.3 [1143 kB]
2026-10-10T11:59:50.2985619Z Get:32 http://azure.archive.ubuntu.com/ubuntu noble/universe amd64 libx264-164 amd64 2:0.164.3108+git31e19f9-1 [604 kB]
2026-10-10T11:59:50.3990332Z Get:33 http://azure.archive.ubuntu.com/ubuntu noble/universe amd64 libx265-199 amd64 3.5-2build1 [1226 kB]
2026-10-10T11:59:50.4387182Z Get:34 http://azure.archive.ubuntu.com/ubuntu noble/universe amd64 libxvidcore4 amd64 2:1.3.7-1build1 [219 kB]
2026-10-10T11:59:50.4689190Z Get:35 http://azure.archive.ubuntu.com/ubuntu noble/universe amd64 libzvbi-common all 0.2.42-2 [42.4 kB]
2026-10-10T11:59:50.4990447Z Get:36 http://azure.archive.ubuntu.com/ubuntu noble/universe amd64 libzvbi0t64 amd64 0.2.42-2 [261 kB]
2026-10-10T11:59:50.5306110Z Get:37 http://azure.archive.ubuntu.com/ubuntu noble/universe amd64 libavcodec60 amd64 7:6.1.1-3ubuntu5 [5851 kB]
2026-10-10T11:59:50.6608072Z Get:38 http://azure.archive.ubuntu.com/ubuntu noble-updates/main amd64 libfreetype6 amd64 2.13.2+dfsg-1ubuntu0.2 [403 kB]
2026-10-10T11:59:50.8032261Z Get:39 http://azure.archive.ubuntu.com/ubuntu noble/main amd64 xfonts-encodings all 1:1.0.5-0ubuntu2 [578 kB]
2026-10-10T11:59:50.8605920Z Get:40 http://azure.archive.ubuntu.com/ubuntu noble/main amd64 xfonts-utils amd64 1:7.7+6build3 [94.4 kB]
2026-10-10T11:59:50.9710067Z Get:41 http://azure.archive.ubuntu.com/ubuntu noble/universe amd64 xfonts-cyrillic all 1:1.0.5+nmu1 [384 kB]
2026-10-10T11:59:51.0622923Z Get:42 http://azure.archive.ubuntu.com/ubuntu noble/main amd64 xfonts-scalable all 1:1.0.3-1.3 [304 kB]
2026-10-10T11:59:51.3050963Z Fetched 49.2 MB in 2s (20.9 MB/s)
2026-10-10T11:59:51.3970182Z Selecting previously unselected package fonts-ipafont-gothic.
2026-10-10T11:59:51.4173918Z (Reading database ... 
2026-10-10T11:59:51.4174194Z (Reading database ... 5%
2026-10-10T11:59:51.4174601Z (Reading database ... 10%
2026-10-10T11:59:51.4174777Z (Reading database ... 15%
2026-10-10T11:59:51.4174917Z (Reading database ... 20%
2026-10-10T11:59:51.4175181Z (Reading database ... 25%
2026-10-10T11:59:51.4175353Z (Reading database ... 30%
2026-10-10T11:59:51.4175483Z (Reading database ... 35%
2026-10-10T11:59:51.4175613Z (Reading database ... 40%
2026-10-10T11:59:51.4175746Z (Reading database ... 45%
2026-10-10T11:59:51.4175877Z (Reading database ... 50%
2026-10-10T11:59:51.4214264Z (Reading database ... 55%
2026-10-10T11:59:51.4784829Z (Reading database ... 60%
2026-10-10T11:59:51.6683649Z (Reading database ... 65%
2026-10-10T11:59:51.8724225Z (Reading database ... 70%
2026-10-10T11:59:52.0734112Z (Reading database ... 75%
2026-10-10T11:59:52.1742073Z (Reading database ... 80%
2026-10-10T11:59:52.3266260Z (Reading database ... 85%
2026-10-10T11:59:52.4701766Z (Reading database ... 90%
2026-10-10T11:59:52.5874987Z (Reading database ... 95%
2026-10-10T11:59:52.5875235Z (Reading database ... 100%
2026-10-10T11:59:52.5875489Z (Reading database ... 203191 files and directories currently installed.)
2026-10-10T11:59:52.5919058Z Preparing to unpack .../00-fonts-ipafont-gothic_00303-21ubuntu1_all.deb ...
2026-10-10T11:59:52.6531165Z Unpacking fonts-ipafont-gothic (00303-21ubuntu1) ...
2026-10-10T11:59:52.9172366Z Selecting previously unselected package fonts-freefont-ttf.
2026-10-10T11:59:52.9267482Z Preparing to unpack .../01-fonts-freefont-ttf_20211204+svn4273-2_all.deb ...
2026-10-10T11:59:52.9273346Z Unpacking fonts-freefont-ttf (20211204+svn4273-2) ...
2026-10-10T11:59:53.0984015Z Selecting previously unselected package fonts-tlwg-loma-otf.
2026-10-10T11:59:53.1104161Z Preparing to unpack .../02-fonts-tlwg-loma-otf_1%3a0.7.3-1_all.deb ...
2026-10-10T11:59:53.1184032Z Unpacking fonts-tlwg-loma-otf (1:0.7.3-1) ...
2026-10-10T11:59:53.1477756Z Selecting previously unselected package fonts-unifont.
2026-10-10T11:59:53.1574166Z Preparing to unpack .../03-fonts-unifont_1%3a15.1.01-1build1_all.deb ...
2026-10-10T11:59:53.1579799Z Unpacking fonts-unifont (1:15.1.01-1build1) ...
2026-10-10T11:59:53.4199057Z Selecting previously unselected package fonts-wqy-zenhei.
2026-10-10T11:59:53.4312284Z Preparing to unpack .../04-fonts-wqy-zenhei_0.9.45-8_all.deb ...
2026-10-10T11:59:53.4451358Z Unpacking fonts-wqy-zenhei (0.9.45-8) ...
2026-10-10T11:59:53.9098558Z Selecting previously unselected package libva2:amd64.
2026-10-10T11:59:53.9194613Z Preparing to unpack .../05-libva2_2.20.0-2ubuntu0.2_amd64.deb ...
2026-10-10T11:59:53.9383952Z Unpacking libva2:amd64 (2.20.0-2ubuntu0.2) ...
2026-10-10T11:59:53.9707383Z Selecting previously unselected package libva-drm2:amd64.
2026-10-10T11:59:53.9816954Z Preparing to unpack .../06-libva-drm2_2.20.0-2ubuntu0.2_amd64.deb ...
2026-10-10T11:59:53.9884841Z Unpacking libva-drm2:amd64 (2.20.0-2ubuntu0.2) ...
2026-10-10T11:59:54.0198660Z Selecting previously unselected package libva-x11-2:amd64.
2026-10-10T11:59:54.0306207Z Preparing to unpack .../07-libva-x11-2_2.20.0-2ubuntu0.2_amd64.deb ...
2026-10-10T11:59:54.0314044Z Unpacking libva-x11-2:amd64 (2.20.0-2ubuntu0.2) ...
2026-10-10T11:59:54.0604139Z Selecting previously unselected package libvdpau1:amd64.
2026-10-10T11:59:54.0708630Z Preparing to unpack .../08-libvdpau1_1.5-2build1_amd64.deb ...
2026-10-10T11:59:54.0722272Z Unpacking libvdpau1:amd64 (1.5-2build1) ...
2026-10-10T11:59:54.1120739Z Selecting previously unselected package libvpl2.
2026-10-10T11:59:54.1215276Z Preparing to unpack .../09-libvpl2_2023.3.0-1build1_amd64.deb ...
2026-10-10T11:59:54.1220125Z Unpacking libvpl2 (2023.3.0-1build1) ...
2026-10-10T11:59:54.1385835Z Selecting previously unselected package ocl-icd-libopencl1:amd64.
2026-10-10T11:59:54.1477544Z Preparing to unpack .../10-ocl-icd-libopencl1_2.3.2-1build1_amd64.deb ...
2026-10-10T11:59:54.1482636Z Unpacking ocl-icd-libopencl1:amd64 (2.3.2-1build1) ...
2026-10-10T11:59:54.1664718Z Selecting previously unselected package libavutil58:amd64.
2026-10-10T11:59:54.1756085Z Preparing to unpack .../11-libavutil58_7%3a6.1.1-3ubuntu5_amd64.deb ...
2026-10-10T11:59:54.1761779Z Unpacking libavutil58:amd64 (7:6.1.1-3ubuntu5) ...
2026-10-10T11:59:54.1943270Z Selecting previously unselected package libcodec2-1.2:amd64.
2026-10-10T11:59:54.2034518Z Preparing to unpack .../12-libcodec2-1.2_1.2.0-2build1_amd64.deb ...
2026-10-10T11:59:54.2040397Z Unpacking libcodec2-1.2:amd64 (1.2.0-2build1) ...
2026-10-10T11:59:54.3523202Z Selecting previously unselected package libdav1d7:amd64.
2026-10-10T11:59:54.3617867Z Preparing to unpack .../13-libdav1d7_1.4.1-1build1_amd64.deb ...
2026-10-10T11:59:54.3622466Z Unpacking libdav1d7:amd64 (1.4.1-1build1) ...
2026-10-10T11:59:54.3813169Z Selecting previously unselected package libgsm1:amd64.
2026-10-10T11:59:54.3904979Z Preparing to unpack .../14-libgsm1_1.0.22-1build1_amd64.deb ...
2026-10-10T11:59:54.3910251Z Unpacking libgsm1:amd64 (1.0.22-1build1) ...
2026-10-10T11:59:54.4062104Z Selecting previously unselected package libhwy1t64:amd64.
2026-10-10T11:59:54.4150206Z Preparing to unpack .../15-libhwy1t64_1.0.7-8.1build1_amd64.deb ...
2026-10-10T11:59:54.4155061Z Unpacking libhwy1t64:amd64 (1.0.7-8.1build1) ...
2026-10-10T11:59:54.4489676Z Selecting previously unselected package libjxl0.7:amd64.
2026-10-10T11:59:54.4579421Z Preparing to unpack .../16-libjxl0.7_0.7.0-10.2ubuntu6.1_amd64.deb ...
2026-10-10T11:59:54.4585030Z Unpacking libjxl0.7:amd64 (0.7.0-10.2ubuntu6.1) ...
2026-10-10T11:59:54.4908233Z Selecting previously unselected package libmp3lame0:amd64.
2026-10-10T11:59:54.4997966Z Preparing to unpack .../17-libmp3lame0_3.100-6build1_amd64.deb ...
2026-10-10T11:59:54.5093692Z Unpacking libmp3lame0:amd64 (3.100-6build1) ...
2026-10-10T11:59:54.5423804Z Selecting previously unselected package libopus0:amd64.
2026-10-10T11:59:54.5517858Z Preparing to unpack .../18-libopus0_1.4-1build1_amd64.deb ...
2026-10-10T11:59:54.5522672Z Unpacking libopus0:amd64 (1.4-1build1) ...
2026-10-10T11:59:54.5685336Z Selecting previously unselected package librav1e0:amd64.
2026-10-10T11:59:54.5776681Z Preparing to unpack .../19-librav1e0_0.7.1-2_amd64.deb ...
2026-10-10T11:59:54.5781065Z Unpacking librav1e0:amd64 (0.7.1-2) ...
2026-10-10T11:59:54.6072911Z Selecting previously unselected package librsvg2-2:amd64.
2026-10-10T11:59:54.6184513Z Preparing to unpack .../20-librsvg2-2_2.58.0+dfsg-1ubuntu0.1_amd64.deb ...
2026-10-10T11:59:54.6190527Z Unpacking librsvg2-2:amd64 (2.58.0+dfsg-1ubuntu0.1) ...
2026-10-10T11:59:54.6990348Z Selecting previously unselected package libshine3:amd64.
2026-10-10T11:59:54.7084485Z Preparing to unpack .../21-libshine3_3.1.1-2build1_amd64.deb ...
2026-10-10T11:59:54.7089216Z Unpacking libshine3:amd64 (3.1.1-2build1) ...
2026-10-10T11:59:54.7239559Z Selecting previously unselected package libspeex1:amd64.
2026-10-10T11:59:54.7330826Z Preparing to unpack .../22-libspeex1_1.2.1-2ubuntu2.24.04.1_amd64.deb ...
2026-10-10T11:59:54.7335886Z Unpacking libspeex1:amd64 (1.2.1-2ubuntu2.24.04.1) ...
2026-10-10T11:59:54.7485068Z Selecting previously unselected package libsvtav1enc1d1:amd64.
2026-10-10T11:59:54.7571616Z Preparing to unpack .../23-libsvtav1enc1d1_1.7.0+dfsg-2build1_amd64.deb ...
2026-10-10T11:59:54.7576365Z Unpacking libsvtav1enc1d1:amd64 (1.7.0+dfsg-2build1) ...
2026-10-10T11:59:54.8187780Z Selecting previously unselected package libsoxr0:amd64.
2026-10-10T11:59:54.8281926Z Preparing to unpack .../24-libsoxr0_0.1.3-4build3_amd64.deb ...
2026-10-10T11:59:54.8287089Z Unpacking libsoxr0:amd64 (0.1.3-4build3) ...
2026-10-10T11:59:54.8616138Z Selecting previously unselected package libswresample4:amd64.
2026-10-10T11:59:54.8718377Z Preparing to unpack .../25-libswresample4_7%3a6.1.1-3ubuntu5_amd64.deb ...
2026-10-10T11:59:54.8724011Z Unpacking libswresample4:amd64 (7:6.1.1-3ubuntu5) ...
2026-10-10T11:59:54.8890991Z Selecting previously unselected package libtheora0:amd64.
2026-10-10T11:59:54.8984439Z Preparing to unpack .../26-libtheora0_1.1.1+dfsg.1-16.1build3_amd64.deb ...
2026-10-10T11:59:54.8989729Z Unpacking libtheora0:amd64 (1.1.1+dfsg.1-16.1build3) ...
2026-10-10T11:59:54.9164507Z Selecting previously unselected package libtwolame0:amd64.
2026-10-10T11:59:54.9257473Z Preparing to unpack .../27-libtwolame0_0.4.0-2build3_amd64.deb ...
2026-10-10T11:59:54.9262628Z Unpacking libtwolame0:amd64 (0.4.0-2build3) ...
2026-10-10T11:59:54.9423882Z Selecting previously unselected package libvorbisenc2:amd64.
2026-10-10T11:59:54.9513381Z Preparing to unpack .../28-libvorbisenc2_1.3.7-1build3_amd64.deb ...
2026-10-10T11:59:54.9518648Z Unpacking libvorbisenc2:amd64 (1.3.7-1build3) ...
2026-10-10T11:59:54.9685224Z Selecting previously unselected package libvpx9:amd64.
2026-10-10T11:59:54.9773954Z Preparing to unpack .../29-libvpx9_1.14.0-1ubuntu2.3_amd64.deb ...
2026-10-10T11:59:54.9779190Z Unpacking libvpx9:amd64 (1.14.0-1ubuntu2.3) ...
2026-10-10T11:59:55.0075226Z Selecting previously unselected package libx264-164:amd64.
2026-10-10T11:59:55.0164231Z Preparing to unpack .../30-libx264-164_2%3a0.164.3108+git31e19f9-1_amd64.deb ...
2026-10-10T11:59:55.0306875Z Unpacking libx264-164:amd64 (2:0.164.3108+git31e19f9-1) ...
2026-10-10T11:59:55.0542777Z Selecting previously unselected package libx265-199:amd64.
2026-10-10T11:59:55.0632937Z Preparing to unpack .../31-libx265-199_3.5-2build1_amd64.deb ...
2026-10-10T11:59:55.0638961Z Unpacking libx265-199:amd64 (3.5-2build1) ...
2026-10-10T11:59:55.1741400Z Selecting previously unselected package libxvidcore4:amd64.
2026-10-10T11:59:55.1835960Z Preparing to unpack .../32-libxvidcore4_2%3a1.3.7-1build1_amd64.deb ...
2026-10-10T11:59:55.2014525Z Unpacking libxvidcore4:amd64 (2:1.3.7-1build1) ...
2026-10-10T11:59:55.2382414Z Selecting previously unselected package libzvbi-common.
2026-10-10T11:59:55.2474155Z Preparing to unpack .../33-libzvbi-common_0.2.42-2_all.deb ...
2026-10-10T11:59:55.2479090Z Unpacking libzvbi-common (0.2.42-2) ...
2026-10-10T11:59:55.2678546Z Selecting previously unselected package libzvbi0t64:amd64.
2026-10-10T11:59:55.2766350Z Preparing to unpack .../34-libzvbi0t64_0.2.42-2_amd64.deb ...
2026-10-10T11:59:55.2771188Z Unpacking libzvbi0t64:amd64 (0.2.42-2) ...
2026-10-10T11:59:55.2946353Z Selecting previously unselected package libavcodec60:amd64.
2026-10-10T11:59:55.3035064Z Preparing to unpack .../35-libavcodec60_7%3a6.1.1-3ubuntu5_amd64.deb ...
2026-10-10T11:59:55.3040381Z Unpacking libavcodec60:amd64 (7:6.1.1-3ubuntu5) ...
2026-10-10T11:59:55.4647892Z Preparing to unpack .../36-libfreetype6_2.13.2+dfsg-1ubuntu0.2_amd64.deb ...
2026-10-10T11:59:55.4663870Z Unpacking libfreetype6:amd64 (2.13.2+dfsg-1ubuntu0.2) over (2.13.2+dfsg-1ubuntu0.1) ...
2026-10-10T11:59:55.4859020Z Selecting previously unselected package xfonts-encodings.
2026-10-10T11:59:55.4954163Z Preparing to unpack .../37-xfonts-encodings_1%3a1.0.5-0ubuntu2_all.deb ...
2026-10-10T11:59:55.4960697Z Unpacking xfonts-encodings (1:1.0.5-0ubuntu2) ...
2026-10-10T11:59:55.5168415Z Selecting previously unselected package xfonts-utils.
2026-10-10T11:59:55.5261369Z Preparing to unpack .../38-xfonts-utils_1%3a7.7+6build3_amd64.deb ...
2026-10-10T11:59:55.5266623Z Unpacking xfonts-utils (1:7.7+6build3) ...
2026-10-10T11:59:55.5521383Z Selecting previously unselected package xfonts-cyrillic.
2026-10-10T11:59:55.5611680Z Preparing to unpack .../39-xfonts-cyrillic_1%3a1.0.5+nmu1_all.deb ...
2026-10-10T11:59:55.5617488Z Unpacking xfonts-cyrillic (1:1.0.5+nmu1) ...
2026-10-10T11:59:55.5866597Z Selecting previously unselected package xfonts-scalable.
2026-10-10T11:59:55.5958451Z Preparing to unpack .../40-xfonts-scalable_1%3a1.0.3-1.3_all.deb ...
2026-10-10T11:59:55.6039311Z Unpacking xfonts-scalable (1:1.0.3-1.3) ...
2026-10-10T11:59:55.6505024Z Setting up libhwy1t64:amd64 (1.0.7-8.1build1) ...
2026-10-10T11:59:55.6540483Z Setting up libspeex1:amd64 (1.2.1-2ubuntu2.24.04.1) ...
2026-10-10T11:59:55.6842967Z Setting up libshine3:amd64 (3.1.1-2build1) ...
2026-10-10T11:59:55.6856910Z Setting up libvpl2 (2023.3.0-1build1) ...
2026-10-10T11:59:55.6872191Z Setting up libx264-164:amd64 (2:0.164.3108+git31e19f9-1) ...
2026-10-10T11:59:55.6886330Z Setting up libtwolame0:amd64 (0.4.0-2build3) ...
2026-10-10T11:59:55.6901220Z Setting up libgsm1:amd64 (1.0.22-1build1) ...
2026-10-10T11:59:55.6913729Z Setting up libsoxr0:amd64 (0.1.3-4build3) ...
2026-10-10T11:59:55.6933362Z Setting up libcodec2-1.2:amd64 (1.2.0-2build1) ...
2026-10-10T11:59:55.6946614Z Setting up fonts-wqy-zenhei (0.9.45-8) ...
2026-10-10T11:59:55.7034688Z Setting up fonts-freefont-ttf (20211204+svn4273-2) ...
2026-10-10T11:59:55.7049049Z Setting up libsvtav1enc1d1:amd64 (1.7.0+dfsg-2build1) ...
2026-10-10T11:59:55.7063145Z Setting up libxvidcore4:amd64 (2:1.3.7-1build1) ...
2026-10-10T11:59:55.7077709Z Setting up librav1e0:amd64 (0.7.1-2) ...
2026-10-10T11:59:55.7092408Z Setting up librsvg2-2:amd64 (2.58.0+dfsg-1ubuntu0.1) ...
2026-10-10T11:59:55.7107394Z Setting up fonts-tlwg-loma-otf (1:0.7.3-1) ...
2026-10-10T11:59:55.7126382Z Setting up libva2:amd64 (2.20.0-2ubuntu0.2) ...
2026-10-10T11:59:55.7141730Z Setting up libfreetype6:amd64 (2.13.2+dfsg-1ubuntu0.2) ...
2026-10-10T11:59:55.7156347Z Setting up xfonts-encodings (1:1.0.5-0ubuntu2) ...
2026-10-10T11:59:55.7171157Z Setting up libopus0:amd64 (1.4-1build1) ...
2026-10-10T11:59:55.7184874Z Setting up libjxl0.7:amd64 (0.7.0-10.2ubuntu6.1) ...
2026-10-10T11:59:55.7198374Z Setting up libx265-199:amd64 (3.5-2build1) ...
2026-10-10T11:59:55.7212214Z Setting up libvpx9:amd64 (1.14.0-1ubuntu2.3) ...
2026-10-10T11:59:55.7237828Z Setting up libdav1d7:amd64 (1.4.1-1build1) ...
2026-10-10T11:59:55.7251288Z Setting up libva-drm2:amd64 (2.20.0-2ubuntu0.2) ...
2026-10-10T11:59:55.7265974Z Setting up fonts-ipafont-gothic (00303-21ubuntu1) ...
2026-10-10T11:59:55.7313933Z update-alternatives: using /usr/share/fonts/opentype/ipafont-gothic/ipag.ttf to provide /usr/share/fonts/truetype/fonts-japanese-gothic.ttf (fonts-japanese-gothic.ttf) in auto mode
2026-10-10T11:59:55.7338984Z Setting up ocl-icd-libopencl1:amd64 (2.3.2-1build1) ...
2026-10-10T11:59:55.7353356Z Setting up libvdpau1:amd64 (1.5-2build1) ...
2026-10-10T11:59:55.7371441Z Setting up libtheora0:amd64 (1.1.1+dfsg.1-16.1build3) ...
2026-10-10T11:59:55.7384424Z Setting up libva-x11-2:amd64 (2.20.0-2ubuntu0.2) ...
2026-10-10T11:59:55.7397618Z Setting up libzvbi-common (0.2.42-2) ...
2026-10-10T11:59:55.7411080Z Setting up libmp3lame0:amd64 (3.100-6build1) ...
2026-10-10T11:59:55.7436852Z Setting up libvorbisenc2:amd64 (1.3.7-1build3) ...
2026-10-10T11:59:55.7449967Z Setting up fonts-unifont (1:15.1.01-1build1) ...
2026-10-10T11:59:55.7462390Z Setting up libzvbi0t64:amd64 (0.2.42-2) ...
2026-10-10T11:59:55.7475376Z Setting up libavutil58:amd64 (7:6.1.1-3ubuntu5) ...
2026-10-10T11:59:55.7489070Z Setting up xfonts-utils (1:7.7+6build3) ...
2026-10-10T11:59:55.7523003Z Setting up libswresample4:amd64 (7:6.1.1-3ubuntu5) ...
2026-10-10T11:59:55.7542087Z Setting up libavcodec60:amd64 (7:6.1.1-3ubuntu5) ...
2026-10-10T11:59:55.7557525Z Setting up xfonts-cyrillic (1:1.0.5+nmu1) ...
2026-10-10T11:59:55.8048576Z Setting up xfonts-scalable (1:1.0.3-1.3) ...
2026-10-10T11:59:55.8248827Z Processing triggers for libc-bin (2.39-0ubuntu8.9) ...
2026-10-10T11:59:55.9723039Z Processing triggers for man-db (2.12.0-4build2) ...
2026-10-10T11:59:55.9744434Z Not building database; man-db/auto-update is not 'true'.
2026-10-10T11:59:55.9756248Z Processing triggers for fontconfig (2.15.0-1.1ubuntu2) ...
2026-10-10T11:59:56.4500979Z 
2026-10-10T11:59:56.4501578Z Running kernel seems to be up-to-date.
2026-10-10T11:59:56.4501761Z 
2026-10-10T11:59:56.4501833Z Restarting services...
2026-10-10T11:59:56.4554799Z  systemctl restart php8.3-fpm.service
2026-10-10T11:59:56.5319519Z 
2026-10-10T11:59:56.5320941Z No containers need to be restarted.
2026-10-10T11:59:56.5321198Z 
2026-10-10T11:59:56.5321369Z No user sessions are running outdated binaries.
2026-10-10T11:59:56.5321566Z 
2026-10-10T11:59:56.5321827Z No VM guests are running outdated hypervisor (qemu) binaries on this host.
2026-10-10T11:59:57.1549324Z Downloading Chrome for Testing 153.0.8010.12 (playwright chromium v1243) from https://cdn.playwright.dev/builds/cft/153.0.8010.12/linux64/chrome-linux64.zip
2026-10-10T11:59:57.4495362Z |                                                                                |   0% of 186.8 MiB
2026-10-10T11:59:57.6216023Z |■■■■■■■■                                                                        |  10% of 186.8 MiB
2026-10-10T11:59:57.7123656Z |■■■■■■■■■■■■■■■■                                                                |  20% of 186.8 MiB
2026-10-10T11:59:57.8039353Z |■■■■■■■■■■■■■■■■■■■■■■■■                                                        |  30% of 186.8 MiB
2026-10-10T11:59:57.8943776Z |■■■■■■■■■■■■■■■■■■■■■■■■■■■■■■■■                                                |  40% of 186.8 MiB
2026-10-10T11:59:57.9913720Z |■■■■■■■■■■■■■■■■■■■■■■■■■■■■■■■■■■■■■■■■                                        |  50% of 186.8 MiB
2026-10-10T11:59:58.0916302Z |■■■■■■■■■■■■■■■■■■■■■■■■■■■■■■■■■■■■■■■■■■■■■■■■                                |  60% of 186.8 MiB
2026-10-10T11:59:58.1912340Z |■■■■■■■■■■■■■■■■■■■■■■■■■■■■■■■■■■■■■■■■■■■■■■■■■■■■■■■■                        |  70% of 186.8 MiB
2026-10-10T11:59:58.2687568Z |■■■■■■■■■■■■■■■■■■■■■■■■■■■■■■■■■■■■■■■■■■■■■■■■■■■■■■■■■■■■■■■■                |  80% of 186.8 MiB
2026-10-10T11:59:58.3617519Z |■■■■■■■■■■■■■■■■■■■■■■■■■■■■■■■■■■■■■■■■■■■■■■■■■■■■■■■■■■■■■■■■■■■■■■■■        |  90% of 186.8 MiB
2026-10-10T11:59:58.4537115Z |■■■■■■■■■■■■■■■■■■■■■■■■■■■■■■■■■■■■■■■■■■■■■■■■■■■■■■■■■■■■■■■■■■■■■■■■■■■■■■■■| 100% of 186.8 MiB
2026-10-10T12:00:00.4255599Z Chrome for Testing 153.0.8010.12 (playwright chromium v1243) downloaded to /home/runner/.cache/ms-playwright/chromium-1243
2026-10-10T12:00:00.4259243Z Downloading FFmpeg (playwright ffmpeg v1011) from https://cdn.playwright.dev/dbazure/download/playwright/builds/ffmpeg/1011/ffmpeg-linux.zip
2026-10-10T12:00:00.8152814Z |                                                                                |   0% of 2.3 MiB
2026-10-10T12:00:00.8420797Z |■■■■■■■■                                                                        |  10% of 2.3 MiB
2026-10-10T12:00:00.8621049Z |■■■■■■■■■■■■■■■■                                                                |  20% of 2.3 MiB
2026-10-10T12:00:00.8745080Z |■■■■■■■■■■■■■■■■■■■■■■■■                                                        |  30% of 2.3 MiB
2026-10-10T12:00:00.8787732Z |■■■■■■■■■■■■■■■■■■■■■■■■■■■■■■■■                                                |  40% of 2.3 MiB
2026-10-10T12:00:00.8878654Z |■■■■■■■■■■■■■■■■■■■■■■■■■■■■■■■■■■■■■■■■                                        |  50% of 2.3 MiB
2026-10-10T12:00:00.8914748Z |■■■■■■■■■■■■■■■■■■■■■■■■■■■■■■■■■■■■■■■■■■■■■■■■                                |  60% of 2.3 MiB
2026-10-10T12:00:00.8998150Z |■■■■■■■■■■■■■■■■■■■■■■■■■■■■■■■■■■■■■■■■■■■■■■■■■■■■■■■■                        |  70% of 2.3 MiB
2026-10-10T12:00:00.9024276Z |■■■■■■■■■■■■■■■■■■■■■■■■■■■■■■■■■■■■■■■■■■■■■■■■■■■■■■■■■■■■■■■■                |  80% of 2.3 MiB
2026-10-10T12:00:00.9043067Z |■■■■■■■■■■■■■■■■■■■■■■■■■■■■■■■■■■■■■■■■■■■■■■■■■■■■■■■■■■■■■■■■■■■■■■■■        |  90% of 2.3 MiB
2026-10-10T12:00:00.9118446Z |■■■■■■■■■■■■■■■■■■■■■■■■■■■■■■■■■■■■■■■■■■■■■■■■■■■■■■■■■■■■■■■■■■■■■■■■■■■■■■■■| 100% of 2.3 MiB
2026-10-10T12:00:00.9506403Z FFmpeg (playwright ffmpeg v1011) downloaded to /home/runner/.cache/ms-playwright/ffmpeg-1011
2026-10-10T12:00:00.9507959Z Downloading Chrome Headless Shell 153.0.8010.12 (playwright chromium-headless-shell v1243) from https://cdn.playwright.dev/builds/cft/153.0.8010.12/linux64/chrome-headless-shell-linux64.zip
2026-10-10T12:00:01.2510853Z |                                                                                |   0% of 114.3 MiB
2026-10-10T12:00:01.4321504Z |■■■■■■■■                                                                        |  10% of 114.3 MiB
2026-10-10T12:00:01.4991535Z |■■■■■■■■■■■■■■■■                                                                |  20% of 114.3 MiB
2026-10-10T12:00:01.5717299Z |■■■■■■■■■■■■■■■■■■■■■■■■                                                        |  30% of 114.3 MiB
2026-10-10T12:00:01.6393356Z |■■■■■■■■■■■■■■■■■■■■■■■■■■■■■■■■                                                |  40% of 114.3 MiB
2026-10-10T12:00:01.6975823Z |■■■■■■■■■■■■■■■■■■■■■■■■■■■■■■■■■■■■■■■■                                        |  50% of 114.3 MiB
2026-10-10T12:00:01.8385945Z |■■■■■■■■■■■■■■■■■■■■■■■■■■■■■■■■■■■■■■■■■■■■■■■■                                |  60% of 114.3 MiB
2026-10-10T12:00:01.9310273Z |■■■■■■■■■■■■■■■■■■■■■■■■■■■■■■■■■■■■■■■■■■■■■■■■■■■■■■■■                        |  70% of 114.3 MiB
2026-10-10T12:00:01.9723388Z |■■■■■■■■■■■■■■■■■■■■■■■■■■■■■■■■■■■■■■■■■■■■■■■■■■■■■■■■■■■■■■■■                |  80% of 114.3 MiB
2026-10-10T12:00:02.0556436Z |■■■■■■■■■■■■■■■■■■■■■■■■■■■■■■■■■■■■■■■■■■■■■■■■■■■■■■■■■■■■■■■■■■■■■■■■        |  90% of 114.3 MiB
2026-10-10T12:00:02.1140786Z |■■■■■■■■■■■■■■■■■■■■■■■■■■■■■■■■■■■■■■■■■■■■■■■■■■■■■■■■■■■■■■■■■■■■■■■■■■■■■■■■| 100% of 114.3 MiB
2026-10-10T12:00:03.5634678Z Chrome Headless Shell 153.0.8010.12 (playwright chromium-headless-shell v1243) downloaded to /home/runner/.cache/ms-playwright/chromium_headless_shell-1243
2026-10-10T12:00:03.5637437Z Downloading Firefox 155.0 (playwright firefox v1543) from https://cdn.playwright.dev/dbazure/download/playwright/builds/firefox/1543/firefox-ubuntu-24.04.zip
2026-10-10T12:00:03.8524882Z |                                                                                |   0% of 109.5 MiB
2026-10-10T12:00:04.0149098Z |■■■■■■■■                                                                        |  10% of 109.5 MiB
2026-10-10T12:00:04.0977918Z |■■■■■■■■■■■■■■■■                                                                |  20% of 109.5 MiB
2026-10-10T12:00:04.1844913Z |■■■■■■■■■■■■■■■■■■■■■■■■                                                        |  30% of 109.5 MiB
2026-10-10T12:00:04.2911617Z |■■■■■■■■■■■■■■■■■■■■■■■■■■■■■■■■                                                |  40% of 109.5 MiB
2026-10-10T12:00:04.6002510Z |■■■■■■■■■■■■■■■■■■■■■■■■■■■■■■■■■■■■■■■■                                        |  50% of 109.5 MiB
2026-10-10T12:00:04.7489099Z |■■■■■■■■■■■■■■■■■■■■■■■■■■■■■■■■■■■■■■■■■■■■■■■■                                |  60% of 109.5 MiB
2026-10-10T12:00:04.8513973Z |■■■■■■■■■■■■■■■■■■■■■■■■■■■■■■■■■■■■■■■■■■■■■■■■■■■■■■■■                        |  70% of 109.5 MiB
2026-10-10T12:00:04.9255128Z |■■■■■■■■■■■■■■■■■■■■■■■■■■■■■■■■■■■■■■■■■■■■■■■■■■■■■■■■■■■■■■■■                |  80% of 109.5 MiB
2026-10-10T12:00:05.0409329Z |■■■■■■■■■■■■■■■■■■■■■■■■■■■■■■■■■■■■■■■■■■■■■■■■■■■■■■■■■■■■■■■■■■■■■■■■        |  90% of 109.5 MiB
2026-10-10T12:00:05.1944188Z |■■■■■■■■■■■■■■■■■■■■■■■■■■■■■■■■■■■■■■■■■■■■■■■■■■■■■■■■■■■■■■■■■■■■■■■■■■■■■■■■| 100% of 109.5 MiB
2026-10-10T12:00:06.6215196Z Firefox 155.0 (playwright firefox v1543) downloaded to /home/runner/.cache/ms-playwright/firefox-1543
2026-10-10T12:00:06.7188515Z ##[group]Run npm run verify
2026-10-10T12:00:06.7188796Z [36;1mnpm run verify[0m
2026-10-10T12:00:06.7252981Z shell: /usr/bin/bash -e {0}
2026-10-10T12:00:06.7253227Z ##[endgroup]
2026-10-10T12:00:06.7910355Z 
2026-10-10T12:00:06.7910769Z > botsales-frontend@0.1.0 verify
2026-10-10T12:00:06.7911480Z > npm run generate:check && npm run test:source && npm run boundaries && npm run lint && npm run typecheck && npm run test:domain && npm test && npm run build && npm run test:layout && npm run test:visual-tokens && npm run test:ui-composition && npm run test:evidence
2026-10-10T12:00:06.7911938Z 
2026-10-10T12:00:06.8619820Z 
2026-10-10T12:00:06.8620678Z > botsales-frontend@0.1.0 generate:check
2026-10-10T12:00:06.8621089Z > node scripts/generate.mjs --check
2026-10-10T12:00:06.8621264Z 
2026-10-10T12:00:06.9706729Z {"status":"PASS","outputs":15,"schemas":346,"operations":245,"routes":61}
2026-10-10T12:00:07.0439758Z 
2026-10-10T12:00:07.0440304Z > botsales-frontend@0.1.0 test:source
2026-10-10T12:00:07.0440707Z > node scripts/check-source.mjs && node --test tests/source-checker.test.mjs
2026-10-10T12:00:07.0440886Z 
2026-10-10T12:00:07.3720380Z {
2026-10-10T12:00:07.3720682Z   "checkedAt": "2026-10-10T12:00:07.370Z",
2026-10-10T12:00:07.3721112Z   "scope": "Syntax, operation identifiers, route-source mapping, permissions and token adoption. NOT React typecheck, build or browser test.",
2026-10-10T12:00:07.3721447Z   "compiler": "5.9.2",
2026-10-10T12:00:07.3721603Z   "compilerSource": "project dependency",
2026-10-10T12:00:07.3721761Z   "files": 85,
2026-10-10T12:00:07.3721882Z   "operationCalls": 262,
2026-10-10T12:00:07.3722011Z   "routes": 61,
2026-10-10T12:00:07.3722125Z   "issues": [],
2026-10-10T12:00:07.3722239Z   "status": "PASS"
2026-10-10T12:00:07.3722350Z }
2026-10-10T12:00:07.6935192Z ✔ module path classification accepts Windows and POSIX spellings, but excludes app files (0.699953ms)
2026-10-10T12:00:07.6936782Z ✔ the source-checker CLI rejects a prohibited color literal in a module (124.619036ms)
2026-10-10T12:00:07.6938047Z ✔ the source-checker CLI accepts a token-based module and leaves app-level colors outside the rule (128.628051ms)
2026-10-10T12:00:07.7003455Z ℹ tests 3
2026-10-10T12:00:07.7003657Z ℹ suites 0
2026-10-10T12:00:07.7003859Z ℹ pass 3
2026-10-10T12:00:07.7004030Z ℹ fail 0
2026-10-10T12:00:07.7004212Z ℹ cancelled 0
2026-10-10T12:00:07.7004758Z ℹ skipped 0
2026-10-10T12:00:07.7004941Z ℹ todo 0
2026-10-10T12:00:07.7005147Z ℹ duration_ms 293.048573
2026-10-10T12:00:07.7657213Z 
2026-10-10T12:00:07.7657747Z > botsales-frontend@0.1.0 boundaries
2026-10-10T12:00:07.7658022Z > node scripts/check-boundaries.mjs
2026-10-10T12:00:07.7658132Z 
2026-10-10T12:00:09.5295993Z {
2026-10-10T12:00:09.5296338Z   "checkedAt": "2026-10-10T12:00:09.431Z",
2026-10-10T12:00:09.5296911Z   "scope": "AST imports resolve aliases/relative paths, module boundaries and cycles; parser diagnostics are errors",
2026-10-10T12:00:09.5297397Z   "files": 85,
2026-10-10T12:00:09.5297596Z   "imports": 722,
2026-10-10T12:00:09.5298235Z   "negativeFixtures": "Boundary fixtures: PASS 10/10 scenarios (allowed shared/public imports, alias, relative, app deep import, type-only, dynamic, unresolved, cycle, parser error).",
2026-10-10T12:00:09.5298850Z   "status": "PASS",
2026-10-10T12:00:09.5299035Z   "issues": []
2026-10-10T12:00:09.5299205Z }
2026-10-10T12:00:09.6052875Z 
2026-10-10T12:00:09.6053462Z > botsales-frontend@0.1.0 lint
2026-10-10T12:00:09.6053863Z > eslint apps/web/src --max-warnings 0
2026-10-10T12:00:09.6054041Z 
2026-10-10T12:00:11.8841169Z 
2026-10-10T12:00:11.8841768Z > botsales-frontend@0.1.0 typecheck
2026-10-10T12:00:11.8842178Z > tsc -p apps/web/tsconfig.json --noEmit
2026-10-10T12:00:11.8842350Z 
2026-10-10T12:00:16.3092136Z 
2026-10-10T12:00:16.3092635Z > botsales-frontend@0.1.0 test:domain
2026-10-10T12:00:16.3092905Z > node scripts/test-domain.mjs
2026-10-10T12:00:16.3093049Z 
2026-10-10T12:00:21.8575145Z {"status":"PASS","simulatorChecks":86,"networkChecks":31,"networkHandlers":245,"passed":117,"operations":100,"node":"v24.21.0","typescript":"5.9.2"}
2026-10-10T12:00:21.9571851Z 
2026-10-10T12:00:21.9572440Z > botsales-frontend@0.1.0 test
2026-10-10T12:00:21.9572749Z > vitest run --config apps/web/vitest.config.ts
2026-10-10T12:00:21.9572884Z 
2026-10-10T12:00:22.1307424Z 
2026-10-10T12:00:22.1308890Z [1m[30m[46m RUN [49m[39m[22m [36mv5.0.3 [39m[90m/home/runner/work/Bot-AI-Ban-hang-FB/Bot-AI-Ban-hang-FB/BotSalesAI_Frontend[39m
2026-10-10T12:00:22.1309416Z 
2026-10-10T12:00:23.7898052Z  [32m✓[39m apps/web/tests/api-client.test.tsx [2m([22m[2m25 tests[22m[2m)[22m[33m 896[2mms[22m[39m
2026-10-10T12:00:23.7898752Z    [32m✓[39m typed HTTP boundary [2m(25)[22m
2026-10-10T12:00:23.7899437Z      [33m[2m✓[22m[39m waits for command completion after HTTP 202 before resolving useCommand[33m 416[2mms[22m[39m
2026-10-10T12:00:23.7909623Z      [33m[2m✓[22m[39m keeps an accepted command unresolved when command status polling fails[33m 406[2mms[22m[39m
2026-10-10T12:00:24.6155499Z  [32m✓[39m apps/web/tests/purchase-delegation.test.ts [2m([22m[2m7 tests[22m[2m)[22m[32m 125[2mms[22m[39m
2026-10-10T12:00:24.9795034Z [90mstderr[2m | apps/web/tests/shared-ui-render-contract.test.tsx[2m > [22m[2mS10 shared component rendered-slot contract[2m > [22m[2mEditDialog guards custom actions and the Escape close path for dirty and busy states
2026-10-10T12:00:24.9826582Z [22m[39mAn update to ForwardRef(FormControl) inside a test was not wrapped in act(...).
2026-10-10T12:00:24.9827364Z 
2026-10-10T12:00:24.9827945Z When testing, code that causes React state updates should be wrapped into act(...):
2026-10-10T12:00:24.9828434Z 
2026-10-10T12:00:24.9828656Z act(() => {
2026-10-10T12:00:24.9829018Z   /* fire events that update state */
2026-10-10T12:00:24.9829391Z });
2026-10-10T12:00:24.9829731Z /* assert on the output */
2026-10-10T12:00:24.9830742Z 
2026-10-10T12:00:24.9831421Z This ensures that you're testing the behavior the user would see in the browser. Learn more at https://react.dev/link/wrap-tests-with-act
2026-10-10T12:00:24.9868341Z An update to ForwardRef(FormControl) inside a test was not wrapped in act(...).
2026-10-10T12:00:24.9869009Z 
2026-10-10T12:00:24.9869449Z When testing, code that causes React state updates should be wrapped into act(...):
2026-10-10T12:00:24.9873489Z 
2026-10-10T12:00:24.9873874Z act(() => {
2026-10-10T12:00:24.9874269Z   /* fire events that update state */
2026-10-10T12:00:24.9874677Z });
2026-10-10T12:00:24.9875022Z /* assert on the output */
2026-10-10T12:00:24.9875335Z 
2026-10-10T12:00:24.9876088Z This ensures that you're testing the behavior the user would see in the browser. Learn more at https://react.dev/link/wrap-tests-with-act
2026-10-10T12:00:24.9876766Z 
2026-10-10T12:00:24.9878470Z [90mstderr[2m | apps/web/tests/shared-ui-render-contract.test.tsx[2m > [22m[2mS10 shared component rendered-slot contract[2m > [22m[2mEditDialog guards custom actions and the Escape close path for dirty and busy states
2026-10-10T12:00:24.9921402Z [22m[39mA component suspended inside an `act` scope, but the `act` call was not awaited. When testing React components that depend on asynchronous data, you must await the result:
2026-10-10T12:00:24.9958607Z 
2026-10-10T12:00:24.9961634Z await act(() => ...)
2026-10-10T12:00:24.9970699Z 
2026-10-10T12:00:25.3003865Z  [32m✓[39m apps/web/tests/privacy-consent.test.ts [2m([22m[2m6 tests[22m[2m)[22m[32m 74[2mms[22m[39m
2026-10-10T12:00:25.4142101Z [90mstderr[2m | apps/web/tests/shared-ui-render-contract.test.tsx[2m > [22m[2mS10 shared component rendered-slot contract[2m > [22m[2mEditDialog guards custom actions and the backdrop close path for dirty and busy states
2026-10-10T12:00:25.4171668Z [22m[39mAn update to ForwardRef(FormControl) inside a test was not wrapped in act(...).
2026-10-10T12:00:25.4182486Z 
2026-10-10T12:00:25.4183214Z When testing, code that causes React state updates should be wrapped into act(...):
2026-10-10T12:00:25.4183753Z 
2026-10-10T12:00:25.4184437Z act(() => {
2026-10-10T12:00:25.4184871Z   /* fire events that update state */
2026-10-10T12:00:25.4185244Z });
2026-10-10T12:00:25.4185580Z /* assert on the output */
2026-10-10T12:00:25.4185850Z 
2026-10-10T12:00:25.4186498Z This ensures that you're testing the behavior the user would see in the browser. Learn more at https://react.dev/link/wrap-tests-with-act
2026-10-10T12:00:25.4188532Z An update to ForwardRef(FormControl) inside a test was not wrapped in act(...).
2026-10-10T12:00:25.4188977Z 
2026-10-10T12:00:25.4189390Z When testing, code that causes React state updates should be wrapped into act(...):
2026-10-10T12:00:25.4189821Z 
2026-10-10T12:00:25.4190181Z act(() => {
2026-10-10T12:00:25.4190539Z   /* fire events that update state */
2026-10-10T12:00:25.4190904Z });
2026-10-10T12:00:25.4191230Z /* assert on the output */
2026-10-10T12:00:25.4191522Z 
2026-10-10T12:00:25.4192204Z This ensures that you're testing the behavior the user would see in the browser. Learn more at https://react.dev/link/wrap-tests-with-act
2026-10-10T12:00:25.4192918Z 
2026-10-10T12:00:26.2040932Z  [32m✓[39m apps/web/tests/command-lifetime.test.tsx [2m([22m[2m11 tests[22m[2m)[22m[32m 115[2mms[22m[39m
2026-10-10T12:00:27.0231913Z  [32m✓[39m apps/web/tests/media-inbox.test.ts [2m([22m[2m6 tests[22m[2m)[22m[32m 98[2mms[22m[39m
2026-10-10T12:00:27.4678137Z  [32m✓[39m apps/web/tests/shared-ui-render-contract.test.tsx [2m([22m[2m54 tests[22m[2m)[22m[33m 4286[2mms[22m[39m
2026-10-10T12:00:27.4691358Z    [32m✓[39m S10 shared component rendered-slot contract [2m(30)[22m
2026-10-10T12:00:27.4692311Z      [33m[2m✓[22m[39m DraftConflict requires a two-sided choice, excludes hidden data, and applies only to the draft[33m 413[2mms[22m[39m
2026-10-10T12:00:27.4693498Z      [33m[2m✓[22m[39m EditDialog guards custom actions and the footer close path for dirty and busy states[33m 414[2mms[22m[39m
2026-10-10T12:00:27.4695125Z      [33m[2m✓[22m[39m EditDialog guards custom actions and the icon close path for dirty and busy states[33m 409[2mms[22m[39m
2026-10-10T12:00:27.4696112Z      [33m[2m✓[22m[39m EditDialog guards custom actions and the Escape close path for dirty and busy states[33m 464[2mms[22m[39m
2026-10-10T12:00:27.4697110Z      [33m[2m✓[22m[39m EditDialog guards custom actions and the backdrop close path for dirty and busy states[33m 453[2mms[22m[39m
2026-10-10T12:00:27.4698134Z      [33m[2m✓[22m[39m ConfirmDialog validates the reason and keeps a rejected action visible[33m 977[2mms[22m[39m
2026-10-10T12:00:28.6508643Z  [32m✓[39m apps/web/tests/scope-events.test.tsx [2m([22m[2m18 tests[22m[2m)[22m[32m 35[2mms[22m[39m
2026-10-10T12:00:29.0246119Z  [32m✓[39m apps/web/tests/versioned-draft.test.tsx [2m([22m[2m7 tests[22m[2m)[22m[32m 21[2mms[22m[39m
2026-10-10T12:00:29.1453898Z  [32m✓[39m apps/web/tests/states/fe023-state.test.tsx [2m([22m[2m12 tests[22m[2m)[22m[33m 1184[2mms[22m[39m
2026-10-10T12:00:29.1481070Z    [32m✓[39m FE023 shared state and form behavior [2m(12)[22m
2026-10-10T12:00:29.1488136Z      [33m[2m✓[22m[39m asks before closing a dialog with a dirty field and keeps the field until discard is chosen[33m 849[2mms[22m[39m
2026-10-10T12:00:29.4627511Z  [32m✓[39m apps/web/tests/fe021-source-map.test.ts [2m([22m[2m3 tests[22m[2m)[22m[32m 8[2mms[22m[39m
2026-10-10T12:00:29.6283349Z  [32m✓[39m apps/web/tests/marketing-report.test.ts [2m([22m[2m11 tests[22m[2m)[22m[32m 37[2mms[22m[39m
2026-10-10T12:00:30.0709672Z  [32m✓[39m apps/web/tests/timezone.test.ts [2m([22m[2m10 tests[22m[2m)[22m[32m 17[2mms[22m[39m
2026-10-10T12:00:30.6342007Z [BABEL] Note: The code generator has deoptimised the styling of /tmp/botsales-vite-cache/2fbc71299afedf720605/direct-vite/3770/deps/react-dom_client.js?v=c8e5d580 as it exceeds the max of 500KB.
2026-10-10T12:00:30.6365314Z  [32m✓[39m apps/web/tests/components.test.tsx [2m([22m[2m25 tests[22m[2m)[22m[33m 7446[2mms[22m[39m
2026-10-10T12:00:30.6372483Z    [32m✓[39m Accessible shared presentation [2m(19)[22m
2026-10-10T12:00:30.6390831Z      [33m[2m✓[22m[39m associates form errors with the visible label and returns focus after dialog close[33m 303[2mms[22m[39m
2026-10-10T12:00:30.6394606Z      [33m[2m✓[22m[39m reflows the real mock application from 320px to 1440px and passes browser axe[33m 6175[2mms[22m[39m
2026-10-10T12:00:30.8216153Z  [32m✓[39m apps/web/tests/confirmation.test.tsx [2m([22m[2m4 tests[22m[2m)[22m[33m 488[2mms[22m[39m
2026-10-10T12:00:31.2117850Z  [32m✓[39m apps/web/tests/format.test.ts [2m([22m[2m12 tests[22m[2m)[22m[32m 28[2mms[22m[39m
2026-10-10T12:00:31.2388453Z  [32m✓[39m apps/web/tests/composition.test.tsx [2m([22m[2m3 tests[22m[2m)[22m[32m 261[2mms[22m[39m
2026-10-10T12:00:31.3448537Z  [32m✓[39m apps/web/tests/report-utils.test.ts [2m([22m[2m6 tests[22m[2m)[22m[32m 22[2mms[22m[39m
2026-10-10T12:00:31.6766879Z  [32m✓[39m apps/web/tests/catalog-import-file.test.ts [2m([22m[2m5 tests[22m[2m)[22m[32m 4[2mms[22m[39m
2026-10-10T12:00:31.6876814Z  [32m✓[39m apps/web/tests/domain-labels.test.ts [2m([22m[2m3 tests[22m[2m)[22m[32m 10[2mms[22m[39m
2026-10-10T12:00:31.7952064Z  [32m✓[39m apps/web/tests/push-capabilities.test.ts [2m([22m[2m2 tests[22m[2m)[22m[32m 4[2mms[22m[39m
2026-10-10T12:00:32.1810993Z  [32m✓[39m apps/web/tests/list-return.test.ts [2m([22m[2m3 tests[22m[2m)[22m[32m 3[2mms[22m[39m
2026-10-10T12:00:32.2831293Z  [32m✓[39m apps/web/tests/route-metadata.test.ts [2m([22m[2m2 tests[22m[2m)[22m[32m 26[2mms[22m[39m
2026-10-10T12:00:32.5381929Z  [32m✓[39m apps/web/tests/dashboard-labels.test.ts [2m([22m[2m3 tests[22m[2m)[22m[32m 3[2mms[22m[39m
2026-10-10T12:00:32.5403026Z 
2026-10-10T12:00:32.5406052Z [2m Test Files [22m [1m[32m23 passed[39m[22m[90m (23)[39m
2026-10-10T12:00:32.5407061Z [2m      Tests [22m [1m[32m238 passed[39m[22m[90m (238)[39m
2026-10-10T12:00:32.5407625Z [2m   Start at [22m 12:00:22
2026-10-10T12:00:32.5410736Z [2m   Duration [22m 10.40s[2m (tests 54%, environment 24%, import 15%, setup 4%, transform 4%)[22m
2026-10-10T12:00:32.5420038Z 
2026-10-10T12:00:32.5420690Z [2m    Isolate [22m [33m23 workers spawned[39m[2m · ~380ms startup each (spawn + environment, per file)[22m
2026-10-10T12:00:32.5421638Z [2m            [22m [2mat least ~2.53s faster with [22m[33misolate: false[39m[2m — reuses workers across files instead of one per file[22m
2026-10-10T12:00:32.5422059Z 
2026-10-10T12:00:32.6391573Z 
2026-10-10T12:00:32.6392154Z > botsales-frontend@0.1.0 build
2026-10-10T12:00:32.6392538Z > npm run generate:check && npm run typecheck && npm run build --workspace @botsales/web
2026-10-10T12:00:32.6392731Z 
2026-10-10T12:00:32.6996515Z 
2026-10-10T12:00:32.6997246Z > botsales-frontend@0.1.0 generate:check
2026-10-10T12:00:32.6997706Z > node scripts/generate.mjs --check
2026-10-10T12:00:32.6997880Z 
2026-10-10T12:00:32.8313887Z {"status":"PASS","outputs":15,"schemas":346,"operations":245,"routes":61}
2026-10-10T12:00:32.9400079Z 
2026-10-10T12:00:32.9400797Z > botsales-frontend@0.1.0 typecheck
2026-10-10T12:00:32.9401180Z > tsc -p apps/web/tsconfig.json --noEmit
2026-10-10T12:00:32.9401310Z 
2026-10-10T12:00:37.3994925Z 
2026-10-10T12:00:37.3995454Z > @botsales/web@0.1.0 build
2026-10-10T12:00:37.3995736Z > vite build --mode production
2026-10-10T12:00:37.3995839Z 
2026-10-10T12:00:37.5258248Z [36mvite v7.3.6 [32mbuilding client environment for production...[36m[39m
2026-10-10T12:00:37.5728201Z transforming...
2026-10-10T12:00:41.2438871Z [32m✓[39m 2077 modules transformed.
2026-10-10T12:00:41.6587170Z rendering chunks...
2026-10-10T12:00:41.7993692Z computing gzip size...
2026-10-10T12:00:41.8153575Z [2mdist/[22m[32mindex.html                            [39m[1m[2m  1.23 kB[22m[1m[22m[2m │ gzip:   0.61 kB[22m
2026-10-10T12:00:41.8156948Z [2mdist/[22m[2massets/[22m[35mindex-BQPx7lJM.css             [39m[1m[2m  3.56 kB[22m[1m[22m[2m │ gzip:   1.33 kB[22m
2026-10-10T12:00:41.8157964Z [2mdist/[22m[2massets/[22m[36mdownload-8lJFmiSZ.js           [39m[1m[2m  0.23 kB[22m[1m[22m[2m │ gzip:   0.17 kB[22m
2026-10-10T12:00:41.8158748Z [2mdist/[22m[2massets/[22m[36mfilters-CM07jGKE.js            [39m[1m[2m  0.32 kB[22m[1m[22m[2m │ gzip:   0.25 kB[22m
2026-10-10T12:00:41.8159562Z [2mdist/[22m[2massets/[22m[36mhooks-L2nh8X7I.js              [39m[1m[2m  4.59 kB[22m[1m[22m[2m │ gzip:   2.15 kB[22m
2026-10-10T12:00:41.8161011Z [2mdist/[22m[2massets/[22m[36mdraft-conflict-CQUoJQ4o.js     [39m[1m[2m  5.37 kB[22m[1m[22m[2m │ gzip:   2.49 kB[22m
2026-10-10T12:00:41.8161826Z [2mdist/[22m[2massets/[22m[36mindex-mquMxiPF.js              [39m[1m[2m  8.25 kB[22m[1m[22m[2m │ gzip:   3.27 kB[22m
2026-10-10T12:00:41.8162614Z [2mdist/[22m[2massets/[22m[36mindex-CiWOs-TV.js              [39m[1m[2m  9.42 kB[22m[1m[22m[2m │ gzip:   3.73 kB[22m
2026-10-10T12:00:41.8163373Z [2mdist/[22m[2massets/[22m[36mindex-DQGrQuEv.js              [39m[1m[2m 13.14 kB[22m[1m[22m[2m │ gzip:   5.19 kB[22m
2026-10-10T12:00:41.8164177Z [2mdist/[22m[2massets/[22m[36mindex-OVGPogNo.js              [39m[1m[2m 15.39 kB[22m[1m[22m[2m │ gzip:   5.90 kB[22m
2026-10-10T12:00:41.8164797Z [2mdist/[22m[2massets/[22m[36mindex-Bd9mcE3C.js              [39m[1m[2m 16.98 kB[22m[1m[22m[2m │ gzip:   5.58 kB[22m
2026-10-10T12:00:41.8165314Z [2mdist/[22m[2massets/[22m[36mindex-Bg61UgeK.js              [39m[1m[2m 16.99 kB[22m[1m[22m[2m │ gzip:   5.81 kB[22m
2026-10-10T12:00:41.8165813Z [2mdist/[22m[2massets/[22m[36mindex-PCRh2M1X.js              [39m[1m[2m 18.85 kB[22m[1m[22m[2m │ gzip:   6.33 kB[22m
2026-10-10T12:00:41.8166305Z [2mdist/[22m[2massets/[22m[36mindex-BUtDDvPf.js              [39m[1m[2m 19.08 kB[22m[1m[22m[2m │ gzip:   7.02 kB[22m
2026-10-10T12:00:41.8166993Z [2mdist/[22m[2massets/[22m[36mindex-CvmCKMdV.js              [39m[1m[2m 20.90 kB[22m[1m[22m[2m │ gzip:   6.92 kB[22m
2026-10-10T12:00:41.8167477Z [2mdist/[22m[2massets/[22m[36mindex-Dzt3sNfY.js              [39m[1m[2m 21.23 kB[22m[1m[22m[2m │ gzip:   7.65 kB[22m
2026-10-10T12:00:41.8167957Z [2mdist/[22m[2massets/[22m[36mindex-RfTtRmBG.js              [39m[1m[2m 24.80 kB[22m[1m[22m[2m │ gzip:   8.25 kB[22m
2026-10-10T12:00:41.8168443Z [2mdist/[22m[2massets/[22m[36mindex-DWs4xu4k.js              [39m[1m[2m 25.06 kB[22m[1m[22m[2m │ gzip:   8.46 kB[22m
2026-10-10T12:00:41.8168947Z [2mdist/[22m[2massets/[22m[36mindex-BSXDucyP.js              [39m[1m[2m 30.93 kB[22m[1m[22m[2m │ gzip:   9.93 kB[22m
2026-10-10T12:00:41.8169489Z [2mdist/[22m[2massets/[22m[36mindex-DattA6PL.js              [39m[1m[2m 32.48 kB[22m[1m[22m[2m │ gzip:  10.82 kB[22m
2026-10-10T12:00:41.8170190Z [2mdist/[22m[2massets/[22m[36mquery-Df7VyXaF.js              [39m[1m[2m 33.15 kB[22m[1m[22m[2m │ gzip:   9.92 kB[22m
2026-10-10T12:00:41.8170822Z [2mdist/[22m[2massets/[22m[36mindex-WDyY7fx-.js              [39m[1m[2m 42.03 kB[22m[1m[22m[2m │ gzip:  11.49 kB[22m
2026-10-10T12:00:41.8171392Z [2mdist/[22m[2massets/[22m[36mi18n-D4N_7Z3Q.js               [39m[1m[2m 46.14 kB[22m[1m[22m[2m │ gzip:  15.12 kB[22m
2026-10-10T12:00:41.8171902Z [2mdist/[22m[2massets/[22m[36mindex-BeRebE9w.js              [39m[1m[2m 64.28 kB[22m[1m[22m[2m │ gzip:  17.67 kB[22m
2026-10-10T12:00:41.8172407Z [2mdist/[22m[2massets/[22m[36mschemas-CoWCwirf.js            [39m[1m[2m 85.75 kB[22m[1m[22m[2m │ gzip:  25.72 kB[22m
2026-10-10T12:00:41.8172968Z [2mdist/[22m[2massets/[22m[36mindex-DgXyZ4_1.js              [39m[1m[2m100.89 kB[22m[1m[22m[2m │ gzip:  32.02 kB[22m
2026-10-10T12:00:41.8173518Z [2mdist/[22m[2massets/[22m[36mschema-validation-B78jEm7B.js  [39m[1m[2m149.80 kB[22m[1m[22m[2m │ gzip:  45.12 kB[22m
2026-10-10T12:00:41.8174168Z [2mdist/[22m[2massets/[22m[36mreact-runtime-gLMyUIL2.js      [39m[1m[2m279.79 kB[22m[1m[22m[2m │ gzip:  90.28 kB[22m
2026-10-10T12:00:41.8174769Z [2mdist/[22m[2massets/[22m[36mcharts-BwhaRlrs.js             [39m[1m[2m320.23 kB[22m[1m[22m[2m │ gzip:  96.79 kB[22m
2026-10-10T12:00:41.8175281Z [2mdist/[22m[2massets/[22m[36mmui-CJj7QyVx.js                [39m[1m[2m328.77 kB[22m[1m[22m[2m │ gzip: 100.20 kB[22m
2026-10-10T12:00:41.8175798Z [2mdist/[22m[2massets/[22m[36mcontract-data-BRT-TOMX.js      [39m[1m[2m368.62 kB[22m[1m[22m[2m │ gzip:  42.83 kB[22m
2026-10-10T12:00:41.8176136Z [32m✓ built in 4.27s[39m
2026-10-10T12:00:41.9615113Z 
2026-10-10T12:00:41.9615967Z > botsales-frontend@0.1.0 test:layout
2026-10-10T12:00:41.9616590Z > node --test tests/layout-checker.test.mjs tests/ui-layout-binding-gates.test.mjs && node scripts/check-layout.mjs
2026-10-10T12:00:41.9616880Z 
2026-10-10T12:01:12.4212226Z ✔ CSS label gap accepts the canonical direct pixel constructor and its exact owner/property (1363.038767ms)
2026-10-10T12:01:12.4219573Z ✔ CSS label gap cannot be used as an unrelated spacing property (1340.938941ms)
2026-10-10T12:01:12.4220614Z ✔ CSS label gap rejects a raw pixel constructor argument (1448.940849ms)
2026-10-10T12:01:12.4221313Z ✔ CSS label gap cannot impersonate a role from another owner (1401.331358ms)
2026-10-10T12:01:12.4222136Z ✔ accepts semantic bridge roles, the closed token-derived factor map, geometry, and reset values (1415.312243ms)
2026-10-10T12:01:12.4222927Z ✔ rejects a CSS spacing role without a declared shared owner (1515.501484ms)
2026-10-10T12:01:12.4228195Z ✔ rejects scale-conforming and off-scale literals in sx, responsive leaves, named and namespace MUI System props (1479.429816ms)
2026-10-10T12:01:12.4244778Z ✔ follows local aliases and style callbacks; rejects theme spacing helpers and preset overrides (1431.386828ms)
2026-10-10T12:01:12.4246277Z ✔ scans nested slotProps but does not confuse event handlers or geometric dimensions with spacing (1405.372609ms)
2026-10-10T12:01:12.4254824Z ✔ keeps Panel geometry inspectable and rejects spacing hidden in its geometry prop (4036.202231ms)
2026-10-10T12:01:12.4255739Z ✔ accepts only an exact CSS exception and reports stale or mismatched exception scope (4167.632669ms)
2026-10-10T12:01:12.4256667Z ✔ rejects malformed TypeScript, malformed CSS, bad exception schema, and raw values in the bridge (5264.454515ms)
2026-10-10T12:01:12.4257571Z ✔ rejects canonical pixel tokens used as MUI factors and an altered bridge factor table (2765.63603ms)
2026-10-10T12:01:12.4258388Z ✔ report mode inventories migration debt without turning findings into PASS (1358.918091ms)
2026-10-10T12:02:38.7522742Z ✔ canonical writes through casts and aliases fail outside style expressions (1446.099124ms)
2026-10-10T12:02:38.7527509Z ✔ Object.assign cannot mutate canonical data but can copy to a fresh object (2922.131584ms)
2026-10-10T12:02:38.7528258Z ✔ layout gate rejects raw spacing on const alias of MUI component (1522.453835ms)
2026-10-10T12:02:38.7528900Z ✔ canonical mutation gate follows global mutator aliases and reflection (1581.219872ms)
2026-10-10T12:02:38.7529493Z ✔ local mutator names do not acquire global mutation identity (1476.384573ms)
2026-10-10T12:02:38.7530256Z ✔ destructured mutators and call/apply retain canonical mutation checks (1476.047939ms)
2026-10-10T12:02:38.7530897Z ✔ global mutator call/apply can copy canonical values into fresh objects (1441.088538ms)
2026-10-10T12:02:38.7536289Z ✔ mutable aliases with possible canonical destinations fail closed (1444.476915ms)
2026-10-10T12:02:38.7536984Z ✔ opaque apply arguments fail closed while unrelated mutable data stays valid (2852.154037ms)
2026-10-10T12:02:38.7537704Z ✔ canonical references inside containers and destructured aliases cannot be mutated (1444.95421ms)
2026-10-10T12:02:38.7546189Z ✔ independent shallow copies of scalar canonical fields remain mutable (1411.863265ms)
2026-10-10T12:02:38.7551265Z ✔ array references and nested destructuring preserve canonical write provenance (1440.515977ms)
2026-10-10T12:02:38.7563981Z ✔ array destinations distinguish independent elements from canonical references (1403.252198ms)
2026-10-10T12:02:38.7564804Z ✔ array destructuring, dynamic indices and spread cannot hide canonical references (1494.613889ms)
2026-10-10T12:02:38.7567658Z ✔ dynamic indices and destructuring of independent arrays stay mutable (1397.498006ms)
2026-10-10T12:02:38.7568363Z ✔ function parameters cannot hide canonical mutation across source files (1465.559001ms)
2026-10-10T12:02:38.7569034Z ✔ read-only helpers and mutations of unrelated arguments remain valid (1392.787415ms)
2026-10-10T12:02:38.7569681Z ✔ returned canonical references remain protected across helper boundaries (1436.825846ms)
2026-10-10T12:02:38.7570521Z ✔ helper returns of fresh scalar copies do not retain canonical destination identity (1412.562237ms)
2026-10-10T12:02:38.7571174Z ✔ destructured object parameters cannot mutate canonical arguments (1032.323763ms)
2026-10-10T12:02:38.7571801Z ✔ destructured object parameters retain independent argument mutability (1012.290704ms)
2026-10-10T12:02:38.7572457Z ✔ default parameter and binding initializers cannot hide canonical mutations (1039.039724ms)
2026-10-10T12:02:38.7573028Z ✔ fresh default parameter and binding copies remain mutable (1031.405415ms)
2026-10-10T12:02:38.7573367Z ✔ rest parameters retain canonical argument write provenance (1079.048242ms)
2026-10-10T12:02:38.7573751Z ✔ rest parameters distinguish independent positions from canonical siblings (1019.970786ms)
2026-10-10T12:02:38.7574155Z ✔ finite spread arguments preserve shifted positional and rest destinations (1049.66357ms)
2026-10-10T12:02:38.7574558Z ✔ finite spread expansion keeps independent argument positions mutable (1034.246305ms)
2026-10-10T12:02:38.7574920Z ✔ opaque spreads keep positional mutation destinations unknown (1109.737014ms)
2026-10-10T12:02:38.7575512Z ✔ opaque spreads into read-only helpers do not invent mutation findings (1039.92359ms)
2026-10-10T12:02:38.7575933Z ✔ array parameter patterns retain canonical positions including nested object arrays (1088.973522ms)
2026-10-10T12:02:38.7576335Z ✔ array parameter patterns retain independent bound element mutability (1186.399402ms)
2026-10-10T12:02:38.7576697Z ✔ layout gate rejects parameter shadow of canonical layout name (1051.153823ms)
2026-10-10T12:02:38.7577020Z ✔ layout gate follows genuine renamed styled factory (1085.077363ms)
2026-10-10T12:02:38.7577377Z ✔ layout gate accepts canonical namespace, element access and barrel alias (1050.007143ms)
2026-10-10T12:02:38.7577748Z ✔ layout gate does not mistake local component named Stack for MUI (1060.269316ms)
2026-10-10T12:02:38.7578084Z ✔ layout gate inspects renamed installed Emotion css tag (1139.456152ms)
2026-10-10T12:02:38.7578429Z ✔ layout gate preserves genuine aliased Controller field forwarding (1116.776856ms)
2026-10-10T12:02:38.7584632Z ✔ a same-named local Controller cannot exempt an unknown prop spread (1103.153967ms)
2026-10-10T12:02:38.7591132Z ✔ genuine useForm registration survives property and destructured aliases (1088.772228ms)
2026-10-10T12:02:38.7593311Z ✔ a function named register cannot exempt injected style props (1065.351693ms)
2026-10-10T12:02:38.7594051Z ✔ a bridge callback parameter cannot impersonate its private factor binding (1031.573987ms)
2026-10-10T12:02:38.7594728Z ✔ opaque namespace component selection remains a strict binding failure (1031.092861ms)
2026-10-10T12:02:38.7595284Z ✔ opaque namespace factory cannot hide style arguments (1039.557014ms)
2026-10-10T12:02:38.7595843Z ✔ MUI re-export cannot hide raw spacing behind a first-party barrel (1078.078505ms)
2026-10-10T12:02:38.7600395Z ✔ destructuring assignments cannot hide canonical write targets (1069.910477ms)
2026-10-10T12:02:38.7600987Z ✔ destructuring assignments can update independent copied destinations (1037.683372ms)
2026-10-10T12:02:38.7611447Z ✔ object rest retains nested canonical references while copying the outer object (1074.119093ms)
2026-10-10T12:02:38.7612432Z ✔ rest scalar copies and replacement of container references stay mutable (1157.343729ms)
2026-10-10T12:02:38.7643817Z ✔ shallow object spread preserves canonical child references and last-writer order (1050.801744ms)
2026-10-10T12:02:38.7649069Z ✔ shallow spread with a later independent override stays mutable (1082.937301ms)
2026-10-10T12:02:38.7649998Z ✔ exported mutable aliases retain assignments from their declaring file (1136.678668ms)
2026-10-10T12:02:38.7650761Z ✔ exported independent mutable data does not acquire canonical provenance (1103.384762ms)
2026-10-10T12:02:38.7651564Z ✔ literal computed keys retain canonical container and parameter provenance (1090.808261ms)
2026-10-10T12:02:38.7652317Z ✔ literal computed keys do not taint independent selected properties (1112.69543ms)
2026-10-10T12:02:38.7653107Z ✔ Object.assign shallow copies retain canonical nested reference provenance (1161.779705ms)
2026-10-10T12:02:38.7653673Z ✔ Object.assign later independent overrides and scalar copies stay mutable (1140.855962ms)
2026-10-10T12:02:38.7654157Z ✔ union and dynamic property selections retain possible canonical destinations (1151.942555ms)
2026-10-10T12:02:38.7654613Z ✔ finite union property selections exclude canonical siblings not in the key set (1178.887447ms)
2026-10-10T12:02:38.7655047Z ✔ union selection over Object.assign output retains canonical child provenance (1117.593083ms)
2026-10-10T12:02:38.7655683Z ✔ union selection over independent Object.assign output remains mutable (1153.81817ms)
2026-10-10T12:02:38.7656361Z ✔ Reflect.set call/apply checks the target argument rather than the assigned value (3431.53959ms)
2026-10-10T12:02:38.7657080Z ✔ aliased React createElement checks MUI and native style objects (1106.133537ms)
2026-10-10T12:02:38.7657782Z ✔ GlobalStyles.styles is checked and local createElement names stay local (2185.855592ms)
2026-10-10T12:02:38.7658675Z ✔ React JSX runtime factories cannot bypass MUI or native style checks (1090.878551ms)
2026-10-10T12:02:38.7659085Z ✔ React cloneElement checks the cloned MUI element and preserves native props (4332.059112ms)
2026-10-10T12:02:38.7659528Z ✔ Emotion css props and object factories are inspected with native CSS semantics (3238.764207ms)
2026-10-10T12:02:38.7660386Z ✔ Inline style elements in JSX, React factories, DOM and the HTML entry fail closed (8777.940649ms)
2026-10-10T12:02:38.7660858Z ✔ DOM CSSOM spacing writes use semantic roles and reject opaque style strings (2241.128065ms)
2026-10-10T12:02:38.7661330Z ✔ HTML parsing and runtime stylesheet mutation cannot bypass the imported CSS boundary (2193.21504ms)
2026-10-10T12:02:38.7661816Z ✔ spacing shorthand values and responsive breakpoints preserve token and unit provenance (10927.212228ms)
2026-10-10T12:02:38.7662264Z ✔ function return producers cannot hide canonical children behind spreads (1089.326299ms)
2026-10-10T12:02:38.7662668Z ✔ producer spreads keep later independent child overrides writable (1162.740632ms)
2026-10-10T12:02:38.7717795Z ℹ tests 86
2026-10-10T12:02:38.7718020Z ℹ suites 0
2026-10-10T12:02:38.7718243Z ℹ pass 86
2026-10-10T12:02:38.7718440Z ℹ fail 0
2026-10-10T12:02:38.7718644Z ℹ cancelled 0
2026-10-10T12:02:38.7718849Z ℹ skipped 0
2026-10-10T12:02:38.7718968Z ℹ todo 0
2026-10-10T12:02:38.7719109Z ℹ duration_ms 116787.391937
2026-10-10T12:02:43.8896049Z layout-check PASS: 93 source files, 0 finding(s), 1 exception(s) used
2026-10-10T12:02:44.0372133Z 
2026-10-10T12:02:44.0372586Z > botsales-frontend@0.1.0 test:visual-tokens
2026-10-10T12:02:44.0373182Z > node --test tests/visual-token-checker.test.mjs && node scripts/check-visual-tokens.mjs
2026-10-10T12:02:44.0373523Z 
2026-10-10T12:02:46.6515988Z ✔ visual checker accepts canonical theme roles, token references, geometry and semantic responsive props (678.113521ms)
2026-10-10T12:02:46.6516950Z ✔ visual checker rejects raw literals across sx, JSX system props and CSS declarations (425.765448ms)
2026-10-10T12:02:46.6518239Z ✔ visual checker follows local style aliases and callback themes, but fails raw nested values (394.18831ms)
2026-10-10T12:02:46.6519401Z ✔ visual checker reports unresolved spreads and malformed style sources as UNKNOWN or parse errors (364.751144ms)
2026-10-10T12:02:46.6520229Z ✔ visual checker includes newly added TSX files under the source root (391.265453ms)
2026-10-10T12:02:46.7116373Z ℹ tests 5
2026-10-10T12:02:46.7116669Z ℹ suites 0
2026-10-10T12:02:46.7116896Z ℹ pass 5
2026-10-10T12:02:46.7117138Z ℹ fail 0
2026-10-10T12:02:46.7140867Z ℹ cancelled 0
2026-10-10T12:02:46.7144577Z ℹ skipped 0
2026-10-10T12:02:46.7144885Z ℹ todo 0
2026-10-10T12:02:46.7145148Z ℹ duration_ms 2652.048927
2026-10-10T12:02:50.6721596Z visual-token-check PASS: 92 source files, 0 finding(s)
2026-10-10T12:02:50.8056911Z 
2026-10-10T12:02:50.8057501Z > botsales-frontend@0.1.0 test:ui-composition
2026-10-10T12:02:50.8058190Z > node --test tests/ui-composition-checker.test.mjs tests/ui-composition-ancestry.test.mjs tests/ui-shared-api-contract.test.mjs && node scripts/check-ui-composition.mjs
2026-10-10T12:02:50.8060079Z 
2026-10-10T12:03:02.3802367Z ✔ P10/P15 catch alias and neutral-wrapper duplicate insets through fragments and conditionals (1065.778591ms)
2026-10-10T12:03:02.3807880Z ✔ P20 resolves shared composition identities through a barrel and const component aliases (597.319026ms)
2026-10-10T12:03:02.3808614Z ✔ P11/P13 catch static element access roles on every MUI surface, including Paper (506.708819ms)
2026-10-10T12:03:02.3809247Z ✔ P12 checks React createElement and JSX-runtime element factories (490.500634ms)
2026-10-10T12:03:02.3809867Z ✔ P14 resolves bodyMode literal aliases and fails closed when ownership is unknown (1756.02469ms)
2026-10-10T12:03:02.3810741Z ✔ checks Panel ancestry when React elements are created natively (501.611093ms)
2026-10-10T12:03:02.3811340Z ✔ keeps independent nested surfaces and portaled dialogs as separate owners (954.390844ms)
2026-10-10T12:03:02.3812439Z ✔ accepts finite bodyMode branches and every mode in the public component contracts (1254.230724ms)
2026-10-10T12:03:02.3813143Z ✔ stops inherited gap ownership at Panels and independent bordered surfaces (651.737012ms)
2026-10-10T12:03:02.3813881Z ✔ tracks gaps through fragments, conditions and ready QueryState, but not inside DOM wrappers (321.618357ms)
2026-10-10T12:03:02.3814624Z ✔ applies the same finite modes and wrapper boundaries to native React factories (689.750449ms)
2026-10-10T12:03:02.3815275Z ✔ recognizes native outlined Paper and nested Box surface inset boundaries (643.852078ms)
2026-10-10T12:03:02.3815934Z ✔ fails closed when an unresolved custom wrapper obscures a semantic gap owner (348.139395ms)
2026-10-10T12:03:02.3816709Z ✔ rejects unsupported placement and rhythm values while accepting finite aliases and branches (663.162231ms)
2026-10-10T12:03:02.3817446Z ✔ rejects unsupported finite values through React element factories (658.894631ms)
2026-10-10T12:03:02.4901528Z ✔ accepts semantic composition, closed geometry and business-specific MUI primitives (13.381794ms)
2026-10-10T12:03:02.4902412Z ✔ rejects rebuilding each shared spacing owner at a consumer (8.26307ms)
2026-10-10T12:03:02.4903106Z ✔ follows aliases, local style variables, object spreads and namespace imports (2.858622ms)
2026-10-10T12:03:02.4903745Z ✔ rejects direct and spread spacing overrides on semantic components (2.118131ms)
2026-10-10T12:03:02.4904287Z ✔ rejects spacing or opaque spreads hidden in geometry (1.48597ms)
2026-10-10T12:03:02.4904902Z ✔ allows the canonical owner implementation and fails closed on malformed source (2.653516ms)
2026-10-10T12:03:02.4905540Z ✔ rejects duplicated parent boundary and duplicated Panel inset (1.521043ms)
2026-10-10T12:03:02.4906134Z ✔ checks default MUI imports and fails closed for opaque geometry (1.387313ms)
2026-10-10T12:03:02.4906812Z ✔ distinguishes content grids from flex flows when reporting the shared owner (0.833309ms)
2026-10-10T12:03:02.4907527Z ✔ rejects page spacing for paired fields and peer Panels without a section gap owner (7.633134ms)
2026-10-10T12:03:02.4908747Z ✔ related sibling gaps belong to ActionGroup comfortable density, not consumer Stack styles (2.879784ms)
2026-10-10T12:03:02.4909471Z ✔ density profiles are finite and new spacing paths retain the shared owner (3.708296ms)
2026-10-10T12:03:02.4910353Z ✔ Amount consumers declare wrapping outside DataTable columns and keep table money unbroken (117.30218ms)
2026-10-10T12:03:02.4911101Z ✔ the shared catalog covers every public React component and supporting Column type (72.885336ms)
2026-10-10T12:03:02.4911794Z ✔ SPC-067 covers discovered public Shared APIs without a fixed export count (1.029014ms)
2026-10-10T12:03:02.4912374Z ✔ every public React API has a direct rendered contract test (1.514908ms)
2026-10-10T12:03:02.4913016Z ✔ catalog declaration lines and stated JSX counts match resolved source symbols (194.099328ms)
2026-10-10T12:03:02.4913830Z ✔ every shared React export has a resolved production consumer or an explicit zero-use lifecycle decision (97.787348ms)
2026-10-10T12:03:02.4914753Z ✔ required UI evidence and regression gates remain wired to root verify and the active parent workflow (0.692652ms)
2026-10-10T12:03:02.4915472Z ✔ composition prop allowlists match the TypeScript owners exactly (0.345746ms)
2026-10-10T12:03:02.4916113Z ✔ QueryState uses only the approved inline and section pending profiles (0.560095ms)
2026-10-10T12:03:02.4916944Z ✔ QueryState consumers reserve section loading for primary content and keep every other state inline by default (96.303366ms)
2026-10-10T12:03:02.4917729Z ✔ body modes, placement roles and geometry keys match the TypeScript contracts (3.450502ms)
2026-10-10T12:03:02.4918376Z ✔ Panel geometry and DataTable columns remain closed public contracts (6.939ms)
2026-10-10T12:03:02.4919091Z ✔ shared component and composition props expose no arbitrary layout/style escape hatch (0.662588ms)
2026-10-10T12:03:02.4919841Z ✔ layout role types, runtime values, consumers and ownership documentation stay closed (4737.684631ms)
2026-10-10T12:03:02.4920739Z ℹ tests 41
2026-10-10T12:03:02.4920924Z ℹ suites 0
2026-10-10T12:03:02.4921116Z ℹ pass 41
2026-10-10T12:03:02.4921297Z ℹ fail 0
2026-10-10T12:03:02.4921480Z ℹ cancelled 0
2026-10-10T12:03:02.4921672Z ℹ skipped 0
2026-10-10T12:03:02.4921853Z ℹ todo 0
2026-10-10T12:03:02.4922071Z ℹ duration_ms 11661.221016
2026-10-10T12:03:59.0979348Z ui-composition PASS: 91 source files, 0 finding(s)
2026-10-10T12:03:59.0979670Z 
2026-10-10T12:03:59.2467712Z 
2026-10-10T12:03:59.2468277Z > botsales-frontend@0.1.0 test:evidence
2026-10-10T12:03:59.2469061Z > node --test tests/ui-evidence-validator.test.mjs && node scripts/validate-ui-evidence.mjs evidence/frontend-ui-improvements/ui-governance-rollout-20261007/S17-current-evidence.json
2026-10-10T12:03:59.2469620Z 
2026-10-10T12:03:59.3143248Z ✔ accepts current fingerprints, honest open coverage, and explained N/A (2.418703ms)
2026-10-10T12:03:59.3143964Z ✔ rejects a stale source fingerprint (1.281559ms)
2026-10-10T12:03:59.3144491Z ✔ rejects a stale command log (0.651851ms)
2026-10-10T12:03:59.3151102Z ✔ rejects missing, absolute, and escaping source paths (0.540115ms)
2026-10-10T12:03:59.3151620Z ✔ rejects unrun, missing, duplicate, and nonzero command results marked PASS (0.655216ms)
2026-10-10T12:03:59.3151967Z ✔ rejects PASS when expected and observed results differ (0.517801ms)
2026-10-10T12:03:59.3152284Z ✔ rejects inconsistent coverage and N/A without a reason (0.501417ms)
2026-10-10T12:03:59.3152706Z ✔ rejects a baseline falsely dated after implementation started and detects changed baseline artifacts (0.753472ms)
2026-10-10T12:03:59.3153100Z ✔ COMPLETE cannot contain open coverage or failed commands (0.708616ms)
2026-10-10T12:03:59.3153488Z ✔ S19 must explicitly reconcile files, APIs, routes, rendered routes, slots, and states (0.750388ms)
2026-10-10T12:03:59.3180053Z ✔ rejects malformed top-level evidence instead of treating missing fields as success (0.36928ms)
2026-10-10T12:03:59.3250001Z ℹ tests 11
2026-10-10T12:03:59.3250236Z ℹ suites 0
2026-10-10T12:03:59.3250427Z ℹ pass 11
2026-10-10T12:03:59.3250611Z ℹ fail 0
2026-10-10T12:03:59.3251195Z ℹ cancelled 0
2026-10-10T12:03:59.3251418Z ℹ skipped 0
2026-10-10T12:03:59.3251602Z ℹ todo 0
2026-10-10T12:03:59.3251823Z ℹ duration_ms 56.03318
2026-10-10T12:03:59.3704606Z ui-evidence PASS: S17; 3 command/log record(s), 3 coverage row(s), 275 current fingerprint(s); status=COMPLETE
2026-10-10T12:03:59.3888622Z ##[group]Run npm run test:e2e -- --project=chromium --reporter=line
2026-10-10T12:03:59.3888905Z [36;1mnpm run test:e2e -- --project=chromium --reporter=line[0m
2026-10-10T12:03:59.3940827Z shell: /usr/bin/bash -e {0}
2026-10-10T12:03:59.3940976Z ##[endgroup]
2026-10-10T12:03:59.4735809Z 
2026-10-10T12:03:59.4736242Z > botsales-frontend@0.1.0 test:e2e
2026-10-10T12:03:59.4736702Z > node scripts/run-e2e.mjs --project=chromium --reporter=line
2026-10-10T12:03:59.4736950Z 
2026-10-10T12:03:59.4960700Z 
2026-10-10T12:03:59.4961120Z > npm run setup
2026-10-10T12:03:59.5539837Z 
2026-10-10T12:03:59.5540356Z > botsales-frontend@0.1.0 setup
2026-10-10T12:03:59.5540571Z > node scripts/setup.mjs
2026-10-10T12:03:59.5540662Z 
2026-10-10T12:03:59.6945951Z {"status":"PASS","outputs":15,"schemas":346,"operations":245,"routes":61}
2026-10-10T12:03:59.7572827Z Copying the worker script at "/home/runner/work/Bot-AI-Ban-hang-FB/Bot-AI-Ban-hang-FB/BotSalesAI_Frontend/apps/web/public"...
2026-10-10T12:03:59.7599196Z 
2026-10-10T12:03:59.7599785Z [32mWorker script successfully copied![39m
2026-10-10T12:03:59.7600182Z [90m  - public
2026-10-10T12:03:59.7600315Z [39m
2026-10-10T12:03:59.7600506Z Continue by describing the network in your application:
2026-10-10T12:03:59.7600646Z 
2026-10-10T12:03:59.7600651Z 
2026-10-10T12:03:59.7600800Z [31m[1mhttps://mswjs.io/docs/quick-start[22m[39m
2026-10-10T12:03:59.7600928Z 
2026-10-10T12:03:59.7653446Z Thiết lập xong. npm run dev chạy frontend mô phỏng; không kết nối khách hàng hoặc provider thật.
2026-10-10T12:03:59.7740809Z 
2026-10-10T12:03:59.7741046Z > npm run build
2026-10-10T12:03:59.8350142Z 
2026-10-10T12:03:59.8350725Z > botsales-frontend@0.1.0 build
2026-10-10T12:03:59.8351135Z > npm run generate:check && npm run typecheck && npm run build --workspace @botsales/web
2026-10-10T12:03:59.8351330Z 
2026-10-10T12:03:59.9000658Z 
2026-10-10T12:03:59.9001301Z > botsales-frontend@0.1.0 generate:check
2026-10-10T12:03:59.9001737Z > node scripts/generate.mjs --check
2026-10-10T12:03:59.9001912Z 
2026-10-10T12:04:00.0123974Z {"status":"PASS","outputs":15,"schemas":346,"operations":245,"routes":61}
2026-10-10T12:04:00.0917031Z 
2026-10-10T12:04:00.0917462Z > botsales-frontend@0.1.0 typecheck
2026-10-10T12:04:00.0917732Z > tsc -p apps/web/tsconfig.json --noEmit
2026-10-10T12:04:00.0917854Z 
2026-10-10T12:04:04.5796083Z 
2026-10-10T12:04:04.5796642Z > @botsales/web@0.1.0 build
2026-10-10T12:04:04.5796915Z > vite build --mode production
2026-10-10T12:04:04.5797014Z 
2026-10-10T12:04:04.6782001Z [36mvite v7.3.6 [32mbuilding client environment for production...[36m[39m
2026-10-10T12:04:04.7152602Z transforming...
2026-10-10T12:04:08.3023438Z [32m✓[39m 2077 modules transformed.
2026-10-10T12:04:08.6884599Z rendering chunks...
2026-10-10T12:04:08.8319237Z computing gzip size...
2026-10-10T12:04:08.8476727Z [2mdist/[22m[32mindex.html                            [39m[1m[2m  1.23 kB[22m[1m[22m[2m │ gzip:   0.61 kB[22m
2026-10-10T12:04:08.8477688Z [2mdist/[22m[2massets/[22m[35mindex-BQPx7lJM.css             [39m[1m[2m  3.56 kB[22m[1m[22m[2m │ gzip:   1.33 kB[22m
2026-10-10T12:04:08.8478562Z [2mdist/[22m[2massets/[22m[36mdownload-8lJFmiSZ.js           [39m[1m[2m  0.23 kB[22m[1m[22m[2m │ gzip:   0.17 kB[22m
2026-10-10T12:04:08.8479420Z [2mdist/[22m[2massets/[22m[36mfilters-CM07jGKE.js            [39m[1m[2m  0.32 kB[22m[1m[22m[2m │ gzip:   0.25 kB[22m
2026-10-10T12:04:08.8480369Z [2mdist/[22m[2massets/[22m[36mhooks-L2nh8X7I.js              [39m[1m[2m  4.59 kB[22m[1m[22m[2m │ gzip:   2.15 kB[22m
2026-10-10T12:04:08.8481198Z [2mdist/[22m[2massets/[22m[36mdraft-conflict-CQUoJQ4o.js     [39m[1m[2m  5.37 kB[22m[1m[22m[2m │ gzip:   2.49 kB[22m
2026-10-10T12:04:08.8481986Z [2mdist/[22m[2massets/[22m[36mindex-mquMxiPF.js              [39m[1m[2m  8.25 kB[22m[1m[22m[2m │ gzip:   3.27 kB[22m
2026-10-10T12:04:08.8483095Z [2mdist/[22m[2massets/[22m[36mindex-CiWOs-TV.js              [39m[1m[2m  9.42 kB[22m[1m[22m[2m │ gzip:   3.73 kB[22m
2026-10-10T12:04:08.8483845Z [2mdist/[22m[2massets/[22m[36mindex-DQGrQuEv.js              [39m[1m[2m 13.14 kB[22m[1m[22m[2m │ gzip:   5.19 kB[22m
2026-10-10T12:04:08.8484584Z [2mdist/[22m[2massets/[22m[36mindex-OVGPogNo.js              [39m[1m[2m 15.39 kB[22m[1m[22m[2m │ gzip:   5.90 kB[22m
2026-10-10T12:04:08.8485314Z [2mdist/[22m[2massets/[22m[36mindex-Bd9mcE3C.js              [39m[1m[2m 16.98 kB[22m[1m[22m[2m │ gzip:   5.58 kB[22m
2026-10-10T12:04:08.8486038Z [2mdist/[22m[2massets/[22m[36mindex-Bg61UgeK.js              [39m[1m[2m 16.99 kB[22m[1m[22m[2m │ gzip:   5.81 kB[22m
2026-10-10T12:04:08.8486973Z [2mdist/[22m[2massets/[22m[36mindex-PCRh2M1X.js              [39m[1m[2m 18.85 kB[22m[1m[22m[2m │ gzip:   6.33 kB[22m
2026-10-10T12:04:08.8487695Z [2mdist/[22m[2massets/[22m[36mindex-BUtDDvPf.js              [39m[1m[2m 19.08 kB[22m[1m[22m[2m │ gzip:   7.02 kB[22m
2026-10-10T12:04:08.8488448Z [2mdist/[22m[2massets/[22m[36mindex-CvmCKMdV.js              [39m[1m[2m 20.90 kB[22m[1m[22m[2m │ gzip:   6.92 kB[22m
2026-10-10T12:04:08.8489226Z [2mdist/[22m[2massets/[22m[36mindex-Dzt3sNfY.js              [39m[1m[2m 21.23 kB[22m[1m[22m[2m │ gzip:   7.65 kB[22m
2026-10-10T12:04:08.8490106Z [2mdist/[22m[2massets/[22m[36mindex-RfTtRmBG.js              [39m[1m[2m 24.80 kB[22m[1m[22m[2m │ gzip:   8.25 kB[22m
2026-10-10T12:04:08.8490837Z [2mdist/[22m[2massets/[22m[36mindex-DWs4xu4k.js              [39m[1m[2m 25.06 kB[22m[1m[22m[2m │ gzip:   8.46 kB[22m
2026-10-10T12:04:08.8491563Z [2mdist/[22m[2massets/[22m[36mindex-BSXDucyP.js              [39m[1m[2m 30.93 kB[22m[1m[22m[2m │ gzip:   9.93 kB[22m
2026-10-10T12:04:08.8492284Z [2mdist/[22m[2massets/[22m[36mindex-DattA6PL.js              [39m[1m[2m 32.48 kB[22m[1m[22m[2m │ gzip:  10.82 kB[22m
2026-10-10T12:04:08.8493070Z [2mdist/[22m[2massets/[22m[36mquery-Df7VyXaF.js              [39m[1m[2m 33.15 kB[22m[1m[22m[2m │ gzip:   9.92 kB[22m
2026-10-10T12:04:08.8493825Z [2mdist/[22m[2massets/[22m[36mindex-WDyY7fx-.js              [39m[1m[2m 42.03 kB[22m[1m[22m[2m │ gzip:  11.49 kB[22m
2026-10-10T12:04:08.8494596Z [2mdist/[22m[2massets/[22m[36mi18n-D4N_7Z3Q.js               [39m[1m[2m 46.14 kB[22m[1m[22m[2m │ gzip:  15.12 kB[22m
2026-10-10T12:04:08.8495314Z [2mdist/[22m[2massets/[22m[36mindex-BeRebE9w.js              [39m[1m[2m 64.28 kB[22m[1m[22m[2m │ gzip:  17.67 kB[22m
2026-10-10T12:04:08.8496060Z [2mdist/[22m[2massets/[22m[36mschemas-CoWCwirf.js            [39m[1m[2m 85.75 kB[22m[1m[22m[2m │ gzip:  25.72 kB[22m
2026-10-10T12:04:08.8496843Z [2mdist/[22m[2massets/[22m[36mindex-DgXyZ4_1.js              [39m[1m[2m100.89 kB[22m[1m[22m[2m │ gzip:  32.02 kB[22m
2026-10-10T12:04:08.8497643Z [2mdist/[22m[2massets/[22m[36mschema-validation-B78jEm7B.js  [39m[1m[2m149.80 kB[22m[1m[22m[2m │ gzip:  45.12 kB[22m
2026-10-10T12:04:08.8498448Z [2mdist/[22m[2massets/[22m[36mreact-runtime-gLMyUIL2.js      [39m[1m[2m279.79 kB[22m[1m[22m[2m │ gzip:  90.28 kB[22m
2026-10-10T12:04:08.8499239Z [2mdist/[22m[2massets/[22m[36mcharts-BwhaRlrs.js             [39m[1m[2m320.23 kB[22m[1m[22m[2m │ gzip:  96.79 kB[22m
2026-10-10T12:04:08.8500109Z [2mdist/[22m[2massets/[22m[36mmui-CJj7QyVx.js                [39m[1m[2m328.77 kB[22m[1m[22m[2m │ gzip: 100.20 kB[22m
2026-10-10T12:04:08.8501322Z [2mdist/[22m[2massets/[22m[36mcontract-data-BRT-TOMX.js      [39m[1m[2m368.62 kB[22m[1m[22m[2m │ gzip:  42.83 kB[22m
2026-10-10T12:04:08.8501821Z [32m✓ built in 4.16s[39m
2026-10-10T12:04:08.9259371Z 
2026-10-10T12:04:08.9260166Z > npm run build:demo
2026-10-10T12:04:08.9842793Z 
2026-10-10T12:04:08.9843417Z > botsales-frontend@0.1.0 build:demo
2026-10-10T12:04:08.9843842Z > npm run generate:check && npm run typecheck && npm run build:demo --workspace @botsales/web
2026-10-10T12:04:08.9844037Z 
2026-10-10T12:04:09.0465894Z 
2026-10-10T12:04:09.0466487Z > botsales-frontend@0.1.0 generate:check
2026-10-10T12:04:09.0466771Z > node scripts/generate.mjs --check
2026-10-10T12:04:09.0466880Z 
2026-10-10T12:04:09.1562078Z {"status":"PASS","outputs":15,"schemas":346,"operations":245,"routes":61}
2026-10-10T12:04:09.2288979Z 
2026-10-10T12:04:09.2289618Z > botsales-frontend@0.1.0 typecheck
2026-10-10T12:04:09.2290199Z > tsc -p apps/web/tsconfig.json --noEmit
2026-10-10T12:04:09.2290393Z 
2026-10-10T12:04:13.6796328Z 
2026-10-10T12:04:13.6796961Z > @botsales/web@0.1.0 build:demo
2026-10-10T12:04:13.6797697Z > vite build --mode demo --outDir dist-demo
2026-10-10T12:04:13.6797893Z 
2026-10-10T12:04:13.7813868Z [36mvite v7.3.6 [32mbuilding client environment for demo...[36m[39m
2026-10-10T12:04:13.8231633Z transforming...
2026-10-10T12:04:17.7769432Z [32m✓[39m 2293 modules transformed.
2026-10-10T12:04:18.1821028Z rendering chunks...
2026-10-10T12:04:18.3345868Z computing gzip size...
2026-10-10T12:04:18.3791790Z [2mdist-demo/[22m[32mindex.html                            [39m[1m[2m  1.23 kB[22m[1m[22m[2m │ gzip:   0.61 kB[22m
2026-10-10T12:04:18.3871080Z [2mdist-demo/[22m[2massets/[22m[35mindex-BQPx7lJM.css             [39m[1m[2m  3.56 kB[22m[1m[22m[2m │ gzip:   1.33 kB[22m
2026-10-10T12:04:18.3900926Z [2mdist-demo/[22m[2massets/[22m[36mdownload-CWiaXb8A.js           [39m[1m[2m  0.24 kB[22m[1m[22m[2m │ gzip:   0.17 kB[22m
2026-10-10T12:04:18.3960948Z [2mdist-demo/[22m[2massets/[22m[36mfilters-CirfTR7_.js            [39m[1m[2m  0.32 kB[22m[1m[22m[2m │ gzip:   0.25 kB[22m
2026-10-10T12:04:18.3961811Z [2mdist-demo/[22m[2massets/[22m[36mcontrol-Criu5A-7.js            [39m[1m[2m  1.73 kB[22m[1m[22m[2m │ gzip:   0.94 kB[22m
2026-10-10T12:04:18.3962625Z [2mdist-demo/[22m[2massets/[22m[36mhooks-BeC01d3Y.js              [39m[1m[2m  4.59 kB[22m[1m[22m[2m │ gzip:   2.15 kB[22m
2026-10-10T12:04:18.3963454Z [2mdist-demo/[22m[2massets/[22m[36mdraft-conflict-tNpI-HAo.js     [39m[1m[2m  5.37 kB[22m[1m[22m[2m │ gzip:   2.49 kB[22m
2026-10-10T12:04:18.3964274Z [2mdist-demo/[22m[2massets/[22m[36mindex-SkfVeie4.js              [39m[1m[2m  8.79 kB[22m[1m[22m[2m │ gzip:   3.47 kB[22m
2026-10-10T12:04:18.3965076Z [2mdist-demo/[22m[2massets/[22m[36mindex-DH5AOH0G.js              [39m[1m[2m  9.42 kB[22m[1m[22m[2m │ gzip:   3.73 kB[22m
2026-10-10T12:04:18.3965878Z [2mdist-demo/[22m[2massets/[22m[36mindex-B3gGpiMi.js              [39m[1m[2m 13.14 kB[22m[1m[22m[2m │ gzip:   5.18 kB[22m
2026-10-10T12:04:18.3966710Z [2mdist-demo/[22m[2massets/[22m[36mindex-D3UNZ1L-.js              [39m[1m[2m 15.09 kB[22m[1m[22m[2m │ gzip:   5.71 kB[22m
2026-10-10T12:04:18.3967512Z [2mdist-demo/[22m[2massets/[22m[36mindex-BWSxRwQH.js              [39m[1m[2m 17.14 kB[22m[1m[22m[2m │ gzip:   5.61 kB[22m
2026-10-10T12:04:18.3968326Z [2mdist-demo/[22m[2massets/[22m[36mindex-BGP_Ad-y.js              [39m[1m[2m 18.85 kB[22m[1m[22m[2m │ gzip:   6.33 kB[22m
2026-10-10T12:04:18.3969131Z [2mdist-demo/[22m[2massets/[22m[36mindex-01nb5nQj.js              [39m[1m[2m 19.18 kB[22m[1m[22m[2m │ gzip:   6.54 kB[22m
2026-10-10T12:04:18.3970046Z [2mdist-demo/[22m[2massets/[22m[36mindex-DgCh8QFc.js              [39m[1m[2m 19.28 kB[22m[1m[22m[2m │ gzip:   7.08 kB[22m
2026-10-10T12:04:18.3970860Z [2mdist-demo/[22m[2massets/[22m[36mindex-Cco5VbEE.js              [39m[1m[2m 20.90 kB[22m[1m[22m[2m │ gzip:   6.92 kB[22m
2026-10-10T12:04:18.3971664Z [2mdist-demo/[22m[2massets/[22m[36mindex-hYjqNRGb.js              [39m[1m[2m 24.80 kB[22m[1m[22m[2m │ gzip:   8.24 kB[22m
2026-10-10T12:04:18.3972487Z [2mdist-demo/[22m[2massets/[22m[36mindex-BDJDBZpL.js              [39m[1m[2m 25.47 kB[22m[1m[22m[2m │ gzip:   8.62 kB[22m
2026-10-10T12:04:18.3973850Z [2mdist-demo/[22m[2massets/[22m[36mindex-DQbFFBlT.js              [39m[1m[2m 28.10 kB[22m[1m[22m[2m │ gzip:   9.80 kB[22m
2026-10-10T12:04:18.3974673Z [2mdist-demo/[22m[2massets/[22m[36mindex-DX4hKm3W.js              [39m[1m[2m 30.93 kB[22m[1m[22m[2m │ gzip:   9.93 kB[22m
2026-10-10T12:04:18.3975474Z [2mdist-demo/[22m[2massets/[22m[36mindex-f6PQjW3Q.js              [39m[1m[2m 32.93 kB[22m[1m[22m[2m │ gzip:  10.94 kB[22m
2026-10-10T12:04:18.3976268Z [2mdist-demo/[22m[2massets/[22m[36mquery-Df7VyXaF.js              [39m[1m[2m 33.15 kB[22m[1m[22m[2m │ gzip:   9.92 kB[22m
2026-10-10T12:04:18.3977064Z [2mdist-demo/[22m[2massets/[22m[36mindex-D6MJeQeX.js              [39m[1m[2m 42.03 kB[22m[1m[22m[2m │ gzip:  11.49 kB[22m
2026-10-10T12:04:18.3978248Z [2mdist-demo/[22m[2massets/[22m[36mi18n-D4N_7Z3Q.js               [39m[1m[2m 46.14 kB[22m[1m[22m[2m │ gzip:  15.12 kB[22m
2026-10-10T12:04:18.3979150Z [2mdist-demo/[22m[2massets/[22m[36mindex-BoOL50Pn.js              [39m[1m[2m 65.49 kB[22m[1m[22m[2m │ gzip:  18.10 kB[22m
2026-10-10T12:04:18.3980477Z [2mdist-demo/[22m[2massets/[22m[36mschemas-CoWCwirf.js            [39m[1m[2m 85.75 kB[22m[1m[22m[2m │ gzip:  25.72 kB[22m
2026-10-10T12:04:18.3981407Z [2mdist-demo/[22m[2massets/[22m[36mindex-C6ptp12n.js              [39m[1m[2m105.42 kB[22m[1m[22m[2m │ gzip:  33.42 kB[22m
2026-10-10T12:04:18.3982310Z [2mdist-demo/[22m[2massets/[22m[36mschema-validation-B78jEm7B.js  [39m[1m[2m149.80 kB[22m[1m[22m[2m │ gzip:  45.12 kB[22m
2026-10-10T12:04:18.3983294Z [2mdist-demo/[22m[2massets/[22m[36mservice-DOnisuXi.js            [39m[1m[2m233.46 kB[22m[1m[22m[2m │ gzip:  54.15 kB[22m
2026-10-10T12:04:18.3984246Z [2mdist-demo/[22m[2massets/[22m[36mbrowser-CQeKKnYr.js            [39m[1m[2m255.64 kB[22m[1m[22m[2m │ gzip:  87.02 kB[22m
2026-10-10T12:04:18.3985293Z [2mdist-demo/[22m[2massets/[22m[36mreact-runtime-gLMyUIL2.js      [39m[1m[2m279.79 kB[22m[1m[22m[2m │ gzip:  90.28 kB[22m
2026-10-10T12:04:18.4011126Z [2mdist-demo/[22m[2massets/[22m[36mcharts-uDdGNk6t.js             [39m[1m[2m320.23 kB[22m[1m[22m[2m │ gzip:  96.79 kB[22m
2026-10-10T12:04:18.4040819Z [2mdist-demo/[22m[2massets/[22m[36mmui-CUCPJGs1.js                [39m[1m[2m328.77 kB[22m[1m[22m[2m │ gzip: 100.20 kB[22m
2026-10-10T12:04:18.4100841Z [2mdist-demo/[22m[2massets/[22m[36mcontract-data-CJyvN5AM.js      [39m[1m[2m375.47 kB[22m[1m[22m[2m │ gzip:  44.43 kB[22m
2026-10-10T12:04:18.4130441Z [32m✓ built in 4.59s[39m
2026-10-10T12:04:18.6247304Z 
2026-10-10T12:04:18.6248173Z > node node_modules/@playwright/test/cli.js test --project=chromium --reporter=line
2026-10-10T12:04:20.5421861Z 
2026-10-10T12:04:20.5422453Z Running 407 tests using 1 worker
2026-10-10T12:04:20.5422791Z 
2026-10-10T12:04:21.0202604Z [1/407] [chromium] › tests/accessibility/routes.spec.ts:17:1 › all canonical routes pass whole-page WCAG 2.1 A/AA axe checks in the React demo
2026-10-10T12:05:48.0954411Z [2/407] [chromium] › tests/accessibility/routes.spec.ts:84:1 › contained action buttons do not animate between contrasting enabled and disabled color pairs
2026-10-10T12:05:50.7572024Z [3/407] [chromium] › tests/artifacts/demo-preview.spec.ts:40:1 › the built demo artifact serves the React UI and synthetic API through preview
2026-10-10T12:05:51.6752277Z [chromium] › tests/artifacts/demo-preview.spec.ts:40:1 › the built demo artifact serves the React UI and synthetic API through preview
2026-10-10T12:05:51.6784572Z [artifact-preview] {"scope":"FRONTEND_WITH_SYNTHETIC_MOCK_API","artifact":"apps/web/dist-demo","browserMetrics":{"browser":"Mozilla/5.0 (Windows NT 10.0; Win64; x64) AppleWebKit/537.36 (KHTML, like Gecko) Chrome/153.0.8010.12 Safari/537.36","viewport":{"width":1280,"height":720},"route":"/s/shop-demo/overview","domContentLoadedMs":108,"loadEventMs":109,"scriptCount":11,"scriptTransferBytes":482369,"scriptAssets":[{"file":"index-C6ptp12n.js","transferBytes":33723,"decodedBytes":105422,"durationMs":18},{"file":"react-runtime-gLMyUIL2.js","transferBytes":90583,"decodedBytes":279787,"durationMs":30},{"file":"query-Df7VyXaF.js","transferBytes":10222,"decodedBytes":33154,"durationMs":15},{"file":"mui-CUCPJGs1.js","transferBytes":100504,"decodedBytes":328773,"durationMs":33},{"file":"contract-data-CJyvN5AM.js","transferBytes":44731,"decodedBytes":375469,"durationMs":32},{"file":"schema-validation-B78jEm7B.js","transferBytes":45420,"decodedBytes":149800,"durationMs":31},{"file":"i18n-D4N_7Z3Q.js","transferBytes":15416,"decodedBytes":46142,"durationMs":24},{"file":"browser-CQeKKnYr.js","transferBytes":87316,"decodedBytes":255636,"durationMs":16},{"file":"service-DOnisuXi.js","transferBytes":54454,"decodedBytes":233456,"durationMs":12},{"file":"index-DH5AOH0G.js","transferBytes":0,"decodedBytes":9416,"durationMs":62},{"file":"hooks-BeC01d3Y.js","transferBytes":0,"decodedBytes":4585,"durationMs":70}]},"bundles":{"javascriptFiles":32,"totalBytes":2617401,"totalGzipBytes":735870,"initialRouteGzipBytes":485552,"proposedBudgets":{"initialRouteGzipKiB":500,"largestChunkGzipKiB":200,"basis":"Local demo preview limits for the measured Chromium artifact; not a backend or platform SLO."},"largest":[{"file":"apps/web/dist-demo/assets/contract-data-CJyvN5AM.js","bytes":375469,"gzipBytes":44431},{"file":"apps/web/dist-demo/assets/mui-CUCPJGs1.js","bytes":328773,"gzipBytes":100204},{"file":"apps/web/dist-demo/assets/charts-uDdGNk6t.js","bytes":320234,"gzipBytes":96785},{"file":"apps/web/dist-demo/assets/react-runtime-gLMyUIL2.js","bytes":279787,"gzipBytes":90283},{"file":"apps/web/dist-demo/assets/browser-CQeKKnYr.js","bytes":255636,"gzipBytes":87016}]},"observedApi":{"path":"/api/v2/session","status":200,"servedBy":"MSW in the built demo artifact"},"dataSource":"synthetic-msw"}
2026-10-10T12:05:51.6790901Z 
2026-10-10T12:05:51.6846020Z [4/407] [chromium] › tests/artifacts/demo-preview.spec.ts:104:1 › a thousand synthetic customers remain API-paginated in the built demo artifact
2026-10-10T12:05:52.7441259Z [chromium] › tests/artifacts/demo-preview.spec.ts:104:1 › a thousand synthetic customers remain API-paginated in the built demo artifact
2026-10-10T12:05:52.7452215Z [large-dataset-api] {"url":"http://127.0.0.1:41651/api/v2/shops/shop-demo/customers?limit=20","count":20,"page":{"limit":20,"total":1004,"hasMore":true,"nextCursor":"perf-customer-0016"},"firstIds":["c1","c2","c3"]}
2026-10-10T12:05:52.7453010Z 
2026-10-10T12:05:52.7879099Z [large-dataset-preview] {"scope":"FRONTEND_WITH_SYNTHETIC_MOCK_API","artifact":"apps/web/dist-demo","datasetId":"FE025-LARGE-CUSTOMERS-1000-V1","generatedRows":1000,"firstPageIds":["c1","c2","c3","c4","perf-customer-0001","perf-customer-0002","perf-customer-0003","perf-customer-0004","perf-customer-0005","perf-customer-0006","perf-customer-0007","perf-customer-0008","perf-customer-0009","perf-customer-0010","perf-customer-0011","perf-customer-0012","perf-customer-0013","perf-customer-0014","perf-customer-0015","perf-customer-0016"],"api":{"status":200,"pageLimit":20,"total":1004,"hasMore":true,"nextCursor":"perf-customer-0016"},"domRowsIncludingHeader":21,"firstPageReadyMs":196,"browser":"Mozilla/5.0 (Windows NT 10.0; Win64; x64) AppleWebKit/537.36 (KHTML, like Gecko) Chrome/153.0.8010.12 Safari/537.36","viewport":{"width":1280,"height":720},"note":"Synthetic customer identities only; the React screen renders one API page and exposes the next cursor instead of mounting the full collection."}
2026-10-10T12:05:52.7882287Z 
2026-10-10T12:05:52.7959325Z [5/407] [chromium] › tests/artifacts/demo-preview.spec.ts:143:1 › the production artifact contains neither the mock worker asset nor MSW fixtures/runtime
2026-10-10T12:05:52.8200600Z [6/407] [chromium] › tests/fe009.spec.ts:37:1 › workspace onboarding creates a shop with an active membership and returns to its scoped route
2026-10-10T12:05:56.3604431Z [7/407] [chromium] › tests/fe009.spec.ts:59:1 › customer create validates fields, submits through mock HTTP, and preserves edits after a stale version
2026-10-10T12:06:01.6967029Z [8/407] [chromium] › tests/fe009.spec.ts:127:1 › customer detail keeps redacted contact fields read-only and does not overwrite them on save
2026-10-10T12:06:03.4538558Z [9/407] [chromium] › tests/fe009.spec.ts:144:1 › job detail follows an export created in the current synthetic shop and can refetch it
2026-10-10T12:06:05.4952630Z [10/407] [chromium] › tests/fe009.spec.ts:179:1 › FE009.G01 shop setup checklist guides to supported pages and leaves missing contract fields unverified
2026-10-10T12:06:06.9771798Z [11/407] [chromium] › tests/fe009.spec.ts:192:1 › FE009.G05 consent management persists challenges without granting consent before customer action
2026-10-10T12:06:08.7151358Z [12/407] [chromium] › tests/fe009.spec.ts:202:1 › FE009.H06 audit screen distinguishes available fields from missing contract detail
2026-10-10T12:06:10.2083832Z [13/407] [chromium] › tests/fe009.spec.ts:211:1 › FE009.B06 after-sale cases only link orders loaded for the selected customer and customer profile shows their shipment
2026-10-10T12:06:16.4092175Z [14/407] [chromium] › tests/fe009.spec.ts:243:1 › team invitation and membership revoke stay shop-scoped and protect the active owner
2026-10-10T12:06:19.7721639Z [15/407] [chromium] › tests/fe009.spec.ts:279:1 › privacy delete requests remain pending approval with no frontend step-up shortcut
2026-10-10T12:06:23.7896784Z [16/407] [chromium] › tests/fe010.spec.ts:40:1 › product editor validates positive prices, protects image-only drafts, and saves variant payload through mock HTTP
2026-10-10T12:06:29.9668211Z [17/407] [chromium] › tests/fe010.spec.ts:110:1 › product update sends If-Match and keeps edits visible after a 412 conflict
2026-10-10T12:06:32.8208052Z [18/407] [chromium] › tests/fe010.spec.ts:142:1 › warehouse role can read catalog products but cannot edit product fields or price cost data
2026-10-10T12:06:34.7011897Z [19/407] [chromium] › tests/fe010.spec.ts:151:1 › categories create, search, update with a version, and render cursor pagination
2026-10-10T12:06:37.4625075Z [20/407] [chromium] › tests/fe010.spec.ts:180:1 › CSV preview reports row-level errors and commits only valid product rows
2026-10-10T12:06:40.7872652Z [21/407] [chromium] › tests/fe010.spec.ts:252:1 › import validation token is rejected with 412 after catalog changes and the preview remains visible
2026-10-10T12:06:43.9799089Z [22/407] [chromium] › tests/fe010.spec.ts:284:1 › CSV demo row limit is explained and rejects more than 1000 data rows before preview
2026-10-10T12:06:45.7790741Z [23/407] [chromium] › tests/fe010.spec.ts:297:1 › demo upload rejects files over 5 MB before making an upload request
2026-10-10T12:06:47.6956251Z [24/407] [chromium] › tests/fe010.spec.ts:308:1 › product category lookup pages the full collection and preserves the selected category while editing
2026-10-10T12:07:05.4165248Z [chromium] › tests/fe010.spec.ts:308:1 › product category lookup pages the full collection and preserves the selected category while editing
2026-10-10T12:07:05.4176933Z UI005 acceptance: {"categoryTotal":105,"createCategoryId":"cat-2","editCategoryId":"cat-0","categoryRequests":20}
2026-10-10T12:07:05.4180241Z 
2026-10-10T12:07:05.4810624Z [25/407] [chromium] › tests/fe011.spec.ts:37:1 › FE011.AC01 snapshot drives stock totals and the SKU opens its catalog result
2026-10-10T12:07:08.4470080Z [26/407] [chromium] › tests/fe011.spec.ts:56:1 › FE011.AC02 adjustment validates, waits for mock confirmation, and reconciles movement history once
2026-10-10T12:07:14.0424826Z [27/407] [chromium] › tests/fe011.spec.ts:95:1 › FE011.AC03 conflict and insufficient stock preserve the draft and never update optimistically
2026-10-10T12:07:18.0158354Z [28/407] [chromium] › tests/fe011.spec.ts:125:1 › FE011.AC03 forbidden adjustment retains user input and shows no success state
2026-10-10T12:07:20.8679439Z [29/407] [chromium] › tests/fe011.spec.ts:141:1 › FE011.AC03 unknown command blocks duplicate submission until shared recovery reconciles it
2026-10-10T12:07:23.8752677Z [30/407] [chromium] › tests/fe011.spec.ts:159:1 › FE011.AC04 movement contract filters are URL-backed and history exposes actor and permission-gated source
2026-10-10T12:07:26.1953877Z [31/407] [chromium] › tests/fe011.spec.ts:187:1 › FE011.AC05 inventory reflows at mobile widths, passes axe, and restores keyboard focus after adjustment dialog
2026-10-10T12:07:28.7338005Z [32/407] [chromium] › tests/fe011.spec.ts:210:1 › FE011.AC03 unknown shop scope shows no stock from another shop
2026-10-10T12:07:29.4160228Z [33/407] [chromium] › tests/fe012.spec.ts:37:1 › FE012.AC01 searchable customer and product pickers submit contract-shaped draft and reject fractional quantity
2026-10-10T12:07:35.1824208Z [34/407] [chromium] › tests/fe012.spec.ts:95:1 › FE012 canonical customer address choice completes the mock order flow with a versioned snapshot
2026-10-10T12:07:41.0173093Z [35/407] [chromium] › tests/fe012.spec.ts:124:1 › FE012.AC01 editing lines invalidates quote and customer consent; a new quote is required before confirmation
2026-10-10T12:07:46.7034057Z [36/407] [chromium] › tests/fe012.spec.ts:184:1 › FE012.AC03 mock stale-version 412 preserves draft fields and does not show success
2026-10-10T12:07:49.1269528Z [37/407] [chromium] › tests/fe012.spec.ts:201:1 › FE012.AC03 offline state blocks quote mutation while retaining the loaded draft
2026-10-10T12:07:50.6594618Z [38/407] [chromium] › tests/fe012.spec.ts:213:1 › FE012.AC03 unknown confirm outcome blocks duplicate writes until shared command recovery is available
2026-10-10T12:07:53.7244560Z [39/407] [chromium] › tests/fe012.spec.ts:259:1 › FE012.AC03 quote and customer confirmation expiration disable confirmation using API time
2026-10-10T12:07:56.7567790Z [40/407] [chromium] › tests/fe012.spec.ts:279:1 › FE012.AC03 returns reject fractional/over-original quantities locally and preserve data on cumulative mock rejection
2026-10-10T12:07:58.4862922Z [41/407] [chromium] › tests/fe012.spec.ts:303:1 › FE012.AC04 return inspection loads the current case and applies accepted partial quantity to mock stock and refund
2026-10-10T12:08:01.9697832Z [42/407] [chromium] › tests/fe012.spec.ts:356:1 › FE012.AC03 handed-over order routes to returns and exposes no ordinary cancel action
2026-10-10T12:08:03.4346579Z [43/407] [chromium] › tests/fe012.spec.ts:363:1 › FE012.AC05 order drafting remains usable without horizontal page overflow and passes focused axe checks
2026-10-10T12:08:05.5225931Z [44/407] [chromium] › tests/fe013.spec.ts:42:1 › FE013.C04 shipping preview distinguishes missing address, unserviceable zone, and expired mock quote
2026-10-10T12:08:09.3768361Z [45/407] [chromium] › tests/fe013.spec.ts:68:1 › FE013.AC01–AC04 stale claim conflict is visible; pick, pack, dispatch and delivery use current API versions once
2026-10-10T12:08:19.4580398Z [46/407] [chromium] › tests/fe013.spec.ts:212:1 › FE013.AC03 unknown handover cannot be repeated before command reconciliation
2026-10-10T12:08:25.2914295Z [47/407] [chromium] › tests/fe013.spec.ts:259:1 › FE013.AC01 role scope and FE013.AC05 responsive shipment/preparation views remain accessible
2026-10-10T12:08:29.3952481Z [48/407] [chromium] › tests/fe014.spec.ts:27:1 › FE014.AC01 multi-line purchase validates MOQ/pack size and binds approval to the created intent
2026-10-10T12:08:34.3475016Z [49/407] [chromium] › tests/fe014.spec.ts:79:1 › FE027.D02 supplier workspace edits the selected contact through its current version and displays MOQ offers
2026-10-10T12:08:36.5720607Z [50/407] [chromium] › tests/fe014.spec.ts:97:1 › FE014.AC02 approval covers the exact purchase intent; unknown send is blocked from blind retry
2026-10-10T12:08:42.7956935Z [51/407] [chromium] › tests/fe014.spec.ts:156:1 › FE014.S03 auto-send requires an active matching purchase delegation
2026-10-10T12:08:46.1584854Z [52/407] [chromium] › tests/fe014.spec.ts:170:1 › FE014.S04 owner manages a paused purchase delegation only after rechecking the buyer role
2026-10-10T12:08:52.4230111Z [53/407] [chromium] › tests/fe014.spec.ts:217:1 › FE014.S03 manager without procurement.receive cannot open receipt actions
2026-10-10T12:08:55.4909203Z [54/407] [chromium] › tests/fe014.spec.ts:237:1 › FE014.AC03 partial receipt posts only accepted units to synthetic stock and payable once
2026-10-10T12:09:01.3471223Z [55/407] [chromium] › tests/fe014.spec.ts:308:1 › FE014.D03/D04/D07 replenishment uses min-max rules, labels forecast limits, and blocks duplicate proposals
2026-10-10T12:09:04.3372218Z [56/407] [chromium] › tests/fe015.spec.ts:59:1 › FE015.AC01 report filters use exact timezone boundaries and mock API aggregates
2026-10-10T12:09:07.4791025Z [57/407] [chromium] › tests/fe015.spec.ts:109:1 › FE021.E08 report explanation is mock-only, cites the filtered P&L snapshot, and never writes finance data
2026-10-10T12:09:08.7355997Z [58/407] [chromium] › tests/fe015.spec.ts:130:1 › UI003 report timestamps follow the active shop timezone
2026-10-10T12:09:12.7795986Z [59/407] [chromium] › tests/fe015.spec.ts:187:1 › FE015.E02/E03 profit report renders canonical cost, gross-profit and operating-expense values
2026-10-10T12:09:13.9489530Z [60/407] [chromium] › tests/fe015.spec.ts:215:1 › FE015.AC02 journal rejects unbalanced decimal lines before POST and sends exact money strings
2026-10-10T12:09:18.2722939Z [61/407] [chromium] › tests/fe015.spec.ts:250:1 › FE015.AC02 closed accounting period is visible and disables journal draft creation
2026-10-10T12:09:20.9790210Z [62/407] [chromium] › tests/fe015.spec.ts:274:1 › FE015.AC03 CSV import keeps partial row failures visible and deduplicates external transactions
2026-10-10T12:09:24.8588691Z [63/407] [chromium] › tests/fe015.spec.ts:297:1 › UI001 reconciliation cursors stay scoped and dialogs load choices beyond the visible table page
2026-10-10T12:09:37.9772664Z [64/407] [chromium] › tests/fe015.spec.ts:424:1 › FE015.AC03 COD settlement matches net remittance plus documented fee
2026-10-10T12:09:43.7358421Z [65/407] [chromium] › tests/fe015.spec.ts:459:1 › FE015.AC03 partial bank allocation leaves the remaining amount and debt visible
2026-10-10T12:09:47.5236214Z [66/407] [chromium] › tests/fe015.spec.ts:485:1 › FE015.AC03 unknown journal posting is not resent from the same draft
2026-10-10T12:09:53.3173610Z [67/407] [chromium] › tests/fe016.spec.ts:70:1 › UI015 mobile demo tools disclose by keyboard and inbox stays within narrow viewports
2026-10-10T12:09:55.8089127Z [68/407] [chromium] › tests/fe016.spec.ts:103:1 › FE016 conversation keeps its composer visible while long demo context scrolls independently
2026-10-10T12:09:57.5412027Z [69/407] [chromium] › tests/fe016.spec.ts:210:1 › FE016.AC01 inbox filters call canonical query fields and remain bookmarked through conversation details
2026-10-10T12:10:00.1596516Z [70/407] [chromium] › tests/fe016.spec.ts:238:1 › Shared consolidation Inbox preserves selected filters and composer draft through metadata pending error empty and recovery
2026-10-10T12:10:02.8112688Z [71/407] [chromium] › tests/fe016.spec.ts:298:1 › FE016.AC01 list cursor is isolated from message cursor and restored on back navigation
2026-10-10T12:10:04.3113461Z [72/407] [chromium] › tests/fe016.spec.ts:317:1 › UI002 inbox list and message cursors stay independent through paging, conversation switch and shop change
2026-10-10T12:10:08.0819173Z [73/407] [chromium] › tests/fe016.spec.ts:406:1 › UI002 mobile keeps the list page while messages page and Back restores it
2026-10-10T12:10:10.9205228Z [74/407] [chromium] › tests/fe016.spec.ts:450:1 › UI002 Inbox search resets only the list cursor while a message page is open
2026-10-10T12:10:13.5350409Z [75/407] [chromium] › tests/fe016.spec.ts:507:1 › UI002 deep link, refresh and mobile Back preserve their own cursors
2026-10-10T12:10:16.0728845Z [76/407] [chromium] › tests/fe016.spec.ts:561:1 › UI002 list and message panel errors remain isolated
2026-10-10T12:10:22.0100496Z [77/407] [chromium] › tests/fe016.spec.ts:585:1 › UI002 send, invalidation and resync keep both cursors and send only once
2026-10-10T12:10:24.7166532Z [78/407] [chromium] › tests/fe016.spec.ts:645:1 › FE016.AC01 takeover and reply use current versions and show API send state without claiming delivery
2026-10-10T12:10:26.9969441Z [79/407] [chromium] › tests/fe016.spec.ts:672:1 › FE016.AC02 internal notes render HTML-like text inert and feedback creates only a review draft
2026-10-10T12:10:29.1390904Z [80/407] [chromium] › tests/fe016.spec.ts:705:1 › FE016.AC03 unknown send keeps the reply draft, exposes command recovery and never blindly resends
2026-10-10T12:10:31.2678569Z [81/407] [chromium] › tests/fe016.spec.ts:728:1 › FE016.AC04 role without customer/order permissions cannot open those cross-module references
2026-10-10T12:10:32.9582022Z [82/407] [chromium] › tests/fe016.spec.ts:739:1 › FE016.S03 stale takeover preserves reason and reports the version conflict
2026-10-10T12:10:35.6146631Z [83/407] [chromium] › tests/fe016.spec.ts:755:1 › FE016.B05 cross-sell promotion preview shows sample rules without applying a discount
2026-10-10T12:10:36.9542597Z [84/407] [chromium] › tests/fe016.spec.ts:769:1 › FE016.B08 capability-driven image, voice and document media upload and send by scoped file IDs
2026-10-10T12:10:39.8067943Z [85/407] [chromium] › tests/fe016.spec.ts:835:1 › FE016.B09 pending media send preserves newer text and blocks blind retry after unknown outcome
2026-10-10T12:10:44.9728667Z [86/407] [chromium] › tests/fe016.spec.ts:879:1 › FE016.B10 a channel without an explicit media policy keeps text composer and denies attachments
2026-10-10T12:10:46.3790430Z [87/407] [chromium] › tests/fe016.spec.ts:891:1 › FE027.B01 industry sales script preview asks for missing facts and stays a local draft
2026-10-10T12:10:48.1618088Z [88/407] [chromium] › tests/fe016.spec.ts:907:1 › FE027.B02 inbox price and available stock preview uses current canonical mock reads
2026-10-10T12:10:49.5471496Z [89/407] [chromium] › tests/fe016.spec.ts:928:1 › FE027.B03 order capture links the active customer and conversation into the manual order form
2026-10-10T12:10:51.4570963Z [90/407] [chromium] › tests/fe016.spec.ts:938:1 › FE027.B04 automatic order confirmation stays unavailable until policy and customer evidence exist
2026-10-10T12:10:52.9908057Z [91/407] [chromium] › tests/fe017-validation.spec.ts:15:1 › FE017 synthetic 422 keeps the knowledge draft fields and shows field errors
2026-10-10T12:10:55.9552042Z [92/407] [chromium] › tests/fe017.spec.ts:26:1 › FE017.AC01 demo publishing uses the approved permission and lifecycle substitute without an API allowedActions field
2026-10-10T12:11:01.7956553Z [93/407] [chromium] › tests/fe017.spec.ts:117:1 › FE017.AC02 knowledge file upload sends canonical purpose and detail reads processing status
2026-10-10T12:11:04.4329005Z [94/407] [chromium] › tests/fe017.spec.ts:156:1 › FE017 price and stock source preview uses canonical product and timestamped inventory APIs
2026-10-10T12:11:05.7706333Z [95/407] [chromium] › tests/fe017.spec.ts:189:1 › FE017.AC03 missing content, unsupported and oversized files keep creation unavailable
2026-10-10T12:11:07.9923134Z [96/407] [chromium] › tests/fe017.spec.ts:211:1 › FE017.AC04 feedback approval creates inert draft content and its first revision only
2026-10-10T12:11:11.4290631Z [97/407] [chromium] › tests/fe017.spec.ts:244:1 › FE017.AC05 manager sees knowledge read-only and synthetic API rejects purpose-specific upload and publish
2026-10-10T12:11:13.1096751Z [98/407] [chromium] › tests/fe017.spec.ts:265:1 › FE017.AC06 stale review preserves the reason and explains the conflict
2026-10-10T12:11:15.1917176Z [99/407] [chromium] › tests/fe017.spec.ts:280:1 › FE027.G02 product content brief edits source, size, warranty, alternatives, and forbidden claims locally
2026-10-10T12:11:16.7763755Z [100/407] [chromium] › tests/fe017.spec.ts:298:1 › FE027.G03 policy revisions keep the published snapshot immutable when a draft changes
2026-10-10T12:11:18.4219446Z [101/407] [chromium] › tests/fe018.spec.ts:130:1 › FE018.S01 maps routes and operations to the canonical OpenAPI permissions
2026-10-10T12:11:18.7815809Z [102/407] [chromium] › tests/fe018.spec.ts:147:1 › FE018.AC01/04 draft saves use the contract version and keep human order confirmation locked after a conflict
2026-10-10T12:11:23.8291607Z [103/407] [chromium] › tests/fe018.spec.ts:178:1 › FE018.AC03 evaluation is synthetic, revision-bound, and cannot publish a stale draft
2026-10-10T12:11:28.5353246Z [104/407] [chromium] › tests/fe018.spec.ts:202:1 › FE018.AC01/04 successful publish is tied to the tested revision and pause explains its boundary
2026-10-10T12:11:33.0350395Z [105/407] [chromium] › tests/fe018.spec.ts:232:1 › FE018.AC03 playground sends no external message and preserves unknown cost and token values
2026-10-10T12:11:35.7678184Z [106/407] [chromium] › tests/fe018.spec.ts:254:1 › FE018.S03 synthetic budget and tool denials retain the prompt and never show a generated answer
2026-10-10T12:11:40.1252230Z [107/407] [chromium] › tests/fe018.spec.ts:280:1 › FE027.H03 budget and provider failover preview refuses silent provider switching on exhaustion
2026-10-10T12:11:42.6868698Z [108/407] [chromium] › tests/fe018.spec.ts:294:1 › FE018.AC02 role kill switch is versioned, preserves API tools, and does not pause the whole bot
2026-10-10T12:11:48.0386937Z [109/407] [chromium] › tests/fe018.spec.ts:335:1 › FE018.AC02 expired, wrong-scope, and matching approvals produce honest budget results
2026-10-10T12:11:51.1883948Z [110/407] [chromium] › tests/fe018.spec.ts:363:1 › FE018.AC05 manager and bot-admin roles cannot use operations outside their canonical permissions
2026-10-10T12:11:54.6722052Z [111/407] [chromium] › tests/fe018.spec.ts:395:1 › FE018.AC05 unknown role command stays unresolved and does not claim successful resumption
2026-10-10T12:11:58.6068404Z [112/407] [chromium] › tests/fe018.spec.ts:411:1 › UI004 25 evaluations: cursor pages reach the last record and preserve detail, search, and browser Back state
2026-10-10T12:12:03.6725825Z [chromium] › tests/fe018.spec.ts:411:1 › UI004 25 evaluations: cursor pages reach the last record and preserve detail, search, and browser Back state
2026-10-10T12:12:03.6727096Z UI004_25_ACCEPTANCE={"total":25,"pageSizes":[20,5],"cursor":"evaluation-10016","oldestRecord":"evaluation-10001","oldestReachable":true,"detailPreservedCursor":true,"browserBackRestoredFirstPage":true,"searchResetCursor":true}
2026-10-10T12:12:03.6729702Z 
2026-10-10T12:12:03.7218654Z [113/407] [chromium] › tests/fe018.spec.ts:457:1 › UI004 105 evaluations: cursor traversal reaches every record and retains the failing cursor for retry
2026-10-10T12:12:15.3502035Z [chromium] › tests/fe018.spec.ts:457:1 › UI004 105 evaluations: cursor traversal reaches every record and retains the failing cursor for retry
2026-10-10T12:12:15.3503894Z UI004_105_ACCEPTANCE={"total":105,"pageSizes":[20,20,20,20,20,5],"pagesVisited":6,"cursorRequests":["evaluation-10256","evaluation-10196","evaluation-10136","evaluation-10076","evaluation-10016"],"uniqueRecords":105,"oldestRecord":"evaluation-10001","oldestReachable":true,"failedCursorRetainedForRetry":"evaluation-10196","errorShowsNoFabricatedRows":true,"retrySucceeded":true}
2026-10-10T12:12:15.3505059Z 
2026-10-10T12:12:15.4103567Z [114/407] [chromium] › tests/fe019.spec.ts:21:1 › FE019.S01 maps integrations and notification routes, actions, schemas, and mock boundaries
2026-10-10T12:12:15.7031142Z [115/407] [chromium] › tests/fe019.spec.ts:70:1 › FE019.AC01 AI secret is write-only, cleared after submit, and absent from stored/read data
2026-10-10T12:12:19.3351306Z [116/407] [chromium] › tests/fe019.spec.ts:117:1 › FE019.AC01 invalid mock credential is rejected, cleared from the form, and not submitted
2026-10-10T12:12:21.3907763Z [117/407] [chromium] › tests/fe019.spec.ts:138:1 › FE019.AC02 channel OAuth failure stays on the page and never marks a channel connected
2026-10-10T12:12:23.0725524Z [118/407] [chromium] › tests/fe019.spec.ts:172:1 › FE019.AC03/04 device, Telegram, and PWA checks stay synthetic and do not request OS permission
2026-10-10T12:12:26.8114476Z [119/407] [chromium] › tests/fe019.spec.ts:251:1 › FE019.AC05 notification policy validates canonical numeric bounds before sending and acknowledges only allowed work
2026-10-10T12:12:29.8542230Z [120/407] [chromium] › tests/fe019.spec.ts:273:1 › FE019.A03 notification order link stays within the active shop scope
2026-10-10T12:12:31.7069176Z [121/407] [chromium] › tests/fe019.spec.ts:282:1 › FE019.A05 reminder policy saves shop-local schedule and quiet hours through the synthetic API
2026-10-10T12:12:33.6953234Z [122/407] [chromium] › tests/fe019.spec.ts:309:1 › FE027.A02/A07 preparation notification keeps order evidence and separates queued, opened, and acknowledged states
2026-10-10T12:12:34.8522475Z [123/407] [chromium] › tests/fe019.spec.ts:334:1 › FE027.A08 notification settings disclose server-only deduplication and callback safeguards
2026-10-10T12:12:36.3738978Z [124/407] [chromium] › tests/fe020.spec.ts:43:1 › FE020.AC01 approval detail is fetched and a changed source resource rejects the stale decision
2026-10-10T12:12:41.5482041Z [125/407] [chromium] › tests/fe020.spec.ts:89:1 › FE020.AC02/03 work-item actions follow allowedActions and operations health stays explicitly synthetic
2026-10-10T12:12:45.1472129Z [126/407] [chromium] › tests/fe020.spec.ts:140:1 › FE020.AC03 role pause control uses the canonical versioned mock and never claims readiness
2026-10-10T12:12:47.1534328Z [127/407] [chromium] › tests/fe020.spec.ts:157:1 › FE020.F03 operations exception filter groups overdue, blocked, and unclaimed synthetic work
2026-10-10T12:12:48.7957429Z [128/407] [chromium] › tests/fe020.spec.ts:178:1 › FE020.F05 purchase delegation is bounded, saved paused, and requires a separate activation decision
2026-10-10T12:12:53.7862527Z [129/407] [chromium] › tests/fe020.spec.ts:209:1 › FE020.F06/H01 digest and dependency health panels show synthetic history without claiming workers are ready
2026-10-10T12:12:55.0127769Z [130/407] [chromium] › tests/fe020.spec.ts:242:1 › FE027.H08 restore and release readiness stay unknown without a verified rehearsal or deployment gate
2026-10-10T12:12:56.6240983Z [131/407] [chromium] › tests/fe021.spec.ts:34:1 › FE021 dashboard keeps independent panels usable and hides finance fields without finance.read
2026-10-10T12:12:59.5610444Z [132/407] [chromium] › tests/fe021.spec.ts:46:1 › FE021 timezone and privacy validation waits for interaction and blocks invalid writes
2026-10-10T12:13:03.7906491Z [133/407] [chromium] › tests/fe021.spec.ts:82:1 › FE021 approval and shipment work queues appear before sample previews
2026-10-10T12:13:06.9136721Z [134/407] [chromium] › tests/fe021.spec.ts:104:1 › FE021 marketing filters preserve API-side aggregates, URL context and missing actual spend
2026-10-10T12:13:11.7388716Z [135/407] [chromium] › tests/fe021.spec.ts:170:5 › FE021 marketing filters preserve edits while the default period response is pending
2026-10-10T12:13:16.8753916Z [136/407] [chromium] › tests/fe021.spec.ts:170:5 › FE021 marketing filters preserve edits while the canonical period response is pending
2026-10-10T12:13:22.0460795Z [137/407] [chromium] › tests/fe021.spec.ts:234:1 › FE021 invalid marketing deep links mark the responsible field and never send the invalid range
2026-10-10T12:13:23.6032035Z [138/407] [chromium] › tests/fe021.spec.ts:248:1 › FE021 export uses inclusive shop-local boundaries, safe CSV, API jobs and cursor pagination
2026-10-10T12:13:28.1382101Z [139/407] [chromium] › tests/fe021.spec.ts:303:1 › FE021 mock rejects an export when reports.export lacks the source permission
2026-10-10T12:13:30.0050659Z [140/407] [chromium] › tests/fe021.spec.ts:323:1 › FE021 mock rejects an invalid report timezone before creating an export job
2026-10-10T12:13:31.5966783Z [141/407] [chromium] › tests/fe021.spec.ts:343:1 › FE021 ambiguous export result preserves the selected dates and never exposes a download
2026-10-10T12:13:34.1344622Z [142/407] [chromium] › tests/fe021.spec.ts:356:1 › FE021 empty report and marketing payloads render explicit empty states
2026-10-10T12:13:37.2577331Z [143/407] [chromium] › tests/fe021.spec.ts:375:1 › FE021 stale export conflict preserves dates and never exposes a download
2026-10-10T12:13:39.7962900Z [144/407] [chromium] › tests/frontend-corrections.spec.ts:18:1 › F01 preserves a customer draft, compares three snapshots, and PATCHes only chosen changes
2026-10-10T12:13:43.4785702Z [145/407] [chromium] › tests/frontend-corrections.spec.ts:46:1 › F01 requires an explicit choice for a field changed by both editors
2026-10-10T12:13:45.6892272Z [146/407] [chromium] › tests/frontend-corrections.spec.ts:62:1 › F06 detects an order draft and blocks navigation until explicit discard
2026-10-10T12:13:47.8585461Z [147/407] [chromium] › tests/frontend-corrections.spec.ts:75:1 › F02 retains an unsaved product image through an unrelated refetch
2026-10-10T12:13:49.7488627Z [148/407] [chromium] › tests/frontend-corrections.spec.ts:87:1 › F03 retains notification-policy inputs through a background resync and navigation
2026-10-10T12:13:51.5473665Z [149/407] [chromium] › tests/frontend-corrections.spec.ts:98:1 › F05 keeps text typed while a previous internal note is pending
2026-10-10T12:13:54.4067760Z [150/407] [chromium] › tests/frontend-corrections.spec.ts:113:1 › F08 validates 4001 customer-note characters at the field and accepts 4000
2026-10-10T12:13:57.1979244Z [151/407] [chromium] › tests/frontend-corrections.spec.ts:147:1 › F07 routes the fulfillment footer close through the shared discard guard
2026-10-10T12:13:59.0663039Z [152/407] [chromium] › tests/frontend-corrections.spec.ts:161:1 › F09 refreshes new Inbox messages without refetching the visible product and stock snapshots
2026-10-10T12:14:01.0325623Z [153/407] [chromium] › tests/frontend-corrections.spec.ts:191:1 › F01 shop settings merges a server-only locale change and preserves edits typed during save
2026-10-10T12:14:03.8292281Z [154/407] [chromium] › tests/frontend-corrections.spec.ts:219:1 › F03 privacy policy preserves refetch drafts and compares before applying the newest version
2026-10-10T12:14:05.8948819Z [155/407] [chromium] › tests/frontend-corrections.spec.ts:236:1 › F01 category keeps a late edit after saving, and reopens with a clean current baseline
2026-10-10T12:14:09.3501952Z [156/407] [chromium] › tests/frontend-corrections.spec.ts:257:1 › F01 supplier preserves a concurrent server-only term and PATCHes the local name
2026-10-10T12:14:11.6882438Z [157/407] [chromium] › tests/frontend-corrections.spec.ts:274:1 › F08 customer update enforces 4000/4001 before HTTP and retains a 422 draft
2026-10-10T12:14:13.7501433Z [158/407] [chromium] › tests/frontend-corrections.spec.ts:302:1 › F05 keeps mode changes and unknown sends, locks another send, and observes recovery-registry completion
2026-10-10T12:14:16.2561534Z [159/407] [chromium] › tests/frontend-corrections.spec.ts:328:1 › F01 order editor keeps its original version and compares whole line lists before PATCH
2026-10-10T12:14:19.0893964Z [160/407] [chromium] › tests/frontend-corrections.spec.ts:350:1 › F06 guards added order rows, shop switch, logout and native reload; successful creation leaves no false guard
2026-10-10T12:14:34.5233430Z [161/407] [chromium] › tests/frontend-corrections.spec.ts:375:1 › F01 analogous return-inspection draft does not adopt a refetched version without comparison
2026-10-10T12:14:37.2802696Z [162/407] [chromium] › tests/frontend-corrections.spec.ts:415:1 › F01 comparison supports keyboard choices, server changes again, axe and 320px reflow with long content
2026-10-10T12:14:40.0412925Z [163/407] [chromium] › tests/frontend-corrections.spec.ts:444:1 › F08 privacy bounds reject invalid days and long jurisdiction before HTTP
2026-10-10T12:14:42.7884035Z [164/407] [chromium] › tests/frontend-corrections.spec.ts:474:1 › F06 order custom close respects the draft guard and busy editors remain protected
2026-10-10T12:14:46.7764839Z [165/407] [chromium] › tests/frontend.spec.ts:41:1 › catalog create uses the HTTP mock and successful save clears the draft guard
2026-10-10T12:14:51.4062042Z [166/407] [chromium] › tests/frontend.spec.ts:73:1 › dirty drafts block in-app navigation and preserve input until the user decides
2026-10-10T12:14:54.5152974Z [167/407] [chromium] › tests/frontend.spec.ts:91:1 › all canonical routes render inside the real React demo application
2026-10-10T12:15:52.2157829Z [168/407] [chromium] › tests/frontend.spec.ts:116:1 › switching shops cancels a delayed request and loads only the new shop scope
2026-10-10T12:15:58.3955199Z [169/407] [chromium] › tests/frontend.spec.ts:134:1 › role changes remove restricted navigation and the route guard explains denied access
2026-10-10T12:15:59.9651375Z [170/407] [chromium] › tests/frontend.spec.ts:147:1 › deep links survive browser refresh and logout clears the mock session
2026-10-10T12:16:03.5391753Z [171/407] [chromium] › tests/frontend.spec.ts:160:1 › logout asks before discarding a draft and retains the session when logout fails
2026-10-10T12:16:06.1404754Z [172/407] [chromium] › tests/frontend.spec.ts:217:1 › mobile navigation opens, routes, and closes without viewport overflow
2026-10-10T12:16:07.9194160Z [173/407] [chromium] › tests/frontend.spec.ts:231:1 › chunk loading errors use the route recovery boundary
2026-10-10T12:16:08.9671419Z [174/407] [chromium] › tests/frontend.spec.ts:270:1 › live mode reports an unavailable session API without enabling mock data
2026-10-10T12:16:09.6444939Z [175/407] [chromium] › tests/route-role-matrix.spec.ts:44:1 › route read access matches canonical permissions for every demo role
2026-10-10T12:16:36.4460098Z [chromium] › tests/route-role-matrix.spec.ts:44:1 › route read access matches canonical permissions for every demo role
2026-10-10T12:16:36.4460648Z ROUTE_ROLE_MATRIX_CASES=399 ROLES=7 PRIVATE_ROUTES=57 RESULT=PASS
2026-10-10T12:16:36.4460809Z 
2026-10-10T12:16:36.5109006Z [176/407] [chromium] › tests/security.spec.ts:36:1 › untrusted product text renders as text without activating markup
2026-10-10T12:16:39.8611686Z [177/407] [chromium] › tests/security.spec.ts:54:1 › catalog import rejects a non-CSV file before an upload request
2026-10-10T12:16:41.3056182Z [178/407] [chromium] › tests/security.spec.ts:72:1 › catalog import rejects files above the demo size limit before upload
2026-10-10T12:16:43.0002243Z [179/407] [chromium] › tests/security.spec.ts:90:1 › mock uploads require a purpose, enforce its role, and fingerprint file content for retries
2026-10-10T12:16:45.9186440Z [180/407] [chromium] › tests/session/demo-server-cache-isolation.spec.ts:7:1 › concurrent demo servers use isolated Vite caches and load the React app
2026-10-10T12:16:46.3132575Z [chromium] › tests/session/demo-server-cache-isolation.spec.ts:7:1 › concurrent demo servers use isolated Vite caches and load the React app
2026-10-10T12:16:46.3135413Z VITE_CACHE_ISOLATION=PASS rootA=/tmp/botsales-vite-cache/2fbc71299afedf720605/test-demo/playwright-5574-aaebc51c-502c-41be-aa47-4e52607c15d6-parallel-a rootB=/tmp/botsales-vite-cache/2fbc71299afedf720605/test-demo/playwright-5574-aaebc51c-502c-41be-aa47-4e52607c15d6-parallel-b otherCheckout=true
2026-10-10T12:16:46.3187756Z 
2026-10-10T12:16:49.9176463Z [181/407] [chromium] › tests/session/demo-worker-startup.spec.ts:17:1 › demo conditional module requests return complete exports without changing live or non-asset caching
2026-10-10T12:16:54.3900081Z [182/407] [chromium] › tests/session/demo-worker-startup.spec.ts:80:1 › demo startup explains the required setup when the browser blocks Service Workers
2026-10-10T12:16:55.0167277Z [183/407] [chromium] › tests/session/session-revocation.spec.ts:20:1 › session.revoked SSE closes the stream and clears the active shop session
2026-10-10T12:16:58.0193014Z [184/407] [chromium] › tests/session/session-unauthorized.spec.ts:17:1 › expired live session redirects to login and preserves the requested shop route
2026-10-10T12:17:00.4632984Z [185/407] [chromium] › tests/states/fe023.spec.ts:18:1 › FE023.S04 a dirty dialog keeps the form value until the user confirms discard
2026-10-10T12:17:03.5378352Z [186/407] [chromium] › tests/states/fe023.spec.ts:36:1 › FE023.S03 a customer lookup loads the next cursor page without dropping earlier choices
2026-10-10T12:17:06.1825282Z [187/407] [chromium] › tests/states/fe023.spec.ts:77:1 › FE023.S04 delayed requests show loading and failed refresh keeps a retry path
2026-10-10T12:17:14.4039348Z [188/407] [chromium] › tests/states/fe023.spec.ts:107:1 › FE023 unsaved shop settings are preserved when navigation switches shop scope
2026-10-10T12:17:17.3703059Z [189/407] [chromium] › tests/states/fe023.spec.ts:125:1 › FE023 a saved shop form resets its dirty baseline and reports success
2026-10-10T12:17:19.6213031Z [190/407] [chromium] › tests/states/route-empty-composition.spec.ts:29:1 › empty collection responses render accessible empty states on canonical list routes
2026-10-10T12:17:22.8881651Z [chromium] › tests/states/route-empty-composition.spec.ts:29:1 › empty collection responses render accessible empty states on canonical list routes
2026-10-10T12:17:22.8885292Z ROUTE_EMPTY_COMPOSITION_PROGRESS=3/11
2026-10-10T12:17:22.8890155Z 
2026-10-10T12:17:23.5158847Z ROUTE_EMPTY_COMPOSITION_PROGRESS=6/11
2026-10-10T12:17:23.5159049Z 
2026-10-10T12:17:24.1100623Z ROUTE_EMPTY_COMPOSITION_PROGRESS=9/11
2026-10-10T12:17:24.1100898Z 
2026-10-10T12:17:24.2628751Z ROUTE_EMPTY_COMPOSITION=11/11 RESULT=PASS
2026-10-10T12:17:24.2629082Z 
2026-10-10T12:17:24.3300614Z [191/407] [chromium] › tests/states/route-error-composition.spec.ts:44:9 › every shop route composes the shared API error state with its page content › R04 /s/:shopId/overview
2026-10-10T12:17:28.8012667Z [chromium] › tests/states/route-error-composition.spec.ts:44:9 › every shop route composes the shared API error state with its page content › R04 /s/:shopId/overview
2026-10-10T12:17:28.8013834Z ROUTE_ERROR_COMPOSITION_ROUTE=R04 RESULT=PASS
2026-10-10T12:17:28.8014199Z 
2026-10-10T12:17:28.8103678Z [192/407] [chromium] › tests/states/route-error-composition.spec.ts:44:9 › every shop route composes the shared API error state with its page content › R05 /s/:shopId/inbox
2026-10-10T12:17:32.2963530Z [chromium] › tests/states/route-error-composition.spec.ts:44:9 › every shop route composes the shared API error state with its page content › R05 /s/:shopId/inbox
2026-10-10T12:17:32.2964001Z ROUTE_ERROR_COMPOSITION_ROUTE=R05 RESULT=PASS
2026-10-10T12:17:32.2964136Z 
2026-10-10T12:17:32.3060679Z [193/407] [chromium] › tests/states/route-error-composition.spec.ts:44:9 › every shop route composes the shared API error state with its page content › R06 /s/:shopId/inbox/:conversationId
2026-10-10T12:17:35.6302253Z [chromium] › tests/states/route-error-composition.spec.ts:44:9 › every shop route composes the shared API error state with its page content › R06 /s/:shopId/inbox/:conversationId
2026-10-10T12:17:35.6303068Z ROUTE_ERROR_COMPOSITION_ROUTE=R06 RESULT=PASS
2026-10-10T12:17:35.6303262Z 
2026-10-10T12:17:35.6404252Z [194/407] [chromium] › tests/states/route-error-composition.spec.ts:44:9 › every shop route composes the shared API error state with its page content › R07 /s/:shopId/customers
2026-10-10T12:17:39.0847479Z [chromium] › tests/states/route-error-composition.spec.ts:44:9 › every shop route composes the shared API error state with its page content › R07 /s/:shopId/customers
2026-10-10T12:17:39.0848243Z ROUTE_ERROR_COMPOSITION_ROUTE=R07 RESULT=PASS
2026-10-10T12:17:39.0848438Z 
2026-10-10T12:17:39.0955029Z [195/407] [chromium] › tests/states/route-error-composition.spec.ts:44:9 › every shop route composes the shared API error state with its page content › R08 /s/:shopId/customers/:customerId
2026-10-10T12:17:42.5434155Z [chromium] › tests/states/route-error-composition.spec.ts:44:9 › every shop route composes the shared API error state with its page content › R08 /s/:shopId/customers/:customerId
2026-10-10T12:17:42.5435397Z ROUTE_ERROR_COMPOSITION_ROUTE=R08 RESULT=PASS
2026-10-10T12:17:42.5435716Z 
2026-10-10T12:17:42.5526935Z [196/407] [chromium] › tests/states/route-error-composition.spec.ts:44:9 › every shop route composes the shared API error state with its page content › R09 /s/:shopId/products
2026-10-10T12:17:46.0850043Z [chromium] › tests/states/route-error-composition.spec.ts:44:9 › every shop route composes the shared API error state with its page content › R09 /s/:shopId/products
2026-10-10T12:17:46.0850844Z ROUTE_ERROR_COMPOSITION_ROUTE=R09 RESULT=PASS
2026-10-10T12:17:46.0851340Z 
2026-10-10T12:17:46.0958124Z [197/407] [chromium] › tests/states/route-error-composition.spec.ts:44:9 › every shop route composes the shared API error state with its page content › R10 /s/:shopId/products/new
2026-10-10T12:17:49.9600099Z [chromium] › tests/states/route-error-composition.spec.ts:44:9 › every shop route composes the shared API error state with its page content › R10 /s/:shopId/products/new
2026-10-10T12:17:49.9601136Z ROUTE_ERROR_COMPOSITION_ROUTE=R10 RESULT=PASS
2026-10-10T12:17:49.9601488Z 
2026-10-10T12:17:49.9690430Z [198/407] [chromium] › tests/states/route-error-composition.spec.ts:44:9 › every shop route composes the shared API error state with its page content › R11 /s/:shopId/products/:productId
2026-10-10T12:17:53.5826291Z [chromium] › tests/states/route-error-composition.spec.ts:44:9 › every shop route composes the shared API error state with its page content › R11 /s/:shopId/products/:productId
2026-10-10T12:17:53.5827137Z ROUTE_ERROR_COMPOSITION_ROUTE=R11 RESULT=PASS
2026-10-10T12:17:53.5827398Z 
2026-10-10T12:17:53.5921451Z [199/407] [chromium] › tests/states/route-error-composition.spec.ts:44:9 › every shop route composes the shared API error state with its page content › R12 /s/:shopId/categories
2026-10-10T12:17:57.0324537Z [chromium] › tests/states/route-error-composition.spec.ts:44:9 › every shop route composes the shared API error state with its page content › R12 /s/:shopId/categories
2026-10-10T12:17:57.0325094Z ROUTE_ERROR_COMPOSITION_ROUTE=R12 RESULT=PASS
2026-10-10T12:17:57.0325285Z 
2026-10-10T12:17:57.0420995Z [200/407] [chromium] › tests/states/route-error-composition.spec.ts:44:9 › every shop route composes the shared API error state with its page content › R13 /s/:shopId/imports
2026-10-10T12:18:00.4889188Z [chromium] › tests/states/route-error-composition.spec.ts:44:9 › every shop route composes the shared API error state with its page content › R13 /s/:shopId/imports
2026-10-10T12:18:00.4890555Z ROUTE_ERROR_COMPOSITION_ROUTE=R13 RESULT=PASS
2026-10-10T12:18:00.4890959Z 
2026-10-10T12:18:00.4983898Z [201/407] [chromium] › tests/states/route-error-composition.spec.ts:44:9 › every shop route composes the shared API error state with its page content › R14 /s/:shopId/imports/:jobId
2026-10-10T12:18:03.9242068Z [chromium] › tests/states/route-error-composition.spec.ts:44:9 › every shop route composes the shared API error state with its page content › R14 /s/:shopId/imports/:jobId
2026-10-10T12:18:03.9242938Z ROUTE_ERROR_COMPOSITION_ROUTE=R14 RESULT=PASS
2026-10-10T12:18:03.9243163Z 
2026-10-10T12:18:03.9332372Z [202/407] [chromium] › tests/states/route-error-composition.spec.ts:44:9 › every shop route composes the shared API error state with its page content › R15 /s/:shopId/inventory
2026-10-10T12:18:07.3809094Z [chromium] › tests/states/route-error-composition.spec.ts:44:9 › every shop route composes the shared API error state with its page content › R15 /s/:shopId/inventory
2026-10-10T12:18:07.3811391Z ROUTE_ERROR_COMPOSITION_ROUTE=R15 RESULT=PASS
2026-10-10T12:18:07.3812139Z 
2026-10-10T12:18:07.3912622Z [203/407] [chromium] › tests/states/route-error-composition.spec.ts:44:9 › every shop route composes the shared API error state with its page content › R16 /s/:shopId/inventory/movements
2026-10-10T12:18:10.9305832Z [chromium] › tests/states/route-error-composition.spec.ts:44:9 › every shop route composes the shared API error state with its page content › R16 /s/:shopId/inventory/movements
2026-10-10T12:18:10.9306817Z ROUTE_ERROR_COMPOSITION_ROUTE=R16 RESULT=PASS
2026-10-10T12:18:10.9307357Z 
2026-10-10T12:18:10.9403843Z [204/407] [chromium] › tests/states/route-error-composition.spec.ts:44:9 › every shop route composes the shared API error state with its page content › R17 /s/:shopId/orders
2026-10-10T12:18:14.3210088Z [chromium] › tests/states/route-error-composition.spec.ts:44:9 › every shop route composes the shared API error state with its page content › R17 /s/:shopId/orders
2026-10-10T12:18:14.3211188Z ROUTE_ERROR_COMPOSITION_ROUTE=R17 RESULT=PASS
2026-10-10T12:18:14.3211578Z 
2026-10-10T12:18:14.3308614Z [205/407] [chromium] › tests/states/route-error-composition.spec.ts:44:9 › every shop route composes the shared API error state with its page content › R18 /s/:shopId/orders/new
2026-10-10T12:18:17.7710467Z [chromium] › tests/states/route-error-composition.spec.ts:44:9 › every shop route composes the shared API error state with its page content › R18 /s/:shopId/orders/new
2026-10-10T12:18:17.7710956Z ROUTE_ERROR_COMPOSITION_ROUTE=R18 RESULT=PASS
2026-10-10T12:18:17.7711172Z 
2026-10-10T12:18:17.7809380Z [206/407] [chromium] › tests/states/route-error-composition.spec.ts:44:9 › every shop route composes the shared API error state with its page content › R19 /s/:shopId/orders/:orderId
2026-10-10T12:18:21.2352274Z [chromium] › tests/states/route-error-composition.spec.ts:44:9 › every shop route composes the shared API error state with its page content › R19 /s/:shopId/orders/:orderId
2026-10-10T12:18:21.2353516Z ROUTE_ERROR_COMPOSITION_ROUTE=R19 RESULT=PASS
2026-10-10T12:18:21.2353956Z 
2026-10-10T12:18:21.2454861Z [207/407] [chromium] › tests/states/route-error-composition.spec.ts:44:9 › every shop route composes the shared API error state with its page content › R20 /s/:shopId/finance
2026-10-10T12:18:25.3167305Z [chromium] › tests/states/route-error-composition.spec.ts:44:9 › every shop route composes the shared API error state with its page content › R20 /s/:shopId/finance
2026-10-10T12:18:25.3168049Z ROUTE_ERROR_COMPOSITION_ROUTE=R20 RESULT=PASS
2026-10-10T12:18:25.3168247Z 
2026-10-10T12:18:25.3253840Z [208/407] [chromium] › tests/states/route-error-composition.spec.ts:44:9 › every shop route composes the shared API error state with its page content › R21 /s/:shopId/finance/entries
2026-10-10T12:18:28.9363721Z [chromium] › tests/states/route-error-composition.spec.ts:44:9 › every shop route composes the shared API error state with its page content › R21 /s/:shopId/finance/entries
2026-10-10T12:18:28.9364668Z ROUTE_ERROR_COMPOSITION_ROUTE=R21 RESULT=PASS
2026-10-10T12:18:28.9365168Z 
2026-10-10T12:18:28.9468954Z [209/407] [chromium] › tests/states/route-error-composition.spec.ts:44:9 › every shop route composes the shared API error state with its page content › R22 /s/:shopId/finance/profit-loss
2026-10-10T12:18:32.4433362Z [chromium] › tests/states/route-error-composition.spec.ts:44:9 › every shop route composes the shared API error state with its page content › R22 /s/:shopId/finance/profit-loss
2026-10-10T12:18:32.4434415Z ROUTE_ERROR_COMPOSITION_ROUTE=R22 RESULT=PASS
2026-10-10T12:18:32.4434754Z 
2026-10-10T12:18:32.4545382Z [210/407] [chromium] › tests/states/route-error-composition.spec.ts:44:9 › every shop route composes the shared API error state with its page content › R23 /s/:shopId/knowledge
2026-10-10T12:18:35.9179820Z [chromium] › tests/states/route-error-composition.spec.ts:44:9 › every shop route composes the shared API error state with its page content › R23 /s/:shopId/knowledge
2026-10-10T12:18:35.9181393Z ROUTE_ERROR_COMPOSITION_ROUTE=R23 RESULT=PASS
2026-10-10T12:18:35.9182118Z 
2026-10-10T12:18:35.9291767Z [211/407] [chromium] › tests/states/route-error-composition.spec.ts:44:9 › every shop route composes the shared API error state with its page content › R24 /s/:shopId/knowledge/:knowledgeId
2026-10-10T12:18:39.3697495Z [chromium] › tests/states/route-error-composition.spec.ts:44:9 › every shop route composes the shared API error state with its page content › R24 /s/:shopId/knowledge/:knowledgeId
2026-10-10T12:18:39.3698381Z ROUTE_ERROR_COMPOSITION_ROUTE=R24 RESULT=PASS
2026-10-10T12:18:39.3698594Z 
2026-10-10T12:18:39.3802594Z [212/407] [chromium] › tests/states/route-error-composition.spec.ts:44:9 › every shop route composes the shared API error state with its page content › R25 /s/:shopId/knowledge/review
2026-10-10T12:18:42.8284177Z [chromium] › tests/states/route-error-composition.spec.ts:44:9 › every shop route composes the shared API error state with its page content › R25 /s/:shopId/knowledge/review
2026-10-10T12:18:42.8285146Z ROUTE_ERROR_COMPOSITION_ROUTE=R25 RESULT=PASS
2026-10-10T12:18:42.8285949Z 
2026-10-10T12:18:42.8377666Z [213/407] [chromium] › tests/states/route-error-composition.spec.ts:44:9 › every shop route composes the shared API error state with its page content › R26 /s/:shopId/bot
2026-10-10T12:18:46.2732408Z [chromium] › tests/states/route-error-composition.spec.ts:44:9 › every shop route composes the shared API error state with its page content › R26 /s/:shopId/bot
2026-10-10T12:18:46.2733819Z ROUTE_ERROR_COMPOSITION_ROUTE=R26 RESULT=PASS
2026-10-10T12:18:46.2734179Z 
2026-10-10T12:18:46.2844405Z [214/407] [chromium] › tests/states/route-error-composition.spec.ts:44:9 › every shop route composes the shared API error state with its page content › R27 /s/:shopId/bot/playground
2026-10-10T12:18:49.8384284Z [chromium] › tests/states/route-error-composition.spec.ts:44:9 › every shop route composes the shared API error state with its page content › R27 /s/:shopId/bot/playground
2026-10-10T12:18:49.8385149Z ROUTE_ERROR_COMPOSITION_ROUTE=R27 RESULT=PASS
2026-10-10T12:18:49.8385353Z 
2026-10-10T12:18:49.8473443Z [215/407] [chromium] › tests/states/route-error-composition.spec.ts:44:9 › every shop route composes the shared API error state with its page content › R28 /s/:shopId/bot/evaluations
2026-10-10T12:18:53.3181830Z [chromium] › tests/states/route-error-composition.spec.ts:44:9 › every shop route composes the shared API error state with its page content › R28 /s/:shopId/bot/evaluations
2026-10-10T12:18:53.3182916Z ROUTE_ERROR_COMPOSITION_ROUTE=R28 RESULT=PASS
2026-10-10T12:18:53.3183306Z 
2026-10-10T12:18:53.3291066Z [216/407] [chromium] › tests/states/route-error-composition.spec.ts:44:9 › every shop route composes the shared API error state with its page content › R29 /s/:shopId/integrations/channels
2026-10-10T12:18:56.7313827Z [chromium] › tests/states/route-error-composition.spec.ts:44:9 › every shop route composes the shared API error state with its page content › R29 /s/:shopId/integrations/channels
2026-10-10T12:18:56.7315001Z ROUTE_ERROR_COMPOSITION_ROUTE=R29 RESULT=PASS
2026-10-10T12:18:56.7315359Z 
2026-10-10T12:18:56.7423502Z [217/407] [chromium] › tests/states/route-error-composition.spec.ts:44:9 › every shop route composes the shared API error state with its page content › R30 /s/:shopId/integrations/ai
2026-10-10T12:19:00.0941809Z [chromium] › tests/states/route-error-composition.spec.ts:44:9 › every shop route composes the shared API error state with its page content › R30 /s/:shopId/integrations/ai
2026-10-10T12:19:00.0942572Z ROUTE_ERROR_COMPOSITION_ROUTE=R30 RESULT=PASS
2026-10-10T12:19:00.0944700Z 
2026-10-10T12:19:00.1042122Z [218/407] [chromium] › tests/states/route-error-composition.spec.ts:44:9 › every shop route composes the shared API error state with its page content › R31 /s/:shopId/reports
2026-10-10T12:19:03.6006744Z [chromium] › tests/states/route-error-composition.spec.ts:44:9 › every shop route composes the shared API error state with its page content › R31 /s/:shopId/reports
2026-10-10T12:19:03.6007617Z ROUTE_ERROR_COMPOSITION_ROUTE=R31 RESULT=PASS
2026-10-10T12:19:03.6007751Z 
2026-10-10T12:19:03.6112208Z [219/407] [chromium] › tests/states/route-error-composition.spec.ts:44:9 › every shop route composes the shared API error state with its page content › R32 /s/:shopId/settings/team
2026-10-10T12:19:07.1652209Z [chromium] › tests/states/route-error-composition.spec.ts:44:9 › every shop route composes the shared API error state with its page content › R32 /s/:shopId/settings/team
2026-10-10T12:19:07.1652964Z ROUTE_ERROR_COMPOSITION_ROUTE=R32 RESULT=PASS
2026-10-10T12:19:07.1653478Z 
2026-10-10T12:19:07.1764486Z [220/407] [chromium] › tests/states/route-error-composition.spec.ts:44:9 › every shop route composes the shared API error state with its page content › R33 /s/:shopId/settings/shop
2026-10-10T12:19:09.6140951Z [chromium] › tests/states/route-error-composition.spec.ts:44:9 › every shop route composes the shared API error state with its page content › R33 /s/:shopId/settings/shop
2026-10-10T12:19:09.6142093Z ROUTE_ERROR_COMPOSITION_ROUTE=R33 RESULT=PASS
2026-10-10T12:19:09.6142314Z 
2026-10-10T12:19:09.6225491Z [221/407] [chromium] › tests/states/route-error-composition.spec.ts:44:9 › every shop route composes the shared API error state with its page content › R34 /s/:shopId/settings/audit
2026-10-10T12:19:13.0300710Z [chromium] › tests/states/route-error-composition.spec.ts:44:9 › every shop route composes the shared API error state with its page content › R34 /s/:shopId/settings/audit
2026-10-10T12:19:13.0301780Z ROUTE_ERROR_COMPOSITION_ROUTE=R34 RESULT=PASS
2026-10-10T12:19:13.0302467Z 
2026-10-10T12:19:13.0403024Z [222/407] [chromium] › tests/states/route-error-composition.spec.ts:44:9 › every shop route composes the shared API error state with its page content › R35 /s/:shopId/settings/privacy
2026-10-10T12:19:16.5272366Z [chromium] › tests/states/route-error-composition.spec.ts:44:9 › every shop route composes the shared API error state with its page content › R35 /s/:shopId/settings/privacy
2026-10-10T12:19:16.5273166Z ROUTE_ERROR_COMPOSITION_ROUTE=R35 RESULT=PASS
2026-10-10T12:19:16.5273471Z 
2026-10-10T12:19:16.5380708Z [223/407] [chromium] › tests/states/route-error-composition.spec.ts:44:9 › every shop route composes the shared API error state with its page content › R36 /s/:shopId/jobs/:jobId
2026-10-10T12:19:19.9858446Z [chromium] › tests/states/route-error-composition.spec.ts:44:9 › every shop route composes the shared API error state with its page content › R36 /s/:shopId/jobs/:jobId
2026-10-10T12:19:19.9859248Z ROUTE_ERROR_COMPOSITION_ROUTE=R36 RESULT=PASS
2026-10-10T12:19:19.9859493Z 
2026-10-10T12:19:19.9989523Z [224/407] [chromium] › tests/states/route-error-composition.spec.ts:44:9 › every shop route composes the shared API error state with its page content › R37 /s/:shopId/operations
2026-10-10T12:19:23.4989636Z [chromium] › tests/states/route-error-composition.spec.ts:44:9 › every shop route composes the shared API error state with its page content › R37 /s/:shopId/operations
2026-10-10T12:19:23.4990789Z ROUTE_ERROR_COMPOSITION_ROUTE=R37 RESULT=PASS
2026-10-10T12:19:23.4992189Z 
2026-10-10T12:19:23.5080462Z [225/407] [chromium] › tests/states/route-error-composition.spec.ts:44:9 › every shop route composes the shared API error state with its page content › R38 /s/:shopId/approvals
2026-10-10T12:19:26.9762355Z [chromium] › tests/states/route-error-composition.spec.ts:44:9 › every shop route composes the shared API error state with its page content › R38 /s/:shopId/approvals
2026-10-10T12:19:26.9763551Z ROUTE_ERROR_COMPOSITION_ROUTE=R38 RESULT=PASS
2026-10-10T12:19:26.9853603Z 
2026-10-10T12:19:26.9854834Z [226/407] [chromium] › tests/states/route-error-composition.spec.ts:44:9 › every shop route composes the shared API error state with its page content › R39 /s/:shopId/notifications
2026-10-10T12:19:30.4831596Z [chromium] › tests/states/route-error-composition.spec.ts:44:9 › every shop route composes the shared API error state with its page content › R39 /s/:shopId/notifications
2026-10-10T12:19:30.4833332Z ROUTE_ERROR_COMPOSITION_ROUTE=R39 RESULT=PASS
2026-10-10T12:19:30.4833772Z 
2026-10-10T12:19:30.4931019Z [227/407] [chromium] › tests/states/route-error-composition.spec.ts:44:9 › every shop route composes the shared API error state with its page content › R40 /s/:shopId/notifications/devices
2026-10-10T12:19:33.8962391Z [chromium] › tests/states/route-error-composition.spec.ts:44:9 › every shop route composes the shared API error state with its page content › R40 /s/:shopId/notifications/devices
2026-10-10T12:19:33.8963721Z ROUTE_ERROR_COMPOSITION_ROUTE=R40 RESULT=PASS
2026-10-10T12:19:33.8964366Z 
2026-10-10T12:19:33.9071482Z [228/407] [chromium] › tests/states/route-error-composition.spec.ts:44:9 › every shop route composes the shared API error state with its page content › R41 /s/:shopId/fulfillment
2026-10-10T12:19:37.4365522Z [chromium] › tests/states/route-error-composition.spec.ts:44:9 › every shop route composes the shared API error state with its page content › R41 /s/:shopId/fulfillment
2026-10-10T12:19:37.4366402Z ROUTE_ERROR_COMPOSITION_ROUTE=R41 RESULT=PASS
2026-10-10T12:19:37.4370140Z 
2026-10-10T12:19:37.4503764Z [229/407] [chromium] › tests/states/route-error-composition.spec.ts:44:9 › every shop route composes the shared API error state with its page content › R42 /s/:shopId/shipments
2026-10-10T12:19:40.9182360Z [chromium] › tests/states/route-error-composition.spec.ts:44:9 › every shop route composes the shared API error state with its page content › R42 /s/:shopId/shipments
2026-10-10T12:19:40.9183377Z ROUTE_ERROR_COMPOSITION_ROUTE=R42 RESULT=PASS
2026-10-10T12:19:40.9183814Z 
2026-10-10T12:19:40.9283838Z [230/407] [chromium] › tests/states/route-error-composition.spec.ts:44:9 › every shop route composes the shared API error state with its page content › R43 /s/:shopId/returns
2026-10-10T12:19:44.3330567Z [chromium] › tests/states/route-error-composition.spec.ts:44:9 › every shop route composes the shared API error state with its page content › R43 /s/:shopId/returns
2026-10-10T12:19:44.3331428Z ROUTE_ERROR_COMPOSITION_ROUTE=R43 RESULT=PASS
2026-10-10T12:19:44.3331633Z 
2026-10-10T12:19:44.3476591Z [231/407] [chromium] › tests/states/route-error-composition.spec.ts:44:9 › every shop route composes the shared API error state with its page content › R44 /s/:shopId/suppliers
2026-10-10T12:19:47.8333813Z [chromium] › tests/states/route-error-composition.spec.ts:44:9 › every shop route composes the shared API error state with its page content › R44 /s/:shopId/suppliers
2026-10-10T12:19:47.8334913Z ROUTE_ERROR_COMPOSITION_ROUTE=R44 RESULT=PASS
2026-10-10T12:19:47.8335336Z 
2026-10-10T12:19:47.8430593Z [232/407] [chromium] › tests/states/route-error-composition.spec.ts:44:9 › every shop route composes the shared API error state with its page content › R45 /s/:shopId/replenishment
2026-10-10T12:19:51.3792247Z [chromium] › tests/states/route-error-composition.spec.ts:44:9 › every shop route composes the shared API error state with its page content › R45 /s/:shopId/replenishment
2026-10-10T12:19:51.3793655Z ROUTE_ERROR_COMPOSITION_ROUTE=R45 RESULT=PASS
2026-10-10T12:19:51.3794062Z 
2026-10-10T12:19:51.3863365Z [233/407] [chromium] › tests/states/route-error-composition.spec.ts:44:9 › every shop route composes the shared API error state with its page content › R46 /s/:shopId/purchases
2026-10-10T12:19:54.8309074Z [chromium] › tests/states/route-error-composition.spec.ts:44:9 › every shop route composes the shared API error state with its page content › R46 /s/:shopId/purchases
2026-10-10T12:19:54.8310100Z ROUTE_ERROR_COMPOSITION_ROUTE=R46 RESULT=PASS
2026-10-10T12:19:54.8310371Z 
2026-10-10T12:19:54.8392602Z [234/407] [chromium] › tests/states/route-error-composition.spec.ts:44:9 › every shop route composes the shared API error state with its page content › R47 /s/:shopId/receipts
2026-10-10T12:19:58.1432800Z [chromium] › tests/states/route-error-composition.spec.ts:44:9 › every shop route composes the shared API error state with its page content › R47 /s/:shopId/receipts
2026-10-10T12:19:58.1434007Z ROUTE_ERROR_COMPOSITION_ROUTE=R47 RESULT=PASS
2026-10-10T12:19:58.1434217Z 
2026-10-10T12:19:58.1542288Z [235/407] [chromium] › tests/states/route-error-composition.spec.ts:44:9 › every shop route composes the shared API error state with its page content › R48 /s/:shopId/finance/journals
2026-10-10T12:20:01.6140773Z [chromium] › tests/states/route-error-composition.spec.ts:44:9 › every shop route composes the shared API error state with its page content › R48 /s/:shopId/finance/journals
2026-10-10T12:20:01.6143329Z ROUTE_ERROR_COMPOSITION_ROUTE=R48 RESULT=PASS
2026-10-10T12:20:01.6145214Z 
2026-10-10T12:20:01.6217817Z [236/407] [chromium] › tests/states/route-error-composition.spec.ts:44:9 › every shop route composes the shared API error state with its page content › R49 /s/:shopId/finance/reconciliation
2026-10-10T12:20:05.1698644Z [chromium] › tests/states/route-error-composition.spec.ts:44:9 › every shop route composes the shared API error state with its page content › R49 /s/:shopId/finance/reconciliation
2026-10-10T12:20:05.1700064Z ROUTE_ERROR_COMPOSITION_ROUTE=R49 RESULT=PASS
2026-10-10T12:20:05.1700456Z 
2026-10-10T12:20:05.1801900Z [237/407] [chromium] › tests/states/route-error-composition.spec.ts:44:9 › every shop route composes the shared API error state with its page content › R50 /s/:shopId/finance/debts-periods
2026-10-10T12:20:08.8974727Z [chromium] › tests/states/route-error-composition.spec.ts:44:9 › every shop route composes the shared API error state with its page content › R50 /s/:shopId/finance/debts-periods
2026-10-10T12:20:08.8977357Z ROUTE_ERROR_COMPOSITION_ROUTE=R50 RESULT=PASS
2026-10-10T12:20:08.8977726Z 
2026-10-10T12:20:08.9065991Z [238/407] [chromium] › tests/states/route-error-composition.spec.ts:44:9 › every shop route composes the shared API error state with its page content › R51 /s/:shopId/bot/team
2026-10-10T12:20:12.3536779Z [chromium] › tests/states/route-error-composition.spec.ts:44:9 › every shop route composes the shared API error state with its page content › R51 /s/:shopId/bot/team
2026-10-10T12:20:12.3537557Z ROUTE_ERROR_COMPOSITION_ROUTE=R51 RESULT=PASS
2026-10-10T12:20:12.3537931Z 
2026-10-10T12:20:12.3652911Z [239/407] [chromium] › tests/states/route-error-composition.spec.ts:44:9 › every shop route composes the shared API error state with its page content › R52 /s/:shopId/operations/digests
2026-10-10T12:20:15.6945252Z [chromium] › tests/states/route-error-composition.spec.ts:44:9 › every shop route composes the shared API error state with its page content › R52 /s/:shopId/operations/digests
2026-10-10T12:20:15.6946109Z ROUTE_ERROR_COMPOSITION_ROUTE=R52 RESULT=PASS
2026-10-10T12:20:15.6946360Z 
2026-10-10T12:20:15.7035412Z [240/407] [chromium] › tests/states/route-error-composition.spec.ts:44:9 › every shop route composes the shared API error state with its page content › R53 /s/:shopId/reports/marketing
2026-10-10T12:20:19.1564851Z [chromium] › tests/states/route-error-composition.spec.ts:44:9 › every shop route composes the shared API error state with its page content › R53 /s/:shopId/reports/marketing
2026-10-10T12:20:19.1565674Z ROUTE_ERROR_COMPOSITION_ROUTE=R53 RESULT=PASS
2026-10-10T12:20:19.1565882Z 
2026-10-10T12:20:19.1656571Z [241/407] [chromium] › tests/states/route-error-composition.spec.ts:44:9 › every shop route composes the shared API error state with its page content › R54 /s/:shopId/service-cases
2026-10-10T12:20:22.6491513Z [chromium] › tests/states/route-error-composition.spec.ts:44:9 › every shop route composes the shared API error state with its page content › R54 /s/:shopId/service-cases
2026-10-10T12:20:22.6492199Z ROUTE_ERROR_COMPOSITION_ROUTE=R54 RESULT=PASS
2026-10-10T12:20:22.6492676Z 
2026-10-10T12:20:22.6602532Z [242/407] [chromium] › tests/states/route-error-composition.spec.ts:44:9 › every shop route composes the shared API error state with its page content › R55 /s/:shopId/settings/warehouses
2026-10-10T12:20:26.2224435Z [chromium] › tests/states/route-error-composition.spec.ts:44:9 › every shop route composes the shared API error state with its page content › R55 /s/:shopId/settings/warehouses
2026-10-10T12:20:26.2226148Z ROUTE_ERROR_COMPOSITION_ROUTE=R55 RESULT=PASS
2026-10-10T12:20:26.2226942Z 
2026-10-10T12:20:26.2311853Z [243/407] [chromium] › tests/states/route-error-composition.spec.ts:44:9 › every shop route composes the shared API error state with its page content › R56 /s/:shopId/finance/accounts
2026-10-10T12:20:29.8140100Z [chromium] › tests/states/route-error-composition.spec.ts:44:9 › every shop route composes the shared API error state with its page content › R56 /s/:shopId/finance/accounts
2026-10-10T12:20:29.8141289Z ROUTE_ERROR_COMPOSITION_ROUTE=R56 RESULT=PASS
2026-10-10T12:20:29.8141490Z 
2026-10-10T12:20:29.8240599Z [244/407] [chromium] › tests/states/route-error-composition.spec.ts:44:9 › every shop route composes the shared API error state with its page content › R57 /s/:shopId/finance/opening-balances
2026-10-10T12:20:33.3657767Z [chromium] › tests/states/route-error-composition.spec.ts:44:9 › every shop route composes the shared API error state with its page content › R57 /s/:shopId/finance/opening-balances
2026-10-10T12:20:33.3658863Z ROUTE_ERROR_COMPOSITION_ROUTE=R57 RESULT=PASS
2026-10-10T12:20:33.3659198Z 
2026-10-10T12:20:33.3760642Z [245/407] [chromium] › tests/states/route-error-composition.spec.ts:44:9 › every shop route composes the shared API error state with its page content › R58 /s/:shopId/finance/ledger
2026-10-10T12:20:36.7932572Z [chromium] › tests/states/route-error-composition.spec.ts:44:9 › every shop route composes the shared API error state with its page content › R58 /s/:shopId/finance/ledger
2026-10-10T12:20:36.7933740Z ROUTE_ERROR_COMPOSITION_ROUTE=R58 RESULT=PASS
2026-10-10T12:20:36.7934056Z 
2026-10-10T12:20:36.8093357Z [246/407] [chromium] › tests/states/route-error-composition.spec.ts:44:9 › every shop route composes the shared API error state with its page content › R59 /s/:shopId/finance/trial-balance
2026-10-10T12:20:40.5089507Z [chromium] › tests/states/route-error-composition.spec.ts:44:9 › every shop route composes the shared API error state with its page content › R59 /s/:shopId/finance/trial-balance
2026-10-10T12:20:40.5097206Z ROUTE_ERROR_COMPOSITION_ROUTE=R59 RESULT=PASS
2026-10-10T12:20:40.5097964Z 
2026-10-10T12:20:40.5180745Z [247/407] [chromium] › tests/states/route-error-composition.spec.ts:44:9 › every shop route composes the shared API error state with its page content › R60 /s/:shopId/finance/balance-sheet
2026-10-10T12:20:44.1781939Z [chromium] › tests/states/route-error-composition.spec.ts:44:9 › every shop route composes the shared API error state with its page content › R60 /s/:shopId/finance/balance-sheet
2026-10-10T12:20:44.1783105Z ROUTE_ERROR_COMPOSITION_ROUTE=R60 RESULT=PASS
2026-10-10T12:20:44.1783637Z 
2026-10-10T12:20:44.2404294Z [248/407] [chromium] › tests/ui-bot-layout.spec.ts:42:1 › Bot routes R26/R27/R28/R51 fit the supported page-width boundaries
2026-10-10T12:21:11.4893920Z [249/407] [chromium] › tests/ui-bot-layout.spec.ts:52:1 › Bot config, evaluation, role and budget dialogs stay inside mobile and desktop viewports
2026-10-10T12:21:29.7713707Z [250/407] [chromium] › tests/ui-catalog-layout.spec.ts:15:1 › catalog R09-R14 keeps shared gutters, inset ownership and dry-run flow at mobile and desktop
2026-10-10T12:21:47.9974104Z [251/407] [chromium] › tests/ui-catalog-layout.spec.ts:67:1 › Imports review notice and demo controls keep the measured shared disclosure boundary at 806x884
2026-10-10T12:21:49.7076548Z [252/407] [chromium] › tests/ui-component-layout.spec.ts:40:1 › A01 order lines keep intrinsic remove actions with clean and invalid quantities
2026-10-10T12:21:56.4686761Z [253/407] [chromium] › tests/ui-component-layout.spec.ts:61:1 › A02 product editors align category and status faces independently from lookup metadata
2026-10-10T12:22:07.2782854Z [254/407] [chromium] › tests/ui-component-layout.spec.ts:84:1 › Shared outlined labels focus empty and populated native controls
2026-10-10T12:22:09.3532671Z [255/407] [chromium] › tests/ui-component-layout.spec.ts:99:1 › A02 variant fields retain readable widths when text doubles
2026-10-10T12:22:22.0752086Z [256/407] [chromium] › tests/ui-component-layout.spec.ts:130:1 › A03 import mapping preserves natural remove actions and editable mappings
2026-10-10T12:22:26.9731907Z [257/407] [chromium] › tests/ui-component-layout.spec.ts:150:1 › A04 full precision money wraps outside tables and remains unbroken in the named scroll region
2026-10-10T12:22:32.2172424Z [258/407] [chromium] › tests/ui-component-layout.spec.ts:176:1 › A05 status height follows its own label while long labels remain fully readable
2026-10-10T12:22:37.4006421Z [259/407] [chromium] › tests/ui-component-layout.spec.ts:196:1 › A06 Empty wraps unbroken reference text and retains its keyboard action
2026-10-10T12:22:42.5333769Z [260/407] [chromium] › tests/ui-component-layout.spec.ts:209:1 › A07 canonical order address selection exposes full text and edit lines retain intrinsic actions
2026-10-10T12:22:53.5510322Z [261/407] [chromium] › tests/ui-composition-layout.spec.ts:13:1 › SPC-061/062 shared compositions own their gap and child boundaries on every canonical route
2026-10-10T12:25:28.4427548Z [262/407] [chromium] › tests/ui-composition-positive-ancestry.spec.ts:62:1 › S15 Dashboard conditional content keeps an independently bordered surface inside its Panel owner
2026-10-10T12:25:32.9589265Z [263/407] [chromium] › tests/ui-composition-positive-ancestry.spec.ts:103:1 › S15 catalog QueryState fragment keeps DataTable and Pager as peer children of one Panel
2026-10-10T12:25:37.1383651Z [264/407] [chromium] › tests/ui-composition-positive-ancestry.spec.ts:137:1 › S15 Knowledge action group wraps children without losing its shared action owner
2026-10-10T12:25:41.3548101Z [265/407] [chromium] › tests/ui-consent-management.spec.ts:16:1 › R35 creates a pending challenge from API and shows consent history without local opt-out state
2026-10-10T12:25:44.1541741Z [266/407] [chromium] › tests/ui-consent-management.spec.ts:36:1 › R61 confirms an opt-out through POST body, removes the token from URL and leaves service messages available
2026-10-10T12:25:45.6449866Z [267/407] [chromium] › tests/ui-consent-management.spec.ts:74:1 › R61 public confirmation remains keyboard-accessible and reflows at 320px
2026-10-10T12:25:47.4183981Z [268/407] [chromium] › tests/ui-customers-layout.spec.ts:30:1 › Customers R07/R08/R54 layouts fit the shell at every responsive boundary
2026-10-10T12:26:08.8222252Z [269/407] [chromium] › tests/ui-customers-layout.spec.ts:59:1 › Customer create and service-case dialogs stay in the viewport without submitting
2026-10-10T12:26:15.5518003Z [270/407] [chromium] › tests/ui-dashboard-layout.spec.ts:17:1 › Shared consolidation Dashboard primary link respects all eight permission tuples and native anchor interactions
2026-10-10T12:26:20.6199086Z [271/407] [chromium] › tests/ui-dashboard-layout.spec.ts:62:1 › Shared consolidation Dashboard primary link opens a native modified-click page from a fresh authorized scope
2026-10-10T12:26:22.3544640Z [272/407] [chromium] › tests/ui-dashboard-layout.spec.ts:83:1 › dashboard hierarchy, CTA targets, and page width hold across supported breakpoints
2026-10-10T12:26:24.4215905Z [273/407] [chromium] › tests/ui-density-layout.spec.ts:10:1 › density table saves row space while preserving action target and data
2026-10-10T12:26:30.6560238Z [274/407] [chromium] › tests/ui-density-layout.spec.ts:22:1 › density divided facts list has one row inset and no additional inter-row gap
2026-10-10T12:26:33.6304426Z [275/407] [chromium] › tests/ui-density-layout.spec.ts:33:1 › density demo disclosure retains state and always shows the synthetic warning
2026-10-10T12:26:40.8888612Z [276/407] [chromium] › tests/ui-density-layout.spec.ts:48:1 › density operational Panel uses 12px boundary while complex form and reading Panel keep comfortable rhythm
2026-10-10T12:26:49.2369622Z [277/407] [chromium] › tests/ui-density-layout.spec.ts:60:1 › density simple category editor keeps labels, errors and keyboard reflow usable
2026-10-10T12:26:59.5469480Z [278/407] [chromium] › tests/ui-finance-layout.spec.ts:30:1 › Finance R20/R21/R22/R48/R49/R50 route layouts retain shell gutter without horizontal overflow from 320–1440px
2026-10-10T12:27:41.9829365Z [279/407] [chromium] › tests/ui-finance-layout.spec.ts:62:1 › titled Finance Panels keep one 12px header-to-first-content boundary
2026-10-10T12:27:54.0215459Z [280/407] [chromium] › tests/ui-finance-layout.spec.ts:129:1 › Finance report, entry, journal, reconciliation and period dialogs remain in the viewport without submitting
2026-10-10T12:28:14.8425749Z [281/407] [chromium] › tests/ui-finance-management.spec.ts:14:1 › C06 opening validates before HTTP and preserves added/removed list drafts through every close guard
2026-10-10T12:28:19.2381304Z [282/407] [chromium] › tests/ui-finance-management.spec.ts:19:1 › C06 opening UI posts only its reviewed version and reports/ledger drill down to real journal IDs
2026-10-10T12:28:26.5525656Z [283/407] [chromium] › tests/ui-finance-management.spec.ts:25:1 › C06 opening conflict retains whole lists and reconciles two changing server versions without forced retry
2026-10-10T12:28:34.3027076Z [284/407] [chromium] › tests/ui-finance-management.spec.ts:31:1 › C06 finance entry validation and refetch conflict keep the saved baseline and draft
2026-10-10T12:28:37.6712193Z [285/407] [chromium] › tests/ui-finance-management.spec.ts:35:1 › C06 all new financial routes and dialog use keyboard/axe and reflow at required widths
2026-10-10T12:29:23.5466950Z [286/407] [chromium] › tests/ui-fulfillment-layout.spec.ts:30:1 › Fulfillment R41/R42 preserve shell gutter and contain responsive route layouts from 320-1440px
2026-10-10T12:29:38.5208480Z [287/407] [chromium] › tests/ui-fulfillment-layout.spec.ts:59:1 › Fulfillment prep, shipment-create, detail and event dialogs fit mobile and desktop without submitting
2026-10-10T12:29:45.7726774Z [288/407] [chromium] › tests/ui-integrations-layout.spec.ts:40:1 › Integrations routes R29/R30 fit the supported page-width boundaries
2026-10-10T12:29:59.8184702Z [289/407] [chromium] › tests/ui-integrations-layout.spec.ts:50:1 › R29 disconnect and R30 create/edit credential dialogs stay inside mobile and desktop viewports
2026-10-10T12:30:11.6372164Z [290/407] [chromium] › tests/ui-inventory-layout.spec.ts:15:1 › Inventory R15/R16 preserve shared gutter and contain table overflow at 320-1440px
2026-10-10T12:30:24.6018159Z [291/407] [chromium] › tests/ui-inventory-layout.spec.ts:55:1 › Inventory filters reset cursor and preserve other URL state; adjustment validation sends no command
2026-10-10T12:30:32.4774671Z [292/407] [chromium] › tests/ui-knowledge-layout.spec.ts:67:1 › Knowledge routes R23/R24/R25 fit every supported layout boundary
2026-10-10T12:30:55.5904123Z [293/407] [chromium] › tests/ui-knowledge-layout.spec.ts:87:1 › Knowledge create, edit, and feedback-review dialogs remain inside mobile and desktop viewports
2026-10-10T12:31:09.2054528Z [294/407] [chromium] › tests/ui-master-resources.spec.ts:13:1 › C05 warehouses validate before HTTP, protect drafts and create/update/archive with visible results
2026-10-10T12:31:15.1158982Z [295/407] [chromium] › tests/ui-master-resources.spec.ts:26:1 › C05 warehouse conflicts keep the draft across two concurrent versions and require explicit reconciliation
2026-10-10T12:31:18.3168957Z [296/407] [chromium] › tests/ui-master-resources.spec.ts:34:1 › C05 accounts create and protect used fields; journal choices come from the same API lookup
2026-10-10T12:31:21.5864485Z [297/407] [chromium] › tests/ui-master-resources.spec.ts:40:1 › C05 customer address UI never replays a masked phone and orders load per-customer addresses
2026-10-10T12:31:26.2693908Z [298/407] [chromium] › tests/ui-master-resources.spec.ts:46:1 › C05 new management routes and address dialog reflow at all required widths with keyboard and axe
2026-10-10T12:31:56.2223860Z [299/407] [chromium] › tests/ui-master-resources.spec.ts:58:1 › C05 complete customer addresses create/archive through HTTP; masked mandatory fields prevent creation
2026-10-10T12:31:59.6781411Z [300/407] [chromium] › tests/ui-master-resources.spec.ts:77:1 › C05 an unknown warehouse creation keeps the draft and prevents a second request
2026-10-10T12:32:01.5145848Z [301/407] [chromium] › tests/ui-notifications-layout.spec.ts:40:1 › R39/R40 Notifications routes fit the supported page-width boundaries
2026-10-10T12:32:16.0686161Z [302/407] [chromium] › tests/ui-notifications-layout.spec.ts:50:1 › R40 revoke-device confirmation stays inside mobile and desktop viewports
2026-10-10T12:32:21.6841067Z [303/407] [chromium] › tests/ui-operations-layout.spec.ts:41:1 › R37/R38/R52 Operations routes fit the supported page-width boundaries
2026-10-10T12:32:42.5403749Z [304/407] [chromium] › tests/ui-operations-layout.spec.ts:51:1 › R52 role-control confirmation stays inside mobile and desktop viewports
2026-10-10T12:32:48.0872757Z [305/407] [chromium] › tests/ui-orders-layout.spec.ts:15:1 › Orders R17/R18/R19/R43 preserve responsive page geometry at 320-1440px
2026-10-10T12:33:15.9072414Z [306/407] [chromium] › tests/ui-orders-layout.spec.ts:46:1 › Orders draft, versioned quote, canonical address snapshot and return dialogs keep their behavior without writes
2026-10-10T12:33:28.1693417Z [307/407] [chromium] › tests/ui-panel-layout.spec.ts:15:1 › the titled Fulfillment Panel owns its body inset and keeps one 12px header boundary
2026-10-10T12:33:34.4902755Z [308/407] [chromium] › tests/ui-procurement-layout.spec.ts:38:1 › Procurement R44-R47 preserve shared page gutter and contain responsive tables at 320-1440px
2026-10-10T12:34:02.2953092Z [309/407] [chromium] › tests/ui-procurement-layout.spec.ts:69:1 › Procurement supplier, offer, rule, purchase and receipt dialogs fit narrow and desktop viewports without writes
2026-10-10T12:34:18.1041607Z [310/407] [chromium] › tests/ui-query-state-layout.spec.ts:68:5 › S12 R09 QueryState section profile preserves pending and ready layout
2026-10-10T12:34:29.5547383Z [311/407] [chromium] › tests/ui-query-state-layout.spec.ts:68:5 › S12 R11 QueryState inline profile preserves pending and ready layout
2026-10-10T12:34:39.4839081Z [312/407] [chromium] › tests/ui-shell-layout.spec.ts:45:1 › Shell keeps header, banner, main and footer on one responsive gutter
2026-10-10T12:34:42.0611987Z [313/407] [chromium] › tests/ui-shell-layout.spec.ts:106:1 › demo controls stay discoverable on mobile and usable on desktop
2026-10-10T12:34:43.0842044Z [314/407] [chromium] › tests/ui-shell-layout.spec.ts:124:1 › SPC-055/057 demo-control labels keep a clear gap on every Shell route consumer
2026-10-10T12:35:27.9409329Z [315/407] [chromium] › tests/ui-shell-layout.spec.ts:149:1 › unmatched route fallback owns its page gutter without horizontal overflow
2026-10-10T12:35:28.8258876Z [316/407] [chromium] › tests/ui-toolbar-layout.spec.ts:36:1 › Shared Toolbar and demo tools keep labels clear when text doubles
2026-10-10T12:35:35.3411180Z [317/407] [chromium] › tests/ui-toolbar-layout.spec.ts:64:1 › Toolbar geometry: multiline category lookup cannot stretch the search button
2026-10-10T12:35:37.3193418Z [318/407] [chromium] › tests/ui-toolbar-layout.spec.ts:81:1 › Shared consolidation Inbox filters share Toolbar ownership and stay outside search across pane widths
2026-10-10T12:35:51.6979841Z [319/407] [chromium] › tests/ui-toolbar-layout.spec.ts:124:1 › Toolbar affected routes keep intrinsic actions, capability branches and 320px reflow
2026-10-10T12:36:56.8374350Z [320/407] [chromium] › tests/ui-toolbar-layout.spec.ts:149:1 › Toolbar public extra slot cannot stretch a single-line submit action
2026-10-10T12:36:58.3853364Z [321/407] [chromium] › tests/ui-toolbar-layout.spec.ts:166:1 › Toolbar preserves Products URL filters, search submit, clear and independent category lookup
2026-10-10T12:37:02.1667102Z [322/407] [chromium] › tests/ui-toolbar-layout.spec.ts:202:1 › Toolbar keeps Inventory apply/reset separate from search submission
2026-10-10T12:37:07.7708067Z [323/407] [chromium] › tests/ui-toolbar-layout.spec.ts:222:1 › Toolbar category more/busy/error/retry branches preserve search geometry and actual pagination
2026-10-10T12:37:11.7684523Z [324/407] [chromium] › tests/ui-ux-completion.spec.ts:9:1 › UX01 setup feedback CTA reaches review workflow rather than dynamic knowledge detail
2026-10-10T12:37:15.2102835Z [325/407] [chromium] › tests/ui-ux-completion.spec.ts:15:1 › UX02 stock warnings describe low/zero stock without implying a server block
2026-10-10T12:37:16.7651934Z [326/407] [chromium] › tests/ui-ux-completion.spec.ts:22:1 › UX02 inventory receipts and accounting open periods have domain-specific names
2026-10-10T12:37:19.7495070Z [327/407] [chromium] › tests/ui-ux-completion.spec.ts:31:1 › UX04 onboarding protects the whole draft on leave and reload
2026-10-10T12:37:31.6434468Z [328/407] [chromium] › tests/ui-ux-completion.spec.ts:52:1 › UX04 acknowledged shop creation leaves without a false dirty warning
2026-10-10T12:37:33.2872044Z [329/407] [chromium] › tests/ui-ux-completion.spec.ts:60:1 › UX05 product detail returns to committed filters; direct links use the list fallback
2026-10-10T12:37:36.4003497Z [330/407] [chromium] › tests/ui-ux-completion.spec.ts:70:60 › UX05 customers list returns to its own filter context
2026-10-10T12:37:39.6504682Z [331/407] [chromium] › tests/ui-ux-completion.spec.ts:70:60 › UX05 orders list returns to its own filter context
2026-10-10T12:37:42.7002911Z [332/407] [chromium] › tests/ui-ux-completion.spec.ts:70:60 › UX05 knowledge list returns to its own filter context
2026-10-10T12:37:45.8336050Z [333/407] [chromium] › tests/ui-ux-completion.spec.ts:86:1 › UX03 category, member and AI deletion confirmations name the selected object and consequence
2026-10-10T12:37:50.0465303Z [334/407] [chromium] › tests/ui-ux-completion.spec.ts:108:1 › UX07 titles and breadcrumb distinguish create/detail/review; menu empty state clears with focus
2026-10-10T12:37:53.1931577Z [335/407] [chromium] › tests/ui-ux-completion.spec.ts:126:1 › UX10 multi-table pages have distinct business names
2026-10-10T12:37:56.0243853Z [336/407] [chromium] › tests/ui-ux-completion.spec.ts:136:1 › UX06 AI capability names and states are readable in Vietnamese
2026-10-10T12:37:57.3845373Z [337/407] [chromium] › tests/ui-ux-completion.spec.ts:143:1 › UX15 detail captions reflow without splitting short words across all required viewports
2026-10-10T12:37:59.7244969Z [338/407] [chromium] › tests/ui-width-layout.spec.ts:29:1 › W01 AI single connection fills its collection at breakpoint edges and wide viewports
2026-10-10T12:38:08.4341487Z [339/407] [chromium] › tests/ui-width-layout.spec.ts:42:1 › W01 AI keeps two-column collection for two/three items and refetch preserves the new count
2026-10-10T12:38:11.2914490Z [340/407] [chromium] › tests/ui-width-layout.spec.ts:63:1 › W01 AI empty result keeps one accessible create action and no empty grid
2026-10-10T12:38:12.9575856Z [341/407] [chromium] › tests/ui-width-layout.spec.ts:72:35 › W01 workspace collection handles 0 visible shops
2026-10-10T12:38:19.5952067Z [342/407] [chromium] › tests/ui-width-layout.spec.ts:72:35 › W01 workspace collection handles 1 visible shops
2026-10-10T12:38:26.2139088Z [343/407] [chromium] › tests/ui-width-layout.spec.ts:72:35 › W01 workspace collection handles 2 visible shops
2026-10-10T12:38:32.7172285Z [344/407] [chromium] › tests/ui-width-layout.spec.ts:72:35 › W01 workspace collection handles 3 visible shops
2026-10-10T12:38:39.3694054Z [345/407] [chromium] › tests/ui-width-layout.spec.ts:104:1 › W02 full-width form groups fill their panel and retain input/mapping/shipping behavior
2026-10-10T12:39:00.0344878Z [346/407] [chromium] › tests/ui-width-layout.spec.ts:144:1 › W03 notification protection notice occupies the full page row after the two panes
2026-10-10T12:39:05.2261860Z [347/407] [chromium] › tests/ui-width-layout.spec.ts:163:1 › W04 detail rows stay atomic in divided rhythm and plain containers
2026-10-10T12:39:10.3703910Z [348/407] [chromium] › tests/ui-workspace-layout.spec.ts:60:1 › workspace routes stay within the supported page-width boundaries
2026-10-10T12:40:00.9589830Z [349/407] [chromium] › tests/ui-workspace-layout.spec.ts:72:1 › team invite and privacy request dialogs remain usable without submitting
2026-10-10T12:40:11.0659068Z [350/407] [chromium] › tests/ui006-lookups.spec.ts:69:1 › UI006.C05 lookup and table cursors reach records after 150 synthetic suppliers, offers, and orders
2026-10-10T12:40:38.6515497Z [351/407] [chromium] › tests/ui006-lookups.spec.ts:215:1 › UI006.C04 bounded previews disclose their sample and link to full collections
2026-10-10T12:40:42.7246546Z [352/407] [chromium] › tests/ui006-lookups.spec.ts:232:1 › UI006.C02 selected order identity survives a failed search and cursor retry
2026-10-10T12:40:45.2952559Z [353/407] [chromium] › tests/ui007-query-states.spec.ts:30:1 › UI007 secondary order query loads independently while the customer profile remains available
2026-10-10T12:40:49.0436693Z [354/407] [chromium] › tests/ui007-query-states.spec.ts:60:1 › UI007 order query 503 is isolated from the primary customer query and retries only that query
2026-10-10T12:40:52.5840774Z [355/407] [chromium] › tests/ui007-query-states.spec.ts:94:1 › UI007 forbidden order query is an access state and a successful empty query is distinct
2026-10-10T12:40:55.0671074Z [356/407] [chromium] › tests/ui007-query-states.spec.ts:114:1 › UI007 supplier and offer failures keep purchase suggestions visible and have operation-specific recovery
2026-10-10T12:40:58.4820872Z [357/407] [chromium] › tests/ui007-query-states.spec.ts:150:1 › UI007 auto-send budget query is lazy, permission-aware, and blocks an unverified budget
2026-10-10T12:41:01.0337572Z [358/407] [chromium] › tests/ui008-integration-empty.spec.ts:57:1 › UI008 R29 successful empty collection exposes an accessible state and one permission-guarded connect CTA
2026-10-10T12:41:03.2933238Z [359/407] [chromium] › tests/ui008-integration-empty.spec.ts:75:1 › UI008 R29 read-only bot_admin sees the empty state without a manage action
2026-10-10T12:41:05.1005871Z [360/407] [chromium] › tests/ui008-integration-empty.spec.ts:90:1 › UI008 R29 pending channel query stays loading until its response arrives
2026-10-10T12:41:07.1099737Z [361/407] [chromium] › tests/ui008-integration-empty.spec.ts:109:1 › UI008 R29 forbidden channel query is not presented as empty or retryable
2026-10-10T12:41:08.1976651Z [362/407] [chromium] › tests/ui008-integration-empty.spec.ts:123:1 › UI008 R29 503 remains an error and recovers through its retry control
2026-10-10T12:41:10.7340150Z [363/407] [chromium] › tests/ui008-integration-empty.spec.ts:144:1 › UI008 R30 successful empty AI connection cards show a first-use state and one add CTA
2026-10-10T12:41:11.9284137Z [364/407] [chromium] › tests/ui008-integration-empty.spec.ts:162:1 › UI008 R30 read-only bot_admin sees the empty state without an add action
2026-10-10T12:41:13.8903599Z [365/407] [chromium] › tests/ui009-scope-regression.spec.ts:23:1 › UI009 delayed customer orders from the previous shop cannot leak into the new shop profile
2026-10-10T12:41:18.4388207Z [366/407] [chromium] › tests/ui010-dialog-draft.spec.ts:15:1 › UI010 a discarded confirmation reason is cleared before the dialog opens again
2026-10-10T12:41:22.3024156Z [367/407] [chromium] › tests/ui011-date-time.spec.ts:16:1 › UI011 report defaults use the active shop calendar month at a UTC month boundary
2026-10-10T12:41:24.9997115Z [368/407] [chromium] › tests/ui011-date-time.spec.ts:29:1 › UI011 journal effective date defaults to the active shop calendar date
2026-10-10T12:41:26.7477558Z [369/407] [chromium] › tests/ui011-date-time.spec.ts:41:1 › UI011 shipment event input and API instant use the shop timezone, not browser timezone
2026-10-10T12:41:28.9667576Z [370/407] [chromium] › tests/ui012-keyboard.spec.ts:42:1 › UI012 keyboard-only finance edit handles select, discard warning and focus return
2026-10-10T12:41:32.7968438Z [371/407] [chromium] › tests/ui012-keyboard.spec.ts:103:1 › UI012 keyboard validation focuses the field named by a synthetic 422 response
2026-10-10T12:41:36.7996798Z [372/407] [chromium] › tests/ui012-keyboard.spec.ts:160:1 › UI012 keyboard activates the CSV chooser and discards its selected file without upload
2026-10-10T12:41:39.1290310Z [373/407] [chromium] › tests/ui012-keyboard.spec.ts:200:1 › UI012 keyboard can reach and horizontally scroll the marketing chart data alternative
2026-10-10T12:41:41.4276737Z [374/407] [chromium] › tests/ui012-keyboard.spec.ts:227:1 › UI012 marketing chart keeps every category label visible beside its data table
2026-10-10T12:41:44.4996872Z [375/407] [chromium] › tests/ui012-keyboard.spec.ts:276:1 › UI012 inbox feedback actions identify their message and return focus after Escape
2026-10-10T12:41:47.8306116Z [376/407] [chromium] › tests/ui012-keyboard.spec.ts:309:1 › UI012 order draft does not announce an untouched required customer as invalid
2026-10-10T12:41:49.3632075Z [377/407] [chromium] › tests/ui012-keyboard.spec.ts:322:1 › UI012 human-confirmation policy copy wraps inside its alert at a 320 CSS-pixel viewport
2026-10-10T12:41:50.8754836Z [378/407] [chromium] › tests/ui012-keyboard.spec.ts:356:1 › UI012 dashboard CTA separates hover and pressed feedback while keeping keyboard focus visible
2026-10-10T12:41:55.1600229Z [379/407] [chromium] › tests/ui013-url-state.spec.ts:19:1 › UI013 reconciliation tab deep links and survives refresh; malformed tab safely falls back
2026-10-10T12:42:01.9188842Z [380/407] [chromium] › tests/ui013-url-state.spec.ts:39:1 › UI013 finance date range deep link, edit, refresh and Back use shop-local filter state
2026-10-10T12:42:06.4975783Z [381/407] [chromium] › tests/ui013-url-state.spec.ts:70:1 › UI013 report type and export date filters are deep-linkable, refreshable and malformed values fall back safely
2026-10-10T12:42:11.3790382Z [382/407] [chromium] › tests/ui021-permission-edge.spec.ts:4:1 › privacy page keeps the customers link when the destination permission is present
2026-10-10T12:42:14.0373548Z [383/407] [chromium] › tests/ui021-permission-edge.spec.ts:19:1 › privacy page hides the customers link when the destination permission is missing
2026-10-10T12:42:17.1148838Z [384/407] [chromium] › tests/ui028-w24-inbox-layout.spec.ts:15:1 › UI028.W24 Inbox spacing roles remain consistent across breakpoints without losing draft state
2026-10-10T12:42:26.4881639Z [385/407] [chromium] › tests/ui028-w25-reports-layout.spec.ts:16:1 › UI028.W25 Reports semantic spacing stays stable at mobile, tablet and desktop widths
2026-10-10T12:42:43.4445599Z [386/407] [chromium] › tests/ui028-w25-reports-layout.spec.ts:123:1 › UI028.W25 authorized report download link retains its 44px hit target
2026-10-10T12:42:46.5993883Z [387/407] [chromium] › tests/ui028-w28-routes.spec.ts:47:5 › UI028.W28 61 canonical routes render with measured 390px layout geometry
2026-10-10T12:44:03.9089287Z [chromium] › tests/ui028-w28-routes.spec.ts:47:5 › UI028.W28 61 canonical routes render with measured 390px layout geometry
2026-10-10T12:44:03.9090409Z [w28-route-geometry] {"browser":"chromium","width":390,"routes":61,"issues":0,"pageErrors":0,"evidence":"evidence/frontend-ui-improvements/UI028/W28/route-geometry-chromium-390-current-20261010-120550-5574.json"}
2026-10-10T12:44:03.9090809Z 
2026-10-10T12:44:03.9281138Z [388/407] [chromium] › tests/ui028-w28-routes.spec.ts:47:5 › UI028.W28 61 canonical routes render with measured 1440px layout geometry
2026-10-10T12:45:03.5318596Z [chromium] › tests/ui028-w28-routes.spec.ts:47:5 › UI028.W28 61 canonical routes render with measured 1440px layout geometry
2026-10-10T12:45:03.5320102Z [w28-route-geometry] {"browser":"chromium","width":1440,"routes":61,"issues":0,"pageErrors":0,"evidence":"evidence/frontend-ui-improvements/UI028/W28/route-geometry-chromium-1440-current-20261010-120550-5574.json"}
2026-10-10T12:45:03.5321078Z 
2026-10-10T12:45:03.6023086Z [389/407] [chromium] › tests/ui028-w29-reflow.spec.ts:30:5 › UI028.W29 320px reflow retains representative actions and contains overflow
2026-10-10T12:45:14.2276862Z [chromium] › tests/ui028-w29-reflow.spec.ts:30:5 › UI028.W29 320px reflow retains representative actions and contains overflow
2026-10-10T12:45:14.2278330Z [w29-responsive-profile] {"browser":"chromium","width":320,"profiles":7,"issues":0,"pageErrors":0,"evidence":"evidence/frontend-ui-improvements/UI028/W29/responsive-profile-chromium-320-current-20261010-120550-5574.json"}
2026-10-10T12:45:14.2279106Z 
2026-10-10T12:45:14.2385088Z [390/407] [chromium] › tests/ui028-w29-reflow.spec.ts:30:5 › UI028.W29 390px reflow retains representative actions and contains overflow
2026-10-10T12:45:23.9292563Z [chromium] › tests/ui028-w29-reflow.spec.ts:30:5 › UI028.W29 390px reflow retains representative actions and contains overflow
2026-10-10T12:45:23.9293958Z [w29-responsive-profile] {"browser":"chromium","width":390,"profiles":7,"issues":0,"pageErrors":0,"evidence":"evidence/frontend-ui-improvements/UI028/W29/responsive-profile-chromium-390-current-20261010-120550-5574.json"}
2026-10-10T12:45:23.9294724Z 
2026-10-10T12:45:23.9412185Z [391/407] [chromium] › tests/ui028-w29-reflow.spec.ts:30:5 › UI028.W29 767px reflow retains representative actions and contains overflow
2026-10-10T12:45:33.5520495Z [chromium] › tests/ui028-w29-reflow.spec.ts:30:5 › UI028.W29 767px reflow retains representative actions and contains overflow
2026-10-10T12:45:33.5522210Z [w29-responsive-profile] {"browser":"chromium","width":767,"profiles":7,"issues":0,"pageErrors":0,"evidence":"evidence/frontend-ui-improvements/UI028/W29/responsive-profile-chromium-767-current-20261010-120550-5574.json"}
2026-10-10T12:45:33.5522931Z 
2026-10-10T12:45:33.5645880Z [392/407] [chromium] › tests/ui028-w29-reflow.spec.ts:30:5 › UI028.W29 768px reflow retains representative actions and contains overflow
2026-10-10T12:45:43.4604544Z [chromium] › tests/ui028-w29-reflow.spec.ts:30:5 › UI028.W29 768px reflow retains representative actions and contains overflow
2026-10-10T12:45:43.4605946Z [w29-responsive-profile] {"browser":"chromium","width":768,"profiles":7,"issues":0,"pageErrors":0,"evidence":"evidence/frontend-ui-improvements/UI028/W29/responsive-profile-chromium-768-current-20261010-120550-5574.json"}
2026-10-10T12:45:43.4606734Z 
2026-10-10T12:45:43.4725501Z [393/407] [chromium] › tests/ui028-w29-reflow.spec.ts:30:5 › UI028.W29 1024px reflow retains representative actions and contains overflow
2026-10-10T12:45:53.3219371Z [chromium] › tests/ui028-w29-reflow.spec.ts:30:5 › UI028.W29 1024px reflow retains representative actions and contains overflow
2026-10-10T12:45:53.3221183Z [w29-responsive-profile] {"browser":"chromium","width":1024,"profiles":7,"issues":0,"pageErrors":0,"evidence":"evidence/frontend-ui-improvements/UI028/W29/responsive-profile-chromium-1024-current-20261010-120550-5574.json"}
2026-10-10T12:45:53.3222158Z 
2026-10-10T12:45:53.3611929Z [394/407] [chromium] › tests/ui028-w29-reflow.spec.ts:30:5 › UI028.W29 1279px reflow retains representative actions and contains overflow
2026-10-10T12:46:03.3162575Z [chromium] › tests/ui028-w29-reflow.spec.ts:30:5 › UI028.W29 1279px reflow retains representative actions and contains overflow
2026-10-10T12:46:03.3164473Z [w29-responsive-profile] {"browser":"chromium","width":1279,"profiles":7,"issues":0,"pageErrors":0,"evidence":"evidence/frontend-ui-improvements/UI028/W29/responsive-profile-chromium-1279-current-20261010-120550-5574.json"}
2026-10-10T12:46:03.3165558Z 
2026-10-10T12:46:03.3263892Z [395/407] [chromium] › tests/ui028-w29-reflow.spec.ts:30:5 › UI028.W29 1280px reflow retains representative actions and contains overflow
2026-10-10T12:46:11.7261398Z [chromium] › tests/ui028-w29-reflow.spec.ts:30:5 › UI028.W29 1280px reflow retains representative actions and contains overflow
2026-10-10T12:46:11.7262660Z [w29-responsive-profile] {"browser":"chromium","width":1280,"profiles":7,"issues":0,"pageErrors":0,"evidence":"evidence/frontend-ui-improvements/UI028/W29/responsive-profile-chromium-1280-current-20261010-120550-5574.json"}
2026-10-10T12:46:11.7263751Z 
2026-10-10T12:46:11.7406528Z [396/407] [chromium] › tests/ui028-w29-reflow.spec.ts:30:5 › UI028.W29 1440px reflow retains representative actions and contains overflow
2026-10-10T12:46:20.1982363Z [chromium] › tests/ui028-w29-reflow.spec.ts:30:5 › UI028.W29 1440px reflow retains representative actions and contains overflow
2026-10-10T12:46:20.1994660Z [w29-responsive-profile] {"browser":"chromium","width":1440,"profiles":7,"issues":0,"pageErrors":0,"evidence":"evidence/frontend-ui-improvements/UI028/W29/responsive-profile-chromium-1440-current-20261010-120550-5574.json"}
2026-10-10T12:46:20.1995439Z 
2026-10-10T12:46:20.2152015Z [397/407] [chromium] › tests/ui028-w29-reflow.spec.ts:30:5 › UI028.W29 1920px reflow retains representative actions and contains overflow
2026-10-10T12:46:28.2513269Z [chromium] › tests/ui028-w29-reflow.spec.ts:30:5 › UI028.W29 1920px reflow retains representative actions and contains overflow
2026-10-10T12:46:28.2514074Z [w29-responsive-profile] {"browser":"chromium","width":1920,"profiles":7,"issues":0,"pageErrors":0,"evidence":"evidence/frontend-ui-improvements/UI028/W29/responsive-profile-chromium-1920-current-20261010-120550-5574.json"}
2026-10-10T12:46:28.2514504Z 
2026-10-10T12:46:28.3196047Z [398/407] [chromium] › tests/ui028-w30-stress.spec.ts:75:5 › UI028.W30 form-error-short: 200% text and spacing stress at 320x480
2026-10-10T12:46:31.0215087Z [chromium] › tests/ui028-w30-stress.spec.ts:75:5 › UI028.W30 form-error-short: 200% text and spacing stress at 320x480
2026-10-10T12:46:31.0216535Z [w30-stress] {"browser":"chromium","scenario":"form-error-short","viewport":{"width":320,"height":480},"scaledTextElements":55,"issues":0,"pageErrors":0,"evidence":"evidence/frontend-ui-improvements/UI028/W30/stress-chromium-form-error-short-current-20261010-120550-5574.json"}
2026-10-10T12:46:31.0217454Z 
2026-10-10T12:46:31.0303252Z [399/407] [chromium] › tests/ui028-w30-stress.spec.ts:75:5 › UI028.W30 mobile-menu-long-label: 200% text and spacing stress at 390x560
2026-10-10T12:46:32.8263231Z [chromium] › tests/ui028-w30-stress.spec.ts:75:5 › UI028.W30 mobile-menu-long-label: 200% text and spacing stress at 390x560
2026-10-10T12:46:32.8264809Z [w30-stress] {"browser":"chromium","scenario":"mobile-menu-long-label","viewport":{"width":390,"height":560},"scaledTextElements":148,"issues":0,"pageErrors":0,"evidence":"evidence/frontend-ui-improvements/UI028/W30/stress-chromium-mobile-menu-long-label-current-20261010-120550-5574.json"}
2026-10-10T12:46:32.8265767Z 
2026-10-10T12:46:32.8347125Z [400/407] [chromium] › tests/ui028-w30-stress.spec.ts:75:5 › UI028.W30 report-long-id: 200% text and spacing stress at 640x450
2026-10-10T12:46:34.3287189Z [chromium] › tests/ui028-w30-stress.spec.ts:75:5 › UI028.W30 report-long-id: 200% text and spacing stress at 640x450
2026-10-10T12:46:34.3289004Z [w30-stress] {"browser":"chromium","scenario":"report-long-id","viewport":{"width":640,"height":450},"scaledTextElements":244,"issues":0,"pageErrors":0,"evidence":"evidence/frontend-ui-improvements/UI028/W30/stress-chromium-report-long-id-current-20261010-120550-5574.json"}
2026-10-10T12:46:34.3291252Z 
2026-10-10T12:46:34.3382518Z [401/407] [chromium] › tests/ui028-w30-stress.spec.ts:75:5 › UI028.W30 inbox-long-composer: 200% text and spacing stress at 390x560
2026-10-10T12:46:35.7402080Z [chromium] › tests/ui028-w30-stress.spec.ts:75:5 › UI028.W30 inbox-long-composer: 200% text and spacing stress at 390x560
2026-10-10T12:46:35.7403554Z [w30-stress] {"browser":"chromium","scenario":"inbox-long-composer","viewport":{"width":390,"height":560},"scaledTextElements":71,"issues":0,"pageErrors":0,"evidence":"evidence/frontend-ui-improvements/UI028/W30/stress-chromium-inbox-long-composer-current-20261010-120550-5574.json"}
2026-10-10T12:46:35.7404123Z 
2026-10-10T12:46:35.7486670Z [402/407] [chromium] › tests/ui028-w30-stress.spec.ts:75:5 › UI028.W30 dialog-long-reason: 200% text and spacing stress at 320x480
2026-10-10T12:46:37.3590615Z [chromium] › tests/ui028-w30-stress.spec.ts:75:5 › UI028.W30 dialog-long-reason: 200% text and spacing stress at 320x480
2026-10-10T12:46:37.3591571Z [w30-stress] {"browser":"chromium","scenario":"dialog-long-reason","viewport":{"width":320,"height":480},"scaledTextElements":80,"issues":0,"pageErrors":0,"evidence":"evidence/frontend-ui-improvements/UI028/W30/stress-chromium-dialog-long-reason-current-20261010-120550-5574.json"}
2026-10-10T12:46:37.3592224Z 
2026-10-10T12:46:37.4175632Z [403/407] [chromium] › tests/vertical-slices/fe022-flows.spec.ts:38:1 › FE022.VS01 catalog → stock → order → prep keeps product, reservation, and order references linked
2026-10-10T12:49:38.8861644Z   1) [chromium] › tests/vertical-slices/fe022-flows.spec.ts:38:1 › FE022.VS01 catalog → stock → order → prep keeps product, reservation, and order references linked 
2026-10-10T12:49:38.8862188Z 
2026-10-10T12:49:38.8862367Z     Test timeout of 180000ms exceeded.
2026-10-10T12:49:38.8862529Z 
2026-10-10T12:49:38.8862720Z     Error: page.waitForResponse: Test timeout of 180000ms exceeded.
2026-10-10T12:49:38.8862948Z 
2026-10-10T12:49:38.8863338Z       82 |     await dialog.getByRole('textbox', { name: 'Nhập/quét SKU thực tế' }).fill('AO-002');
2026-10-10T12:49:38.8864017Z       83 |     await dialog.getByRole('spinbutton', { name: 'Số lượng đã lấy' }).fill('1');
2026-10-10T12:49:38.8864697Z     > 84 |     const pick = page.waitForResponse(response => response.request().method() === 'POST' && new URL(response.url()).pathname.endsWith('/pick'));
2026-10-10T12:49:38.8865215Z          |                       ^
2026-10-10T12:49:38.8865663Z       85 |     await dialog.getByRole('button', { name: 'Xác nhận dòng đã kiểm' }).click();
2026-10-10T12:49:38.8866074Z       86 |     const picked = await pick;
2026-10-10T12:49:38.8866367Z       87 |     expect(picked.status()).toBe(200);
2026-10-10T12:49:38.8866958Z         at /home/runner/work/Bot-AI-Ban-hang-FB/Bot-AI-Ban-hang-FB/BotSalesAI_Frontend/tests/vertical-slices/fe022-flows.spec.ts:84:23
2026-10-10T12:49:38.8867382Z 
2026-10-10T12:49:38.8867543Z     Error: locator.click: Test timeout of 180000ms exceeded.
2026-10-10T12:49:38.8867872Z     Call log:
2026-10-10T12:49:38.8868518Z       - waiting for getByRole('dialog', { name: 'Phiếu chuẩn bị DH-1001' }).getByRole('button', { name: 'Xác nhận dòng đã kiểm' })
2026-10-10T12:49:38.8870871Z         - locator resolved to <button disabled tabindex="-1" type="button" class="MuiButtonBase-root MuiButton-root MuiButton-text MuiButton-textPrimary MuiButton-sizeMedium MuiButton-textSizeMedium MuiButton-colorPrimary MuiButton-disableElevation Mui-disabled MuiButton-root MuiButton-text MuiButton-textPrimary MuiButton-sizeMedium MuiButton-textSizeMedium MuiButton-colorPrimary MuiButton-disableElevation css-3rosp-MuiButtonBase-root-MuiButton-root">Xác nhận dòng đã kiểm</button>
2026-10-10T12:49:38.8872528Z       - attempting click action
2026-10-10T12:49:38.8872927Z         2 × waiting for element to be visible, enabled and stable
2026-10-10T12:49:38.8873265Z           - element is not enabled
2026-10-10T12:49:38.8873516Z         - retrying click action
2026-10-10T12:49:38.8873735Z         - waiting 20ms
2026-10-10T12:49:38.8874060Z         2 × waiting for element to be visible, enabled and stable
2026-10-10T12:49:38.8874420Z           - element is not enabled
2026-10-10T12:49:38.8875035Z         - retrying click action
2026-10-10T12:49:38.8875247Z           - waiting 100ms
2026-10-10T12:49:38.8875622Z         341 × waiting for element to be visible, enabled and stable
2026-10-10T12:49:38.8875943Z             - element is not enabled
2026-10-10T12:49:38.8876179Z           - retrying click action
2026-10-10T12:49:38.8876387Z             - waiting 500ms
2026-10-10T12:49:38.8876515Z 
2026-10-10T12:49:38.8876520Z 
2026-10-10T12:49:38.8876833Z       83 |     await dialog.getByRole('spinbutton', { name: 'Số lượng đã lấy' }).fill('1');
2026-10-10T12:49:38.8877708Z       84 |     const pick = page.waitForResponse(response => response.request().method() === 'POST' && new URL(response.url()).pathname.endsWith('/pick'));
2026-10-10T12:49:38.8878428Z     > 85 |     await dialog.getByRole('button', { name: 'Xác nhận dòng đã kiểm' }).click();
2026-10-10T12:49:38.8878832Z          |                                                                         ^
2026-10-10T12:49:38.8879137Z       86 |     const picked = await pick;
2026-10-10T12:49:38.8879410Z       87 |     expect(picked.status()).toBe(200);
2026-10-10T12:49:38.8880127Z       88 |     expect(JSON.parse(picked.request().postData() || 'null')).toMatchObject({ orderLineId: 'ol-1001', scannedSku: 'AO-002', pickedQuantity: 1 });
2026-10-10T12:49:38.8880937Z         at /home/runner/work/Bot-AI-Ban-hang-FB/Bot-AI-Ban-hang-FB/BotSalesAI_Frontend/tests/vertical-slices/fe022-flows.spec.ts:85:73
2026-10-10T12:49:38.8881342Z 
2026-10-10T12:49:38.8881932Z     Error Context: test-results/playwright-5574-aaebc51c-502c-41be-aa47-4e52607c15d6/vertical-slices-fe022-flow-7b9a0-and-order-references-linked-chromium/error-context.md
2026-10-10T12:49:38.8882528Z 
2026-10-10T12:49:38.8883096Z     Error Context: test-results/playwright-5574-aaebc51c-502c-41be-aa47-4e52607c15d6/vertical-slices-fe022-flow-7b9a0-and-order-references-linked-chromium/error-context.md
2026-10-10T12:49:38.8883676Z 
2026-10-10T12:49:38.8884035Z     attachment #3: trace (application/zip) ─────────────────────────────────────────────────────────
2026-10-10T12:49:38.8884847Z     test-results/playwright-5574-aaebc51c-502c-41be-aa47-4e52607c15d6/vertical-slices-fe022-flow-7b9a0-and-order-references-linked-chromium/trace.zip
2026-10-10T12:49:38.8885481Z     Usage:
2026-10-10T12:49:38.8885576Z 
2026-10-10T12:49:38.8886164Z         npx playwright show-trace test-results/playwright-5574-aaebc51c-502c-41be-aa47-4e52607c15d6/vertical-slices-fe022-flow-7b9a0-and-order-references-linked-chromium/trace.zip
2026-10-10T12:49:38.8886754Z 
2026-10-10T12:49:38.8887065Z     ────────────────────────────────────────────────────────────────────────────────────────────────
2026-10-10T12:49:38.8887300Z 
2026-10-10T12:49:38.8887305Z 
2026-10-10T12:49:42.2802832Z [404/407] [chromium] › tests/vertical-slices/fe022-flows.spec.ts:92:1 › FE022.VS02 procurement → approval → receipt → stock and payable preserves the purchase identity
2026-10-10T12:49:51.2774027Z [405/407] [chromium] › tests/vertical-slices/fe022-flows.spec.ts:172:1 › FE022.VS03 finance → reconciliation retains bank transaction and partial debt allocation
2026-10-10T12:49:54.8842084Z [406/407] [chromium] › tests/vertical-slices/fe022-flows.spec.ts:214:1 › FE022.VS04 inbox → knowledge draft → bot evaluation preserves feedback and revision source IDs
2026-10-10T12:49:58.5132028Z [407/407] [chromium] › tests/vertical-slices/fe022-flows.spec.ts:256:1 › FE022.S05 route and feature matrix covers canonical IDs with executed cases or explicit frontend gaps
2026-10-10T12:49:58.6978807Z   1 failed
2026-10-10T12:49:58.6979742Z     [chromium] › tests/vertical-slices/fe022-flows.spec.ts:38:1 › FE022.VS01 catalog → stock → order → prep keeps product, reservation, and order references linked 
2026-10-10T12:49:58.6980448Z   406 passed (45.7m)
2026-10-10T12:49:58.7463188Z ##[error]Process completed with exit code 1.
2026-10-10T12:49:58.7539696Z ##[group]Run actions/upload-artifact@043fb46d1a93c77aae656e7c1c64a875d1fc6a0a
2026-10-10T12:49:58.7540035Z with:
2026-10-10T12:49:58.7540233Z   name: frontend-chromium-38050319695-1-bcdf5414015fe045482278f3f115b53e9e7c4262
2026-10-10T12:49:58.7540598Z   path: BotSalesAI_Frontend/apps/web/dist/
BotSalesAI_Frontend/apps/web/dist-demo/
BotSalesAI_Frontend/test-results/

2026-10-10T12:49:58.7540881Z   if-no-files-found: ignore
2026-10-10T12:49:58.7541016Z   retention-days: 14
2026-10-10T12:49:58.7541137Z   compression-level: 6
2026-10-10T12:49:58.7541260Z   overwrite: false
2026-10-10T12:49:58.7541382Z   include-hidden-files: false
2026-10-10T12:49:58.7541516Z   archive: true
2026-10-10T12:49:58.7541628Z ##[endgroup]
2026-10-10T12:49:58.8602282Z Multiple search paths detected. Calculating the least common ancestor of all paths
2026-10-10T12:49:58.8611317Z The least common ancestor is /home/runner/work/Bot-AI-Ban-hang-FB/Bot-AI-Ban-hang-FB/BotSalesAI_Frontend. This will be the root directory of the artifact
2026-10-10T12:49:58.8612137Z With the provided path, there will be 77 files uploaded
2026-10-10T12:49:58.8621104Z Artifact name is valid!
2026-10-10T12:49:58.8621448Z Root directory input is valid!
2026-10-10T12:49:59.1165426Z Uploading artifact: frontend-chromium-38050319695-1-bcdf5414015fe045482278f3f115b53e9e7c4262.zip
2026-10-10T12:49:59.1190185Z Beginning upload of artifact content to blob storage
2026-10-10T12:49:59.7955266Z Uploaded bytes 8388608
2026-10-10T12:50:00.0397873Z Uploaded bytes 16777216
2026-10-10T12:50:00.1457242Z Uploaded bytes 18994074
2026-10-10T12:50:00.1855844Z Finished uploading artifact content to blob storage!
2026-10-10T12:50:00.1858068Z SHA256 digest of uploaded artifact is b7f55aee67d750f0c775d47a4c03904f9855b56105b9a885eebf6b11557839c4
2026-10-10T12:50:00.1859268Z Finalizing artifact upload
2026-10-10T12:50:00.4997736Z Artifact frontend-chromium-38050319695-1-bcdf5414015fe045482278f3f115b53e9e7c4262 successfully finalized. Artifact ID 11670631729
2026-10-10T12:50:00.4998502Z Artifact frontend-chromium-38050319695-1-bcdf5414015fe045482278f3f115b53e9e7c4262 has been successfully uploaded! Final size is 18994074 bytes. Artifact ID is 11670631729
2026-10-10T12:50:00.5000623Z Artifact download URL: https://github.com/LonelyTraderBay/Bot-AI-Ban-hang-FB/actions/runs/38050319695/artifacts/11670631729
2026-10-10T12:50:00.5160918Z Post job cleanup.
2026-10-10T12:50:00.5691111Z [command]/usr/bin/git version
2026-10-10T12:50:00.5727491Z git version 2.55.0
2026-10-10T12:50:00.5751233Z Temporarily overriding HOME='/home/runner/work/_temp/516dc2be-8b79-4f09-8b48-191f59c9eb39' before making global git config changes
2026-10-10T12:50:00.5752076Z Adding repository directory to the temporary git global config as a safe directory
2026-10-10T12:50:00.5754243Z [command]/usr/bin/git config --global --add safe.directory /home/runner/work/Bot-AI-Ban-hang-FB/Bot-AI-Ban-hang-FB
2026-10-10T12:50:00.5785552Z Removing SSH command configuration
2026-10-10T12:50:00.5790830Z [command]/usr/bin/git config --local --name-only --get-regexp core\.sshCommand
2026-10-10T12:50:00.5818815Z [command]/usr/bin/git submodule foreach --recursive sh -c "git config --local --name-only --get-regexp 'core\.sshCommand' && git config --local --unset-all 'core.sshCommand' || :"
2026-10-10T12:50:00.6030585Z Removing HTTP extra header
2026-10-10T12:50:00.6035930Z [command]/usr/bin/git config --local --name-only --get-regexp http\.https\:\/\/github\.com\/\.extraheader
2026-10-10T12:50:00.6064734Z [command]/usr/bin/git submodule foreach --recursive sh -c "git config --local --name-only --get-regexp 'http\.https\:\/\/github\.com\/\.extraheader' && git config --local --unset-all 'http.https://github.com/.extraheader' || :"
2026-10-10T12:50:00.6254042Z Removing includeIf entries pointing to credentials config files
2026-10-10T12:50:00.6259040Z [command]/usr/bin/git config --local --name-only --get-regexp ^includeIf\.gitdir:
2026-10-10T12:50:00.6283464Z includeif.gitdir:/home/runner/work/Bot-AI-Ban-hang-FB/Bot-AI-Ban-hang-FB/.git.path
2026-10-10T12:50:00.6284091Z includeif.gitdir:/home/runner/work/Bot-AI-Ban-hang-FB/Bot-AI-Ban-hang-FB/.git/worktrees/*.path
2026-10-10T12:50:00.6284565Z includeif.gitdir:/github/workspace/.git.path
2026-10-10T12:50:00.6284908Z includeif.gitdir:/github/workspace/.git/worktrees/*.path
2026-10-10T12:50:00.6295943Z [command]/usr/bin/git config --local --get-all includeif.gitdir:/home/runner/work/Bot-AI-Ban-hang-FB/Bot-AI-Ban-hang-FB/.git.path
2026-10-10T12:50:00.6310701Z /home/runner/work/_temp/git-credentials-f1e55dbd-14a7-4e19-befd-af3d630f8473.config
2026-10-10T12:50:00.6317427Z [command]/usr/bin/git config --local --unset includeif.gitdir:/home/runner/work/Bot-AI-Ban-hang-FB/Bot-AI-Ban-hang-FB/.git.path \/home\/runner\/work\/_temp\/git\-credentials\-f1e55dbd\-14a7\-4e19\-befd\-af3d630f8473\.config
2026-10-10T12:50:00.6353881Z [command]/usr/bin/git config --local --get-all includeif.gitdir:/home/runner/work/Bot-AI-Ban-hang-FB/Bot-AI-Ban-hang-FB/.git/worktrees/*.path
2026-10-10T12:50:00.6368441Z /home/runner/work/_temp/git-credentials-f1e55dbd-14a7-4e19-befd-af3d630f8473.config
2026-10-10T12:50:00.6379559Z [command]/usr/bin/git config --local --unset includeif.gitdir:/home/runner/work/Bot-AI-Ban-hang-FB/Bot-AI-Ban-hang-FB/.git/worktrees/*.path \/home\/runner\/work\/_temp\/git\-credentials\-f1e55dbd\-14a7\-4e19\-befd\-af3d630f8473\.config
2026-10-10T12:50:00.6407667Z [command]/usr/bin/git config --local --get-all includeif.gitdir:/github/workspace/.git.path
2026-10-10T12:50:00.6428494Z /github/runner_temp/git-credentials-f1e55dbd-14a7-4e19-befd-af3d630f8473.config
2026-10-10T12:50:00.6433532Z [command]/usr/bin/git config --local --unset includeif.gitdir:/github/workspace/.git.path \/github\/runner_temp\/git\-credentials\-f1e55dbd\-14a7\-4e19\-befd\-af3d630f8473\.config
2026-10-10T12:50:00.6460423Z [command]/usr/bin/git config --local --get-all includeif.gitdir:/github/workspace/.git/worktrees/*.path
2026-10-10T12:50:00.6480561Z /github/runner_temp/git-credentials-f1e55dbd-14a7-4e19-befd-af3d630f8473.config
2026-10-10T12:50:00.6485381Z [command]/usr/bin/git config --local --unset includeif.gitdir:/github/workspace/.git/worktrees/*.path \/github\/runner_temp\/git\-credentials\-f1e55dbd\-14a7\-4e19\-befd\-af3d630f8473\.config
2026-10-10T12:50:00.6513477Z [command]/usr/bin/git submodule foreach --recursive git config --local --show-origin --name-only --get-regexp remote.origin.url
2026-10-10T12:50:00.6682373Z Removing credentials config '/home/runner/work/_temp/git-credentials-f1e55dbd-14a7-4e19-befd-af3d630f8473.config'
2026-10-10T12:50:00.6795794Z Cleaning up orphan processes
