2026-10-10T11:59:13.0819166Z Current runner version: '2.337.0'
2026-10-10T11:59:13.0844051Z ##[group]Runner Image Provisioner
2026-10-10T11:59:13.0844976Z Hosted Compute Agent
2026-10-10T11:59:13.0845569Z Version: 20261002.596
2026-10-10T11:59:13.0846177Z Commit: c3d12f3313a95f25162a1503be624f3b0617f8c0
2026-10-10T11:59:13.0847007Z Build Date: 2026-10-02T22:28:27Z
2026-10-10T11:59:13.0847725Z Worker ID: {7df18fc6-51fd-46e0-accd-65d75eb278b1}
2026-10-10T11:59:13.0848485Z Region: westus2
2026-10-10T11:59:13.0849036Z Cloud: Azure
2026-10-10T11:59:13.0849558Z ##[endgroup]
2026-10-10T11:59:13.0851087Z ##[group]Operating System
2026-10-10T11:59:13.0851765Z Ubuntu
2026-10-10T11:59:13.0852630Z 24.04.5
2026-10-10T11:59:13.0853177Z LTS
2026-10-10T11:59:13.0853688Z ##[endgroup]
2026-10-10T11:59:13.0854288Z ##[group]Runner Image
2026-10-10T11:59:13.0854971Z Image: ubuntu-24.04
2026-10-10T11:59:13.0855582Z Version: 20261004.327.1
2026-10-10T11:59:13.0856852Z Included Software: https://github.com/actions/runner-images/blob/ubuntu24/20261004.327/images/ubuntu/Ubuntu2404-Readme.md
2026-10-10T11:59:13.0858459Z Image Release: https://github.com/actions/runner-images/releases/tag/ubuntu24%2F20261004.327
2026-10-10T11:59:13.0859468Z ##[endgroup]
2026-10-10T11:59:13.0860589Z ##[group]GITHUB_TOKEN Permissions
2026-10-10T11:59:13.0862969Z Contents: read
2026-10-10T11:59:13.0863651Z Metadata: read
2026-10-10T11:59:13.0864264Z ##[endgroup]
2026-10-10T11:59:13.0866288Z Secret source: Actions
2026-10-10T11:59:13.0867337Z Cache mode: write
2026-10-10T11:59:13.0868023Z Prepare workflow directory
2026-10-10T11:59:13.1321941Z Prepare all required actions
2026-10-10T11:59:13.1368828Z Getting action download info
2026-10-10T11:59:13.4701220Z Download action repository 'actions/checkout@3d3c42e5aac5ba805825da76410c181273ba90b1' (SHA:3d3c42e5aac5ba805825da76410c181273ba90b1)
2026-10-10T11:59:13.5817293Z Download action repository 'actions/setup-node@820762786026740c76f36085b0efc47a31fe5020' (SHA:820762786026740c76f36085b0efc47a31fe5020)
2026-10-10T11:59:13.7142871Z Download action repository 'actions/upload-artifact@043fb46d1a93c77aae656e7c1c64a875d1fc6a0a' (SHA:043fb46d1a93c77aae656e7c1c64a875d1fc6a0a)
2026-10-10T11:59:13.8993214Z Complete job name: verify (firefox)
2026-10-10T11:59:13.9725263Z ##[group]Run actions/checkout@3d3c42e5aac5ba805825da76410c181273ba90b1
2026-10-10T11:59:13.9726328Z with:
2026-10-10T11:59:13.9726825Z   repository: LonelyTraderBay/Bot-AI-Ban-hang-FB
2026-10-10T11:59:13.9730654Z   token: ***
2026-10-10T11:59:13.9731077Z   ssh-strict: true
2026-10-10T11:59:13.9731508Z   ssh-user: git
2026-10-10T11:59:13.9731948Z   persist-credentials: true
2026-10-10T11:59:13.9732668Z   clean: true
2026-10-10T11:59:13.9733111Z   sparse-checkout-cone-mode: true
2026-10-10T11:59:13.9733630Z   fetch-depth: 1
2026-10-10T11:59:13.9734053Z   fetch-tags: false
2026-10-10T11:59:13.9734486Z   show-progress: true
2026-10-10T11:59:13.9734932Z   lfs: false
2026-10-10T11:59:13.9735352Z   submodules: false
2026-10-10T11:59:13.9735807Z   set-safe-directory: true
2026-10-10T11:59:13.9736337Z   allow-unsafe-pr-checkout: false
2026-10-10T11:59:13.9737212Z ##[endgroup]
2026-10-10T11:59:14.0743132Z Syncing repository: LonelyTraderBay/Bot-AI-Ban-hang-FB
2026-10-10T11:59:14.0745888Z ##[group]Getting Git version info
2026-10-10T11:59:14.0747200Z Working directory is '/home/runner/work/Bot-AI-Ban-hang-FB/Bot-AI-Ban-hang-FB'
2026-10-10T11:59:14.0749060Z [command]/usr/bin/git version
2026-10-10T11:59:14.0809255Z git version 2.55.0
2026-10-10T11:59:14.0831956Z ##[endgroup]
2026-10-10T11:59:14.0844992Z Temporarily overriding HOME='/home/runner/work/_temp/b4db3f1c-9d3d-4a57-8f0d-e68bafa12563' before making global git config changes
2026-10-10T11:59:14.0847439Z Adding repository directory to the temporary git global config as a safe directory
2026-10-10T11:59:14.0851875Z [command]/usr/bin/git config --global --add safe.directory /home/runner/work/Bot-AI-Ban-hang-FB/Bot-AI-Ban-hang-FB
2026-10-10T11:59:14.0903440Z Deleting the contents of '/home/runner/work/Bot-AI-Ban-hang-FB/Bot-AI-Ban-hang-FB'
2026-10-10T11:59:14.0906246Z ##[group]Determining repository object format
2026-10-10T11:59:14.0907859Z ##[endgroup]
2026-10-10T11:59:14.0909130Z ##[group]Initializing the repository
2026-10-10T11:59:14.0910607Z [command]/usr/bin/git init /home/runner/work/Bot-AI-Ban-hang-FB/Bot-AI-Ban-hang-FB
2026-10-10T11:59:14.1037979Z hint: Using 'master' as the name for the initial branch. This default branch name
2026-10-10T11:59:14.1039406Z hint: will change to "main" in Git 3.0. To configure the initial branch name
2026-10-10T11:59:14.1040669Z hint: to use in all of your new repositories, which will suppress this warning,
2026-10-10T11:59:14.1041436Z hint: call:
2026-10-10T11:59:14.1041848Z hint:
2026-10-10T11:59:14.1042938Z hint: 	git config --global init.defaultBranch <name>
2026-10-10T11:59:14.1043609Z hint:
2026-10-10T11:59:14.1044222Z hint: Names commonly chosen instead of 'master' are 'main', 'trunk' and
2026-10-10T11:59:14.1045158Z hint: 'development'. The just-created branch can be renamed via this command:
2026-10-10T11:59:14.1045942Z hint:
2026-10-10T11:59:14.1046375Z hint: 	git branch -m <name>
2026-10-10T11:59:14.1046873Z hint:
2026-10-10T11:59:14.1047558Z hint: Disable this message with "git config set advice.defaultBranchName false"
2026-10-10T11:59:14.1053677Z Initialized empty Git repository in /home/runner/work/Bot-AI-Ban-hang-FB/Bot-AI-Ban-hang-FB/.git/
2026-10-10T11:59:14.1063733Z [command]/usr/bin/git remote add origin https://github.com/LonelyTraderBay/Bot-AI-Ban-hang-FB
2026-10-10T11:59:14.1114631Z ##[endgroup]
2026-10-10T11:59:14.1115969Z ##[group]Disabling automatic garbage collection
2026-10-10T11:59:14.1118954Z [command]/usr/bin/git config --local gc.auto 0
2026-10-10T11:59:14.1156070Z ##[endgroup]
2026-10-10T11:59:14.1156822Z ##[group]Setting up auth
2026-10-10T11:59:14.1158049Z Removing SSH command configuration
2026-10-10T11:59:14.1165684Z [command]/usr/bin/git config --local --name-only --get-regexp core\.sshCommand
2026-10-10T11:59:14.1201123Z [command]/usr/bin/git submodule foreach --recursive sh -c "git config --local --name-only --get-regexp 'core\.sshCommand' && git config --local --unset-all 'core.sshCommand' || :"
2026-10-10T11:59:14.1657941Z Removing HTTP extra header
2026-10-10T11:59:14.1666647Z [command]/usr/bin/git config --local --name-only --get-regexp http\.https\:\/\/github\.com\/\.extraheader
2026-10-10T11:59:14.1714005Z [command]/usr/bin/git submodule foreach --recursive sh -c "git config --local --name-only --get-regexp 'http\.https\:\/\/github\.com\/\.extraheader' && git config --local --unset-all 'http.https://github.com/.extraheader' || :"
2026-10-10T11:59:14.1960957Z Removing includeIf entries pointing to credentials config files
2026-10-10T11:59:14.1965460Z [command]/usr/bin/git config --local --name-only --get-regexp ^includeIf\.gitdir:
2026-10-10T11:59:14.2002821Z [command]/usr/bin/git submodule foreach --recursive git config --local --show-origin --name-only --get-regexp remote.origin.url
2026-10-10T11:59:14.2222937Z [command]/usr/bin/git config --file /home/runner/work/_temp/git-credentials-cf6b4552-8e78-4740-805a-a707c7e3ce9a.config http.https://github.com/.extraheader AUTHORIZATION: basic ***
2026-10-10T11:59:14.2261779Z [command]/usr/bin/git config --local includeIf.gitdir:/home/runner/work/Bot-AI-Ban-hang-FB/Bot-AI-Ban-hang-FB/.git.path /home/runner/work/_temp/git-credentials-cf6b4552-8e78-4740-805a-a707c7e3ce9a.config
2026-10-10T11:59:14.2295736Z [command]/usr/bin/git config --local includeIf.gitdir:/home/runner/work/Bot-AI-Ban-hang-FB/Bot-AI-Ban-hang-FB/.git/worktrees/*.path /home/runner/work/_temp/git-credentials-cf6b4552-8e78-4740-805a-a707c7e3ce9a.config
2026-10-10T11:59:14.2334837Z [command]/usr/bin/git config --local includeIf.gitdir:/github/workspace/.git.path /github/runner_temp/git-credentials-cf6b4552-8e78-4740-805a-a707c7e3ce9a.config
2026-10-10T11:59:14.2369037Z [command]/usr/bin/git config --local includeIf.gitdir:/github/workspace/.git/worktrees/*.path /github/runner_temp/git-credentials-cf6b4552-8e78-4740-805a-a707c7e3ce9a.config
2026-10-10T11:59:14.2399850Z ##[endgroup]
2026-10-10T11:59:14.2401402Z ##[group]Fetching the repository
2026-10-10T11:59:14.2406499Z [command]/usr/bin/git -c protocol.version=2 fetch --no-tags --prune --no-recurse-submodules --depth=1 origin +bcdf5414015fe045482278f3f115b53e9e7c4262:refs/remotes/origin/main
2026-10-10T11:59:29.8316359Z From https://github.com/LonelyTraderBay/Bot-AI-Ban-hang-FB
2026-10-10T11:59:29.8317883Z  * [new ref]         bcdf5414015fe045482278f3f115b53e9e7c4262 -> origin/main
2026-10-10T11:59:29.8326930Z [command]/usr/bin/git branch --list --remote origin/main
2026-10-10T11:59:29.8356488Z   origin/main
2026-10-10T11:59:29.8366166Z [command]/usr/bin/git rev-parse refs/remotes/origin/main
2026-10-10T11:59:29.8392698Z bcdf5414015fe045482278f3f115b53e9e7c4262
2026-10-10T11:59:29.8398836Z ##[endgroup]
2026-10-10T11:59:29.8400932Z ##[group]Determining the checkout info
2026-10-10T11:59:29.8403897Z ##[endgroup]
2026-10-10T11:59:29.8404907Z [command]/usr/bin/git sparse-checkout disable
2026-10-10T11:59:29.8461015Z [command]/usr/bin/git config --local --unset-all extensions.worktreeConfig
2026-10-10T11:59:29.8494364Z ##[group]Checking out the ref
2026-10-10T11:59:29.8499435Z [command]/usr/bin/git checkout --progress --force -B main refs/remotes/origin/main
2026-10-10T11:59:30.9974547Z Updating files:  27% (5734/21093)
2026-10-10T11:59:31.1567486Z Updating files:  28% (5907/21093)
2026-10-10T11:59:31.2302014Z Updating files:  29% (6117/21093)
2026-10-10T11:59:31.3118252Z Updating files:  30% (6328/21093)
2026-10-10T11:59:31.3486258Z Updating files:  31% (6539/21093)
2026-10-10T11:59:31.3824351Z Updating files:  32% (6750/21093)
2026-10-10T11:59:31.4822603Z Updating files:  33% (6961/21093)
2026-10-10T11:59:31.5680769Z Updating files:  34% (7172/21093)
2026-10-10T11:59:31.5996596Z Updating files:  35% (7383/21093)
2026-10-10T11:59:31.6686505Z Updating files:  36% (7594/21093)
2026-10-10T11:59:31.7109177Z Updating files:  37% (7805/21093)
2026-10-10T11:59:31.7659552Z Updating files:  38% (8016/21093)
2026-10-10T11:59:31.8298661Z Updating files:  39% (8227/21093)
2026-10-10T11:59:31.8490423Z Updating files:  40% (8438/21093)
2026-10-10T11:59:31.8705839Z Updating files:  41% (8649/21093)
2026-10-10T11:59:31.9030469Z Updating files:  41% (8751/21093)
2026-10-10T11:59:31.9534027Z Updating files:  42% (8860/21093)
2026-10-10T11:59:32.0085331Z Updating files:  43% (9070/21093)
2026-10-10T11:59:32.0585420Z Updating files:  44% (9281/21093)
2026-10-10T11:59:32.0872387Z Updating files:  45% (9492/21093)
2026-10-10T11:59:32.0957792Z Updating files:  46% (9703/21093)
2026-10-10T11:59:32.1139457Z Updating files:  47% (9914/21093)
2026-10-10T11:59:32.1506397Z Updating files:  48% (10125/21093)
2026-10-10T11:59:32.1598458Z Updating files:  49% (10336/21093)
2026-10-10T11:59:32.2042243Z Updating files:  50% (10547/21093)
2026-10-10T11:59:32.2145337Z Updating files:  51% (10758/21093)
2026-10-10T11:59:32.2236241Z Updating files:  52% (10969/21093)
2026-10-10T11:59:32.2844118Z Updating files:  53% (11180/21093)
2026-10-10T11:59:32.3145252Z Updating files:  54% (11391/21093)
2026-10-10T11:59:32.3503631Z Updating files:  55% (11602/21093)
2026-10-10T11:59:32.3897156Z Updating files:  56% (11813/21093)
2026-10-10T11:59:32.4563177Z Updating files:  57% (12024/21093)
2026-10-10T11:59:32.4834611Z Updating files:  58% (12234/21093)
2026-10-10T11:59:32.6462537Z Updating files:  59% (12445/21093)
2026-10-10T11:59:32.7890304Z Updating files:  60% (12656/21093)
2026-10-10T11:59:32.8737408Z Updating files:  61% (12867/21093)
2026-10-10T11:59:32.8972946Z Updating files:  61% (12991/21093)
2026-10-10T11:59:32.9312206Z Updating files:  62% (13078/21093)
2026-10-10T11:59:32.9552285Z Updating files:  63% (13289/21093)
2026-10-10T11:59:32.9715580Z Updating files:  64% (13500/21093)
2026-10-10T11:59:32.9865037Z Updating files:  65% (13711/21093)
2026-10-10T11:59:33.0006120Z Updating files:  66% (13922/21093)
2026-10-10T11:59:33.0136608Z Updating files:  67% (14133/21093)
2026-10-10T11:59:33.0260705Z Updating files:  68% (14344/21093)
2026-10-10T11:59:33.0375758Z Updating files:  69% (14555/21093)
2026-10-10T11:59:33.0492527Z Updating files:  70% (14766/21093)
2026-10-10T11:59:33.0608805Z Updating files:  71% (14977/21093)
2026-10-10T11:59:33.0864045Z Updating files:  72% (15187/21093)
2026-10-10T11:59:33.1089114Z Updating files:  73% (15398/21093)
2026-10-10T11:59:33.1228766Z Updating files:  74% (15609/21093)
2026-10-10T11:59:33.1377492Z Updating files:  75% (15820/21093)
2026-10-10T11:59:33.1596968Z Updating files:  76% (16031/21093)
2026-10-10T11:59:33.1741792Z Updating files:  77% (16242/21093)
2026-10-10T11:59:33.1875979Z Updating files:  78% (16453/21093)
2026-10-10T11:59:33.2012121Z Updating files:  79% (16664/21093)
2026-10-10T11:59:33.2139944Z Updating files:  80% (16875/21093)
2026-10-10T11:59:33.2265087Z Updating files:  81% (17086/21093)
2026-10-10T11:59:33.2384561Z Updating files:  82% (17297/21093)
2026-10-10T11:59:33.2511659Z Updating files:  83% (17508/21093)
2026-10-10T11:59:33.2659188Z Updating files:  84% (17719/21093)
2026-10-10T11:59:33.2784861Z Updating files:  85% (17930/21093)
2026-10-10T11:59:33.2910109Z Updating files:  86% (18140/21093)
2026-10-10T11:59:33.3041444Z Updating files:  87% (18351/21093)
2026-10-10T11:59:33.3164508Z Updating files:  88% (18562/21093)
2026-10-10T11:59:33.3287607Z Updating files:  89% (18773/21093)
2026-10-10T11:59:33.3410109Z Updating files:  90% (18984/21093)
2026-10-10T11:59:33.3543409Z Updating files:  91% (19195/21093)
2026-10-10T11:59:33.3670827Z Updating files:  92% (19406/21093)
2026-10-10T11:59:33.3792416Z Updating files:  93% (19617/21093)
2026-10-10T11:59:33.3977875Z Updating files:  94% (19828/21093)
2026-10-10T11:59:33.4108778Z Updating files:  95% (20039/21093)
2026-10-10T11:59:33.4289009Z Updating files:  96% (20250/21093)
2026-10-10T11:59:33.4724033Z Updating files:  97% (20461/21093)
2026-10-10T11:59:33.4959361Z Updating files:  98% (20672/21093)
2026-10-10T11:59:33.5494051Z Updating files:  99% (20883/21093)
2026-10-10T11:59:33.5494798Z Updating files: 100% (21093/21093)
2026-10-10T11:59:33.5495421Z Updating files: 100% (21093/21093), done.
2026-10-10T11:59:33.6246133Z Switched to a new branch 'main'
2026-10-10T11:59:33.6252350Z branch 'main' set up to track 'origin/main'.
2026-10-10T11:59:33.6372948Z ##[endgroup]
2026-10-10T11:59:33.6420600Z [command]/usr/bin/git log -1 --format=%H
2026-10-10T11:59:33.6451634Z bcdf5414015fe045482278f3f115b53e9e7c4262
2026-10-10T11:59:33.6716346Z ##[group]Run actions/setup-node@820762786026740c76f36085b0efc47a31fe5020
2026-10-10T11:59:33.6716733Z with:
2026-10-10T11:59:33.6716925Z   node-version: 24
2026-10-10T11:59:33.6717125Z   cache: npm
2026-10-10T11:59:33.6717419Z   cache-dependency-path: BotSalesAI_Frontend/package-lock.json
2026-10-10T11:59:33.6717776Z   check-latest: false
2026-10-10T11:59:33.6720228Z   token: ***
2026-10-10T11:59:33.6720444Z   package-manager-cache: true
2026-10-10T11:59:33.6720694Z ##[endgroup]
2026-10-10T11:59:33.7968997Z Found in cache @ /opt/hostedtoolcache/node/24.21.0/x64
2026-10-10T11:59:33.7970993Z ##[group]Environment details
2026-10-10T11:59:36.1628131Z node: v24.21.0
2026-10-10T11:59:36.1628532Z npm: 11.19.0
2026-10-10T11:59:36.1628851Z yarn: 1.22.22
2026-10-10T11:59:36.1630361Z ##[endgroup]
2026-10-10T11:59:36.1648185Z [command]/opt/hostedtoolcache/node/24.21.0/x64/bin/npm config get cache
2026-10-10T11:59:36.4328697Z /home/runner/.npm
2026-10-10T11:59:36.6896944Z Cache hit for: node-cache-Linux-x64-npm-59940755336ccebfb01608b4b67032f886f15c0a5419cadf1ab2b1b289ed121c
2026-10-10T11:59:37.9924049Z Received 0 of 47017133 (0.0%), 0.0 MBs/sec
2026-10-10T11:59:38.5047782Z Received 47017133 of 47017133 (100.0%), 29.6 MBs/sec
2026-10-10T11:59:38.5049136Z Cache Size: ~45 MB (47017133 B)
2026-10-10T11:59:38.5087721Z [command]/usr/bin/tar -xf /home/runner/work/_temp/71445805-196a-4cd6-99eb-0aa508c29d44/cache.tzst -P -C /home/runner/work/Bot-AI-Ban-hang-FB/Bot-AI-Ban-hang-FB --use-compress-program unzstd
2026-10-10T11:59:38.6725571Z Cache restored successfully
2026-10-10T11:59:38.6755805Z Cache restored from key: node-cache-Linux-x64-npm-59940755336ccebfb01608b4b67032f886f15c0a5419cadf1ab2b1b289ed121c
2026-10-10T11:59:38.6920330Z ##[group]Run npm install --global npm@11.17.0
2026-10-10T11:59:38.6920753Z [36;1mnpm install --global npm@11.17.0[0m
2026-10-10T11:59:38.7246635Z shell: /usr/bin/bash -e {0}
2026-10-10T11:59:38.7246948Z ##[endgroup]
2026-10-10T11:59:44.4281931Z 
2026-10-10T11:59:44.4290047Z changed 19 packages in 6s
2026-10-10T11:59:44.4290319Z 
2026-10-10T11:59:44.4290516Z 15 packages are looking for funding
2026-10-10T11:59:44.4290849Z   run `npm fund` for details
2026-10-10T11:59:44.4811484Z ##[group]Run test -f package-lock.json || (echo 'Run npm install on an authorized online machine and commit the generated lockfile.' && exit 1)
2026-10-10T11:59:44.4812919Z [36;1mtest -f package-lock.json || (echo 'Run npm install on an authorized online machine and commit the generated lockfile.' && exit 1)[0m
2026-10-10T11:59:44.4879096Z shell: /usr/bin/bash -e {0}
2026-10-10T11:59:44.4879369Z ##[endgroup]
2026-10-10T11:59:44.4993028Z ##[group]Run npm ci
2026-10-10T11:59:44.4993318Z [36;1mnpm ci[0m
2026-10-10T11:59:44.5051723Z shell: /usr/bin/bash -e {0}
2026-10-10T11:59:44.5051991Z ##[endgroup]
2026-10-10T11:59:46.9919481Z npm warn deprecated whatwg-encoding@3.1.1: Use @exodus/bytes instead for a more spec-conformant and faster implementation
2026-10-10T11:59:49.9908526Z npm warn deprecated eslint@9.34.0: This version is no longer supported. Please see https://eslint.org/version-support for other options.
2026-10-10T11:59:59.2378174Z 
2026-10-10T11:59:59.2379017Z added 411 packages, and audited 413 packages in 15s
2026-10-10T11:59:59.2379559Z 
2026-10-10T11:59:59.2379907Z 86 packages are looking for funding
2026-10-10T11:59:59.2381177Z   run `npm fund` for details
2026-10-10T11:59:59.2392519Z 
2026-10-10T11:59:59.2392972Z found 0 vulnerabilities
2026-10-10T11:59:59.2405243Z npm warn allow-scripts 2 packages have install scripts not yet covered by allowScripts:
2026-10-10T11:59:59.2406735Z npm warn allow-scripts   esbuild@0.28.2 (postinstall: node install.js)
2026-10-10T11:59:59.2408267Z npm warn allow-scripts   msw@2.11.1 (postinstall: node -e "import('./config/scripts/postinstall.js').catch(() => void 0)")
2026-10-10T11:59:59.2409387Z npm warn allow-scripts
2026-10-10T11:59:59.2410699Z npm warn allow-scripts Run `npm approve-scripts --allow-scripts-pending` to review, or `npm approve-scripts <pkg>` to allow.
2026-10-10T11:59:59.3079347Z ##[group]Run npm audit --audit-level=low
2026-10-10T11:59:59.3079750Z [36;1mnpm audit --audit-level=low[0m
2026-10-10T11:59:59.3156007Z shell: /usr/bin/bash -e {0}
2026-10-10T11:59:59.3156296Z ##[endgroup]
2026-10-10T11:59:59.7421341Z found 0 vulnerabilities
2026-10-10T11:59:59.7597572Z ##[group]Run npm run setup
2026-10-10T11:59:59.7597882Z [36;1mnpm run setup[0m
2026-10-10T11:59:59.7661952Z shell: /usr/bin/bash -e {0}
2026-10-10T11:59:59.7662476Z ##[endgroup]
2026-10-10T11:59:59.8730473Z 
2026-10-10T11:59:59.8730917Z > botsales-frontend@0.1.0 setup
2026-10-10T11:59:59.8731353Z > node scripts/setup.mjs
2026-10-10T11:59:59.8731568Z 
2026-10-10T12:00:00.1121612Z {"status":"PASS","outputs":15,"schemas":346,"operations":245,"routes":61}
2026-10-10T12:00:00.2020761Z Copying the worker script at "/home/runner/work/Bot-AI-Ban-hang-FB/Bot-AI-Ban-hang-FB/BotSalesAI_Frontend/apps/web/public"...
2026-10-10T12:00:00.2079528Z 
2026-10-10T12:00:00.2080141Z [32mWorker script successfully copied![39m
2026-10-10T12:00:00.2080573Z [90m  - public
2026-10-10T12:00:00.2080848Z [39m
2026-10-10T12:00:00.2081253Z Continue by describing the network in your application:
2026-10-10T12:00:00.2081559Z 
2026-10-10T12:00:00.2081566Z 
2026-10-10T12:00:00.2081960Z [31m[1mhttps://mswjs.io/docs/quick-start[22m[39m
2026-10-10T12:00:00.2082389Z 
2026-10-10T12:00:00.2159860Z Thiết lập xong. npm run dev chạy frontend mô phỏng; không kết nối khách hàng hoặc provider thật.
2026-10-10T12:00:00.2307370Z ##[group]Run npx playwright install --with-deps chromium firefox
2026-10-10T12:00:00.2307937Z [36;1mnpx playwright install --with-deps chromium firefox[0m
2026-10-10T12:00:00.2371461Z shell: /usr/bin/bash -e {0}
2026-10-10T12:00:00.2371759Z ##[endgroup]
2026-10-10T12:00:00.9722651Z Installing dependencies...
2026-10-10T12:00:00.9807048Z Switching to root user to install dependencies...
2026-10-10T12:00:01.0715636Z Get:1 file:/etc/apt/apt-mirrors.txt Mirrorlist [144 B]
2026-10-10T12:00:01.1116416Z Hit:2 http://azure.archive.ubuntu.com/ubuntu noble InRelease
2026-10-10T12:00:01.1124926Z Get:6 https://packages.microsoft.com/ubuntu/24.04/prod noble InRelease [3600 B]
2026-10-10T12:00:01.1147841Z Get:3 http://azure.archive.ubuntu.com/ubuntu noble-updates InRelease [126 kB]
2026-10-10T12:00:01.1201837Z Get:4 http://azure.archive.ubuntu.com/ubuntu noble-backports InRelease [126 kB]
2026-10-10T12:00:01.1263622Z Get:5 http://azure.archive.ubuntu.com/ubuntu noble-security InRelease [126 kB]
2026-10-10T12:00:01.2770740Z Get:7 https://packages.microsoft.com/ubuntu/24.04/prod noble/main amd64 Packages [548 kB]
2026-10-10T12:00:01.2943220Z Get:8 https://packages.microsoft.com/ubuntu/24.04/prod noble/main armhf Packages [12.3 kB]
2026-10-10T12:00:01.2967584Z Get:9 https://packages.microsoft.com/ubuntu/24.04/prod noble/main all Packages [640 B]
2026-10-10T12:00:01.2993479Z Get:10 https://packages.microsoft.com/ubuntu/24.04/prod noble/main arm64 Packages [492 kB]
2026-10-10T12:00:01.3289267Z Get:11 http://azure.archive.ubuntu.com/ubuntu noble-updates/main amd64 Packages [1375 kB]
2026-10-10T12:00:01.3386635Z Get:12 http://azure.archive.ubuntu.com/ubuntu noble-updates/main Translation-en [306 kB]
2026-10-10T12:00:01.3391383Z Get:13 http://azure.archive.ubuntu.com/ubuntu noble-updates/universe amd64 Packages [1702 kB]
2026-10-10T12:00:01.3479362Z Get:14 http://azure.archive.ubuntu.com/ubuntu noble-updates/universe Translation-en [342 kB]
2026-10-10T12:00:01.3537072Z Get:15 http://azure.archive.ubuntu.com/ubuntu noble-updates/restricted amd64 Packages [1761 kB]
2026-10-10T12:00:01.3596810Z Get:16 http://azure.archive.ubuntu.com/ubuntu noble-updates/restricted Translation-en [401 kB]
2026-10-10T12:00:01.3634094Z Get:17 http://azure.archive.ubuntu.com/ubuntu noble-updates/multiverse amd64 Packages [55.0 kB]
2026-10-10T12:00:01.3641128Z Get:18 http://azure.archive.ubuntu.com/ubuntu noble-updates/multiverse Translation-en [14.3 kB]
2026-10-10T12:00:01.4390456Z Get:19 http://azure.archive.ubuntu.com/ubuntu noble-security/main amd64 Packages [1121 kB]
2026-10-10T12:00:01.4452530Z Get:20 http://azure.archive.ubuntu.com/ubuntu noble-security/main Translation-en [228 kB]
2026-10-10T12:00:01.4886416Z Get:21 http://azure.archive.ubuntu.com/ubuntu noble-security/universe amd64 Packages [1220 kB]
2026-10-10T12:00:01.4949296Z Get:22 http://azure.archive.ubuntu.com/ubuntu noble-security/universe Translation-en [245 kB]
2026-10-10T12:00:01.4967451Z Get:23 http://azure.archive.ubuntu.com/ubuntu noble-security/restricted amd64 Packages [1669 kB]
2026-10-10T12:00:01.5070350Z Get:24 http://azure.archive.ubuntu.com/ubuntu noble-security/restricted Translation-en [383 kB]
2026-10-10T12:00:01.5094939Z Get:25 http://azure.archive.ubuntu.com/ubuntu noble-security/multiverse amd64 Packages [49.8 kB]
2026-10-10T12:00:01.5105505Z Get:26 http://azure.archive.ubuntu.com/ubuntu noble-security/multiverse Translation-en [12.4 kB]
2026-10-10T12:00:04.5615170Z Fetched 12.3 MB in 1s (9260 kB/s)
2026-10-10T12:00:05.3924537Z Reading package lists...
2026-10-10T12:00:05.4198237Z Reading package lists...
2026-10-10T12:00:05.5908406Z Building dependency tree...
2026-10-10T12:00:05.5915924Z Reading state information...
2026-10-10T12:00:05.7261445Z libasound2t64 is already the newest version (1.2.11-1ubuntu0.3).
2026-10-10T12:00:05.7262692Z libasound2t64 set to manually installed.
2026-10-10T12:00:05.7263713Z libatk-bridge2.0-0t64 is already the newest version (2.52.0-1build1).
2026-10-10T12:00:05.7264924Z libatk-bridge2.0-0t64 set to manually installed.
2026-10-10T12:00:05.7265971Z libatk1.0-0t64 is already the newest version (2.52.0-1build1).
2026-10-10T12:00:05.7266649Z libatk1.0-0t64 set to manually installed.
2026-10-10T12:00:05.7267352Z libatspi2.0-0t64 is already the newest version (2.52.0-1build1).
2026-10-10T12:00:05.7268281Z libatspi2.0-0t64 set to manually installed.
2026-10-10T12:00:05.7268969Z libcairo2 is already the newest version (1.18.0-3build1).
2026-10-10T12:00:05.7269602Z libcairo2 set to manually installed.
2026-10-10T12:00:05.7270292Z libcups2t64 is already the newest version (2.4.7-1.2ubuntu7.14).
2026-10-10T12:00:05.7270970Z libcups2t64 set to manually installed.
2026-10-10T12:00:05.7271873Z libdbus-1-3 is already the newest version (1.14.10-4ubuntu4.1).
2026-10-10T12:00:05.7272719Z libdbus-1-3 set to manually installed.
2026-10-10T12:00:05.7273284Z libdrm2 is already the newest version (2.4.125-1ubuntu0.1~24.04.2).
2026-10-10T12:00:05.7273842Z libdrm2 set to manually installed.
2026-10-10T12:00:05.7274381Z libgbm1 is already the newest version (25.2.8-0ubuntu0.24.04.4).
2026-10-10T12:00:05.7274901Z libgbm1 set to manually installed.
2026-10-10T12:00:05.7275455Z libglib2.0-0t64 is already the newest version (2.80.0-6ubuntu3.9).
2026-10-10T12:00:05.7276022Z libglib2.0-0t64 set to manually installed.
2026-10-10T12:00:05.7276570Z libnspr4 is already the newest version (2:4.35-1.1build1).
2026-10-10T12:00:05.7277081Z libnspr4 set to manually installed.
2026-10-10T12:00:05.7277604Z libnss3 is already the newest version (2:3.98-1ubuntu0.2).
2026-10-10T12:00:05.7278109Z libnss3 set to manually installed.
2026-10-10T12:00:05.7278661Z libpango-1.0-0 is already the newest version (1.52.1+ds-1build1).
2026-10-10T12:00:05.7279218Z libpango-1.0-0 set to manually installed.
2026-10-10T12:00:05.7279747Z libx11-6 is already the newest version (2:1.8.7-1build1).
2026-10-10T12:00:05.7280248Z libx11-6 set to manually installed.
2026-10-10T12:00:05.7280761Z libxcb1 is already the newest version (1.15-1ubuntu2).
2026-10-10T12:00:05.7281241Z libxcb1 set to manually installed.
2026-10-10T12:00:05.7281788Z libxcomposite1 is already the newest version (1:0.4.5-1build3).
2026-10-10T12:00:05.7282361Z libxcomposite1 set to manually installed.
2026-10-10T12:00:05.7282809Z libxdamage1 is already the newest version (1:1.1.6-1build1).
2026-10-10T12:00:05.7283201Z libxdamage1 set to manually installed.
2026-10-10T12:00:05.7283606Z libxext6 is already the newest version (2:1.3.4-1build2).
2026-10-10T12:00:05.7283987Z libxext6 set to manually installed.
2026-10-10T12:00:05.7284399Z libxfixes3 is already the newest version (1:6.0.0-2build1).
2026-10-10T12:00:05.7284804Z libxfixes3 set to manually installed.
2026-10-10T12:00:05.7285219Z libxkbcommon0 is already the newest version (1.6.0-1build1).
2026-10-10T12:00:05.7285630Z libxkbcommon0 set to manually installed.
2026-10-10T12:00:05.7286066Z libxrandr2 is already the newest version (2:1.5.2-2build1).
2026-10-10T12:00:05.7286459Z libxrandr2 set to manually installed.
2026-10-10T12:00:05.7286857Z xvfb is already the newest version (2:21.1.12-1ubuntu1.8).
2026-10-10T12:00:05.7287403Z fonts-noto-color-emoji is already the newest version (2.047-0ubuntu0.24.04.1).
2026-10-10T12:00:05.7287969Z libfontconfig1 is already the newest version (2.15.0-1.1ubuntu2).
2026-10-10T12:00:05.7288394Z libfontconfig1 set to manually installed.
2026-10-10T12:00:05.7288821Z fonts-liberation is already the newest version (1:2.1.5-3).
2026-10-10T12:00:05.7289231Z fonts-liberation set to manually installed.
2026-10-10T12:00:05.7289697Z libcairo-gobject2 is already the newest version (1.18.0-3build1).
2026-10-10T12:00:05.7290137Z libcairo-gobject2 set to manually installed.
2026-10-10T12:00:05.7290637Z libgdk-pixbuf-2.0-0 is already the newest version (2.42.10+dfsg-3ubuntu3.3).
2026-10-10T12:00:05.7291121Z libgdk-pixbuf-2.0-0 set to manually installed.
2026-10-10T12:00:05.7291575Z libgtk-3-0t64 is already the newest version (3.24.41-4ubuntu1.3).
2026-10-10T12:00:05.7291993Z libgtk-3-0t64 set to manually installed.
2026-10-10T12:00:05.7292742Z libpangocairo-1.0-0 is already the newest version (1.52.1+ds-1build1).
2026-10-10T12:00:05.7293211Z libpangocairo-1.0-0 set to manually installed.
2026-10-10T12:00:05.7293647Z libx11-xcb1 is already the newest version (2:1.8.7-1build1).
2026-10-10T12:00:05.7294164Z libx11-xcb1 set to manually installed.
2026-10-10T12:00:05.7294556Z libxcb-shm0 is already the newest version (1.15-1ubuntu2).
2026-10-10T12:00:05.7294948Z libxcb-shm0 set to manually installed.
2026-10-10T12:00:05.7295351Z libxcursor1 is already the newest version (1:1.2.1-1build1).
2026-10-10T12:00:05.7295744Z libxcursor1 set to manually installed.
2026-10-10T12:00:05.7296138Z libxi6 is already the newest version (2:1.8.1-1build1).
2026-10-10T12:00:05.7296507Z libxi6 set to manually installed.
2026-10-10T12:00:05.7296913Z libxrender1 is already the newest version (1:0.9.10-1.1build1).
2026-10-10T12:00:05.7297343Z libxrender1 set to manually installed.
2026-10-10T12:00:05.7297841Z The following additional packages will be installed:
2026-10-10T12:00:05.7298349Z   libavutil58 libcodec2-1.2 libdav1d7 libgsm1 libhwy1t64 libjxl0.7 libmp3lame0
2026-10-10T12:00:05.7298951Z   libopus0 librav1e0 librsvg2-2 libshine3 libsoxr0 libspeex1 libsvtav1enc1d1
2026-10-10T12:00:05.7299499Z   libswresample4 libtheora0 libtwolame0 libva-drm2 libva-x11-2 libva2
2026-10-10T12:00:05.7300048Z   libvdpau1 libvorbisenc2 libvpl2 libvpx9 libx264-164 libx265-199 libxvidcore4
2026-10-10T12:00:05.7300629Z   libzvbi-common libzvbi0t64 ocl-icd-libopencl1 xfonts-encodings xfonts-utils
2026-10-10T12:00:05.7301055Z Suggested packages:
2026-10-10T12:00:05.7301431Z   libcuda1 libnvcuvid1 libnvidia-encode1 opus-tools librsvg2-bin speex
2026-10-10T12:00:05.7301815Z   opencl-icd
2026-10-10T12:00:05.7302045Z Recommended packages:
2026-10-10T12:00:05.7302797Z   fonts-ipafont-mincho fonts-tlwg-loma librsvg2-common va-driver-all
2026-10-10T12:00:05.7303257Z   | va-driver vdpau-driver-all | vdpau-driver
2026-10-10T12:00:05.7595795Z The following NEW packages will be installed:
2026-10-10T12:00:05.7596899Z   fonts-freefont-ttf fonts-ipafont-gothic fonts-tlwg-loma-otf fonts-unifont
2026-10-10T12:00:05.7598372Z   fonts-wqy-zenhei libavcodec60 libavutil58 libcodec2-1.2 libdav1d7 libgsm1
2026-10-10T12:00:05.7599674Z   libhwy1t64 libjxl0.7 libmp3lame0 libopus0 librav1e0 librsvg2-2 libshine3
2026-10-10T12:00:05.7601014Z   libsoxr0 libspeex1 libsvtav1enc1d1 libswresample4 libtheora0 libtwolame0
2026-10-10T12:00:05.7602479Z   libva-drm2 libva-x11-2 libva2 libvdpau1 libvorbisenc2 libvpl2 libvpx9
2026-10-10T12:00:05.7603468Z   libx264-164 libx265-199 libxvidcore4 libzvbi-common libzvbi0t64
2026-10-10T12:00:05.7604148Z   ocl-icd-libopencl1 xfonts-cyrillic xfonts-encodings xfonts-scalable
2026-10-10T12:00:05.7604654Z   xfonts-utils
2026-10-10T12:00:05.7606928Z The following packages will be upgraded:
2026-10-10T12:00:05.7611194Z   libfreetype6
2026-10-10T12:00:05.7784237Z 1 upgraded, 40 newly installed, 0 to remove and 22 not upgraded.
2026-10-10T12:00:05.7784971Z Need to get 49.2 MB of archives.
2026-10-10T12:00:05.7785484Z After this operation, 168 MB of additional disk space will be used.
2026-10-10T12:00:05.7785997Z Get:1 file:/etc/apt/apt-mirrors.txt Mirrorlist [144 B]
2026-10-10T12:00:05.9321924Z Get:2 http://azure.archive.ubuntu.com/ubuntu noble/universe amd64 fonts-ipafont-gothic all 00303-21ubuntu1 [3513 kB]
2026-10-10T12:00:06.4687770Z Get:3 http://azure.archive.ubuntu.com/ubuntu noble/main amd64 fonts-freefont-ttf all 20211204+svn4273-2 [5641 kB]
2026-10-10T12:00:06.8079882Z Get:4 http://azure.archive.ubuntu.com/ubuntu noble/universe amd64 fonts-tlwg-loma-otf all 1:0.7.3-1 [107 kB]
2026-10-10T12:00:06.9481770Z Get:5 http://azure.archive.ubuntu.com/ubuntu noble/universe amd64 fonts-unifont all 1:15.1.01-1build1 [2993 kB]
2026-10-10T12:00:07.1306074Z Get:6 http://azure.archive.ubuntu.com/ubuntu noble/universe amd64 fonts-wqy-zenhei all 0.9.45-8 [7472 kB]
2026-10-10T12:00:07.5656578Z Get:7 http://azure.archive.ubuntu.com/ubuntu noble-updates/universe amd64 libva2 amd64 2.20.0-2ubuntu0.2 [66.4 kB]
2026-10-10T12:00:07.7030545Z Get:8 http://azure.archive.ubuntu.com/ubuntu noble-updates/universe amd64 libva-drm2 amd64 2.20.0-2ubuntu0.2 [7124 B]
2026-10-10T12:00:07.8402495Z Get:9 http://azure.archive.ubuntu.com/ubuntu noble-updates/universe amd64 libva-x11-2 amd64 2.20.0-2ubuntu0.2 [12.0 kB]
2026-10-10T12:00:07.9769109Z Get:10 http://azure.archive.ubuntu.com/ubuntu noble/main amd64 libvdpau1 amd64 1.5-2build1 [27.8 kB]
2026-10-10T12:00:08.1148456Z Get:11 http://azure.archive.ubuntu.com/ubuntu noble/universe amd64 libvpl2 amd64 2023.3.0-1build1 [99.8 kB]
2026-10-10T12:00:08.2525225Z Get:12 http://azure.archive.ubuntu.com/ubuntu noble/universe amd64 ocl-icd-libopencl1 amd64 2.3.2-1build1 [38.5 kB]
2026-10-10T12:00:08.3898778Z Get:13 http://azure.archive.ubuntu.com/ubuntu noble/universe amd64 libavutil58 amd64 7:6.1.1-3ubuntu5 [401 kB]
2026-10-10T12:00:08.5325288Z Get:14 http://azure.archive.ubuntu.com/ubuntu noble/universe amd64 libcodec2-1.2 amd64 1.2.0-2build1 [8998 kB]
2026-10-10T12:00:09.0370255Z Get:15 http://azure.archive.ubuntu.com/ubuntu noble/universe amd64 libdav1d7 amd64 1.4.1-1build1 [604 kB]
2026-10-10T12:00:09.1991379Z Get:16 http://azure.archive.ubuntu.com/ubuntu noble/universe amd64 libgsm1 amd64 1.0.22-1build1 [27.8 kB]
2026-10-10T12:00:09.3365253Z Get:17 http://azure.archive.ubuntu.com/ubuntu noble/universe amd64 libhwy1t64 amd64 1.0.7-8.1build1 [584 kB]
2026-10-10T12:00:09.4985536Z Get:18 http://azure.archive.ubuntu.com/ubuntu noble-updates/universe amd64 libjxl0.7 amd64 0.7.0-10.2ubuntu6.1 [1001 kB]
2026-10-10T12:00:09.6829346Z Get:19 http://azure.archive.ubuntu.com/ubuntu noble/main amd64 libmp3lame0 amd64 3.100-6build1 [142 kB]
2026-10-10T12:00:09.8221617Z Get:20 http://azure.archive.ubuntu.com/ubuntu noble/main amd64 libopus0 amd64 1.4-1build1 [208 kB]
2026-10-10T12:00:09.9676709Z Get:21 http://azure.archive.ubuntu.com/ubuntu noble/universe amd64 librav1e0 amd64 0.7.1-2 [1022 kB]
2026-10-10T12:00:10.1524431Z Get:22 http://azure.archive.ubuntu.com/ubuntu noble-updates/main amd64 librsvg2-2 amd64 2.58.0+dfsg-1ubuntu0.1 [2141 kB]
2026-10-10T12:00:10.3827806Z Get:23 http://azure.archive.ubuntu.com/ubuntu noble/universe amd64 libshine3 amd64 3.1.1-2build1 [23.2 kB]
2026-10-10T12:00:10.5199841Z Get:24 http://azure.archive.ubuntu.com/ubuntu noble-updates/main amd64 libspeex1 amd64 1.2.1-2ubuntu2.24.04.1 [59.6 kB]
2026-10-10T12:00:10.6588769Z Get:25 http://azure.archive.ubuntu.com/ubuntu noble/universe amd64 libsvtav1enc1d1 amd64 1.7.0+dfsg-2build1 [2425 kB]
2026-10-10T12:00:10.9007456Z Get:26 http://azure.archive.ubuntu.com/ubuntu noble/universe amd64 libsoxr0 amd64 0.1.3-4build3 [80.0 kB]
2026-10-10T12:00:11.0400027Z Get:27 http://azure.archive.ubuntu.com/ubuntu noble/universe amd64 libswresample4 amd64 7:6.1.1-3ubuntu5 [63.8 kB]
2026-10-10T12:00:11.1787693Z Get:28 http://azure.archive.ubuntu.com/ubuntu noble/main amd64 libtheora0 amd64 1.1.1+dfsg.1-16.1build3 [211 kB]
2026-10-10T12:00:11.3243267Z Get:29 http://azure.archive.ubuntu.com/ubuntu noble/main amd64 libtwolame0 amd64 0.4.0-2build3 [52.3 kB]
2026-10-10T12:00:11.4627525Z Get:30 http://azure.archive.ubuntu.com/ubuntu noble/main amd64 libvorbisenc2 amd64 1.3.7-1build3 [80.8 kB]
2026-10-10T12:00:11.6025852Z Get:31 http://azure.archive.ubuntu.com/ubuntu noble-updates/main amd64 libvpx9 amd64 1.14.0-1ubuntu2.3 [1143 kB]
2026-10-10T12:00:11.7892485Z Get:32 http://azure.archive.ubuntu.com/ubuntu noble/universe amd64 libx264-164 amd64 2:0.164.3108+git31e19f9-1 [604 kB]
2026-10-10T12:00:11.9517785Z Get:33 http://azure.archive.ubuntu.com/ubuntu noble/universe amd64 libx265-199 amd64 3.5-2build1 [1226 kB]
2026-10-10T12:00:12.1414035Z Get:34 http://azure.archive.ubuntu.com/ubuntu noble/universe amd64 libxvidcore4 amd64 2:1.3.7-1build1 [219 kB]
2026-10-10T12:00:12.2872653Z Get:35 http://azure.archive.ubuntu.com/ubuntu noble/universe amd64 libzvbi-common all 0.2.42-2 [42.4 kB]
2026-10-10T12:00:12.4250779Z Get:36 http://azure.archive.ubuntu.com/ubuntu noble/universe amd64 libzvbi0t64 amd64 0.2.42-2 [261 kB]
2026-10-10T12:00:12.5744634Z Get:37 http://azure.archive.ubuntu.com/ubuntu noble/universe amd64 libavcodec60 amd64 7:6.1.1-3ubuntu5 [5851 kB]
2026-10-10T12:00:12.9665567Z Get:38 http://azure.archive.ubuntu.com/ubuntu noble-updates/main amd64 libfreetype6 amd64 2.13.2+dfsg-1ubuntu0.2 [403 kB]
2026-10-10T12:00:13.1213810Z Get:39 http://azure.archive.ubuntu.com/ubuntu noble/main amd64 xfonts-encodings all 1:1.0.5-0ubuntu2 [578 kB]
2026-10-10T12:00:13.2816005Z Get:40 http://azure.archive.ubuntu.com/ubuntu noble/main amd64 xfonts-utils amd64 1:7.7+6build3 [94.4 kB]
2026-10-10T12:00:13.4222889Z Get:41 http://azure.archive.ubuntu.com/ubuntu noble/universe amd64 xfonts-cyrillic all 1:1.0.5+nmu1 [384 kB]
2026-10-10T12:00:13.5746364Z Get:42 http://azure.archive.ubuntu.com/ubuntu noble/main amd64 xfonts-scalable all 1:1.0.3-1.3 [304 kB]
2026-10-10T12:00:13.8549613Z Fetched 49.2 MB in 8s (6294 kB/s)
2026-10-10T12:00:13.8827068Z Selecting previously unselected package fonts-ipafont-gothic.
2026-10-10T12:00:13.9082914Z (Reading database ... 
2026-10-10T12:00:13.9083522Z (Reading database ... 5%
2026-10-10T12:00:13.9084133Z (Reading database ... 10%
2026-10-10T12:00:13.9084701Z (Reading database ... 15%
2026-10-10T12:00:13.9085559Z (Reading database ... 20%
2026-10-10T12:00:13.9086091Z (Reading database ... 25%
2026-10-10T12:00:13.9086624Z (Reading database ... 30%
2026-10-10T12:00:13.9087143Z (Reading database ... 35%
2026-10-10T12:00:13.9087646Z (Reading database ... 40%
2026-10-10T12:00:13.9088148Z (Reading database ... 45%
2026-10-10T12:00:13.9088658Z (Reading database ... 50%
2026-10-10T12:00:13.9133514Z (Reading database ... 55%
2026-10-10T12:00:14.0184515Z (Reading database ... 60%
2026-10-10T12:00:14.2250646Z (Reading database ... 65%
2026-10-10T12:00:14.4146003Z (Reading database ... 70%
2026-10-10T12:00:14.5760495Z (Reading database ... 75%
2026-10-10T12:00:14.7756100Z (Reading database ... 80%
2026-10-10T12:00:14.9658874Z (Reading database ... 85%
2026-10-10T12:00:15.1737287Z (Reading database ... 90%
2026-10-10T12:00:15.3727858Z (Reading database ... 95%
2026-10-10T12:00:15.3728401Z (Reading database ... 100%
2026-10-10T12:00:15.3729010Z (Reading database ... 203191 files and directories currently installed.)
2026-10-10T12:00:15.3769325Z Preparing to unpack .../00-fonts-ipafont-gothic_00303-21ubuntu1_all.deb ...
2026-10-10T12:00:15.3859526Z Unpacking fonts-ipafont-gothic (00303-21ubuntu1) ...
2026-10-10T12:00:15.6111760Z Selecting previously unselected package fonts-freefont-ttf.
2026-10-10T12:00:15.6237739Z Preparing to unpack .../01-fonts-freefont-ttf_20211204+svn4273-2_all.deb ...
2026-10-10T12:00:15.6244830Z Unpacking fonts-freefont-ttf (20211204+svn4273-2) ...
2026-10-10T12:00:15.6993814Z Selecting previously unselected package fonts-tlwg-loma-otf.
2026-10-10T12:00:15.7118906Z Preparing to unpack .../02-fonts-tlwg-loma-otf_1%3a0.7.3-1_all.deb ...
2026-10-10T12:00:15.7125766Z Unpacking fonts-tlwg-loma-otf (1:0.7.3-1) ...
2026-10-10T12:00:15.7360374Z Selecting previously unselected package fonts-unifont.
2026-10-10T12:00:15.7485636Z Preparing to unpack .../03-fonts-unifont_1%3a15.1.01-1build1_all.deb ...
2026-10-10T12:00:15.7492448Z Unpacking fonts-unifont (1:15.1.01-1build1) ...
2026-10-10T12:00:15.8541277Z Selecting previously unselected package fonts-wqy-zenhei.
2026-10-10T12:00:15.8666723Z Preparing to unpack .../04-fonts-wqy-zenhei_0.9.45-8_all.deb ...
2026-10-10T12:00:15.8763084Z Unpacking fonts-wqy-zenhei (0.9.45-8) ...
2026-10-10T12:00:16.3369963Z Selecting previously unselected package libva2:amd64.
2026-10-10T12:00:16.3494350Z Preparing to unpack .../05-libva2_2.20.0-2ubuntu0.2_amd64.deb ...
2026-10-10T12:00:16.3510064Z Unpacking libva2:amd64 (2.20.0-2ubuntu0.2) ...
2026-10-10T12:00:16.3712851Z Selecting previously unselected package libva-drm2:amd64.
2026-10-10T12:00:16.3836210Z Preparing to unpack .../06-libva-drm2_2.20.0-2ubuntu0.2_amd64.deb ...
2026-10-10T12:00:16.3845169Z Unpacking libva-drm2:amd64 (2.20.0-2ubuntu0.2) ...
2026-10-10T12:00:16.4039047Z Selecting previously unselected package libva-x11-2:amd64.
2026-10-10T12:00:16.4161515Z Preparing to unpack .../07-libva-x11-2_2.20.0-2ubuntu0.2_amd64.deb ...
2026-10-10T12:00:16.4169825Z Unpacking libva-x11-2:amd64 (2.20.0-2ubuntu0.2) ...
2026-10-10T12:00:16.4362397Z Selecting previously unselected package libvdpau1:amd64.
2026-10-10T12:00:16.4484175Z Preparing to unpack .../08-libvdpau1_1.5-2build1_amd64.deb ...
2026-10-10T12:00:16.4492811Z Unpacking libvdpau1:amd64 (1.5-2build1) ...
2026-10-10T12:00:16.4690753Z Selecting previously unselected package libvpl2.
2026-10-10T12:00:16.4813788Z Preparing to unpack .../09-libvpl2_2023.3.0-1build1_amd64.deb ...
2026-10-10T12:00:16.4820651Z Unpacking libvpl2 (2023.3.0-1build1) ...
2026-10-10T12:00:16.5026974Z Selecting previously unselected package ocl-icd-libopencl1:amd64.
2026-10-10T12:00:16.5149472Z Preparing to unpack .../10-ocl-icd-libopencl1_2.3.2-1build1_amd64.deb ...
2026-10-10T12:00:16.5156576Z Unpacking ocl-icd-libopencl1:amd64 (2.3.2-1build1) ...
2026-10-10T12:00:16.5428758Z Selecting previously unselected package libavutil58:amd64.
2026-10-10T12:00:16.5549693Z Preparing to unpack .../11-libavutil58_7%3a6.1.1-3ubuntu5_amd64.deb ...
2026-10-10T12:00:16.5556771Z Unpacking libavutil58:amd64 (7:6.1.1-3ubuntu5) ...
2026-10-10T12:00:16.5791957Z Selecting previously unselected package libcodec2-1.2:amd64.
2026-10-10T12:00:16.5914308Z Preparing to unpack .../12-libcodec2-1.2_1.2.0-2build1_amd64.deb ...
2026-10-10T12:00:16.5921161Z Unpacking libcodec2-1.2:amd64 (1.2.0-2build1) ...
2026-10-10T12:00:16.6622549Z Selecting previously unselected package libdav1d7:amd64.
2026-10-10T12:00:16.6747848Z Preparing to unpack .../13-libdav1d7_1.4.1-1build1_amd64.deb ...
2026-10-10T12:00:16.6754467Z Unpacking libdav1d7:amd64 (1.4.1-1build1) ...
2026-10-10T12:00:16.7007291Z Selecting previously unselected package libgsm1:amd64.
2026-10-10T12:00:16.7131267Z Preparing to unpack .../14-libgsm1_1.0.22-1build1_amd64.deb ...
2026-10-10T12:00:16.7138593Z Unpacking libgsm1:amd64 (1.0.22-1build1) ...
2026-10-10T12:00:16.7337334Z Selecting previously unselected package libhwy1t64:amd64.
2026-10-10T12:00:16.7460559Z Preparing to unpack .../15-libhwy1t64_1.0.7-8.1build1_amd64.deb ...
2026-10-10T12:00:16.7467871Z Unpacking libhwy1t64:amd64 (1.0.7-8.1build1) ...
2026-10-10T12:00:16.7770951Z Selecting previously unselected package libjxl0.7:amd64.
2026-10-10T12:00:16.7894471Z Preparing to unpack .../16-libjxl0.7_0.7.0-10.2ubuntu6.1_amd64.deb ...
2026-10-10T12:00:16.7901286Z Unpacking libjxl0.7:amd64 (0.7.0-10.2ubuntu6.1) ...
2026-10-10T12:00:16.8208208Z Selecting previously unselected package libmp3lame0:amd64.
2026-10-10T12:00:16.8331947Z Preparing to unpack .../17-libmp3lame0_3.100-6build1_amd64.deb ...
2026-10-10T12:00:16.8339118Z Unpacking libmp3lame0:amd64 (3.100-6build1) ...
2026-10-10T12:00:16.8546366Z Selecting previously unselected package libopus0:amd64.
2026-10-10T12:00:16.8673641Z Preparing to unpack .../18-libopus0_1.4-1build1_amd64.deb ...
2026-10-10T12:00:16.8679921Z Unpacking libopus0:amd64 (1.4-1build1) ...
2026-10-10T12:00:16.8895269Z Selecting previously unselected package librav1e0:amd64.
2026-10-10T12:00:16.9019784Z Preparing to unpack .../19-librav1e0_0.7.1-2_amd64.deb ...
2026-10-10T12:00:16.9027461Z Unpacking librav1e0:amd64 (0.7.1-2) ...
2026-10-10T12:00:16.9329098Z Selecting previously unselected package librsvg2-2:amd64.
2026-10-10T12:00:16.9455294Z Preparing to unpack .../20-librsvg2-2_2.58.0+dfsg-1ubuntu0.1_amd64.deb ...
2026-10-10T12:00:16.9462183Z Unpacking librsvg2-2:amd64 (2.58.0+dfsg-1ubuntu0.1) ...
2026-10-10T12:00:16.9890442Z Selecting previously unselected package libshine3:amd64.
2026-10-10T12:00:17.0014177Z Preparing to unpack .../21-libshine3_3.1.1-2build1_amd64.deb ...
2026-10-10T12:00:17.0021641Z Unpacking libshine3:amd64 (3.1.1-2build1) ...
2026-10-10T12:00:17.0207829Z Selecting previously unselected package libspeex1:amd64.
2026-10-10T12:00:17.0331540Z Preparing to unpack .../22-libspeex1_1.2.1-2ubuntu2.24.04.1_amd64.deb ...
2026-10-10T12:00:17.0338669Z Unpacking libspeex1:amd64 (1.2.1-2ubuntu2.24.04.1) ...
2026-10-10T12:00:17.0528335Z Selecting previously unselected package libsvtav1enc1d1:amd64.
2026-10-10T12:00:17.0646943Z Preparing to unpack .../23-libsvtav1enc1d1_1.7.0+dfsg-2build1_amd64.deb ...
2026-10-10T12:00:17.0655393Z Unpacking libsvtav1enc1d1:amd64 (1.7.0+dfsg-2build1) ...
2026-10-10T12:00:17.1098791Z Selecting previously unselected package libsoxr0:amd64.
2026-10-10T12:00:17.1222934Z Preparing to unpack .../24-libsoxr0_0.1.3-4build3_amd64.deb ...
2026-10-10T12:00:17.1229327Z Unpacking libsoxr0:amd64 (0.1.3-4build3) ...
2026-10-10T12:00:17.1426826Z Selecting previously unselected package libswresample4:amd64.
2026-10-10T12:00:17.1549191Z Preparing to unpack .../25-libswresample4_7%3a6.1.1-3ubuntu5_amd64.deb ...
2026-10-10T12:00:17.1555925Z Unpacking libswresample4:amd64 (7:6.1.1-3ubuntu5) ...
2026-10-10T12:00:17.1748827Z Selecting previously unselected package libtheora0:amd64.
2026-10-10T12:00:17.1867961Z Preparing to unpack .../26-libtheora0_1.1.1+dfsg.1-16.1build3_amd64.deb ...
2026-10-10T12:00:17.1874479Z Unpacking libtheora0:amd64 (1.1.1+dfsg.1-16.1build3) ...
2026-10-10T12:00:17.2092721Z Selecting previously unselected package libtwolame0:amd64.
2026-10-10T12:00:17.2212699Z Preparing to unpack .../27-libtwolame0_0.4.0-2build3_amd64.deb ...
2026-10-10T12:00:17.2220299Z Unpacking libtwolame0:amd64 (0.4.0-2build3) ...
2026-10-10T12:00:17.2412866Z Selecting previously unselected package libvorbisenc2:amd64.
2026-10-10T12:00:17.2538094Z Preparing to unpack .../28-libvorbisenc2_1.3.7-1build3_amd64.deb ...
2026-10-10T12:00:17.2546647Z Unpacking libvorbisenc2:amd64 (1.3.7-1build3) ...
2026-10-10T12:00:17.2756663Z Selecting previously unselected package libvpx9:amd64.
2026-10-10T12:00:17.2875607Z Preparing to unpack .../29-libvpx9_1.14.0-1ubuntu2.3_amd64.deb ...
2026-10-10T12:00:17.2885464Z Unpacking libvpx9:amd64 (1.14.0-1ubuntu2.3) ...
2026-10-10T12:00:17.3191040Z Selecting previously unselected package libx264-164:amd64.
2026-10-10T12:00:17.3311972Z Preparing to unpack .../30-libx264-164_2%3a0.164.3108+git31e19f9-1_amd64.deb ...
2026-10-10T12:00:17.3319382Z Unpacking libx264-164:amd64 (2:0.164.3108+git31e19f9-1) ...
2026-10-10T12:00:17.3576685Z Selecting previously unselected package libx265-199:amd64.
2026-10-10T12:00:17.3696273Z Preparing to unpack .../31-libx265-199_3.5-2build1_amd64.deb ...
2026-10-10T12:00:17.3703772Z Unpacking libx265-199:amd64 (3.5-2build1) ...
2026-10-10T12:00:17.4345910Z Selecting previously unselected package libxvidcore4:amd64.
2026-10-10T12:00:17.4471761Z Preparing to unpack .../32-libxvidcore4_2%3a1.3.7-1build1_amd64.deb ...
2026-10-10T12:00:17.4478572Z Unpacking libxvidcore4:amd64 (2:1.3.7-1build1) ...
2026-10-10T12:00:17.4685177Z Selecting previously unselected package libzvbi-common.
2026-10-10T12:00:17.4810335Z Preparing to unpack .../33-libzvbi-common_0.2.42-2_all.deb ...
2026-10-10T12:00:17.4818086Z Unpacking libzvbi-common (0.2.42-2) ...
2026-10-10T12:00:17.5382466Z Selecting previously unselected package libzvbi0t64:amd64.
2026-10-10T12:00:17.5505016Z Preparing to unpack .../34-libzvbi0t64_0.2.42-2_amd64.deb ...
2026-10-10T12:00:17.5511970Z Unpacking libzvbi0t64:amd64 (0.2.42-2) ...
2026-10-10T12:00:17.5737643Z Selecting previously unselected package libavcodec60:amd64.
2026-10-10T12:00:17.5863193Z Preparing to unpack .../35-libavcodec60_7%3a6.1.1-3ubuntu5_amd64.deb ...
2026-10-10T12:00:17.5872045Z Unpacking libavcodec60:amd64 (7:6.1.1-3ubuntu5) ...
2026-10-10T12:00:17.6786301Z Preparing to unpack .../36-libfreetype6_2.13.2+dfsg-1ubuntu0.2_amd64.deb ...
2026-10-10T12:00:17.6810817Z Unpacking libfreetype6:amd64 (2.13.2+dfsg-1ubuntu0.2) over (2.13.2+dfsg-1ubuntu0.1) ...
2026-10-10T12:00:17.7047393Z Selecting previously unselected package xfonts-encodings.
2026-10-10T12:00:17.7172493Z Preparing to unpack .../37-xfonts-encodings_1%3a1.0.5-0ubuntu2_all.deb ...
2026-10-10T12:00:17.7178394Z Unpacking xfonts-encodings (1:1.0.5-0ubuntu2) ...
2026-10-10T12:00:17.7460875Z Selecting previously unselected package xfonts-utils.
2026-10-10T12:00:17.7584481Z Preparing to unpack .../38-xfonts-utils_1%3a7.7+6build3_amd64.deb ...
2026-10-10T12:00:17.7592415Z Unpacking xfonts-utils (1:7.7+6build3) ...
2026-10-10T12:00:17.8329553Z Selecting previously unselected package xfonts-cyrillic.
2026-10-10T12:00:17.8454380Z Preparing to unpack .../39-xfonts-cyrillic_1%3a1.0.5+nmu1_all.deb ...
2026-10-10T12:00:17.8461510Z Unpacking xfonts-cyrillic (1:1.0.5+nmu1) ...
2026-10-10T12:00:17.8816229Z Selecting previously unselected package xfonts-scalable.
2026-10-10T12:00:17.8942913Z Preparing to unpack .../40-xfonts-scalable_1%3a1.0.3-1.3_all.deb ...
2026-10-10T12:00:17.8948892Z Unpacking xfonts-scalable (1:1.0.3-1.3) ...
2026-10-10T12:00:17.9442384Z Setting up libhwy1t64:amd64 (1.0.7-8.1build1) ...
2026-10-10T12:00:17.9463883Z Setting up libspeex1:amd64 (1.2.1-2ubuntu2.24.04.1) ...
2026-10-10T12:00:17.9481490Z Setting up libshine3:amd64 (3.1.1-2build1) ...
2026-10-10T12:00:17.9533913Z Setting up libvpl2 (2023.3.0-1build1) ...
2026-10-10T12:00:17.9551817Z Setting up libx264-164:amd64 (2:0.164.3108+git31e19f9-1) ...
2026-10-10T12:00:17.9569127Z Setting up libtwolame0:amd64 (0.4.0-2build3) ...
2026-10-10T12:00:17.9586683Z Setting up libgsm1:amd64 (1.0.22-1build1) ...
2026-10-10T12:00:17.9604790Z Setting up libsoxr0:amd64 (0.1.3-4build3) ...
2026-10-10T12:00:17.9622966Z Setting up libcodec2-1.2:amd64 (1.2.0-2build1) ...
2026-10-10T12:00:17.9640498Z Setting up fonts-wqy-zenhei (0.9.45-8) ...
2026-10-10T12:00:17.9751994Z Setting up fonts-freefont-ttf (20211204+svn4273-2) ...
2026-10-10T12:00:17.9769537Z Setting up libsvtav1enc1d1:amd64 (1.7.0+dfsg-2build1) ...
2026-10-10T12:00:17.9787654Z Setting up libxvidcore4:amd64 (2:1.3.7-1build1) ...
2026-10-10T12:00:17.9804337Z Setting up librav1e0:amd64 (0.7.1-2) ...
2026-10-10T12:00:17.9824152Z Setting up librsvg2-2:amd64 (2.58.0+dfsg-1ubuntu0.1) ...
2026-10-10T12:00:17.9843546Z Setting up fonts-tlwg-loma-otf (1:0.7.3-1) ...
2026-10-10T12:00:17.9863138Z Setting up libva2:amd64 (2.20.0-2ubuntu0.2) ...
2026-10-10T12:00:17.9881308Z Setting up libfreetype6:amd64 (2.13.2+dfsg-1ubuntu0.2) ...
2026-10-10T12:00:17.9899373Z Setting up xfonts-encodings (1:1.0.5-0ubuntu2) ...
2026-10-10T12:00:17.9916054Z Setting up libopus0:amd64 (1.4-1build1) ...
2026-10-10T12:00:17.9933193Z Setting up libjxl0.7:amd64 (0.7.0-10.2ubuntu6.1) ...
2026-10-10T12:00:17.9951087Z Setting up libx265-199:amd64 (3.5-2build1) ...
2026-10-10T12:00:17.9969450Z Setting up libvpx9:amd64 (1.14.0-1ubuntu2.3) ...
2026-10-10T12:00:17.9987675Z Setting up libdav1d7:amd64 (1.4.1-1build1) ...
2026-10-10T12:00:18.0005129Z Setting up libva-drm2:amd64 (2.20.0-2ubuntu0.2) ...
2026-10-10T12:00:18.0023805Z Setting up fonts-ipafont-gothic (00303-21ubuntu1) ...
2026-10-10T12:00:18.0089454Z update-alternatives: using /usr/share/fonts/opentype/ipafont-gothic/ipag.ttf to provide /usr/share/fonts/truetype/fonts-japanese-gothic.ttf (fonts-japanese-gothic.ttf) in auto mode
2026-10-10T12:00:18.0103340Z Setting up ocl-icd-libopencl1:amd64 (2.3.2-1build1) ...
2026-10-10T12:00:18.0120093Z Setting up libvdpau1:amd64 (1.5-2build1) ...
2026-10-10T12:00:18.0146596Z Setting up libtheora0:amd64 (1.1.1+dfsg.1-16.1build3) ...
2026-10-10T12:00:18.0164477Z Setting up libva-x11-2:amd64 (2.20.0-2ubuntu0.2) ...
2026-10-10T12:00:18.0181242Z Setting up libzvbi-common (0.2.42-2) ...
2026-10-10T12:00:18.0200522Z Setting up libmp3lame0:amd64 (3.100-6build1) ...
2026-10-10T12:00:18.0217429Z Setting up libvorbisenc2:amd64 (1.3.7-1build3) ...
2026-10-10T12:00:18.0234199Z Setting up fonts-unifont (1:15.1.01-1build1) ...
2026-10-10T12:00:18.0250466Z Setting up libzvbi0t64:amd64 (0.2.42-2) ...
2026-10-10T12:00:18.0267604Z Setting up libavutil58:amd64 (7:6.1.1-3ubuntu5) ...
2026-10-10T12:00:18.0284917Z Setting up xfonts-utils (1:7.7+6build3) ...
2026-10-10T12:00:18.0340584Z Setting up libswresample4:amd64 (7:6.1.1-3ubuntu5) ...
2026-10-10T12:00:18.0359789Z Setting up libavcodec60:amd64 (7:6.1.1-3ubuntu5) ...
2026-10-10T12:00:18.0377318Z Setting up xfonts-cyrillic (1:1.0.5+nmu1) ...
2026-10-10T12:00:18.0692494Z Setting up xfonts-scalable (1:1.0.3-1.3) ...
2026-10-10T12:00:18.0954045Z Processing triggers for libc-bin (2.39-0ubuntu8.9) ...
2026-10-10T12:00:18.1566076Z Processing triggers for man-db (2.12.0-4build2) ...
2026-10-10T12:00:18.1584580Z Not building database; man-db/auto-update is not 'true'.
2026-10-10T12:00:18.1596353Z Processing triggers for fontconfig (2.15.0-1.1ubuntu2) ...
2026-10-10T12:00:18.9421744Z 
2026-10-10T12:00:18.9422667Z Running kernel seems to be up-to-date.
2026-10-10T12:00:18.9423146Z 
2026-10-10T12:00:18.9423320Z Restarting services...
2026-10-10T12:00:18.9496743Z  systemctl restart php8.3-fpm.service
2026-10-10T12:00:19.0510666Z 
2026-10-10T12:00:19.0512644Z No containers need to be restarted.
2026-10-10T12:00:19.0513062Z 
2026-10-10T12:00:19.0513432Z No user sessions are running outdated binaries.
2026-10-10T12:00:19.0513814Z 
2026-10-10T12:00:19.0514231Z No VM guests are running outdated hypervisor (qemu) binaries on this host.
2026-10-10T12:00:19.8628354Z Downloading Chrome for Testing 153.0.8010.12 (playwright chromium v1243) from https://cdn.playwright.dev/builds/cft/153.0.8010.12/linux64/chrome-linux64.zip
2026-10-10T12:00:20.2730699Z |                                                                                |   0% of 186.8 MiB
2026-10-10T12:00:20.4807666Z |■■■■■■■■                                                                        |  10% of 186.8 MiB
2026-10-10T12:00:20.6214638Z |■■■■■■■■■■■■■■■■                                                                |  20% of 186.8 MiB
2026-10-10T12:00:20.7546818Z |■■■■■■■■■■■■■■■■■■■■■■■■                                                        |  30% of 186.8 MiB
2026-10-10T12:00:20.9026335Z |■■■■■■■■■■■■■■■■■■■■■■■■■■■■■■■■                                                |  40% of 186.8 MiB
2026-10-10T12:00:20.9999912Z |■■■■■■■■■■■■■■■■■■■■■■■■■■■■■■■■■■■■■■■■                                        |  50% of 186.8 MiB
2026-10-10T12:00:21.1305913Z |■■■■■■■■■■■■■■■■■■■■■■■■■■■■■■■■■■■■■■■■■■■■■■■■                                |  60% of 186.8 MiB
2026-10-10T12:00:21.2900776Z |■■■■■■■■■■■■■■■■■■■■■■■■■■■■■■■■■■■■■■■■■■■■■■■■■■■■■■■■                        |  70% of 186.8 MiB
2026-10-10T12:00:21.4067550Z |■■■■■■■■■■■■■■■■■■■■■■■■■■■■■■■■■■■■■■■■■■■■■■■■■■■■■■■■■■■■■■■■                |  80% of 186.8 MiB
2026-10-10T12:00:21.4837067Z |■■■■■■■■■■■■■■■■■■■■■■■■■■■■■■■■■■■■■■■■■■■■■■■■■■■■■■■■■■■■■■■■■■■■■■■■        |  90% of 186.8 MiB
2026-10-10T12:00:21.6431878Z |■■■■■■■■■■■■■■■■■■■■■■■■■■■■■■■■■■■■■■■■■■■■■■■■■■■■■■■■■■■■■■■■■■■■■■■■■■■■■■■■| 100% of 186.8 MiB
2026-10-10T12:00:24.7224317Z Chrome for Testing 153.0.8010.12 (playwright chromium v1243) downloaded to /home/runner/.cache/ms-playwright/chromium-1243
2026-10-10T12:00:24.7228098Z Downloading FFmpeg (playwright ffmpeg v1011) from https://cdn.playwright.dev/dbazure/download/playwright/builds/ffmpeg/1011/ffmpeg-linux.zip
2026-10-10T12:00:25.0871516Z |                                                                                |   0% of 2.3 MiB
2026-10-10T12:00:25.0962586Z |■■■■■■■■                                                                        |  10% of 2.3 MiB
2026-10-10T12:00:25.1030164Z |■■■■■■■■■■■■■■■■                                                                |  20% of 2.3 MiB
2026-10-10T12:00:25.1100574Z |■■■■■■■■■■■■■■■■■■■■■■■■                                                        |  30% of 2.3 MiB
2026-10-10T12:00:25.1137376Z |■■■■■■■■■■■■■■■■■■■■■■■■■■■■■■■■                                                |  40% of 2.3 MiB
2026-10-10T12:00:25.1158134Z |■■■■■■■■■■■■■■■■■■■■■■■■■■■■■■■■■■■■■■■■                                        |  50% of 2.3 MiB
2026-10-10T12:00:25.1195753Z |■■■■■■■■■■■■■■■■■■■■■■■■■■■■■■■■■■■■■■■■■■■■■■■■                                |  60% of 2.3 MiB
2026-10-10T12:00:25.1211873Z |■■■■■■■■■■■■■■■■■■■■■■■■■■■■■■■■■■■■■■■■■■■■■■■■■■■■■■■■                        |  70% of 2.3 MiB
2026-10-10T12:00:25.1222619Z |■■■■■■■■■■■■■■■■■■■■■■■■■■■■■■■■■■■■■■■■■■■■■■■■■■■■■■■■■■■■■■■■                |  80% of 2.3 MiB
2026-10-10T12:00:25.1245692Z |■■■■■■■■■■■■■■■■■■■■■■■■■■■■■■■■■■■■■■■■■■■■■■■■■■■■■■■■■■■■■■■■■■■■■■■■        |  90% of 2.3 MiB
2026-10-10T12:00:25.1257282Z |■■■■■■■■■■■■■■■■■■■■■■■■■■■■■■■■■■■■■■■■■■■■■■■■■■■■■■■■■■■■■■■■■■■■■■■■■■■■■■■■| 100% of 2.3 MiB
2026-10-10T12:00:25.1865837Z FFmpeg (playwright ffmpeg v1011) downloaded to /home/runner/.cache/ms-playwright/ffmpeg-1011
2026-10-10T12:00:25.1869056Z Downloading Chrome Headless Shell 153.0.8010.12 (playwright chromium-headless-shell v1243) from https://cdn.playwright.dev/builds/cft/153.0.8010.12/linux64/chrome-headless-shell-linux64.zip
2026-10-10T12:00:25.5644093Z |                                                                                |   0% of 114.3 MiB
2026-10-10T12:00:25.6664932Z |■■■■■■■■                                                                        |  10% of 114.3 MiB
2026-10-10T12:00:25.7367527Z |■■■■■■■■■■■■■■■■                                                                |  20% of 114.3 MiB
2026-10-10T12:00:25.7943089Z |■■■■■■■■■■■■■■■■■■■■■■■■                                                        |  30% of 114.3 MiB
2026-10-10T12:00:25.8549406Z |■■■■■■■■■■■■■■■■■■■■■■■■■■■■■■■■                                                |  40% of 114.3 MiB
2026-10-10T12:00:25.9160032Z |■■■■■■■■■■■■■■■■■■■■■■■■■■■■■■■■■■■■■■■■                                        |  50% of 114.3 MiB
2026-10-10T12:00:25.9696274Z |■■■■■■■■■■■■■■■■■■■■■■■■■■■■■■■■■■■■■■■■■■■■■■■■                                |  60% of 114.3 MiB
2026-10-10T12:00:26.0368023Z |■■■■■■■■■■■■■■■■■■■■■■■■■■■■■■■■■■■■■■■■■■■■■■■■■■■■■■■■                        |  70% of 114.3 MiB
2026-10-10T12:00:26.0854727Z |■■■■■■■■■■■■■■■■■■■■■■■■■■■■■■■■■■■■■■■■■■■■■■■■■■■■■■■■■■■■■■■■                |  80% of 114.3 MiB
2026-10-10T12:00:26.1435895Z |■■■■■■■■■■■■■■■■■■■■■■■■■■■■■■■■■■■■■■■■■■■■■■■■■■■■■■■■■■■■■■■■■■■■■■■■        |  90% of 114.3 MiB
2026-10-10T12:00:26.2137209Z |■■■■■■■■■■■■■■■■■■■■■■■■■■■■■■■■■■■■■■■■■■■■■■■■■■■■■■■■■■■■■■■■■■■■■■■■■■■■■■■■| 100% of 114.3 MiB
2026-10-10T12:00:28.4566540Z Chrome Headless Shell 153.0.8010.12 (playwright chromium-headless-shell v1243) downloaded to /home/runner/.cache/ms-playwright/chromium_headless_shell-1243
2026-10-10T12:00:28.4569481Z Downloading Firefox 155.0 (playwright firefox v1543) from https://cdn.playwright.dev/dbazure/download/playwright/builds/firefox/1543/firefox-ubuntu-24.04.zip
2026-10-10T12:00:28.8215026Z |                                                                                |   0% of 109.5 MiB
2026-10-10T12:00:29.2246995Z |■■■■■■■■                                                                        |  10% of 109.5 MiB
2026-10-10T12:00:29.5854906Z |■■■■■■■■■■■■■■■■                                                                |  20% of 109.5 MiB
2026-10-10T12:00:29.7780521Z |■■■■■■■■■■■■■■■■■■■■■■■■                                                        |  30% of 109.5 MiB
2026-10-10T12:00:30.1953938Z |■■■■■■■■■■■■■■■■■■■■■■■■■■■■■■■■                                                |  40% of 109.5 MiB
2026-10-10T12:00:30.4759721Z |■■■■■■■■■■■■■■■■■■■■■■■■■■■■■■■■■■■■■■■■                                        |  50% of 109.5 MiB
2026-10-10T12:00:31.0371663Z |■■■■■■■■■■■■■■■■■■■■■■■■■■■■■■■■■■■■■■■■■■■■■■■■                                |  60% of 109.5 MiB
2026-10-10T12:00:31.6361997Z |■■■■■■■■■■■■■■■■■■■■■■■■■■■■■■■■■■■■■■■■■■■■■■■■■■■■■■■■                        |  70% of 109.5 MiB
2026-10-10T12:00:31.8957595Z |■■■■■■■■■■■■■■■■■■■■■■■■■■■■■■■■■■■■■■■■■■■■■■■■■■■■■■■■■■■■■■■■                |  80% of 109.5 MiB
2026-10-10T12:00:32.1589028Z |■■■■■■■■■■■■■■■■■■■■■■■■■■■■■■■■■■■■■■■■■■■■■■■■■■■■■■■■■■■■■■■■■■■■■■■■        |  90% of 109.5 MiB
2026-10-10T12:00:32.2999589Z |■■■■■■■■■■■■■■■■■■■■■■■■■■■■■■■■■■■■■■■■■■■■■■■■■■■■■■■■■■■■■■■■■■■■■■■■■■■■■■■■| 100% of 109.5 MiB
2026-10-10T12:00:34.4561376Z Firefox 155.0 (playwright firefox v1543) downloaded to /home/runner/.cache/ms-playwright/firefox-1543
2026-10-10T12:00:34.6576207Z ##[group]Run npm run verify
2026-10-10T12:00:34.6576534Z [36;1mnpm run verify[0m
2026-10-10T12:00:34.6641375Z shell: /usr/bin/bash -e {0}
2026-10-10T12:00:34.6641700Z ##[endgroup]
2026-10-10T12:00:34.7721782Z 
2026-10-10T12:00:34.7722495Z > botsales-frontend@0.1.0 verify
2026-10-10T12:00:34.7724467Z > npm run generate:check && npm run test:source && npm run boundaries && npm run lint && npm run typecheck && npm run test:domain && npm test && npm run build && npm run test:layout && npm run test:visual-tokens && npm run test:ui-composition && npm run test:evidence
2026-10-10T12:00:34.7725810Z 
2026-10-10T12:00:34.8671060Z 
2026-10-10T12:00:34.8671571Z > botsales-frontend@0.1.0 generate:check
2026-10-10T12:00:34.8672639Z > node scripts/generate.mjs --check
2026-10-10T12:00:34.8672961Z 
2026-10-10T12:00:35.0458850Z {"status":"PASS","outputs":15,"schemas":346,"operations":245,"routes":61}
2026-10-10T12:00:35.1576542Z 
2026-10-10T12:00:35.1577257Z > botsales-frontend@0.1.0 test:source
2026-10-10T12:00:35.1578211Z > node scripts/check-source.mjs && node --test tests/source-checker.test.mjs
2026-10-10T12:00:35.1578683Z 
2026-10-10T12:00:35.7113602Z {
2026-10-10T12:00:35.7114238Z   "checkedAt": "2026-10-10T12:00:35.708Z",
2026-10-10T12:00:35.7115623Z   "scope": "Syntax, operation identifiers, route-source mapping, permissions and token adoption. NOT React typecheck, build or browser test.",
2026-10-10T12:00:35.7116813Z   "compiler": "5.9.2",
2026-10-10T12:00:35.7117308Z   "compilerSource": "project dependency",
2026-10-10T12:00:35.7118147Z   "files": 85,
2026-10-10T12:00:35.7118526Z   "operationCalls": 262,
2026-10-10T12:00:35.7118928Z   "routes": 61,
2026-10-10T12:00:35.7119296Z   "issues": [],
2026-10-10T12:00:35.7119708Z   "status": "PASS"
2026-10-10T12:00:35.7120096Z }
2026-10-10T12:00:36.2450888Z ✔ module path classification accepts Windows and POSIX spellings, but excludes app files (1.235184ms)
2026-10-10T12:00:36.2459094Z ✔ the source-checker CLI rejects a prohibited color literal in a module (220.095134ms)
2026-10-10T12:00:36.2464414Z ✔ the source-checker CLI accepts a token-based module and leaves app-level colors outside the rule (209.548875ms)
2026-10-10T12:00:36.2555741Z ℹ tests 3
2026-10-10T12:00:36.2556149Z ℹ suites 0
2026-10-10T12:00:36.2556514Z ℹ pass 3
2026-10-10T12:00:36.2556865Z ℹ fail 0
2026-10-10T12:00:36.2557222Z ℹ cancelled 0
2026-10-10T12:00:36.2558316Z ℹ skipped 0
2026-10-10T12:00:36.2558699Z ℹ todo 0
2026-10-10T12:00:36.2559130Z ℹ duration_ms 494.781025
2026-10-10T12:00:36.3638476Z 
2026-10-10T12:00:36.3639134Z > botsales-frontend@0.1.0 boundaries
2026-10-10T12:00:36.3639699Z > node scripts/check-boundaries.mjs
2026-10-10T12:00:36.3639974Z 
2026-10-10T12:00:39.0620013Z {
2026-10-10T12:00:39.0620414Z   "checkedAt": "2026-10-10T12:00:39.059Z",
2026-10-10T12:00:39.0621265Z   "scope": "AST imports resolve aliases/relative paths, module boundaries and cycles; parser diagnostics are errors",
2026-10-10T12:00:39.0621979Z   "files": 85,
2026-10-10T12:00:39.0622801Z   "imports": 722,
2026-10-10T12:00:39.0624011Z   "negativeFixtures": "Boundary fixtures: PASS 10/10 scenarios (allowed shared/public imports, alias, relative, app deep import, type-only, dynamic, unresolved, cycle, parser error).",
2026-10-10T12:00:39.0625052Z   "status": "PASS",
2026-10-10T12:00:39.0625345Z   "issues": []
2026-10-10T12:00:39.0625616Z }
2026-10-10T12:00:39.1802738Z 
2026-10-10T12:00:39.1803397Z > botsales-frontend@0.1.0 lint
2026-10-10T12:00:39.1804138Z > eslint apps/web/src --max-warnings 0
2026-10-10T12:00:39.1804538Z 
2026-10-10T12:00:42.6669487Z 
2026-10-10T12:00:42.6670148Z > botsales-frontend@0.1.0 typecheck
2026-10-10T12:00:42.6670831Z > tsc -p apps/web/tsconfig.json --noEmit
2026-10-10T12:00:42.6671114Z 
2026-10-10T12:00:50.1149815Z 
2026-10-10T12:00:50.1150437Z > botsales-frontend@0.1.0 test:domain
2026-10-10T12:00:50.1150947Z > node scripts/test-domain.mjs
2026-10-10T12:00:50.1151174Z 
2026-10-10T12:00:57.8766432Z {"status":"PASS","simulatorChecks":86,"networkChecks":31,"networkHandlers":245,"passed":117,"operations":100,"node":"v24.21.0","typescript":"5.9.2"}
2026-10-10T12:00:58.0217978Z 
2026-10-10T12:00:58.0218545Z > botsales-frontend@0.1.0 test
2026-10-10T12:00:58.0219009Z > vitest run --config apps/web/vitest.config.ts
2026-10-10T12:00:58.0219267Z 
2026-10-10T12:00:58.3116494Z 
2026-10-10T12:00:58.3118726Z [1m[30m[46m RUN [49m[39m[22m [36mv5.0.3 [39m[90m/home/runner/work/Bot-AI-Ban-hang-FB/Bot-AI-Ban-hang-FB/BotSalesAI_Frontend[39m
2026-10-10T12:00:58.3119895Z 
2026-10-10T12:01:00.5595358Z  [32m✓[39m apps/web/tests/api-client.test.tsx [2m([22m[2m25 tests[22m[2m)[22m[33m 904[2mms[22m[39m
2026-10-10T12:01:00.5613152Z    [32m✓[39m typed HTTP boundary [2m(25)[22m
2026-10-10T12:01:00.5639007Z      [33m[2m✓[22m[39m waits for command completion after HTTP 202 before resolving useCommand[33m 421[2mms[22m[39m
2026-10-10T12:01:00.5661680Z      [33m[2m✓[22m[39m keeps an accepted command unresolved when command status polling fails[33m 410[2mms[22m[39m
2026-10-10T12:01:02.0604069Z  [32m✓[39m apps/web/tests/purchase-delegation.test.ts [2m([22m[2m7 tests[22m[2m)[22m[32m 163[2mms[22m[39m
2026-10-10T12:01:02.6985692Z [90mstderr[2m | apps/web/tests/shared-ui-render-contract.test.tsx[2m > [22m[2mS10 shared component rendered-slot contract[2m > [22m[2mEditDialog guards custom actions and the Escape close path for dirty and busy states
2026-10-10T12:01:02.7005361Z [22m[39mAn update to ForwardRef(FormControl) inside a test was not wrapped in act(...).
2026-10-10T12:01:02.7008664Z 
2026-10-10T12:01:02.7009529Z When testing, code that causes React state updates should be wrapped into act(...):
2026-10-10T12:01:02.7010404Z 
2026-10-10T12:01:02.7010749Z act(() => {
2026-10-10T12:01:02.7011376Z   /* fire events that update state */
2026-10-10T12:01:02.7012072Z });
2026-10-10T12:01:02.7012982Z /* assert on the output */
2026-10-10T12:01:02.7013491Z 
2026-10-10T12:01:02.7014846Z This ensures that you're testing the behavior the user would see in the browser. Learn more at https://react.dev/link/wrap-tests-with-act
2026-10-10T12:01:02.7016696Z An update to ForwardRef(FormControl) inside a test was not wrapped in act(...).
2026-10-10T12:01:02.7017526Z 
2026-10-10T12:01:02.7018346Z When testing, code that causes React state updates should be wrapped into act(...):
2026-10-10T12:01:02.7019153Z 
2026-10-10T12:01:02.7019481Z act(() => {
2026-10-10T12:01:02.7020161Z   /* fire events that update state */
2026-10-10T12:01:02.7020905Z });
2026-10-10T12:01:02.7021495Z /* assert on the output */
2026-10-10T12:01:02.7022068Z 
2026-10-10T12:01:02.7023700Z This ensures that you're testing the behavior the user would see in the browser. Learn more at https://react.dev/link/wrap-tests-with-act
2026-10-10T12:01:02.7024907Z 
2026-10-10T12:01:02.7027163Z [90mstderr[2m | apps/web/tests/shared-ui-render-contract.test.tsx[2m > [22m[2mS10 shared component rendered-slot contract[2m > [22m[2mEditDialog guards custom actions and the Escape close path for dirty and busy states
2026-10-10T12:01:02.7030486Z [22m[39mA component suspended inside an `act` scope, but the `act` call was not awaited. When testing React components that depend on asynchronous data, you must await the result:
2026-10-10T12:01:02.7042494Z 
2026-10-10T12:01:02.7042946Z await act(() => ...)
2026-10-10T12:01:02.7043520Z 
2026-10-10T12:01:03.1255994Z  [32m✓[39m apps/web/tests/privacy-consent.test.ts [2m([22m[2m6 tests[22m[2m)[22m[32m 127[2mms[22m[39m
2026-10-10T12:01:03.2636955Z [90mstderr[2m | apps/web/tests/shared-ui-render-contract.test.tsx[2m > [22m[2mS10 shared component rendered-slot contract[2m > [22m[2mEditDialog guards custom actions and the backdrop close path for dirty and busy states
2026-10-10T12:01:03.2640491Z [22m[39mAn update to ForwardRef(FormControl) inside a test was not wrapped in act(...).
2026-10-10T12:01:03.2641314Z 
2026-10-10T12:01:03.2643451Z When testing, code that causes React state updates should be wrapped into act(...):
2026-10-10T12:01:03.2644518Z 
2026-10-10T12:01:03.2645237Z act(() => {
2026-10-10T12:01:03.2645878Z   /* fire events that update state */
2026-10-10T12:01:03.2646505Z });
2026-10-10T12:01:03.2647031Z /* assert on the output */
2026-10-10T12:01:03.2647454Z 
2026-10-10T12:01:03.2648554Z This ensures that you're testing the behavior the user would see in the browser. Learn more at https://react.dev/link/wrap-tests-with-act
2026-10-10T12:01:03.2650096Z An update to ForwardRef(FormControl) inside a test was not wrapped in act(...).
2026-10-10T12:01:03.2650800Z 
2026-10-10T12:01:03.2651508Z When testing, code that causes React state updates should be wrapped into act(...):
2026-10-10T12:01:03.2652448Z 
2026-10-10T12:01:03.2652795Z act(() => {
2026-10-10T12:01:03.2653380Z   /* fire events that update state */
2026-10-10T12:01:03.2653991Z });
2026-10-10T12:01:03.2654540Z /* assert on the output */
2026-10-10T12:01:03.2654960Z 
2026-10-10T12:01:03.2656116Z This ensures that you're testing the behavior the user would see in the browser. Learn more at https://react.dev/link/wrap-tests-with-act
2026-10-10T12:01:03.2657309Z 
2026-10-10T12:01:04.8194124Z  [32m✓[39m apps/web/tests/command-lifetime.test.tsx [2m([22m[2m11 tests[22m[2m)[22m[32m 275[2mms[22m[39m
2026-10-10T12:01:06.0931444Z  [32m✓[39m apps/web/tests/media-inbox.test.ts [2m([22m[2m6 tests[22m[2m)[22m[32m 141[2mms[22m[39m
2026-10-10T12:01:06.1727524Z  [32m✓[39m apps/web/tests/shared-ui-render-contract.test.tsx [2m([22m[2m54 tests[22m[2m)[22m[33m 6065[2mms[22m[39m
2026-10-10T12:01:06.1729566Z    [32m✓[39m S10 shared component rendered-slot contract [2m(30)[22m
2026-10-10T12:01:06.1732434Z      [33m[2m✓[22m[39m DraftConflict requires a two-sided choice, excludes hidden data, and applies only to the draft[33m 726[2mms[22m[39m
2026-10-10T12:01:06.1734818Z      [33m[2m✓[22m[39m EditDialog guards custom actions and the footer close path for dirty and busy states[33m 545[2mms[22m[39m
2026-10-10T12:01:06.1737053Z      [33m[2m✓[22m[39m EditDialog guards custom actions and the icon close path for dirty and busy states[33m 513[2mms[22m[39m
2026-10-10T12:01:06.1739241Z      [33m[2m✓[22m[39m EditDialog guards custom actions and the Escape close path for dirty and busy states[33m 567[2mms[22m[39m
2026-10-10T12:01:06.1741334Z      [33m[2m✓[22m[39m EditDialog guards custom actions and the backdrop close path for dirty and busy states[33m 502[2mms[22m[39m
2026-10-10T12:01:06.1745496Z      [33m[2m✓[22m[39m EditDialog clears stale controls from its baseline after a successful save removes the form[33m 382[2mms[22m[39m
2026-10-10T12:01:06.1779122Z      [33m[2m✓[22m[39m ConfirmDialog validates the reason and keeps a rejected action visible[33m 1367[2mms[22m[39m
2026-10-10T12:01:08.2594807Z  [32m✓[39m apps/web/tests/scope-events.test.tsx [2m([22m[2m18 tests[22m[2m)[22m[32m 102[2mms[22m[39m
2026-10-10T12:01:09.1719703Z  [32m✓[39m apps/web/tests/versioned-draft.test.tsx [2m([22m[2m7 tests[22m[2m)[22m[32m 39[2mms[22m[39m
2026-10-10T12:01:09.6372838Z  [32m✓[39m apps/web/tests/states/fe023-state.test.tsx [2m([22m[2m12 tests[22m[2m)[22m[33m 1636[2mms[22m[39m
2026-10-10T12:01:09.6374876Z    [32m✓[39m FE023 shared state and form behavior [2m(12)[22m
2026-10-10T12:01:09.6376795Z      [33m[2m✓[22m[39m asks before closing a dialog with a dirty field and keeps the field until discard is chosen[33m 1129[2mms[22m[39m
2026-10-10T12:01:09.8720683Z  [32m✓[39m apps/web/tests/fe021-source-map.test.ts [2m([22m[2m3 tests[22m[2m)[22m[32m 10[2mms[22m[39m
2026-10-10T12:01:10.4827125Z  [32m✓[39m apps/web/tests/marketing-report.test.ts [2m([22m[2m11 tests[22m[2m)[22m[32m 36[2mms[22m[39m
2026-10-10T12:01:11.2276616Z  [32m✓[39m apps/web/tests/timezone.test.ts [2m([22m[2m10 tests[22m[2m)[22m[32m 35[2mms[22m[39m
2026-10-10T12:01:11.7552075Z [BABEL] Note: The code generator has deoptimised the styling of /tmp/botsales-vite-cache/2fbc71299afedf720605/direct-vite/3990/deps/react-dom_client.js?v=84b39358 as it exceeds the max of 500KB.
2026-10-10T12:01:11.7590797Z  [32m✓[39m apps/web/tests/components.test.tsx [2m([22m[2m25 tests[22m[2m)[22m[33m 11634[2mms[22m[39m
2026-10-10T12:01:11.7591796Z    [32m✓[39m Accessible shared presentation [2m(19)[22m
2026-10-10T12:01:11.7593548Z      [33m[2m✓[22m[39m clears search, cursor, and returns focus while preserving other filters[33m 365[2mms[22m[39m
2026-10-10T12:01:11.7654337Z      [33m[2m✓[22m[39m associates form errors with the visible label and returns focus after dialog close[33m 330[2mms[22m[39m
2026-10-10T12:01:11.7656353Z      [33m[2m✓[22m[39m reflows the real mock application from 320px to 1440px and passes browser axe[33m 9600[2mms[22m[39m
2026-10-10T12:01:12.1483290Z  [32m✓[39m apps/web/tests/confirmation.test.tsx [2m([22m[2m4 tests[22m[2m)[22m[33m 722[2mms[22m[39m
2026-10-10T12:01:12.7964490Z  [32m✓[39m apps/web/tests/report-utils.test.ts [2m([22m[2m6 tests[22m[2m)[22m[32m 28[2mms[22m[39m
2026-10-10T12:01:12.8684397Z  [32m✓[39m apps/web/tests/format.test.ts [2m([22m[2m12 tests[22m[2m)[22m[32m 51[2mms[22m[39m
2026-10-10T12:01:13.3892843Z  [32m✓[39m apps/web/tests/composition.test.tsx [2m([22m[2m3 tests[22m[2m)[22m[33m 451[2mms[22m[39m
2026-10-10T12:01:13.6265398Z  [32m✓[39m apps/web/tests/domain-labels.test.ts [2m([22m[2m3 tests[22m[2m)[22m[32m 21[2mms[22m[39m
2026-10-10T12:01:13.6553381Z  [32m✓[39m apps/web/tests/catalog-import-file.test.ts [2m([22m[2m5 tests[22m[2m)[22m[32m 6[2mms[22m[39m
2026-10-10T12:01:14.0849048Z  [32m✓[39m apps/web/tests/push-capabilities.test.ts [2m([22m[2m2 tests[22m[2m)[22m[32m 6[2mms[22m[39m
2026-10-10T12:01:14.5232090Z  [32m✓[39m apps/web/tests/list-return.test.ts [2m([22m[2m3 tests[22m[2m)[22m[32m 7[2mms[22m[39m
2026-10-10T12:01:14.7686379Z  [32m✓[39m apps/web/tests/route-metadata.test.ts [2m([22m[2m2 tests[22m[2m)[22m[32m 41[2mms[22m[39m
2026-10-10T12:01:15.0559286Z  [32m✓[39m apps/web/tests/dashboard-labels.test.ts [2m([22m[2m3 tests[22m[2m)[22m[32m 5[2mms[22m[39m
2026-10-10T12:01:15.0601249Z 
2026-10-10T12:01:15.0613260Z [2m Test Files [22m [1m[32m23 passed[39m[22m[90m (23)[39m
2026-10-10T12:01:15.0613905Z [2m      Tests [22m [1m[32m238 passed[39m[22m[90m (238)[39m
2026-10-10T12:01:15.0614352Z [2m   Start at [22m 12:00:58
2026-10-10T12:01:15.0624021Z [2m   Duration [22m 16.74s[2m (tests 49%, environment 26%, import 17%, setup 5%, transform 3%)[22m
2026-10-10T12:01:15.0625308Z 
2026-10-10T12:01:15.0627822Z [2mEnvironment [22m [33mjsdom was created 23 times[39m[2m · 11.77s total, 26% of tracked time[22m
2026-10-10T12:01:15.0630204Z [2m            [22m [2mcreate it once per worker with [22m[33mpool: 'vmThreads'[39m[2m (keeps per-file isolation) or [22m[33misolate: false[39m[2m (shares it across files)[22m
2026-10-10T12:01:15.0632638Z [2m            [22m [2mlearn more: https://vitest.dev/guide/improving-performance#test-environments[22m
2026-10-10T12:01:15.0633375Z 
2026-10-10T12:01:15.2025711Z 
2026-10-10T12:01:15.2026352Z > botsales-frontend@0.1.0 build
2026-10-10T12:01:15.2027244Z > npm run generate:check && npm run typecheck && npm run build --workspace @botsales/web
2026-10-10T12:01:15.2027705Z 
2026-10-10T12:01:15.2981812Z 
2026-10-10T12:01:15.2982336Z > botsales-frontend@0.1.0 generate:check
2026-10-10T12:01:15.2983244Z > node scripts/generate.mjs --check
2026-10-10T12:01:15.2983528Z 
2026-10-10T12:01:15.4832478Z {"status":"PASS","outputs":15,"schemas":346,"operations":245,"routes":61}
2026-10-10T12:01:15.5941892Z 
2026-10-10T12:01:15.5942761Z > botsales-frontend@0.1.0 typecheck
2026-10-10T12:01:15.5943432Z > tsc -p apps/web/tsconfig.json --noEmit
2026-10-10T12:01:15.5943708Z 
2026-10-10T12:01:22.9320557Z 
2026-10-10T12:01:22.9321130Z > @botsales/web@0.1.0 build
2026-10-10T12:01:22.9321825Z > vite build --mode production
2026-10-10T12:01:22.9322235Z 
2026-10-10T12:01:23.1368321Z [36mvite v7.3.6 [32mbuilding client environment for production...[36m[39m
2026-10-10T12:01:23.2122951Z transforming...
2026-10-10T12:01:28.6900124Z [32m✓[39m 2077 modules transformed.
2026-10-10T12:01:29.2603451Z rendering chunks...
2026-10-10T12:01:29.4508150Z computing gzip size...
2026-10-10T12:01:29.4903889Z [2mdist/[22m[32mindex.html                            [39m[1m[2m  1.23 kB[22m[1m[22m[2m │ gzip:   0.61 kB[22m
2026-10-10T12:01:29.4963588Z [2mdist/[22m[2massets/[22m[35mindex-BQPx7lJM.css             [39m[1m[2m  3.56 kB[22m[1m[22m[2m │ gzip:   1.33 kB[22m
2026-10-10T12:01:29.4976673Z [2mdist/[22m[2massets/[22m[36mdownload-8lJFmiSZ.js           [39m[1m[2m  0.23 kB[22m[1m[22m[2m │ gzip:   0.17 kB[22m
2026-10-10T12:01:29.5053392Z [2mdist/[22m[2massets/[22m[36mfilters-CM07jGKE.js            [39m[1m[2m  0.32 kB[22m[1m[22m[2m │ gzip:   0.25 kB[22m
2026-10-10T12:01:29.5077382Z [2mdist/[22m[2massets/[22m[36mhooks-L2nh8X7I.js              [39m[1m[2m  4.59 kB[22m[1m[22m[2m │ gzip:   2.15 kB[22m
2026-10-10T12:01:29.5143399Z [2mdist/[22m[2massets/[22m[36mdraft-conflict-CQUoJQ4o.js     [39m[1m[2m  5.37 kB[22m[1m[22m[2m │ gzip:   2.49 kB[22m
2026-10-10T12:01:29.5173298Z [2mdist/[22m[2massets/[22m[36mindex-mquMxiPF.js              [39m[1m[2m  8.25 kB[22m[1m[22m[2m │ gzip:   3.27 kB[22m
2026-10-10T12:01:29.5203533Z [2mdist/[22m[2massets/[22m[36mindex-CiWOs-TV.js              [39m[1m[2m  9.42 kB[22m[1m[22m[2m │ gzip:   3.73 kB[22m
2026-10-10T12:01:29.5233291Z [2mdist/[22m[2massets/[22m[36mindex-DQGrQuEv.js              [39m[1m[2m 13.14 kB[22m[1m[22m[2m │ gzip:   5.19 kB[22m
2026-10-10T12:01:29.5293333Z [2mdist/[22m[2massets/[22m[36mindex-OVGPogNo.js              [39m[1m[2m 15.39 kB[22m[1m[22m[2m │ gzip:   5.90 kB[22m
2026-10-10T12:01:29.5353282Z [2mdist/[22m[2massets/[22m[36mindex-Bd9mcE3C.js              [39m[1m[2m 16.98 kB[22m[1m[22m[2m │ gzip:   5.58 kB[22m
2026-10-10T12:01:29.5354923Z [2mdist/[22m[2massets/[22m[36mindex-Bg61UgeK.js              [39m[1m[2m 16.99 kB[22m[1m[22m[2m │ gzip:   5.81 kB[22m
2026-10-10T12:01:29.5413287Z [2mdist/[22m[2massets/[22m[36mindex-PCRh2M1X.js              [39m[1m[2m 18.85 kB[22m[1m[22m[2m │ gzip:   6.33 kB[22m
2026-10-10T12:01:29.5473252Z [2mdist/[22m[2massets/[22m[36mindex-BUtDDvPf.js              [39m[1m[2m 19.08 kB[22m[1m[22m[2m │ gzip:   7.02 kB[22m
2026-10-10T12:01:29.5503242Z [2mdist/[22m[2massets/[22m[36mindex-CvmCKMdV.js              [39m[1m[2m 20.90 kB[22m[1m[22m[2m │ gzip:   6.92 kB[22m
2026-10-10T12:01:29.5563316Z [2mdist/[22m[2massets/[22m[36mindex-Dzt3sNfY.js              [39m[1m[2m 21.23 kB[22m[1m[22m[2m │ gzip:   7.65 kB[22m
2026-10-10T12:01:29.5593246Z [2mdist/[22m[2massets/[22m[36mindex-RfTtRmBG.js              [39m[1m[2m 24.80 kB[22m[1m[22m[2m │ gzip:   8.25 kB[22m
2026-10-10T12:01:29.5623336Z [2mdist/[22m[2massets/[22m[36mindex-DWs4xu4k.js              [39m[1m[2m 25.06 kB[22m[1m[22m[2m │ gzip:   8.46 kB[22m
2026-10-10T12:01:29.5683299Z [2mdist/[22m[2massets/[22m[36mindex-BSXDucyP.js              [39m[1m[2m 30.93 kB[22m[1m[22m[2m │ gzip:   9.93 kB[22m
2026-10-10T12:01:29.5713268Z [2mdist/[22m[2massets/[22m[36mindex-DattA6PL.js              [39m[1m[2m 32.48 kB[22m[1m[22m[2m │ gzip:  10.82 kB[22m
2026-10-10T12:01:29.5773231Z [2mdist/[22m[2massets/[22m[36mquery-Df7VyXaF.js              [39m[1m[2m 33.15 kB[22m[1m[22m[2m │ gzip:   9.92 kB[22m
2026-10-10T12:01:29.5833297Z [2mdist/[22m[2massets/[22m[36mindex-WDyY7fx-.js              [39m[1m[2m 42.03 kB[22m[1m[22m[2m │ gzip:  11.49 kB[22m
2026-10-10T12:01:29.5893336Z [2mdist/[22m[2massets/[22m[36mi18n-D4N_7Z3Q.js               [39m[1m[2m 46.14 kB[22m[1m[22m[2m │ gzip:  15.12 kB[22m
2026-10-10T12:01:29.5894914Z [2mdist/[22m[2massets/[22m[36mindex-BeRebE9w.js              [39m[1m[2m 64.28 kB[22m[1m[22m[2m │ gzip:  17.67 kB[22m
2026-10-10T12:01:29.5983932Z [2mdist/[22m[2massets/[22m[36mschemas-CoWCwirf.js            [39m[1m[2m 85.75 kB[22m[1m[22m[2m │ gzip:  25.72 kB[22m
2026-10-10T12:01:29.5985578Z [2mdist/[22m[2massets/[22m[36mindex-DgXyZ4_1.js              [39m[1m[2m100.89 kB[22m[1m[22m[2m │ gzip:  32.02 kB[22m
2026-10-10T12:01:29.6073433Z [2mdist/[22m[2massets/[22m[36mschema-validation-B78jEm7B.js  [39m[1m[2m149.80 kB[22m[1m[22m[2m │ gzip:  45.12 kB[22m
2026-10-10T12:01:29.6103340Z [2mdist/[22m[2massets/[22m[36mreact-runtime-gLMyUIL2.js      [39m[1m[2m279.79 kB[22m[1m[22m[2m │ gzip:  90.28 kB[22m
2026-10-10T12:01:29.6163294Z [2mdist/[22m[2massets/[22m[36mcharts-BwhaRlrs.js             [39m[1m[2m320.23 kB[22m[1m[22m[2m │ gzip:  96.79 kB[22m
2026-10-10T12:01:29.6223313Z [2mdist/[22m[2massets/[22m[36mmui-CJj7QyVx.js                [39m[1m[2m328.77 kB[22m[1m[22m[2m │ gzip: 100.20 kB[22m
2026-10-10T12:01:29.6283465Z [2mdist/[22m[2massets/[22m[36mcontract-data-BRT-TOMX.js      [39m[1m[2m368.62 kB[22m[1m[22m[2m │ gzip:  42.83 kB[22m
2026-10-10T12:01:29.6312648Z [32m✓ built in 6.33s[39m
2026-10-10T12:01:29.8880786Z 
2026-10-10T12:01:29.8881459Z > botsales-frontend@0.1.0 test:layout
2026-10-10T12:01:29.8882903Z > node --test tests/layout-checker.test.mjs tests/ui-layout-binding-gates.test.mjs && node scripts/check-layout.mjs
2026-10-10T12:01:29.8883547Z 
2026-10-10T12:02:19.1474596Z ✔ CSS label gap accepts the canonical direct pixel constructor and its exact owner/property (2262.206601ms)
2026-10-10T12:02:19.1491123Z ✔ CSS label gap cannot be used as an unrelated spacing property (2228.703204ms)
2026-10-10T12:02:19.1513528Z ✔ CSS label gap rejects a raw pixel constructor argument (2179.622284ms)
2026-10-10T12:02:19.1514942Z ✔ CSS label gap cannot impersonate a role from another owner (2270.81941ms)
2026-10-10T12:02:19.1516649Z ✔ accepts semantic bridge roles, the closed token-derived factor map, geometry, and reset values (2202.088986ms)
2026-10-10T12:02:19.1518472Z ✔ rejects a CSS spacing role without a declared shared owner (2238.765364ms)
2026-10-10T12:02:19.1520579Z ✔ rejects scale-conforming and off-scale literals in sx, responsive leaves, named and namespace MUI System props (2236.028606ms)
2026-10-10T12:02:19.1523252Z ✔ follows local aliases and style callbacks; rejects theme spacing helpers and preset overrides (2157.168595ms)
2026-10-10T12:02:19.1537200Z ✔ scans nested slotProps but does not confuse event handlers or geometric dimensions with spacing (2187.314737ms)
2026-10-10T12:02:19.1539663Z ✔ keeps Panel geometry inspectable and rejects spacing hidden in its geometry prop (6592.39031ms)
2026-10-10T12:02:19.1547345Z ✔ accepts only an exact CSS exception and reports stale or mismatched exception scope (6725.223276ms)
2026-10-10T12:02:19.1549477Z ✔ rejects malformed TypeScript, malformed CSS, bad exception schema, and raw values in the bridge (9083.631116ms)
2026-10-10T12:02:19.1551617Z ✔ rejects canonical pixel tokens used as MUI factors and an altered bridge factor table (4618.694305ms)
2026-10-10T12:02:19.1583649Z ✔ report mode inventories migration debt without turning findings into PASS (2182.458632ms)
2026-10-10T12:04:38.2867462Z ✔ canonical writes through casts and aliases fail outside style expressions (2364.689936ms)
2026-10-10T12:04:38.2884473Z ✔ Object.assign cannot mutate canonical data but can copy to a fresh object (4728.758474ms)
2026-10-10T12:04:38.2887098Z ✔ layout gate rejects raw spacing on const alias of MUI component (2313.273405ms)
2026-10-10T12:04:38.2889789Z ✔ canonical mutation gate follows global mutator aliases and reflection (2390.824103ms)
2026-10-10T12:04:38.2891352Z ✔ local mutator names do not acquire global mutation identity (2311.352203ms)
2026-10-10T12:04:38.2893239Z ✔ destructured mutators and call/apply retain canonical mutation checks (2321.565073ms)
2026-10-10T12:04:38.2894706Z ✔ global mutator call/apply can copy canonical values into fresh objects (2365.907553ms)
2026-10-10T12:04:38.2896498Z ✔ mutable aliases with possible canonical destinations fail closed (2343.282702ms)
2026-10-10T12:04:38.2898350Z ✔ opaque apply arguments fail closed while unrelated mutable data stays valid (4707.546871ms)
2026-10-10T12:04:38.2902823Z ✔ canonical references inside containers and destructured aliases cannot be mutated (2397.294545ms)
2026-10-10T12:04:38.2917431Z ✔ independent shallow copies of scalar canonical fields remain mutable (2362.476278ms)
2026-10-10T12:04:38.2919287Z ✔ array references and nested destructuring preserve canonical write provenance (2456.092481ms)
2026-10-10T12:04:38.2923207Z ✔ array destinations distinguish independent elements from canonical references (2452.21608ms)
2026-10-10T12:04:38.2925387Z ✔ array destructuring, dynamic indices and spread cannot hide canonical references (2394.759381ms)
2026-10-10T12:04:38.2927191Z ✔ dynamic indices and destructuring of independent arrays stay mutable (2395.244801ms)
2026-10-10T12:04:38.2928900Z ✔ function parameters cannot hide canonical mutation across source files (2388.927537ms)
2026-10-10T12:04:38.2930652Z ✔ read-only helpers and mutations of unrelated arguments remain valid (2363.193987ms)
2026-10-10T12:04:38.2932579Z ✔ returned canonical references remain protected across helper boundaries (2381.37782ms)
2026-10-10T12:04:38.2934384Z ✔ helper returns of fresh scalar copies do not retain canonical destination identity (2194.578611ms)
2026-10-10T12:04:38.2936020Z ✔ destructured object parameters cannot mutate canonical arguments (1754.3814ms)
2026-10-10T12:04:38.2937634Z ✔ destructured object parameters retain independent argument mutability (1735.146481ms)
2026-10-10T12:04:38.2939821Z ✔ default parameter and binding initializers cannot hide canonical mutations (1815.435813ms)
2026-10-10T12:04:38.2941487Z ✔ fresh default parameter and binding copies remain mutable (1765.006977ms)
2026-10-10T12:04:38.2943310Z ✔ rest parameters retain canonical argument write provenance (1762.611916ms)
2026-10-10T12:04:38.2945007Z ✔ rest parameters distinguish independent positions from canonical siblings (1774.327677ms)
2026-10-10T12:04:38.2946822Z ✔ finite spread arguments preserve shifted positional and rest destinations (1757.143694ms)
2026-10-10T12:04:38.2977283Z ✔ finite spread expansion keeps independent argument positions mutable (1768.546845ms)
2026-10-10T12:04:38.2979074Z ✔ opaque spreads keep positional mutation destinations unknown (1732.459649ms)
2026-10-10T12:04:38.2989064Z ✔ opaque spreads into read-only helpers do not invent mutation findings (1722.166401ms)
2026-10-10T12:04:38.2990378Z ✔ array parameter patterns retain canonical positions including nested object arrays (1782.042433ms)
2026-10-10T12:04:38.2991628Z ✔ array parameter patterns retain independent bound element mutability (1759.510547ms)
2026-10-10T12:04:38.2992810Z ✔ layout gate rejects parameter shadow of canonical layout name (1745.923301ms)
2026-10-10T12:04:38.3019578Z ✔ layout gate follows genuine renamed styled factory (1749.575398ms)
2026-10-10T12:04:38.3021024Z ✔ layout gate accepts canonical namespace, element access and barrel alias (1766.536357ms)
2026-10-10T12:04:38.3022784Z ✔ layout gate does not mistake local component named Stack for MUI (1722.020111ms)
2026-10-10T12:04:38.3024129Z ✔ layout gate inspects renamed installed Emotion css tag (1742.381907ms)
2026-10-10T12:04:38.3025516Z ✔ layout gate preserves genuine aliased Controller field forwarding (1765.633484ms)
2026-10-10T12:04:38.3027022Z ✔ a same-named local Controller cannot exempt an unknown prop spread (1722.710417ms)
2026-10-10T12:04:38.3028570Z ✔ genuine useForm registration survives property and destructured aliases (1717.812482ms)
2026-10-10T12:04:38.3030064Z ✔ a function named register cannot exempt injected style props (1753.515578ms)
2026-10-10T12:04:38.3031519Z ✔ a bridge callback parameter cannot impersonate its private factor binding (1774.790155ms)
2026-10-10T12:04:38.3033284Z ✔ opaque namespace component selection remains a strict binding failure (1757.556078ms)
2026-10-10T12:04:38.3034681Z ✔ opaque namespace factory cannot hide style arguments (1752.580258ms)
2026-10-10T12:04:38.3036266Z ✔ MUI re-export cannot hide raw spacing behind a first-party barrel (1752.736867ms)
2026-10-10T12:04:38.3037783Z ✔ destructuring assignments cannot hide canonical write targets (1749.353332ms)
2026-10-10T12:04:38.3039263Z ✔ destructuring assignments can update independent copied destinations (1754.748575ms)
2026-10-10T12:04:38.3044288Z ✔ object rest retains nested canonical references while copying the outer object (1757.121319ms)
2026-10-10T12:04:38.3056092Z ✔ rest scalar copies and replacement of container references stay mutable (1754.717485ms)
2026-10-10T12:04:38.3063830Z ✔ shallow object spread preserves canonical child references and last-writer order (1755.993741ms)
2026-10-10T12:04:38.3065345Z ✔ shallow spread with a later independent override stays mutable (1774.20065ms)
2026-10-10T12:04:38.3066810Z ✔ exported mutable aliases retain assignments from their declaring file (1762.741362ms)
2026-10-10T12:04:38.3079054Z ✔ exported independent mutable data does not acquire canonical provenance (1777.298171ms)
2026-10-10T12:04:38.3079913Z ✔ literal computed keys retain canonical container and parameter provenance (1772.619402ms)
2026-10-10T12:04:38.3080701Z ✔ literal computed keys do not taint independent selected properties (1770.197182ms)
2026-10-10T12:04:38.3081465Z ✔ Object.assign shallow copies retain canonical nested reference provenance (1770.594789ms)
2026-10-10T12:04:38.3082702Z ✔ Object.assign later independent overrides and scalar copies stay mutable (1744.09677ms)
2026-10-10T12:04:38.3084342Z ✔ union and dynamic property selections retain possible canonical destinations (1768.012328ms)
2026-10-10T12:04:38.3086299Z ✔ finite union property selections exclude canonical siblings not in the key set (1769.265309ms)
2026-10-10T12:04:38.3107143Z ✔ union selection over Object.assign output retains canonical child provenance (1746.444053ms)
2026-10-10T12:04:38.3108867Z ✔ union selection over independent Object.assign output remains mutable (1757.317767ms)
2026-10-10T12:04:38.3110538Z ✔ Reflect.set call/apply checks the target argument rather than the assigned value (5299.57503ms)
2026-10-10T12:04:38.3112052Z ✔ aliased React createElement checks MUI and native style objects (1768.028862ms)
2026-10-10T12:04:38.3113822Z ✔ GlobalStyles.styles is checked and local createElement names stay local (3480.745718ms)
2026-10-10T12:04:38.3114666Z ✔ React JSX runtime factories cannot bypass MUI or native style checks (1739.428807ms)
2026-10-10T12:04:38.3115475Z ✔ React cloneElement checks the cloned MUI element and preserves native props (7047.600616ms)
2026-10-10T12:04:38.3116317Z ✔ Emotion css props and object factories are inspected with native CSS semantics (5256.505678ms)
2026-10-10T12:04:38.3117181Z ✔ Inline style elements in JSX, React factories, DOM and the HTML entry fail closed (14035.050984ms)
2026-10-10T12:04:38.3118008Z ✔ DOM CSSOM spacing writes use semantic roles and reject opaque style strings (3520.918766ms)
2026-10-10T12:04:38.3118861Z ✔ HTML parsing and runtime stylesheet mutation cannot bypass the imported CSS boundary (3544.233302ms)
2026-10-10T12:04:38.3119760Z ✔ spacing shorthand values and responsive breakpoints preserve token and unit provenance (17436.408363ms)
2026-10-10T12:04:38.3120588Z ✔ function return producers cannot hide canonical children behind spreads (1756.613959ms)
2026-10-10T12:04:38.3121330Z ✔ producer spreads keep later independent child overrides writable (1745.335158ms)
2026-10-10T12:04:38.3208848Z ℹ tests 86
2026-10-10T12:04:38.3209282Z ℹ suites 0
2026-10-10T12:04:38.3209669Z ℹ pass 86
2026-10-10T12:04:38.3210067Z ℹ fail 0
2026-10-10T12:04:38.3210445Z ℹ cancelled 0
2026-10-10T12:04:38.3210829Z ℹ skipped 0
2026-10-10T12:04:38.3211197Z ℹ todo 0
2026-10-10T12:04:38.3211482Z ℹ duration_ms 188400.856149
2026-10-10T12:04:46.3666897Z layout-check PASS: 93 source files, 0 finding(s), 1 exception(s) used
2026-10-10T12:04:46.5611145Z 
2026-10-10T12:04:46.5611828Z > botsales-frontend@0.1.0 test:visual-tokens
2026-10-10T12:04:46.5613291Z > node --test tests/visual-token-checker.test.mjs && node scripts/check-visual-tokens.mjs
2026-10-10T12:04:46.5613817Z 
2026-10-10T12:04:50.5404506Z ✔ visual checker accepts canonical theme roles, token references, geometry and semantic responsive props (1083.963812ms)
2026-10-10T12:04:50.5405689Z ✔ visual checker rejects raw literals across sx, JSX system props and CSS declarations (610.458213ms)
2026-10-10T12:04:50.5407226Z ✔ visual checker follows local style aliases and callback themes, but fails raw nested values (586.803229ms)
2026-10-10T12:04:50.5408763Z ✔ visual checker reports unresolved spreads and malformed style sources as UNKNOWN or parse errors (546.156662ms)
2026-10-10T12:04:50.5410362Z ✔ visual checker includes newly added TSX files under the source root (562.177271ms)
2026-10-10T12:04:50.6069461Z ℹ tests 5
2026-10-10T12:04:50.6069931Z ℹ suites 0
2026-10-10T12:04:50.6070322Z ℹ pass 5
2026-10-10T12:04:50.6073028Z ℹ fail 0
2026-10-10T12:04:50.6073426Z ℹ cancelled 0
2026-10-10T12:04:50.6073830Z ℹ skipped 0
2026-10-10T12:04:50.6074110Z ℹ todo 0
2026-10-10T12:04:50.6074396Z ℹ duration_ms 4012.288052
2026-10-10T12:04:56.5492956Z visual-token-check PASS: 92 source files, 0 finding(s)
2026-10-10T12:04:56.7088486Z 
2026-10-10T12:04:56.7089253Z > botsales-frontend@0.1.0 test:ui-composition
2026-10-10T12:04:56.7091221Z > node --test tests/ui-composition-checker.test.mjs tests/ui-composition-ancestry.test.mjs tests/ui-shared-api-contract.test.mjs && node scripts/check-ui-composition.mjs
2026-10-10T12:04:56.7092784Z 
2026-10-10T12:05:14.0160428Z ✔ P10/P15 catch alias and neutral-wrapper duplicate insets through fragments and conditionals (1604.613265ms)
2026-10-10T12:05:14.0164109Z ✔ P20 resolves shared composition identities through a barrel and const component aliases (885.116938ms)
2026-10-10T12:05:14.0166018Z ✔ P11/P13 catch static element access roles on every MUI surface, including Paper (815.662481ms)
2026-10-10T12:05:14.0167734Z ✔ P12 checks React createElement and JSX-runtime element factories (730.383071ms)
2026-10-10T12:05:14.0169779Z ✔ P14 resolves bodyMode literal aliases and fails closed when ownership is unknown (2346.155914ms)
2026-10-10T12:05:14.0171559Z ✔ checks Panel ancestry when React elements are created natively (816.233921ms)
2026-10-10T12:05:14.0173687Z ✔ keeps independent nested surfaces and portaled dialogs as separate owners (1349.021643ms)
2026-10-10T12:05:14.0175466Z ✔ accepts finite bodyMode branches and every mode in the public component contracts (1727.523689ms)
2026-10-10T12:05:14.0176506Z ✔ stops inherited gap ownership at Panels and independent bordered surfaces (1032.760996ms)
2026-10-10T12:05:14.0178126Z ✔ tracks gaps through fragments, conditions and ready QueryState, but not inside DOM wrappers (520.01697ms)
2026-10-10T12:05:14.0179148Z ✔ applies the same finite modes and wrapper boundaries to native React factories (1041.143792ms)
2026-10-10T12:05:14.0179950Z ✔ recognizes native outlined Paper and nested Box surface inset boundaries (1021.180693ms)
2026-10-10T12:05:14.0180744Z ✔ fails closed when an unresolved custom wrapper obscures a semantic gap owner (495.015137ms)
2026-10-10T12:05:14.0181612Z ✔ rejects unsupported placement and rhythm values while accepting finite aliases and branches (1020.315325ms)
2026-10-10T12:05:14.0182770Z ✔ rejects unsupported finite values through React element factories (1025.459325ms)
2026-10-10T12:05:14.1160504Z ✔ accepts semantic composition, closed geometry and business-specific MUI primitives (22.472576ms)
2026-10-10T12:05:14.1161815Z ✔ rejects rebuilding each shared spacing owner at a consumer (7.148615ms)
2026-10-10T12:05:14.1163515Z ✔ follows aliases, local style variables, object spreads and namespace imports (2.360102ms)
2026-10-10T12:05:14.1164774Z ✔ rejects direct and spread spacing overrides on semantic components (1.80932ms)
2026-10-10T12:05:14.1165812Z ✔ rejects spacing or opaque spreads hidden in geometry (1.512453ms)
2026-10-10T12:05:14.1166982Z ✔ allows the canonical owner implementation and fails closed on malformed source (2.103631ms)
2026-10-10T12:05:14.1168100Z ✔ rejects duplicated parent boundary and duplicated Panel inset (1.91624ms)
2026-10-10T12:05:14.1169394Z ✔ checks default MUI imports and fails closed for opaque geometry (1.17979ms)
2026-10-10T12:05:14.1170309Z ✔ distinguishes content grids from flex flows when reporting the shared owner (0.984354ms)
2026-10-10T12:05:14.1171279Z ✔ rejects page spacing for paired fields and peer Panels without a section gap owner (9.530136ms)
2026-10-10T12:05:14.1173083Z ✔ related sibling gaps belong to ActionGroup comfortable density, not consumer Stack styles (1.923394ms)
2026-10-10T12:05:14.1174230Z ✔ density profiles are finite and new spacing paths retain the shared owner (7.679106ms)
2026-10-10T12:05:14.1175166Z ✔ Amount consumers declare wrapping outside DataTable columns and keep table money unbroken (224.960432ms)
2026-10-10T12:05:14.1176096Z ✔ the shared catalog covers every public React component and supporting Column type (133.30044ms)
2026-10-10T12:05:14.1176956Z ✔ SPC-067 covers discovered public Shared APIs without a fixed export count (1.745481ms)
2026-10-10T12:05:14.1177687Z ✔ every public React API has a direct rendered contract test (4.140308ms)
2026-10-10T12:05:14.1178459Z ✔ catalog declaration lines and stated JSX counts match resolved source symbols (321.289083ms)
2026-10-10T12:05:14.1179456Z ✔ every shared React export has a resolved production consumer or an explicit zero-use lifecycle decision (159.241147ms)
2026-10-10T12:05:14.1180525Z ✔ required UI evidence and regression gates remain wired to root verify and the active parent workflow (0.755236ms)
2026-10-10T12:05:14.1182351Z ✔ composition prop allowlists match the TypeScript owners exactly (1.086906ms)
2026-10-10T12:05:14.1183514Z ✔ QueryState uses only the approved inline and section pending profiles (0.591218ms)
2026-10-10T12:05:14.1184434Z ✔ QueryState consumers reserve section loading for primary content and keep every other state inline by default (123.5689ms)
2026-10-10T12:05:14.1185765Z ✔ body modes, placement roles and geometry keys match the TypeScript contracts (2.928317ms)
2026-10-10T12:05:14.1186526Z ✔ Panel geometry and DataTable columns remain closed public contracts (10.651177ms)
2026-10-10T12:05:14.1187316Z ✔ shared component and composition props expose no arbitrary layout/style escape hatch (0.455283ms)
2026-10-10T12:05:14.1188159Z ✔ layout role types, runtime values, consumers and ownership documentation stay closed (6738.208287ms)
2026-10-10T12:05:14.1188660Z ℹ tests 41
2026-10-10T12:05:14.1189068Z ℹ suites 0
2026-10-10T12:05:14.1189458Z ℹ pass 41
2026-10-10T12:05:14.1189878Z ℹ fail 0
2026-10-10T12:05:14.1190287Z ℹ cancelled 0
2026-10-10T12:05:14.1190705Z ℹ skipped 0
2026-10-10T12:05:14.1191107Z ℹ todo 0
2026-10-10T12:05:14.1191557Z ℹ duration_ms 17375.709762
2026-10-10T12:06:49.9084746Z ui-composition PASS: 91 source files, 0 finding(s)
2026-10-10T12:06:49.9085241Z 
2026-10-10T12:06:50.0991040Z 
2026-10-10T12:06:50.0991658Z > botsales-frontend@0.1.0 test:evidence
2026-10-10T12:06:50.0993512Z > node --test tests/ui-evidence-validator.test.mjs && node scripts/validate-ui-evidence.mjs evidence/frontend-ui-improvements/ui-governance-rollout-20261007/S17-current-evidence.json
2026-10-10T12:06:50.0994469Z 
2026-10-10T12:06:50.2098601Z ✔ accepts current fingerprints, honest open coverage, and explained N/A (3.837901ms)
2026-10-10T12:06:50.2102739Z ✔ rejects a stale source fingerprint (1.099781ms)
2026-10-10T12:06:50.2103623Z ✔ rejects a stale command log (1.132622ms)
2026-10-10T12:06:50.2104679Z ✔ rejects missing, absolute, and escaping source paths (0.890449ms)
2026-10-10T12:06:50.2106132Z ✔ rejects unrun, missing, duplicate, and nonzero command results marked PASS (1.061539ms)
2026-10-10T12:06:50.2107929Z ✔ rejects PASS when expected and observed results differ (0.833321ms)
2026-10-10T12:06:50.2109960Z ✔ rejects inconsistent coverage and N/A without a reason (0.844342ms)
2026-10-10T12:06:50.2113140Z ✔ rejects a baseline falsely dated after implementation started and detects changed baseline artifacts (1.466728ms)
2026-10-10T12:06:50.2115931Z ✔ COMPLETE cannot contain open coverage or failed commands (1.193526ms)
2026-10-10T12:06:50.2119047Z ✔ S19 must explicitly reconcile files, APIs, routes, rendered routes, slots, and states (1.262675ms)
2026-10-10T12:06:50.2121137Z ✔ rejects malformed top-level evidence instead of treating missing fields as success (0.605024ms)
2026-10-10T12:06:50.2212748Z ℹ tests 11
2026-10-10T12:06:50.2213122Z ℹ suites 0
2026-10-10T12:06:50.2213358Z ℹ pass 11
2026-10-10T12:06:50.2213610Z ℹ fail 0
2026-10-10T12:06:50.2213855Z ℹ cancelled 0
2026-10-10T12:06:50.2214185Z ℹ skipped 0
2026-10-10T12:06:50.2214417Z ℹ todo 0
2026-10-10T12:06:50.2214684Z ℹ duration_ms 86.682884
2026-10-10T12:06:50.2898614Z ui-evidence PASS: S17; 3 command/log record(s), 3 coverage row(s), 275 current fingerprint(s); status=COMPLETE
2026-10-10T12:06:50.3128805Z ##[group]Run npm run test:e2e -- --project=firefox --reporter=line
2026-10-10T12:06:50.3129352Z [36;1mnpm run test:e2e -- --project=firefox --reporter=line[0m
2026-10-10T12:06:50.3191463Z shell: /usr/bin/bash -e {0}
2026-10-10T12:06:50.3191727Z ##[endgroup]
2026-10-10T12:06:50.4238734Z 
2026-10-10T12:06:50.4239363Z > botsales-frontend@0.1.0 test:e2e
2026-10-10T12:06:50.4239994Z > node scripts/run-e2e.mjs --project=firefox --reporter=line
2026-10-10T12:06:50.4240313Z 
2026-10-10T12:06:50.4546073Z 
2026-10-10T12:06:50.4546658Z > npm run setup
2026-10-10T12:06:50.5570848Z 
2026-10-10T12:06:50.5571255Z > botsales-frontend@0.1.0 setup
2026-10-10T12:06:50.5571678Z > node scripts/setup.mjs
2026-10-10T12:06:50.5571875Z 
2026-10-10T12:06:50.7722366Z {"status":"PASS","outputs":15,"schemas":346,"operations":245,"routes":61}
2026-10-10T12:06:50.8638600Z Copying the worker script at "/home/runner/work/Bot-AI-Ban-hang-FB/Bot-AI-Ban-hang-FB/BotSalesAI_Frontend/apps/web/public"...
2026-10-10T12:06:50.8684124Z 
2026-10-10T12:06:50.8684824Z [32mWorker script successfully copied![39m
2026-10-10T12:06:50.8685464Z [90m  - public
2026-10-10T12:06:50.8686052Z [39m
2026-10-10T12:06:50.8686736Z Continue by describing the network in your application:
2026-10-10T12:06:50.8687240Z 
2026-10-10T12:06:50.8687409Z 
2026-10-10T12:06:50.8687906Z [31m[1mhttps://mswjs.io/docs/quick-start[22m[39m
2026-10-10T12:06:50.8688334Z 
2026-10-10T12:06:50.8754892Z Thiết lập xong. npm run dev chạy frontend mô phỏng; không kết nối khách hàng hoặc provider thật.
2026-10-10T12:06:50.8893745Z 
2026-10-10T12:06:50.8894120Z > npm run build
2026-10-10T12:06:50.9868952Z 
2026-10-10T12:06:50.9869530Z > botsales-frontend@0.1.0 build
2026-10-10T12:06:50.9870408Z > npm run generate:check && npm run typecheck && npm run build --workspace @botsales/web
2026-10-10T12:06:50.9870897Z 
2026-10-10T12:06:51.0862712Z 
2026-10-10T12:06:51.0863196Z > botsales-frontend@0.1.0 generate:check
2026-10-10T12:06:51.0863838Z > node scripts/generate.mjs --check
2026-10-10T12:06:51.0864065Z 
2026-10-10T12:06:51.2703649Z {"status":"PASS","outputs":15,"schemas":346,"operations":245,"routes":61}
2026-10-10T12:06:51.3972911Z 
2026-10-10T12:06:51.3973520Z > botsales-frontend@0.1.0 typecheck
2026-10-10T12:06:51.3974104Z > tsc -p apps/web/tsconfig.json --noEmit
2026-10-10T12:06:51.3974360Z 
2026-10-10T12:06:58.6932723Z 
2026-10-10T12:06:58.6933601Z > @botsales/web@0.1.0 build
2026-10-10T12:06:58.6934048Z > vite build --mode production
2026-10-10T12:06:58.6934268Z 
2026-10-10T12:06:58.8535618Z [36mvite v7.3.6 [32mbuilding client environment for production...[36m[39m
2026-10-10T12:06:58.9248992Z transforming...
2026-10-10T12:07:04.4203812Z [32m✓[39m 2077 modules transformed.
2026-10-10T12:07:04.9683273Z rendering chunks...
2026-10-10T12:07:05.1761215Z computing gzip size...
2026-10-10T12:07:05.2025842Z [2mdist/[22m[32mindex.html                            [39m[1m[2m  1.23 kB[22m[1m[22m[2m │ gzip:   0.61 kB[22m
2026-10-10T12:07:05.2027760Z [2mdist/[22m[2massets/[22m[35mindex-BQPx7lJM.css             [39m[1m[2m  3.56 kB[22m[1m[22m[2m │ gzip:   1.33 kB[22m
2026-10-10T12:07:05.2029725Z [2mdist/[22m[2massets/[22m[36mdownload-8lJFmiSZ.js           [39m[1m[2m  0.23 kB[22m[1m[22m[2m │ gzip:   0.17 kB[22m
2026-10-10T12:07:05.2031691Z [2mdist/[22m[2massets/[22m[36mfilters-CM07jGKE.js            [39m[1m[2m  0.32 kB[22m[1m[22m[2m │ gzip:   0.25 kB[22m
2026-10-10T12:07:05.2033814Z [2mdist/[22m[2massets/[22m[36mhooks-L2nh8X7I.js              [39m[1m[2m  4.59 kB[22m[1m[22m[2m │ gzip:   2.15 kB[22m
2026-10-10T12:07:05.2035719Z [2mdist/[22m[2massets/[22m[36mdraft-conflict-CQUoJQ4o.js     [39m[1m[2m  5.37 kB[22m[1m[22m[2m │ gzip:   2.49 kB[22m
2026-10-10T12:07:05.2037629Z [2mdist/[22m[2massets/[22m[36mindex-mquMxiPF.js              [39m[1m[2m  8.25 kB[22m[1m[22m[2m │ gzip:   3.27 kB[22m
2026-10-10T12:07:05.2039631Z [2mdist/[22m[2massets/[22m[36mindex-CiWOs-TV.js              [39m[1m[2m  9.42 kB[22m[1m[22m[2m │ gzip:   3.73 kB[22m
2026-10-10T12:07:05.2041172Z [2mdist/[22m[2massets/[22m[36mindex-DQGrQuEv.js              [39m[1m[2m 13.14 kB[22m[1m[22m[2m │ gzip:   5.19 kB[22m
2026-10-10T12:07:05.2043132Z [2mdist/[22m[2massets/[22m[36mindex-OVGPogNo.js              [39m[1m[2m 15.39 kB[22m[1m[22m[2m │ gzip:   5.90 kB[22m
2026-10-10T12:07:05.2044827Z [2mdist/[22m[2massets/[22m[36mindex-Bd9mcE3C.js              [39m[1m[2m 16.98 kB[22m[1m[22m[2m │ gzip:   5.58 kB[22m
2026-10-10T12:07:05.2046405Z [2mdist/[22m[2massets/[22m[36mindex-Bg61UgeK.js              [39m[1m[2m 16.99 kB[22m[1m[22m[2m │ gzip:   5.81 kB[22m
2026-10-10T12:07:05.2048057Z [2mdist/[22m[2massets/[22m[36mindex-PCRh2M1X.js              [39m[1m[2m 18.85 kB[22m[1m[22m[2m │ gzip:   6.33 kB[22m
2026-10-10T12:07:05.2050075Z [2mdist/[22m[2massets/[22m[36mindex-BUtDDvPf.js              [39m[1m[2m 19.08 kB[22m[1m[22m[2m │ gzip:   7.02 kB[22m
2026-10-10T12:07:05.2051709Z [2mdist/[22m[2massets/[22m[36mindex-CvmCKMdV.js              [39m[1m[2m 20.90 kB[22m[1m[22m[2m │ gzip:   6.92 kB[22m
2026-10-10T12:07:05.2083746Z [2mdist/[22m[2massets/[22m[36mindex-Dzt3sNfY.js              [39m[1m[2m 21.23 kB[22m[1m[22m[2m │ gzip:   7.65 kB[22m
2026-10-10T12:07:05.2085274Z [2mdist/[22m[2massets/[22m[36mindex-RfTtRmBG.js              [39m[1m[2m 24.80 kB[22m[1m[22m[2m │ gzip:   8.25 kB[22m
2026-10-10T12:07:05.2086764Z [2mdist/[22m[2massets/[22m[36mindex-DWs4xu4k.js              [39m[1m[2m 25.06 kB[22m[1m[22m[2m │ gzip:   8.46 kB[22m
2026-10-10T12:07:05.2088251Z [2mdist/[22m[2massets/[22m[36mindex-BSXDucyP.js              [39m[1m[2m 30.93 kB[22m[1m[22m[2m │ gzip:   9.93 kB[22m
2026-10-10T12:07:05.2089898Z [2mdist/[22m[2massets/[22m[36mindex-DattA6PL.js              [39m[1m[2m 32.48 kB[22m[1m[22m[2m │ gzip:  10.82 kB[22m
2026-10-10T12:07:05.2091486Z [2mdist/[22m[2massets/[22m[36mquery-Df7VyXaF.js              [39m[1m[2m 33.15 kB[22m[1m[22m[2m │ gzip:   9.92 kB[22m
2026-10-10T12:07:05.2093231Z [2mdist/[22m[2massets/[22m[36mindex-WDyY7fx-.js              [39m[1m[2m 42.03 kB[22m[1m[22m[2m │ gzip:  11.49 kB[22m
2026-10-10T12:07:05.2094787Z [2mdist/[22m[2massets/[22m[36mi18n-D4N_7Z3Q.js               [39m[1m[2m 46.14 kB[22m[1m[22m[2m │ gzip:  15.12 kB[22m
2026-10-10T12:07:05.2096274Z [2mdist/[22m[2massets/[22m[36mindex-BeRebE9w.js              [39m[1m[2m 64.28 kB[22m[1m[22m[2m │ gzip:  17.67 kB[22m
2026-10-10T12:07:05.2097786Z [2mdist/[22m[2massets/[22m[36mschemas-CoWCwirf.js            [39m[1m[2m 85.75 kB[22m[1m[22m[2m │ gzip:  25.72 kB[22m
2026-10-10T12:07:05.2099320Z [2mdist/[22m[2massets/[22m[36mindex-DgXyZ4_1.js              [39m[1m[2m100.89 kB[22m[1m[22m[2m │ gzip:  32.02 kB[22m
2026-10-10T12:07:05.2100892Z [2mdist/[22m[2massets/[22m[36mschema-validation-B78jEm7B.js  [39m[1m[2m149.80 kB[22m[1m[22m[2m │ gzip:  45.12 kB[22m
2026-10-10T12:07:05.2102689Z [2mdist/[22m[2massets/[22m[36mreact-runtime-gLMyUIL2.js      [39m[1m[2m279.79 kB[22m[1m[22m[2m │ gzip:  90.28 kB[22m
2026-10-10T12:07:05.2104251Z [2mdist/[22m[2massets/[22m[36mcharts-BwhaRlrs.js             [39m[1m[2m320.23 kB[22m[1m[22m[2m │ gzip:  96.79 kB[22m
2026-10-10T12:07:05.2105851Z [2mdist/[22m[2massets/[22m[36mmui-CJj7QyVx.js                [39m[1m[2m328.77 kB[22m[1m[22m[2m │ gzip: 100.20 kB[22m
2026-10-10T12:07:05.2107607Z [2mdist/[22m[2massets/[22m[36mcontract-data-BRT-TOMX.js      [39m[1m[2m368.62 kB[22m[1m[22m[2m │ gzip:  42.83 kB[22m
2026-10-10T12:07:05.2108693Z [32m✓ built in 6.33s[39m
2026-10-10T12:07:05.3011854Z 
2026-10-10T12:07:05.3012731Z > npm run build:demo
2026-10-10T12:07:05.3948509Z 
2026-10-10T12:07:05.3949127Z > botsales-frontend@0.1.0 build:demo
2026-10-10T12:07:05.3950012Z > npm run generate:check && npm run typecheck && npm run build:demo --workspace @botsales/web
2026-10-10T12:07:05.3950543Z 
2026-10-10T12:07:05.4957421Z 
2026-10-10T12:07:05.4957949Z > botsales-frontend@0.1.0 generate:check
2026-10-10T12:07:05.4958453Z > node scripts/generate.mjs --check
2026-10-10T12:07:05.4958697Z 
2026-10-10T12:07:05.6757369Z {"status":"PASS","outputs":15,"schemas":346,"operations":245,"routes":61}
2026-10-10T12:07:05.7821887Z 
2026-10-10T12:07:05.7822766Z > botsales-frontend@0.1.0 typecheck
2026-10-10T12:07:05.7823568Z > tsc -p apps/web/tsconfig.json --noEmit
2026-10-10T12:07:05.7823968Z 
2026-10-10T12:07:13.2020920Z 
2026-10-10T12:07:13.2021551Z > @botsales/web@0.1.0 build:demo
2026-10-10T12:07:13.2022549Z > vite build --mode demo --outDir dist-demo
2026-10-10T12:07:13.2022969Z 
2026-10-10T12:07:13.3642885Z [36mvite v7.3.6 [32mbuilding client environment for demo...[36m[39m
2026-10-10T12:07:13.4342706Z transforming...
2026-10-10T12:07:19.5083139Z [32m✓[39m 2293 modules transformed.
2026-10-10T12:07:20.1063367Z rendering chunks...
2026-10-10T12:07:20.3692061Z computing gzip size...
2026-10-10T12:07:20.3998011Z [2mdist-demo/[22m[32mindex.html                            [39m[1m[2m  1.23 kB[22m[1m[22m[2m │ gzip:   0.61 kB[22m
2026-10-10T12:07:20.4002875Z [2mdist-demo/[22m[2massets/[22m[35mindex-BQPx7lJM.css             [39m[1m[2m  3.56 kB[22m[1m[22m[2m │ gzip:   1.33 kB[22m
2026-10-10T12:07:20.4004951Z [2mdist-demo/[22m[2massets/[22m[36mdownload-CWiaXb8A.js           [39m[1m[2m  0.24 kB[22m[1m[22m[2m │ gzip:   0.17 kB[22m
2026-10-10T12:07:20.4006873Z [2mdist-demo/[22m[2massets/[22m[36mfilters-CirfTR7_.js            [39m[1m[2m  0.32 kB[22m[1m[22m[2m │ gzip:   0.25 kB[22m
2026-10-10T12:07:20.4008871Z [2mdist-demo/[22m[2massets/[22m[36mcontrol-Criu5A-7.js            [39m[1m[2m  1.73 kB[22m[1m[22m[2m │ gzip:   0.94 kB[22m
2026-10-10T12:07:20.4010815Z [2mdist-demo/[22m[2massets/[22m[36mhooks-BeC01d3Y.js              [39m[1m[2m  4.59 kB[22m[1m[22m[2m │ gzip:   2.15 kB[22m
2026-10-10T12:07:20.4013041Z [2mdist-demo/[22m[2massets/[22m[36mdraft-conflict-tNpI-HAo.js     [39m[1m[2m  5.37 kB[22m[1m[22m[2m │ gzip:   2.49 kB[22m
2026-10-10T12:07:20.4014962Z [2mdist-demo/[22m[2massets/[22m[36mindex-SkfVeie4.js              [39m[1m[2m  8.79 kB[22m[1m[22m[2m │ gzip:   3.47 kB[22m
2026-10-10T12:07:20.4016580Z [2mdist-demo/[22m[2massets/[22m[36mindex-DH5AOH0G.js              [39m[1m[2m  9.42 kB[22m[1m[22m[2m │ gzip:   3.73 kB[22m
2026-10-10T12:07:20.4018113Z [2mdist-demo/[22m[2massets/[22m[36mindex-B3gGpiMi.js              [39m[1m[2m 13.14 kB[22m[1m[22m[2m │ gzip:   5.18 kB[22m
2026-10-10T12:07:20.4019814Z [2mdist-demo/[22m[2massets/[22m[36mindex-D3UNZ1L-.js              [39m[1m[2m 15.09 kB[22m[1m[22m[2m │ gzip:   5.71 kB[22m
2026-10-10T12:07:20.4021644Z [2mdist-demo/[22m[2massets/[22m[36mindex-BWSxRwQH.js              [39m[1m[2m 17.14 kB[22m[1m[22m[2m │ gzip:   5.61 kB[22m
2026-10-10T12:07:20.4053403Z [2mdist-demo/[22m[2massets/[22m[36mindex-BGP_Ad-y.js              [39m[1m[2m 18.85 kB[22m[1m[22m[2m │ gzip:   6.33 kB[22m
2026-10-10T12:07:20.4054471Z [2mdist-demo/[22m[2massets/[22m[36mindex-01nb5nQj.js              [39m[1m[2m 19.18 kB[22m[1m[22m[2m │ gzip:   6.54 kB[22m
2026-10-10T12:07:20.4055473Z [2mdist-demo/[22m[2massets/[22m[36mindex-DgCh8QFc.js              [39m[1m[2m 19.28 kB[22m[1m[22m[2m │ gzip:   7.08 kB[22m
2026-10-10T12:07:20.4056444Z [2mdist-demo/[22m[2massets/[22m[36mindex-Cco5VbEE.js              [39m[1m[2m 20.90 kB[22m[1m[22m[2m │ gzip:   6.92 kB[22m
2026-10-10T12:07:20.4057408Z [2mdist-demo/[22m[2massets/[22m[36mindex-hYjqNRGb.js              [39m[1m[2m 24.80 kB[22m[1m[22m[2m │ gzip:   8.24 kB[22m
2026-10-10T12:07:20.4058369Z [2mdist-demo/[22m[2massets/[22m[36mindex-BDJDBZpL.js              [39m[1m[2m 25.47 kB[22m[1m[22m[2m │ gzip:   8.62 kB[22m
2026-10-10T12:07:20.4059770Z [2mdist-demo/[22m[2massets/[22m[36mindex-DQbFFBlT.js              [39m[1m[2m 28.10 kB[22m[1m[22m[2m │ gzip:   9.80 kB[22m
2026-10-10T12:07:20.4060842Z [2mdist-demo/[22m[2massets/[22m[36mindex-DX4hKm3W.js              [39m[1m[2m 30.93 kB[22m[1m[22m[2m │ gzip:   9.93 kB[22m
2026-10-10T12:07:20.4061822Z [2mdist-demo/[22m[2massets/[22m[36mindex-f6PQjW3Q.js              [39m[1m[2m 32.93 kB[22m[1m[22m[2m │ gzip:  10.94 kB[22m
2026-10-10T12:07:20.4063068Z [2mdist-demo/[22m[2massets/[22m[36mquery-Df7VyXaF.js              [39m[1m[2m 33.15 kB[22m[1m[22m[2m │ gzip:   9.92 kB[22m
2026-10-10T12:07:20.4064078Z [2mdist-demo/[22m[2massets/[22m[36mindex-D6MJeQeX.js              [39m[1m[2m 42.03 kB[22m[1m[22m[2m │ gzip:  11.49 kB[22m
2026-10-10T12:07:20.4065054Z [2mdist-demo/[22m[2massets/[22m[36mi18n-D4N_7Z3Q.js               [39m[1m[2m 46.14 kB[22m[1m[22m[2m │ gzip:  15.12 kB[22m
2026-10-10T12:07:20.4066038Z [2mdist-demo/[22m[2massets/[22m[36mindex-BoOL50Pn.js              [39m[1m[2m 65.49 kB[22m[1m[22m[2m │ gzip:  18.10 kB[22m
2026-10-10T12:07:20.4067017Z [2mdist-demo/[22m[2massets/[22m[36mschemas-CoWCwirf.js            [39m[1m[2m 85.75 kB[22m[1m[22m[2m │ gzip:  25.72 kB[22m
2026-10-10T12:07:20.4068009Z [2mdist-demo/[22m[2massets/[22m[36mindex-C6ptp12n.js              [39m[1m[2m105.42 kB[22m[1m[22m[2m │ gzip:  33.42 kB[22m
2026-10-10T12:07:20.4069014Z [2mdist-demo/[22m[2massets/[22m[36mschema-validation-B78jEm7B.js  [39m[1m[2m149.80 kB[22m[1m[22m[2m │ gzip:  45.12 kB[22m
2026-10-10T12:07:20.4070026Z [2mdist-demo/[22m[2massets/[22m[36mservice-DOnisuXi.js            [39m[1m[2m233.46 kB[22m[1m[22m[2m │ gzip:  54.15 kB[22m
2026-10-10T12:07:20.4071004Z [2mdist-demo/[22m[2massets/[22m[36mbrowser-CQeKKnYr.js            [39m[1m[2m255.64 kB[22m[1m[22m[2m │ gzip:  87.02 kB[22m
2026-10-10T12:07:20.4072008Z [2mdist-demo/[22m[2massets/[22m[36mreact-runtime-gLMyUIL2.js      [39m[1m[2m279.79 kB[22m[1m[22m[2m │ gzip:  90.28 kB[22m
2026-10-10T12:07:20.4073447Z [2mdist-demo/[22m[2massets/[22m[36mcharts-uDdGNk6t.js             [39m[1m[2m320.23 kB[22m[1m[22m[2m │ gzip:  96.79 kB[22m
2026-10-10T12:07:20.4074431Z [2mdist-demo/[22m[2massets/[22m[36mmui-CUCPJGs1.js                [39m[1m[2m328.77 kB[22m[1m[22m[2m │ gzip: 100.20 kB[22m
2026-10-10T12:07:20.4075424Z [2mdist-demo/[22m[2massets/[22m[36mcontract-data-CJyvN5AM.js      [39m[1m[2m375.47 kB[22m[1m[22m[2m │ gzip:  44.43 kB[22m
2026-10-10T12:07:20.4076040Z [32m✓ built in 7.02s[39m
2026-10-10T12:07:20.5057505Z 
2026-10-10T12:07:20.5058534Z > node node_modules/@playwright/test/cli.js test --project=firefox --reporter=line
2026-10-10T12:07:23.6340885Z 
2026-10-10T12:07:23.6341628Z Running 407 tests using 1 worker
2026-10-10T12:07:23.6341959Z 
2026-10-10T12:07:24.4568434Z [1/407] [firefox] › tests/accessibility/routes.spec.ts:17:1 › all canonical routes pass whole-page WCAG 2.1 A/AA axe checks in the React demo
2026-10-10T12:10:29.2387408Z [2/407] [firefox] › tests/accessibility/routes.spec.ts:84:1 › contained action buttons do not animate between contrasting enabled and disabled color pairs
2026-10-10T12:10:33.5318709Z [3/407] [firefox] › tests/artifacts/demo-preview.spec.ts:40:1 › the built demo artifact serves the React UI and synthetic API through preview
2026-10-10T12:10:34.9767676Z [firefox] › tests/artifacts/demo-preview.spec.ts:40:1 › the built demo artifact serves the React UI and synthetic API through preview
2026-10-10T12:10:34.9787406Z [artifact-preview] {"scope":"FRONTEND_WITH_SYNTHETIC_MOCK_API","artifact":"apps/web/dist-demo","browserMetrics":{"browser":"Mozilla/5.0 (Windows NT 10.0; Win64; x64; rv:155.0) Gecko/20100101 Firefox/155.0","viewport":{"width":1280,"height":720},"route":"/s/shop-demo/overview","domContentLoadedMs":222,"loadEventMs":222,"scriptCount":11,"scriptTransferBytes":482369,"scriptAssets":[{"file":"index-C6ptp12n.js","transferBytes":33723,"decodedBytes":105422,"durationMs":31},{"file":"react-runtime-gLMyUIL2.js","transferBytes":90583,"decodedBytes":279787,"durationMs":51},{"file":"query-Df7VyXaF.js","transferBytes":10222,"decodedBytes":33154,"durationMs":26},{"file":"contract-data-CJyvN5AM.js","transferBytes":44731,"decodedBytes":375469,"durationMs":49},{"file":"mui-CUCPJGs1.js","transferBytes":100504,"decodedBytes":328773,"durationMs":53},{"file":"i18n-D4N_7Z3Q.js","transferBytes":15416,"decodedBytes":46142,"durationMs":45},{"file":"schema-validation-B78jEm7B.js","transferBytes":45420,"decodedBytes":149800,"durationMs":50},{"file":"browser-CQeKKnYr.js","transferBytes":87316,"decodedBytes":255636,"durationMs":28},{"file":"service-DOnisuXi.js","transferBytes":54454,"decodedBytes":233456,"durationMs":21},{"file":"index-DH5AOH0G.js","transferBytes":0,"decodedBytes":0,"durationMs":0},{"file":"hooks-BeC01d3Y.js","transferBytes":0,"decodedBytes":0,"durationMs":0}]},"bundles":{"javascriptFiles":32,"totalBytes":2617401,"totalGzipBytes":735870,"initialRouteGzipBytes":485552,"proposedBudgets":{"initialRouteGzipKiB":500,"largestChunkGzipKiB":200,"basis":"Local demo preview limits for the measured Chromium artifact; not a backend or platform SLO."},"largest":[{"file":"apps/web/dist-demo/assets/contract-data-CJyvN5AM.js","bytes":375469,"gzipBytes":44431},{"file":"apps/web/dist-demo/assets/mui-CUCPJGs1.js","bytes":328773,"gzipBytes":100204},{"file":"apps/web/dist-demo/assets/charts-uDdGNk6t.js","bytes":320234,"gzipBytes":96785},{"file":"apps/web/dist-demo/assets/react-runtime-gLMyUIL2.js","bytes":279787,"gzipBytes":90283},{"file":"apps/web/dist-demo/assets/browser-CQeKKnYr.js","bytes":255636,"gzipBytes":87016}]},"observedApi":{"path":"/api/v2/session","status":200,"servedBy":"MSW in the built demo artifact"},"dataSource":"synthetic-msw"}
2026-10-10T12:10:34.9801587Z 
2026-10-10T12:10:34.9974607Z [4/407] [firefox] › tests/artifacts/demo-preview.spec.ts:104:1 › a thousand synthetic customers remain API-paginated in the built demo artifact
2026-10-10T12:10:37.6927838Z [firefox] › tests/artifacts/demo-preview.spec.ts:104:1 › a thousand synthetic customers remain API-paginated in the built demo artifact
2026-10-10T12:10:37.6930984Z [large-dataset-api] {"url":"http://127.0.0.1:40173/api/v2/shops/shop-demo/customers?limit=20","count":20,"page":{"limit":20,"total":1004,"hasMore":true,"nextCursor":"perf-customer-0016"},"firstIds":["c1","c2","c3"]}
2026-10-10T12:10:37.6932896Z 
2026-10-10T12:10:37.8306995Z [large-dataset-preview] {"scope":"FRONTEND_WITH_SYNTHETIC_MOCK_API","artifact":"apps/web/dist-demo","datasetId":"FE025-LARGE-CUSTOMERS-1000-V1","generatedRows":1000,"firstPageIds":["c1","c2","c3","c4","perf-customer-0001","perf-customer-0002","perf-customer-0003","perf-customer-0004","perf-customer-0005","perf-customer-0006","perf-customer-0007","perf-customer-0008","perf-customer-0009","perf-customer-0010","perf-customer-0011","perf-customer-0012","perf-customer-0013","perf-customer-0014","perf-customer-0015","perf-customer-0016"],"api":{"status":200,"pageLimit":20,"total":1004,"hasMore":true,"nextCursor":"perf-customer-0016"},"domRowsIncludingHeader":21,"firstPageReadyMs":608,"browser":"Mozilla/5.0 (Windows NT 10.0; Win64; x64; rv:155.0) Gecko/20100101 Firefox/155.0","viewport":{"width":1280,"height":720},"note":"Synthetic customer identities only; the React screen renders one API page and exposes the next cursor instead of mounting the full collection."}
2026-10-10T12:10:37.8313238Z 
2026-10-10T12:10:37.8519184Z [5/407] [firefox] › tests/artifacts/demo-preview.spec.ts:143:1 › the production artifact contains neither the mock worker asset nor MSW fixtures/runtime
2026-10-10T12:10:37.8968728Z [6/407] [firefox] › tests/fe009.spec.ts:37:1 › workspace onboarding creates a shop with an active membership and returns to its scoped route
2026-10-10T12:10:43.0517165Z [7/407] [firefox] › tests/fe009.spec.ts:59:1 › customer create validates fields, submits through mock HTTP, and preserves edits after a stale version
2026-10-10T12:10:52.5276143Z [8/407] [firefox] › tests/fe009.spec.ts:127:1 › customer detail keeps redacted contact fields read-only and does not overwrite them on save
2026-10-10T12:10:55.8302748Z [9/407] [firefox] › tests/fe009.spec.ts:144:1 › job detail follows an export created in the current synthetic shop and can refetch it
2026-10-10T12:10:59.9981107Z [10/407] [firefox] › tests/fe009.spec.ts:179:1 › FE009.G01 shop setup checklist guides to supported pages and leaves missing contract fields unverified
2026-10-10T12:11:02.4014013Z [11/407] [firefox] › tests/fe009.spec.ts:192:1 › FE009.G05 consent management persists challenges without granting consent before customer action
2026-10-10T12:11:06.8460701Z [12/407] [firefox] › tests/fe009.spec.ts:202:1 › FE009.H06 audit screen distinguishes available fields from missing contract detail
2026-10-10T12:11:08.8230523Z [13/407] [firefox] › tests/fe009.spec.ts:211:1 › FE009.B06 after-sale cases only link orders loaded for the selected customer and customer profile shows their shipment
2026-10-10T12:11:17.6963485Z [14/407] [firefox] › tests/fe009.spec.ts:243:1 › team invitation and membership revoke stay shop-scoped and protect the active owner
2026-10-10T12:11:22.5074161Z [15/407] [firefox] › tests/fe009.spec.ts:279:1 › privacy delete requests remain pending approval with no frontend step-up shortcut
2026-10-10T12:11:27.6349130Z [16/407] [firefox] › tests/fe010.spec.ts:40:1 › product editor validates positive prices, protects image-only drafts, and saves variant payload through mock HTTP
2026-10-10T12:11:38.7203542Z [17/407] [firefox] › tests/fe010.spec.ts:110:1 › product update sends If-Match and keeps edits visible after a 412 conflict
2026-10-10T12:11:43.4961650Z [18/407] [firefox] › tests/fe010.spec.ts:142:1 › warehouse role can read catalog products but cannot edit product fields or price cost data
2026-10-10T12:11:47.0564758Z [19/407] [firefox] › tests/fe010.spec.ts:151:1 › categories create, search, update with a version, and render cursor pagination
2026-10-10T12:11:51.3521225Z [20/407] [firefox] › tests/fe010.spec.ts:180:1 › CSV preview reports row-level errors and commits only valid product rows
2026-10-10T12:11:58.4451729Z [21/407] [firefox] › tests/fe010.spec.ts:252:1 › import validation token is rejected with 412 after catalog changes and the preview remains visible
2026-10-10T12:12:05.8727378Z [22/407] [firefox] › tests/fe010.spec.ts:284:1 › CSV demo row limit is explained and rejects more than 1000 data rows before preview
2026-10-10T12:12:08.8344230Z [23/407] [firefox] › tests/fe010.spec.ts:297:1 › demo upload rejects files over 5 MB before making an upload request
2026-10-10T12:12:11.5777781Z [24/407] [firefox] › tests/fe010.spec.ts:308:1 › product category lookup pages the full collection and preserves the selected category while editing
2026-10-10T12:12:53.1581551Z [firefox] › tests/fe010.spec.ts:308:1 › product category lookup pages the full collection and preserves the selected category while editing
2026-10-10T12:12:53.1603667Z UI005 acceptance: {"categoryTotal":105,"createCategoryId":"cat-2","editCategoryId":"cat-0","categoryRequests":20}
2026-10-10T12:12:53.1622962Z 
2026-10-10T12:12:53.2690481Z [25/407] [firefox] › tests/fe011.spec.ts:37:1 › FE011.AC01 snapshot drives stock totals and the SKU opens its catalog result
2026-10-10T12:12:59.0019593Z [26/407] [firefox] › tests/fe011.spec.ts:56:1 › FE011.AC02 adjustment validates, waits for mock confirmation, and reconciles movement history once
2026-10-10T12:13:06.3168588Z [27/407] [firefox] › tests/fe011.spec.ts:95:1 › FE011.AC03 conflict and insufficient stock preserve the draft and never update optimistically
2026-10-10T12:13:12.9292844Z [28/407] [firefox] › tests/fe011.spec.ts:125:1 › FE011.AC03 forbidden adjustment retains user input and shows no success state
2026-10-10T12:13:17.0181750Z [29/407] [firefox] › tests/fe011.spec.ts:141:1 › FE011.AC03 unknown command blocks duplicate submission until shared recovery reconciles it
2026-10-10T12:13:21.5841118Z [30/407] [firefox] › tests/fe011.spec.ts:159:1 › FE011.AC04 movement contract filters are URL-backed and history exposes actor and permission-gated source
2026-10-10T12:13:25.3007750Z [31/407] [firefox] › tests/fe011.spec.ts:187:1 › FE011.AC05 inventory reflows at mobile widths, passes axe, and restores keyboard focus after adjustment dialog
2026-10-10T12:13:31.2498717Z [32/407] [firefox] › tests/fe011.spec.ts:210:1 › FE011.AC03 unknown shop scope shows no stock from another shop
2026-10-10T12:13:32.3389548Z [33/407] [firefox] › tests/fe012.spec.ts:37:1 › FE012.AC01 searchable customer and product pickers submit contract-shaped draft and reject fractional quantity
2026-10-10T12:13:40.3710005Z [34/407] [firefox] › tests/fe012.spec.ts:95:1 › FE012 canonical customer address choice completes the mock order flow with a versioned snapshot
2026-10-10T12:13:48.2438467Z [35/407] [firefox] › tests/fe012.spec.ts:124:1 › FE012.AC01 editing lines invalidates quote and customer consent; a new quote is required before confirmation
2026-10-10T12:13:57.4592520Z [36/407] [firefox] › tests/fe012.spec.ts:184:1 › FE012.AC03 mock stale-version 412 preserves draft fields and does not show success
2026-10-10T12:14:01.8760968Z [37/407] [firefox] › tests/fe012.spec.ts:201:1 › FE012.AC03 offline state blocks quote mutation while retaining the loaded draft
2026-10-10T12:14:04.4016566Z [38/407] [firefox] › tests/fe012.spec.ts:213:1 › FE012.AC03 unknown confirm outcome blocks duplicate writes until shared command recovery is available
2026-10-10T12:14:09.1345661Z [39/407] [firefox] › tests/fe012.spec.ts:259:1 › FE012.AC03 quote and customer confirmation expiration disable confirmation using API time
2026-10-10T12:14:12.9133603Z [40/407] [firefox] › tests/fe012.spec.ts:279:1 › FE012.AC03 returns reject fractional/over-original quantities locally and preserve data on cumulative mock rejection
2026-10-10T12:14:15.7875065Z [41/407] [firefox] › tests/fe012.spec.ts:303:1 › FE012.AC04 return inspection loads the current case and applies accepted partial quantity to mock stock and refund
2026-10-10T12:14:23.5515928Z [42/407] [firefox] › tests/fe012.spec.ts:356:1 › FE012.AC03 handed-over order routes to returns and exposes no ordinary cancel action
2026-10-10T12:14:25.5425237Z [43/407] [firefox] › tests/fe012.spec.ts:363:1 › FE012.AC05 order drafting remains usable without horizontal page overflow and passes focused axe checks
2026-10-10T12:14:29.0321407Z [44/407] [firefox] › tests/fe013.spec.ts:42:1 › FE013.C04 shipping preview distinguishes missing address, unserviceable zone, and expired mock quote
2026-10-10T12:14:34.7650122Z [45/407] [firefox] › tests/fe013.spec.ts:68:1 › FE013.AC01–AC04 stale claim conflict is visible; pick, pack, dispatch and delivery use current API versions once
2026-10-10T12:14:53.8727949Z [46/407] [firefox] › tests/fe013.spec.ts:212:1 › FE013.AC03 unknown handover cannot be repeated before command reconciliation
2026-10-10T12:15:04.9241774Z [47/407] [firefox] › tests/fe013.spec.ts:259:1 › FE013.AC01 role scope and FE013.AC05 responsive shipment/preparation views remain accessible
2026-10-10T12:15:12.5836582Z [48/407] [firefox] › tests/fe014.spec.ts:27:1 › FE014.AC01 multi-line purchase validates MOQ/pack size and binds approval to the created intent
2026-10-10T12:15:20.0655514Z [49/407] [firefox] › tests/fe014.spec.ts:79:1 › FE027.D02 supplier workspace edits the selected contact through its current version and displays MOQ offers
2026-10-10T12:15:24.0339293Z [50/407] [firefox] › tests/fe014.spec.ts:97:1 › FE014.AC02 approval covers the exact purchase intent; unknown send is blocked from blind retry
2026-10-10T12:15:34.6775614Z [51/407] [firefox] › tests/fe014.spec.ts:156:1 › FE014.S03 auto-send requires an active matching purchase delegation
2026-10-10T12:15:41.0242708Z [52/407] [firefox] › tests/fe014.spec.ts:170:1 › FE014.S04 owner manages a paused purchase delegation only after rechecking the buyer role
2026-10-10T12:15:50.8706693Z [53/407] [firefox] › tests/fe014.spec.ts:217:1 › FE014.S03 manager without procurement.receive cannot open receipt actions
2026-10-10T12:15:55.9454667Z [54/407] [firefox] › tests/fe014.spec.ts:237:1 › FE014.AC03 partial receipt posts only accepted units to synthetic stock and payable once
2026-10-10T12:16:05.0797287Z [55/407] [firefox] › tests/fe014.spec.ts:308:1 › FE014.D03/D04/D07 replenishment uses min-max rules, labels forecast limits, and blocks duplicate proposals
2026-10-10T12:16:10.9672692Z [56/407] [firefox] › tests/fe015.spec.ts:59:1 › FE015.AC01 report filters use exact timezone boundaries and mock API aggregates
2026-10-10T12:16:17.1264813Z [57/407] [firefox] › tests/fe015.spec.ts:109:1 › FE021.E08 report explanation is mock-only, cites the filtered P&L snapshot, and never writes finance data
2026-10-10T12:16:19.9565015Z [58/407] [firefox] › tests/fe015.spec.ts:130:1 › UI003 report timestamps follow the active shop timezone
2026-10-10T12:16:27.2839107Z [59/407] [firefox] › tests/fe015.spec.ts:187:1 › FE015.E02/E03 profit report renders canonical cost, gross-profit and operating-expense values
2026-10-10T12:16:29.8788739Z [60/407] [firefox] › tests/fe015.spec.ts:215:1 › FE015.AC02 journal rejects unbalanced decimal lines before POST and sends exact money strings
2026-10-10T12:16:36.4064901Z [61/407] [firefox] › tests/fe015.spec.ts:250:1 › FE015.AC02 closed accounting period is visible and disables journal draft creation
2026-10-10T12:16:43.9582779Z [62/407] [firefox] › tests/fe015.spec.ts:274:1 › FE015.AC03 CSV import keeps partial row failures visible and deduplicates external transactions
2026-10-10T12:16:50.9401672Z [63/407] [firefox] › tests/fe015.spec.ts:297:1 › UI001 reconciliation cursors stay scoped and dialogs load choices beyond the visible table page
2026-10-10T12:17:13.0944316Z [64/407] [firefox] › tests/fe015.spec.ts:424:1 › FE015.AC03 COD settlement matches net remittance plus documented fee
2026-10-10T12:17:23.7341182Z [65/407] [firefox] › tests/fe015.spec.ts:459:1 › FE015.AC03 partial bank allocation leaves the remaining amount and debt visible
2026-10-10T12:17:31.5108578Z [66/407] [firefox] › tests/fe015.spec.ts:485:1 › FE015.AC03 unknown journal posting is not resent from the same draft
2026-10-10T12:17:40.6086311Z [67/407] [firefox] › tests/fe016.spec.ts:70:1 › UI015 mobile demo tools disclose by keyboard and inbox stays within narrow viewports
2026-10-10T12:17:45.4115291Z [68/407] [firefox] › tests/fe016.spec.ts:103:1 › FE016 conversation keeps its composer visible while long demo context scrolls independently
2026-10-10T12:17:48.4915339Z [69/407] [firefox] › tests/fe016.spec.ts:210:1 › FE016.AC01 inbox filters call canonical query fields and remain bookmarked through conversation details
2026-10-10T12:17:53.0087716Z [70/407] [firefox] › tests/fe016.spec.ts:238:1 › Shared consolidation Inbox preserves selected filters and composer draft through metadata pending error empty and recovery
2026-10-10T12:17:58.2585140Z [71/407] [firefox] › tests/fe016.spec.ts:298:1 › FE016.AC01 list cursor is isolated from message cursor and restored on back navigation
2026-10-10T12:18:03.8025353Z [72/407] [firefox] › tests/fe016.spec.ts:317:1 › UI002 inbox list and message cursors stay independent through paging, conversation switch and shop change
2026-10-10T12:18:11.1065945Z [73/407] [firefox] › tests/fe016.spec.ts:406:1 › UI002 mobile keeps the list page while messages page and Back restores it
2026-10-10T12:18:17.0014343Z [74/407] [firefox] › tests/fe016.spec.ts:450:1 › UI002 Inbox search resets only the list cursor while a message page is open
2026-10-10T12:18:21.8073055Z [75/407] [firefox] › tests/fe016.spec.ts:507:1 › UI002 deep link, refresh and mobile Back preserve their own cursors
2026-10-10T12:18:26.2919646Z [76/407] [firefox] › tests/fe016.spec.ts:561:1 › UI002 list and message panel errors remain isolated
2026-10-10T12:18:34.7540882Z [77/407] [firefox] › tests/fe016.spec.ts:585:1 › UI002 send, invalidation and resync keep both cursors and send only once
2026-10-10T12:18:40.5578394Z [78/407] [firefox] › tests/fe016.spec.ts:645:1 › FE016.AC01 takeover and reply use current versions and show API send state without claiming delivery
2026-10-10T12:18:45.4952729Z [79/407] [firefox] › tests/fe016.spec.ts:672:1 › FE016.AC02 internal notes render HTML-like text inert and feedback creates only a review draft
2026-10-10T12:18:50.1755798Z [80/407] [firefox] › tests/fe016.spec.ts:705:1 › FE016.AC03 unknown send keeps the reply draft, exposes command recovery and never blindly resends
2026-10-10T12:18:54.5197647Z [81/407] [firefox] › tests/fe016.spec.ts:728:1 › FE016.AC04 role without customer/order permissions cannot open those cross-module references
2026-10-10T12:19:01.7310077Z [82/407] [firefox] › tests/fe016.spec.ts:739:1 › FE016.S03 stale takeover preserves reason and reports the version conflict
2026-10-10T12:19:05.7271691Z [83/407] [firefox] › tests/fe016.spec.ts:755:1 › FE016.B05 cross-sell promotion preview shows sample rules without applying a discount
2026-10-10T12:19:08.1579819Z [84/407] [firefox] › tests/fe016.spec.ts:769:1 › FE016.B08 capability-driven image, voice and document media upload and send by scoped file IDs
2026-10-10T12:19:14.9033937Z [85/407] [firefox] › tests/fe016.spec.ts:835:1 › FE016.B09 pending media send preserves newer text and blocks blind retry after unknown outcome
2026-10-10T12:19:23.2209642Z [86/407] [firefox] › tests/fe016.spec.ts:879:1 › FE016.B10 a channel without an explicit media policy keeps text composer and denies attachments
2026-10-10T12:19:25.8296688Z [87/407] [firefox] › tests/fe016.spec.ts:891:1 › FE027.B01 industry sales script preview asks for missing facts and stays a local draft
2026-10-10T12:19:29.1135020Z [88/407] [firefox] › tests/fe016.spec.ts:907:1 › FE027.B02 inbox price and available stock preview uses current canonical mock reads
2026-10-10T12:19:31.8853518Z [89/407] [firefox] › tests/fe016.spec.ts:928:1 › FE027.B03 order capture links the active customer and conversation into the manual order form
2026-10-10T12:19:36.2201137Z [90/407] [firefox] › tests/fe016.spec.ts:938:1 › FE027.B04 automatic order confirmation stays unavailable until policy and customer evidence exist
2026-10-10T12:19:38.8564740Z [91/407] [firefox] › tests/fe017-validation.spec.ts:15:1 › FE017 synthetic 422 keeps the knowledge draft fields and shows field errors
2026-10-10T12:19:47.5329969Z [92/407] [firefox] › tests/fe017.spec.ts:26:1 › FE017.AC01 demo publishing uses the approved permission and lifecycle substitute without an API allowedActions field
2026-10-10T12:19:58.0894745Z [93/407] [firefox] › tests/fe017.spec.ts:117:1 › FE017.AC02 knowledge file upload sends canonical purpose and detail reads processing status
2026-10-10T12:20:03.3661495Z [94/407] [firefox] › tests/fe017.spec.ts:156:1 › FE017 price and stock source preview uses canonical product and timestamped inventory APIs
2026-10-10T12:20:05.5020249Z [95/407] [firefox] › tests/fe017.spec.ts:189:1 › FE017.AC03 missing content, unsupported and oversized files keep creation unavailable
2026-10-10T12:20:08.4422709Z [96/407] [firefox] › tests/fe017.spec.ts:211:1 › FE017.AC04 feedback approval creates inert draft content and its first revision only
2026-10-10T12:20:17.1376967Z [97/407] [firefox] › tests/fe017.spec.ts:244:1 › FE017.AC05 manager sees knowledge read-only and synthetic API rejects purpose-specific upload and publish
2026-10-10T12:20:20.3783499Z [98/407] [firefox] › tests/fe017.spec.ts:265:1 › FE017.AC06 stale review preserves the reason and explains the conflict
2026-10-10T12:20:23.8176515Z [99/407] [firefox] › tests/fe017.spec.ts:280:1 › FE027.G02 product content brief edits source, size, warranty, alternatives, and forbidden claims locally
2026-10-10T12:20:26.3024485Z [100/407] [firefox] › tests/fe017.spec.ts:298:1 › FE027.G03 policy revisions keep the published snapshot immutable when a draft changes
2026-10-10T12:20:29.1003575Z [101/407] [firefox] › tests/fe018.spec.ts:130:1 › FE018.S01 maps routes and operations to the canonical OpenAPI permissions
2026-10-10T12:20:29.5711369Z [102/407] [firefox] › tests/fe018.spec.ts:147:1 › FE018.AC01/04 draft saves use the contract version and keep human order confirmation locked after a conflict
2026-10-10T12:20:41.3741742Z [103/407] [firefox] › tests/fe018.spec.ts:178:1 › FE018.AC03 evaluation is synthetic, revision-bound, and cannot publish a stale draft
2026-10-10T12:20:49.6278281Z [104/407] [firefox] › tests/fe018.spec.ts:202:1 › FE018.AC01/04 successful publish is tied to the tested revision and pause explains its boundary
2026-10-10T12:20:57.4484302Z [105/407] [firefox] › tests/fe018.spec.ts:232:1 › FE018.AC03 playground sends no external message and preserves unknown cost and token values
2026-10-10T12:21:01.6475803Z [106/407] [firefox] › tests/fe018.spec.ts:254:1 › FE018.S03 synthetic budget and tool denials retain the prompt and never show a generated answer
2026-10-10T12:21:08.0222607Z [107/407] [firefox] › tests/fe018.spec.ts:280:1 › FE027.H03 budget and provider failover preview refuses silent provider switching on exhaustion
2026-10-10T12:21:11.8569876Z [108/407] [firefox] › tests/fe018.spec.ts:294:1 › FE018.AC02 role kill switch is versioned, preserves API tools, and does not pause the whole bot
2026-10-10T12:21:21.8275030Z [109/407] [firefox] › tests/fe018.spec.ts:335:1 › FE018.AC02 expired, wrong-scope, and matching approvals produce honest budget results
2026-10-10T12:21:27.8167250Z [110/407] [firefox] › tests/fe018.spec.ts:363:1 › FE018.AC05 manager and bot-admin roles cannot use operations outside their canonical permissions
2026-10-10T12:21:34.3176819Z [111/407] [firefox] › tests/fe018.spec.ts:395:1 › FE018.AC05 unknown role command stays unresolved and does not claim successful resumption
2026-10-10T12:21:40.3728694Z [112/407] [firefox] › tests/fe018.spec.ts:411:1 › UI004 25 evaluations: cursor pages reach the last record and preserve detail, search, and browser Back state
2026-10-10T12:21:49.6323492Z [firefox] › tests/fe018.spec.ts:411:1 › UI004 25 evaluations: cursor pages reach the last record and preserve detail, search, and browser Back state
2026-10-10T12:21:49.6326573Z UI004_25_ACCEPTANCE={"total":25,"pageSizes":[20,5],"cursor":"evaluation-10016","oldestRecord":"evaluation-10001","oldestReachable":true,"detailPreservedCursor":true,"browserBackRestoredFirstPage":true,"searchResetCursor":true}
2026-10-10T12:21:49.6327687Z 
2026-10-10T12:21:53.5697727Z [113/407] [firefox] › tests/fe018.spec.ts:457:1 › UI004 105 evaluations: cursor traversal reaches every record and retains the failing cursor for retry
2026-10-10T12:22:14.5665001Z [firefox] › tests/fe018.spec.ts:457:1 › UI004 105 evaluations: cursor traversal reaches every record and retains the failing cursor for retry
2026-10-10T12:22:14.5667558Z UI004_105_ACCEPTANCE={"total":105,"pageSizes":[20,20,20,20,20,5],"pagesVisited":6,"cursorRequests":["evaluation-10256","evaluation-10196","evaluation-10136","evaluation-10076","evaluation-10016"],"uniqueRecords":105,"oldestRecord":"evaluation-10001","oldestReachable":true,"failedCursorRetainedForRetry":"evaluation-10196","errorShowsNoFabricatedRows":true,"retrySucceeded":true}
2026-10-10T12:22:14.5668952Z 
2026-10-10T12:22:14.6591295Z [114/407] [firefox] › tests/fe019.spec.ts:21:1 › FE019.S01 maps integrations and notification routes, actions, schemas, and mock boundaries
2026-10-10T12:22:14.9676211Z [115/407] [firefox] › tests/fe019.spec.ts:70:1 › FE019.AC01 AI secret is write-only, cleared after submit, and absent from stored/read data
2026-10-10T12:22:20.5188074Z [116/407] [firefox] › tests/fe019.spec.ts:117:1 › FE019.AC01 invalid mock credential is rejected, cleared from the form, and not submitted
2026-10-10T12:22:23.7075226Z [117/407] [firefox] › tests/fe019.spec.ts:138:1 › FE019.AC02 channel OAuth failure stays on the page and never marks a channel connected
2026-10-10T12:22:26.0809080Z [118/407] [firefox] › tests/fe019.spec.ts:172:1 › FE019.AC03/04 device, Telegram, and PWA checks stay synthetic and do not request OS permission
2026-10-10T12:22:32.8794597Z [119/407] [firefox] › tests/fe019.spec.ts:251:1 › FE019.AC05 notification policy validates canonical numeric bounds before sending and acknowledges only allowed work
2026-10-10T12:22:37.6570334Z [120/407] [firefox] › tests/fe019.spec.ts:273:1 › FE019.A03 notification order link stays within the active shop scope
2026-10-10T12:22:41.4271669Z [121/407] [firefox] › tests/fe019.spec.ts:282:1 › FE019.A05 reminder policy saves shop-local schedule and quiet hours through the synthetic API
2026-10-10T12:22:44.9364855Z [122/407] [firefox] › tests/fe019.spec.ts:309:1 › FE027.A02/A07 preparation notification keeps order evidence and separates queued, opened, and acknowledged states
2026-10-10T12:22:47.1372966Z [123/407] [firefox] › tests/fe019.spec.ts:334:1 › FE027.A08 notification settings disclose server-only deduplication and callback safeguards
2026-10-10T12:22:55.2811038Z [124/407] [firefox] › tests/fe020.spec.ts:43:1 › FE020.AC01 approval detail is fetched and a changed source resource rejects the stale decision
2026-10-10T12:23:04.3226986Z [125/407] [firefox] › tests/fe020.spec.ts:89:1 › FE020.AC02/03 work-item actions follow allowedActions and operations health stays explicitly synthetic
2026-10-10T12:23:10.2228874Z [126/407] [firefox] › tests/fe020.spec.ts:140:1 › FE020.AC03 role pause control uses the canonical versioned mock and never claims readiness
2026-10-10T12:23:13.5827592Z [127/407] [firefox] › tests/fe020.spec.ts:157:1 › FE020.F03 operations exception filter groups overdue, blocked, and unclaimed synthetic work
2026-10-10T12:23:16.1397620Z [128/407] [firefox] › tests/fe020.spec.ts:178:1 › FE020.F05 purchase delegation is bounded, saved paused, and requires a separate activation decision
2026-10-10T12:23:22.9450325Z [129/407] [firefox] › tests/fe020.spec.ts:209:1 › FE020.F06/H01 digest and dependency health panels show synthetic history without claiming workers are ready
2026-10-10T12:23:25.1515413Z [130/407] [firefox] › tests/fe020.spec.ts:242:1 › FE027.H08 restore and release readiness stay unknown without a verified rehearsal or deployment gate
2026-10-10T12:23:27.9184407Z [131/407] [firefox] › tests/fe021.spec.ts:34:1 › FE021 dashboard keeps independent panels usable and hides finance fields without finance.read
2026-10-10T12:23:33.4056824Z [132/407] [firefox] › tests/fe021.spec.ts:46:1 › FE021 timezone and privacy validation waits for interaction and blocks invalid writes
2026-10-10T12:23:39.7824738Z [133/407] [firefox] › tests/fe021.spec.ts:82:1 › FE021 approval and shipment work queues appear before sample previews
2026-10-10T12:23:50.6620040Z [134/407] [firefox] › tests/fe021.spec.ts:104:1 › FE021 marketing filters preserve API-side aggregates, URL context and missing actual spend
2026-10-10T12:23:58.7738796Z [135/407] [firefox] › tests/fe021.spec.ts:170:5 › FE021 marketing filters preserve edits while the default period response is pending
2026-10-10T12:24:08.3843400Z [136/407] [firefox] › tests/fe021.spec.ts:170:5 › FE021 marketing filters preserve edits while the canonical period response is pending
2026-10-10T12:24:18.5129838Z [137/407] [firefox] › tests/fe021.spec.ts:234:1 › FE021 invalid marketing deep links mark the responsible field and never send the invalid range
2026-10-10T12:24:20.9826289Z [138/407] [firefox] › tests/fe021.spec.ts:248:1 › FE021 export uses inclusive shop-local boundaries, safe CSV, API jobs and cursor pagination
2026-10-10T12:24:31.1667616Z [139/407] [firefox] › tests/fe021.spec.ts:303:1 › FE021 mock rejects an export when reports.export lacks the source permission
2026-10-10T12:24:34.8014899Z [140/407] [firefox] › tests/fe021.spec.ts:323:1 › FE021 mock rejects an invalid report timezone before creating an export job
2026-10-10T12:24:37.3781332Z [141/407] [firefox] › tests/fe021.spec.ts:343:1 › FE021 ambiguous export result preserves the selected dates and never exposes a download
2026-10-10T12:24:41.7692327Z [142/407] [firefox] › tests/fe021.spec.ts:356:1 › FE021 empty report and marketing payloads render explicit empty states
2026-10-10T12:24:47.8641278Z [143/407] [firefox] › tests/fe021.spec.ts:375:1 › FE021 stale export conflict preserves dates and never exposes a download
2026-10-10T12:24:57.9514238Z [144/407] [firefox] › tests/frontend-corrections.spec.ts:18:1 › F01 preserves a customer draft, compares three snapshots, and PATCHes only chosen changes
2026-10-10T12:25:05.5623667Z [145/407] [firefox] › tests/frontend-corrections.spec.ts:46:1 › F01 requires an explicit choice for a field changed by both editors
2026-10-10T12:25:10.3283947Z [146/407] [firefox] › tests/frontend-corrections.spec.ts:62:1 › F06 detects an order draft and blocks navigation until explicit discard
2026-10-10T12:25:15.0195378Z [147/407] [firefox] › tests/frontend-corrections.spec.ts:75:1 › F02 retains an unsaved product image through an unrelated refetch
2026-10-10T12:25:19.2594603Z [148/407] [firefox] › tests/frontend-corrections.spec.ts:87:1 › F03 retains notification-policy inputs through a background resync and navigation
2026-10-10T12:25:22.8484412Z [149/407] [firefox] › tests/frontend-corrections.spec.ts:98:1 › F05 keeps text typed while a previous internal note is pending
2026-10-10T12:25:27.6606703Z [150/407] [firefox] › tests/frontend-corrections.spec.ts:113:1 › F08 validates 4001 customer-note characters at the field and accepts 4000
2026-10-10T12:25:33.8036590Z [151/407] [firefox] › tests/frontend-corrections.spec.ts:147:1 › F07 routes the fulfillment footer close through the shared discard guard
2026-10-10T12:25:36.8268557Z [152/407] [firefox] › tests/frontend-corrections.spec.ts:161:1 › F09 refreshes new Inbox messages without refetching the visible product and stock snapshots
2026-10-10T12:25:40.1045210Z [153/407] [firefox] › tests/frontend-corrections.spec.ts:191:1 › F01 shop settings merges a server-only locale change and preserves edits typed during save
2026-10-10T12:25:49.9138424Z [154/407] [firefox] › tests/frontend-corrections.spec.ts:219:1 › F03 privacy policy preserves refetch drafts and compares before applying the newest version
2026-10-10T12:25:53.7167439Z [155/407] [firefox] › tests/frontend-corrections.spec.ts:236:1 › F01 category keeps a late edit after saving, and reopens with a clean current baseline
2026-10-10T12:25:59.0515734Z [156/407] [firefox] › tests/frontend-corrections.spec.ts:257:1 › F01 supplier preserves a concurrent server-only term and PATCHes the local name
2026-10-10T12:26:03.3390399Z [157/407] [firefox] › tests/frontend-corrections.spec.ts:274:1 › F08 customer update enforces 4000/4001 before HTTP and retains a 422 draft
2026-10-10T12:26:08.7700453Z [158/407] [firefox] › tests/frontend-corrections.spec.ts:302:1 › F05 keeps mode changes and unknown sends, locks another send, and observes recovery-registry completion
2026-10-10T12:26:13.1857074Z [159/407] [firefox] › tests/frontend-corrections.spec.ts:328:1 › F01 order editor keeps its original version and compares whole line lists before PATCH
2026-10-10T12:26:19.1075543Z [160/407] [firefox] › tests/frontend-corrections.spec.ts:350:1 › F06 guards added order rows, shop switch, logout and native reload; successful creation leaves no false guard
2026-10-10T12:26:38.6308603Z [161/407] [firefox] › tests/frontend-corrections.spec.ts:375:1 › F01 analogous return-inspection draft does not adopt a refetched version without comparison
2026-10-10T12:26:43.7556739Z [162/407] [firefox] › tests/frontend-corrections.spec.ts:415:1 › F01 comparison supports keyboard choices, server changes again, axe and 320px reflow with long content
2026-10-10T12:26:49.5153115Z [163/407] [firefox] › tests/frontend-corrections.spec.ts:444:1 › F08 privacy bounds reject invalid days and long jurisdiction before HTTP
2026-10-10T12:27:01.5478061Z [164/407] [firefox] › tests/frontend-corrections.spec.ts:474:1 › F06 order custom close respects the draft guard and busy editors remain protected
2026-10-10T12:27:08.3670147Z [165/407] [firefox] › tests/frontend.spec.ts:41:1 › catalog create uses the HTTP mock and successful save clears the draft guard
2026-10-10T12:27:16.9669270Z [166/407] [firefox] › tests/frontend.spec.ts:73:1 › dirty drafts block in-app navigation and preserve input until the user decides
2026-10-10T12:27:22.9066610Z [167/407] [firefox] › tests/frontend.spec.ts:91:1 › all canonical routes render inside the real React demo application
2026-10-10T12:29:26.9717695Z [168/407] [firefox] › tests/frontend.spec.ts:116:1 › switching shops cancels a delayed request and loads only the new shop scope
2026-10-10T12:29:36.3127043Z [169/407] [firefox] › tests/frontend.spec.ts:134:1 › role changes remove restricted navigation and the route guard explains denied access
2026-10-10T12:29:40.3253850Z [170/407] [firefox] › tests/frontend.spec.ts:147:1 › deep links survive browser refresh and logout clears the mock session
2026-10-10T12:29:45.2274964Z [171/407] [firefox] › tests/frontend.spec.ts:160:1 › logout asks before discarding a draft and retains the session when logout fails
2026-10-10T12:29:49.2635801Z [172/407] [firefox] › tests/frontend.spec.ts:217:1 › mobile navigation opens, routes, and closes without viewport overflow
2026-10-10T12:29:53.5521356Z [173/407] [firefox] › tests/frontend.spec.ts:231:1 › chunk loading errors use the route recovery boundary
2026-10-10T12:30:02.5825606Z [174/407] [firefox] › tests/frontend.spec.ts:270:1 › live mode reports an unavailable session API without enabling mock data
2026-10-10T12:30:03.8616198Z [175/407] [firefox] › tests/route-role-matrix.spec.ts:44:1 › route read access matches canonical permissions for every demo role
2026-10-10T12:31:13.3740550Z [firefox] › tests/route-role-matrix.spec.ts:44:1 › route read access matches canonical permissions for every demo role
2026-10-10T12:31:13.3749461Z ROUTE_ROLE_MATRIX_CASES=399 ROLES=7 PRIVATE_ROUTES=57 RESULT=PASS
2026-10-10T12:31:13.3750284Z 
2026-10-10T12:31:13.5067024Z [176/407] [firefox] › tests/security.spec.ts:36:1 › untrusted product text renders as text without activating markup
2026-10-10T12:31:20.1057991Z [177/407] [firefox] › tests/security.spec.ts:54:1 › catalog import rejects a non-CSV file before an upload request
2026-10-10T12:31:22.8608797Z [178/407] [firefox] › tests/security.spec.ts:72:1 › catalog import rejects files above the demo size limit before upload
2026-10-10T12:31:25.8727386Z [179/407] [firefox] › tests/security.spec.ts:90:1 › mock uploads require a purpose, enforce its role, and fingerprint file content for retries
2026-10-10T12:31:32.9344907Z [180/407] [firefox] › tests/session/demo-server-cache-isolation.spec.ts:7:1 › concurrent demo servers use isolated Vite caches and load the React app
2026-10-10T12:31:34.0314929Z [firefox] › tests/session/demo-server-cache-isolation.spec.ts:7:1 › concurrent demo servers use isolated Vite caches and load the React app
2026-10-10T12:31:34.0354166Z VITE_CACHE_ISOLATION=PASS rootA=/tmp/botsales-vite-cache/2fbc71299afedf720605/test-demo/playwright-5818-843c8f0c-e666-4b77-a525-5c82b128cda0-parallel-a rootB=/tmp/botsales-vite-cache/2fbc71299afedf720605/test-demo/playwright-5818-843c8f0c-e666-4b77-a525-5c82b128cda0-parallel-b otherCheckout=true
2026-10-10T12:31:34.0394345Z 
2026-10-10T12:31:40.9132925Z [181/407] [firefox] › tests/session/demo-worker-startup.spec.ts:17:1 › demo conditional module requests return complete exports without changing live or non-asset caching
2026-10-10T12:31:55.0421039Z [182/407] [firefox] › tests/session/demo-worker-startup.spec.ts:80:1 › demo startup explains the required setup when the browser blocks Service Workers
2026-10-10T12:31:56.3765093Z [183/407] [firefox] › tests/session/session-revocation.spec.ts:20:1 › session.revoked SSE closes the stream and clears the active shop session
2026-10-10T12:32:00.2189182Z [184/407] [firefox] › tests/session/session-unauthorized.spec.ts:17:1 › expired live session redirects to login and preserves the requested shop route
2026-10-10T12:32:03.1447133Z [185/407] [firefox] › tests/states/fe023.spec.ts:18:1 › FE023.S04 a dirty dialog keeps the form value until the user confirms discard
2026-10-10T12:32:08.1558342Z [186/407] [firefox] › tests/states/fe023.spec.ts:36:1 › FE023.S03 a customer lookup loads the next cursor page without dropping earlier choices
2026-10-10T12:32:14.0265480Z [187/407] [firefox] › tests/states/fe023.spec.ts:77:1 › FE023.S04 delayed requests show loading and failed refresh keeps a retry path
2026-10-10T12:32:25.2165435Z [188/407] [firefox] › tests/states/fe023.spec.ts:107:1 › FE023 unsaved shop settings are preserved when navigation switches shop scope
2026-10-10T12:32:30.7107272Z [189/407] [firefox] › tests/states/fe023.spec.ts:125:1 › FE023 a saved shop form resets its dirty baseline and reports success
2026-10-10T12:32:34.6525568Z [190/407] [firefox] › tests/states/route-empty-composition.spec.ts:29:1 › empty collection responses render accessible empty states on canonical list routes
2026-10-10T12:32:41.4707452Z [firefox] › tests/states/route-empty-composition.spec.ts:29:1 › empty collection responses render accessible empty states on canonical list routes
2026-10-10T12:32:41.4709086Z ROUTE_EMPTY_COMPOSITION_PROGRESS=3/11
2026-10-10T12:32:41.4709756Z 
2026-10-10T12:32:42.6768851Z ROUTE_EMPTY_COMPOSITION_PROGRESS=6/11
2026-10-10T12:32:42.6769396Z 
2026-10-10T12:32:45.7443181Z ROUTE_EMPTY_COMPOSITION_PROGRESS=9/11
2026-10-10T12:32:45.7443631Z 
2026-10-10T12:32:45.9444238Z ROUTE_EMPTY_COMPOSITION=11/11 RESULT=PASS
2026-10-10T12:32:45.9445035Z 
2026-10-10T12:32:46.0648089Z [191/407] [firefox] › tests/states/route-error-composition.spec.ts:44:9 › every shop route composes the shared API error state with its page content › R04 /s/:shopId/overview
2026-10-10T12:32:53.7621606Z [firefox] › tests/states/route-error-composition.spec.ts:44:9 › every shop route composes the shared API error state with its page content › R04 /s/:shopId/overview
2026-10-10T12:32:53.7623401Z ROUTE_ERROR_COMPOSITION_ROUTE=R04 RESULT=PASS
2026-10-10T12:32:53.7623798Z 
2026-10-10T12:33:00.5487502Z [192/407] [firefox] › tests/states/route-error-composition.spec.ts:44:9 › every shop route composes the shared API error state with its page content › R05 /s/:shopId/inbox
2026-10-10T12:33:06.7747002Z [firefox] › tests/states/route-error-composition.spec.ts:44:9 › every shop route composes the shared API error state with its page content › R05 /s/:shopId/inbox
2026-10-10T12:33:06.7748853Z ROUTE_ERROR_COMPOSITION_ROUTE=R05 RESULT=PASS
2026-10-10T12:33:06.7749989Z 
2026-10-10T12:33:06.8389415Z [193/407] [firefox] › tests/states/route-error-composition.spec.ts:44:9 › every shop route composes the shared API error state with its page content › R06 /s/:shopId/inbox/:conversationId
2026-10-10T12:33:13.2673757Z [firefox] › tests/states/route-error-composition.spec.ts:44:9 › every shop route composes the shared API error state with its page content › R06 /s/:shopId/inbox/:conversationId
2026-10-10T12:33:13.2674679Z ROUTE_ERROR_COMPOSITION_ROUTE=R06 RESULT=PASS
2026-10-10T12:33:13.2674912Z 
2026-10-10T12:33:13.3120630Z [194/407] [firefox] › tests/states/route-error-composition.spec.ts:44:9 › every shop route composes the shared API error state with its page content › R07 /s/:shopId/customers
2026-10-10T12:33:19.7594541Z [firefox] › tests/states/route-error-composition.spec.ts:44:9 › every shop route composes the shared API error state with its page content › R07 /s/:shopId/customers
2026-10-10T12:33:19.7595445Z ROUTE_ERROR_COMPOSITION_ROUTE=R07 RESULT=PASS
2026-10-10T12:33:19.7595681Z 
2026-10-10T12:33:19.8443761Z [195/407] [firefox] › tests/states/route-error-composition.spec.ts:44:9 › every shop route composes the shared API error state with its page content › R08 /s/:shopId/customers/:customerId
2026-10-10T12:33:26.1029778Z [firefox] › tests/states/route-error-composition.spec.ts:44:9 › every shop route composes the shared API error state with its page content › R08 /s/:shopId/customers/:customerId
2026-10-10T12:33:26.1033552Z ROUTE_ERROR_COMPOSITION_ROUTE=R08 RESULT=PASS
2026-10-10T12:33:26.1034405Z 
2026-10-10T12:33:26.1608536Z [196/407] [firefox] › tests/states/route-error-composition.spec.ts:44:9 › every shop route composes the shared API error state with its page content › R09 /s/:shopId/products
2026-10-10T12:33:33.0275866Z [firefox] › tests/states/route-error-composition.spec.ts:44:9 › every shop route composes the shared API error state with its page content › R09 /s/:shopId/products
2026-10-10T12:33:33.0276795Z ROUTE_ERROR_COMPOSITION_ROUTE=R09 RESULT=PASS
2026-10-10T12:33:33.0277028Z 
2026-10-10T12:33:33.0692619Z [197/407] [firefox] › tests/states/route-error-composition.spec.ts:44:9 › every shop route composes the shared API error state with its page content › R10 /s/:shopId/products/new
2026-10-10T12:33:39.7876306Z [firefox] › tests/states/route-error-composition.spec.ts:44:9 › every shop route composes the shared API error state with its page content › R10 /s/:shopId/products/new
2026-10-10T12:33:39.7878203Z ROUTE_ERROR_COMPOSITION_ROUTE=R10 RESULT=PASS
2026-10-10T12:33:39.8283889Z 
2026-10-10T12:33:39.8286215Z [198/407] [firefox] › tests/states/route-error-composition.spec.ts:44:9 › every shop route composes the shared API error state with its page content › R11 /s/:shopId/products/:productId
2026-10-10T12:33:45.9259405Z [firefox] › tests/states/route-error-composition.spec.ts:44:9 › every shop route composes the shared API error state with its page content › R11 /s/:shopId/products/:productId
2026-10-10T12:33:45.9261217Z ROUTE_ERROR_COMPOSITION_ROUTE=R11 RESULT=PASS
2026-10-10T12:33:45.9261724Z 
2026-10-10T12:33:45.9688318Z [199/407] [firefox] › tests/states/route-error-composition.spec.ts:44:9 › every shop route composes the shared API error state with its page content › R12 /s/:shopId/categories
2026-10-10T12:33:52.4138413Z [firefox] › tests/states/route-error-composition.spec.ts:44:9 › every shop route composes the shared API error state with its page content › R12 /s/:shopId/categories
2026-10-10T12:33:52.4163826Z ROUTE_ERROR_COMPOSITION_ROUTE=R12 RESULT=PASS
2026-10-10T12:33:52.4189305Z 
2026-10-10T12:33:52.4827695Z [200/407] [firefox] › tests/states/route-error-composition.spec.ts:44:9 › every shop route composes the shared API error state with its page content › R13 /s/:shopId/imports
2026-10-10T12:33:58.8151319Z [firefox] › tests/states/route-error-composition.spec.ts:44:9 › every shop route composes the shared API error state with its page content › R13 /s/:shopId/imports
2026-10-10T12:33:58.8152800Z ROUTE_ERROR_COMPOSITION_ROUTE=R13 RESULT=PASS
2026-10-10T12:33:58.8153045Z 
2026-10-10T12:33:58.8652776Z [201/407] [firefox] › tests/states/route-error-composition.spec.ts:44:9 › every shop route composes the shared API error state with its page content › R14 /s/:shopId/imports/:jobId
2026-10-10T12:34:05.2105157Z [firefox] › tests/states/route-error-composition.spec.ts:44:9 › every shop route composes the shared API error state with its page content › R14 /s/:shopId/imports/:jobId
2026-10-10T12:34:05.2107513Z ROUTE_ERROR_COMPOSITION_ROUTE=R14 RESULT=PASS
2026-10-10T12:34:05.2108425Z 
2026-10-10T12:34:12.2026200Z [202/407] [firefox] › tests/states/route-error-composition.spec.ts:44:9 › every shop route composes the shared API error state with its page content › R15 /s/:shopId/inventory
2026-10-10T12:34:18.5294841Z [firefox] › tests/states/route-error-composition.spec.ts:44:9 › every shop route composes the shared API error state with its page content › R15 /s/:shopId/inventory
2026-10-10T12:34:18.5297221Z ROUTE_ERROR_COMPOSITION_ROUTE=R15 RESULT=PASS
2026-10-10T12:34:18.5297754Z 
2026-10-10T12:34:18.5748258Z [203/407] [firefox] › tests/states/route-error-composition.spec.ts:44:9 › every shop route composes the shared API error state with its page content › R16 /s/:shopId/inventory/movements
2026-10-10T12:34:24.9209776Z [firefox] › tests/states/route-error-composition.spec.ts:44:9 › every shop route composes the shared API error state with its page content › R16 /s/:shopId/inventory/movements
2026-10-10T12:34:24.9212636Z ROUTE_ERROR_COMPOSITION_ROUTE=R16 RESULT=PASS
2026-10-10T12:34:24.9213519Z 
2026-10-10T12:34:24.9717490Z [204/407] [firefox] › tests/states/route-error-composition.spec.ts:44:9 › every shop route composes the shared API error state with its page content › R17 /s/:shopId/orders
2026-10-10T12:34:31.8186543Z [firefox] › tests/states/route-error-composition.spec.ts:44:9 › every shop route composes the shared API error state with its page content › R17 /s/:shopId/orders
2026-10-10T12:34:31.8188095Z ROUTE_ERROR_COMPOSITION_ROUTE=R17 RESULT=PASS
2026-10-10T12:34:31.8188490Z 
2026-10-10T12:34:31.8823632Z [205/407] [firefox] › tests/states/route-error-composition.spec.ts:44:9 › every shop route composes the shared API error state with its page content › R18 /s/:shopId/orders/new
2026-10-10T12:34:37.8448617Z [firefox] › tests/states/route-error-composition.spec.ts:44:9 › every shop route composes the shared API error state with its page content › R18 /s/:shopId/orders/new
2026-10-10T12:34:37.8450202Z ROUTE_ERROR_COMPOSITION_ROUTE=R18 RESULT=PASS
2026-10-10T12:34:37.8450606Z 
2026-10-10T12:34:37.8966245Z [206/407] [firefox] › tests/states/route-error-composition.spec.ts:44:9 › every shop route composes the shared API error state with its page content › R19 /s/:shopId/orders/:orderId
2026-10-10T12:34:43.6345235Z [firefox] › tests/states/route-error-composition.spec.ts:44:9 › every shop route composes the shared API error state with its page content › R19 /s/:shopId/orders/:orderId
2026-10-10T12:34:43.6347111Z ROUTE_ERROR_COMPOSITION_ROUTE=R19 RESULT=PASS
2026-10-10T12:34:43.6347585Z 
2026-10-10T12:34:43.7192797Z [207/407] [firefox] › tests/states/route-error-composition.spec.ts:44:9 › every shop route composes the shared API error state with its page content › R20 /s/:shopId/finance
2026-10-10T12:34:50.3031225Z [firefox] › tests/states/route-error-composition.spec.ts:44:9 › every shop route composes the shared API error state with its page content › R20 /s/:shopId/finance
2026-10-10T12:34:50.3033230Z ROUTE_ERROR_COMPOSITION_ROUTE=R20 RESULT=PASS
2026-10-10T12:34:50.3033748Z 
2026-10-10T12:34:50.3448435Z [208/407] [firefox] › tests/states/route-error-composition.spec.ts:44:9 › every shop route composes the shared API error state with its page content › R21 /s/:shopId/finance/entries
2026-10-10T12:34:56.6491852Z [firefox] › tests/states/route-error-composition.spec.ts:44:9 › every shop route composes the shared API error state with its page content › R21 /s/:shopId/finance/entries
2026-10-10T12:34:56.6494284Z ROUTE_ERROR_COMPOSITION_ROUTE=R21 RESULT=PASS
2026-10-10T12:34:56.6494811Z 
2026-10-10T12:34:56.6934903Z [209/407] [firefox] › tests/states/route-error-composition.spec.ts:44:9 › every shop route composes the shared API error state with its page content › R22 /s/:shopId/finance/profit-loss
2026-10-10T12:35:03.1406305Z [firefox] › tests/states/route-error-composition.spec.ts:44:9 › every shop route composes the shared API error state with its page content › R22 /s/:shopId/finance/profit-loss
2026-10-10T12:35:03.1407525Z ROUTE_ERROR_COMPOSITION_ROUTE=R22 RESULT=PASS
2026-10-10T12:35:03.1407772Z 
2026-10-10T12:35:03.1794426Z [210/407] [firefox] › tests/states/route-error-composition.spec.ts:44:9 › every shop route composes the shared API error state with its page content › R23 /s/:shopId/knowledge
2026-10-10T12:35:09.5787648Z [firefox] › tests/states/route-error-composition.spec.ts:44:9 › every shop route composes the shared API error state with its page content › R23 /s/:shopId/knowledge
2026-10-10T12:35:09.5789227Z ROUTE_ERROR_COMPOSITION_ROUTE=R23 RESULT=PASS
2026-10-10T12:35:09.5789687Z 
2026-10-10T12:35:09.6285329Z [211/407] [firefox] › tests/states/route-error-composition.spec.ts:44:9 › every shop route composes the shared API error state with its page content › R24 /s/:shopId/knowledge/:knowledgeId
2026-10-10T12:35:15.3598234Z [firefox] › tests/states/route-error-composition.spec.ts:44:9 › every shop route composes the shared API error state with its page content › R24 /s/:shopId/knowledge/:knowledgeId
2026-10-10T12:35:15.3599462Z ROUTE_ERROR_COMPOSITION_ROUTE=R24 RESULT=PASS
2026-10-10T12:35:15.3599885Z 
2026-10-10T12:35:22.5860950Z [212/407] [firefox] › tests/states/route-error-composition.spec.ts:44:9 › every shop route composes the shared API error state with its page content › R25 /s/:shopId/knowledge/review
2026-10-10T12:35:28.5384965Z [firefox] › tests/states/route-error-composition.spec.ts:44:9 › every shop route composes the shared API error state with its page content › R25 /s/:shopId/knowledge/review
2026-10-10T12:35:28.5386464Z ROUTE_ERROR_COMPOSITION_ROUTE=R25 RESULT=PASS
2026-10-10T12:35:28.5386846Z 
2026-10-10T12:35:28.6074925Z [213/407] [firefox] › tests/states/route-error-composition.spec.ts:44:9 › every shop route composes the shared API error state with its page content › R26 /s/:shopId/bot
2026-10-10T12:35:34.9692575Z [firefox] › tests/states/route-error-composition.spec.ts:44:9 › every shop route composes the shared API error state with its page content › R26 /s/:shopId/bot
2026-10-10T12:35:34.9694096Z ROUTE_ERROR_COMPOSITION_ROUTE=R26 RESULT=PASS
2026-10-10T12:35:34.9694499Z 
2026-10-10T12:35:35.0228266Z [214/407] [firefox] › tests/states/route-error-composition.spec.ts:44:9 › every shop route composes the shared API error state with its page content › R27 /s/:shopId/bot/playground
2026-10-10T12:35:40.5892581Z [firefox] › tests/states/route-error-composition.spec.ts:44:9 › every shop route composes the shared API error state with its page content › R27 /s/:shopId/bot/playground
2026-10-10T12:35:40.5893557Z ROUTE_ERROR_COMPOSITION_ROUTE=R27 RESULT=PASS
2026-10-10T12:35:40.5893797Z 
2026-10-10T12:35:40.6373499Z [215/407] [firefox] › tests/states/route-error-composition.spec.ts:44:9 › every shop route composes the shared API error state with its page content › R28 /s/:shopId/bot/evaluations
2026-10-10T12:35:46.3479801Z [firefox] › tests/states/route-error-composition.spec.ts:44:9 › every shop route composes the shared API error state with its page content › R28 /s/:shopId/bot/evaluations
2026-10-10T12:35:46.3481403Z ROUTE_ERROR_COMPOSITION_ROUTE=R28 RESULT=PASS
2026-10-10T12:35:46.3481822Z 
2026-10-10T12:35:46.3854321Z [216/407] [firefox] › tests/states/route-error-composition.spec.ts:44:9 › every shop route composes the shared API error state with its page content › R29 /s/:shopId/integrations/channels
2026-10-10T12:35:52.6217210Z [firefox] › tests/states/route-error-composition.spec.ts:44:9 › every shop route composes the shared API error state with its page content › R29 /s/:shopId/integrations/channels
2026-10-10T12:35:52.6219376Z ROUTE_ERROR_COMPOSITION_ROUTE=R29 RESULT=PASS
2026-10-10T12:35:52.6221472Z 
2026-10-10T12:35:52.6768155Z [217/407] [firefox] › tests/states/route-error-composition.spec.ts:44:9 › every shop route composes the shared API error state with its page content › R30 /s/:shopId/integrations/ai
2026-10-10T12:35:58.1368784Z [firefox] › tests/states/route-error-composition.spec.ts:44:9 › every shop route composes the shared API error state with its page content › R30 /s/:shopId/integrations/ai
2026-10-10T12:35:58.1370456Z ROUTE_ERROR_COMPOSITION_ROUTE=R30 RESULT=PASS
2026-10-10T12:35:58.1371065Z 
2026-10-10T12:35:58.1829508Z [218/407] [firefox] › tests/states/route-error-composition.spec.ts:44:9 › every shop route composes the shared API error state with its page content › R31 /s/:shopId/reports
2026-10-10T12:36:04.4006741Z [firefox] › tests/states/route-error-composition.spec.ts:44:9 › every shop route composes the shared API error state with its page content › R31 /s/:shopId/reports
2026-10-10T12:36:04.4008492Z ROUTE_ERROR_COMPOSITION_ROUTE=R31 RESULT=PASS
2026-10-10T12:36:04.4008999Z 
2026-10-10T12:36:04.4559877Z [219/407] [firefox] › tests/states/route-error-composition.spec.ts:44:9 › every shop route composes the shared API error state with its page content › R32 /s/:shopId/settings/team
2026-10-10T12:36:10.7294959Z [firefox] › tests/states/route-error-composition.spec.ts:44:9 › every shop route composes the shared API error state with its page content › R32 /s/:shopId/settings/team
2026-10-10T12:36:10.7296463Z ROUTE_ERROR_COMPOSITION_ROUTE=R32 RESULT=PASS
2026-10-10T12:36:10.7297920Z 
2026-10-10T12:36:10.7799453Z [220/407] [firefox] › tests/states/route-error-composition.spec.ts:44:9 › every shop route composes the shared API error state with its page content › R33 /s/:shopId/settings/shop
2026-10-10T12:36:16.2197957Z [firefox] › tests/states/route-error-composition.spec.ts:44:9 › every shop route composes the shared API error state with its page content › R33 /s/:shopId/settings/shop
2026-10-10T12:36:16.2203571Z ROUTE_ERROR_COMPOSITION_ROUTE=R33 RESULT=PASS
2026-10-10T12:36:16.2254126Z 
2026-10-10T12:36:16.2682585Z [221/407] [firefox] › tests/states/route-error-composition.spec.ts:44:9 › every shop route composes the shared API error state with its page content › R34 /s/:shopId/settings/audit
2026-10-10T12:36:22.0754891Z [firefox] › tests/states/route-error-composition.spec.ts:44:9 › every shop route composes the shared API error state with its page content › R34 /s/:shopId/settings/audit
2026-10-10T12:36:22.0783878Z ROUTE_ERROR_COMPOSITION_ROUTE=R34 RESULT=PASS
2026-10-10T12:36:22.0784516Z 
2026-10-10T12:36:29.7206793Z [222/407] [firefox] › tests/states/route-error-composition.spec.ts:44:9 › every shop route composes the shared API error state with its page content › R35 /s/:shopId/settings/privacy
2026-10-10T12:36:36.3449308Z [firefox] › tests/states/route-error-composition.spec.ts:44:9 › every shop route composes the shared API error state with its page content › R35 /s/:shopId/settings/privacy
2026-10-10T12:36:36.3488362Z ROUTE_ERROR_COMPOSITION_ROUTE=R35 RESULT=PASS
2026-10-10T12:36:36.3488770Z 
2026-10-10T12:36:36.3974848Z [223/407] [firefox] › tests/states/route-error-composition.spec.ts:44:9 › every shop route composes the shared API error state with its page content › R36 /s/:shopId/jobs/:jobId
2026-10-10T12:36:42.1258641Z [firefox] › tests/states/route-error-composition.spec.ts:44:9 › every shop route composes the shared API error state with its page content › R36 /s/:shopId/jobs/:jobId
2026-10-10T12:36:42.1259926Z ROUTE_ERROR_COMPOSITION_ROUTE=R36 RESULT=PASS
2026-10-10T12:36:42.1260278Z 
2026-10-10T12:36:42.1745732Z [224/407] [firefox] › tests/states/route-error-composition.spec.ts:44:9 › every shop route composes the shared API error state with its page content › R37 /s/:shopId/operations
2026-10-10T12:36:47.8871352Z [firefox] › tests/states/route-error-composition.spec.ts:44:9 › every shop route composes the shared API error state with its page content › R37 /s/:shopId/operations
2026-10-10T12:36:47.8873185Z ROUTE_ERROR_COMPOSITION_ROUTE=R37 RESULT=PASS
2026-10-10T12:36:47.8873588Z 
2026-10-10T12:36:47.9448456Z [225/407] [firefox] › tests/states/route-error-composition.spec.ts:44:9 › every shop route composes the shared API error state with its page content › R38 /s/:shopId/approvals
2026-10-10T12:36:54.1694536Z [firefox] › tests/states/route-error-composition.spec.ts:44:9 › every shop route composes the shared API error state with its page content › R38 /s/:shopId/approvals
2026-10-10T12:36:54.1697729Z ROUTE_ERROR_COMPOSITION_ROUTE=R38 RESULT=PASS
2026-10-10T12:36:54.1698323Z 
2026-10-10T12:36:54.2149597Z [226/407] [firefox] › tests/states/route-error-composition.spec.ts:44:9 › every shop route composes the shared API error state with its page content › R39 /s/:shopId/notifications
2026-10-10T12:37:00.5161297Z [firefox] › tests/states/route-error-composition.spec.ts:44:9 › every shop route composes the shared API error state with its page content › R39 /s/:shopId/notifications
2026-10-10T12:37:00.5163484Z ROUTE_ERROR_COMPOSITION_ROUTE=R39 RESULT=PASS
2026-10-10T12:37:00.5164062Z 
2026-10-10T12:37:00.5785214Z [227/407] [firefox] › tests/states/route-error-composition.spec.ts:44:9 › every shop route composes the shared API error state with its page content › R40 /s/:shopId/notifications/devices
2026-10-10T12:37:07.1131847Z [firefox] › tests/states/route-error-composition.spec.ts:44:9 › every shop route composes the shared API error state with its page content › R40 /s/:shopId/notifications/devices
2026-10-10T12:37:07.1134007Z ROUTE_ERROR_COMPOSITION_ROUTE=R40 RESULT=PASS
2026-10-10T12:37:07.1134370Z 
2026-10-10T12:37:07.1628495Z [228/407] [firefox] › tests/states/route-error-composition.spec.ts:44:9 › every shop route composes the shared API error state with its page content › R41 /s/:shopId/fulfillment
2026-10-10T12:37:13.2391595Z [firefox] › tests/states/route-error-composition.spec.ts:44:9 › every shop route composes the shared API error state with its page content › R41 /s/:shopId/fulfillment
2026-10-10T12:37:13.2404871Z ROUTE_ERROR_COMPOSITION_ROUTE=R41 RESULT=PASS
2026-10-10T12:37:13.2405350Z 
2026-10-10T12:37:13.3006095Z [229/407] [firefox] › tests/states/route-error-composition.spec.ts:44:9 › every shop route composes the shared API error state with its page content › R42 /s/:shopId/shipments
2026-10-10T12:37:19.0294860Z [firefox] › tests/states/route-error-composition.spec.ts:44:9 › every shop route composes the shared API error state with its page content › R42 /s/:shopId/shipments
2026-10-10T12:37:19.0296516Z ROUTE_ERROR_COMPOSITION_ROUTE=R42 RESULT=PASS
2026-10-10T12:37:19.0296965Z 
2026-10-10T12:37:19.0904933Z [230/407] [firefox] › tests/states/route-error-composition.spec.ts:44:9 › every shop route composes the shared API error state with its page content › R43 /s/:shopId/returns
2026-10-10T12:37:25.4197024Z [firefox] › tests/states/route-error-composition.spec.ts:44:9 › every shop route composes the shared API error state with its page content › R43 /s/:shopId/returns
2026-10-10T12:37:25.4198435Z ROUTE_ERROR_COMPOSITION_ROUTE=R43 RESULT=PASS
2026-10-10T12:37:25.4198914Z 
2026-10-10T12:37:25.4697365Z [231/407] [firefox] › tests/states/route-error-composition.spec.ts:44:9 › every shop route composes the shared API error state with its page content › R44 /s/:shopId/suppliers
2026-10-10T12:37:31.9597497Z [firefox] › tests/states/route-error-composition.spec.ts:44:9 › every shop route composes the shared API error state with its page content › R44 /s/:shopId/suppliers
2026-10-10T12:37:31.9598956Z ROUTE_ERROR_COMPOSITION_ROUTE=R44 RESULT=PASS
2026-10-10T12:37:31.9599359Z 
2026-10-10T12:37:39.8101308Z [232/407] [firefox] › tests/states/route-error-composition.spec.ts:44:9 › every shop route composes the shared API error state with its page content › R45 /s/:shopId/replenishment
2026-10-10T12:37:45.6291957Z [firefox] › tests/states/route-error-composition.spec.ts:44:9 › every shop route composes the shared API error state with its page content › R45 /s/:shopId/replenishment
2026-10-10T12:37:45.6293790Z ROUTE_ERROR_COMPOSITION_ROUTE=R45 RESULT=PASS
2026-10-10T12:37:45.6294190Z 
2026-10-10T12:37:45.6871715Z [233/407] [firefox] › tests/states/route-error-composition.spec.ts:44:9 › every shop route composes the shared API error state with its page content › R46 /s/:shopId/purchases
2026-10-10T12:37:51.8795157Z [firefox] › tests/states/route-error-composition.spec.ts:44:9 › every shop route composes the shared API error state with its page content › R46 /s/:shopId/purchases
2026-10-10T12:37:51.8796415Z ROUTE_ERROR_COMPOSITION_ROUTE=R46 RESULT=PASS
2026-10-10T12:37:51.8796659Z 
2026-10-10T12:37:51.9253476Z [234/407] [firefox] › tests/states/route-error-composition.spec.ts:44:9 › every shop route composes the shared API error state with its page content › R47 /s/:shopId/receipts
2026-10-10T12:37:58.2047495Z [firefox] › tests/states/route-error-composition.spec.ts:44:9 › every shop route composes the shared API error state with its page content › R47 /s/:shopId/receipts
2026-10-10T12:37:58.2049442Z ROUTE_ERROR_COMPOSITION_ROUTE=R47 RESULT=PASS
2026-10-10T12:37:58.2050288Z 
2026-10-10T12:37:58.2490412Z [235/407] [firefox] › tests/states/route-error-composition.spec.ts:44:9 › every shop route composes the shared API error state with its page content › R48 /s/:shopId/finance/journals
2026-10-10T12:38:05.0204638Z [firefox] › tests/states/route-error-composition.spec.ts:44:9 › every shop route composes the shared API error state with its page content › R48 /s/:shopId/finance/journals
2026-10-10T12:38:05.0206563Z ROUTE_ERROR_COMPOSITION_ROUTE=R48 RESULT=PASS
2026-10-10T12:38:05.0207315Z 
2026-10-10T12:38:05.0848214Z [236/407] [firefox] › tests/states/route-error-composition.spec.ts:44:9 › every shop route composes the shared API error state with its page content › R49 /s/:shopId/finance/reconciliation
2026-10-10T12:38:11.7027658Z [firefox] › tests/states/route-error-composition.spec.ts:44:9 › every shop route composes the shared API error state with its page content › R49 /s/:shopId/finance/reconciliation
2026-10-10T12:38:11.7028578Z ROUTE_ERROR_COMPOSITION_ROUTE=R49 RESULT=PASS
2026-10-10T12:38:11.7028812Z 
2026-10-10T12:38:11.7579141Z [237/407] [firefox] › tests/states/route-error-composition.spec.ts:44:9 › every shop route composes the shared API error state with its page content › R50 /s/:shopId/finance/debts-periods
2026-10-10T12:38:18.5089687Z [firefox] › tests/states/route-error-composition.spec.ts:44:9 › every shop route composes the shared API error state with its page content › R50 /s/:shopId/finance/debts-periods
2026-10-10T12:38:18.5093527Z ROUTE_ERROR_COMPOSITION_ROUTE=R50 RESULT=PASS
2026-10-10T12:38:18.5094178Z 
2026-10-10T12:38:18.5707790Z [238/407] [firefox] › tests/states/route-error-composition.spec.ts:44:9 › every shop route composes the shared API error state with its page content › R51 /s/:shopId/bot/team
2026-10-10T12:38:24.4577643Z [firefox] › tests/states/route-error-composition.spec.ts:44:9 › every shop route composes the shared API error state with its page content › R51 /s/:shopId/bot/team
2026-10-10T12:38:24.4580131Z ROUTE_ERROR_COMPOSITION_ROUTE=R51 RESULT=PASS
2026-10-10T12:38:24.4581026Z 
2026-10-10T12:38:24.5294707Z [239/407] [firefox] › tests/states/route-error-composition.spec.ts:44:9 › every shop route composes the shared API error state with its page content › R52 /s/:shopId/operations/digests
2026-10-10T12:38:30.4655163Z [firefox] › tests/states/route-error-composition.spec.ts:44:9 › every shop route composes the shared API error state with its page content › R52 /s/:shopId/operations/digests
2026-10-10T12:38:30.4665486Z ROUTE_ERROR_COMPOSITION_ROUTE=R52 RESULT=PASS
2026-10-10T12:38:30.4677095Z 
2026-10-10T12:38:30.5461653Z [240/407] [firefox] › tests/states/route-error-composition.spec.ts:44:9 › every shop route composes the shared API error state with its page content › R53 /s/:shopId/reports/marketing
2026-10-10T12:38:37.1534373Z [firefox] › tests/states/route-error-composition.spec.ts:44:9 › every shop route composes the shared API error state with its page content › R53 /s/:shopId/reports/marketing
2026-10-10T12:38:37.1539113Z ROUTE_ERROR_COMPOSITION_ROUTE=R53 RESULT=PASS
2026-10-10T12:38:37.1539961Z 
2026-10-10T12:38:37.2129276Z [241/407] [firefox] › tests/states/route-error-composition.spec.ts:44:9 › every shop route composes the shared API error state with its page content › R54 /s/:shopId/service-cases
2026-10-10T12:38:43.8455164Z [firefox] › tests/states/route-error-composition.spec.ts:44:9 › every shop route composes the shared API error state with its page content › R54 /s/:shopId/service-cases
2026-10-10T12:38:43.8457087Z ROUTE_ERROR_COMPOSITION_ROUTE=R54 RESULT=PASS
2026-10-10T12:38:43.8457481Z 
2026-10-10T12:38:52.2935872Z [242/407] [firefox] › tests/states/route-error-composition.spec.ts:44:9 › every shop route composes the shared API error state with its page content › R55 /s/:shopId/settings/warehouses
2026-10-10T12:38:58.6419709Z [firefox] › tests/states/route-error-composition.spec.ts:44:9 › every shop route composes the shared API error state with its page content › R55 /s/:shopId/settings/warehouses
2026-10-10T12:38:58.6423075Z ROUTE_ERROR_COMPOSITION_ROUTE=R55 RESULT=PASS
2026-10-10T12:38:58.6424242Z 
2026-10-10T12:38:58.6870739Z [243/407] [firefox] › tests/states/route-error-composition.spec.ts:44:9 › every shop route composes the shared API error state with its page content › R56 /s/:shopId/finance/accounts
2026-10-10T12:39:05.1519509Z [firefox] › tests/states/route-error-composition.spec.ts:44:9 › every shop route composes the shared API error state with its page content › R56 /s/:shopId/finance/accounts
2026-10-10T12:39:05.1520980Z ROUTE_ERROR_COMPOSITION_ROUTE=R56 RESULT=PASS
2026-10-10T12:39:05.1521330Z 
2026-10-10T12:39:05.2148415Z [244/407] [firefox] › tests/states/route-error-composition.spec.ts:44:9 › every shop route composes the shared API error state with its page content › R57 /s/:shopId/finance/opening-balances
2026-10-10T12:39:12.3629181Z [firefox] › tests/states/route-error-composition.spec.ts:44:9 › every shop route composes the shared API error state with its page content › R57 /s/:shopId/finance/opening-balances
2026-10-10T12:39:12.3630393Z ROUTE_ERROR_COMPOSITION_ROUTE=R57 RESULT=PASS
2026-10-10T12:39:12.3630844Z 
2026-10-10T12:39:12.4263613Z [245/407] [firefox] › tests/states/route-error-composition.spec.ts:44:9 › every shop route composes the shared API error state with its page content › R58 /s/:shopId/finance/ledger
2026-10-10T12:39:18.6871865Z [firefox] › tests/states/route-error-composition.spec.ts:44:9 › every shop route composes the shared API error state with its page content › R58 /s/:shopId/finance/ledger
2026-10-10T12:39:18.6873854Z ROUTE_ERROR_COMPOSITION_ROUTE=R58 RESULT=PASS
2026-10-10T12:39:18.6874384Z 
2026-10-10T12:39:18.7505002Z [246/407] [firefox] › tests/states/route-error-composition.spec.ts:44:9 › every shop route composes the shared API error state with its page content › R59 /s/:shopId/finance/trial-balance
2026-10-10T12:39:25.1216818Z [firefox] › tests/states/route-error-composition.spec.ts:44:9 › every shop route composes the shared API error state with its page content › R59 /s/:shopId/finance/trial-balance
2026-10-10T12:39:25.1218874Z ROUTE_ERROR_COMPOSITION_ROUTE=R59 RESULT=PASS
2026-10-10T12:39:25.1219333Z 
2026-10-10T12:39:25.1817166Z [247/407] [firefox] › tests/states/route-error-composition.spec.ts:44:9 › every shop route composes the shared API error state with its page content › R60 /s/:shopId/finance/balance-sheet
2026-10-10T12:39:32.3097928Z [firefox] › tests/states/route-error-composition.spec.ts:44:9 › every shop route composes the shared API error state with its page content › R60 /s/:shopId/finance/balance-sheet
2026-10-10T12:39:32.3123796Z ROUTE_ERROR_COMPOSITION_ROUTE=R60 RESULT=PASS
2026-10-10T12:39:32.3131095Z 
2026-10-10T12:39:32.4724137Z [248/407] [firefox] › tests/ui-bot-layout.spec.ts:42:1 › Bot routes R26/R27/R28/R51 fit the supported page-width boundaries
2026-10-10T12:40:11.4537891Z [249/407] [firefox] › tests/ui-bot-layout.spec.ts:52:1 › Bot config, evaluation, role and budget dialogs stay inside mobile and desktop viewports
2026-10-10T12:40:41.7426837Z [250/407] [firefox] › tests/ui-catalog-layout.spec.ts:15:1 › catalog R09-R14 keeps shared gutters, inset ownership and dry-run flow at mobile and desktop
2026-10-10T12:41:16.2754943Z [251/407] [firefox] › tests/ui-catalog-layout.spec.ts:67:1 › Imports review notice and demo controls keep the measured shared disclosure boundary at 806x884
2026-10-10T12:41:28.3178521Z [252/407] [firefox] › tests/ui-component-layout.spec.ts:40:1 › A01 order lines keep intrinsic remove actions with clean and invalid quantities
2026-10-10T12:41:40.3515673Z [253/407] [firefox] › tests/ui-component-layout.spec.ts:61:1 › A02 product editors align category and status faces independently from lookup metadata
2026-10-10T12:41:59.9278578Z [254/407] [firefox] › tests/ui-component-layout.spec.ts:84:1 › Shared outlined labels focus empty and populated native controls
2026-10-10T12:42:03.9898196Z [255/407] [firefox] › tests/ui-component-layout.spec.ts:99:1 › A02 variant fields retain readable widths when text doubles
2026-10-10T12:42:30.7474574Z [256/407] [firefox] › tests/ui-component-layout.spec.ts:130:1 › A03 import mapping preserves natural remove actions and editable mappings
2026-10-10T12:42:40.9895921Z [257/407] [firefox] › tests/ui-component-layout.spec.ts:150:1 › A04 full precision money wraps outside tables and remains unbroken in the named scroll region
2026-10-10T12:42:52.0184136Z [258/407] [firefox] › tests/ui-component-layout.spec.ts:176:1 › A05 status height follows its own label while long labels remain fully readable
2026-10-10T12:43:02.6174562Z [259/407] [firefox] › tests/ui-component-layout.spec.ts:196:1 › A06 Empty wraps unbroken reference text and retains its keyboard action
2026-10-10T12:43:13.0485780Z [260/407] [firefox] › tests/ui-component-layout.spec.ts:209:1 › A07 canonical order address selection exposes full text and edit lines retain intrinsic actions
2026-10-10T12:43:32.9064961Z [261/407] [firefox] › tests/ui-composition-layout.spec.ts:13:1 › SPC-061/062 shared compositions own their gap and child boundaries on every canonical route
2026-10-10T12:47:46.6723530Z [262/407] [firefox] › tests/ui-composition-positive-ancestry.spec.ts:62:1 › S15 Dashboard conditional content keeps an independently bordered surface inside its Panel owner
2026-10-10T12:47:54.2554404Z [263/407] [firefox] › tests/ui-composition-positive-ancestry.spec.ts:103:1 › S15 catalog QueryState fragment keeps DataTable and Pager as peer children of one Panel
2026-10-10T12:48:01.3285116Z [264/407] [firefox] › tests/ui-composition-positive-ancestry.spec.ts:137:1 › S15 Knowledge action group wraps children without losing its shared action owner
2026-10-10T12:48:07.5066774Z [265/407] [firefox] › tests/ui-consent-management.spec.ts:16:1 › R35 creates a pending challenge from API and shows consent history without local opt-out state
2026-10-10T12:48:12.7353402Z [266/407] [firefox] › tests/ui-consent-management.spec.ts:36:1 › R61 confirms an opt-out through POST body, removes the token from URL and leaves service messages available
2026-10-10T12:48:14.6347721Z [267/407] [firefox] › tests/ui-consent-management.spec.ts:74:1 › R61 public confirmation remains keyboard-accessible and reflows at 320px
2026-10-10T12:48:17.6033891Z [268/407] [firefox] › tests/ui-customers-layout.spec.ts:30:1 › Customers R07/R08/R54 layouts fit the shell at every responsive boundary
2026-10-10T12:48:55.8748771Z [269/407] [firefox] › tests/ui-customers-layout.spec.ts:59:1 › Customer create and service-case dialogs stay in the viewport without submitting
2026-10-10T12:49:06.4873124Z [270/407] [firefox] › tests/ui-dashboard-layout.spec.ts:17:1 › Shared consolidation Dashboard primary link respects all eight permission tuples and native anchor interactions
2026-10-10T12:49:19.4065226Z [271/407] [firefox] › tests/ui-dashboard-layout.spec.ts:62:1 › Shared consolidation Dashboard primary link opens a native modified-click page from a fresh authorized scope
2026-10-10T12:49:34.0531337Z [272/407] [firefox] › tests/ui-dashboard-layout.spec.ts:83:1 › dashboard hierarchy, CTA targets, and page width hold across supported breakpoints
2026-10-10T12:49:38.6814473Z [273/407] [firefox] › tests/ui-density-layout.spec.ts:10:1 › density table saves row space while preserving action target and data
2026-10-10T12:49:50.6064524Z [274/407] [firefox] › tests/ui-density-layout.spec.ts:22:1 › density divided facts list has one row inset and no additional inter-row gap
2026-10-10T12:49:54.9574845Z [275/407] [firefox] › tests/ui-density-layout.spec.ts:33:1 › density demo disclosure retains state and always shows the synthetic warning
2026-10-10T12:50:09.5578039Z [276/407] [firefox] › tests/ui-density-layout.spec.ts:48:1 › density operational Panel uses 12px boundary while complex form and reading Panel keep comfortable rhythm
2026-10-10T12:50:21.8813247Z [277/407] [firefox] › tests/ui-density-layout.spec.ts:60:1 › density simple category editor keeps labels, errors and keyboard reflow usable
2026-10-10T12:50:40.1048963Z [278/407] [firefox] › tests/ui-finance-layout.spec.ts:30:1 › Finance R20/R21/R22/R48/R49/R50 route layouts retain shell gutter without horizontal overflow from 320–1440px
2026-10-10T12:51:53.3383215Z [279/407] [firefox] › tests/ui-finance-layout.spec.ts:62:1 › titled Finance Panels keep one 12px header-to-first-content boundary
2026-10-10T12:52:15.1215367Z [280/407] [firefox] › tests/ui-finance-layout.spec.ts:129:1 › Finance report, entry, journal, reconciliation and period dialogs remain in the viewport without submitting
2026-10-10T12:53:17.5378595Z [281/407] [firefox] › tests/ui-finance-management.spec.ts:14:1 › C06 opening validates before HTTP and preserves added/removed list drafts through every close guard
2026-10-10T12:53:36.0385164Z [282/407] [firefox] › tests/ui-finance-management.spec.ts:19:1 › C06 opening UI posts only its reviewed version and reports/ledger drill down to real journal IDs
2026-10-10T12:53:51.6553741Z [283/407] [firefox] › tests/ui-finance-management.spec.ts:25:1 › C06 opening conflict retains whole lists and reconciles two changing server versions without forced retry
2026-10-10T12:54:09.2586201Z [284/407] [firefox] › tests/ui-finance-management.spec.ts:31:1 › C06 finance entry validation and refetch conflict keep the saved baseline and draft
2026-10-10T12:54:20.5865983Z [285/407] [firefox] › tests/ui-finance-management.spec.ts:35:1 › C06 all new financial routes and dialog use keyboard/axe and reflow at required widths
2026-10-10T12:56:08.6366746Z [286/407] [firefox] › tests/ui-fulfillment-layout.spec.ts:30:1 › Fulfillment R41/R42 preserve shell gutter and contain responsive route layouts from 320-1440px
2026-10-10T12:56:30.9783265Z [287/407] [firefox] › tests/ui-fulfillment-layout.spec.ts:59:1 › Fulfillment prep, shipment-create, detail and event dialogs fit mobile and desktop without submitting
2026-10-10T12:56:43.7440502Z [288/407] [firefox] › tests/ui-integrations-layout.spec.ts:40:1 › Integrations routes R29/R30 fit the supported page-width boundaries
2026-10-10T12:57:05.4154363Z [289/407] [firefox] › tests/ui-integrations-layout.spec.ts:50:1 › R29 disconnect and R30 create/edit credential dialogs stay inside mobile and desktop viewports
2026-10-10T12:57:22.7592617Z [290/407] [firefox] › tests/ui-inventory-layout.spec.ts:15:1 › Inventory R15/R16 preserve shared gutter and contain table overflow at 320-1440px
2026-10-10T12:57:49.3144246Z [291/407] [firefox] › tests/ui-inventory-layout.spec.ts:55:1 › Inventory filters reset cursor and preserve other URL state; adjustment validation sends no command
2026-10-10T12:58:16.5459204Z [292/407] [firefox] › tests/ui-knowledge-layout.spec.ts:67:1 › Knowledge routes R23/R24/R25 fit every supported layout boundary
2026-10-10T12:59:04.8659460Z [293/407] [firefox] › tests/ui-knowledge-layout.spec.ts:87:1 › Knowledge create, edit, and feedback-review dialogs remain inside mobile and desktop viewports
2026-10-10T12:59:44.3357752Z [294/407] [firefox] › tests/ui-master-resources.spec.ts:13:1 › C05 warehouses validate before HTTP, protect drafts and create/update/archive with visible results
2026-10-10T12:59:59.1325196Z [295/407] [firefox] › tests/ui-master-resources.spec.ts:26:1 › C05 warehouse conflicts keep the draft across two concurrent versions and require explicit reconciliation
2026-10-10T13:00:09.5466410Z [296/407] [firefox] › tests/ui-master-resources.spec.ts:34:1 › C05 accounts create and protect used fields; journal choices come from the same API lookup
2026-10-10T13:00:20.1551261Z [297/407] [firefox] › tests/ui-master-resources.spec.ts:40:1 › C05 customer address UI never replays a masked phone and orders load per-customer addresses
2026-10-10T13:00:41.0194739Z   1) [firefox] › tests/ui-master-resources.spec.ts:40:1 › C05 customer address UI never replays a masked phone and orders load per-customer addresses 
2026-10-10T13:00:41.0195730Z 
2026-10-10T13:00:41.0196221Z     Error: expect(locator).toContainText(expected) failed
2026-10-10T13:00:41.0198109Z 
2026-10-10T13:00:41.0200556Z     Locator: getByRole('table', { name: 'Địa chỉ trong hồ sơ khách' })
2026-10-10T13:00:41.0205087Z     Expected substring: "Địa chỉ giao hàng mẫu"
2026-10-10T13:00:41.0207365Z     Timeout: 5000ms
2026-10-10T13:00:41.0209707Z     Error: element(s) not found
2026-10-10T13:00:41.0210398Z 
2026-10-10T13:00:41.0213396Z     Call log:
2026-10-10T13:00:41.0214477Z       - Expect "toContainText" getByRole('table', { name: 'Địa chỉ trong hồ sơ khách' }) with timeout 5000ms
2026-10-10T13:00:41.0223688Z       - waiting for getByRole('table', { name: 'Địa chỉ trong hồ sơ khách' })
2026-10-10T13:00:41.0226087Z 
2026-10-10T13:00:41.0226099Z 
2026-10-10T13:00:41.0226361Z       39 |
2026-10-10T13:00:41.0228968Z       40 | test('C05 customer address UI never replays a masked phone and orders load per-customer addresses',async({page})=>{
2026-10-10T13:00:41.0237135Z     > 41 |     await page.goto(url+'/s/shop-demo/customers/c1');const panel=page.getByRole('table',{name:'Địa chỉ trong hồ sơ khách'});await expect(panel).toContainText('Địa chỉ giao hàng mẫu');await page.getByRole('button',{name:'Sửa địa chỉ Địa chỉ giao hàng mẫu',exact:true}).click();const edit=page.getByRole('dialog',{name:'Sửa địa chỉ Địa chỉ giao hàng mẫu',exact:true});await expect(edit.getByLabel('Điện thoại giao hàng',{exact:true})).toBeDisabled();await expect(edit.getByLabel('Điện thoại giao hàng',{exact:true})).toHaveValue('');await edit.getByLabel('Tên địa chỉ',{exact:true}).fill('Địa chỉ qua API');
2026-10-10T13:00:41.0247882Z          |                                                                                                                                                 ^
2026-10-10T13:00:41.0256382Z       42 |     const patch=page.waitForRequest(r=>r.method()==='PATCH'&&new URL(r.url()).pathname.endsWith('/addresses/address-synthetic'));await edit.getByRole('button',{name:'Lưu địa chỉ',exact:true}).click();expect((await patch).postDataJSON()).toEqual({label:'Địa chỉ qua API'});await expect(edit).not.toBeVisible();
2026-10-10T13:00:41.0271658Z       43 |     await page.getByRole('link',{name:'Đơn hàng',exact:true}).click();await page.getByRole('button',{name:'Tạo đơn hàng',exact:true}).click();await choose(page,'Khách hàng','Linh (khách mẫu)');await page.getByRole('combobox',{name:'Địa chỉ giao hàng',exact:true}).click();await expect(page.getByRole('option',{name:'Địa chỉ qua API · Linh (khách mẫu)',exact:true})).toBeVisible();await page.keyboard.press('Escape');
2026-10-10T13:00:41.0283850Z       44 | });
2026-10-10T13:00:41.0291988Z         at /home/runner/work/Bot-AI-Ban-hang-FB/Bot-AI-Ban-hang-FB/BotSalesAI_Frontend/tests/ui-master-resources.spec.ts:41:145
2026-10-10T13:00:41.0297736Z 
2026-10-10T13:00:41.0301073Z     Error Context: test-results/playwright-5818-843c8f0c-e666-4b77-a525-5c82b128cda0/ui-master-resources-C05-cu-1890b-load-per-customer-addresses-firefox/error-context.md
2026-10-10T13:00:41.0340198Z 
2026-10-10T13:00:41.0345548Z     Error Context: test-results/playwright-5818-843c8f0c-e666-4b77-a525-5c82b128cda0/ui-master-resources-C05-cu-1890b-load-per-customer-addresses-firefox/error-context.md
2026-10-10T13:00:41.0351945Z 
2026-10-10T13:00:41.0356097Z     attachment #3: trace (application/zip) ─────────────────────────────────────────────────────────
2026-10-10T13:00:41.0368720Z     test-results/playwright-5818-843c8f0c-e666-4b77-a525-5c82b128cda0/ui-master-resources-C05-cu-1890b-load-per-customer-addresses-firefox/trace.zip
2026-10-10T13:00:41.0375050Z     Usage:
2026-10-10T13:00:41.0375385Z 
2026-10-10T13:00:41.0379062Z         npx playwright show-trace test-results/playwright-5818-843c8f0c-e666-4b77-a525-5c82b128cda0/ui-master-resources-C05-cu-1890b-load-per-customer-addresses-firefox/trace.zip
2026-10-10T13:00:41.0380304Z 
2026-10-10T13:00:41.0383334Z     ────────────────────────────────────────────────────────────────────────────────────────────────
2026-10-10T13:00:41.0386630Z 
2026-10-10T13:00:41.0386641Z 
2026-10-10T13:00:43.9380170Z [298/407] [firefox] › tests/ui-master-resources.spec.ts:46:1 › C05 new management routes and address dialog reflow at all required widths with keyboard and axe
2026-10-10T13:01:39.7295243Z [299/407] [firefox] › tests/ui-master-resources.spec.ts:58:1 › C05 complete customer addresses create/archive through HTTP; masked mandatory fields prevent creation
2026-10-10T13:01:46.7332818Z [300/407] [firefox] › tests/ui-master-resources.spec.ts:77:1 › C05 an unknown warehouse creation keeps the draft and prevents a second request
2026-10-10T13:01:49.8313057Z [301/407] [firefox] › tests/ui-notifications-layout.spec.ts:40:1 › R39/R40 Notifications routes fit the supported page-width boundaries
2026-10-10T13:02:10.2963083Z [302/407] [firefox] › tests/ui-notifications-layout.spec.ts:50:1 › R40 revoke-device confirmation stays inside mobile and desktop viewports
2026-10-10T13:02:18.3087756Z [303/407] [firefox] › tests/ui-operations-layout.spec.ts:41:1 › R37/R38/R52 Operations routes fit the supported page-width boundaries
2026-10-10T13:02:45.8449912Z [304/407] [firefox] › tests/ui-operations-layout.spec.ts:51:1 › R52 role-control confirmation stays inside mobile and desktop viewports
2026-10-10T13:02:53.1855853Z [305/407] [firefox] › tests/ui-orders-layout.spec.ts:15:1 › Orders R17/R18/R19/R43 preserve responsive page geometry at 320-1440px
2026-10-10T13:03:27.6251563Z [306/407] [firefox] › tests/ui-orders-layout.spec.ts:46:1 › Orders draft, versioned quote, canonical address snapshot and return dialogs keep their behavior without writes
2026-10-10T13:03:43.5660583Z [307/407] [firefox] › tests/ui-panel-layout.spec.ts:15:1 › the titled Fulfillment Panel owns its body inset and keeps one 12px header boundary
2026-10-10T13:03:53.1683492Z [308/407] [firefox] › tests/ui-procurement-layout.spec.ts:38:1 › Procurement R44-R47 preserve shared page gutter and contain responsive tables at 320-1440px
2026-10-10T13:04:28.5359547Z [309/407] [firefox] › tests/ui-procurement-layout.spec.ts:69:1 › Procurement supplier, offer, rule, purchase and receipt dialogs fit narrow and desktop viewports without writes
2026-10-10T13:04:50.6888510Z [310/407] [firefox] › tests/ui-query-state-layout.spec.ts:68:5 › S12 R09 QueryState section profile preserves pending and ready layout
2026-10-10T13:05:07.2263190Z [311/407] [firefox] › tests/ui-query-state-layout.spec.ts:68:5 › S12 R11 QueryState inline profile preserves pending and ready layout
2026-10-10T13:05:21.2399387Z [312/407] [firefox] › tests/ui-shell-layout.spec.ts:45:1 › Shell keeps header, banner, main and footer on one responsive gutter
2026-10-10T13:05:25.2748608Z [313/407] [firefox] › tests/ui-shell-layout.spec.ts:106:1 › demo controls stay discoverable on mobile and usable on desktop
2026-10-10T13:05:27.4290405Z [314/407] [firefox] › tests/ui-shell-layout.spec.ts:124:1 › SPC-055/057 demo-control labels keep a clear gap on every Shell route consumer
2026-10-10T13:07:02.3797846Z [315/407] [firefox] › tests/ui-shell-layout.spec.ts:149:1 › unmatched route fallback owns its page gutter without horizontal overflow
2026-10-10T13:07:04.0191504Z [316/407] [firefox] › tests/ui-toolbar-layout.spec.ts:36:1 › Shared Toolbar and demo tools keep labels clear when text doubles
2026-10-10T13:07:14.6700538Z [317/407] [firefox] › tests/ui-toolbar-layout.spec.ts:64:1 › Toolbar geometry: multiline category lookup cannot stretch the search button
2026-10-10T13:07:20.4202807Z [318/407] [firefox] › tests/ui-toolbar-layout.spec.ts:81:1 › Shared consolidation Inbox filters share Toolbar ownership and stay outside search across pane widths
2026-10-10T13:07:44.5222674Z [319/407] [firefox] › tests/ui-toolbar-layout.spec.ts:124:1 › Toolbar affected routes keep intrinsic actions, capability branches and 320px reflow
2026-10-10T13:09:24.5934515Z [320/407] [firefox] › tests/ui-toolbar-layout.spec.ts:149:1 › Toolbar public extra slot cannot stretch a single-line submit action
2026-10-10T13:09:27.1696656Z [321/407] [firefox] › tests/ui-toolbar-layout.spec.ts:166:1 › Toolbar preserves Products URL filters, search submit, clear and independent category lookup
2026-10-10T13:09:32.7521495Z [322/407] [firefox] › tests/ui-toolbar-layout.spec.ts:202:1 › Toolbar keeps Inventory apply/reset separate from search submission
2026-10-10T13:09:40.7417049Z [323/407] [firefox] › tests/ui-toolbar-layout.spec.ts:222:1 › Toolbar category more/busy/error/retry branches preserve search geometry and actual pagination
2026-10-10T13:09:47.8891020Z [324/407] [firefox] › tests/ui-ux-completion.spec.ts:9:1 › UX01 setup feedback CTA reaches review workflow rather than dynamic knowledge detail
2026-10-10T13:09:53.8562571Z [325/407] [firefox] › tests/ui-ux-completion.spec.ts:15:1 › UX02 stock warnings describe low/zero stock without implying a server block
2026-10-10T13:09:56.2102467Z [326/407] [firefox] › tests/ui-ux-completion.spec.ts:22:1 › UX02 inventory receipts and accounting open periods have domain-specific names
2026-10-10T13:10:00.5022498Z [327/407] [firefox] › tests/ui-ux-completion.spec.ts:31:1 › UX04 onboarding protects the whole draft on leave and reload
2026-10-10T13:10:14.5927055Z [328/407] [firefox] › tests/ui-ux-completion.spec.ts:52:1 › UX04 acknowledged shop creation leaves without a false dirty warning
2026-10-10T13:10:16.2154827Z [329/407] [firefox] › tests/ui-ux-completion.spec.ts:60:1 › UX05 product detail returns to committed filters; direct links use the list fallback
2026-10-10T13:10:21.4904423Z [330/407] [firefox] › tests/ui-ux-completion.spec.ts:70:60 › UX05 customers list returns to its own filter context
2026-10-10T13:10:26.0304533Z [331/407] [firefox] › tests/ui-ux-completion.spec.ts:70:60 › UX05 orders list returns to its own filter context
2026-10-10T13:10:30.0296407Z [332/407] [firefox] › tests/ui-ux-completion.spec.ts:70:60 › UX05 knowledge list returns to its own filter context
2026-10-10T13:10:34.2784898Z [333/407] [firefox] › tests/ui-ux-completion.spec.ts:86:1 › UX03 category, member and AI deletion confirmations name the selected object and consequence
2026-10-10T13:10:40.6000983Z [334/407] [firefox] › tests/ui-ux-completion.spec.ts:108:1 › UX07 titles and breadcrumb distinguish create/detail/review; menu empty state clears with focus
2026-10-10T13:10:46.2864549Z [335/407] [firefox] › tests/ui-ux-completion.spec.ts:126:1 › UX10 multi-table pages have distinct business names
2026-10-10T13:10:50.8077333Z [336/407] [firefox] › tests/ui-ux-completion.spec.ts:136:1 › UX06 AI capability names and states are readable in Vietnamese
2026-10-10T13:10:52.5462831Z [337/407] [firefox] › tests/ui-ux-completion.spec.ts:143:1 › UX15 detail captions reflow without splitting short words across all required viewports
2026-10-10T13:11:00.0115971Z [338/407] [firefox] › tests/ui-width-layout.spec.ts:29:1 › W01 AI single connection fills its collection at breakpoint edges and wide viewports
2026-10-10T13:11:11.9873732Z [339/407] [firefox] › tests/ui-width-layout.spec.ts:42:1 › W01 AI keeps two-column collection for two/three items and refetch preserves the new count
2026-10-10T13:11:17.4655631Z [340/407] [firefox] › tests/ui-width-layout.spec.ts:63:1 › W01 AI empty result keeps one accessible create action and no empty grid
2026-10-10T13:11:20.7506608Z [341/407] [firefox] › tests/ui-width-layout.spec.ts:72:35 › W01 workspace collection handles 0 visible shops
2026-10-10T13:11:29.6363102Z [342/407] [firefox] › tests/ui-width-layout.spec.ts:72:35 › W01 workspace collection handles 1 visible shops
2026-10-10T13:11:38.2064156Z [343/407] [firefox] › tests/ui-width-layout.spec.ts:72:35 › W01 workspace collection handles 2 visible shops
2026-10-10T13:11:47.1079716Z [344/407] [firefox] › tests/ui-width-layout.spec.ts:72:35 › W01 workspace collection handles 3 visible shops
2026-10-10T13:11:55.8576072Z [345/407] [firefox] › tests/ui-width-layout.spec.ts:104:1 › W02 full-width form groups fill their panel and retain input/mapping/shipping behavior
2026-10-10T13:12:30.0077320Z [346/407] [firefox] › tests/ui-width-layout.spec.ts:144:1 › W03 notification protection notice occupies the full page row after the two panes
2026-10-10T13:12:37.4577291Z [347/407] [firefox] › tests/ui-width-layout.spec.ts:163:1 › W04 detail rows stay atomic in divided rhythm and plain containers
2026-10-10T13:12:48.0564656Z [348/407] [firefox] › tests/ui-workspace-layout.spec.ts:60:1 › workspace routes stay within the supported page-width boundaries
2026-10-10T13:13:50.4104645Z [349/407] [firefox] › tests/ui-workspace-layout.spec.ts:72:1 › team invite and privacy request dialogs remain usable without submitting
2026-10-10T13:14:05.4612518Z [350/407] [firefox] › tests/ui006-lookups.spec.ts:69:1 › UI006.C05 lookup and table cursors reach records after 150 synthetic suppliers, offers, and orders
2026-10-10T13:15:17.5474495Z [351/407] [firefox] › tests/ui006-lookups.spec.ts:215:1 › UI006.C04 bounded previews disclose their sample and link to full collections
2026-10-10T13:15:24.2919240Z [352/407] [firefox] › tests/ui006-lookups.spec.ts:232:1 › UI006.C02 selected order identity survives a failed search and cursor retry
2026-10-10T13:15:28.3687412Z [353/407] [firefox] › tests/ui007-query-states.spec.ts:30:1 › UI007 secondary order query loads independently while the customer profile remains available
2026-10-10T13:15:34.1395335Z [354/407] [firefox] › tests/ui007-query-states.spec.ts:60:1 › UI007 order query 503 is isolated from the primary customer query and retries only that query
2026-10-10T13:15:39.3199345Z [355/407] [firefox] › tests/ui007-query-states.spec.ts:94:1 › UI007 forbidden order query is an access state and a successful empty query is distinct
2026-10-10T13:15:44.3616164Z [356/407] [firefox] › tests/ui007-query-states.spec.ts:114:1 › UI007 supplier and offer failures keep purchase suggestions visible and have operation-specific recovery
2026-10-10T13:15:49.5404985Z [357/407] [firefox] › tests/ui007-query-states.spec.ts:150:1 › UI007 auto-send budget query is lazy, permission-aware, and blocks an unverified budget
2026-10-10T13:15:57.6877667Z [358/407] [firefox] › tests/ui008-integration-empty.spec.ts:57:1 › UI008 R29 successful empty collection exposes an accessible state and one permission-guarded connect CTA
2026-10-10T13:16:01.9495485Z [359/407] [firefox] › tests/ui008-integration-empty.spec.ts:75:1 › UI008 R29 read-only bot_admin sees the empty state without a manage action
2026-10-10T13:16:05.2105638Z [360/407] [firefox] › tests/ui008-integration-empty.spec.ts:90:1 › UI008 R29 pending channel query stays loading until its response arrives
2026-10-10T13:16:08.5808361Z [361/407] [firefox] › tests/ui008-integration-empty.spec.ts:109:1 › UI008 R29 forbidden channel query is not presented as empty or retryable
2026-10-10T13:16:11.0691743Z [362/407] [firefox] › tests/ui008-integration-empty.spec.ts:123:1 › UI008 R29 503 remains an error and recovers through its retry control
2026-10-10T13:16:14.7910404Z [363/407] [firefox] › tests/ui008-integration-empty.spec.ts:144:1 › UI008 R30 successful empty AI connection cards show a first-use state and one add CTA
2026-10-10T13:16:17.3386145Z [364/407] [firefox] › tests/ui008-integration-empty.spec.ts:162:1 › UI008 R30 read-only bot_admin sees the empty state without an add action
2026-10-10T13:16:20.9264243Z [365/407] [firefox] › tests/ui009-scope-regression.spec.ts:23:1 › UI009 delayed customer orders from the previous shop cannot leak into the new shop profile
2026-10-10T13:16:28.6117239Z [366/407] [firefox] › tests/ui010-dialog-draft.spec.ts:15:1 › UI010 a discarded confirmation reason is cleared before the dialog opens again
2026-10-10T13:16:34.5775002Z [367/407] [firefox] › tests/ui011-date-time.spec.ts:16:1 › UI011 report defaults use the active shop calendar month at a UTC month boundary
2026-10-10T13:16:42.8654891Z [368/407] [firefox] › tests/ui011-date-time.spec.ts:29:1 › UI011 journal effective date defaults to the active shop calendar date
2026-10-10T13:16:45.8379470Z [369/407] [firefox] › tests/ui011-date-time.spec.ts:41:1 › UI011 shipment event input and API instant use the shop timezone, not browser timezone
2026-10-10T13:16:49.2643000Z [370/407] [firefox] › tests/ui012-keyboard.spec.ts:42:1 › UI012 keyboard-only finance edit handles select, discard warning and focus return
2026-10-10T13:16:56.7615422Z [371/407] [firefox] › tests/ui012-keyboard.spec.ts:103:1 › UI012 keyboard validation focuses the field named by a synthetic 422 response
2026-10-10T13:17:04.9414751Z [372/407] [firefox] › tests/ui012-keyboard.spec.ts:160:1 › UI012 keyboard activates the CSV chooser and discards its selected file without upload
2026-10-10T13:17:09.2364930Z [373/407] [firefox] › tests/ui012-keyboard.spec.ts:200:1 › UI012 keyboard can reach and horizontally scroll the marketing chart data alternative
2026-10-10T13:17:13.4558401Z [374/407] [firefox] › tests/ui012-keyboard.spec.ts:227:1 › UI012 marketing chart keeps every category label visible beside its data table
2026-10-10T13:17:19.4283771Z [375/407] [firefox] › tests/ui012-keyboard.spec.ts:276:1 › UI012 inbox feedback actions identify their message and return focus after Escape
2026-10-10T13:17:25.4024542Z [376/407] [firefox] › tests/ui012-keyboard.spec.ts:309:1 › UI012 order draft does not announce an untouched required customer as invalid
2026-10-10T13:17:27.9480105Z [377/407] [firefox] › tests/ui012-keyboard.spec.ts:322:1 › UI012 human-confirmation policy copy wraps inside its alert at a 320 CSS-pixel viewport
2026-10-10T13:17:34.6313245Z [378/407] [firefox] › tests/ui012-keyboard.spec.ts:356:1 › UI012 dashboard CTA separates hover and pressed feedback while keeping keyboard focus visible
2026-10-10T13:17:42.7502692Z [379/407] [firefox] › tests/ui013-url-state.spec.ts:19:1 › UI013 reconciliation tab deep links and survives refresh; malformed tab safely falls back
2026-10-10T13:17:54.3799831Z [380/407] [firefox] › tests/ui013-url-state.spec.ts:39:1 › UI013 finance date range deep link, edit, refresh and Back use shop-local filter state
2026-10-10T13:18:01.7109787Z [381/407] [firefox] › tests/ui013-url-state.spec.ts:70:1 › UI013 report type and export date filters are deep-linkable, refreshable and malformed values fall back safely
2026-10-10T13:18:08.8671444Z [382/407] [firefox] › tests/ui021-permission-edge.spec.ts:4:1 › privacy page keeps the customers link when the destination permission is present
2026-10-10T13:18:13.4547633Z [383/407] [firefox] › tests/ui021-permission-edge.spec.ts:19:1 › privacy page hides the customers link when the destination permission is missing
2026-10-10T13:18:18.8813269Z [384/407] [firefox] › tests/ui028-w24-inbox-layout.spec.ts:15:1 › UI028.W24 Inbox spacing roles remain consistent across breakpoints without losing draft state
2026-10-10T13:18:33.4556089Z [385/407] [firefox] › tests/ui028-w25-reports-layout.spec.ts:16:1 › UI028.W25 Reports semantic spacing stays stable at mobile, tablet and desktop widths
2026-10-10T13:19:03.8027774Z [386/407] [firefox] › tests/ui028-w25-reports-layout.spec.ts:123:1 › UI028.W25 authorized report download link retains its 44px hit target
2026-10-10T13:19:09.4267163Z [387/407] [firefox] › tests/ui028-w28-routes.spec.ts:47:5 › UI028.W28 61 canonical routes render with measured 390px layout geometry
2026-10-10T13:21:04.3829591Z [firefox] › tests/ui028-w28-routes.spec.ts:47:5 › UI028.W28 61 canonical routes render with measured 390px layout geometry
2026-10-10T13:21:04.3832677Z [w28-route-geometry] {"browser":"firefox","width":390,"routes":61,"issues":0,"pageErrors":0,"evidence":"evidence/frontend-ui-improvements/UI028/W28/route-geometry-firefox-390-current-20261010-130450-30607.json"}
2026-10-10T13:21:04.3834752Z 
2026-10-10T13:21:08.4038817Z [388/407] [firefox] › tests/ui028-w28-routes.spec.ts:47:5 › UI028.W28 61 canonical routes render with measured 1440px layout geometry
2026-10-10T13:22:54.3427661Z [firefox] › tests/ui028-w28-routes.spec.ts:47:5 › UI028.W28 61 canonical routes render with measured 1440px layout geometry
2026-10-10T13:22:54.3429164Z [w28-route-geometry] {"browser":"firefox","width":1440,"routes":61,"issues":0,"pageErrors":0,"evidence":"evidence/frontend-ui-improvements/UI028/W28/route-geometry-firefox-1440-current-20261010-130450-30607.json"}
2026-10-10T13:22:54.3429968Z 
2026-10-10T13:22:54.4619644Z [389/407] [firefox] › tests/ui028-w29-reflow.spec.ts:30:5 › UI028.W29 320px reflow retains representative actions and contains overflow
2026-10-10T13:23:12.1457720Z [firefox] › tests/ui028-w29-reflow.spec.ts:30:5 › UI028.W29 320px reflow retains representative actions and contains overflow
2026-10-10T13:23:12.1462981Z [w29-responsive-profile] {"browser":"firefox","width":320,"profiles":7,"issues":0,"pageErrors":0,"evidence":"evidence/frontend-ui-improvements/UI028/W29/responsive-profile-firefox-320-current-20261010-130450-30607.json"}
2026-10-10T13:23:12.1465010Z 
2026-10-10T13:23:12.1809076Z [390/407] [firefox] › tests/ui028-w29-reflow.spec.ts:30:5 › UI028.W29 390px reflow retains representative actions and contains overflow
2026-10-10T13:23:27.1000739Z [firefox] › tests/ui028-w29-reflow.spec.ts:30:5 › UI028.W29 390px reflow retains representative actions and contains overflow
2026-10-10T13:23:27.1002862Z [w29-responsive-profile] {"browser":"firefox","width":390,"profiles":7,"issues":0,"pageErrors":0,"evidence":"evidence/frontend-ui-improvements/UI028/W29/responsive-profile-firefox-390-current-20261010-130450-30607.json"}
2026-10-10T13:23:27.1004396Z 
2026-10-10T13:23:27.1495680Z [391/407] [firefox] › tests/ui028-w29-reflow.spec.ts:30:5 › UI028.W29 767px reflow retains representative actions and contains overflow
2026-10-10T13:23:41.9237803Z [firefox] › tests/ui028-w29-reflow.spec.ts:30:5 › UI028.W29 767px reflow retains representative actions and contains overflow
2026-10-10T13:23:41.9255577Z [w29-responsive-profile] {"browser":"firefox","width":767,"profiles":7,"issues":0,"pageErrors":0,"evidence":"evidence/frontend-ui-improvements/UI028/W29/responsive-profile-firefox-767-current-20261010-130450-30607.json"}
2026-10-10T13:23:41.9257433Z 
2026-10-10T13:23:41.9827016Z [392/407] [firefox] › tests/ui028-w29-reflow.spec.ts:30:5 › UI028.W29 768px reflow retains representative actions and contains overflow
2026-10-10T13:23:56.8952584Z [firefox] › tests/ui028-w29-reflow.spec.ts:30:5 › UI028.W29 768px reflow retains representative actions and contains overflow
2026-10-10T13:23:56.8955221Z [w29-responsive-profile] {"browser":"firefox","width":768,"profiles":7,"issues":0,"pageErrors":0,"evidence":"evidence/frontend-ui-improvements/UI028/W29/responsive-profile-firefox-768-current-20261010-130450-30607.json"}
2026-10-10T13:23:56.8956767Z 
2026-10-10T13:23:56.9567944Z [393/407] [firefox] › tests/ui028-w29-reflow.spec.ts:30:5 › UI028.W29 1024px reflow retains representative actions and contains overflow
2026-10-10T13:24:12.0485787Z [firefox] › tests/ui028-w29-reflow.spec.ts:30:5 › UI028.W29 1024px reflow retains representative actions and contains overflow
2026-10-10T13:24:12.0489329Z [w29-responsive-profile] {"browser":"firefox","width":1024,"profiles":7,"issues":0,"pageErrors":0,"evidence":"evidence/frontend-ui-improvements/UI028/W29/responsive-profile-firefox-1024-current-20261010-130450-30607.json"}
2026-10-10T13:24:12.0491091Z 
2026-10-10T13:24:12.0990186Z [394/407] [firefox] › tests/ui028-w29-reflow.spec.ts:30:5 › UI028.W29 1279px reflow retains representative actions and contains overflow
2026-10-10T13:24:27.6041211Z [firefox] › tests/ui028-w29-reflow.spec.ts:30:5 › UI028.W29 1279px reflow retains representative actions and contains overflow
2026-10-10T13:24:27.6044625Z [w29-responsive-profile] {"browser":"firefox","width":1279,"profiles":7,"issues":0,"pageErrors":0,"evidence":"evidence/frontend-ui-improvements/UI028/W29/responsive-profile-firefox-1279-current-20261010-130450-30607.json"}
2026-10-10T13:24:27.6047159Z 
2026-10-10T13:24:27.6605348Z [395/407] [firefox] › tests/ui028-w29-reflow.spec.ts:30:5 › UI028.W29 1280px reflow retains representative actions and contains overflow
2026-10-10T13:24:42.2208279Z [firefox] › tests/ui028-w29-reflow.spec.ts:30:5 › UI028.W29 1280px reflow retains representative actions and contains overflow
2026-10-10T13:24:42.2210397Z [w29-responsive-profile] {"browser":"firefox","width":1280,"profiles":7,"issues":0,"pageErrors":0,"evidence":"evidence/frontend-ui-improvements/UI028/W29/responsive-profile-firefox-1280-current-20261010-130450-30607.json"}
2026-10-10T13:24:42.2211955Z 
2026-10-10T13:24:42.2749049Z [396/407] [firefox] › tests/ui028-w29-reflow.spec.ts:30:5 › UI028.W29 1440px reflow retains representative actions and contains overflow
2026-10-10T13:24:57.1472429Z [firefox] › tests/ui028-w29-reflow.spec.ts:30:5 › UI028.W29 1440px reflow retains representative actions and contains overflow
2026-10-10T13:24:57.1474072Z [w29-responsive-profile] {"browser":"firefox","width":1440,"profiles":7,"issues":0,"pageErrors":0,"evidence":"evidence/frontend-ui-improvements/UI028/W29/responsive-profile-firefox-1440-current-20261010-130450-30607.json"}
2026-10-10T13:24:57.1474917Z 
2026-10-10T13:24:57.2188601Z [397/407] [firefox] › tests/ui028-w29-reflow.spec.ts:30:5 › UI028.W29 1920px reflow retains representative actions and contains overflow
2026-10-10T13:25:12.5184437Z [firefox] › tests/ui028-w29-reflow.spec.ts:30:5 › UI028.W29 1920px reflow retains representative actions and contains overflow
2026-10-10T13:25:12.5187653Z [w29-responsive-profile] {"browser":"firefox","width":1920,"profiles":7,"issues":0,"pageErrors":0,"evidence":"evidence/frontend-ui-improvements/UI028/W29/responsive-profile-firefox-1920-current-20261010-130450-30607.json"}
2026-10-10T13:25:12.5189500Z 
2026-10-10T13:25:18.0389160Z [398/407] [firefox] › tests/ui028-w30-stress.spec.ts:75:5 › UI028.W30 form-error-short: 200% text and spacing stress at 320x480
2026-10-10T13:25:22.5570168Z [firefox] › tests/ui028-w30-stress.spec.ts:75:5 › UI028.W30 form-error-short: 200% text and spacing stress at 320x480
2026-10-10T13:25:22.5573547Z [w30-stress] {"browser":"firefox","scenario":"form-error-short","viewport":{"width":320,"height":480},"scaledTextElements":55,"issues":0,"pageErrors":0,"evidence":"evidence/frontend-ui-improvements/UI028/W30/stress-firefox-form-error-short-current-20261010-130450-30607.json"}
2026-10-10T13:25:22.5575668Z 
2026-10-10T13:25:22.5942891Z [399/407] [firefox] › tests/ui028-w30-stress.spec.ts:75:5 › UI028.W30 mobile-menu-long-label: 200% text and spacing stress at 390x560
2026-10-10T13:25:25.4211354Z [firefox] › tests/ui028-w30-stress.spec.ts:75:5 › UI028.W30 mobile-menu-long-label: 200% text and spacing stress at 390x560
2026-10-10T13:25:25.4213600Z [w30-stress] {"browser":"firefox","scenario":"mobile-menu-long-label","viewport":{"width":390,"height":560},"scaledTextElements":148,"issues":0,"pageErrors":0,"evidence":"evidence/frontend-ui-improvements/UI028/W30/stress-firefox-mobile-menu-long-label-current-20261010-130450-30607.json"}
2026-10-10T13:25:25.4214762Z 
2026-10-10T13:25:25.4535790Z [400/407] [firefox] › tests/ui028-w30-stress.spec.ts:75:5 › UI028.W30 report-long-id: 200% text and spacing stress at 640x450
2026-10-10T13:25:28.4299012Z [firefox] › tests/ui028-w30-stress.spec.ts:75:5 › UI028.W30 report-long-id: 200% text and spacing stress at 640x450
2026-10-10T13:25:28.4302776Z [w30-stress] {"browser":"firefox","scenario":"report-long-id","viewport":{"width":640,"height":450},"scaledTextElements":244,"issues":0,"pageErrors":0,"evidence":"evidence/frontend-ui-improvements/UI028/W30/stress-firefox-report-long-id-current-20261010-130450-30607.json"}
2026-10-10T13:25:28.4304960Z 
2026-10-10T13:25:28.4647690Z [401/407] [firefox] › tests/ui028-w30-stress.spec.ts:75:5 › UI028.W30 inbox-long-composer: 200% text and spacing stress at 390x560
2026-10-10T13:25:31.0790925Z [firefox] › tests/ui028-w30-stress.spec.ts:75:5 › UI028.W30 inbox-long-composer: 200% text and spacing stress at 390x560
2026-10-10T13:25:31.0796189Z [w30-stress] {"browser":"firefox","scenario":"inbox-long-composer","viewport":{"width":390,"height":560},"scaledTextElements":71,"issues":0,"pageErrors":0,"evidence":"evidence/frontend-ui-improvements/UI028/W30/stress-firefox-inbox-long-composer-current-20261010-130450-30607.json"}
2026-10-10T13:25:31.0798296Z 
2026-10-10T13:25:31.1142494Z [402/407] [firefox] › tests/ui028-w30-stress.spec.ts:75:5 › UI028.W30 dialog-long-reason: 200% text and spacing stress at 320x480
2026-10-10T13:25:33.9827393Z [firefox] › tests/ui028-w30-stress.spec.ts:75:5 › UI028.W30 dialog-long-reason: 200% text and spacing stress at 320x480
2026-10-10T13:25:33.9830430Z [w30-stress] {"browser":"firefox","scenario":"dialog-long-reason","viewport":{"width":320,"height":480},"scaledTextElements":80,"issues":0,"pageErrors":0,"evidence":"evidence/frontend-ui-improvements/UI028/W30/stress-firefox-dialog-long-reason-current-20261010-130450-30607.json"}
2026-10-10T13:25:33.9832583Z 
2026-10-10T13:25:34.0852593Z [403/407] [firefox] › tests/vertical-slices/fe022-flows.spec.ts:38:1 › FE022.VS01 catalog → stock → order → prep keeps product, reservation, and order references linked
2026-10-10T13:25:45.7955597Z [404/407] [firefox] › tests/vertical-slices/fe022-flows.spec.ts:92:1 › FE022.VS02 procurement → approval → receipt → stock and payable preserves the purchase identity
2026-10-10T13:26:00.8534696Z [405/407] [firefox] › tests/vertical-slices/fe022-flows.spec.ts:172:1 › FE022.VS03 finance → reconciliation retains bank transaction and partial debt allocation
2026-10-10T13:26:08.1603342Z [406/407] [firefox] › tests/vertical-slices/fe022-flows.spec.ts:214:1 › FE022.VS04 inbox → knowledge draft → bot evaluation preserves feedback and revision source IDs
2026-10-10T13:26:17.4681236Z [407/407] [firefox] › tests/vertical-slices/fe022-flows.spec.ts:256:1 › FE022.S05 route and feature matrix covers canonical IDs with executed cases or explicit frontend gaps
2026-10-10T13:26:31.4087934Z   Slow test file: [firefox] › tests/states/route-error-composition.spec.ts (6.7m)
2026-10-10T13:26:31.4089520Z   Consider running tests from slow files in parallel. See: https://playwright.dev/docs/test-parallel
2026-10-10T13:26:31.4090694Z   1 failed
2026-10-10T13:26:31.4092051Z     [firefox] › tests/ui-master-resources.spec.ts:40:1 › C05 customer address UI never replays a masked phone and orders load per-customer addresses 
2026-10-10T13:26:31.4093710Z   406 passed (1.3h)
2026-10-10T13:26:31.7163673Z ##[error]Process completed with exit code 1.
2026-10-10T13:26:31.7974557Z ##[group]Run actions/upload-artifact@043fb46d1a93c77aae656e7c1c64a875d1fc6a0a
2026-10-10T13:26:31.7975053Z with:
2026-10-10T13:26:31.7975434Z   name: frontend-firefox-38050319695-1-bcdf5414015fe045482278f3f115b53e9e7c4262
2026-10-10T13:26:31.7976145Z   path: BotSalesAI_Frontend/apps/web/dist/
BotSalesAI_Frontend/apps/web/dist-demo/
BotSalesAI_Frontend/test-results/

2026-10-10T13:26:31.7976702Z   if-no-files-found: ignore
2026-10-10T13:26:31.7976966Z   retention-days: 14
2026-10-10T13:26:31.7977185Z   compression-level: 6
2026-10-10T13:26:31.7977402Z   overwrite: false
2026-10-10T13:26:31.7977622Z   include-hidden-files: false
2026-10-10T13:26:31.7977865Z   archive: true
2026-10-10T13:26:31.7978062Z ##[endgroup]
2026-10-10T13:26:32.1710733Z Multiple search paths detected. Calculating the least common ancestor of all paths
2026-10-10T13:26:32.1718105Z The least common ancestor is /home/runner/work/Bot-AI-Ban-hang-FB/Bot-AI-Ban-hang-FB/BotSalesAI_Frontend. This will be the root directory of the artifact
2026-10-10T13:26:32.1720216Z With the provided path, there will be 77 files uploaded
2026-10-10T13:26:32.1725677Z Artifact name is valid!
2026-10-10T13:26:32.1726288Z Root directory input is valid!
2026-10-10T13:26:32.5848425Z Uploading artifact: frontend-firefox-38050319695-1-bcdf5414015fe045482278f3f115b53e9e7c4262.zip
2026-10-10T13:26:32.5889636Z Beginning upload of artifact content to blob storage
2026-10-10T13:26:33.5227741Z Uploaded bytes 1492326
2026-10-10T13:26:33.5984620Z Finished uploading artifact content to blob storage!
2026-10-10T13:26:33.5986204Z SHA256 digest of uploaded artifact is 5c57cd1c4e2e9799bf5747c8064cc87a4b5cda290695b12eb13080935d1aeac3
2026-10-10T13:26:33.5987888Z Finalizing artifact upload
2026-10-10T13:26:34.0458306Z Artifact frontend-firefox-38050319695-1-bcdf5414015fe045482278f3f115b53e9e7c4262 successfully finalized. Artifact ID 11671095554
2026-10-10T13:26:34.0461099Z Artifact frontend-firefox-38050319695-1-bcdf5414015fe045482278f3f115b53e9e7c4262 has been successfully uploaded! Final size is 1492326 bytes. Artifact ID is 11671095554
2026-10-10T13:26:34.0463776Z Artifact download URL: https://github.com/LonelyTraderBay/Bot-AI-Ban-hang-FB/actions/runs/38050319695/artifacts/11671095554
2026-10-10T13:26:34.0714998Z Post job cleanup.
2026-10-10T13:26:34.1614619Z [command]/usr/bin/git version
2026-10-10T13:26:34.1675759Z git version 2.55.0
2026-10-10T13:26:34.1713152Z Temporarily overriding HOME='/home/runner/work/_temp/0eb31a24-a0c6-47f9-afdf-2cb1d1bbb6d0' before making global git config changes
2026-10-10T13:26:34.1714690Z Adding repository directory to the temporary git global config as a safe directory
2026-10-10T13:26:34.1717818Z [command]/usr/bin/git config --global --add safe.directory /home/runner/work/Bot-AI-Ban-hang-FB/Bot-AI-Ban-hang-FB
2026-10-10T13:26:34.1755567Z Removing SSH command configuration
2026-10-10T13:26:34.1762344Z [command]/usr/bin/git config --local --name-only --get-regexp core\.sshCommand
2026-10-10T13:26:34.1800245Z [command]/usr/bin/git submodule foreach --recursive sh -c "git config --local --name-only --get-regexp 'core\.sshCommand' && git config --local --unset-all 'core.sshCommand' || :"
2026-10-10T13:26:34.2165762Z Removing HTTP extra header
2026-10-10T13:26:34.2167281Z [command]/usr/bin/git config --local --name-only --get-regexp http\.https\:\/\/github\.com\/\.extraheader
2026-10-10T13:26:34.2224692Z [command]/usr/bin/git submodule foreach --recursive sh -c "git config --local --name-only --get-regexp 'http\.https\:\/\/github\.com\/\.extraheader' && git config --local --unset-all 'http.https://github.com/.extraheader' || :"
2026-10-10T13:26:34.2484283Z Removing includeIf entries pointing to credentials config files
2026-10-10T13:26:34.2492312Z [command]/usr/bin/git config --local --name-only --get-regexp ^includeIf\.gitdir:
2026-10-10T13:26:34.2543397Z includeif.gitdir:/home/runner/work/Bot-AI-Ban-hang-FB/Bot-AI-Ban-hang-FB/.git.path
2026-10-10T13:26:34.2545141Z includeif.gitdir:/home/runner/work/Bot-AI-Ban-hang-FB/Bot-AI-Ban-hang-FB/.git/worktrees/*.path
2026-10-10T13:26:34.2546089Z includeif.gitdir:/github/workspace/.git.path
2026-10-10T13:26:34.2547137Z includeif.gitdir:/github/workspace/.git/worktrees/*.path
2026-10-10T13:26:34.2557839Z [command]/usr/bin/git config --local --get-all includeif.gitdir:/home/runner/work/Bot-AI-Ban-hang-FB/Bot-AI-Ban-hang-FB/.git.path
2026-10-10T13:26:34.2592979Z /home/runner/work/_temp/git-credentials-cf6b4552-8e78-4740-805a-a707c7e3ce9a.config
2026-10-10T13:26:34.2605111Z [command]/usr/bin/git config --local --unset includeif.gitdir:/home/runner/work/Bot-AI-Ban-hang-FB/Bot-AI-Ban-hang-FB/.git.path \/home\/runner\/work\/_temp\/git\-credentials\-cf6b4552\-8e78\-4740\-805a\-a707c7e3ce9a\.config
2026-10-10T13:26:34.2673463Z [command]/usr/bin/git config --local --get-all includeif.gitdir:/home/runner/work/Bot-AI-Ban-hang-FB/Bot-AI-Ban-hang-FB/.git/worktrees/*.path
2026-10-10T13:26:34.2705023Z /home/runner/work/_temp/git-credentials-cf6b4552-8e78-4740-805a-a707c7e3ce9a.config
2026-10-10T13:26:34.2726691Z [command]/usr/bin/git config --local --unset includeif.gitdir:/home/runner/work/Bot-AI-Ban-hang-FB/Bot-AI-Ban-hang-FB/.git/worktrees/*.path \/home\/runner\/work\/_temp\/git\-credentials\-cf6b4552\-8e78\-4740\-805a\-a707c7e3ce9a\.config
2026-10-10T13:26:34.2769889Z [command]/usr/bin/git config --local --get-all includeif.gitdir:/github/workspace/.git.path
2026-10-10T13:26:34.2799034Z /github/runner_temp/git-credentials-cf6b4552-8e78-4740-805a-a707c7e3ce9a.config
2026-10-10T13:26:34.2808308Z [command]/usr/bin/git config --local --unset includeif.gitdir:/github/workspace/.git.path \/github\/runner_temp\/git\-credentials\-cf6b4552\-8e78\-4740\-805a\-a707c7e3ce9a\.config
2026-10-10T13:26:34.2848497Z [command]/usr/bin/git config --local --get-all includeif.gitdir:/github/workspace/.git/worktrees/*.path
2026-10-10T13:26:34.2876940Z /github/runner_temp/git-credentials-cf6b4552-8e78-4740-805a-a707c7e3ce9a.config
2026-10-10T13:26:34.2893951Z [command]/usr/bin/git config --local --unset includeif.gitdir:/github/workspace/.git/worktrees/*.path \/github\/runner_temp\/git\-credentials\-cf6b4552\-8e78\-4740\-805a\-a707c7e3ce9a\.config
2026-10-10T13:26:34.2924053Z [command]/usr/bin/git submodule foreach --recursive git config --local --show-origin --name-only --get-regexp remote.origin.url
2026-10-10T13:26:34.3189986Z Removing credentials config '/home/runner/work/_temp/git-credentials-cf6b4552-8e78-4740-805a-a707c7e3ce9a.config'
2026-10-10T13:26:34.3361712Z Cleaning up orphan processes
