{
  "executedAt": "2026-10-09T05:26:25.812Z",
  "taskId": "FE028",
  "stepId": "S04",
  "facts": [
    {
      "name": "Canonical task criteria",
      "action": "Áp dụng Production Claim Gate 19.6: artifact/revision/environment/criteria/evidence/exceptions/quyền, đề nghị nghiệm thu đúng frontend mock scope.",
      "verification": "Không tự chứng nhận hệ thống production hoặc tự nhận owner acceptance; thiếu gate thì kết luận chưa đủ. Ghi command/cwd/exit code, expected/observed, log/hash và source snapshot thực. Scope FRONTEND_WITH_SYNTHETIC_MOCK_API; không dùng kết quả prototype hoặc backend chưa chạy."
    },
    {
      "name": "Current task contract/source ownership",
      "routes": [
        {
          "id": "R01",
          "source": "apps/web/src/modules/workspace/index.tsx",
          "component": "LoginPage"
        },
        {
          "id": "R02",
          "source": "apps/web/src/modules/workspace/index.tsx",
          "component": "WorkspacesPage"
        },
        {
          "id": "R03",
          "source": "apps/web/src/modules/workspace/index.tsx",
          "component": "OnboardingPage"
        },
        {
          "id": "R04",
          "source": "apps/web/src/modules/dashboard/index.tsx",
          "component": "DashboardPage"
        },
        {
          "id": "R05",
          "source": "apps/web/src/modules/inbox/index.tsx",
          "component": "InboxPage"
        },
        {
          "id": "R06",
          "source": "apps/web/src/modules/inbox/index.tsx",
          "component": "InboxPage"
        },
        {
          "id": "R07",
          "source": "apps/web/src/modules/customers/index.tsx",
          "component": "CustomersPage"
        },
        {
          "id": "R08",
          "source": "apps/web/src/modules/customers/index.tsx",
          "component": "CustomerPage"
        },
        {
          "id": "R09",
          "source": "apps/web/src/modules/catalog/index.tsx",
          "component": "ProductsPage"
        },
        {
          "id": "R10",
          "source": "apps/web/src/modules/catalog/index.tsx",
          "component": "ProductEditorPage"
        },
        {
          "id": "R11",
          "source": "apps/web/src/modules/catalog/index.tsx",
          "component": "ProductEditorPage"
        },
        {
          "id": "R12",
          "source": "apps/web/src/modules/catalog/index.tsx",
          "component": "CategoriesPage"
        },
        {
          "id": "R13",
          "source": "apps/web/src/modules/catalog/imports.tsx",
          "component": "ImportsPage"
        },
        {
          "id": "R14",
          "source": "apps/web/src/modules/catalog/imports.tsx",
          "component": "ImportResultPage"
        },
        {
          "id": "R15",
          "source": "apps/web/src/modules/inventory/index.tsx",
          "component": "InventoryPage"
        },
        {
          "id": "R16",
          "source": "apps/web/src/modules/inventory/index.tsx",
          "component": "MovementsPage"
        },
        {
          "id": "R17",
          "source": "apps/web/src/modules/orders/index.tsx",
          "component": "OrdersPage"
        },
        {
          "id": "R18",
          "source": "apps/web/src/modules/orders/index.tsx",
          "component": "NewOrderPage"
        },
        {
          "id": "R19",
          "source": "apps/web/src/modules/orders/index.tsx",
          "component": "OrderDetailPage"
        },
        {
          "id": "R20",
          "source": "apps/web/src/modules/finance/index.tsx",
          "component": "CashflowPage"
        },
        {
          "id": "R21",
          "source": "apps/web/src/modules/finance/index.tsx",
          "component": "EntriesPage"
        },
        {
          "id": "R22",
          "source": "apps/web/src/modules/finance/index.tsx",
          "component": "ProfitLossPage"
        },
        {
          "id": "R23",
          "source": "apps/web/src/modules/knowledge/index.tsx",
          "component": "KnowledgePage"
        },
        {
          "id": "R24",
          "source": "apps/web/src/modules/knowledge/index.tsx",
          "component": "KnowledgeDetailPage"
        },
        {
          "id": "R25",
          "source": "apps/web/src/modules/knowledge/index.tsx",
          "component": "FeedbackPage"
        },
        {
          "id": "R26",
          "source": "apps/web/src/modules/bot/index.tsx",
          "component": "BotConfigPage"
        },
        {
          "id": "R27",
          "source": "apps/web/src/modules/bot/index.tsx",
          "component": "PlaygroundPage"
        },
        {
          "id": "R28",
          "source": "apps/web/src/modules/bot/index.tsx",
          "component": "EvaluationsPage"
        },
        {
          "id": "R29",
          "source": "apps/web/src/modules/integrations/index.tsx",
          "component": "ChannelsPage"
        },
        {
          "id": "R30",
          "source": "apps/web/src/modules/integrations/index.tsx",
          "component": "AIProvidersPage"
        },
        {
          "id": "R31",
          "source": "apps/web/src/modules/reports/index.tsx",
          "component": "ReportsPage"
        },
        {
          "id": "R32",
          "source": "apps/web/src/modules/workspace/index.tsx",
          "component": "TeamPage"
        },
        {
          "id": "R33",
          "source": "apps/web/src/modules/workspace/index.tsx",
          "component": "ShopSettingsPage"
        },
        {
          "id": "R34",
          "source": "apps/web/src/modules/workspace/index.tsx",
          "component": "AuditPage"
        },
        {
          "id": "R35",
          "source": "apps/web/src/modules/workspace/index.tsx",
          "component": "PrivacyPage"
        },
        {
          "id": "R36",
          "source": "apps/web/src/modules/workspace/index.tsx",
          "component": "JobPage"
        },
        {
          "id": "R37",
          "source": "apps/web/src/modules/operations/index.tsx",
          "component": "OperationsPage"
        },
        {
          "id": "R38",
          "source": "apps/web/src/modules/operations/index.tsx",
          "component": "ApprovalsPage"
        },
        {
          "id": "R39",
          "source": "apps/web/src/modules/notifications/index.tsx",
          "component": "NotificationsPage"
        },
        {
          "id": "R40",
          "source": "apps/web/src/modules/notifications/index.tsx",
          "component": "DevicesPage"
        },
        {
          "id": "R41",
          "source": "apps/web/src/modules/fulfillment/index.tsx",
          "component": "FulfillmentPage"
        },
        {
          "id": "R42",
          "source": "apps/web/src/modules/fulfillment/index.tsx",
          "component": "ShipmentsPage"
        },
        {
          "id": "R43",
          "source": "apps/web/src/modules/orders/index.tsx",
          "component": "ReturnsPage"
        },
        {
          "id": "R44",
          "source": "apps/web/src/modules/procurement/index.tsx",
          "component": "SuppliersPage"
        },
        {
          "id": "R45",
          "source": "apps/web/src/modules/procurement/index.tsx",
          "component": "ReplenishmentPage"
        },
        {
          "id": "R46",
          "source": "apps/web/src/modules/procurement/index.tsx",
          "component": "PurchasesPage"
        },
        {
          "id": "R47",
          "source": "apps/web/src/modules/procurement/index.tsx",
          "component": "ReceiptsPage"
        },
        {
          "id": "R48",
          "source": "apps/web/src/modules/finance/index.tsx",
          "component": "JournalsPage"
        },
        {
          "id": "R49",
          "source": "apps/web/src/modules/finance/index.tsx",
          "component": "ReconciliationPage"
        },
        {
          "id": "R50",
          "source": "apps/web/src/modules/finance/index.tsx",
          "component": "DebtsPage"
        },
        {
          "id": "R51",
          "source": "apps/web/src/modules/bot/index.tsx",
          "component": "AgentTeamPage"
        },
        {
          "id": "R52",
          "source": "apps/web/src/modules/operations/index.tsx",
          "component": "DigestsPage"
        },
        {
          "id": "R53",
          "source": "apps/web/src/modules/reports/index.tsx",
          "component": "MarketingPage"
        },
        {
          "id": "R54",
          "source": "apps/web/src/modules/customers/index.tsx",
          "component": "ServiceCasesPage"
        }
      ],
      "operationIds": [
        "acknowledgeNotification",
        "addInternalNote",
        "approvePrivacyRequest",
        "archiveCategory",
        "archiveProduct",
        "assignConversation",
        "beginChannelConnect",
        "beginLogin",
        "beginTelegramPairing",
        "cancelOrder",
        "checkChannelHealth",
        "claimWorkItem",
        "closeAccountingPeriod",
        "commitProductImport",
        "confirmOrder",
        "confirmPurchaseOrder",
        "controlAutomation",
        "createAIConnection",
        "createCategory",
        "createCustomer",
        "createDevice",
        "createEvaluation",
        "createExport",
        "createFeedback",
        "createFinanceEntry",
        "createGoodsReceipt",
        "createInventoryAdjustment",
        "createJournal",
        "createKnowledge",
        "createKnowledgeRevision",
        "createOrder",
        "createPrivacyRequest",
        "createProduct",
        "createProductImport",
        "createPurchaseOrder",
        "createReorderRule",
        "createReturnCase",
        "createServiceCase",
        "createShipment",
        "createShop",
        "createSupplier",
        "createSupplierOffer",
        "decideApproval",
        "deleteAIConnection",
        "disconnectChannel",
        "evaluateReorder",
        "getAIConnection",
        "getApproval",
        "getBotConfig",
        "getBotRevision",
        "getCashflow",
        "getCategory",
        "getChannel",
        "getCommand",
        "getConversation",
        "getCsrfToken",
        "getCustomer",
        "getDashboard",
        "getEvaluation",
        "getFile",
        "getFinanceEntry",
        "getGoodsReceipt",
        "getInboxMetadata",
        "getJob",
        "getJournal",
        "getKnowledge",
        "getKnowledgeRevision",
        "getMarketingSummary",
        "getMember",
        "getNotification",
        "getNotificationPolicy",
        "getOperationsSummary",
        "getOrder",
        "getPrepJob",
        "getPrivacyPolicy",
        "getProduct",
        "getProfitLoss",
        "getProviderCatalog",
        "getPurchaseOrder",
        "getReportSummary",
        "getReturnCase",
        "getServiceCase",
        "getSession",
        "getShipment",
        "getShop",
        "getSupplier",
        "handoverShipment",
        "importBankStatement",
        "importCODStatement",
        "inspectReturn",
        "inviteMember",
        "listAIConnections",
        "listAccountingPeriods",
        "listAgentRoles",
        "listApprovals",
        "listAuditEvents",
        "listBankTransactions",
        "listBotRevisions",
        "listBudgetPolicies",
        "listCODSettlements",
        "listCategories",
        "listChannels",
        "listConversations",
        "listCustomers",
        "listDebtItems",
        "listDevices",
        "listDigests",
        "listEvaluations",
        "listFeedback",
        "listFinanceEntries",
        "listGoodsReceipts",
        "listJobs",
        "listJournals",
        "listKnowledge",
        "listKnowledgeRevisions",
        "listMembers",
        "listMessages",
        "listNotifications",
        "listOrders",
        "listPrepJobs",
        "listPrivacyRequests",
        "listProducts",
        "listPurchaseOrders",
        "listPurchaseSuggestions",
        "listReconciliationCases",
        "listReorderRules",
        "listReturnCases",
        "listServiceCases",
        "listShipments",
        "listShops",
        "listStockMovements",
        "listStockSnapshots",
        "listSupplierOffers",
        "listSuppliers",
        "listWorkItems",
        "matchCODSettlement",
        "matchSettlement",
        "packPrepJob",
        "pauseBot",
        "payOrder",
        "pickPrepLine",
        "postFinanceEntry",
        "postGoodsReceipt",
        "postJournal",
        "publishBotConfig",
        "publishKnowledge",
        "quoteOrder",
        "reconnectChannel",
        "recordShipmentEvent",
        "refundOrder",
        "releaseConversation",
        "reopenAccountingPeriod",
        "requestPurchaseApproval",
        "resolveConversation",
        "restoreBotRevision",
        "restoreKnowledgeRevision",
        "retireKnowledge",
        "reverseFinanceEntry",
        "reverseJournal",
        "reviewFeedback",
        "revokeDevice",
        "revokeMembership",
        "runPlayground",
        "sendMessage",
        "sendPurchaseOrder",
        "setServiceCaseStatus",
        "setSupplierStatus",
        "stepUp",
        "submitKnowledgeReview",
        "takeoverConversation",
        "testAIConnection",
        "testDevice",
        "updateAIConnection",
        "updateAgentRole",
        "updateBotDraft",
        "updateCategory",
        "updateCustomer",
        "updateFinanceEntry",
        "updateKnowledge",
        "updateMemberRoles",
        "updateNotificationPolicy",
        "updateOrderDraft",
        "updatePrivacyPolicy",
        "updateProduct",
        "updateReorderRule",
        "updateShop",
        "updateSupplier",
        "updateWorkItem",
        "uploadFile"
      ],
      "crosswalk": {
        "operations": 210,
        "files": 71,
        "calls": 222,
        "unresolved": 0
      }
    },
    {
      "name": "Named executed owner behavior",
      "scope": "owner suite",
      "cases": [
        "catalog create uses the HTTP mock and successful save clears the draft guard",
        "dirty drafts block in-app navigation and preserve input until the user decides",
        "all canonical routes render inside the real React demo application",
        "switching shops cancels a delayed request and loads only the new shop scope",
        "role changes remove restricted navigation and the route guard explains denied access",
        "deep links survive browser refresh and logout clears the mock session",
        "logout asks before discarding a draft and retains the session when logout fails",
        "mobile navigation opens, routes, and closes without viewport overflow",
        "chunk loading errors use the route recovery boundary",
        "live mode reports an unavailable session API without enabling mock data",
        "FE022.VS01 catalog → stock → order → prep keeps product, reservation, and order references linked",
        "FE022.VS02 procurement → approval → receipt → stock and payable preserves the purchase identity",
        "FE022.VS03 finance → reconciliation retains bank transaction and partial debt allocation",
        "FE022.VS04 inbox → knowledge draft → bot evaluation preserves feedback and revision source IDs",
        "FE022.S05 route and feature matrix covers canonical IDs with executed cases or explicit frontend gaps",
        "F01 preserves a customer draft, compares three snapshots, and PATCHes only chosen changes",
        "F01 requires an explicit choice for a field changed by both editors",
        "F06 detects an order draft and blocks navigation until explicit discard",
        "F02 retains an unsaved product image through an unrelated refetch",
        "F03 retains notification-policy inputs through a background resync and navigation",
        "F05 keeps text typed while a previous internal note is pending",
        "F08 validates 4001 customer-note characters at the field and accepts 4000",
        "F07 routes the fulfillment footer close through the shared discard guard",
        "F09 refreshes new Inbox messages without refetching the visible product and stock snapshots",
        "F01 shop settings merges a server-only locale change and preserves edits typed during save",
        "F03 privacy policy preserves refetch drafts and compares before applying the newest version",
        "F01 category keeps a late edit after saving, and reopens with a clean current baseline",
        "F01 supplier preserves a concurrent server-only term and PATCHes the local name",
        "F08 customer update enforces 4000/4001 before HTTP and retains a 422 draft",
        "F05 keeps mode changes and unknown sends, locks another send, and observes recovery-registry completion",
        "F01 order editor keeps its original version and compares whole line lists before PATCH",
        "F06 guards added order rows, shop switch, logout and native reload; successful creation leaves no false guard",
        "F01 analogous return-inspection draft does not adopt a refetched version without comparison",
        "F01 comparison supports keyboard choices, server changes again, axe and 320px reflow with long content",
        "F08 privacy bounds reject invalid days and long jurisdiction before HTTP",
        "F06 order custom close respects the draft guard and busy editors remain protected",
        "Shared Toolbar and demo tools keep labels clear when text doubles",
        "Toolbar geometry: multiline category lookup cannot stretch the search button",
        "Shared consolidation Inbox filters share Toolbar ownership and stay outside search across pane widths",
        "Toolbar affected routes keep intrinsic actions, capability branches and 320px reflow",
        "Toolbar public extra slot cannot stretch a single-line submit action",
        "Toolbar preserves Products URL filters, search submit, clear and independent category lookup",
        "Toolbar keeps Inventory apply/reset separate from search submission",
        "Toolbar category more/busy/error/retry branches preserve search geometry and actual pagination",
        "Shell keeps header, banner, main and footer on one responsive gutter",
        "demo controls stay discoverable on mobile and usable on desktop",
        "SPC-055/057 demo-control labels keep a clear gap on every Shell route consumer",
        "unmatched route fallback owns its page gutter without horizontal overflow",
        "A01 order lines keep intrinsic remove actions with clean and invalid quantities",
        "A02 product editors align category and status faces independently from lookup metadata",
        "Shared outlined labels focus empty and populated native controls",
        "A02 variant fields retain readable widths when text doubles",
        "A03 import mapping preserves natural remove actions and editable mappings",
        "A04 full precision money wraps outside tables and remains unbroken in the named scroll region",
        "A05 status height follows its own label while long labels remain fully readable",
        "A06 Empty wraps unbroken reference text and retains its keyboard action",
        "A07 locked order addresses expose full text and edit lines retain intrinsic actions",
        "W01 AI single connection fills its collection at breakpoint edges and wide viewports",
        "W01 AI keeps two-column collection for two/three items and refetch preserves the new count",
        "W01 AI empty result keeps one accessible create action and no empty grid",
        "W02 full-width form groups fill their panel and retain input/mapping/shipping behavior",
        "W03 notification protection notice occupies the full page row after the two panes",
        "W04 detail rows stay atomic in divided rhythm and plain containers",
        "Shared consolidation Dashboard primary link respects all eight permission tuples and native anchor interactions",
        "dashboard hierarchy, CTA targets, and page width hold across supported breakpoints",
        "demo conditional module requests return complete exports without changing live or non-asset caching",
        "demo startup explains the required setup when the browser blocks Service Workers",
        "density table saves row space while preserving action target and data",
        "density divided facts list has one row inset and no additional inter-row gap",
        "density demo disclosure retains state and always shows the synthetic warning",
        "density operational Panel uses 12px boundary while complex form and reading Panel keep comfortable rhythm",
        "density simple category editor keeps labels, errors and keyboard reflow usable"
      ],
      "executions": 144,
      "assertionInventory": [
        {
          "file": "tests/frontend.spec.ts",
          "sha256": "86b0c0c9897a740231d2f9768b7bbde4bd7b9694a35b010fb87b395feafe541c",
          "cases": [
            {
              "title": "catalog create uses the HTTP mock and successful save clears the draft guard",
              "line": 41,
              "assertions": [
                "expect(page.getByRole('heading', { name: 'Sản phẩm', exact: true })).toBeVisible()",
                "expect(page.getByText('Dữ liệu mô phỏng', { exact: true })).toBeVisible()",
                "expect(page).toHaveURL(/\\/products\\/product-/)",
                "expect(page.getByRole('dialog', { name: 'Rời màn hình chưa lưu?' })).toHaveCount(0)",
                "expect(page.getByText('Sản phẩm kiểm thử', { exact: true })).toBeVisible()"
              ],
              "projects": [
                "chromium",
                "firefox"
              ]
            },
            {
              "title": "dirty drafts block in-app navigation and preserve input until the user decides",
              "line": 58,
              "assertions": [
                "expect(dialog).toBeVisible()",
                "expect(name).toHaveValue('Bản nháp chưa lưu')",
                "expect(dialog).toBeVisible()",
                "expect(page).toHaveURL(/\\/categories$/)",
                "expect(page.getByRole('heading', { name: 'Danh mục', exact: true })).toBeVisible()"
              ],
              "projects": [
                "chromium",
                "firefox"
              ]
            },
            {
              "title": "all canonical routes render inside the real React demo application",
              "line": 76,
              "assertions": [
                "expect(main, `${route.id} should mount the shop-scoped page`).toBeVisible()",
                "expect(main.getByRole('heading').first(), `${route.id} should render page content`).toBeVisible()",
                "expect(main.getByRole('heading', { name: 'Không thể mở màn hình', exact: true }), `${route.id} should not fall through to the router error boundary`).toHaveCount(0)",
                "expect(page.getByText('Dữ liệu mô phỏng', { exact: true }), `${route.id} should disclose the synthetic data source`).toBeVisible()",
                "expect(heading, `${route.id} should render its public page content`).toBeVisible()",
                "expect(page.getByRole('heading', { name: 'Không thể mở màn hình', exact: true })).toHaveCount(0)",
                "expect(page.getByRole('heading', { name: 'Không tìm thấy trang', exact: true })).toHaveCount(0)",
                "expect(page.getByText('Chưa khởi động được ứng dụng', { exact: true })).toHaveCount(0)",
                "expect(errors).toEqual([])"
              ],
              "projects": [
                "chromium",
                "firefox"
              ]
            },
            {
              "title": "switching shops cancels a delayed request and loads only the new shop scope",
              "line": 101,
              "assertions": [
                "expect(page).toHaveURL(/\\/shop-demo\\/products$/)",
                "expect(page.getByRole('heading', { name: 'Chọn cửa hàng', exact: true })).toBeVisible()",
                "expect(page).toHaveURL(/\\/s\\/shop-second\\/overview$/)",
                "expect(firstProduct).toHaveAttribute('href', '/s/shop-second/products/b-p1')",
                "expect(firstProduct).toHaveAttribute('href', '/s/shop-second/products/b-p1')",
                "expect(page.locator('a[href=\"/s/shop-demo/products/p1\"]')).toHaveCount(0)"
              ],
              "projects": [
                "chromium",
                "firefox"
              ]
            },
            {
              "title": "role changes remove restricted navigation and the route guard explains denied access",
              "line": 119,
              "assertions": [
                "expect(page.getByRole('navigation', { name: 'Điều hướng chính' }).getByRole('link', { name: 'Lợi nhuận' })).toHaveCount(0)",
                "expect(page.getByText(/Bạn không có quyền truy cập màn hình này trong/)).toBeVisible()",
                "expect(page.getByText(/Việc kiểm quyền thực thi vẫn thuộc backend/)).toBeVisible()"
              ],
              "projects": [
                "chromium",
                "firefox"
              ]
            },
            {
              "title": "deep links survive browser refresh and logout clears the mock session",
              "line": 132,
              "assertions": [
                "expect(page.getByRole('heading', { name: 'Đơn DH-DEMO-PAID-01' })).toBeVisible()",
                "expect(page.getByRole('heading', { name: 'Đơn DH-DEMO-PAID-01' })).toBeVisible()",
                "expect((await logoutResponse).status()).toBe(204)",
                "expect(page.getByRole('heading', { name: 'Chào mừng trở lại' })).toBeVisible()",
                "expect(page.getByText('Dữ liệu mô phỏng', { exact: true })).toHaveCount(0)"
              ],
              "projects": [
                "chromium",
                "firefox"
              ]
            },
            {
              "title": "logout asks before discarding a draft and retains the session when logout fails",
              "line": 145,
              "assertions": [
                "expect(dialog).toBeVisible()",
                "expect(name).toHaveValue('Bản nháp trước khi đăng xuất')",
                "expect(dialog).toBeVisible()",
                "expect(page.getByRole('alert').filter({ hasText: 'Chưa xác minh được đăng xuất' })).toBeVisible()",
                "expect(name).toHaveValue('Bản nháp trước khi đăng xuất')",
                "expect(page.getByText('API thật', { exact: true })).toBeVisible()",
                "expect(dialog).toHaveCount(0)",
                "expect(page).toHaveURL(/\\/s\\/shop-demo\\/products\\/new$/)"
              ],
              "projects": [
                "chromium",
                "firefox"
              ]
            },
            {
              "title": "mobile navigation opens, routes, and closes without viewport overflow",
              "line": 202,
              "assertions": [
                "expect(productLink).toBeVisible()",
                "expect(page).toHaveURL(/\\/products$/)",
                "expect(page.getByRole('heading', { name: 'Sản phẩm', exact: true })).toBeVisible()",
                "expect(page.getByRole('button', { name: 'Mở menu' })).toBeVisible()",
                "expect(width.scroll).toBeLessThanOrEqual(width.client + 1)"
              ],
              "projects": [
                "chromium",
                "firefox"
              ]
            },
            {
              "title": "chunk loading errors use the route recovery boundary",
              "line": 216,
              "assertions": [
                "expect(page).toHaveURL(/\\/notifications$/)",
                "expect(page.getByRole('heading', { name: 'Không thể mở màn hình' })).toBeVisible()",
                "expect(page.locator('main#main-content')).toHaveCount(1)",
                "expect(failedChunks).toBeGreaterThan(0)",
                "expect(page.getByText(/Bản nháp chưa gửi không được coi là đã lưu/)).toBeVisible()"
              ],
              "projects": [
                "chromium",
                "firefox"
              ]
            },
            {
              "title": "live mode reports an unavailable session API without enabling mock data",
              "line": 255,
              "assertions": [
                "expect(page.getByRole('alert').filter({ hasText: 'Không thể kết nối API phiên đăng nhập' })).toBeVisible()",
                "expect(page.getByText('Dữ liệu mô phỏng', { exact: true })).toHaveCount(0)",
                "expect(page.getByText(/không tự chuyển sang dữ liệu mô phỏng/)).toBeVisible()"
              ],
              "projects": [
                "chromium",
                "firefox"
              ]
            }
          ]
        },
        {
          "file": "tests/vertical-slices/fe022-flows.spec.ts",
          "sha256": "3a4819b00bc1f2361493b1778d262011a4ab90c80ec323dac34bc7ed95b72da8",
          "cases": [
            {
              "title": "FE022.VS01 catalog → stock → order → prep keeps product, reservation, and order references linked",
              "line": 38,
              "assertions": [
                "expect(stockRow).toBeVisible()",
                "expect(page).toHaveURL(/\\/products\\?q=AO-002$/)",
                "expect(page.getByText('Áo thun Essential', { exact: true })).toBeVisible()",
                "expect(before).toBeTruthy()",
                "expect(orderRow).toBeVisible()",
                "expect(page.getByRole('heading', { name: 'Đơn DH-1001', exact: true })).toBeVisible()",
                "expect((await quote).status()).toBe(200)",
                "expect((await customerConfirmation).status()).toBe(200)",
                "expect((await confirmation).status()).toBe(202)",
                "expect(page.getByText('Đã xác nhận', { exact: true })).toBeVisible()",
                "expect(after).toBeTruthy()",
                "expect(after?.onHand).toBe(before?.onHand)",
                "expect(after?.reserved).toBe((before?.reserved || 0) + 1)",
                "expect(after?.available).toBe((before?.available || 0) - 1)",
                "expect(prep).toBeTruthy()",
                "expect(prep?.lines).toEqual(expect.arrayContaining([expect.objectContaining({ sku: 'AO-002', orderLineId: 'ol-1001' })]))",
                "expect.arrayContaining([expect.objectContaining({ sku: 'AO-002', orderLineId: 'ol-1001' })])",
                "expect.objectContaining({ sku: 'AO-002', orderLineId: 'ol-1001' })",
                "expect(prepRow).toBeVisible()",
                "expect((await claim).status()).toBe(200)",
                "expect(picked.status()).toBe(200)",
                "expect(JSON.parse(picked.request().postData() || 'null')).toMatchObject({ orderLineId: 'ol-1001', scannedSku: 'AO-002', pickedQuantity: 1 })",
                "expect(dialog.getByText('1/1', { exact: true })).toBeVisible()"
              ],
              "projects": [
                "chromium",
                "firefox"
              ]
            },
            {
              "title": "FE022.VS02 procurement → approval → receipt → stock and payable preserves the purchase identity",
              "line": 92,
              "assertions": [
                "expect(page.getByRole('heading', { name: 'Đơn mua hàng', exact: true })).toBeVisible()",
                "expect(before).toBeTruthy()",
                "expect(created.status()).toBe(201)",
                "expect((await requestApproval).status()).toBe(200)",
                "expect(approvalRow).toBeVisible()",
                "expect((await decision).status()).toBe(200)",
                "expect(purchaseRow).toBeVisible()",
                "expect((await sendReady).status()).toBe(202)",
                "expect(details.getByText('Đã gửi', { exact: true })).toBeVisible()",
                "expect((await supplierConfirmation).status()).toBe(200)",
                "expect(details.getByText('Đã xác nhận', { exact: true })).toBeVisible()",
                "expect(receiptResponse.status()).toBe(201)",
                "expect(receipt).toMatchObject({ purchaseOrderId: purchaseId, status: 'draft', sourceDocumentRef: 'FE022-RECEIPT-VS02' })",
                "expect((await post).status()).toBe(202)",
                "expect(after?.onHand).toBe((before?.onHand || 0) + 2)",
                "expect(payable).toMatchObject({ direction: 'payable', originalAmount: { amount: '200000' } })"
              ],
              "projects": [
                "chromium",
                "firefox"
              ]
            },
            {
              "title": "FE022.VS03 finance → reconciliation retains bank transaction and partial debt allocation",
              "line": 168,
              "assertions": [
                "expect((await importResponse).status()).toBe(200)",
                "expect(caseRow).toBeVisible()",
                "expect(debtBefore).toBeTruthy()",
                "expect((await matchResponse).status()).toBe(202)",
                "expect(imported).toMatchObject({ matchState: 'suggested' })",
                "expect(Number(debts.find(debt => debt.id === 'seed-debtitem-10028')?.outstandingAmount.amount)).toBe(Number(debtBefore?.outstandingAmount.amount) - 50000)"
              ],
              "projects": [
                "chromium",
                "firefox"
              ]
            },
            {
              "title": "FE022.VS04 inbox → knowledge draft → bot evaluation preserves feedback and revision source IDs",
              "line": 204,
              "assertions": [
                "expect(feedbackResponseResult.status()).toBe(201)",
                "expect(feedback.data.status).toBe('pending')",
                "expect(reviewed).toMatchObject({ id: feedback.data.id, status: 'approved', knowledgeDraftId: expect.any(String) })",
                "expect.any(String)",
                "expect(draftRow).toBeVisible()",
                "expect(detail).toMatchObject({ id: reviewed.knowledgeDraftId, status: 'draft', sourceKind: 'feedback' })",
                "expect(page.getByText('Đã xác minh chính sách đổi hàng trong dữ liệu mẫu.', { exact: true })).toBeVisible()",
                "expect(evaluation).toMatchObject({ status: 'passed', knowledgeRevisionId: detail.draftRevisionId, mockOnly: true })"
              ],
              "projects": [
                "chromium",
                "firefox"
              ]
            },
            {
              "title": "FE022.S05 route and feature matrix covers canonical IDs with executed cases or explicit frontend gaps",
              "line": 246,
              "assertions": [
                "expect(routeManifest.routes).toHaveLength(54)",
                "expect(featureCatalog.features).toHaveLength(64)",
                "expect(matrix).toHaveLength(routeManifest.routes.length)",
                "expect(new Set(matrix.map(route => route.routeId))).toEqual(new Set(routeManifest.routes.map(route => route.id)))",
                "expect(row).toMatchObject({ route: route.path, state: 'BROWSER_ROUTE_RENDERED_WITH_SYNTHETIC_API', acceptanceScenarioIds: route.acceptanceScenarioIds })",
                "expect(row?.routeEvidence).toMatchObject({\n            testFile: 'tests/frontend.spec.ts',\n            testTitle: 'all canonical routes render inside the real React demo application',\n            result: 'PASS',\n        })",
                "expect(routeSource).toContain(row?.routeEvidence.testTitle || '')",
                "expect(fs.existsSync(path.resolve(process.cwd(), row?.routeEvidence.logFile || ''))).toBeTruthy()",
                "expect(new Set(row?.featureCoverage.map(feature => feature.featureId))).toEqual(new Set(expectedFeatures.map(feature => feature.id)))",
                "expect(feature.canonicalRouteIds).toEqual(definition?.routeIds)",
                "expect(['ROUTE_MOUNT_ONLY', 'PARTIAL_SYNTHETIC_CROSS_MODULE_JOURNEY', 'FRONTEND_INTERACTION_VERIFIED_SYNTHETIC']).toContain(feature.coverage)",
                "expect(feature.gap.trim().length).toBeGreaterThan(20)",
                "expect(feature.evidenceCases.length).toBeGreaterThan(0)",
                "expect(feature.evidenceCases.some(evidence => evidence.id !== 'ROUTE-SMOKE-54')).toBeTruthy()",
                "expect(evidence.result).toBe('PASS')",
                "expect(fs.existsSync(path.resolve(process.cwd(), evidence.file))).toBeTruthy()",
                "expect(fs.existsSync(path.resolve(process.cwd(), evidence.logFile))).toBeTruthy()",
                "expect(source).toContain(evidence.id === 'ROUTE-SMOKE-54' ? evidence.title : evidence.id)",
                "expect(fs.readFileSync(path.resolve(process.cwd(), evidence.logFile), 'utf8')).toContain(evidence.title)",
                "expect(feature.coverage).toBe('FRONTEND_INTERACTION_VERIFIED_SYNTHETIC')",
                "expect(mappedIds).toEqual(new Set(featureCatalog.features.map(feature => feature.id)))",
                "expect(journeySource).toContain('FE022.VS01')",
                "expect(journeySource).toContain('FE022.VS02')",
                "expect(journeySource).toContain('FE022.VS03')",
                "expect(journeySource).toContain('FE022.VS04')",
                "expect(mappedIds.has('B06')).toBeTruthy()",
                "expect(mappedIds.has('C04')).toBeTruthy()",
                "expect(mappedIds.has('E08')).toBeTruthy()",
                "expect(feature?.coverage).toBe('FRONTEND_INTERACTION_VERIFIED_SYNTHETIC')"
              ],
              "projects": [
                "chromium",
                "firefox"
              ]
            }
          ]
        },
        {
          "file": "tests/frontend-corrections.spec.ts",
          "sha256": "c4566d11bd0da0fedbb3af885936c6a80a2669350e8a9a17a76f0449b7f30f90",
          "cases": [
            {
              "title": "F01 preserves a customer draft, compares three snapshots, and PATCHes only chosen changes",
              "line": 18,
              "assertions": [
                "expect(name).toHaveValue('Linh (khách mẫu)')",
                "expect((await mutate(page, 'customers/c1', { notes: 'Concurrent server note' }, 'PATCH', current.version)).status).toBe(200)",
                "expect(name).toHaveValue('Local draft')",
                "expect(notes).toHaveValue(originalNotes)",
                "expect(dialog).toBeVisible()",
                "expect(dialog.getByText('Concurrent server note', { exact: true })).toBeVisible()",
                "expect(notes).toHaveValue('Concurrent server note')",
                "expect(request.headers()['if-match']).toBe(`\"${current.version + 1}\"`)",
                "expect(request.postDataJSON()).toEqual({ displayName: 'Local draft' })",
                "expect(page.getByRole('heading', { name: 'Local draft', exact: true })).toBeVisible()",
                "expect(stored.notes).toBe('Concurrent server note')"
              ],
              "projects": [
                "chromium",
                "firefox"
              ]
            },
            {
              "title": "F01 requires an explicit choice for a field changed by both editors",
              "line": 46,
              "assertions": [
                "expect(page.getByLabel('Tên khách hàng', { exact: true })).toHaveValue('Linh (khách mẫu)')",
                "expect((await mutate(page, 'customers/c1', { displayName: 'Theirs' }, 'PATCH', 1)).status).toBe(200)",
                "expect(page.getByRole('button', { name: 'Đối chiếu', exact: true })).toBeVisible()",
                "expect(apply).toBeDisabled()",
                "expect(apply).toBeEnabled()",
                "expect(page.getByLabel('Tên khách hàng', { exact: true })).toHaveValue('Mine')"
              ],
              "projects": [
                "chromium",
                "firefox"
              ]
            },
            {
              "title": "F06 detects an order draft and blocks navigation until explicit discard",
              "line": 62,
              "assertions": [
                "expect(warning).toBeVisible()",
                "expect(page.getByLabel('Ghi chú chuẩn bị')).toHaveValue('Keep this order draft')",
                "expect(page).toHaveURL(/\\/orders$/)"
              ],
              "projects": [
                "chromium",
                "firefox"
              ]
            },
            {
              "title": "F02 retains an unsaved product image through an unrelated refetch",
              "line": 75,
              "assertions": [
                "expect(page.getByLabel('Tên sản phẩm')).toHaveValue('Áo mẫu A')",
                "expect(page.getByText('1 tệp được gắn với sản phẩm', { exact: true })).toBeVisible()",
                "expect(page.getByText('1 tệp được gắn với sản phẩm', { exact: true })).toBeVisible()",
                "expect(page.getByRole('dialog', { name: 'Rời màn hình chưa lưu?', exact: true })).toBeVisible()"
              ],
              "projects": [
                "chromium",
                "firefox"
              ]
            },
            {
              "title": "F03 retains notification-policy inputs through a background resync and navigation",
              "line": 87,
              "assertions": [
                "expect(minutes).toHaveValue('')",
                "expect(minutes).toHaveValue('17')",
                "expect(page.getByRole('dialog', { name: 'Rời màn hình chưa lưu?', exact: true })).toBeVisible()"
              ],
              "projects": [
                "chromium",
                "firefox"
              ]
            },
            {
              "title": "F05 keeps text typed while a previous internal note is pending",
              "line": 98,
              "assertions": [
                "expect(text).toHaveValue(submittedText)",
                "expect(submittedResponse.status()).toBe(201)",
                "expect((await submittedResponse.json()).data.text).toBe(submittedText)",
                "expect(page.getByRole('button', { name: 'Lưu ghi chú', exact: true })).toBeEnabled()",
                "expect(text).toHaveValue('Typed next while pending')"
              ],
              "projects": [
                "chromium",
                "firefox"
              ]
            },
            {
              "title": "F08 validates 4001 customer-note characters at the field and accepts 4000",
              "line": 113,
              "assertions": [
                "expect(dialog.getByText('Ghi chú không được vượt quá 4.000 ký tự.', { exact: true })).toBeVisible()",
                "expect(posted).toBe(false)",
                "expect(dialog.getByText('Ghi chú không được vượt quá 4.000 ký tự.', { exact: true })).toBeVisible()",
                "expect(posted).toBe(false)",
                "expect(created.status()).toBe(201)",
                "expect(payload.data.notes).toBe('a'.repeat(4000))",
                "expect(page).toHaveURL(demoUrl + '/s/shop-demo/customers/' + payload.data.id)",
                "expect(unicodeCreated.status()).toBe(201)",
                "expect(unicodePayload.data.notes).toBe('😀'.repeat(4000))",
                "expect(page).toHaveURL(demoUrl + '/s/shop-demo/customers/' + unicodePayload.data.id)"
              ],
              "projects": [
                "chromium",
                "firefox"
              ]
            },
            {
              "title": "F07 routes the fulfillment footer close through the shared discard guard",
              "line": 147,
              "assertions": [
                "expect(warning).toBeVisible()",
                "expect(dialog.getByLabel('Nhập/quét SKU thực tế')).toHaveValue('Unsaved scan')"
              ],
              "projects": [
                "chromium",
                "firefox"
              ]
            },
            {
              "title": "F09 refreshes new Inbox messages without refetching the visible product and stock snapshots",
              "line": 161,
              "assertions": [
                "expect(page.getByRole('table', { name: 'Nguồn giá và tồn trong hộp thư', exact: true })).toBeVisible()",
                "expect(page.getByText('Synthetic normal SSE message', { exact: true })).toBeVisible()",
                "expect(requests.filter(path => /\\/(products|inventory\\/snapshots|customers|orders|shipments|service-cases)(\\/|$)/.test(path))).toEqual([])"
              ],
              "projects": [
                "chromium",
                "firefox"
              ]
            },
            {
              "title": "F01 shop settings merges a server-only locale change and preserves edits typed during save",
              "line": 191,
              "assertions": [
                "expect(name).not.toHaveValue('')",
                "expect(changed).toBe(200)",
                "expect(page.getByLabel('Ngôn ngữ', { exact: true })).toHaveValue('en-US')",
                "expect((await sent).postDataJSON()).toEqual({ name: 'Submitted shop' })",
                "expect(page.getByRole('button', { name: 'Lưu cấu hình', exact: true })).toBeEnabled()",
                "expect(name).toHaveValue('Typed later shop')",
                "expect(page.getByRole('dialog', { name: 'Rời màn hình chưa lưu?', exact: true })).toBeVisible()"
              ],
              "projects": [
                "chromium",
                "firefox"
              ]
            },
            {
              "title": "F03 privacy policy preserves refetch drafts and compares before applying the newest version",
              "line": 217,
              "assertions": [
                "expect((await mutate(page, 'privacy/policy', { jurisdictionNote: 'Synthetic server jurisdiction' }, 'PATCH', current.version)).status).toBe(200)",
                "expect(days).toHaveValue('180')",
                "expect(page.getByLabel('Căn cứ / thị trường áp dụng')).toHaveValue('Synthetic server jurisdiction')",
                "expect(request.postDataJSON()).toEqual({ chatRetentionDays: 180 })",
                "expect(request.headers()['if-match']).toBe(`\"${current.version + 1}\"`)"
              ],
              "projects": [
                "chromium",
                "firefox"
              ]
            },
            {
              "title": "F01 category keeps a late edit after saving, and reopens with a clean current baseline",
              "line": 234,
              "assertions": [
                "expect(name).toBeEnabled()",
                "expect(dialog.getByRole('button', { name: 'Lưu', exact: true })).toBeEnabled()",
                "expect(dialog).toBeVisible()",
                "expect(name).toHaveValue('Late category')",
                "expect(dialog).not.toBeVisible()",
                "expect(name).toHaveValue('Submitted category')",
                "expect(dialog).not.toBeVisible()"
              ],
              "projects": [
                "chromium",
                "firefox"
              ]
            },
            {
              "title": "F01 supplier preserves a concurrent server-only term and PATCHes the local name",
              "line": 255,
              "assertions": [
                "expect(dialog.getByLabel('Tên nhà cung cấp', { exact: true })).toBeEnabled()",
                "expect((await mutate(page, 'suppliers/' + current.id, { expectedVersion: current.version, paymentTerms: 'Concurrent terms' }, 'PATCH', current.version)).status).toBe(200)",
                "expect(dialog.getByLabel('Điều kiện thanh toán', { exact: true })).toHaveValue('Concurrent terms')",
                "expect((await sent).postDataJSON()).toEqual({ expectedVersion: current.version + 1, name: 'Local supplier' })",
                "expect(dialog).not.toBeVisible()"
              ],
              "projects": [
                "chromium",
                "firefox"
              ]
            },
            {
              "title": "F08 customer update enforces 4000/4001 before HTTP and retains a 422 draft",
              "line": 272,
              "assertions": [
                "expect(page.getByText('Ghi chú không được vượt quá 4.000 ký tự.', { exact: true })).toBeVisible()",
                "expect(writes).toBe(0)",
                "expect((await rejected).status()).toBe(422)",
                "expect(notes).toHaveValue('b'.repeat(4000))",
                "expect(page.getByText('Ghi chú không được vượt quá 4.000 ký tự.', { exact: true })).toBeVisible()",
                "expect(writes).toBe(previousWrites)",
                "expect((await unicodeRejected).status()).toBe(422)",
                "expect(notes).toHaveValue('😀'.repeat(4000))",
                "expect((await accepted).status()).toBe(200)",
                "expect(notes).toHaveValue('😀'.repeat(4000))",
                "expect(await page.evaluate(async () => (await (await fetch('/api/v2/shops/shop-demo/customers/c1')).json()).data.notes)).toBe('😀'.repeat(4000))"
              ],
              "projects": [
                "chromium",
                "firefox"
              ]
            },
            {
              "title": "F05 keeps mode changes and unknown sends, locks another send, and observes recovery-registry completion",
              "line": 300,
              "assertions": [
                "expect(page.getByLabel('Nội dung trả lời khách')).toHaveValue('Mode switched while pending')",
                "expect((await unknown).status()).toBe(503)",
                "expect(page.getByRole('button', { name: 'Lưu ghi chú', exact: true })).toBeDisabled()",
                "expect(page.getByRole('button', { name: 'Lưu ghi chú', exact: true })).toBeDisabled()",
                "expect(page.getByRole('button', { name: 'Lưu ghi chú', exact: true })).toBeEnabled()",
                "expect(page.getByLabel('Ghi chú cho nhóm')).toHaveValue('Retained unknown draft')"
              ],
              "projects": [
                "chromium",
                "firefox"
              ]
            },
            {
              "title": "F01 order editor keeps its original version and compares whole line lists before PATCH",
              "line": 326,
              "assertions": [
                "expect(current).toBeTruthy()",
                "expect((await mutate(page, 'orders/' + current.id, { warehouseId: 'warehouse-02' }, 'PATCH', current.version)).status).toBe(200)",
                "expect(comparison.getByRole('combobox', { name: /^Chọn dữ liệu: Dòng đơn hàng/ })).toBeVisible()",
                "expect(editor.getByLabel('Mã kho xuất')).toHaveValue('warehouse-02')",
                "expect(request.postDataJSON()).toEqual({ notes: 'Local order note' })",
                "expect(request.headers()['if-match']).toBe(`\"${current.version + 1}\"`)",
                "expect(editor).not.toBeVisible()"
              ],
              "projects": [
                "chromium",
                "firefox"
              ]
            },
            {
              "title": "F06 guards added order rows, shop switch, logout and native reload; successful creation leaves no false guard",
              "line": 345,
              "assertions": [
                "expect(await page.evaluate(async () => (await fetch('/api/v2/session')).status)).toBe(200)",
                "expect(warning).toBeVisible()",
                "expect(warning).toBeVisible()",
                "expect(browserDialog.type()).toBe('beforeunload')",
                "expect(page.getByLabel('Sản phẩm 2', { exact: true })).toBeVisible()",
                "expect(response.status(), JSON.stringify(payload)).toBe(201)",
                "expect(page).toHaveURL(demoUrl + '/s/shop-demo/orders/' + payload.data.id)",
                "expect(warning).not.toBeVisible()"
              ],
              "projects": [
                "chromium",
                "firefox"
              ]
            },
            {
              "title": "F01 analogous return-inspection draft does not adopt a refetched version without comparison",
              "line": 370,
              "assertions": [
                "expect(created.status, JSON.stringify(created.payload)).toBe(201)",
                "expect(editor.getByLabel('Ghi nhận kiểm tra')).toBeVisible()",
                "expect(comparison.getByRole('button', { name: 'Áp dụng vào bản nháp' })).toBeDisabled()",
                "expect((await sent).postDataJSON()).toMatchObject({ expectedVersion: created.payload.data.version + 1, lines: [{ reason: 'Local physical inspection' }] })",
                "expect(editor).not.toBeVisible()"
              ],
              "projects": [
                "chromium",
                "firefox"
              ]
            },
            {
              "title": "F01 comparison supports keyboard choices, server changes again, axe and 320px reflow with long content",
              "line": 394,
              "assertions": [
                "expect((await mutate(page, 'customers/c1', { displayName: 'Server second', notes: 'LongContent'.repeat(350) }, 'PATCH', 1)).status).toBe(200)",
                "expect(comparison.getByRole('button', { name: 'Áp dụng vào bản nháp' })).toBeEnabled()",
                "expect((await mutate(page, 'customers/c1', { displayName: 'Server third' }, 'PATCH', 2)).status).toBe(200)",
                "expect(comparison.getByText('Server third', { exact: true })).toBeVisible()",
                "expect(comparison.getByRole('button', { name: 'Áp dụng vào bản nháp' })).toBeDisabled()",
                "expect.poll(() => comparison.evaluate(element => {\r\n        for (let current: Element | null = element; current; current = current.parentElement)\r\n            if (Number(getComputedStyle(current).opacity) !== 1) return false;\r\n        return true;\r\n    })).toBe(true)",
                "expect.poll(() => comparison.evaluate(element => {\r\n        for (let current: Element | null = element; current; current = current.parentElement)\r\n            if (Number(getComputedStyle(current).opacity) !== 1) return false;\r\n        return true;\r\n    }))",
                "expect(accessibility.violations).toEqual([])",
                "expect(geometry.width).toBeLessThanOrEqual(320)",
                "expect(geometry.scrollWidth).toBeLessThanOrEqual(geometry.clientWidth + 1)",
                "expect(comparison).not.toBeVisible()",
                "expect(page.getByLabel('Tên khách hàng', { exact: true })).toHaveValue('Mine')"
              ],
              "projects": [
                "chromium",
                "firefox"
              ]
            },
            {
              "title": "F08 privacy bounds reject invalid days and long jurisdiction before HTTP",
              "line": 423,
              "assertions": [
                "expect(days).toHaveAttribute('aria-invalid', 'true')",
                "expect(page.getByRole('button', { name: 'Lưu bản nháp chính sách', exact: true })).toBeDisabled()",
                "expect(note).toHaveAttribute('aria-invalid', 'true')",
                "expect(page.getByRole('button', { name: 'Lưu bản nháp chính sách', exact: true })).toBeDisabled()",
                "expect(writes).toEqual([])",
                "expect((await saved).status()).toBe(200)",
                "expect(writes).toHaveLength(1)",
                "expect(note).toHaveAttribute('aria-invalid', 'true')",
                "expect(page.getByRole('button', { name: 'Lưu bản nháp chính sách', exact: true })).toBeDisabled()",
                "expect(writes).toHaveLength(1)",
                "expect(page.getByRole('button', { name: 'Lưu bản nháp chính sách', exact: true })).toBeEnabled()",
                "expect(response.status()).toBe(200)",
                "expect((await response.json()).data.jurisdictionNote).toBe('😀'.repeat(length))",
                "expect(writes).toHaveLength(index + 2)",
                "expect(note).toHaveValue('😀'.repeat(length))",
                "expect(page.getByRole('button', { name: 'Lưu bản nháp chính sách', exact: true })).toBeDisabled()"
              ],
              "projects": [
                "chromium",
                "firefox"
              ]
            },
            {
              "title": "F06 order custom close respects the draft guard and busy editors remain protected",
              "line": 448,
              "assertions": [
                "expect(warning).toBeVisible()",
                "expect(editor.getByLabel('Ghi chú chuẩn bị')).toHaveValue('Unsaved order close')",
                "expect(editor.getByRole('button', { name: 'Đóng chỉnh sửa', exact: true })).toBeDisabled()",
                "expect(editor).toBeVisible()",
                "expect(editor.getByLabel('Ghi chú chuẩn bị')).toHaveValue('Late order change')"
              ],
              "projects": [
                "chromium",
                "firefox"
              ]
            }
          ]
        },
        {
          "file": "tests/ui-toolbar-layout.spec.ts",
          "sha256": "79265b2f67d982421f152e74fceae27193be5911bdf54f866f497f0fcc217bf1",
          "cases": [
            {
              "title": "Shared Toolbar and demo tools keep labels clear when text doubles",
              "line": 33,
              "assertions": [
                "expect(labels.filter(label => label.owner === 'demo-tools')).toHaveLength(3)",
                "expect(labels.filter(label => label.owner === 'toolbar')).toHaveLength(1)",
                "expect(labels.filter(label => label.overlaps || label.outsideField)).toEqual([])",
                "expect(label.labelPosition).toBe('static')",
                "expect(label.labelTransform).toBe('none')",
                "expect(label.fieldBounds.height).toBeLessThanOrEqual(label.naturalHeight + 1)",
                "expect(label.legends.every(width => width <= 1)).toBe(true)",
                "expect(await page.evaluate(() => document.documentElement.scrollWidth)).toBeLessThanOrEqual(width)"
              ],
              "projects": [
                "chromium",
                "firefox"
              ]
            },
            {
              "title": "Toolbar geometry: multiline category lookup cannot stretch the search button",
              "line": 61,
              "assertions": [
                "expect(page.getByText('Đã tải 3 lựa chọn', { exact: true })).toBeVisible()",
                "expect(geometry.buttonHeight).toBeLessThanOrEqual(geometry.naturalHeight + 1)",
                "expect(primary.getByRole('combobox', { name: 'Trạng thái', exact: true })).toBeVisible()",
                "expect(primary.getByRole('textbox', { name: 'Tìm danh mục', exact: true })).toHaveCount(0)",
                "expect(filters).toBeVisible()",
                "expect(secondary!.y).toBeGreaterThanOrEqual(search!.y + search!.height)",
                "expect((await new AxeBuilder({ page }).include('main').analyze()).violations).toEqual([])"
              ],
              "projects": [
                "chromium",
                "firefox"
              ]
            },
            {
              "title": "Shared consolidation Inbox filters share Toolbar ownership and stay outside search across pane widths",
              "line": 78,
              "assertions": [
                "expect(filters).toHaveAttribute('data-ui-composition', 'field-group')",
                "expect(filters).toHaveAttribute('role', 'group')",
                "expect(filters.getByRole('combobox', { includeHidden: true })).toHaveCount(4)",
                "expect(filters).toBeHidden()",
                "expect(filters).toBeVisible()",
                "expect(geometry.outsideForm).toBe(true)",
                "expect(geometry.sharedParent).toBe(true)",
                "expect(geometry.inset).toEqual({ left: 0, top: 0 })",
                "expect(Math.abs(geometry.filter.left - geometry.form.left)).toBeLessThanOrEqual(0.5)",
                "expect(Math.abs(geometry.filter.right - geometry.form.right)).toBeLessThanOrEqual(0.5)",
                "expect(Math.abs(geometry.filter.top - geometry.form.bottom - geometry.gap)).toBeLessThanOrEqual(0.5)",
                "expect(control.left).toBeGreaterThanOrEqual(geometry.filter.left - 0.5)",
                "expect(control.right).toBeLessThanOrEqual(geometry.filter.right + 0.5)",
                "expect(geometry.scrollWidth).toBeLessThanOrEqual(width)",
                "expect((await new AxeBuilder({ page }).include('main').analyze()).violations).toEqual([])"
              ],
              "projects": [
                "chromium",
                "firefox"
              ]
            },
            {
              "title": "Toolbar affected routes keep intrinsic actions, capability branches and 320px reflow",
              "line": 121,
              "assertions": [
                "expect(search).toHaveCount(Number(route.supportsSearch))",
                "expect(search).toBeVisible()",
                "expect(geometry.buttonHeight, `${route.id} ${width}px`).toBeLessThanOrEqual(geometry.naturalHeight + 1)",
                "expect(search).toBeHidden()",
                "expect(documentWidth, `${route.id} document at ${width}px`).toBeLessThanOrEqual(width)",
                "expect(observations).toHaveLength(impact.routes.length * 2)",
                "expect(errors).toEqual([])"
              ],
              "projects": [
                "chromium",
                "firefox"
              ]
            },
            {
              "title": "Toolbar public extra slot cannot stretch a single-line submit action",
              "line": 146,
              "assertions": [
                "expect(page.getByRole('textbox', { name: 'Lọc hai' })).toBeVisible()",
                "expect(geometry.formHeight).toBeGreaterThan(geometry.buttonHeight * 2)",
                "expect(geometry.buttonHeight).toBeLessThanOrEqual(geometry.naturalHeight + 1)"
              ],
              "projects": [
                "chromium",
                "firefox"
              ]
            },
            {
              "title": "Toolbar preserves Products URL filters, search submit, clear and independent category lookup",
              "line": 163,
              "assertions": [
                "expect(page).toHaveURL(/status=active/)",
                "expect(new URL(page.url()).searchParams.has('q')).toBe(false)",
                "expect(search).toHaveValue('')",
                "expect(search).toHaveValue('Áo')",
                "expect(page).toHaveURL(/q=/)",
                "expect(new URL(page.url()).searchParams.get('q')).toBe('Áo')",
                "expect(search).toBeFocused()",
                "expect(new URL(page.url()).searchParams.get('status')).toBe('active')",
                "expect(new URL(page.url()).searchParams.has('q')).toBe(false)",
                "expect(page.getByText('Đã tải 3 lựa chọn', { exact: true })).toHaveCount(0)",
                "expect(new URL(page.url()).searchParams.has('q')).toBe(false)",
                "expect(page.getByText('Đã tải 3 lựa chọn', { exact: true })).toBeVisible()",
                "expect(selected).toBeTruthy()",
                "expect(page.getByText('Đã tải 3 lựa chọn', { exact: true })).toHaveCount(0)",
                "expect(page.getByRole('combobox', { name: /^Danh mục(?: |$)/ })).toContainText('Quần')",
                "expect(new URL(page.url()).searchParams.get('categoryId')).toBe(selected)"
              ],
              "projects": [
                "chromium",
                "firefox"
              ]
            },
            {
              "title": "Toolbar keeps Inventory apply/reset separate from search submission",
              "line": 199,
              "assertions": [
                "expect(new URL(page.url()).searchParams.has('q')).toBe(false)",
                "expect(new URL(page.url()).searchParams.has('warehouseId')).toBe(false)",
                "expect(new URL(page.url()).searchParams.get('warehouseId')).toBe('wh1')",
                "expect(new URL(page.url()).searchParams.has('warehouseId')).toBe(false)",
                "expect(warehouse).toHaveValue('')"
              ],
              "projects": [
                "chromium",
                "firefox"
              ]
            },
            {
              "title": "Toolbar category more/busy/error/retry branches preserve search geometry and actual pagination",
              "line": 215,
              "assertions": [
                "expect(more).toBeEnabled()",
                "expect(page.getByText('Đã tải 20 lựa chọn', { exact: true })).toBeVisible()",
                "expect(more).toBeEnabled()",
                "expect(more).toBeDisabled()",
                "expect(more).toHaveText('Đang tải…')",
                "expect((await searchGeometry(page)).buttonHeight).toBe(baseline.buttonHeight)",
                "expect(page.getByText(`Đã tải ${count} lựa chọn`, { exact: true })).toBeVisible()",
                "expect(more).toHaveCount(0)",
                "expect(retry).toBeVisible()",
                "expect((await searchGeometry(page)).buttonHeight).toBe(baseline.buttonHeight)",
                "expect(retry).toHaveCount(0)",
                "expect(lookup).toHaveValue('toolbar-lookup-error')",
                "expect((await searchGeometry(page)).buttonHeight).toBe(baseline.buttonHeight)"
              ],
              "projects": [
                "chromium",
                "firefox"
              ]
            }
          ]
        },
        {
          "file": "tests/ui-shell-layout.spec.ts",
          "sha256": "2d2432a3d36079af8903c381ccd864f2e88087e4aee25a34ab83845518559079",
          "cases": [
            {
              "title": "Shell keeps header, banner, main and footer on one responsive gutter",
              "line": 45,
              "assertions": [
                "expect(page.locator('main#main-content')).toBeVisible()",
                "expect(metrics.headerHeight).toBe(viewport.header)",
                "expect(metrics.headerContentLeft).toBe(metrics.navigationWidth + viewport.gutter)",
                "expect(metrics.headerContentRight).toBe(viewport.width - viewport.gutter)",
                "expect(metrics.mainLeft).toBe(metrics.navigationWidth + viewport.gutter)",
                "expect(metrics.mainRight).toBe(viewport.width - viewport.gutter)",
                "expect(metrics.bannerLeft).toBe(metrics.navigationWidth + viewport.gutter)",
                "expect(metrics.bannerRight).toBe(viewport.width - viewport.gutter)",
                "expect(metrics.footerLeft).toBe(metrics.navigationWidth + viewport.gutter)",
                "expect(metrics.footerRight).toBe(viewport.width - viewport.gutter)",
                "expect(metrics.footerBlockInset).toBe('8px')",
                "expect(metrics.mainFlexGrow).toBe('1')",
                "expect(metrics.mainBlockInset).toEqual(['16px', '16px'])",
                "expect(metrics.contentColumn).toEqual({ display: 'flex', direction: 'column' })",
                "expect(metrics.document.scrollWidth).toBe(metrics.document.clientWidth)",
                "expect(metrics.accountName.whiteSpace).toBe('normal')",
                "expect(metrics.accountName.overflowWrap).toBe('anywhere')",
                "expect(metrics.accountName.scrollWidth).toBeLessThanOrEqual(metrics.accountName.clientWidth + 1)"
              ],
              "projects": [
                "chromium",
                "firefox"
              ]
            },
            {
              "title": "demo controls stay discoverable on mobile and usable on desktop",
              "line": 106,
              "assertions": [
                "expect(toggle).toBeVisible()",
                "expect(controls).toBeHidden()",
                "expect(page.getByRole('button', { name: 'Ẩn công cụ demo' })).toHaveAttribute('aria-expanded', 'true')",
                "expect(page.getByRole('combobox', { name: 'Vai trò mô phỏng' })).toBeVisible()",
                "expect(page.getByRole('combobox', { name: 'Trạng thái thử' })).toBeVisible()",
                "expect(page.getByRole('combobox', { name: 'Dataset mô phỏng' })).toBeVisible()",
                "expect(toggle).toBeVisible()",
                "expect(controls).toBeVisible()"
              ],
              "projects": [
                "chromium",
                "firefox"
              ]
            },
            {
              "title": "SPC-055/057 demo-control labels keep a clear gap on every Shell route consumer",
              "line": 124,
              "assertions": [
                "expect(alert).toBeVisible()",
                "expect(controls).toBeVisible()",
                "expect(visibleGap, `${route.id} (${profileFor(route)}) ${pathname}: visible gap from demo review alert to control label`).not.toBeNull()",
                "expect(visibleGap, `${route.id} (${profileFor(route)}) ${pathname}: visible gap from demo review alert to control label`).toBeGreaterThanOrEqual(8)"
              ],
              "projects": [
                "chromium",
                "firefox"
              ]
            },
            {
              "title": "unmatched route fallback owns its page gutter without horizontal overflow",
              "line": 149,
              "assertions": [
                "expect(page.getByRole('heading', { name: 'Không tìm thấy trang' })).toBeVisible()",
                "expect(fallback).toHaveCSS('padding-left', '16px')",
                "expect(await page.evaluate(() => document.documentElement.scrollWidth)).toBe(390)"
              ],
              "projects": [
                "chromium",
                "firefox"
              ]
            }
          ]
        },
        {
          "file": "tests/ui-component-layout.spec.ts",
          "sha256": "ed0f76f9f902a593d991c50bba9163d0d2a66a9df07478643779c09b83041e67",
          "cases": [
            {
              "title": "A01 order lines keep intrinsic remove actions with clean and invalid quantities",
              "line": 40,
              "assertions": [
                "expect(page.getByRole('button', { name: 'Bỏ dòng 1', exact: true })).toBeVisible()",
                "expect(geometry.actual).toBeLessThanOrEqual(geometry.natural + 1)",
                "expect(page.getByRole('combobox', { name: 'Sản phẩm 2', exact: true })).toBeVisible()",
                "expect(page.getByRole('combobox', { name: 'Sản phẩm 2', exact: true })).toHaveCount(0)"
              ],
              "projects": [
                "chromium",
                "firefox"
              ]
            },
            {
              "title": "A02 product editors align category and status faces independently from lookup metadata",
              "line": 61,
              "assertions": [
                "expect(page.getByRole('textbox', { name: 'Tìm danh mục', exact: true })).toBeVisible()",
                "expect(page.getByText('Đã tải 3 lựa chọn', { exact: true })).toBeVisible()",
                "expect(Math.abs(geometry.category.y - geometry.status.y)).toBeLessThanOrEqual(1)",
                "expect(geometry.status.y).toBeGreaterThan(geometry.category.y)",
                "expect(page.getByText('Không tìm thấy danh mục phù hợp.', { exact: true })).toBeVisible()",
                "expect(page.getByRole('textbox', { name: 'Tên sản phẩm', exact: true })).toHaveValue('Bản nháp cần giữ')",
                "expect(Math.abs(category!.y - status!.y)).toBeLessThanOrEqual(1)"
              ],
              "projects": [
                "chromium",
                "firefox"
              ]
            },
            {
              "title": "Shared outlined labels focus empty and populated native controls",
              "line": 84,
              "assertions": [
                "expect(control).toBeFocused()",
                "expect(control).toHaveValue(value)"
              ],
              "projects": [
                "chromium",
                "firefox"
              ]
            },
            {
              "title": "A02 variant fields retain readable widths when text doubles",
              "line": 99,
              "assertions": [
                "expect(name).toBeVisible()",
                "expect(labels.length).toBeGreaterThanOrEqual(3)",
                "expect(labels.filter(label => label.overlaps || label.outsideField)).toEqual([])",
                "expect(label.fieldBounds.right - label.fieldBounds.left).toBeGreaterThanOrEqual(120)",
                "expect(name).toHaveValue('Bản nháp biến thể cần giữ')",
                "expect(page.getByRole('textbox', { name: 'Tên / màu / kích cỡ', exact: true })).toHaveCount(initial + 1)",
                "expect(page.getByRole('textbox', { name: 'Tên / màu / kích cỡ', exact: true })).toHaveCount(initial)",
                "expect(name).toHaveValue('Bản nháp biến thể cần giữ')"
              ],
              "projects": [
                "chromium",
                "firefox"
              ]
            },
            {
              "title": "A03 import mapping preserves natural remove actions and editable mappings",
              "line": 130,
              "assertions": [
                "expect(remove).toHaveCount(5)",
                "expect(geometry.actual).toBeLessThanOrEqual(geometry.natural + 1)",
                "expect(remove).toHaveCount(4)",
                "expect(remove).toHaveCount(5)",
                "expect(page.getByRole('textbox', { name: 'Tên cột trong tệp', exact: true }).first()).toHaveValue('Mã SKU đã sửa')"
              ],
              "projects": [
                "chromium",
                "firefox"
              ]
            },
            {
              "title": "A04 full precision money wraps outside tables and remains unbroken in the named scroll region",
              "line": 150,
              "assertions": [
                "expect(amount).toHaveCount(2)",
                "expect(page.getByText(expected.negative, { exact: true })).toBeVisible()",
                "expect(await amount.first().evaluate(node => getComputedStyle(node).whiteSpace)).toBe('normal')",
                "expect(await amount.last().evaluate(node => getComputedStyle(node).whiteSpace)).toBe('nowrap')",
                "expect(clipping).toBe(false)",
                "expect(overflow).toBe(true)",
                "expect.poll(() => table.evaluate(node => node.scrollLeft)).toBeGreaterThan(before)",
                "expect.poll(() => table.evaluate(node => node.scrollLeft))",
                "expect(await table.evaluate(node => node.scrollLeft)).toBe(before)",
                "expect((await new AxeBuilder({ page }).include('main').analyze()).violations).toEqual([])"
              ],
              "projects": [
                "chromium",
                "firefox"
              ]
            },
            {
              "title": "A05 status height follows its own label while long labels remain fully readable",
              "line": 176,
              "assertions": [
                "expect(geometry.actual).toBeLessThanOrEqual(Math.max(geometry.minimum, geometry.label) + 1)",
                "expect(geometry.actual).toBeLessThanOrEqual(intrinsicSize.natural + 1)",
                "expect(long).toHaveText('Trạng thái chưa biết ' + 'A'.repeat(120))",
                "expect(await long.evaluate(node => node.scrollWidth <= node.clientWidth + 1)).toBe(true)",
                "expect((await new AxeBuilder({ page }).include('main').analyze()).violations).toEqual([])"
              ],
              "projects": [
                "chromium",
                "firefox"
              ]
            },
            {
              "title": "A06 Empty wraps unbroken reference text and retains its keyboard action",
              "line": 195,
              "assertions": [
                "expect(page.getByRole('status')).toContainText('Mã tham chiếu: ' + 'A'.repeat(120))",
                "expect(await text.evaluate(node => node.scrollWidth <= node.clientWidth + 1)).toBe(true)",
                "expect(action).toBeFocused()",
                "expect((await new AxeBuilder({ page }).include('main').analyze()).violations).toEqual([])"
              ],
              "projects": [
                "chromium",
                "firefox"
              ]
            },
            {
              "title": "A07 locked order addresses expose full text and edit lines retain intrinsic actions",
              "line": 208,
              "assertions": [
                "expect(dialog).toBeVisible()",
                "expect(address).toBeVisible()",
                "expect(dialog.getByRole('combobox', { name: /^Địa chỉ giao hàng/ })).toHaveCount(0)",
                "expect(dialog.getByRole('combobox', { name: /^Thanh toán/ })).toHaveCount(0)",
                "expect(dialog.getByRole('group', { name: 'Thanh toán', exact: true })).toContainText('Thu khi giao (COD)')",
                "expect(addressText).toHaveText(expected)",
                "expect(await addressText.evaluate(node => node.scrollWidth <= node.clientWidth + 1 && getComputedStyle(node).textOverflow !== 'ellipsis')).toBe(true)",
                "expect(geometry.actual).toBeLessThanOrEqual(geometry.natural + 1)",
                "expect(addressText).toHaveText(original!)",
                "expect((await new AxeBuilder({ page }).include('[role=\"dialog\"]').analyze()).violations).toEqual([])",
                "expect(option).toBeVisible()",
                "expect(await option.evaluate(node => {\n            const paper = node.closest('.MuiPaper-root')!.getBoundingClientRect(), range = document.createRange(); range.selectNodeContents(node);\n            return getComputedStyle(node).whiteSpace === 'normal' && [...range.getClientRects()].every(rect => rect.left >= paper.left - 1 && rect.right <= paper.right + 1);\n        })).toBe(true)",
                "expect(page.getByRole('listbox')).toHaveCount(0)"
              ],
              "projects": [
                "chromium",
                "firefox"
              ]
            }
          ]
        },
        {
          "file": "tests/ui-width-layout.spec.ts",
          "sha256": "e9de7310dfad681c62b9dfb5f9bb1d0f65dc8f5f8079e2fe2275507cea3790e8",
          "cases": [
            {
              "title": "W01 AI single connection fills its collection at breakpoint edges and wide viewports",
              "line": 29,
              "assertions": [
                "expect(geometry.children).toHaveLength(1)",
                "expect(geometry.children[0].width).toBeCloseTo(geometry.width, 0)"
              ],
              "projects": [
                "chromium",
                "firefox"
              ]
            },
            {
              "title": "W01 AI keeps two-column collection for two/three items and refetch preserves the new count",
              "line": 42,
              "assertions": [
                "expect(dialog).not.toBeVisible()",
                "expect(page.locator('main [data-ui-composition=\"section-grid\"] > .MuiPaper-root')).toHaveCount(count)",
                "expect(geometry.children[0].width * 2 + geometry.gap).toBeCloseTo(geometry.width, 0)",
                "expect(geometry.children[1].y).toBeCloseTo(geometry.children[0].y, 0)",
                "expect(geometry.children[2].y).toBeGreaterThan(geometry.children[0].y)"
              ],
              "projects": [
                "chromium",
                "firefox"
              ]
            },
            {
              "title": "W01 AI empty result keeps one accessible create action and no empty grid",
              "line": 63,
              "assertions": [
                "expect(page.locator('main').getByRole('status').filter({ hasText: 'Chưa có kết nối AI.' })).toBeVisible()",
                "expect(page.locator('main').getByRole('button', { name: 'Thêm kết nối AI', exact: true })).toHaveCount(1)",
                "expect(page.locator('main [data-ui-composition=\"section-grid\"]')).toHaveCount(0)"
              ],
              "projects": [
                "chromium",
                "firefox"
              ]
            },
            {
              "title": "W02 full-width form groups fill their panel and retain input/mapping/shipping behavior",
              "line": 104,
              "assertions": [
                "expect(geometry.width).toBeCloseTo(geometry.available, 0)",
                "expect(geometry.maxWidth).toBe('none')",
                "expect(page.getByRole('dialog', { name: 'Rời màn hình chưa lưu?', exact: true })).toBeVisible()",
                "expect(page.getByRole('dialog', { name: 'Rời màn hình chưa lưu?', exact: true })).toHaveCount(0)",
                "expect(page.locator('.MuiDrawer-modal')).toHaveCount(0)",
                "expect(page.getByRole('textbox', { name: 'Tên cửa hàng', exact: true })).toHaveValue('Tên cửa hàng cần giữ')",
                "expect(page.getByRole('textbox', { name: 'Tên cột trong tệp', exact: true }).first()).toHaveValue('sku-width')",
                "expect(page.getByText('Thiếu địa chỉ giao hàng; chưa thể xác định vùng hoặc hiển thị phí.', { exact: true })).toBeVisible()"
              ],
              "projects": [
                "chromium",
                "firefox"
              ]
            },
            {
              "title": "W03 notification protection notice occupies the full page row after the two panes",
              "line": 143,
              "assertions": [
                "expect(geometry.insideGrid).toBe(false)",
                "expect(geometry.noticeWidth).toBeCloseTo(geometry.gridWidth, 0)",
                "expect(geometry.rhythm).toBe('section')",
                "expect(geometry.gap).toBeCloseTo(16, 0)"
              ],
              "projects": [
                "chromium",
                "firefox"
              ]
            },
            {
              "title": "W04 detail rows stay atomic in divided rhythm and plain containers",
              "line": 162,
              "assertions": [
                "expect(geometry.childCount).toBe(7)",
                "expect(geometry.rhythm).toBe('dividedRows')",
                "expect(geometry.gap).toBe(0)",
                "expect(geometry.slots[index].separators).toBe(1)",
                "expect(geometry.slots[index].y - geometry.slots[index - 1].y - geometry.slots[index - 1].height).toBeCloseTo(0, 0)",
                "expect(geometry.plain).toHaveLength(4)",
                "expect(row.height).toBeCloseTo(row.rowHeight + row.separatorHeight, 0)"
              ],
              "projects": [
                "chromium",
                "firefox"
              ]
            }
          ]
        },
        {
          "file": "tests/ui-dashboard-layout.spec.ts",
          "sha256": "647702611dace86cd1eadc214d28899b8b9c9e84babaeaeb035a63a621da3701",
          "cases": [
            {
              "title": "Shared consolidation Dashboard primary link respects all eight permission tuples and native anchor interactions",
              "line": 17,
              "assertions": [
                "expect(page.locator('main h1')).toBeVisible()",
                "expect(response.status()).toBe(200)",
                "expect(membership.permissions.includes('operations.read')).toBe(ops)",
                "expect(membership.permissions.includes('orders.read')).toBe(orders)",
                "expect(membership.permissions.includes('orders.write')).toBe(create)",
                "expect(primary).toHaveCount(Number(ops || orders))",
                "expect(createLink).toHaveCount(Number(create))",
                "expect(primary).toHaveText(label)",
                "expect(primary).toHaveAttribute('href', href)",
                "expect(primary).toBeFocused()",
                "expect(style.tag).toBe('A')",
                "expect(style.height).toBeGreaterThanOrEqual(44)",
                "expect(style.outline).not.toBe('none')",
                "expect(style.outlineWidth).toBeGreaterThanOrEqual(2)",
                "expect.poll(() => primary.evaluate(element => getComputedStyle(element).backgroundColor)).not.toBe(style.background)",
                "expect.poll(() => primary.evaluate(element => getComputedStyle(element).backgroundColor))",
                "expect(createLink).toBeFocused()",
                "expect(new URL(page.url()).pathname).toBe('/s/shop-demo/overview')",
                "expect(createLink).toHaveAttribute('href', '/s/shop-demo/orders/new')",
                "expect((await createLink.boundingBox())!.height).toBeGreaterThanOrEqual(44)",
                "expect(observations).toHaveLength(8)",
                "expect((await new AxeBuilder({ page }).include('main').withTags(['wcag2a', 'wcag2aa', 'wcag21aa']).analyze()).violations).toEqual([])"
              ],
              "projects": [
                "chromium",
                "firefox"
              ]
            },
            {
              "title": "dashboard hierarchy, CTA targets, and page width hold across supported breakpoints",
              "line": 69,
              "assertions": [
                "expect(page.getByRole('heading', { name: 'Tình hình hiện tại', exact: true })).toBeVisible()",
                "expect(page.getByText('Dữ liệu cập nhật', { exact: false })).toBeVisible()",
                "expect(page.getByRole('heading', { name: 'Tình hình hiện tại', exact: true })).toBeVisible()",
                "expect(page.getByText('Hội thoại đang mở', { exact: true })).toBeVisible()",
                "expect(page.getByText('Đơn chờ xử lý', { exact: true })).toBeVisible()",
                "expect(page.getByText('Sản phẩm gần hết', { exact: true })).toBeVisible()",
                "expect(page.getByText('Trợ lý bán hàng', { exact: true })).toBeVisible()",
                "expect(action).toBeVisible()",
                "expect(target).not.toBeNull()",
                "expect(target!.height).toBeGreaterThanOrEqual(44)",
                "expect(statusBounds).not.toBeNull()",
                "expect(roleCardBounds).not.toBeNull()",
                "expect(statusBounds!.width).toBeLessThan(roleCardBounds!.width / 2)",
                "expect(dimensions.clientWidth).toBe(width)",
                "expect(dimensions.scrollWidth).toBeLessThanOrEqual(width + 1)"
              ],
              "projects": [
                "chromium",
                "firefox"
              ]
            }
          ]
        },
        {
          "file": "tests/session/demo-worker-startup.spec.ts",
          "sha256": "3aaf76a0c4be00fbdfd18197a3981cdd05f10f3757f79c88daba486f8395cc30",
          "cases": [
            {
              "title": "demo conditional module requests return complete exports without changing live or non-asset caching",
              "line": 17,
              "assertions": [
                "expect(initial.status()).toBe(200)",
                "expect(etag).toBeTruthy()",
                "expect(conditional.status()).toBe(200)",
                "expect(await conditional.text()).toContain('API_BASE_PATH')",
                "expect(nonAsset.status()).toBe(304)",
                "expect(head.status()).toBe(304)",
                "expect(styleInitial.status()).toBe(200)",
                "expect(styleConditional.status()).toBe(200)",
                "expect(await styleConditional.text()).toBe(await styleInitial.text())",
                "expect(liveInitial.status()).toBe(200)",
                "expect(liveConditional.status()).toBe(304)",
                "expect((await moduleResponse).status()).toBe(200)",
                "expect(page.getByRole('navigation', { name: 'Điều hướng chính' })).toBeVisible()",
                "expect.poll(() => page.evaluate(() => Boolean(navigator.serviceWorker.controller))).toBe(true)",
                "expect.poll(() => page.evaluate(() => Boolean(navigator.serviceWorker.controller)))",
                "expect(page.locator('main h1')).toBeVisible()",
                "expect(errors).toEqual([])"
              ],
              "projects": [
                "chromium",
                "firefox"
              ]
            },
            {
              "title": "demo startup explains the required setup when the browser blocks Service Workers",
              "line": 80,
              "assertions": [
                "expect(page.getByRole('heading', { name: 'Chưa khởi động được ứng dụng', exact: true })).toBeVisible()",
                "expect(page.getByText(/Chạy npm run setup để tạo service worker mô phỏng/)).toBeVisible()",
                "expect(page.getByRole('navigation', { name: 'Điều hướng chính' })).toHaveCount(0)",
                "expect(page.getByText('Dữ liệu mô phỏng', { exact: true })).toHaveCount(0)"
              ],
              "projects": [
                "chromium",
                "firefox"
              ]
            }
          ]
        },
        {
          "file": "tests/ui-density-layout.spec.ts",
          "sha256": "80e4d3589fc957ff047c97b4689d268f76f013f4f01ea3db622edbeced1aea3d",
          "cases": [
            {
              "title": "density table saves row space while preserving action target and data",
              "line": 10,
              "assertions": [
                "expect(cells.first()).toHaveCSS('padding-top','8px')",
                "expect(cells.first()).toHaveCSS('padding-left','12px')",
                "expect((await link.boundingBox())!.height).toBeGreaterThanOrEqual(44)",
                "expect(page.getByText('DEMO-001',{exact:true})).toBeVisible()",
                "expect(page.getByText('150.000 ₫',{exact:true})).toBeVisible()",
                "expect(await page.evaluate(()=>document.documentElement.scrollWidth)).toBe(width)",
                "expect(link).toBeFocused()",
                "expect(height).toBeGreaterThanOrEqual(60)",
                "expect(height).toBeLessThanOrEqual(63)"
              ],
              "projects": [
                "chromium",
                "firefox"
              ]
            },
            {
              "title": "density divided facts list has one row inset and no additional inter-row gap",
              "line": 22,
              "assertions": [
                "expect(facts).toHaveCount(1)",
                "expect(facts).toHaveCSS('gap','0px')",
                "expect(facts.locator(':scope > [data-ui-detail-line]')).toHaveCount(7)",
                "expect(row.locator(':scope > .MuiStack-root')).toHaveCSS('padding-top','8px')",
                "expect(row.locator('.MuiDivider-root')).toHaveCount(1)",
                "expect((await facts.boundingBox())!.height).toBeCloseTo(266,0)",
                "expect((await panel.boundingBox())!.width).toBeGreaterThan(1100)",
                "expect(await page.evaluate(()=>document.documentElement.scrollWidth)).toBe(width)"
              ],
              "projects": [
                "chromium",
                "firefox"
              ]
            },
            {
              "title": "density demo disclosure retains state and always shows the synthetic warning",
              "line": 33,
              "assertions": [
                "expect(tools).toBeHidden()",
                "expect(toggle).toHaveAttribute('aria-expanded','false')",
                "expect(page.getByRole('alert').filter({hasText:'Frontend review: API được mô phỏng'})).toBeVisible()",
                "expect(tools).toBeVisible()",
                "expect(page.getByText('Đã tải 1.000 khách hàng tổng hợp vào API mô phỏng.')).toBeVisible()",
                "expect(tools).toBeHidden()",
                "expect(page.locator('[data-testid=\"mock-tools-summary\"]')).toContainText('1.000 khách hàng')",
                "expect(page.getByRole('combobox',{name:'Dataset mô phỏng'})).toContainText('1.000 khách hàng')"
              ],
              "projects": [
                "chromium",
                "firefox"
              ]
            },
            {
              "title": "density operational Panel uses 12px boundary while complex form and reading Panel keep comfortable rhythm",
              "line": 48,
              "assertions": [
                "expect(page.locator('main')).toHaveCSS('padding-top','16px')",
                "expect(geometry.gap).toBeCloseTo(12,0)",
                "expect(geometry.bodyTop).toBe('0px')",
                "expect(geometry.bodyInline).toBe(width<768?'12px':'16px')",
                "expect(page.locator('[data-ui-composition=\"form-fields\"]').first()).toHaveCSS('gap','16px')",
                "expect(reading).toHaveAttribute('data-ui-density','comfortable')",
                "expect(reading.locator(':scope > :last-child')).toHaveCSS('padding-left',width<768?'16px':'24px')"
              ],
              "projects": [
                "chromium",
                "firefox"
              ]
            },
            {
              "title": "density simple category editor keeps labels, errors and keyboard reflow usable",
              "line": 60,
              "assertions": [
                "expect(dialog).toBeVisible()",
                "expect(dialog.locator('[data-ui-composition=\"form-fields\"]')).toHaveCSS('gap','12px')",
                "expect(dialog.locator('.MuiDialogContent-root')).toHaveCSS('padding-left','16px')",
                "expect(name).toBeFocused()",
                "expect((await new AxeBuilder({page}).include('[role=\"dialog\"]').withTags(['wcag2a','wcag2aa','wcag21aa']).analyze()).violations).toEqual([])",
                "expect(await page.evaluate(()=>document.documentElement.scrollWidth)).toBe(width)",
                "expect(warning).toBeVisible()",
                "expect(warning.locator(selector)).toHaveCSS('padding-left',width<768?'16px':'24px')",
                "expect(warning.locator('.MuiDialogActions-root')).toHaveCSS('padding','12px')",
                "expect(warning.locator('.MuiDialogActions-root')).toHaveCSS('gap','8px')",
                "expect(name).toHaveValue('Bản nháp phải được giữ')",
                "expect(dialog).toBeHidden()",
                "expect(navigation).toBeVisible()",
                "expect(navigation.locator(selector)).toHaveCSS('padding-left',width<768?'16px':'24px')",
                "expect(navigation.locator('.MuiDialogActions-root')).toHaveCSS('padding','12px')",
                "expect(navigation.locator('.MuiDialogActions-root')).toHaveCSS('gap','8px')",
                "expect(page.getByLabel('Ghi chú chuẩn bị')).toHaveValue('Giữ nháp điều hướng')"
              ],
              "projects": [
                "chromium",
                "firefox"
              ]
            }
          ]
        }
      ]
    },
    {
      "name": "Current shared dependency regressions",
      "unit": 181,
      "domain": 88,
      "sourceMap": 16,
      "browser": 624,
      "builtArtifact": 6,
      "limits": "Counts describe distinct suites; they are not added into a checkpoint percentage. Owner case and source checks above are required independently."
    },
    {
      "name": "Executed unit owners",
      "owners": [
        {
          "file": "apps/web/tests/versioned-draft.test.tsx",
          "sha256": "664d2c84a48ed012aee2039b70cd322fa63186e254b5cd246f86edc803b81ee8",
          "cases": [
            "F01/F02/F03 keeps the baseline version and draft across unrelated and conflicting server changes",
            "F01 requires choices for both-side changes and treats arrays as one field",
            "F01 rejects outdated comparison choices when the server changes again",
            "F01 removes newly hidden fields from comparison and outgoing patches",
            "F05-style save completion preserves edits made after submission and commits the authoritative version",
            "fingerprints ignore object key order but preserve array order, null and empty values",
            "F01 releases a dismissed editor baseline before reopening the same resource with newer data"
          ]
        },
        {
          "file": "apps/web/tests/command-lifetime.test.tsx",
          "sha256": "9c85b3fedbb57f9169f878112a0494121532be434b4a8fd1165955c61d36e2f5",
          "cases": [
            "F04 rejects a retained execute function from a previous scope before HTTP",
            "F04 does not report success when the scope closes while authoritative cache refresh is pending",
            "F04 rejects a pre-aborted execution without sending or recording an unknown mutation",
            "F04 only completes after authoritative success while the StrictMode scope remains alive"
          ]
        },
        {
          "file": "apps/web/tests/scope-events.test.tsx",
          "sha256": "5cea51724d2f1ca1c1d34325b7b310e57ff35754510452117e20329f301bb622",
          "cases": [
            "F09 narrows identified Inbox events and ignores duplicate/out-of-order/foreign-shop events",
            "F09 revocation closes the stream and refreshes the session even when its sequence is old",
            "F09 rejects callbacks from a disposed stream after shop/permission changes or unmount"
          ]
        }
      ],
      "limit": "Literal owner titles bind actual verbose output; parameterized cases remain covered by the whole 181-case run, without inventing separate executions."
    },
    {
      "name": "Compiled width behavior",
      "routeObservations": 216,
      "focusedCases": 70,
      "artifact": "built-shared-review.json",
      "limit": "Actual compiled geometry/axe/keyboard; counts remain separate from full browser suite."
    },
    {
      "name": "Strict verification and simulator/network criteria",
      "simulatorChecks": [
        "Full order lifecycle and purchase partial receiving use actual simulator handlers",
        "Procurement rejects cross-shop and unapproved suppliers and unusable auto-send budgets",
        "Stale purchase approval cannot authorize a changed resource version",
        "Both sides of every mock journal balance",
        "Seeded shop does not read another shop product",
        "CSRF is required for writes",
        "Read-only role cannot create products",
        "Revoked shop membership never falls back to another active shop membership",
        "Duplicate idempotency key is not duplicated",
        "Same key with different payload is rejected",
        "Stale inventory adjustment cannot mutate stock",
        "Negative stock is rejected atomically",
        "Unbalanced journal is rejected",
        "Known failure fault is observable",
        "Empty state fault is distinguishable",
        "Read model reflects source amounts not current page",
        "CSV parser preserves embedded commas",
        "Unknown command retains the same result on idempotent retry",
        "Read API getCsrfToken",
        "Read API getSession",
        "Read API listShops",
        "Read API getShop",
        "Read API listMembers",
        "Read API getDashboard",
        "Read API listProducts",
        "Read API listCategories",
        "Read API listCustomers",
        "Read API listStockSnapshots",
        "Read API listStockMovements",
        "Read API listOrders",
        "Read API listFinanceEntries",
        "Read API getCashflow",
        "Read API getProfitLoss",
        "Read API listConversations",
        "Read API listKnowledge",
        "Read API listFeedback",
        "Read API getBotConfig",
        "Read API listEvaluations",
        "Read API getProviderCatalog",
        "Read API listAIConnections",
        "Read API listChannels",
        "Read API getReportSummary",
        "Read API listJobs",
        "Read API listCommands",
        "Read API listAuditEvents",
        "Read API getPrivacyPolicy",
        "Read API listPrivacyRequests",
        "Read API listBotRevisions",
        "Read API getInboxMetadata",
        "Read API listWorkItems",
        "Read API listApprovals",
        "Read API listDevices",
        "Read API listNotifications",
        "Read API listPrepJobs",
        "Read API listShipments",
        "Read API listReturnCases",
        "Read API listSuppliers",
        "Read API listSupplierOffers",
        "Read API listReorderRules",
        "Read API listPurchaseSuggestions",
        "Read API listPurchaseOrders",
        "Read API listGoodsReceipts",
        "Read API listJournals",
        "Read API listBankTransactions",
        "Read API listReconciliationCases",
        "Read API listCODSettlements",
        "Read API listDebtItems",
        "Read API listAccountingPeriods",
        "Read API listAgentRoles",
        "Read API listBudgetPolicies",
        "Read API listDigests",
        "Read API listServiceCases",
        "Read API getNotificationPolicy",
        "Read API getOperationsSummary",
        "Read API getMarketingSummary"
      ],
      "networkChecks": [
        "Registers every canonical HTTP operation and reports the custom SSE endpoint",
        "Loads the service worker only in demo mode and guards production from mock activation",
        "Covers the canonical route, feature, shop, and role catalogs",
        "Returns schema-valid, paginated data and rejects stale cursors",
        "Pages through a deterministic large dataset without dropping or duplicating rows",
        "Scopes reads to the requested shop and role permissions",
        "Maps request validation, CSRF, and missing If-Match to contract errors",
        "Creates a product with schema-complete variants through HTTP",
        "Preserves idempotency and exposes stale and unknown mutation outcomes over HTTP",
        "Resets records, role, faults, idempotency keys, sequence, and fixed clock deterministically",
        "Returns observable transient and empty states without fabricating records",
        "Aborted delayed reads do not leak into the next request",
        "Streams only the authorized shop and emits events matching the canonical v2 schema"
      ],
      "artifact": {
        "path": "evidence/domain-tests.json",
        "sha256": "b6df9ec50bb5312ca07929df71d17518843258ca5d74419f6c6d0677d8844ae3"
      },
      "verifyLog": {
        "path": "BotSalesAI_Frontend/evidence/frontend-spacing-density-20261009/runs/density-1791517444670-94456/verify.log",
        "sha256": "fe34adfd7fbd0931c58b87f7e5405aa833e13009571d6cc92d5517e9b15ab0f0"
      },
      "source": "Full typecheck/lint/source/boundary/negative fixtures/generator/bundle isolation are actual npm verify stages; no backend enforcement claim."
    },
    {
      "name": "Actual native UI review",
      "artifacts": [
        {
          "path": "evidence/frontend-spacing-density-20261009/actual-browser-zoom-200-current-20261009-115626-49536.json",
          "sha256": "16cb8bacdec4efe91b28aec1dbf3286064912d85f71de4da1fe9ef57e36d782f"
        },
        {
          "path": "evidence/frontend-spacing-density-20261009/native-text-only-200-current-20261009-115644-46424.json",
          "sha256": "e4ea988cfd12bd248c12d4ad28e8a0a67ef305c59535a6d8ad4c7921a841b0b1"
        }
      ],
      "limit": "Keyboard/axe/reflow/native zoom observed; screen-reader speech and broad human conformance NOT_RUN."
    },
    {
      "name": "Review boundaries",
      "baseline": "before.json",
      "analogousReview": "ANALOGOUS_PATTERNS.md",
      "handoff": "ACCEPTANCE_GUIDE.md",
      "ownerAcceptance": "PENDING",
      "hostedCI": "NOT_RUN",
      "backend": "OUTSIDE_SCOPE",
      "review": "Codex self-review; no independent peer-review claim."
    }
  ],
  "executionRecords": [
    {
      "stage": "composer-stability",
      "startedAt": "2026-10-09T05:07:15.134Z",
      "finishedAt": "2026-10-09T05:08:10.178Z",
      "log": {
        "path": "BotSalesAI_Frontend/evidence/frontend-spacing-density-20261009/runs/density-1791522425617-76720/composer-stability.log",
        "sha256": "c079a393ffdf279c19f59e441cbf4ff5dab6167a5476fbc4d1bfaad7d793da56"
      },
      "sourceDrift": []
    },
    {
      "stage": "imports-clearance-regression",
      "startedAt": "2026-10-09T05:08:19.164Z",
      "finishedAt": "2026-10-09T05:08:39.156Z",
      "log": {
        "path": "BotSalesAI_Frontend/evidence/frontend-spacing-density-20261009/runs/density-1791522490344-8672/imports-clearance-regression.log",
        "sha256": "950791e791deafe07d84a64fcbecb6479f91ee1dcd33b86f6eb82521d196ae2a"
      },
      "sourceDrift": []
    },
    {
      "stage": "e2e",
      "startedAt": "2026-10-09T03:47:09.137Z",
      "finishedAt": "2026-10-09T04:47:48.711Z",
      "log": {
        "path": "BotSalesAI_Frontend/evidence/frontend-spacing-density-20261009/runs/density-1791517621537-90700/e2e.log",
        "sha256": "8c35ba10b993a303946c89addd4dcb04c7fc718f5cff8daa5a74f2e3fd8fe85d"
      },
      "sourceDrift": []
    },
    {
      "stage": "verify",
      "startedAt": "2026-10-09T03:44:04.675Z",
      "finishedAt": "2026-10-09T03:47:01.145Z",
      "log": {
        "path": "BotSalesAI_Frontend/evidence/frontend-spacing-density-20261009/runs/density-1791517444670-94456/verify.log",
        "sha256": "fe34adfd7fbd0931c58b87f7e5405aa833e13009571d6cc92d5517e9b15ab0f0"
      },
      "sourceDrift": []
    },
    {
      "stage": "unit",
      "startedAt": "2026-10-09T03:42:18.472Z",
      "finishedAt": "2026-10-09T03:42:24.862Z",
      "log": {
        "path": "BotSalesAI_Frontend/evidence/frontend-spacing-density-20261009/runs/density-1791517338471-44912/unit.log",
        "sha256": "d1928a0902ebc21f0c0780bc9467ca4e0f52beb179b91314a6cf1533aee097a8"
      },
      "sourceDrift": []
    },
    {
      "stage": "source-maps",
      "startedAt": "2026-10-09T03:47:01.271Z",
      "finishedAt": "2026-10-09T03:47:01.452Z",
      "log": {
        "path": "BotSalesAI_Frontend/evidence/frontend-spacing-density-20261009/runs/density-1791517621270-95168/source-maps.log",
        "sha256": "a7dc3557124f4394e17cdb8a7a42cd23a7ee839ade15529024a2fa2d7cb76e33"
      },
      "sourceDrift": []
    },
    {
      "stage": "built-demo",
      "startedAt": "2026-10-09T04:48:06.078Z",
      "finishedAt": "2026-10-09T04:51:16.462Z",
      "log": {
        "path": "BotSalesAI_Frontend/evidence/frontend-spacing-density-20261009/runs/density-1791521277863-27488/built-demo.log",
        "sha256": "4c4a6c6fdcbbd0bfa0e5344760595a858ad7e5df5662cdcfbdb32c0d8380db58"
      },
      "sourceDrift": []
    },
    {
      "stage": "startup-cache-regression",
      "startedAt": "2026-10-09T05:11:14.912Z",
      "finishedAt": "2026-10-09T05:11:36.059Z",
      "log": {
        "path": "BotSalesAI_Frontend/evidence/frontend-spacing-density-20261009/runs/density-1791522665730-96308/startup-cache-regression.log",
        "sha256": "b78941e75dca7664227a303ce9bbb0e70d77c3957ae994adfbd112ae2be241d3"
      },
      "sourceDrift": []
    },
    {
      "stage": "label-regression",
      "startedAt": "2026-10-09T05:10:37.682Z",
      "finishedAt": "2026-10-09T05:11:05.627Z",
      "log": {
        "path": "BotSalesAI_Frontend/evidence/frontend-spacing-density-20261009/runs/density-1791522628388-90736/label-regression.log",
        "sha256": "f28164351bc45da0b3df30632d3557484bc591686832bb955d35119531c55684"
      },
      "sourceDrift": []
    },
    {
      "stage": "variant-regression",
      "startedAt": "2026-10-09T05:09:47.479Z",
      "finishedAt": "2026-10-09T05:10:28.292Z",
      "log": {
        "path": "BotSalesAI_Frontend/evidence/frontend-spacing-density-20261009/runs/density-1791522578658-74300/variant-regression.log",
        "sha256": "62f3d31abc4f6d7965fb2f70604b46342b5b0d978064d34f335264ad9171c42f"
      },
      "sourceDrift": []
    },
    {
      "stage": "label-focus-regression",
      "startedAt": "2026-10-09T05:09:17.882Z",
      "finishedAt": "2026-10-09T05:09:38.570Z",
      "log": {
        "path": "BotSalesAI_Frontend/evidence/frontend-spacing-density-20261009/runs/density-1791522549023-26236/label-focus-regression.log",
        "sha256": "6891aae72dc105e22e42f974e8faf94492ed251b3c7f67146a0a2ae6335e96ab"
      },
      "sourceDrift": []
    },
    {
      "stage": "composer-regression",
      "startedAt": "2026-10-09T05:08:48.237Z",
      "finishedAt": "2026-10-09T05:09:08.934Z",
      "log": {
        "path": "BotSalesAI_Frontend/evidence/frontend-spacing-density-20261009/runs/density-1791522519245-33232/composer-regression.log",
        "sha256": "1fcc0bfd08e59012b4cf1aad212270969d3f68a497ceac5c02e2e27a5995a176"
      },
      "sourceDrift": []
    }
  ],
  "sourceSnapshotSha256": "a67b5643cad51cab74a1347b28715b43dd8850d1cb3d06e0b70d5c5cb86b639b"
}
