2026-10-10T01:44:26.6158837Z Current runner version: '2.337.0'
2026-10-10T01:44:26.6194374Z ##[group]Runner Image Provisioner
2026-10-10T01:44:26.6196073Z Hosted Compute Agent
2026-10-10T01:44:26.6197111Z Version: 20261002.596
2026-10-10T01:44:26.6198195Z Commit: c3d12f3313a95f25162a1503be624f3b0617f8c0
2026-10-10T01:44:26.6199464Z Build Date: 2026-10-02T22:28:27Z
2026-10-10T01:44:26.6200634Z Worker ID: {381413a8-6b26-417d-aedb-cf237886736c}
2026-10-10T01:44:26.6201834Z Region: eastus
2026-10-10T01:44:26.6202918Z Cloud: Azure
2026-10-10T01:44:26.6203803Z ##[endgroup]
2026-10-10T01:44:26.6206652Z ##[group]Operating System
2026-10-10T01:44:26.6207746Z Ubuntu
2026-10-10T01:44:26.6208749Z 24.04.5
2026-10-10T01:44:26.6209660Z LTS
2026-10-10T01:44:26.6210470Z ##[endgroup]
2026-10-10T01:44:26.6211525Z ##[group]Runner Image
2026-10-10T01:44:26.6212724Z Image: ubuntu-24.04
2026-10-10T01:44:26.6213606Z Version: 20261004.327.1
2026-10-10T01:44:26.6216103Z Included Software: https://github.com/actions/runner-images/blob/ubuntu24/20261004.327/images/ubuntu/Ubuntu2404-Readme.md
2026-10-10T01:44:26.6218891Z Image Release: https://github.com/actions/runner-images/releases/tag/ubuntu24%2F20261004.327
2026-10-10T01:44:26.6220541Z ##[endgroup]
2026-10-10T01:44:26.6222477Z ##[group]GITHUB_TOKEN Permissions
2026-10-10T01:44:26.6225093Z Contents: read
2026-10-10T01:44:26.6226515Z Metadata: read
2026-10-10T01:44:26.6227423Z ##[endgroup]
2026-10-10T01:44:26.6230529Z Secret source: Actions
2026-10-10T01:44:26.6232194Z Cache mode: write
2026-10-10T01:44:26.6233436Z Prepare workflow directory
2026-10-10T01:44:26.6812177Z Prepare all required actions
2026-10-10T01:44:26.6883039Z Getting action download info
2026-10-10T01:44:26.9246490Z Download action repository 'actions/checkout@3d3c42e5aac5ba805825da76410c181273ba90b1' (SHA:3d3c42e5aac5ba805825da76410c181273ba90b1)
2026-10-10T01:44:27.0200558Z Download action repository 'actions/setup-node@820762786026740c76f36085b0efc47a31fe5020' (SHA:820762786026740c76f36085b0efc47a31fe5020)
2026-10-10T01:44:27.1092117Z Download action repository 'actions/upload-artifact@043fb46d1a93c77aae656e7c1c64a875d1fc6a0a' (SHA:043fb46d1a93c77aae656e7c1c64a875d1fc6a0a)
2026-10-10T01:44:27.2980194Z Complete job name: verify (firefox)
2026-10-10T01:44:27.3720933Z ##[group]Run actions/checkout@3d3c42e5aac5ba805825da76410c181273ba90b1
2026-10-10T01:44:27.3722024Z with:
2026-10-10T01:44:27.3722546Z   repository: LonelyTraderBay/Bot-AI-Ban-hang-FB
2026-10-10T01:44:27.3726515Z   token: ***
2026-10-10T01:44:27.3726973Z   ssh-strict: true
2026-10-10T01:44:27.3727416Z   ssh-user: git
2026-10-10T01:44:27.3727861Z   persist-credentials: true
2026-10-10T01:44:27.3728363Z   clean: true
2026-10-10T01:44:27.3728818Z   sparse-checkout-cone-mode: true
2026-10-10T01:44:27.3729333Z   fetch-depth: 1
2026-10-10T01:44:27.3729758Z   fetch-tags: false
2026-10-10T01:44:27.3730201Z   show-progress: true
2026-10-10T01:44:27.3730654Z   lfs: false
2026-10-10T01:44:27.3731061Z   submodules: false
2026-10-10T01:44:27.3731508Z   set-safe-directory: true
2026-10-10T01:44:27.3732035Z   allow-unsafe-pr-checkout: false
2026-10-10T01:44:27.3732876Z ##[endgroup]
2026-10-10T01:44:27.4727327Z Syncing repository: LonelyTraderBay/Bot-AI-Ban-hang-FB
2026-10-10T01:44:27.4730114Z ##[group]Getting Git version info
2026-10-10T01:44:27.4731404Z Working directory is '/home/runner/work/Bot-AI-Ban-hang-FB/Bot-AI-Ban-hang-FB'
2026-10-10T01:44:27.4733237Z [command]/usr/bin/git version
2026-10-10T01:44:27.4790792Z git version 2.55.0
2026-10-10T01:44:27.4812947Z ##[endgroup]
2026-10-10T01:44:27.4823038Z Temporarily overriding HOME='/home/runner/work/_temp/9c830dbe-440c-4d16-bb36-0647a2ebf7b2' before making global git config changes
2026-10-10T01:44:27.4825809Z Adding repository directory to the temporary git global config as a safe directory
2026-10-10T01:44:27.4829491Z [command]/usr/bin/git config --global --add safe.directory /home/runner/work/Bot-AI-Ban-hang-FB/Bot-AI-Ban-hang-FB
2026-10-10T01:44:27.4886981Z Deleting the contents of '/home/runner/work/Bot-AI-Ban-hang-FB/Bot-AI-Ban-hang-FB'
2026-10-10T01:44:27.4890534Z ##[group]Determining repository object format
2026-10-10T01:44:27.4892055Z ##[endgroup]
2026-10-10T01:44:27.4893336Z ##[group]Initializing the repository
2026-10-10T01:44:27.4897067Z [command]/usr/bin/git init /home/runner/work/Bot-AI-Ban-hang-FB/Bot-AI-Ban-hang-FB
2026-10-10T01:44:27.5027439Z hint: Using 'master' as the name for the initial branch. This default branch name
2026-10-10T01:44:27.5029468Z hint: will change to "main" in Git 3.0. To configure the initial branch name
2026-10-10T01:44:27.5031924Z hint: to use in all of your new repositories, which will suppress this warning,
2026-10-10T01:44:27.5033353Z hint: call:
2026-10-10T01:44:27.5034276Z hint:
2026-10-10T01:44:27.5035560Z hint: 	git config --global init.defaultBranch <name>
2026-10-10T01:44:27.5036815Z hint:
2026-10-10T01:44:27.5037929Z hint: Names commonly chosen instead of 'master' are 'main', 'trunk' and
2026-10-10T01:44:27.5039706Z hint: 'development'. The just-created branch can be renamed via this command:
2026-10-10T01:44:27.5042137Z hint:
2026-10-10T01:44:27.5043018Z hint: 	git branch -m <name>
2026-10-10T01:44:27.5043947Z hint:
2026-10-10T01:44:27.5045178Z hint: Disable this message with "git config set advice.defaultBranchName false"
2026-10-10T01:44:27.5048199Z Initialized empty Git repository in /home/runner/work/Bot-AI-Ban-hang-FB/Bot-AI-Ban-hang-FB/.git/
2026-10-10T01:44:27.5051482Z [command]/usr/bin/git remote add origin https://github.com/LonelyTraderBay/Bot-AI-Ban-hang-FB
2026-10-10T01:44:27.5103385Z ##[endgroup]
2026-10-10T01:44:27.5104711Z ##[group]Disabling automatic garbage collection
2026-10-10T01:44:27.5107711Z [command]/usr/bin/git config --local gc.auto 0
2026-10-10T01:44:27.5145024Z ##[endgroup]
2026-10-10T01:44:27.5146146Z ##[group]Setting up auth
2026-10-10T01:44:27.5146821Z Removing SSH command configuration
2026-10-10T01:44:27.5153297Z [command]/usr/bin/git config --local --name-only --get-regexp core\.sshCommand
2026-10-10T01:44:27.5192525Z [command]/usr/bin/git submodule foreach --recursive sh -c "git config --local --name-only --get-regexp 'core\.sshCommand' && git config --local --unset-all 'core.sshCommand' || :"
2026-10-10T01:44:27.5603171Z Removing HTTP extra header
2026-10-10T01:44:27.5609991Z [command]/usr/bin/git config --local --name-only --get-regexp http\.https\:\/\/github\.com\/\.extraheader
2026-10-10T01:44:27.5646693Z [command]/usr/bin/git submodule foreach --recursive sh -c "git config --local --name-only --get-regexp 'http\.https\:\/\/github\.com\/\.extraheader' && git config --local --unset-all 'http.https://github.com/.extraheader' || :"
2026-10-10T01:44:27.5876274Z Removing includeIf entries pointing to credentials config files
2026-10-10T01:44:27.5884037Z [command]/usr/bin/git config --local --name-only --get-regexp ^includeIf\.gitdir:
2026-10-10T01:44:27.5922108Z [command]/usr/bin/git submodule foreach --recursive git config --local --show-origin --name-only --get-regexp remote.origin.url
2026-10-10T01:44:27.6164816Z [command]/usr/bin/git config --file /home/runner/work/_temp/git-credentials-5e62067f-97c3-43da-878e-f6415970686c.config http.https://github.com/.extraheader AUTHORIZATION: basic ***
2026-10-10T01:44:27.6214446Z [command]/usr/bin/git config --local includeIf.gitdir:/home/runner/work/Bot-AI-Ban-hang-FB/Bot-AI-Ban-hang-FB/.git.path /home/runner/work/_temp/git-credentials-5e62067f-97c3-43da-878e-f6415970686c.config
2026-10-10T01:44:27.6256348Z [command]/usr/bin/git config --local includeIf.gitdir:/home/runner/work/Bot-AI-Ban-hang-FB/Bot-AI-Ban-hang-FB/.git/worktrees/*.path /home/runner/work/_temp/git-credentials-5e62067f-97c3-43da-878e-f6415970686c.config
2026-10-10T01:44:27.6301876Z [command]/usr/bin/git config --local includeIf.gitdir:/github/workspace/.git.path /github/runner_temp/git-credentials-5e62067f-97c3-43da-878e-f6415970686c.config
2026-10-10T01:44:27.6343653Z [command]/usr/bin/git config --local includeIf.gitdir:/github/workspace/.git/worktrees/*.path /github/runner_temp/git-credentials-5e62067f-97c3-43da-878e-f6415970686c.config
2026-10-10T01:44:27.6382105Z ##[endgroup]
2026-10-10T01:44:27.6383180Z ##[group]Fetching the repository
2026-10-10T01:44:27.6391336Z [command]/usr/bin/git -c protocol.version=2 fetch --no-tags --prune --no-recurse-submodules --depth=1 origin +ca5d9d8a2bdfcf0464d669ed333786e4c90d810f:refs/remotes/origin/main
2026-10-10T01:44:37.4166995Z From https://github.com/LonelyTraderBay/Bot-AI-Ban-hang-FB
2026-10-10T01:44:37.4168121Z  * [new ref]         ca5d9d8a2bdfcf0464d669ed333786e4c90d810f -> origin/main
2026-10-10T01:44:37.4176631Z [command]/usr/bin/git branch --list --remote origin/main
2026-10-10T01:44:37.4206214Z   origin/main
2026-10-10T01:44:37.4214407Z [command]/usr/bin/git rev-parse refs/remotes/origin/main
2026-10-10T01:44:37.4240540Z ca5d9d8a2bdfcf0464d669ed333786e4c90d810f
2026-10-10T01:44:37.4245747Z ##[endgroup]
2026-10-10T01:44:37.4246943Z ##[group]Determining the checkout info
2026-10-10T01:44:37.4247943Z ##[endgroup]
2026-10-10T01:44:37.4249904Z [command]/usr/bin/git sparse-checkout disable
2026-10-10T01:44:37.4308347Z [command]/usr/bin/git config --local --unset-all extensions.worktreeConfig
2026-10-10T01:44:37.4342939Z ##[group]Checking out the ref
2026-10-10T01:44:37.4346953Z [command]/usr/bin/git checkout --progress --force -B main refs/remotes/origin/main
2026-10-10T01:44:38.4878878Z Updating files:  27% (5725/20579)
2026-10-10T01:44:38.6549334Z Updating files:  28% (5763/20579)
2026-10-10T01:44:38.7689193Z Updating files:  29% (5968/20579)
2026-10-10T01:44:38.8435773Z Updating files:  30% (6174/20579)
2026-10-10T01:44:38.9231036Z Updating files:  31% (6380/20579)
2026-10-10T01:44:38.9494308Z Updating files:  32% (6586/20579)
2026-10-10T01:44:38.9930479Z Updating files:  33% (6792/20579)
2026-10-10T01:44:39.0990129Z Updating files:  34% (6997/20579)
2026-10-10T01:44:39.1734721Z Updating files:  35% (7203/20579)
2026-10-10T01:44:39.2043368Z Updating files:  36% (7409/20579)
2026-10-10T01:44:39.2687632Z Updating files:  37% (7615/20579)
2026-10-10T01:44:39.3148568Z Updating files:  38% (7821/20579)
2026-10-10T01:44:39.3717914Z Updating files:  39% (8026/20579)
2026-10-10T01:44:39.4328635Z Updating files:  40% (8232/20579)
2026-10-10T01:44:39.4515749Z Updating files:  41% (8438/20579)
2026-10-10T01:44:39.4544504Z Updating files:  42% (8644/20579)
2026-10-10T01:44:39.5040585Z Updating files:  42% (8657/20579)
2026-10-10T01:44:39.5545045Z Updating files:  43% (8849/20579)
2026-10-10T01:44:39.6036081Z Updating files:  44% (9055/20579)
2026-10-10T01:44:39.6561733Z Updating files:  45% (9261/20579)
2026-10-10T01:44:39.6882727Z Updating files:  46% (9467/20579)
2026-10-10T01:44:39.6969146Z Updating files:  47% (9673/20579)
2026-10-10T01:44:39.7116408Z Updating files:  48% (9878/20579)
2026-10-10T01:44:39.7492371Z Updating files:  49% (10084/20579)
2026-10-10T01:44:39.7573781Z Updating files:  50% (10290/20579)
2026-10-10T01:44:39.8024238Z Updating files:  51% (10496/20579)
2026-10-10T01:44:39.8117367Z Updating files:  52% (10702/20579)
2026-10-10T01:44:39.8211706Z Updating files:  53% (10907/20579)
2026-10-10T01:44:39.8679832Z Updating files:  54% (11113/20579)
2026-10-10T01:44:39.9084191Z Updating files:  55% (11319/20579)
2026-10-10T01:44:39.9355908Z Updating files:  56% (11525/20579)
2026-10-10T01:44:39.9661262Z Updating files:  57% (11731/20579)
2026-10-10T01:44:40.0357463Z Updating files:  58% (11936/20579)
2026-10-10T01:44:40.0767119Z Updating files:  59% (12142/20579)
2026-10-10T01:44:40.1963492Z Updating files:  60% (12348/20579)
2026-10-10T01:44:40.2483775Z Updating files:  61% (12554/20579)
2026-10-10T01:44:40.2723703Z Updating files:  62% (12759/20579)
2026-10-10T01:44:40.2910007Z Updating files:  63% (12965/20579)
2026-10-10T01:44:40.3071767Z Updating files:  64% (13171/20579)
2026-10-10T01:44:40.3204230Z Updating files:  65% (13377/20579)
2026-10-10T01:44:40.3343342Z Updating files:  66% (13583/20579)
2026-10-10T01:44:40.3470289Z Updating files:  67% (13788/20579)
2026-10-10T01:44:40.3625927Z Updating files:  68% (13994/20579)
2026-10-10T01:44:40.3751244Z Updating files:  69% (14200/20579)
2026-10-10T01:44:40.3867158Z Updating files:  70% (14406/20579)
2026-10-10T01:44:40.4067224Z Updating files:  71% (14612/20579)
2026-10-10T01:44:40.4303835Z Updating files:  72% (14817/20579)
2026-10-10T01:44:40.4454138Z Updating files:  73% (15023/20579)
2026-10-10T01:44:40.4544229Z Updating files:  74% (15229/20579)
2026-10-10T01:44:40.4613828Z Updating files:  74% (15327/20579)
2026-10-10T01:44:40.4795453Z Updating files:  75% (15435/20579)
2026-10-10T01:44:40.4930175Z Updating files:  76% (15641/20579)
2026-10-10T01:44:40.5072854Z Updating files:  77% (15846/20579)
2026-10-10T01:44:40.5203202Z Updating files:  78% (16052/20579)
2026-10-10T01:44:40.5334659Z Updating files:  79% (16258/20579)
2026-10-10T01:44:40.5458794Z Updating files:  80% (16464/20579)
2026-10-10T01:44:40.5580181Z Updating files:  81% (16669/20579)
2026-10-10T01:44:40.5705334Z Updating files:  82% (16875/20579)
2026-10-10T01:44:40.5860794Z Updating files:  83% (17081/20579)
2026-10-10T01:44:40.5996601Z Updating files:  84% (17287/20579)
2026-10-10T01:44:40.6113205Z Updating files:  85% (17493/20579)
2026-10-10T01:44:40.6247146Z Updating files:  86% (17698/20579)
2026-10-10T01:44:40.6378488Z Updating files:  87% (17904/20579)
2026-10-10T01:44:40.6505340Z Updating files:  88% (18110/20579)
2026-10-10T01:44:40.6627028Z Updating files:  89% (18316/20579)
2026-10-10T01:44:40.6749506Z Updating files:  90% (18522/20579)
2026-10-10T01:44:40.6876148Z Updating files:  91% (18727/20579)
2026-10-10T01:44:40.7012948Z Updating files:  92% (18933/20579)
2026-10-10T01:44:40.7134146Z Updating files:  93% (19139/20579)
2026-10-10T01:44:40.7313929Z Updating files:  94% (19345/20579)
2026-10-10T01:44:40.7441904Z Updating files:  95% (19551/20579)
2026-10-10T01:44:40.7583465Z Updating files:  96% (19756/20579)
2026-10-10T01:44:40.8015217Z Updating files:  97% (19962/20579)
2026-10-10T01:44:40.8185991Z Updating files:  98% (20168/20579)
2026-10-10T01:44:40.8648154Z Updating files:  99% (20374/20579)
2026-10-10T01:44:40.8648661Z Updating files: 100% (20579/20579)
2026-10-10T01:44:40.8649445Z Updating files: 100% (20579/20579), done.
2026-10-10T01:44:40.8874279Z Switched to a new branch 'main'
2026-10-10T01:44:40.8880375Z branch 'main' set up to track 'origin/main'.
2026-10-10T01:44:40.8982409Z ##[endgroup]
2026-10-10T01:44:40.9033141Z [command]/usr/bin/git log -1 --format=%H
2026-10-10T01:44:40.9063094Z ca5d9d8a2bdfcf0464d669ed333786e4c90d810f
2026-10-10T01:44:40.9330476Z ##[group]Run actions/setup-node@820762786026740c76f36085b0efc47a31fe5020
2026-10-10T01:44:40.9330880Z with:
2026-10-10T01:44:40.9331083Z   node-version: 24
2026-10-10T01:44:40.9331294Z   cache: npm
2026-10-10T01:44:40.9331586Z   cache-dependency-path: BotSalesAI_Frontend/package-lock.json
2026-10-10T01:44:40.9331942Z   check-latest: false
2026-10-10T01:44:40.9334333Z   token: ***
2026-10-10T01:44:40.9334559Z   package-manager-cache: true
2026-10-10T01:44:40.9334827Z ##[endgroup]
2026-10-10T01:44:41.0594363Z Found in cache @ /opt/hostedtoolcache/node/24.21.0/x64
2026-10-10T01:44:41.0598549Z ##[group]Environment details
2026-10-10T01:44:41.5389550Z node: v24.21.0
2026-10-10T01:44:41.5389876Z npm: 11.19.0
2026-10-10T01:44:41.5390100Z yarn: 1.22.22
2026-10-10T01:44:41.5391913Z ##[endgroup]
2026-10-10T01:44:41.5410774Z [command]/opt/hostedtoolcache/node/24.21.0/x64/bin/npm config get cache
2026-10-10T01:44:41.6605979Z /home/runner/.npm
2026-10-10T01:44:41.7303425Z npm cache is not found
2026-10-10T01:44:41.7437580Z ##[group]Run npm install --global npm@11.17.0
2026-10-10T01:44:41.7437997Z [36;1mnpm install --global npm@11.17.0[0m
2026-10-10T01:44:41.7730831Z shell: /usr/bin/bash -e {0}
2026-10-10T01:44:41.7731150Z ##[endgroup]
2026-10-10T01:44:46.3954775Z 
2026-10-10T01:44:46.3963798Z changed 19 packages in 5s
2026-10-10T01:44:46.3964056Z 
2026-10-10T01:44:46.3964314Z 15 packages are looking for funding
2026-10-10T01:44:46.3964663Z   run `npm fund` for details
2026-10-10T01:44:46.4468647Z ##[group]Run test -f package-lock.json || (echo 'Run npm install on an authorized online machine and commit the generated lockfile.' && exit 1)
2026-10-10T01:44:46.4469901Z [36;1mtest -f package-lock.json || (echo 'Run npm install on an authorized online machine and commit the generated lockfile.' && exit 1)[0m
2026-10-10T01:44:46.4540436Z shell: /usr/bin/bash -e {0}
2026-10-10T01:44:46.4540706Z ##[endgroup]
2026-10-10T01:44:46.4653654Z ##[group]Run npm ci
2026-10-10T01:44:46.4653907Z [36;1mnpm ci[0m
2026-10-10T01:44:46.4713325Z shell: /usr/bin/bash -e {0}
2026-10-10T01:44:46.4713581Z ##[endgroup]
2026-10-10T01:44:47.9383020Z npm warn deprecated whatwg-encoding@3.1.1: Use @exodus/bytes instead for a more spec-conformant and faster implementation
2026-10-10T01:44:52.9171483Z npm warn deprecated eslint@9.34.0: This version is no longer supported. Please see https://eslint.org/version-support for other options.
2026-10-10T01:45:01.7288911Z 
2026-10-10T01:45:01.7289877Z added 411 packages, and audited 413 packages in 15s
2026-10-10T01:45:01.7290367Z 
2026-10-10T01:45:01.7290663Z 86 packages are looking for funding
2026-10-10T01:45:01.7291815Z   run `npm fund` for details
2026-10-10T01:45:01.7304232Z 
2026-10-10T01:45:01.7304606Z found 0 vulnerabilities
2026-10-10T01:45:01.7316580Z npm warn allow-scripts 2 packages have install scripts not yet covered by allowScripts:
2026-10-10T01:45:01.7317684Z npm warn allow-scripts   esbuild@0.28.2 (postinstall: node install.js)
2026-10-10T01:45:01.7318565Z npm warn allow-scripts   msw@2.11.1 (postinstall: node -e "import('./config/scripts/postinstall.js').catch(() => void 0)")
2026-10-10T01:45:01.7319183Z npm warn allow-scripts
2026-10-10T01:45:01.7319928Z npm warn allow-scripts Run `npm approve-scripts --allow-scripts-pending` to review, or `npm approve-scripts <pkg>` to allow.
2026-10-10T01:45:01.7813934Z ##[group]Run npm audit --audit-level=low
2026-10-10T01:45:01.7814342Z [36;1mnpm audit --audit-level=low[0m
2026-10-10T01:45:01.7878472Z shell: /usr/bin/bash -e {0}
2026-10-10T01:45:01.7878742Z ##[endgroup]
2026-10-10T01:45:02.3038104Z found 0 vulnerabilities
2026-10-10T01:45:02.3164002Z ##[group]Run npm run setup
2026-10-10T01:45:02.3164319Z [36;1mnpm run setup[0m
2026-10-10T01:45:02.3229575Z shell: /usr/bin/bash -e {0}
2026-10-10T01:45:02.3229839Z ##[endgroup]
2026-10-10T01:45:02.4255529Z 
2026-10-10T01:45:02.4256032Z > botsales-frontend@0.1.0 setup
2026-10-10T01:45:02.4256593Z > node scripts/setup.mjs
2026-10-10T01:45:02.4256801Z 
2026-10-10T01:45:02.6688443Z {"status":"PASS","outputs":15,"schemas":346,"operations":245,"routes":61}
2026-10-10T01:45:02.7664224Z Copying the worker script at "/home/runner/work/Bot-AI-Ban-hang-FB/Bot-AI-Ban-hang-FB/BotSalesAI_Frontend/apps/web/public"...
2026-10-10T01:45:02.7708354Z 
2026-10-10T01:45:02.7709464Z [32mWorker script successfully copied![39m
2026-10-10T01:45:02.7710170Z [90m  - public
2026-10-10T01:45:02.7710802Z [39m
2026-10-10T01:45:02.7711478Z Continue by describing the network in your application:
2026-10-10T01:45:02.7711961Z 
2026-10-10T01:45:02.7711972Z 
2026-10-10T01:45:02.7712659Z [31m[1mhttps://mswjs.io/docs/quick-start[22m[39m
2026-10-10T01:45:02.7713099Z 
2026-10-10T01:45:02.7777089Z Thiết lập xong. npm run dev chạy frontend mô phỏng; không kết nối khách hàng hoặc provider thật.
2026-10-10T01:45:02.7921938Z ##[group]Run npx playwright install --with-deps chromium firefox
2026-10-10T01:45:02.7922434Z [36;1mnpx playwright install --with-deps chromium firefox[0m
2026-10-10T01:45:02.7985922Z shell: /usr/bin/bash -e {0}
2026-10-10T01:45:02.7986190Z ##[endgroup]
2026-10-10T01:45:03.5349992Z Installing dependencies...
2026-10-10T01:45:03.5434451Z Switching to root user to install dependencies...
2026-10-10T01:45:03.6355213Z Get:1 file:/etc/apt/apt-mirrors.txt Mirrorlist [144 B]
2026-10-10T01:45:03.6779098Z Hit:2 http://azure.archive.ubuntu.com/ubuntu noble InRelease
2026-10-10T01:45:03.6797164Z Get:6 https://packages.microsoft.com/ubuntu/24.04/prod noble InRelease [3600 B]
2026-10-10T01:45:03.6808464Z Get:3 http://azure.archive.ubuntu.com/ubuntu noble-updates InRelease [126 kB]
2026-10-10T01:45:03.6866566Z Get:4 http://azure.archive.ubuntu.com/ubuntu noble-backports InRelease [126 kB]
2026-10-10T01:45:03.6896617Z Get:5 http://azure.archive.ubuntu.com/ubuntu noble-security InRelease [126 kB]
2026-10-10T01:45:03.8062511Z Get:7 https://packages.microsoft.com/ubuntu/24.04/prod noble/main arm64 Packages [492 kB]
2026-10-10T01:45:03.8206676Z Get:8 https://packages.microsoft.com/ubuntu/24.04/prod noble/main all Packages [640 B]
2026-10-10T01:45:03.8240618Z Get:9 https://packages.microsoft.com/ubuntu/24.04/prod noble/main amd64 Packages [548 kB]
2026-10-10T01:45:03.8311521Z Get:10 https://packages.microsoft.com/ubuntu/24.04/prod noble/main armhf Packages [12.3 kB]
2026-10-10T01:45:03.8545113Z Get:11 http://azure.archive.ubuntu.com/ubuntu noble-updates/main amd64 Packages [1375 kB]
2026-10-10T01:45:03.8627129Z Get:12 http://azure.archive.ubuntu.com/ubuntu noble-updates/main Translation-en [306 kB]
2026-10-10T01:45:03.8677236Z Get:13 http://azure.archive.ubuntu.com/ubuntu noble-updates/universe amd64 Packages [1702 kB]
2026-10-10T01:45:03.8766405Z Get:14 http://azure.archive.ubuntu.com/ubuntu noble-updates/universe Translation-en [342 kB]
2026-10-10T01:45:03.8796922Z Get:15 http://azure.archive.ubuntu.com/ubuntu noble-updates/restricted amd64 Packages [1761 kB]
2026-10-10T01:45:03.8903505Z Get:16 http://azure.archive.ubuntu.com/ubuntu noble-updates/restricted Translation-en [401 kB]
2026-10-10T01:45:03.8912526Z Get:17 http://azure.archive.ubuntu.com/ubuntu noble-updates/multiverse amd64 Packages [55.0 kB]
2026-10-10T01:45:03.8927471Z Get:18 http://azure.archive.ubuntu.com/ubuntu noble-updates/multiverse Translation-en [14.3 kB]
2026-10-10T01:45:03.9801570Z Get:19 http://azure.archive.ubuntu.com/ubuntu noble-security/main amd64 Packages [1121 kB]
2026-10-10T01:45:03.9868026Z Get:20 http://azure.archive.ubuntu.com/ubuntu noble-security/main Translation-en [228 kB]
2026-10-10T01:45:04.0336129Z Get:21 http://azure.archive.ubuntu.com/ubuntu noble-security/universe amd64 Packages [1220 kB]
2026-10-10T01:45:04.0397228Z Get:22 http://azure.archive.ubuntu.com/ubuntu noble-security/universe Translation-en [245 kB]
2026-10-10T01:45:04.0417575Z Get:23 http://azure.archive.ubuntu.com/ubuntu noble-security/restricted amd64 Packages [1669 kB]
2026-10-10T01:45:04.0495727Z Get:24 http://azure.archive.ubuntu.com/ubuntu noble-security/restricted Translation-en [383 kB]
2026-10-10T01:45:04.0520363Z Get:25 http://azure.archive.ubuntu.com/ubuntu noble-security/multiverse amd64 Packages [49.8 kB]
2026-10-10T01:45:04.0532545Z Get:26 http://azure.archive.ubuntu.com/ubuntu noble-security/multiverse Translation-en [12.4 kB]
2026-10-10T01:45:06.9265070Z Fetched 12.3 MB in 1s (9755 kB/s)
2026-10-10T01:45:07.7747789Z Reading package lists...
2026-10-10T01:45:07.7986243Z Reading package lists...
2026-10-10T01:45:07.9783680Z Building dependency tree...
2026-10-10T01:45:07.9803009Z Reading state information...
2026-10-10T01:45:08.1191837Z libasound2t64 is already the newest version (1.2.11-1ubuntu0.3).
2026-10-10T01:45:08.1192801Z libasound2t64 set to manually installed.
2026-10-10T01:45:08.1193493Z libatk-bridge2.0-0t64 is already the newest version (2.52.0-1build1).
2026-10-10T01:45:08.1194687Z libatk-bridge2.0-0t64 set to manually installed.
2026-10-10T01:45:08.1196090Z libatk1.0-0t64 is already the newest version (2.52.0-1build1).
2026-10-10T01:45:08.1196690Z libatk1.0-0t64 set to manually installed.
2026-10-10T01:45:08.1197305Z libatspi2.0-0t64 is already the newest version (2.52.0-1build1).
2026-10-10T01:45:08.1197912Z libatspi2.0-0t64 set to manually installed.
2026-10-10T01:45:08.1198487Z libcairo2 is already the newest version (1.18.0-3build1).
2026-10-10T01:45:08.1199038Z libcairo2 set to manually installed.
2026-10-10T01:45:08.1199689Z libcups2t64 is already the newest version (2.4.7-1.2ubuntu7.14).
2026-10-10T01:45:08.1200279Z libcups2t64 set to manually installed.
2026-10-10T01:45:08.1201009Z libdbus-1-3 is already the newest version (1.14.10-4ubuntu4.1).
2026-10-10T01:45:08.1201517Z libdbus-1-3 set to manually installed.
2026-10-10T01:45:08.1202001Z libdrm2 is already the newest version (2.4.125-1ubuntu0.1~24.04.2).
2026-10-10T01:45:08.1202657Z libdrm2 set to manually installed.
2026-10-10T01:45:08.1203137Z libgbm1 is already the newest version (25.2.8-0ubuntu0.24.04.4).
2026-10-10T01:45:08.1203598Z libgbm1 set to manually installed.
2026-10-10T01:45:08.1204067Z libglib2.0-0t64 is already the newest version (2.80.0-6ubuntu3.9).
2026-10-10T01:45:08.1204547Z libglib2.0-0t64 set to manually installed.
2026-10-10T01:45:08.1205174Z libnspr4 is already the newest version (2:4.35-1.1build1).
2026-10-10T01:45:08.1205863Z libnspr4 set to manually installed.
2026-10-10T01:45:08.1206317Z libnss3 is already the newest version (2:3.98-1ubuntu0.2).
2026-10-10T01:45:08.1206744Z libnss3 set to manually installed.
2026-10-10T01:45:08.1207210Z libpango-1.0-0 is already the newest version (1.52.1+ds-1build1).
2026-10-10T01:45:08.1207693Z libpango-1.0-0 set to manually installed.
2026-10-10T01:45:08.1208181Z libx11-6 is already the newest version (2:1.8.7-1build1).
2026-10-10T01:45:08.1208725Z libx11-6 set to manually installed.
2026-10-10T01:45:08.1209162Z libxcb1 is already the newest version (1.15-1ubuntu2).
2026-10-10T01:45:08.1209578Z libxcb1 set to manually installed.
2026-10-10T01:45:08.1210052Z libxcomposite1 is already the newest version (1:0.4.5-1build3).
2026-10-10T01:45:08.1210539Z libxcomposite1 set to manually installed.
2026-10-10T01:45:08.1211015Z libxdamage1 is already the newest version (1:1.1.6-1build1).
2026-10-10T01:45:08.1211420Z libxdamage1 set to manually installed.
2026-10-10T01:45:08.1211906Z libxext6 is already the newest version (2:1.3.4-1build2).
2026-10-10T01:45:08.1212330Z libxext6 set to manually installed.
2026-10-10T01:45:08.1212729Z libxfixes3 is already the newest version (1:6.0.0-2build1).
2026-10-10T01:45:08.1213114Z libxfixes3 set to manually installed.
2026-10-10T01:45:08.1213520Z libxkbcommon0 is already the newest version (1.6.0-1build1).
2026-10-10T01:45:08.1213920Z libxkbcommon0 set to manually installed.
2026-10-10T01:45:08.1214331Z libxrandr2 is already the newest version (2:1.5.2-2build1).
2026-10-10T01:45:08.1214718Z libxrandr2 set to manually installed.
2026-10-10T01:45:08.1215113Z xvfb is already the newest version (2:21.1.12-1ubuntu1.8).
2026-10-10T01:45:08.1215794Z fonts-noto-color-emoji is already the newest version (2.047-0ubuntu0.24.04.1).
2026-10-10T01:45:08.1216353Z libfontconfig1 is already the newest version (2.15.0-1.1ubuntu2).
2026-10-10T01:45:08.1216778Z libfontconfig1 set to manually installed.
2026-10-10T01:45:08.1217187Z fonts-liberation is already the newest version (1:2.1.5-3).
2026-10-10T01:45:08.1217589Z fonts-liberation set to manually installed.
2026-10-10T01:45:08.1218031Z libcairo-gobject2 is already the newest version (1.18.0-3build1).
2026-10-10T01:45:08.1218460Z libcairo-gobject2 set to manually installed.
2026-10-10T01:45:08.1219095Z libgdk-pixbuf-2.0-0 is already the newest version (2.42.10+dfsg-3ubuntu3.3).
2026-10-10T01:45:08.1219584Z libgdk-pixbuf-2.0-0 set to manually installed.
2026-10-10T01:45:08.1220031Z libgtk-3-0t64 is already the newest version (3.24.41-4ubuntu1.3).
2026-10-10T01:45:08.1220451Z libgtk-3-0t64 set to manually installed.
2026-10-10T01:45:08.1221060Z libpangocairo-1.0-0 is already the newest version (1.52.1+ds-1build1).
2026-10-10T01:45:08.1221555Z libpangocairo-1.0-0 set to manually installed.
2026-10-10T01:45:08.1221992Z libx11-xcb1 is already the newest version (2:1.8.7-1build1).
2026-10-10T01:45:08.1222392Z libx11-xcb1 set to manually installed.
2026-10-10T01:45:08.1222779Z libxcb-shm0 is already the newest version (1.15-1ubuntu2).
2026-10-10T01:45:08.1223160Z libxcb-shm0 set to manually installed.
2026-10-10T01:45:08.1223559Z libxcursor1 is already the newest version (1:1.2.1-1build1).
2026-10-10T01:45:08.1223945Z libxcursor1 set to manually installed.
2026-10-10T01:45:08.1224328Z libxi6 is already the newest version (2:1.8.1-1build1).
2026-10-10T01:45:08.1224897Z libxi6 set to manually installed.
2026-10-10T01:45:08.1225582Z libxrender1 is already the newest version (1:0.9.10-1.1build1).
2026-10-10T01:45:08.1226148Z libxrender1 set to manually installed.
2026-10-10T01:45:08.1226826Z The following additional packages will be installed:
2026-10-10T01:45:08.1227348Z   libavutil58 libcodec2-1.2 libdav1d7 libgsm1 libhwy1t64 libjxl0.7 libmp3lame0
2026-10-10T01:45:08.1227924Z   libopus0 librav1e0 librsvg2-2 libshine3 libsoxr0 libspeex1 libsvtav1enc1d1
2026-10-10T01:45:08.1228463Z   libswresample4 libtheora0 libtwolame0 libva-drm2 libva-x11-2 libva2
2026-10-10T01:45:08.1229005Z   libvdpau1 libvorbisenc2 libvpl2 libvpx9 libx264-164 libx265-199 libxvidcore4
2026-10-10T01:45:08.1229584Z   libzvbi-common libzvbi0t64 ocl-icd-libopencl1 xfonts-encodings xfonts-utils
2026-10-10T01:45:08.1230006Z Suggested packages:
2026-10-10T01:45:08.1230381Z   libcuda1 libnvcuvid1 libnvidia-encode1 opus-tools librsvg2-bin speex
2026-10-10T01:45:08.1230770Z   opencl-icd
2026-10-10T01:45:08.1230993Z Recommended packages:
2026-10-10T01:45:08.1231366Z   fonts-ipafont-mincho fonts-tlwg-loma librsvg2-common va-driver-all
2026-10-10T01:45:08.1231812Z   | va-driver vdpau-driver-all | vdpau-driver
2026-10-10T01:45:08.1500806Z The following NEW packages will be installed:
2026-10-10T01:45:08.1501789Z   fonts-freefont-ttf fonts-ipafont-gothic fonts-tlwg-loma-otf fonts-unifont
2026-10-10T01:45:08.1502552Z   fonts-wqy-zenhei libavcodec60 libavutil58 libcodec2-1.2 libdav1d7 libgsm1
2026-10-10T01:45:08.1504321Z   libhwy1t64 libjxl0.7 libmp3lame0 libopus0 librav1e0 librsvg2-2 libshine3
2026-10-10T01:45:08.1505051Z   libsoxr0 libspeex1 libsvtav1enc1d1 libswresample4 libtheora0 libtwolame0
2026-10-10T01:45:08.1506406Z   libva-drm2 libva-x11-2 libva2 libvdpau1 libvorbisenc2 libvpl2 libvpx9
2026-10-10T01:45:08.1507567Z   libx264-164 libx265-199 libxvidcore4 libzvbi-common libzvbi0t64
2026-10-10T01:45:08.1508697Z   ocl-icd-libopencl1 xfonts-cyrillic xfonts-encodings xfonts-scalable
2026-10-10T01:45:08.1509388Z   xfonts-utils
2026-10-10T01:45:08.1512456Z The following packages will be upgraded:
2026-10-10T01:45:08.1517536Z   libfreetype6
2026-10-10T01:45:08.1693404Z 1 upgraded, 40 newly installed, 0 to remove and 22 not upgraded.
2026-10-10T01:45:08.1694181Z Need to get 49.2 MB of archives.
2026-10-10T01:45:08.1694669Z After this operation, 168 MB of additional disk space will be used.
2026-10-10T01:45:08.1695167Z Get:1 file:/etc/apt/apt-mirrors.txt Mirrorlist [144 B]
2026-10-10T01:45:08.2028871Z Get:2 http://azure.archive.ubuntu.com/ubuntu noble/universe amd64 fonts-ipafont-gothic all 00303-21ubuntu1 [3513 kB]
2026-10-10T01:45:08.2418276Z Get:3 http://azure.archive.ubuntu.com/ubuntu noble/main amd64 fonts-freefont-ttf all 20211204+svn4273-2 [5641 kB]
2026-10-10T01:45:08.2925713Z Get:4 http://azure.archive.ubuntu.com/ubuntu noble/universe amd64 fonts-tlwg-loma-otf all 1:0.7.3-1 [107 kB]
2026-10-10T01:45:08.3074534Z Get:5 http://azure.archive.ubuntu.com/ubuntu noble/universe amd64 fonts-unifont all 1:15.1.01-1build1 [2993 kB]
2026-10-10T01:45:08.3403541Z Get:6 http://azure.archive.ubuntu.com/ubuntu noble/universe amd64 fonts-wqy-zenhei all 0.9.45-8 [7472 kB]
2026-10-10T01:45:08.4019059Z Get:7 http://azure.archive.ubuntu.com/ubuntu noble-updates/universe amd64 libva2 amd64 2.20.0-2ubuntu0.2 [66.4 kB]
2026-10-10T01:45:08.4164468Z Get:8 http://azure.archive.ubuntu.com/ubuntu noble-updates/universe amd64 libva-drm2 amd64 2.20.0-2ubuntu0.2 [7124 B]
2026-10-10T01:45:08.4306417Z Get:9 http://azure.archive.ubuntu.com/ubuntu noble-updates/universe amd64 libva-x11-2 amd64 2.20.0-2ubuntu0.2 [12.0 kB]
2026-10-10T01:45:08.4448614Z Get:10 http://azure.archive.ubuntu.com/ubuntu noble/main amd64 libvdpau1 amd64 1.5-2build1 [27.8 kB]
2026-10-10T01:45:08.4592960Z Get:11 http://azure.archive.ubuntu.com/ubuntu noble/universe amd64 libvpl2 amd64 2023.3.0-1build1 [99.8 kB]
2026-10-10T01:45:08.4740792Z Get:12 http://azure.archive.ubuntu.com/ubuntu noble/universe amd64 ocl-icd-libopencl1 amd64 2.3.2-1build1 [38.5 kB]
2026-10-10T01:45:08.4886813Z Get:13 http://azure.archive.ubuntu.com/ubuntu noble/universe amd64 libavutil58 amd64 7:6.1.1-3ubuntu5 [401 kB]
2026-10-10T01:45:08.5050930Z Get:14 http://azure.archive.ubuntu.com/ubuntu noble/universe amd64 libcodec2-1.2 amd64 1.2.0-2build1 [8998 kB]
2026-10-10T01:45:08.5679895Z Get:15 http://azure.archive.ubuntu.com/ubuntu noble/universe amd64 libdav1d7 amd64 1.4.1-1build1 [604 kB]
2026-10-10T01:45:08.5855813Z Get:16 http://azure.archive.ubuntu.com/ubuntu noble/universe amd64 libgsm1 amd64 1.0.22-1build1 [27.8 kB]
2026-10-10T01:45:08.6013597Z Get:17 http://azure.archive.ubuntu.com/ubuntu noble/universe amd64 libhwy1t64 amd64 1.0.7-8.1build1 [584 kB]
2026-10-10T01:45:08.6188197Z Get:18 http://azure.archive.ubuntu.com/ubuntu noble-updates/universe amd64 libjxl0.7 amd64 0.7.0-10.2ubuntu6.1 [1001 kB]
2026-10-10T01:45:08.6385008Z Get:19 http://azure.archive.ubuntu.com/ubuntu noble/main amd64 libmp3lame0 amd64 3.100-6build1 [142 kB]
2026-10-10T01:45:08.7009682Z Get:20 http://azure.archive.ubuntu.com/ubuntu noble/main amd64 libopus0 amd64 1.4-1build1 [208 kB]
2026-10-10T01:45:08.7164117Z Get:21 http://azure.archive.ubuntu.com/ubuntu noble/universe amd64 librav1e0 amd64 0.7.1-2 [1022 kB]
2026-10-10T01:45:08.7362175Z Get:22 http://azure.archive.ubuntu.com/ubuntu noble-updates/main amd64 librsvg2-2 amd64 2.58.0+dfsg-1ubuntu0.1 [2141 kB]
2026-10-10T01:45:08.7617866Z Get:23 http://azure.archive.ubuntu.com/ubuntu noble/universe amd64 libshine3 amd64 3.1.1-2build1 [23.2 kB]
2026-10-10T01:45:08.7761257Z Get:24 http://azure.archive.ubuntu.com/ubuntu noble-updates/main amd64 libspeex1 amd64 1.2.1-2ubuntu2.24.04.1 [59.6 kB]
2026-10-10T01:45:08.7906337Z Get:25 http://azure.archive.ubuntu.com/ubuntu noble/universe amd64 libsvtav1enc1d1 amd64 1.7.0+dfsg-2build1 [2425 kB]
2026-10-10T01:45:08.8181571Z Get:26 http://azure.archive.ubuntu.com/ubuntu noble/universe amd64 libsoxr0 amd64 0.1.3-4build3 [80.0 kB]
2026-10-10T01:45:08.8328301Z Get:27 http://azure.archive.ubuntu.com/ubuntu noble/universe amd64 libswresample4 amd64 7:6.1.1-3ubuntu5 [63.8 kB]
2026-10-10T01:45:08.8482244Z Get:28 http://azure.archive.ubuntu.com/ubuntu noble/main amd64 libtheora0 amd64 1.1.1+dfsg.1-16.1build3 [211 kB]
2026-10-10T01:45:08.8635909Z Get:29 http://azure.archive.ubuntu.com/ubuntu noble/main amd64 libtwolame0 amd64 0.4.0-2build3 [52.3 kB]
2026-10-10T01:45:08.8780551Z Get:30 http://azure.archive.ubuntu.com/ubuntu noble/main amd64 libvorbisenc2 amd64 1.3.7-1build3 [80.8 kB]
2026-10-10T01:45:08.8927114Z Get:31 http://azure.archive.ubuntu.com/ubuntu noble-updates/main amd64 libvpx9 amd64 1.14.0-1ubuntu2.3 [1143 kB]
2026-10-10T01:45:08.9145686Z Get:32 http://azure.archive.ubuntu.com/ubuntu noble/universe amd64 libx264-164 amd64 2:0.164.3108+git31e19f9-1 [604 kB]
2026-10-10T01:45:08.9362989Z Get:33 http://azure.archive.ubuntu.com/ubuntu noble/universe amd64 libx265-199 amd64 3.5-2build1 [1226 kB]
2026-10-10T01:45:08.9582101Z Get:34 http://azure.archive.ubuntu.com/ubuntu noble/universe amd64 libxvidcore4 amd64 2:1.3.7-1build1 [219 kB]
2026-10-10T01:45:08.9878394Z Get:35 http://azure.archive.ubuntu.com/ubuntu noble/universe amd64 libzvbi-common all 0.2.42-2 [42.4 kB]
2026-10-10T01:45:09.0234266Z Get:36 http://azure.archive.ubuntu.com/ubuntu noble/universe amd64 libzvbi0t64 amd64 0.2.42-2 [261 kB]
2026-10-10T01:45:09.0408181Z Get:37 http://azure.archive.ubuntu.com/ubuntu noble/universe amd64 libavcodec60 amd64 7:6.1.1-3ubuntu5 [5851 kB]
2026-10-10T01:45:09.0892236Z Get:38 http://azure.archive.ubuntu.com/ubuntu noble-updates/main amd64 libfreetype6 amd64 2.13.2+dfsg-1ubuntu0.2 [403 kB]
2026-10-10T01:45:09.1518189Z Get:39 http://azure.archive.ubuntu.com/ubuntu noble/main amd64 xfonts-encodings all 1:1.0.5-0ubuntu2 [578 kB]
2026-10-10T01:45:09.1693903Z Get:40 http://azure.archive.ubuntu.com/ubuntu noble/main amd64 xfonts-utils amd64 1:7.7+6build3 [94.4 kB]
2026-10-10T01:45:09.1851173Z Get:41 http://azure.archive.ubuntu.com/ubuntu noble/universe amd64 xfonts-cyrillic all 1:1.0.5+nmu1 [384 kB]
2026-10-10T01:45:09.2012302Z Get:42 http://azure.archive.ubuntu.com/ubuntu noble/main amd64 xfonts-scalable all 1:1.0.3-1.3 [304 kB]
2026-10-10T01:45:09.4837747Z Fetched 49.2 MB in 1s (47.1 MB/s)
2026-10-10T01:45:09.5077592Z Selecting previously unselected package fonts-ipafont-gothic.
2026-10-10T01:45:09.5429065Z (Reading database ... 
2026-10-10T01:45:09.5429742Z (Reading database ... 5%
2026-10-10T01:45:09.5430223Z (Reading database ... 10%
2026-10-10T01:45:09.5430723Z (Reading database ... 15%
2026-10-10T01:45:09.5431044Z (Reading database ... 20%
2026-10-10T01:45:09.5431321Z (Reading database ... 25%
2026-10-10T01:45:09.5431596Z (Reading database ... 30%
2026-10-10T01:45:09.5431947Z (Reading database ... 35%
2026-10-10T01:45:09.5432409Z (Reading database ... 40%
2026-10-10T01:45:09.5432863Z (Reading database ... 45%
2026-10-10T01:45:09.5433253Z (Reading database ... 50%
2026-10-10T01:45:09.5489369Z (Reading database ... 55%
2026-10-10T01:45:09.6475869Z (Reading database ... 60%
2026-10-10T01:45:09.8500379Z (Reading database ... 65%
2026-10-10T01:45:10.0578101Z (Reading database ... 70%
2026-10-10T01:45:10.2383204Z (Reading database ... 75%
2026-10-10T01:45:10.3611866Z (Reading database ... 80%
2026-10-10T01:45:10.4799004Z (Reading database ... 85%
2026-10-10T01:45:10.6126124Z (Reading database ... 90%
2026-10-10T01:45:10.7412703Z (Reading database ... 95%
2026-10-10T01:45:10.7413219Z (Reading database ... 100%
2026-10-10T01:45:10.7413892Z (Reading database ... 203191 files and directories currently installed.)
2026-10-10T01:45:10.7458559Z Preparing to unpack .../00-fonts-ipafont-gothic_00303-21ubuntu1_all.deb ...
2026-10-10T01:45:10.7548877Z Unpacking fonts-ipafont-gothic (00303-21ubuntu1) ...
2026-10-10T01:45:10.9836481Z Selecting previously unselected package fonts-freefont-ttf.
2026-10-10T01:45:10.9962328Z Preparing to unpack .../01-fonts-freefont-ttf_20211204+svn4273-2_all.deb ...
2026-10-10T01:45:10.9970366Z Unpacking fonts-freefont-ttf (20211204+svn4273-2) ...
2026-10-10T01:45:11.0743265Z Selecting previously unselected package fonts-tlwg-loma-otf.
2026-10-10T01:45:11.0870612Z Preparing to unpack .../02-fonts-tlwg-loma-otf_1%3a0.7.3-1_all.deb ...
2026-10-10T01:45:11.0877237Z Unpacking fonts-tlwg-loma-otf (1:0.7.3-1) ...
2026-10-10T01:45:11.1071791Z Selecting previously unselected package fonts-unifont.
2026-10-10T01:45:11.1196107Z Preparing to unpack .../03-fonts-unifont_1%3a15.1.01-1build1_all.deb ...
2026-10-10T01:45:11.1207694Z Unpacking fonts-unifont (1:15.1.01-1build1) ...
2026-10-10T01:45:11.2253793Z Selecting previously unselected package fonts-wqy-zenhei.
2026-10-10T01:45:11.2383724Z Preparing to unpack .../04-fonts-wqy-zenhei_0.9.45-8_all.deb ...
2026-10-10T01:45:11.2484552Z Unpacking fonts-wqy-zenhei (0.9.45-8) ...
2026-10-10T01:45:11.7063203Z Selecting previously unselected package libva2:amd64.
2026-10-10T01:45:11.7188970Z Preparing to unpack .../05-libva2_2.20.0-2ubuntu0.2_amd64.deb ...
2026-10-10T01:45:11.7239040Z Unpacking libva2:amd64 (2.20.0-2ubuntu0.2) ...
2026-10-10T01:45:11.7441181Z Selecting previously unselected package libva-drm2:amd64.
2026-10-10T01:45:11.7567611Z Preparing to unpack .../06-libva-drm2_2.20.0-2ubuntu0.2_amd64.deb ...
2026-10-10T01:45:11.7574736Z Unpacking libva-drm2:amd64 (2.20.0-2ubuntu0.2) ...
2026-10-10T01:45:11.7761770Z Selecting previously unselected package libva-x11-2:amd64.
2026-10-10T01:45:11.7887672Z Preparing to unpack .../07-libva-x11-2_2.20.0-2ubuntu0.2_amd64.deb ...
2026-10-10T01:45:11.7894430Z Unpacking libva-x11-2:amd64 (2.20.0-2ubuntu0.2) ...
2026-10-10T01:45:11.8088762Z Selecting previously unselected package libvdpau1:amd64.
2026-10-10T01:45:11.8211952Z Preparing to unpack .../08-libvdpau1_1.5-2build1_amd64.deb ...
2026-10-10T01:45:11.8219258Z Unpacking libvdpau1:amd64 (1.5-2build1) ...
2026-10-10T01:45:11.8417917Z Selecting previously unselected package libvpl2.
2026-10-10T01:45:11.8541814Z Preparing to unpack .../09-libvpl2_2023.3.0-1build1_amd64.deb ...
2026-10-10T01:45:11.8549533Z Unpacking libvpl2 (2023.3.0-1build1) ...
2026-10-10T01:45:11.8758093Z Selecting previously unselected package ocl-icd-libopencl1:amd64.
2026-10-10T01:45:11.8882176Z Preparing to unpack .../10-ocl-icd-libopencl1_2.3.2-1build1_amd64.deb ...
2026-10-10T01:45:11.8888902Z Unpacking ocl-icd-libopencl1:amd64 (2.3.2-1build1) ...
2026-10-10T01:45:11.9126152Z Selecting previously unselected package libavutil58:amd64.
2026-10-10T01:45:11.9263220Z Preparing to unpack .../11-libavutil58_7%3a6.1.1-3ubuntu5_amd64.deb ...
2026-10-10T01:45:11.9271458Z Unpacking libavutil58:amd64 (7:6.1.1-3ubuntu5) ...
2026-10-10T01:45:11.9530057Z Selecting previously unselected package libcodec2-1.2:amd64.
2026-10-10T01:45:11.9654540Z Preparing to unpack .../12-libcodec2-1.2_1.2.0-2build1_amd64.deb ...
2026-10-10T01:45:11.9662117Z Unpacking libcodec2-1.2:amd64 (1.2.0-2build1) ...
2026-10-10T01:45:12.0368414Z Selecting previously unselected package libdav1d7:amd64.
2026-10-10T01:45:12.0492658Z Preparing to unpack .../13-libdav1d7_1.4.1-1build1_amd64.deb ...
2026-10-10T01:45:12.0500537Z Unpacking libdav1d7:amd64 (1.4.1-1build1) ...
2026-10-10T01:45:12.0768458Z Selecting previously unselected package libgsm1:amd64.
2026-10-10T01:45:12.0892393Z Preparing to unpack .../14-libgsm1_1.0.22-1build1_amd64.deb ...
2026-10-10T01:45:12.0899854Z Unpacking libgsm1:amd64 (1.0.22-1build1) ...
2026-10-10T01:45:12.1099459Z Selecting previously unselected package libhwy1t64:amd64.
2026-10-10T01:45:12.1222854Z Preparing to unpack .../15-libhwy1t64_1.0.7-8.1build1_amd64.deb ...
2026-10-10T01:45:12.1230240Z Unpacking libhwy1t64:amd64 (1.0.7-8.1build1) ...
2026-10-10T01:45:12.1529488Z Selecting previously unselected package libjxl0.7:amd64.
2026-10-10T01:45:12.1652488Z Preparing to unpack .../16-libjxl0.7_0.7.0-10.2ubuntu6.1_amd64.deb ...
2026-10-10T01:45:12.1659624Z Unpacking libjxl0.7:amd64 (0.7.0-10.2ubuntu6.1) ...
2026-10-10T01:45:12.1975740Z Selecting previously unselected package libmp3lame0:amd64.
2026-10-10T01:45:12.2100954Z Preparing to unpack .../17-libmp3lame0_3.100-6build1_amd64.deb ...
2026-10-10T01:45:12.2108375Z Unpacking libmp3lame0:amd64 (3.100-6build1) ...
2026-10-10T01:45:12.2318772Z Selecting previously unselected package libopus0:amd64.
2026-10-10T01:45:12.2444167Z Preparing to unpack .../18-libopus0_1.4-1build1_amd64.deb ...
2026-10-10T01:45:12.2451311Z Unpacking libopus0:amd64 (1.4-1build1) ...
2026-10-10T01:45:12.2665070Z Selecting previously unselected package librav1e0:amd64.
2026-10-10T01:45:12.2789150Z Preparing to unpack .../19-librav1e0_0.7.1-2_amd64.deb ...
2026-10-10T01:45:12.2796131Z Unpacking librav1e0:amd64 (0.7.1-2) ...
2026-10-10T01:45:12.3104295Z Selecting previously unselected package librsvg2-2:amd64.
2026-10-10T01:45:12.3230550Z Preparing to unpack .../20-librsvg2-2_2.58.0+dfsg-1ubuntu0.1_amd64.deb ...
2026-10-10T01:45:12.3237952Z Unpacking librsvg2-2:amd64 (2.58.0+dfsg-1ubuntu0.1) ...
2026-10-10T01:45:12.3681605Z Selecting previously unselected package libshine3:amd64.
2026-10-10T01:45:12.3805571Z Preparing to unpack .../21-libshine3_3.1.1-2build1_amd64.deb ...
2026-10-10T01:45:12.3812000Z Unpacking libshine3:amd64 (3.1.1-2build1) ...
2026-10-10T01:45:12.4017698Z Selecting previously unselected package libspeex1:amd64.
2026-10-10T01:45:12.4141452Z Preparing to unpack .../22-libspeex1_1.2.1-2ubuntu2.24.04.1_amd64.deb ...
2026-10-10T01:45:12.4148984Z Unpacking libspeex1:amd64 (1.2.1-2ubuntu2.24.04.1) ...
2026-10-10T01:45:12.4354121Z Selecting previously unselected package libsvtav1enc1d1:amd64.
2026-10-10T01:45:12.4480976Z Preparing to unpack .../23-libsvtav1enc1d1_1.7.0+dfsg-2build1_amd64.deb ...
2026-10-10T01:45:12.4487948Z Unpacking libsvtav1enc1d1:amd64 (1.7.0+dfsg-2build1) ...
2026-10-10T01:45:12.4950105Z Selecting previously unselected package libsoxr0:amd64.
2026-10-10T01:45:12.5075091Z Preparing to unpack .../24-libsoxr0_0.1.3-4build3_amd64.deb ...
2026-10-10T01:45:12.5082290Z Unpacking libsoxr0:amd64 (0.1.3-4build3) ...
2026-10-10T01:45:12.5279330Z Selecting previously unselected package libswresample4:amd64.
2026-10-10T01:45:12.5402830Z Preparing to unpack .../25-libswresample4_7%3a6.1.1-3ubuntu5_amd64.deb ...
2026-10-10T01:45:12.5412451Z Unpacking libswresample4:amd64 (7:6.1.1-3ubuntu5) ...
2026-10-10T01:45:12.6395256Z Selecting previously unselected package libtheora0:amd64.
2026-10-10T01:45:12.6522848Z Preparing to unpack .../26-libtheora0_1.1.1+dfsg.1-16.1build3_amd64.deb ...
2026-10-10T01:45:12.6531233Z Unpacking libtheora0:amd64 (1.1.1+dfsg.1-16.1build3) ...
2026-10-10T01:45:12.6763003Z Selecting previously unselected package libtwolame0:amd64.
2026-10-10T01:45:12.6888371Z Preparing to unpack .../27-libtwolame0_0.4.0-2build3_amd64.deb ...
2026-10-10T01:45:12.6895150Z Unpacking libtwolame0:amd64 (0.4.0-2build3) ...
2026-10-10T01:45:12.7096353Z Selecting previously unselected package libvorbisenc2:amd64.
2026-10-10T01:45:12.7220651Z Preparing to unpack .../28-libvorbisenc2_1.3.7-1build3_amd64.deb ...
2026-10-10T01:45:12.7229098Z Unpacking libvorbisenc2:amd64 (1.3.7-1build3) ...
2026-10-10T01:45:12.7468731Z Selecting previously unselected package libvpx9:amd64.
2026-10-10T01:45:12.7594329Z Preparing to unpack .../29-libvpx9_1.14.0-1ubuntu2.3_amd64.deb ...
2026-10-10T01:45:12.7601493Z Unpacking libvpx9:amd64 (1.14.0-1ubuntu2.3) ...
2026-10-10T01:45:12.7921297Z Selecting previously unselected package libx264-164:amd64.
2026-10-10T01:45:12.8047092Z Preparing to unpack .../30-libx264-164_2%3a0.164.3108+git31e19f9-1_amd64.deb ...
2026-10-10T01:45:12.8054174Z Unpacking libx264-164:amd64 (2:0.164.3108+git31e19f9-1) ...
2026-10-10T01:45:12.8313980Z Selecting previously unselected package libx265-199:amd64.
2026-10-10T01:45:12.8441307Z Preparing to unpack .../31-libx265-199_3.5-2build1_amd64.deb ...
2026-10-10T01:45:12.8497003Z Unpacking libx265-199:amd64 (3.5-2build1) ...
2026-10-10T01:45:12.9118339Z Selecting previously unselected package libxvidcore4:amd64.
2026-10-10T01:45:12.9244317Z Preparing to unpack .../32-libxvidcore4_2%3a1.3.7-1build1_amd64.deb ...
2026-10-10T01:45:12.9252270Z Unpacking libxvidcore4:amd64 (2:1.3.7-1build1) ...
2026-10-10T01:45:12.9458524Z Selecting previously unselected package libzvbi-common.
2026-10-10T01:45:12.9584043Z Preparing to unpack .../33-libzvbi-common_0.2.42-2_all.deb ...
2026-10-10T01:45:12.9590962Z Unpacking libzvbi-common (0.2.42-2) ...
2026-10-10T01:45:12.9882165Z Selecting previously unselected package libzvbi0t64:amd64.
2026-10-10T01:45:13.0006603Z Preparing to unpack .../34-libzvbi0t64_0.2.42-2_amd64.deb ...
2026-10-10T01:45:13.0013521Z Unpacking libzvbi0t64:amd64 (0.2.42-2) ...
2026-10-10T01:45:13.0241643Z Selecting previously unselected package libavcodec60:amd64.
2026-10-10T01:45:13.0365198Z Preparing to unpack .../35-libavcodec60_7%3a6.1.1-3ubuntu5_amd64.deb ...
2026-10-10T01:45:13.0372540Z Unpacking libavcodec60:amd64 (7:6.1.1-3ubuntu5) ...
2026-10-10T01:45:13.1282525Z Preparing to unpack .../36-libfreetype6_2.13.2+dfsg-1ubuntu0.2_amd64.deb ...
2026-10-10T01:45:13.1303184Z Unpacking libfreetype6:amd64 (2.13.2+dfsg-1ubuntu0.2) over (2.13.2+dfsg-1ubuntu0.1) ...
2026-10-10T01:45:13.1545206Z Selecting previously unselected package xfonts-encodings.
2026-10-10T01:45:13.1672802Z Preparing to unpack .../37-xfonts-encodings_1%3a1.0.5-0ubuntu2_all.deb ...
2026-10-10T01:45:13.1680348Z Unpacking xfonts-encodings (1:1.0.5-0ubuntu2) ...
2026-10-10T01:45:13.1955068Z Selecting previously unselected package xfonts-utils.
2026-10-10T01:45:13.2080301Z Preparing to unpack .../38-xfonts-utils_1%3a7.7+6build3_amd64.deb ...
2026-10-10T01:45:13.2087959Z Unpacking xfonts-utils (1:7.7+6build3) ...
2026-10-10T01:45:13.2449196Z Selecting previously unselected package xfonts-cyrillic.
2026-10-10T01:45:13.2573292Z Preparing to unpack .../39-xfonts-cyrillic_1%3a1.0.5+nmu1_all.deb ...
2026-10-10T01:45:13.2581486Z Unpacking xfonts-cyrillic (1:1.0.5+nmu1) ...
2026-10-10T01:45:13.2916257Z Selecting previously unselected package xfonts-scalable.
2026-10-10T01:45:13.3041656Z Preparing to unpack .../40-xfonts-scalable_1%3a1.0.3-1.3_all.deb ...
2026-10-10T01:45:13.3048726Z Unpacking xfonts-scalable (1:1.0.3-1.3) ...
2026-10-10T01:45:13.3536828Z Setting up libhwy1t64:amd64 (1.0.7-8.1build1) ...
2026-10-10T01:45:13.3557862Z Setting up libspeex1:amd64 (1.2.1-2ubuntu2.24.04.1) ...
2026-10-10T01:45:13.3577157Z Setting up libshine3:amd64 (3.1.1-2build1) ...
2026-10-10T01:45:13.3594625Z Setting up libvpl2 (2023.3.0-1build1) ...
2026-10-10T01:45:13.3614195Z Setting up libx264-164:amd64 (2:0.164.3108+git31e19f9-1) ...
2026-10-10T01:45:13.3632199Z Setting up libtwolame0:amd64 (0.4.0-2build3) ...
2026-10-10T01:45:13.3649507Z Setting up libgsm1:amd64 (1.0.22-1build1) ...
2026-10-10T01:45:13.3671970Z Setting up libsoxr0:amd64 (0.1.3-4build3) ...
2026-10-10T01:45:13.3691421Z Setting up libcodec2-1.2:amd64 (1.2.0-2build1) ...
2026-10-10T01:45:13.3710026Z Setting up fonts-wqy-zenhei (0.9.45-8) ...
2026-10-10T01:45:13.3822181Z Setting up fonts-freefont-ttf (20211204+svn4273-2) ...
2026-10-10T01:45:13.3840830Z Setting up libsvtav1enc1d1:amd64 (1.7.0+dfsg-2build1) ...
2026-10-10T01:45:13.3858095Z Setting up libxvidcore4:amd64 (2:1.3.7-1build1) ...
2026-10-10T01:45:13.4140566Z Setting up librav1e0:amd64 (0.7.1-2) ...
2026-10-10T01:45:13.4456312Z Setting up librsvg2-2:amd64 (2.58.0+dfsg-1ubuntu0.1) ...
2026-10-10T01:45:13.4474437Z Setting up fonts-tlwg-loma-otf (1:0.7.3-1) ...
2026-10-10T01:45:13.4492970Z Setting up libva2:amd64 (2.20.0-2ubuntu0.2) ...
2026-10-10T01:45:13.4510996Z Setting up libfreetype6:amd64 (2.13.2+dfsg-1ubuntu0.2) ...
2026-10-10T01:45:13.4529205Z Setting up xfonts-encodings (1:1.0.5-0ubuntu2) ...
2026-10-10T01:45:13.4547537Z Setting up libopus0:amd64 (1.4-1build1) ...
2026-10-10T01:45:13.4567200Z Setting up libjxl0.7:amd64 (0.7.0-10.2ubuntu6.1) ...
2026-10-10T01:45:13.4586363Z Setting up libx265-199:amd64 (3.5-2build1) ...
2026-10-10T01:45:13.4608131Z Setting up libvpx9:amd64 (1.14.0-1ubuntu2.3) ...
2026-10-10T01:45:13.4626999Z Setting up libdav1d7:amd64 (1.4.1-1build1) ...
2026-10-10T01:45:13.4644577Z Setting up libva-drm2:amd64 (2.20.0-2ubuntu0.2) ...
2026-10-10T01:45:13.4663605Z Setting up fonts-ipafont-gothic (00303-21ubuntu1) ...
2026-10-10T01:45:13.4730027Z update-alternatives: using /usr/share/fonts/opentype/ipafont-gothic/ipag.ttf to provide /usr/share/fonts/truetype/fonts-japanese-gothic.ttf (fonts-japanese-gothic.ttf) in auto mode
2026-10-10T01:45:13.4744164Z Setting up ocl-icd-libopencl1:amd64 (2.3.2-1build1) ...
2026-10-10T01:45:13.4764796Z Setting up libvdpau1:amd64 (1.5-2build1) ...
2026-10-10T01:45:13.4789813Z Setting up libtheora0:amd64 (1.1.1+dfsg.1-16.1build3) ...
2026-10-10T01:45:13.4809189Z Setting up libva-x11-2:amd64 (2.20.0-2ubuntu0.2) ...
2026-10-10T01:45:13.4828222Z Setting up libzvbi-common (0.2.42-2) ...
2026-10-10T01:45:13.4846243Z Setting up libmp3lame0:amd64 (3.100-6build1) ...
2026-10-10T01:45:13.4864403Z Setting up libvorbisenc2:amd64 (1.3.7-1build3) ...
2026-10-10T01:45:13.4883890Z Setting up fonts-unifont (1:15.1.01-1build1) ...
2026-10-10T01:45:13.4903777Z Setting up libzvbi0t64:amd64 (0.2.42-2) ...
2026-10-10T01:45:13.4926274Z Setting up libavutil58:amd64 (7:6.1.1-3ubuntu5) ...
2026-10-10T01:45:13.4944970Z Setting up xfonts-utils (1:7.7+6build3) ...
2026-10-10T01:45:13.4983616Z Setting up libswresample4:amd64 (7:6.1.1-3ubuntu5) ...
2026-10-10T01:45:13.5001530Z Setting up libavcodec60:amd64 (7:6.1.1-3ubuntu5) ...
2026-10-10T01:45:13.5020177Z Setting up xfonts-cyrillic (1:1.0.5+nmu1) ...
2026-10-10T01:45:13.5301544Z Setting up xfonts-scalable (1:1.0.3-1.3) ...
2026-10-10T01:45:13.5568311Z Processing triggers for libc-bin (2.39-0ubuntu8.9) ...
2026-10-10T01:45:13.5924357Z Processing triggers for man-db (2.12.0-4build2) ...
2026-10-10T01:45:13.5945980Z Not building database; man-db/auto-update is not 'true'.
2026-10-10T01:45:13.5956780Z Processing triggers for fontconfig (2.15.0-1.1ubuntu2) ...
2026-10-10T01:45:14.3370684Z 
2026-10-10T01:45:14.3371409Z Running kernel seems to be up-to-date.
2026-10-10T01:45:14.3371832Z 
2026-10-10T01:45:14.3372042Z Restarting services...
2026-10-10T01:45:14.3446856Z  systemctl restart php8.3-fpm.service
2026-10-10T01:45:14.4475361Z 
2026-10-10T01:45:14.4477472Z No containers need to be restarted.
2026-10-10T01:45:14.4477736Z 
2026-10-10T01:45:14.4478245Z No user sessions are running outdated binaries.
2026-10-10T01:45:14.4478718Z 
2026-10-10T01:45:14.4479304Z No VM guests are running outdated hypervisor (qemu) binaries on this host.
2026-10-10T01:45:15.2812202Z Downloading Chrome for Testing 153.0.8010.12 (playwright chromium v1243) from https://cdn.playwright.dev/builds/cft/153.0.8010.12/linux64/chrome-linux64.zip
2026-10-10T01:45:15.7215173Z |                                                                                |   0% of 186.8 MiB
2026-10-10T01:45:16.2668617Z |■■■■■■■■                                                                        |  10% of 186.8 MiB
2026-10-10T01:45:17.0814139Z |■■■■■■■■■■■■■■■■                                                                |  20% of 186.8 MiB
2026-10-10T01:45:17.6850928Z |■■■■■■■■■■■■■■■■■■■■■■■■                                                        |  30% of 186.8 MiB
2026-10-10T01:45:18.3949665Z |■■■■■■■■■■■■■■■■■■■■■■■■■■■■■■■■                                                |  40% of 186.8 MiB
2026-10-10T01:45:18.9934386Z |■■■■■■■■■■■■■■■■■■■■■■■■■■■■■■■■■■■■■■■■                                        |  50% of 186.8 MiB
2026-10-10T01:45:19.7114305Z |■■■■■■■■■■■■■■■■■■■■■■■■■■■■■■■■■■■■■■■■■■■■■■■■                                |  60% of 186.8 MiB
2026-10-10T01:45:20.0362603Z |■■■■■■■■■■■■■■■■■■■■■■■■■■■■■■■■■■■■■■■■■■■■■■■■■■■■■■■■                        |  70% of 186.8 MiB
2026-10-10T01:45:20.8105885Z |■■■■■■■■■■■■■■■■■■■■■■■■■■■■■■■■■■■■■■■■■■■■■■■■■■■■■■■■■■■■■■■■                |  80% of 186.8 MiB
2026-10-10T01:45:21.1274125Z |■■■■■■■■■■■■■■■■■■■■■■■■■■■■■■■■■■■■■■■■■■■■■■■■■■■■■■■■■■■■■■■■■■■■■■■■        |  90% of 186.8 MiB
2026-10-10T01:45:21.5890332Z |■■■■■■■■■■■■■■■■■■■■■■■■■■■■■■■■■■■■■■■■■■■■■■■■■■■■■■■■■■■■■■■■■■■■■■■■■■■■■■■■| 100% of 186.8 MiB
2026-10-10T01:45:24.7983404Z Chrome for Testing 153.0.8010.12 (playwright chromium v1243) downloaded to /home/runner/.cache/ms-playwright/chromium-1243
2026-10-10T01:45:24.7988611Z Downloading FFmpeg (playwright ffmpeg v1011) from https://cdn.playwright.dev/dbazure/download/playwright/builds/ffmpeg/1011/ffmpeg-linux.zip
2026-10-10T01:45:25.1498587Z |                                                                                |   0% of 2.3 MiB
2026-10-10T01:45:25.1562676Z |■■■■■■■■                                                                        |  10% of 2.3 MiB
2026-10-10T01:45:25.1600777Z |■■■■■■■■■■■■■■■■                                                                |  20% of 2.3 MiB
2026-10-10T01:45:25.1623169Z |■■■■■■■■■■■■■■■■■■■■■■■■                                                        |  30% of 2.3 MiB
2026-10-10T01:45:25.1643357Z |■■■■■■■■■■■■■■■■■■■■■■■■■■■■■■■■                                                |  40% of 2.3 MiB
2026-10-10T01:45:25.1660162Z |■■■■■■■■■■■■■■■■■■■■■■■■■■■■■■■■■■■■■■■■                                        |  50% of 2.3 MiB
2026-10-10T01:45:25.1681317Z |■■■■■■■■■■■■■■■■■■■■■■■■■■■■■■■■■■■■■■■■■■■■■■■■                                |  60% of 2.3 MiB
2026-10-10T01:45:25.1733593Z |■■■■■■■■■■■■■■■■■■■■■■■■■■■■■■■■■■■■■■■■■■■■■■■■■■■■■■■■                        |  70% of 2.3 MiB
2026-10-10T01:45:25.1744918Z |■■■■■■■■■■■■■■■■■■■■■■■■■■■■■■■■■■■■■■■■■■■■■■■■■■■■■■■■■■■■■■■■                |  80% of 2.3 MiB
2026-10-10T01:45:25.1767454Z |■■■■■■■■■■■■■■■■■■■■■■■■■■■■■■■■■■■■■■■■■■■■■■■■■■■■■■■■■■■■■■■■■■■■■■■■        |  90% of 2.3 MiB
2026-10-10T01:45:25.1779375Z |■■■■■■■■■■■■■■■■■■■■■■■■■■■■■■■■■■■■■■■■■■■■■■■■■■■■■■■■■■■■■■■■■■■■■■■■■■■■■■■■| 100% of 2.3 MiB
2026-10-10T01:45:25.2412056Z FFmpeg (playwright ffmpeg v1011) downloaded to /home/runner/.cache/ms-playwright/ffmpeg-1011
2026-10-10T01:45:25.2415996Z Downloading Chrome Headless Shell 153.0.8010.12 (playwright chromium-headless-shell v1243) from https://cdn.playwright.dev/builds/cft/153.0.8010.12/linux64/chrome-headless-shell-linux64.zip
2026-10-10T01:45:25.6552789Z |                                                                                |   0% of 114.3 MiB
2026-10-10T01:45:25.9290434Z |■■■■■■■■                                                                        |  10% of 114.3 MiB
2026-10-10T01:45:25.9992233Z |■■■■■■■■■■■■■■■■                                                                |  20% of 114.3 MiB
2026-10-10T01:45:26.0497698Z |■■■■■■■■■■■■■■■■■■■■■■■■                                                        |  30% of 114.3 MiB
2026-10-10T01:45:26.1038686Z |■■■■■■■■■■■■■■■■■■■■■■■■■■■■■■■■                                                |  40% of 114.3 MiB
2026-10-10T01:45:26.1653344Z |■■■■■■■■■■■■■■■■■■■■■■■■■■■■■■■■■■■■■■■■                                        |  50% of 114.3 MiB
2026-10-10T01:45:26.2160966Z |■■■■■■■■■■■■■■■■■■■■■■■■■■■■■■■■■■■■■■■■■■■■■■■■                                |  60% of 114.3 MiB
2026-10-10T01:45:26.2667993Z |■■■■■■■■■■■■■■■■■■■■■■■■■■■■■■■■■■■■■■■■■■■■■■■■■■■■■■■■                        |  70% of 114.3 MiB
2026-10-10T01:45:26.3276152Z |■■■■■■■■■■■■■■■■■■■■■■■■■■■■■■■■■■■■■■■■■■■■■■■■■■■■■■■■■■■■■■■■                |  80% of 114.3 MiB
2026-10-10T01:45:26.3747010Z |■■■■■■■■■■■■■■■■■■■■■■■■■■■■■■■■■■■■■■■■■■■■■■■■■■■■■■■■■■■■■■■■■■■■■■■■        |  90% of 114.3 MiB
2026-10-10T01:45:26.4300932Z |■■■■■■■■■■■■■■■■■■■■■■■■■■■■■■■■■■■■■■■■■■■■■■■■■■■■■■■■■■■■■■■■■■■■■■■■■■■■■■■■| 100% of 114.3 MiB
2026-10-10T01:45:28.7957375Z Chrome Headless Shell 153.0.8010.12 (playwright chromium-headless-shell v1243) downloaded to /home/runner/.cache/ms-playwright/chromium_headless_shell-1243
2026-10-10T01:45:28.7961275Z Downloading Firefox 155.0 (playwright firefox v1543) from https://cdn.playwright.dev/dbazure/download/playwright/builds/firefox/1543/firefox-ubuntu-24.04.zip
2026-10-10T01:45:29.1372032Z |                                                                                |   0% of 109.5 MiB
2026-10-10T01:45:29.2129883Z |■■■■■■■■                                                                        |  10% of 109.5 MiB
2026-10-10T01:45:29.2808696Z |■■■■■■■■■■■■■■■■                                                                |  20% of 109.5 MiB
2026-10-10T01:45:29.3312645Z |■■■■■■■■■■■■■■■■■■■■■■■■                                                        |  30% of 109.5 MiB
2026-10-10T01:45:29.3863366Z |■■■■■■■■■■■■■■■■■■■■■■■■■■■■■■■■                                                |  40% of 109.5 MiB
2026-10-10T01:45:29.4484317Z |■■■■■■■■■■■■■■■■■■■■■■■■■■■■■■■■■■■■■■■■                                        |  50% of 109.5 MiB
2026-10-10T01:45:29.5164794Z |■■■■■■■■■■■■■■■■■■■■■■■■■■■■■■■■■■■■■■■■■■■■■■■■                                |  60% of 109.5 MiB
2026-10-10T01:45:29.6241963Z |■■■■■■■■■■■■■■■■■■■■■■■■■■■■■■■■■■■■■■■■■■■■■■■■■■■■■■■■                        |  70% of 109.5 MiB
2026-10-10T01:45:29.7079072Z |■■■■■■■■■■■■■■■■■■■■■■■■■■■■■■■■■■■■■■■■■■■■■■■■■■■■■■■■■■■■■■■■                |  80% of 109.5 MiB
2026-10-10T01:45:29.7636242Z |■■■■■■■■■■■■■■■■■■■■■■■■■■■■■■■■■■■■■■■■■■■■■■■■■■■■■■■■■■■■■■■■■■■■■■■■        |  90% of 109.5 MiB
2026-10-10T01:45:29.8253101Z |■■■■■■■■■■■■■■■■■■■■■■■■■■■■■■■■■■■■■■■■■■■■■■■■■■■■■■■■■■■■■■■■■■■■■■■■■■■■■■■■| 100% of 109.5 MiB
2026-10-10T01:45:31.9782635Z Firefox 155.0 (playwright firefox v1543) downloaded to /home/runner/.cache/ms-playwright/firefox-1543
2026-10-10T01:45:32.1319503Z ##[group]Run npm run verify
2026-10-10T01:45:32.1319921Z [36;1mnpm run verify[0m
2026-10-10T01:45:32.1392797Z shell: /usr/bin/bash -e {0}
2026-10-10T01:45:32.1393098Z ##[endgroup]
2026-10-10T01:45:32.2409738Z 
2026-10-10T01:45:32.2410276Z > botsales-frontend@0.1.0 verify
2026-10-10T01:45:32.2412610Z > npm run generate:check && npm run test:source && npm run boundaries && npm run lint && npm run typecheck && npm run test:domain && npm test && npm run build && npm run test:layout && npm run test:visual-tokens && npm run test:ui-composition && npm run test:evidence
2026-10-10T01:45:32.3427162Z 
2026-10-10T01:45:32.3427181Z 
2026-10-10T01:45:32.3427829Z > botsales-frontend@0.1.0 generate:check
2026-10-10T01:45:32.3428523Z > node scripts/generate.mjs --check
2026-10-10T01:45:32.3428984Z 
2026-10-10T01:45:32.5288215Z {"status":"PASS","outputs":15,"schemas":346,"operations":245,"routes":61}
2026-10-10T01:45:32.6568362Z 
2026-10-10T01:45:32.6569363Z > botsales-frontend@0.1.0 test:source
2026-10-10T01:45:32.6570593Z > node scripts/check-source.mjs && node --test tests/source-checker.test.mjs
2026-10-10T01:45:32.6571365Z 
2026-10-10T01:45:33.2691491Z {
2026-10-10T01:45:33.7880311Z   "checkedAt": "2026-10-10T01:45:33.266Z",
2026-10-10T01:45:33.7881713Z   "scope": "Syntax, operation identifiers, route-source mapping, permissions and token adoption. NOT React typecheck, build or browser test.",
2026-10-10T01:45:33.7882858Z   "compiler": "5.9.2",
2026-10-10T01:45:33.7883271Z   "compilerSource": "project dependency",
2026-10-10T01:45:33.7883570Z   "files": 85,
2026-10-10T01:45:33.7883932Z   "operationCalls": 262,
2026-10-10T01:45:33.7884339Z   "routes": 61,
2026-10-10T01:45:33.7884690Z   "issues": [],
2026-10-10T01:45:33.7885077Z   "status": "PASS"
2026-10-10T01:45:33.7885702Z }
2026-10-10T01:45:33.7887121Z ✔ module path classification accepts Windows and POSIX spellings, but excludes app files (1.239824ms)
2026-10-10T01:45:33.7889258Z ✔ the source-checker CLI rejects a prohibited color literal in a module (207.826027ms)
2026-10-10T01:45:33.7924808Z ✔ the source-checker CLI accepts a token-based module and leaves app-level colors outside the rule (210.583642ms)
2026-10-10T01:45:33.8020191Z ℹ tests 3
2026-10-10T01:45:33.8021103Z ℹ suites 0
2026-10-10T01:45:33.8021538Z ℹ pass 3
2026-10-10T01:45:33.8021954Z ℹ fail 0
2026-10-10T01:45:33.8022392Z ℹ cancelled 0
2026-10-10T01:45:33.8022878Z ℹ skipped 0
2026-10-10T01:45:33.8023312Z ℹ todo 0
2026-10-10T01:45:33.8023800Z ℹ duration_ms 485.364642
2026-10-10T01:45:33.9088712Z 
2026-10-10T01:45:33.9089318Z > botsales-frontend@0.1.0 boundaries
2026-10-10T01:45:33.9089791Z > node scripts/check-boundaries.mjs
2026-10-10T01:45:33.9090018Z 
2026-10-10T01:45:36.5966626Z {
2026-10-10T01:45:36.5966972Z   "checkedAt": "2026-10-10T01:45:36.594Z",
2026-10-10T01:45:36.5967643Z   "scope": "AST imports resolve aliases/relative paths, module boundaries and cycles; parser diagnostics are errors",
2026-10-10T01:45:36.5968186Z   "files": 85,
2026-10-10T01:45:36.5968435Z   "imports": 722,
2026-10-10T01:45:36.5969274Z   "negativeFixtures": "Boundary fixtures: PASS 10/10 scenarios (allowed shared/public imports, alias, relative, app deep import, type-only, dynamic, unresolved, cycle, parser error).",
2026-10-10T01:45:36.5970056Z   "status": "PASS",
2026-10-10T01:45:36.5970278Z   "issues": []
2026-10-10T01:45:36.5970472Z }
2026-10-10T01:45:36.7219911Z 
2026-10-10T01:45:36.7220382Z > botsales-frontend@0.1.0 lint
2026-10-10T01:45:36.7220822Z > eslint apps/web/src --max-warnings 0
2026-10-10T01:45:36.7221054Z 
2026-10-10T01:45:40.2451918Z 
2026-10-10T01:45:40.2452554Z > botsales-frontend@0.1.0 typecheck
2026-10-10T01:45:40.2453060Z > tsc -p apps/web/tsconfig.json --noEmit
2026-10-10T01:45:40.2453300Z 
2026-10-10T01:45:47.7176918Z 
2026-10-10T01:45:47.7177430Z > botsales-frontend@0.1.0 test:domain
2026-10-10T01:45:47.7177883Z > node scripts/test-domain.mjs
2026-10-10T01:45:47.7178089Z 
2026-10-10T01:45:55.4757537Z {"status":"PASS","simulatorChecks":86,"networkChecks":31,"networkHandlers":245,"passed":117,"operations":100,"node":"v24.21.0","typescript":"5.9.2"}
2026-10-10T01:45:55.6202085Z 
2026-10-10T01:45:55.6202696Z > botsales-frontend@0.1.0 test
2026-10-10T01:45:55.6203179Z > vitest run --config apps/web/vitest.config.ts
2026-10-10T01:45:55.6203456Z 
2026-10-10T01:45:55.9003630Z 
2026-10-10T01:45:55.9006311Z [1m[30m[46m RUN [49m[39m[22m [36mv5.0.3 [39m[90m/home/runner/work/Bot-AI-Ban-hang-FB/Bot-AI-Ban-hang-FB/BotSalesAI_Frontend[39m
2026-10-10T01:45:55.9007838Z 
2026-10-10T01:45:58.0891773Z  [32m✓[39m apps/web/tests/api-client.test.tsx [2m([22m[2m25 tests[22m[2m)[22m[33m 940[2mms[22m[39m
2026-10-10T01:45:58.0904205Z    [32m✓[39m typed HTTP boundary [2m(25)[22m
2026-10-10T01:45:58.0906006Z      [33m[2m✓[22m[39m waits for command completion after HTTP 202 before resolving useCommand[33m 428[2mms[22m[39m
2026-10-10T01:45:58.0908071Z      [33m[2m✓[22m[39m keeps an accepted command unresolved when command status polling fails[33m 407[2mms[22m[39m
2026-10-10T01:45:59.6267700Z  [32m✓[39m apps/web/tests/purchase-delegation.test.ts [2m([22m[2m7 tests[22m[2m)[22m[32m 150[2mms[22m[39m
2026-10-10T01:46:00.4736254Z [90mstderr[2m | apps/web/tests/shared-ui-render-contract.test.tsx[2m > [22m[2mS10 shared component rendered-slot contract[2m > [22m[2mEditDialog guards custom actions and the Escape close path for dirty and busy states
2026-10-10T01:46:00.4764373Z [22m[39mAn update to ForwardRef(FormControl) inside a test was not wrapped in act(...).
2026-10-10T01:46:00.4766742Z 
2026-10-10T01:46:00.4772307Z When testing, code that causes React state updates should be wrapped into act(...):
2026-10-10T01:46:00.4833439Z 
2026-10-10T01:46:00.4856033Z act(() => {
2026-10-10T01:46:00.4866531Z   /* fire events that update state */
2026-10-10T01:46:00.4892003Z });
2026-10-10T01:46:00.4927680Z /* assert on the output */
2026-10-10T01:46:00.4927999Z 
2026-10-10T01:46:00.4929222Z This ensures that you're testing the behavior the user would see in the browser. Learn more at https://react.dev/link/wrap-tests-with-act
2026-10-10T01:46:00.4930800Z An update to ForwardRef(FormControl) inside a test was not wrapped in act(...).
2026-10-10T01:46:00.4931453Z 
2026-10-10T01:46:00.4932146Z When testing, code that causes React state updates should be wrapped into act(...):
2026-10-10T01:46:00.4933183Z 
2026-10-10T01:46:00.4933455Z act(() => {
2026-10-10T01:46:00.4933940Z   /* fire events that update state */
2026-10-10T01:46:00.4934500Z });
2026-10-10T01:46:00.4934937Z /* assert on the output */
2026-10-10T01:46:00.4935540Z 
2026-10-10T01:46:00.4936642Z This ensures that you're testing the behavior the user would see in the browser. Learn more at https://react.dev/link/wrap-tests-with-act
2026-10-10T01:46:00.4939495Z 
2026-10-10T01:46:00.4942208Z [90mstderr[2m | apps/web/tests/shared-ui-render-contract.test.tsx[2m > [22m[2mS10 shared component rendered-slot contract[2m > [22m[2mEditDialog guards custom actions and the Escape close path for dirty and busy states
2026-10-10T01:46:00.4945792Z [22m[39mA component suspended inside an `act` scope, but the `act` call was not awaited. When testing React components that depend on asynchronous data, you must await the result:
2026-10-10T01:46:00.4947103Z 
2026-10-10T01:46:00.4947432Z await act(() => ...)
2026-10-10T01:46:00.4947801Z 
2026-10-10T01:46:00.5763757Z  [32m✓[39m apps/web/tests/privacy-consent.test.ts [2m([22m[2m6 tests[22m[2m)[22m[32m 134[2mms[22m[39m
2026-10-10T01:46:01.0093832Z [90mstderr[2m | apps/web/tests/shared-ui-render-contract.test.tsx[2m > [22m[2mS10 shared component rendered-slot contract[2m > [22m[2mEditDialog guards custom actions and the backdrop close path for dirty and busy states
2026-10-10T01:46:01.0138039Z [22m[39mAn update to ForwardRef(FormControl) inside a test was not wrapped in act(...).
2026-10-10T01:46:01.0168156Z 
2026-10-10T01:46:01.0196602Z When testing, code that causes React state updates should be wrapped into act(...):
2026-10-10T01:46:01.0255960Z 
2026-10-10T01:46:01.0308721Z act(() => {
2026-10-10T01:46:01.0327953Z   /* fire events that update state */
2026-10-10T01:46:01.0344826Z });
2026-10-10T01:46:01.0375217Z /* assert on the output */
2026-10-10T01:46:01.0415813Z 
2026-10-10T01:46:01.0477377Z This ensures that you're testing the behavior the user would see in the browser. Learn more at https://react.dev/link/wrap-tests-with-act
2026-10-10T01:46:01.0506480Z An update to ForwardRef(FormControl) inside a test was not wrapped in act(...).
2026-10-10T01:46:01.0545768Z 
2026-10-10T01:46:01.0559515Z When testing, code that causes React state updates should be wrapped into act(...):
2026-10-10T01:46:01.0572260Z 
2026-10-10T01:46:01.0597856Z act(() => {
2026-10-10T01:46:01.0666487Z   /* fire events that update state */
2026-10-10T01:46:01.0696328Z });
2026-10-10T01:46:01.0726293Z /* assert on the output */
2026-10-10T01:46:01.0727120Z 
2026-10-10T01:46:01.0757109Z This ensures that you're testing the behavior the user would see in the browser. Learn more at https://react.dev/link/wrap-tests-with-act
2026-10-10T01:46:01.0771695Z 
2026-10-10T01:46:02.0867104Z  [32m✓[39m apps/web/tests/command-lifetime.test.tsx [2m([22m[2m11 tests[22m[2m)[22m[32m 171[2mms[22m[39m
2026-10-10T01:46:03.4990226Z  [32m✓[39m apps/web/tests/media-inbox.test.ts [2m([22m[2m6 tests[22m[2m)[22m[32m 157[2mms[22m[39m
2026-10-10T01:46:03.8853816Z  [32m✓[39m apps/web/tests/shared-ui-render-contract.test.tsx [2m([22m[2m54 tests[22m[2m)[22m[33m 6137[2mms[22m[39m
2026-10-10T01:46:03.8886651Z    [32m✓[39m S10 shared component rendered-slot contract [2m(30)[22m
2026-10-10T01:46:03.8897042Z      [33m[2m✓[22m[39m DraftConflict requires a two-sided choice, excludes hidden data, and applies only to the draft[33m 758[2mms[22m[39m
2026-10-10T01:46:03.8916821Z      [33m[2m✓[22m[39m EditDialog guards custom actions and the footer close path for dirty and busy states[33m 507[2mms[22m[39m
2026-10-10T01:46:03.8947963Z      [33m[2m✓[22m[39m EditDialog guards custom actions and the icon close path for dirty and busy states[33m 487[2mms[22m[39m
2026-10-10T01:46:03.8977070Z      [33m[2m✓[22m[39m EditDialog guards custom actions and the Escape close path for dirty and busy states[33m 554[2mms[22m[39m
2026-10-10T01:46:03.8997455Z      [33m[2m✓[22m[39m EditDialog guards custom actions and the backdrop close path for dirty and busy states[33m 511[2mms[22m[39m
2026-10-10T01:46:03.9026628Z      [33m[2m✓[22m[39m ConfirmDialog validates the reason and keeps a rejected action visible[33m 1390[2mms[22m[39m
2026-10-10T01:46:05.7688835Z  [32m✓[39m apps/web/tests/scope-events.test.tsx [2m([22m[2m18 tests[22m[2m)[22m[32m 94[2mms[22m[39m
2026-10-10T01:46:06.6733224Z  [32m✓[39m apps/web/tests/versioned-draft.test.tsx [2m([22m[2m7 tests[22m[2m)[22m[32m 40[2mms[22m[39m
2026-10-10T01:46:07.1301694Z  [32m✓[39m apps/web/tests/states/fe023-state.test.tsx [2m([22m[2m12 tests[22m[2m)[22m[33m 1744[2mms[22m[39m
2026-10-10T01:46:07.1303672Z    [32m✓[39m FE023 shared state and form behavior [2m(12)[22m
2026-10-10T01:46:07.1305767Z      [33m[2m✓[22m[39m asks before closing a dialog with a dirty field and keeps the field until discard is chosen[33m 1171[2mms[22m[39m
2026-10-10T01:46:07.4024579Z  [32m✓[39m apps/web/tests/fe021-source-map.test.ts [2m([22m[2m3 tests[22m[2m)[22m[32m 14[2mms[22m[39m
2026-10-10T01:46:07.9927346Z  [32m✓[39m apps/web/tests/marketing-report.test.ts [2m([22m[2m11 tests[22m[2m)[22m[32m 63[2mms[22m[39m
2026-10-10T01:46:08.8530820Z  [32m✓[39m apps/web/tests/timezone.test.ts [2m([22m[2m10 tests[22m[2m)[22m[32m 39[2mms[22m[39m
2026-10-10T01:46:09.3699029Z [BABEL] Note: The code generator has deoptimised the styling of /tmp/botsales-vite-cache/2fbc71299afedf720605/direct-vite/4039/deps/react-dom_client.js?v=b271eda9 as it exceeds the max of 500KB.
2026-10-10T01:46:09.3767878Z  [32m✓[39m apps/web/tests/components.test.tsx [2m([22m[2m25 tests[22m[2m)[22m[33m 11623[2mms[22m[39m
2026-10-10T01:46:09.3846853Z    [32m✓[39m Accessible shared presentation [2m(19)[22m
2026-10-10T01:46:09.3848610Z      [33m[2m✓[22m[39m clears search, cursor, and returns focus while preserving other filters[33m 365[2mms[22m[39m
2026-10-10T01:46:09.3850669Z      [33m[2m✓[22m[39m associates form errors with the visible label and returns focus after dialog close[33m 325[2mms[22m[39m
2026-10-10T01:46:09.3852493Z      [33m[2m✓[22m[39m reflows the real mock application from 320px to 1440px and passes browser axe[33m 9591[2mms[22m[39m
2026-10-10T01:46:09.5498129Z  [32m✓[39m apps/web/tests/confirmation.test.tsx [2m([22m[2m4 tests[22m[2m)[22m[33m 716[2mms[22m[39m
2026-10-10T01:46:10.2834990Z  [32m✓[39m apps/web/tests/report-utils.test.ts [2m([22m[2m6 tests[22m[2m)[22m[32m 26[2mms[22m[39m
2026-10-10T01:46:10.3647493Z  [32m✓[39m apps/web/tests/format.test.ts [2m([22m[2m12 tests[22m[2m)[22m[32m 52[2mms[22m[39m
2026-10-10T01:46:11.0390321Z  [32m✓[39m apps/web/tests/domain-labels.test.ts [2m([22m[2m3 tests[22m[2m)[22m[32m 17[2mms[22m[39m
2026-10-10T01:46:11.0752680Z  [32m✓[39m apps/web/tests/composition.test.tsx [2m([22m[2m3 tests[22m[2m)[22m[33m 465[2mms[22m[39m
2026-10-10T01:46:11.1528826Z  [32m✓[39m apps/web/tests/catalog-import-file.test.ts [2m([22m[2m5 tests[22m[2m)[22m[32m 7[2mms[22m[39m
2026-10-10T01:46:11.7703066Z  [32m✓[39m apps/web/tests/push-capabilities.test.ts [2m([22m[2m2 tests[22m[2m)[22m[32m 7[2mms[22m[39m
2026-10-10T01:46:11.9534048Z  [32m✓[39m apps/web/tests/list-return.test.ts [2m([22m[2m3 tests[22m[2m)[22m[32m 6[2mms[22m[39m
2026-10-10T01:46:12.4670017Z  [32m✓[39m apps/web/tests/route-metadata.test.ts [2m([22m[2m2 tests[22m[2m)[22m[32m 43[2mms[22m[39m
2026-10-10T01:46:12.5282544Z  [32m✓[39m apps/web/tests/dashboard-labels.test.ts [2m([22m[2m3 tests[22m[2m)[22m[32m 5[2mms[22m[39m
2026-10-10T01:46:12.5319824Z 
2026-10-10T01:46:12.5326650Z [2m Test Files [22m [1m[32m23 passed[39m[22m[90m (23)[39m
2026-10-10T01:46:12.5327804Z [2m      Tests [22m [1m[32m238 passed[39m[22m[90m (238)[39m
2026-10-10T01:46:12.5336869Z [2m   Start at [22m 01:45:55
2026-10-10T01:46:12.5340245Z [2m   Duration [22m 16.62s[2m (tests 50%, environment 26%, import 17%, setup 4%, transform 3%)[22m
2026-10-10T01:46:12.5341515Z 
2026-10-10T01:46:12.5343819Z [2mEnvironment [22m [33mjsdom was created 23 times[39m[2m · 11.69s total, 26% of tracked time[22m
2026-10-10T01:46:12.5346251Z [2m            [22m [2mcreate it once per worker with [22m[33mpool: 'vmThreads'[39m[2m (keeps per-file isolation) or [22m[33misolate: false[39m[2m (shares it across files)[22m
2026-10-10T01:46:12.5349081Z [2m            [22m [2mlearn more: https://vitest.dev/guide/improving-performance#test-environments[22m
2026-10-10T01:46:12.5349634Z 
2026-10-10T01:46:12.6744455Z 
2026-10-10T01:46:12.6745186Z > botsales-frontend@0.1.0 build
2026-10-10T01:46:12.6746216Z > npm run generate:check && npm run typecheck && npm run build --workspace @botsales/web
2026-10-10T01:46:12.6746637Z 
2026-10-10T01:46:12.7780064Z 
2026-10-10T01:46:12.7780656Z > botsales-frontend@0.1.0 generate:check
2026-10-10T01:46:12.7781278Z > node scripts/generate.mjs --check
2026-10-10T01:46:12.7781520Z 
2026-10-10T01:46:12.9636484Z {"status":"PASS","outputs":15,"schemas":346,"operations":245,"routes":61}
2026-10-10T01:46:13.0737682Z 
2026-10-10T01:46:13.0738311Z > botsales-frontend@0.1.0 typecheck
2026-10-10T01:46:13.0738999Z > tsc -p apps/web/tsconfig.json --noEmit
2026-10-10T01:46:13.0739251Z 
2026-10-10T01:46:20.4167975Z 
2026-10-10T01:46:20.4168610Z > @botsales/web@0.1.0 build
2026-10-10T01:46:20.4169109Z > vite build --mode production
2026-10-10T01:46:20.4169344Z 
2026-10-10T01:46:20.6154207Z [36mvite v7.3.6 [32mbuilding client environment for production...[36m[39m
2026-10-10T01:46:20.6864979Z transforming...
2026-10-10T01:46:26.2292860Z [32m✓[39m 2077 modules transformed.
2026-10-10T01:46:26.7627304Z rendering chunks...
2026-10-10T01:46:27.0111806Z computing gzip size...
2026-10-10T01:46:27.0379475Z [2mdist/[22m[32mindex.html                            [39m[1m[2m  1.23 kB[22m[1m[22m[2m │ gzip:   0.61 kB[22m
2026-10-10T01:46:27.0381378Z [2mdist/[22m[2massets/[22m[35mindex-BQPx7lJM.css             [39m[1m[2m  3.56 kB[22m[1m[22m[2m │ gzip:   1.33 kB[22m
2026-10-10T01:46:27.0383086Z [2mdist/[22m[2massets/[22m[36mdownload-8lJFmiSZ.js           [39m[1m[2m  0.23 kB[22m[1m[22m[2m │ gzip:   0.17 kB[22m
2026-10-10T01:46:27.0384777Z [2mdist/[22m[2massets/[22m[36mfilters-CM07jGKE.js            [39m[1m[2m  0.32 kB[22m[1m[22m[2m │ gzip:   0.25 kB[22m
2026-10-10T01:46:27.0386912Z [2mdist/[22m[2massets/[22m[36mhooks-CM4cNeoX.js              [39m[1m[2m  4.59 kB[22m[1m[22m[2m │ gzip:   2.15 kB[22m
2026-10-10T01:46:27.0388647Z [2mdist/[22m[2massets/[22m[36mdraft-conflict-CEqgJk9K.js     [39m[1m[2m  5.37 kB[22m[1m[22m[2m │ gzip:   2.49 kB[22m
2026-10-10T01:46:27.0390376Z [2mdist/[22m[2massets/[22m[36mindex-CXDnFFr1.js              [39m[1m[2m  8.25 kB[22m[1m[22m[2m │ gzip:   3.27 kB[22m
2026-10-10T01:46:27.0391578Z [2mdist/[22m[2massets/[22m[36mindex-BVw5OFW8.js              [39m[1m[2m  9.42 kB[22m[1m[22m[2m │ gzip:   3.73 kB[22m
2026-10-10T01:46:27.0392546Z [2mdist/[22m[2massets/[22m[36mindex-DQ7Lx9C6.js              [39m[1m[2m 13.14 kB[22m[1m[22m[2m │ gzip:   5.19 kB[22m
2026-10-10T01:46:27.0394071Z [2mdist/[22m[2massets/[22m[36mindex-oZNCZy9p.js              [39m[1m[2m 15.39 kB[22m[1m[22m[2m │ gzip:   5.89 kB[22m
2026-10-10T01:46:27.0395813Z [2mdist/[22m[2massets/[22m[36mindex-BEE_YYTj.js              [39m[1m[2m 16.98 kB[22m[1m[22m[2m │ gzip:   5.57 kB[22m
2026-10-10T01:46:27.0396886Z [2mdist/[22m[2massets/[22m[36mindex-D9VPg2WO.js              [39m[1m[2m 16.99 kB[22m[1m[22m[2m │ gzip:   5.81 kB[22m
2026-10-10T01:46:27.0397822Z [2mdist/[22m[2massets/[22m[36mindex-BW_bMDVb.js              [39m[1m[2m 18.85 kB[22m[1m[22m[2m │ gzip:   6.32 kB[22m
2026-10-10T01:46:27.0398737Z [2mdist/[22m[2massets/[22m[36mindex-ziKMMw4O.js              [39m[1m[2m 18.92 kB[22m[1m[22m[2m │ gzip:   6.95 kB[22m
2026-10-10T01:46:27.0399984Z [2mdist/[22m[2massets/[22m[36mindex-Cng8XEfd.js              [39m[1m[2m 20.90 kB[22m[1m[22m[2m │ gzip:   6.92 kB[22m
2026-10-10T01:46:27.0400935Z [2mdist/[22m[2massets/[22m[36mindex-CoQn338D.js              [39m[1m[2m 21.23 kB[22m[1m[22m[2m │ gzip:   7.65 kB[22m
2026-10-10T01:46:27.0401860Z [2mdist/[22m[2massets/[22m[36mindex-CyZC2Xek.js              [39m[1m[2m 24.80 kB[22m[1m[22m[2m │ gzip:   8.24 kB[22m
2026-10-10T01:46:27.0402770Z [2mdist/[22m[2massets/[22m[36mindex-DvwoHLVl.js              [39m[1m[2m 25.06 kB[22m[1m[22m[2m │ gzip:   8.46 kB[22m
2026-10-10T01:46:27.0403694Z [2mdist/[22m[2massets/[22m[36mindex-DVtu7qy2.js              [39m[1m[2m 30.93 kB[22m[1m[22m[2m │ gzip:   9.93 kB[22m
2026-10-10T01:46:27.0404621Z [2mdist/[22m[2massets/[22m[36mindex-DLZtW0bU.js              [39m[1m[2m 32.48 kB[22m[1m[22m[2m │ gzip:  10.82 kB[22m
2026-10-10T01:46:27.0406306Z [2mdist/[22m[2massets/[22m[36mquery-Df7VyXaF.js              [39m[1m[2m 33.15 kB[22m[1m[22m[2m │ gzip:   9.92 kB[22m
2026-10-10T01:46:27.0407974Z [2mdist/[22m[2massets/[22m[36mindex-CENCcdEj.js              [39m[1m[2m 42.03 kB[22m[1m[22m[2m │ gzip:  11.49 kB[22m
2026-10-10T01:46:27.0409561Z [2mdist/[22m[2massets/[22m[36mi18n-D4N_7Z3Q.js               [39m[1m[2m 46.14 kB[22m[1m[22m[2m │ gzip:  15.12 kB[22m
2026-10-10T01:46:27.0411111Z [2mdist/[22m[2massets/[22m[36mindex-ChbxMYYy.js              [39m[1m[2m 64.28 kB[22m[1m[22m[2m │ gzip:  17.67 kB[22m
2026-10-10T01:46:27.0412694Z [2mdist/[22m[2massets/[22m[36mschemas-CoWCwirf.js            [39m[1m[2m 85.75 kB[22m[1m[22m[2m │ gzip:  25.72 kB[22m
2026-10-10T01:46:27.0414508Z [2mdist/[22m[2massets/[22m[36mindex-CZ8lHn7k.js              [39m[1m[2m100.89 kB[22m[1m[22m[2m │ gzip:  32.03 kB[22m
2026-10-10T01:46:27.0416478Z [2mdist/[22m[2massets/[22m[36mschema-validation-B78jEm7B.js  [39m[1m[2m149.80 kB[22m[1m[22m[2m │ gzip:  45.12 kB[22m
2026-10-10T01:46:27.0418247Z [2mdist/[22m[2massets/[22m[36mreact-runtime-gLMyUIL2.js      [39m[1m[2m279.79 kB[22m[1m[22m[2m │ gzip:  90.28 kB[22m
2026-10-10T01:46:27.0419924Z [2mdist/[22m[2massets/[22m[36mcharts-BwhaRlrs.js             [39m[1m[2m320.23 kB[22m[1m[22m[2m │ gzip:  96.79 kB[22m
2026-10-10T01:46:27.0421551Z [2mdist/[22m[2massets/[22m[36mmui-CJj7QyVx.js                [39m[1m[2m328.77 kB[22m[1m[22m[2m │ gzip: 100.20 kB[22m
2026-10-10T01:46:27.0423176Z [2mdist/[22m[2massets/[22m[36mcontract-data-BRT-TOMX.js      [39m[1m[2m368.62 kB[22m[1m[22m[2m │ gzip:  42.83 kB[22m
2026-10-10T01:46:27.0424235Z [32m✓ built in 6.40s[39m
2026-10-10T01:46:27.2369408Z 
2026-10-10T01:46:27.2370554Z > botsales-frontend@0.1.0 test:layout
2026-10-10T01:46:27.2371571Z > node --test tests/layout-checker.test.mjs tests/ui-layout-binding-gates.test.mjs && node scripts/check-layout.mjs
2026-10-10T01:46:27.2372159Z 
2026-10-10T01:47:16.8967490Z ✔ CSS label gap accepts the canonical direct pixel constructor and its exact owner/property (2246.6396ms)
2026-10-10T01:47:16.8969107Z ✔ CSS label gap cannot be used as an unrelated spacing property (2272.409275ms)
2026-10-10T01:47:16.9056758Z ✔ CSS label gap rejects a raw pixel constructor argument (2316.065951ms)
2026-10-10T01:47:16.9116693Z ✔ CSS label gap cannot impersonate a role from another owner (2217.637967ms)
2026-10-10T01:47:16.9176952Z ✔ accepts semantic bridge roles, the closed token-derived factor map, geometry, and reset values (2238.28673ms)
2026-10-10T01:47:16.9206445Z ✔ rejects a CSS spacing role without a declared shared owner (2151.536307ms)
2026-10-10T01:47:16.9207987Z ✔ rejects scale-conforming and off-scale literals in sx, responsive leaves, named and namespace MUI System props (2215.832015ms)
2026-10-10T01:47:16.9209562Z ✔ follows local aliases and style callbacks; rejects theme spacing helpers and preset overrides (2237.279735ms)
2026-10-10T01:47:16.9211041Z ✔ scans nested slotProps but does not confuse event handlers or geometric dimensions with spacing (2212.461843ms)
2026-10-10T01:47:16.9212932Z ✔ keeps Panel geometry inspectable and rejects spacing hidden in its geometry prop (6636.602096ms)
2026-10-10T01:47:16.9214309Z ✔ accepts only an exact CSS exception and reports stale or mismatched exception scope (6732.669468ms)
2026-10-10T01:47:16.9216079Z ✔ rejects malformed TypeScript, malformed CSS, bad exception schema, and raw values in the bridge (9120.871336ms)
2026-10-10T01:47:16.9217546Z ✔ rejects canonical pixel tokens used as MUI factors and an altered bridge factor table (4666.998387ms)
2026-10-10T01:47:16.9218406Z ✔ report mode inventories migration debt without turning findings into PASS (2296.235986ms)
2026-10-10T01:49:36.5414043Z ✔ canonical writes through casts and aliases fail outside style expressions (2352.613735ms)
2026-10-10T01:49:36.5418066Z ✔ Object.assign cannot mutate canonical data but can copy to a fresh object (4771.954434ms)
2026-10-10T01:49:36.5419827Z ✔ layout gate rejects raw spacing on const alias of MUI component (2305.192616ms)
2026-10-10T01:49:36.5421689Z ✔ canonical mutation gate follows global mutator aliases and reflection (2405.619272ms)
2026-10-10T01:49:36.5423378Z ✔ local mutator names do not acquire global mutation identity (2390.402548ms)
2026-10-10T01:49:36.5426285Z ✔ destructured mutators and call/apply retain canonical mutation checks (2402.531884ms)
2026-10-10T01:49:36.5428334Z ✔ global mutator call/apply can copy canonical values into fresh objects (2361.951645ms)
2026-10-10T01:49:36.5435073Z ✔ mutable aliases with possible canonical destinations fail closed (2392.613413ms)
2026-10-10T01:49:36.5441333Z ✔ opaque apply arguments fail closed while unrelated mutable data stays valid (4668.956541ms)
2026-10-10T01:49:36.5447606Z ✔ canonical references inside containers and destructured aliases cannot be mutated (2409.964726ms)
2026-10-10T01:49:36.5450147Z ✔ independent shallow copies of scalar canonical fields remain mutable (2368.787709ms)
2026-10-10T01:49:36.5453598Z ✔ array references and nested destructuring preserve canonical write provenance (2423.862749ms)
2026-10-10T01:49:36.5458231Z ✔ array destinations distinguish independent elements from canonical references (2420.713852ms)
2026-10-10T01:49:36.5492688Z ✔ array destructuring, dynamic indices and spread cannot hide canonical references (2419.165049ms)
2026-10-10T01:49:36.5506805Z ✔ dynamic indices and destructuring of independent arrays stay mutable (2367.748023ms)
2026-10-10T01:49:36.5508480Z ✔ function parameters cannot hide canonical mutation across source files (2392.205257ms)
2026-10-10T01:49:36.5510044Z ✔ read-only helpers and mutations of unrelated arguments remain valid (2302.850982ms)
2026-10-10T01:49:36.5511574Z ✔ returned canonical references remain protected across helper boundaries (2347.323488ms)
2026-10-10T01:49:36.5514897Z ✔ helper returns of fresh scalar copies do not retain canonical destination identity (2333.859499ms)
2026-10-10T01:49:36.5516839Z ✔ destructured object parameters cannot mutate canonical arguments (1787.87771ms)
2026-10-10T01:49:36.5518444Z ✔ destructured object parameters retain independent argument mutability (1785.127732ms)
2026-10-10T01:49:36.5520038Z ✔ default parameter and binding initializers cannot hide canonical mutations (1776.641082ms)
2026-10-10T01:49:36.5521545Z ✔ fresh default parameter and binding copies remain mutable (1776.492236ms)
2026-10-10T01:49:36.5522998Z ✔ rest parameters retain canonical argument write provenance (1783.574627ms)
2026-10-10T01:49:36.5524648Z ✔ rest parameters distinguish independent positions from canonical siblings (1799.964727ms)
2026-10-10T01:49:36.5526594Z ✔ finite spread arguments preserve shifted positional and rest destinations (1775.28448ms)
2026-10-10T01:49:36.5528168Z ✔ finite spread expansion keeps independent argument positions mutable (1762.941798ms)
2026-10-10T01:49:36.5529652Z ✔ opaque spreads keep positional mutation destinations unknown (1778.363616ms)
2026-10-10T01:49:36.5531175Z ✔ opaque spreads into read-only helpers do not invent mutation findings (1762.149572ms)
2026-10-10T01:49:36.5533499Z ✔ array parameter patterns retain canonical positions including nested object arrays (1781.7779ms)
2026-10-10T01:49:36.5535104Z ✔ array parameter patterns retain independent bound element mutability (1760.07537ms)
2026-10-10T01:49:36.5536793Z ✔ layout gate rejects parameter shadow of canonical layout name (1760.264618ms)
2026-10-10T01:49:36.5538102Z ✔ layout gate follows genuine renamed styled factory (1767.426426ms)
2026-10-10T01:49:36.5539541Z ✔ layout gate accepts canonical namespace, element access and barrel alias (1757.202467ms)
2026-10-10T01:49:36.5541081Z ✔ layout gate does not mistake local component named Stack for MUI (1777.209232ms)
2026-10-10T01:49:36.5542491Z ✔ layout gate inspects renamed installed Emotion css tag (1745.970878ms)
2026-10-10T01:49:36.5543914Z ✔ layout gate preserves genuine aliased Controller field forwarding (1762.091421ms)
2026-10-10T01:49:36.5545676Z ✔ a same-named local Controller cannot exempt an unknown prop spread (1777.452453ms)
2026-10-10T01:49:36.5547285Z ✔ genuine useForm registration survives property and destructured aliases (1758.667201ms)
2026-10-10T01:49:36.5548879Z ✔ a function named register cannot exempt injected style props (1761.748979ms)
2026-10-10T01:49:36.5550489Z ✔ a bridge callback parameter cannot impersonate its private factor binding (1748.865015ms)
2026-10-10T01:49:36.5552241Z ✔ opaque namespace component selection remains a strict binding failure (1756.895711ms)
2026-10-10T01:49:36.5558096Z ✔ opaque namespace factory cannot hide style arguments (1758.219176ms)
2026-10-10T01:49:36.5559707Z ✔ MUI re-export cannot hide raw spacing behind a first-party barrel (1758.639332ms)
2026-10-10T01:49:36.5561423Z ✔ destructuring assignments cannot hide canonical write targets (1787.959381ms)
2026-10-10T01:49:36.5562896Z ✔ destructuring assignments can update independent copied destinations (1761.445ms)
2026-10-10T01:49:36.5564475Z ✔ object rest retains nested canonical references while copying the outer object (1749.249124ms)
2026-10-10T01:49:36.5566354Z ✔ rest scalar copies and replacement of container references stay mutable (1767.448055ms)
2026-10-10T01:49:36.5567968Z ✔ shallow object spread preserves canonical child references and last-writer order (1782.296956ms)
2026-10-10T01:49:36.5569476Z ✔ shallow spread with a later independent override stays mutable (1776.265187ms)
2026-10-10T01:49:36.5570867Z ✔ exported mutable aliases retain assignments from their declaring file (1755.61112ms)
2026-10-10T01:49:36.5576254Z ✔ exported independent mutable data does not acquire canonical provenance (1763.178882ms)
2026-10-10T01:49:36.5598209Z ✔ literal computed keys retain canonical container and parameter provenance (1795.16556ms)
2026-10-10T01:49:36.5599277Z ✔ literal computed keys do not taint independent selected properties (1767.906108ms)
2026-10-10T01:49:36.5600720Z ✔ Object.assign shallow copies retain canonical nested reference provenance (1773.276577ms)
2026-10-10T01:49:36.5602338Z ✔ Object.assign later independent overrides and scalar copies stay mutable (1744.567747ms)
2026-10-10T01:49:36.5603953Z ✔ union and dynamic property selections retain possible canonical destinations (1750.5036ms)
2026-10-10T01:49:36.5605844Z ✔ finite union property selections exclude canonical siblings not in the key set (1750.415205ms)
2026-10-10T01:49:36.5607502Z ✔ union selection over Object.assign output retains canonical child provenance (1760.1633ms)
2026-10-10T01:49:36.5609052Z ✔ union selection over independent Object.assign output remains mutable (1749.556316ms)
2026-10-10T01:49:36.5610670Z ✔ Reflect.set call/apply checks the target argument rather than the assigned value (5331.572685ms)
2026-10-10T01:49:36.5612226Z ✔ aliased React createElement checks MUI and native style objects (1746.941977ms)
2026-10-10T01:49:36.5613693Z ✔ GlobalStyles.styles is checked and local createElement names stay local (3526.593306ms)
2026-10-10T01:49:36.5615103Z ✔ React JSX runtime factories cannot bypass MUI or native style checks (1737.556785ms)
2026-10-10T01:49:36.5617144Z ✔ React cloneElement checks the cloned MUI element and preserves native props (7040.12586ms)
2026-10-10T01:49:36.5618642Z ✔ Emotion css props and object factories are inspected with native CSS semantics (5254.667696ms)
2026-10-10T01:49:36.5620176Z ✔ Inline style elements in JSX, React factories, DOM and the HTML entry fail closed (14075.274869ms)
2026-10-10T01:49:36.5621608Z ✔ DOM CSSOM spacing writes use semantic roles and reject opaque style strings (3551.329718ms)
2026-10-10T01:49:36.5623099Z ✔ HTML parsing and runtime stylesheet mutation cannot bypass the imported CSS boundary (3537.483952ms)
2026-10-10T01:49:36.5624698Z ✔ spacing shorthand values and responsive breakpoints preserve token and unit provenance (17591.950193ms)
2026-10-10T01:49:36.5626387Z ✔ function return producers cannot hide canonical children behind spreads (1768.020568ms)
2026-10-10T01:49:36.5627700Z ✔ producer spreads keep later independent child overrides writable (1749.622513ms)
2026-10-10T01:49:36.5718049Z ℹ tests 86
2026-10-10T01:49:36.5718639Z ℹ suites 0
2026-10-10T01:49:36.5719237Z ℹ pass 86
2026-10-10T01:49:36.5719668Z ℹ fail 0
2026-10-10T01:49:36.5720095Z ℹ cancelled 0
2026-10-10T01:49:36.5720750Z ℹ skipped 0
2026-10-10T01:49:36.5721156Z ℹ todo 0
2026-10-10T01:49:36.5721637Z ℹ duration_ms 189302.366455
2026-10-10T01:49:44.6589760Z layout-check PASS: 93 source files, 0 finding(s), 1 exception(s) used
2026-10-10T01:49:44.8567731Z 
2026-10-10T01:49:44.8568398Z > botsales-frontend@0.1.0 test:visual-tokens
2026-10-10T01:49:44.8569180Z > node --test tests/visual-token-checker.test.mjs && node scripts/check-visual-tokens.mjs
2026-10-10T01:49:44.8569663Z 
2026-10-10T01:49:48.8741732Z ✔ visual checker accepts canonical theme roles, token references, geometry and semantic responsive props (1090.202998ms)
2026-10-10T01:49:48.8744721Z ✔ visual checker rejects raw literals across sx, JSX system props and CSS declarations (617.168265ms)
2026-10-10T01:49:48.8747627Z ✔ visual checker follows local style aliases and callback themes, but fails raw nested values (595.455356ms)
2026-10-10T01:49:48.8749239Z ✔ visual checker reports unresolved spreads and malformed style sources as UNKNOWN or parse errors (547.333811ms)
2026-10-10T01:49:48.8750372Z ✔ visual checker includes newly added TSX files under the source root (575.022274ms)
2026-10-10T01:49:48.9378789Z ℹ tests 5
2026-10-10T01:49:48.9379196Z ℹ suites 0
2026-10-10T01:49:48.9379566Z ℹ pass 5
2026-10-10T01:49:48.9379912Z ℹ fail 0
2026-10-10T01:49:48.9380273Z ℹ cancelled 0
2026-10-10T01:49:48.9380771Z ℹ skipped 0
2026-10-10T01:49:48.9381244Z ℹ todo 0
2026-10-10T01:49:48.9381976Z ℹ duration_ms 4048.394359
2026-10-10T01:49:54.9666920Z visual-token-check PASS: 92 source files, 0 finding(s)
2026-10-10T01:49:55.1340466Z 
2026-10-10T01:49:55.1341192Z > botsales-frontend@0.1.0 test:ui-composition
2026-10-10T01:49:55.1342455Z > node --test tests/ui-composition-checker.test.mjs tests/ui-composition-ancestry.test.mjs tests/ui-shared-api-contract.test.mjs && node scripts/check-ui-composition.mjs
2026-10-10T01:49:55.1343272Z 
2026-10-10T01:50:12.5973442Z ✔ P10/P15 catch alias and neutral-wrapper duplicate insets through fragments and conditionals (1606.637067ms)
2026-10-10T01:50:12.5975999Z ✔ P20 resolves shared composition identities through a barrel and const component aliases (909.073001ms)
2026-10-10T01:50:12.5980282Z ✔ P11/P13 catch static element access roles on every MUI surface, including Paper (855.427596ms)
2026-10-10T01:50:12.5982037Z ✔ P12 checks React createElement and JSX-runtime element factories (754.675001ms)
2026-10-10T01:50:12.5983830Z ✔ P14 resolves bodyMode literal aliases and fails closed when ownership is unknown (2363.62033ms)
2026-10-10T01:50:12.5985861Z ✔ checks Panel ancestry when React elements are created natively (868.080902ms)
2026-10-10T01:50:12.5987947Z ✔ keeps independent nested surfaces and portaled dialogs as separate owners (1338.303923ms)
2026-10-10T01:50:12.5989821Z ✔ accepts finite bodyMode branches and every mode in the public component contracts (1753.11745ms)
2026-10-10T01:50:12.5992111Z ✔ stops inherited gap ownership at Panels and independent bordered surfaces (1037.917301ms)
2026-10-10T01:50:12.5994078Z ✔ tracks gaps through fragments, conditions and ready QueryState, but not inside DOM wrappers (508.170887ms)
2026-10-10T01:50:12.5996430Z ✔ applies the same finite modes and wrapper boundaries to native React factories (1046.171442ms)
2026-10-10T01:50:12.5998142Z ✔ recognizes native outlined Paper and nested Box surface inset boundaries (1048.70639ms)
2026-10-10T01:50:12.5999540Z ✔ fails closed when an unresolved custom wrapper obscures a semantic gap owner (493.591932ms)
2026-10-10T01:50:12.6000668Z ✔ rejects unsupported placement and rhythm values while accepting finite aliases and branches (1033.428705ms)
2026-10-10T01:50:12.6002448Z ✔ rejects unsupported finite values through React element factories (1028.556664ms)
2026-10-10T01:50:12.7003206Z ✔ accepts semantic composition, closed geometry and business-specific MUI primitives (22.277097ms)
2026-10-10T01:50:12.7004069Z ✔ rejects rebuilding each shared spacing owner at a consumer (9.858838ms)
2026-10-10T01:50:12.7009178Z ✔ follows aliases, local style variables, object spreads and namespace imports (4.812914ms)
2026-10-10T01:50:12.7010596Z ✔ rejects direct and spread spacing overrides on semantic components (1.649615ms)
2026-10-10T01:50:12.7011785Z ✔ rejects spacing or opaque spreads hidden in geometry (1.461045ms)
2026-10-10T01:50:12.7013059Z ✔ allows the canonical owner implementation and fails closed on malformed source (3.299492ms)
2026-10-10T01:50:12.7014416Z ✔ rejects duplicated parent boundary and duplicated Panel inset (1.956906ms)
2026-10-10T01:50:12.7015881Z ✔ checks default MUI imports and fails closed for opaque geometry (1.185463ms)
2026-10-10T01:50:12.7017704Z ✔ distinguishes content grids from flex flows when reporting the shared owner (0.897518ms)
2026-10-10T01:50:12.7019236Z ✔ rejects page spacing for paired fields and peer Panels without a section gap owner (5.32211ms)
2026-10-10T01:50:12.7020807Z ✔ related sibling gaps belong to ActionGroup comfortable density, not consumer Stack styles (1.72194ms)
2026-10-10T01:50:12.7022271Z ✔ density profiles are finite and new spacing paths retain the shared owner (7.979278ms)
2026-10-10T01:50:12.7023864Z ✔ Amount consumers declare wrapping outside DataTable columns and keep table money unbroken (188.186366ms)
2026-10-10T01:50:12.7025850Z ✔ the shared catalog covers every public React component and supporting Column type (120.760605ms)
2026-10-10T01:50:12.7027400Z ✔ SPC-067 covers discovered public Shared APIs without a fixed export count (1.301158ms)
2026-10-10T01:50:12.7028727Z ✔ every public React API has a direct rendered contract test (2.381105ms)
2026-10-10T01:50:12.7030150Z ✔ catalog declaration lines and stated JSX counts match resolved source symbols (291.696023ms)
2026-10-10T01:50:12.7031938Z ✔ every shared React export has a resolved production consumer or an explicit zero-use lifecycle decision (159.276613ms)
2026-10-10T01:50:12.7033758Z ✔ required UI evidence and regression gates remain wired to root verify and the active parent workflow (0.620232ms)
2026-10-10T01:50:12.7035193Z ✔ composition prop allowlists match the TypeScript owners exactly (0.543249ms)
2026-10-10T01:50:12.7036533Z ✔ QueryState uses only the approved inline and section pending profiles (0.747609ms)
2026-10-10T01:50:12.7037512Z ✔ QueryState consumers reserve section loading for primary content and keep every other state inline by default (148.719823ms)
2026-10-10T01:50:12.7038514Z ✔ body modes, placement roles and geometry keys match the TypeScript contracts (3.058805ms)
2026-10-10T01:50:12.7039338Z ✔ Panel geometry and DataTable columns remain closed public contracts (10.733105ms)
2026-10-10T01:50:12.7040217Z ✔ shared component and composition props expose no arbitrary layout/style escape hatch (0.531598ms)
2026-10-10T01:50:12.7041193Z ✔ layout role types, runtime values, consumers and ownership documentation stay closed (6713.544446ms)
2026-10-10T01:50:12.7042036Z ℹ tests 41
2026-10-10T01:50:12.7042291Z ℹ suites 0
2026-10-10T01:50:12.7042539Z ℹ pass 41
2026-10-10T01:50:12.7042767Z ℹ fail 0
2026-10-10T01:50:12.7042998Z ℹ cancelled 0
2026-10-10T01:50:12.7043237Z ℹ skipped 0
2026-10-10T01:50:12.7043471Z ℹ todo 0
2026-10-10T01:50:12.7043727Z ℹ duration_ms 17534.601197
2026-10-10T01:51:49.2204171Z ui-composition PASS: 91 source files, 0 finding(s)
2026-10-10T01:51:49.2204901Z 
2026-10-10T01:51:49.4127217Z 
2026-10-10T01:51:49.4128043Z > botsales-frontend@0.1.0 test:evidence
2026-10-10T01:51:49.4129558Z > node --test tests/ui-evidence-validator.test.mjs && node scripts/validate-ui-evidence.mjs evidence/frontend-ui-improvements/ui-governance-rollout-20261007/S17-current-evidence.json
2026-10-10T01:51:49.4130422Z 
2026-10-10T01:51:49.5197195Z ✔ accepts current fingerprints, honest open coverage, and explained N/A (3.876082ms)
2026-10-10T01:51:49.5199509Z ✔ rejects a stale source fingerprint (1.868181ms)
2026-10-10T01:51:49.5204125Z ✔ rejects a stale command log (1.060932ms)
2026-10-10T01:51:49.5205216Z ✔ rejects missing, absolute, and escaping source paths (0.852164ms)
2026-10-10T01:51:49.5207043Z ✔ rejects unrun, missing, duplicate, and nonzero command results marked PASS (1.04925ms)
2026-10-10T01:51:49.5209815Z ✔ rejects PASS when expected and observed results differ (0.833949ms)
2026-10-10T01:51:49.5211111Z ✔ rejects inconsistent coverage and N/A without a reason (0.789116ms)
2026-10-10T01:51:49.5213855Z ✔ rejects a baseline falsely dated after implementation started and detects changed baseline artifacts (1.240305ms)
2026-10-10T01:51:49.5218649Z ✔ COMPLETE cannot contain open coverage or failed commands (1.164243ms)
2026-10-10T01:51:49.5220706Z ✔ S19 must explicitly reconcile files, APIs, routes, rendered routes, slots, and states (1.157741ms)
2026-10-10T01:51:49.5221814Z ✔ rejects malformed top-level evidence instead of treating missing fields as success (0.57582ms)
2026-10-10T01:51:49.5313484Z ℹ tests 11
2026-10-10T01:51:49.5315174Z ℹ suites 0
2026-10-10T01:51:49.5315878Z ℹ pass 11
2026-10-10T01:51:49.5316288Z ℹ fail 0
2026-10-10T01:51:49.5316709Z ℹ cancelled 0
2026-10-10T01:51:49.5317171Z ℹ skipped 0
2026-10-10T01:51:49.5317584Z ℹ todo 0
2026-10-10T01:51:49.5318041Z ℹ duration_ms 83.027625
2026-10-10T01:51:49.6033365Z ui-evidence PASS: S17; 3 command/log record(s), 3 coverage row(s), 275 current fingerprint(s); status=COMPLETE
2026-10-10T01:51:49.6303022Z ##[group]Run npm run test:e2e -- --project=firefox --reporter=line
2026-10-10T01:51:49.6303521Z [36;1mnpm run test:e2e -- --project=firefox --reporter=line[0m
2026-10-10T01:51:49.6365904Z shell: /usr/bin/bash -e {0}
2026-10-10T01:51:49.6366169Z ##[endgroup]
2026-10-10T01:51:49.7543355Z 
2026-10-10T01:51:49.7545848Z > botsales-frontend@0.1.0 test:e2e
2026-10-10T01:51:49.7547212Z > node scripts/run-e2e.mjs --project=firefox --reporter=line
2026-10-10T01:51:49.7547758Z 
2026-10-10T01:51:49.7884055Z 
2026-10-10T01:51:49.7884634Z > npm run setup
2026-10-10T01:51:49.8928904Z 
2026-10-10T01:51:49.8929474Z > botsales-frontend@0.1.0 setup
2026-10-10T01:51:49.8929893Z > node scripts/setup.mjs
2026-10-10T01:51:49.8930072Z 
2026-10-10T01:51:50.1174455Z {"status":"PASS","outputs":15,"schemas":346,"operations":245,"routes":61}
2026-10-10T01:51:50.2087299Z Copying the worker script at "/home/runner/work/Bot-AI-Ban-hang-FB/Bot-AI-Ban-hang-FB/BotSalesAI_Frontend/apps/web/public"...
2026-10-10T01:51:50.2131418Z 
2026-10-10T01:51:50.2132105Z [32mWorker script successfully copied![39m
2026-10-10T01:51:50.2132541Z [90m  - public
2026-10-10T01:51:50.2132811Z [39m
2026-10-10T01:51:50.2133200Z Continue by describing the network in your application:
2026-10-10T01:51:50.2133513Z 
2026-10-10T01:51:50.2133520Z 
2026-10-10T01:51:50.2133829Z [31m[1mhttps://mswjs.io/docs/quick-start[22m[39m
2026-10-10T01:51:50.2134122Z 
2026-10-10T01:51:50.2193861Z Thiết lập xong. npm run dev chạy frontend mô phỏng; không kết nối khách hàng hoặc provider thật.
2026-10-10T01:51:50.2298252Z 
2026-10-10T01:51:50.2298457Z > npm run build
2026-10-10T01:51:50.3319915Z 
2026-10-10T01:51:50.3320647Z > botsales-frontend@0.1.0 build
2026-10-10T01:51:50.3321368Z > npm run generate:check && npm run typecheck && npm run build --workspace @botsales/web
2026-10-10T01:51:50.3321786Z 
2026-10-10T01:51:50.4314461Z 
2026-10-10T01:51:50.4315147Z > botsales-frontend@0.1.0 generate:check
2026-10-10T01:51:50.4315844Z > node scripts/generate.mjs --check
2026-10-10T01:51:50.4316088Z 
2026-10-10T01:51:50.6151783Z {"status":"PASS","outputs":15,"schemas":346,"operations":245,"routes":61}
2026-10-10T01:51:50.7259320Z 
2026-10-10T01:51:50.7259975Z > botsales-frontend@0.1.0 typecheck
2026-10-10T01:51:50.7260554Z > tsc -p apps/web/tsconfig.json --noEmit
2026-10-10T01:51:50.7260795Z 
2026-10-10T01:51:58.0628165Z 
2026-10-10T01:51:58.0628898Z > @botsales/web@0.1.0 build
2026-10-10T01:51:58.0629543Z > vite build --mode production
2026-10-10T01:51:58.0629880Z 
2026-10-10T01:51:58.2270044Z [36mvite v7.3.6 [32mbuilding client environment for production...[36m[39m
2026-10-10T01:51:58.2874279Z transforming...
2026-10-10T01:52:03.8422427Z [32m✓[39m 2077 modules transformed.
2026-10-10T01:52:04.3906608Z rendering chunks...
2026-10-10T01:52:04.6249390Z computing gzip size...
2026-10-10T01:52:04.6504562Z [2mdist/[22m[32mindex.html                            [39m[1m[2m  1.23 kB[22m[1m[22m[2m │ gzip:   0.61 kB[22m
2026-10-10T01:52:04.6506722Z [2mdist/[22m[2massets/[22m[35mindex-BQPx7lJM.css             [39m[1m[2m  3.56 kB[22m[1m[22m[2m │ gzip:   1.33 kB[22m
2026-10-10T01:52:04.6508994Z [2mdist/[22m[2massets/[22m[36mdownload-8lJFmiSZ.js           [39m[1m[2m  0.23 kB[22m[1m[22m[2m │ gzip:   0.17 kB[22m
2026-10-10T01:52:04.6510977Z [2mdist/[22m[2massets/[22m[36mfilters-CM07jGKE.js            [39m[1m[2m  0.32 kB[22m[1m[22m[2m │ gzip:   0.25 kB[22m
2026-10-10T01:52:04.6512871Z [2mdist/[22m[2massets/[22m[36mhooks-CM4cNeoX.js              [39m[1m[2m  4.59 kB[22m[1m[22m[2m │ gzip:   2.15 kB[22m
2026-10-10T01:52:04.6514787Z [2mdist/[22m[2massets/[22m[36mdraft-conflict-CEqgJk9K.js     [39m[1m[2m  5.37 kB[22m[1m[22m[2m │ gzip:   2.49 kB[22m
2026-10-10T01:52:04.6517010Z [2mdist/[22m[2massets/[22m[36mindex-CXDnFFr1.js              [39m[1m[2m  8.25 kB[22m[1m[22m[2m │ gzip:   3.27 kB[22m
2026-10-10T01:52:04.6519226Z [2mdist/[22m[2massets/[22m[36mindex-BVw5OFW8.js              [39m[1m[2m  9.42 kB[22m[1m[22m[2m │ gzip:   3.73 kB[22m
2026-10-10T01:52:04.6520786Z [2mdist/[22m[2massets/[22m[36mindex-DQ7Lx9C6.js              [39m[1m[2m 13.14 kB[22m[1m[22m[2m │ gzip:   5.19 kB[22m
2026-10-10T01:52:04.6522455Z [2mdist/[22m[2massets/[22m[36mindex-oZNCZy9p.js              [39m[1m[2m 15.39 kB[22m[1m[22m[2m │ gzip:   5.89 kB[22m
2026-10-10T01:52:04.6524136Z [2mdist/[22m[2massets/[22m[36mindex-BEE_YYTj.js              [39m[1m[2m 16.98 kB[22m[1m[22m[2m │ gzip:   5.57 kB[22m
2026-10-10T01:52:04.6555863Z [2mdist/[22m[2massets/[22m[36mindex-D9VPg2WO.js              [39m[1m[2m 16.99 kB[22m[1m[22m[2m │ gzip:   5.81 kB[22m
2026-10-10T01:52:04.6557242Z [2mdist/[22m[2massets/[22m[36mindex-BW_bMDVb.js              [39m[1m[2m 18.85 kB[22m[1m[22m[2m │ gzip:   6.32 kB[22m
2026-10-10T01:52:04.6558235Z [2mdist/[22m[2massets/[22m[36mindex-ziKMMw4O.js              [39m[1m[2m 18.92 kB[22m[1m[22m[2m │ gzip:   6.95 kB[22m
2026-10-10T01:52:04.6559186Z [2mdist/[22m[2massets/[22m[36mindex-Cng8XEfd.js              [39m[1m[2m 20.90 kB[22m[1m[22m[2m │ gzip:   6.92 kB[22m
2026-10-10T01:52:04.6560098Z [2mdist/[22m[2massets/[22m[36mindex-CoQn338D.js              [39m[1m[2m 21.23 kB[22m[1m[22m[2m │ gzip:   7.65 kB[22m
2026-10-10T01:52:04.6561055Z [2mdist/[22m[2massets/[22m[36mindex-CyZC2Xek.js              [39m[1m[2m 24.80 kB[22m[1m[22m[2m │ gzip:   8.24 kB[22m
2026-10-10T01:52:04.6561987Z [2mdist/[22m[2massets/[22m[36mindex-DvwoHLVl.js              [39m[1m[2m 25.06 kB[22m[1m[22m[2m │ gzip:   8.46 kB[22m
2026-10-10T01:52:04.6562928Z [2mdist/[22m[2massets/[22m[36mindex-DVtu7qy2.js              [39m[1m[2m 30.93 kB[22m[1m[22m[2m │ gzip:   9.93 kB[22m
2026-10-10T01:52:04.6563836Z [2mdist/[22m[2massets/[22m[36mindex-DLZtW0bU.js              [39m[1m[2m 32.48 kB[22m[1m[22m[2m │ gzip:  10.82 kB[22m
2026-10-10T01:52:04.6564751Z [2mdist/[22m[2massets/[22m[36mquery-Df7VyXaF.js              [39m[1m[2m 33.15 kB[22m[1m[22m[2m │ gzip:   9.92 kB[22m
2026-10-10T01:52:04.6565943Z [2mdist/[22m[2massets/[22m[36mindex-CENCcdEj.js              [39m[1m[2m 42.03 kB[22m[1m[22m[2m │ gzip:  11.49 kB[22m
2026-10-10T01:52:04.6566861Z [2mdist/[22m[2massets/[22m[36mi18n-D4N_7Z3Q.js               [39m[1m[2m 46.14 kB[22m[1m[22m[2m │ gzip:  15.12 kB[22m
2026-10-10T01:52:04.6567776Z [2mdist/[22m[2massets/[22m[36mindex-ChbxMYYy.js              [39m[1m[2m 64.28 kB[22m[1m[22m[2m │ gzip:  17.67 kB[22m
2026-10-10T01:52:04.6568710Z [2mdist/[22m[2massets/[22m[36mschemas-CoWCwirf.js            [39m[1m[2m 85.75 kB[22m[1m[22m[2m │ gzip:  25.72 kB[22m
2026-10-10T01:52:04.6569637Z [2mdist/[22m[2massets/[22m[36mindex-CZ8lHn7k.js              [39m[1m[2m100.89 kB[22m[1m[22m[2m │ gzip:  32.03 kB[22m
2026-10-10T01:52:04.6570586Z [2mdist/[22m[2massets/[22m[36mschema-validation-B78jEm7B.js  [39m[1m[2m149.80 kB[22m[1m[22m[2m │ gzip:  45.12 kB[22m
2026-10-10T01:52:04.6571563Z [2mdist/[22m[2massets/[22m[36mreact-runtime-gLMyUIL2.js      [39m[1m[2m279.79 kB[22m[1m[22m[2m │ gzip:  90.28 kB[22m
2026-10-10T01:52:04.6572515Z [2mdist/[22m[2massets/[22m[36mcharts-BwhaRlrs.js             [39m[1m[2m320.23 kB[22m[1m[22m[2m │ gzip:  96.79 kB[22m
2026-10-10T01:52:04.6573446Z [2mdist/[22m[2massets/[22m[36mmui-CJj7QyVx.js                [39m[1m[2m328.77 kB[22m[1m[22m[2m │ gzip: 100.20 kB[22m
2026-10-10T01:52:04.6574379Z [2mdist/[22m[2massets/[22m[36mcontract-data-BRT-TOMX.js      [39m[1m[2m368.62 kB[22m[1m[22m[2m │ gzip:  42.83 kB[22m
2026-10-10T01:52:04.6574980Z [32m✓ built in 6.41s[39m
2026-10-10T01:52:04.7440616Z 
2026-10-10T01:52:04.7441155Z > npm run build:demo
2026-10-10T01:52:04.8375860Z 
2026-10-10T01:52:04.8376483Z > botsales-frontend@0.1.0 build:demo
2026-10-10T01:52:04.8377281Z > npm run generate:check && npm run typecheck && npm run build:demo --workspace @botsales/web
2026-10-10T01:52:04.8377775Z 
2026-10-10T01:52:04.9378083Z 
2026-10-10T01:52:04.9378778Z > botsales-frontend@0.1.0 generate:check
2026-10-10T01:52:04.9379566Z > node scripts/generate.mjs --check
2026-10-10T01:52:04.9379977Z 
2026-10-10T01:52:05.1215777Z {"status":"PASS","outputs":15,"schemas":346,"operations":245,"routes":61}
2026-10-10T01:52:05.2301828Z 
2026-10-10T01:52:05.2302387Z > botsales-frontend@0.1.0 typecheck
2026-10-10T01:52:05.2302867Z > tsc -p apps/web/tsconfig.json --noEmit
2026-10-10T01:52:05.2303106Z 
2026-10-10T01:52:12.6440988Z 
2026-10-10T01:52:12.6441746Z > @botsales/web@0.1.0 build:demo
2026-10-10T01:52:12.6442287Z > vite build --mode demo --outDir dist-demo
2026-10-10T01:52:12.6442910Z 
2026-10-10T01:52:12.8067789Z [36mvite v7.3.6 [32mbuilding client environment for demo...[36m[39m
2026-10-10T01:52:12.8779926Z transforming...
2026-10-10T01:52:18.9583541Z [32m✓[39m 2293 modules transformed.
2026-10-10T01:52:19.5486606Z rendering chunks...
2026-10-10T01:52:19.8253019Z computing gzip size...
2026-10-10T01:52:19.8582334Z [2mdist-demo/[22m[32mindex.html                            [39m[1m[2m  1.23 kB[22m[1m[22m[2m │ gzip:   0.61 kB[22m
2026-10-10T01:52:19.8584264Z [2mdist-demo/[22m[2massets/[22m[35mindex-BQPx7lJM.css             [39m[1m[2m  3.56 kB[22m[1m[22m[2m │ gzip:   1.33 kB[22m
2026-10-10T01:52:19.8586563Z [2mdist-demo/[22m[2massets/[22m[36mdownload-CWiaXb8A.js           [39m[1m[2m  0.24 kB[22m[1m[22m[2m │ gzip:   0.17 kB[22m
2026-10-10T01:52:19.8588682Z [2mdist-demo/[22m[2massets/[22m[36mfilters-CirfTR7_.js            [39m[1m[2m  0.32 kB[22m[1m[22m[2m │ gzip:   0.25 kB[22m
2026-10-10T01:52:19.8590215Z [2mdist-demo/[22m[2massets/[22m[36mcontrol-CmLeKeil.js            [39m[1m[2m  1.73 kB[22m[1m[22m[2m │ gzip:   0.94 kB[22m
2026-10-10T01:52:19.8591240Z [2mdist-demo/[22m[2massets/[22m[36mhooks-DiyyWyrx.js              [39m[1m[2m  4.59 kB[22m[1m[22m[2m │ gzip:   2.15 kB[22m
2026-10-10T01:52:19.8592258Z [2mdist-demo/[22m[2massets/[22m[36mdraft-conflict-gC_moQwo.js     [39m[1m[2m  5.37 kB[22m[1m[22m[2m │ gzip:   2.49 kB[22m
2026-10-10T01:52:19.8593501Z [2mdist-demo/[22m[2massets/[22m[36mindex-DM1uUYZ4.js              [39m[1m[2m  8.79 kB[22m[1m[22m[2m │ gzip:   3.47 kB[22m
2026-10-10T01:52:19.8594457Z [2mdist-demo/[22m[2massets/[22m[36mindex-DfiqcyVB.js              [39m[1m[2m  9.42 kB[22m[1m[22m[2m │ gzip:   3.73 kB[22m
2026-10-10T01:52:19.8595955Z [2mdist-demo/[22m[2massets/[22m[36mindex-CWD9sqWf.js              [39m[1m[2m 13.14 kB[22m[1m[22m[2m │ gzip:   5.18 kB[22m
2026-10-10T01:52:19.8597287Z [2mdist-demo/[22m[2massets/[22m[36mindex-DgEQMKCN.js              [39m[1m[2m 15.09 kB[22m[1m[22m[2m │ gzip:   5.71 kB[22m
2026-10-10T01:52:19.8598277Z [2mdist-demo/[22m[2massets/[22m[36mindex-BczCrPY5.js              [39m[1m[2m 17.14 kB[22m[1m[22m[2m │ gzip:   5.61 kB[22m
2026-10-10T01:52:19.8599282Z [2mdist-demo/[22m[2massets/[22m[36mindex-Bbz-TS-3.js              [39m[1m[2m 18.85 kB[22m[1m[22m[2m │ gzip:   6.32 kB[22m
2026-10-10T01:52:19.8600256Z [2mdist-demo/[22m[2massets/[22m[36mindex-DpZdGDnn.js              [39m[1m[2m 19.11 kB[22m[1m[22m[2m │ gzip:   7.01 kB[22m
2026-10-10T01:52:19.8601234Z [2mdist-demo/[22m[2massets/[22m[36mindex-vJkFoFjp.js              [39m[1m[2m 19.18 kB[22m[1m[22m[2m │ gzip:   6.54 kB[22m
2026-10-10T01:52:19.8602226Z [2mdist-demo/[22m[2massets/[22m[36mindex-hxBA7ED8.js              [39m[1m[2m 20.90 kB[22m[1m[22m[2m │ gzip:   6.92 kB[22m
2026-10-10T01:52:19.8603188Z [2mdist-demo/[22m[2massets/[22m[36mindex-B30vRNO6.js              [39m[1m[2m 24.80 kB[22m[1m[22m[2m │ gzip:   8.24 kB[22m
2026-10-10T01:52:19.8604142Z [2mdist-demo/[22m[2massets/[22m[36mindex-DJulOjMJ.js              [39m[1m[2m 25.47 kB[22m[1m[22m[2m │ gzip:   8.62 kB[22m
2026-10-10T01:52:19.8605632Z [2mdist-demo/[22m[2massets/[22m[36mindex-tUPPrkEo.js              [39m[1m[2m 28.10 kB[22m[1m[22m[2m │ gzip:   9.79 kB[22m
2026-10-10T01:52:19.8606732Z [2mdist-demo/[22m[2massets/[22m[36mindex-I-2-X1_Z.js              [39m[1m[2m 30.93 kB[22m[1m[22m[2m │ gzip:   9.93 kB[22m
2026-10-10T01:52:19.8607711Z [2mdist-demo/[22m[2massets/[22m[36mindex-E4tvoavJ.js              [39m[1m[2m 32.93 kB[22m[1m[22m[2m │ gzip:  10.94 kB[22m
2026-10-10T01:52:19.8608725Z [2mdist-demo/[22m[2massets/[22m[36mquery-Df7VyXaF.js              [39m[1m[2m 33.15 kB[22m[1m[22m[2m │ gzip:   9.92 kB[22m
2026-10-10T01:52:19.8609696Z [2mdist-demo/[22m[2massets/[22m[36mindex-Dgsb7oVw.js              [39m[1m[2m 42.03 kB[22m[1m[22m[2m │ gzip:  11.49 kB[22m
2026-10-10T01:52:19.8610851Z [2mdist-demo/[22m[2massets/[22m[36mi18n-D4N_7Z3Q.js               [39m[1m[2m 46.14 kB[22m[1m[22m[2m │ gzip:  15.12 kB[22m
2026-10-10T01:52:19.8611810Z [2mdist-demo/[22m[2massets/[22m[36mindex-DV5tc4FD.js              [39m[1m[2m 65.49 kB[22m[1m[22m[2m │ gzip:  18.10 kB[22m
2026-10-10T01:52:19.8612809Z [2mdist-demo/[22m[2massets/[22m[36mschemas-CoWCwirf.js            [39m[1m[2m 85.75 kB[22m[1m[22m[2m │ gzip:  25.72 kB[22m
2026-10-10T01:52:19.8613777Z [2mdist-demo/[22m[2massets/[22m[36mindex-D-liCnbQ.js              [39m[1m[2m105.42 kB[22m[1m[22m[2m │ gzip:  33.42 kB[22m
2026-10-10T01:52:19.8614781Z [2mdist-demo/[22m[2massets/[22m[36mschema-validation-B78jEm7B.js  [39m[1m[2m149.80 kB[22m[1m[22m[2m │ gzip:  45.12 kB[22m
2026-10-10T01:52:19.8616182Z [2mdist-demo/[22m[2massets/[22m[36mservice-Bm9CW7T5.js            [39m[1m[2m233.46 kB[22m[1m[22m[2m │ gzip:  54.16 kB[22m
2026-10-10T01:52:19.8617201Z [2mdist-demo/[22m[2massets/[22m[36mbrowser-BJIsrzs-.js            [39m[1m[2m255.64 kB[22m[1m[22m[2m │ gzip:  87.02 kB[22m
2026-10-10T01:52:19.8618201Z [2mdist-demo/[22m[2massets/[22m[36mreact-runtime-gLMyUIL2.js      [39m[1m[2m279.79 kB[22m[1m[22m[2m │ gzip:  90.28 kB[22m
2026-10-10T01:52:19.8619232Z [2mdist-demo/[22m[2massets/[22m[36mcharts-uDdGNk6t.js             [39m[1m[2m320.23 kB[22m[1m[22m[2m │ gzip:  96.79 kB[22m
2026-10-10T01:52:19.8620192Z [2mdist-demo/[22m[2massets/[22m[36mmui-CUCPJGs1.js                [39m[1m[2m328.77 kB[22m[1m[22m[2m │ gzip: 100.20 kB[22m
2026-10-10T01:52:19.8621171Z [2mdist-demo/[22m[2massets/[22m[36mcontract-data-CJyvN5AM.js      [39m[1m[2m375.47 kB[22m[1m[22m[2m │ gzip:  44.43 kB[22m
2026-10-10T01:52:19.8621767Z [32m✓ built in 7.04s[39m
2026-10-10T01:52:19.9663807Z 
2026-10-10T01:52:19.9664510Z > node node_modules/@playwright/test/cli.js test --project=firefox --reporter=line
2026-10-10T01:52:23.0774420Z 
2026-10-10T01:52:23.0775894Z Running 348 tests using 1 worker
2026-10-10T01:52:23.0776313Z 
2026-10-10T01:52:23.8438405Z [1/348] [firefox] › tests/accessibility/routes.spec.ts:17:1 › all canonical routes pass whole-page WCAG 2.1 A/AA axe checks in the React demo
2026-10-10T01:55:30.9562022Z [2/348] [firefox] › tests/accessibility/routes.spec.ts:84:1 › contained action buttons do not animate between contrasting enabled and disabled color pairs
2026-10-10T01:55:35.2182752Z [3/348] [firefox] › tests/artifacts/demo-preview.spec.ts:40:1 › the built demo artifact serves the React UI and synthetic API through preview
2026-10-10T01:55:36.6305758Z [firefox] › tests/artifacts/demo-preview.spec.ts:40:1 › the built demo artifact serves the React UI and synthetic API through preview
2026-10-10T01:55:36.6324378Z [artifact-preview] {"scope":"FRONTEND_WITH_SYNTHETIC_MOCK_API","artifact":"apps/web/dist-demo","browserMetrics":{"browser":"Mozilla/5.0 (Windows NT 10.0; Win64; x64; rv:155.0) Gecko/20100101 Firefox/155.0","viewport":{"width":1280,"height":720},"route":"/s/shop-demo/overview","domContentLoadedMs":232,"loadEventMs":232,"scriptCount":11,"scriptTransferBytes":482370,"scriptAssets":[{"file":"index-D-liCnbQ.js","transferBytes":33722,"decodedBytes":105422,"durationMs":33},{"file":"query-Df7VyXaF.js","transferBytes":10222,"decodedBytes":33154,"durationMs":33},{"file":"react-runtime-gLMyUIL2.js","transferBytes":90583,"decodedBytes":279787,"durationMs":54},{"file":"mui-CUCPJGs1.js","transferBytes":100504,"decodedBytes":328773,"durationMs":54},{"file":"contract-data-CJyvN5AM.js","transferBytes":44731,"decodedBytes":375469,"durationMs":54},{"file":"schema-validation-B78jEm7B.js","transferBytes":45420,"decodedBytes":149800,"durationMs":54},{"file":"i18n-D4N_7Z3Q.js","transferBytes":15416,"decodedBytes":46142,"durationMs":47},{"file":"service-Bm9CW7T5.js","transferBytes":54455,"decodedBytes":233456,"durationMs":17},{"file":"browser-BJIsrzs-.js","transferBytes":87317,"decodedBytes":255636,"durationMs":18},{"file":"index-DfiqcyVB.js","transferBytes":0,"decodedBytes":0,"durationMs":0},{"file":"hooks-DiyyWyrx.js","transferBytes":0,"decodedBytes":0,"durationMs":0}]},"bundles":{"javascriptFiles":32,"totalBytes":2617226,"totalGzipBytes":735770,"initialRouteGzipBytes":485552,"proposedBudgets":{"initialRouteGzipKiB":500,"largestChunkGzipKiB":200,"basis":"Local demo preview limits for the measured Chromium artifact; not a backend or platform SLO."},"largest":[{"file":"apps/web/dist-demo/assets/contract-data-CJyvN5AM.js","bytes":375469,"gzipBytes":44431},{"file":"apps/web/dist-demo/assets/mui-CUCPJGs1.js","bytes":328773,"gzipBytes":100204},{"file":"apps/web/dist-demo/assets/charts-uDdGNk6t.js","bytes":320234,"gzipBytes":96785},{"file":"apps/web/dist-demo/assets/react-runtime-gLMyUIL2.js","bytes":279787,"gzipBytes":90283},{"file":"apps/web/dist-demo/assets/browser-BJIsrzs-.js","bytes":255636,"gzipBytes":87017}]},"observedApi":{"path":"/api/v2/session","status":200,"servedBy":"MSW in the built demo artifact"},"dataSource":"synthetic-msw"}
2026-10-10T01:55:36.6335790Z 
2026-10-10T01:55:36.6494560Z [4/348] [firefox] › tests/artifacts/demo-preview.spec.ts:104:1 › a thousand synthetic customers remain API-paginated in the built demo artifact
2026-10-10T01:55:39.2325846Z [firefox] › tests/artifacts/demo-preview.spec.ts:104:1 › a thousand synthetic customers remain API-paginated in the built demo artifact
2026-10-10T01:55:39.2328511Z [large-dataset-api] {"url":"http://127.0.0.1:46393/api/v2/shops/shop-demo/customers?limit=20","count":20,"page":{"limit":20,"total":1004,"hasMore":true,"nextCursor":"perf-customer-0016"},"firstIds":["c1","c2","c3"]}
2026-10-10T01:55:39.2329635Z 
2026-10-10T01:55:39.3452786Z [large-dataset-preview] {"scope":"FRONTEND_WITH_SYNTHETIC_MOCK_API","artifact":"apps/web/dist-demo","datasetId":"FE025-LARGE-CUSTOMERS-1000-V1","generatedRows":1000,"firstPageIds":["c1","c2","c3","c4","perf-customer-0001","perf-customer-0002","perf-customer-0003","perf-customer-0004","perf-customer-0005","perf-customer-0006","perf-customer-0007","perf-customer-0008","perf-customer-0009","perf-customer-0010","perf-customer-0011","perf-customer-0012","perf-customer-0013","perf-customer-0014","perf-customer-0015","perf-customer-0016"],"api":{"status":200,"pageLimit":20,"total":1004,"hasMore":true,"nextCursor":"perf-customer-0016"},"domRowsIncludingHeader":21,"firstPageReadyMs":583,"browser":"Mozilla/5.0 (Windows NT 10.0; Win64; x64; rv:155.0) Gecko/20100101 Firefox/155.0","viewport":{"width":1280,"height":720},"note":"Synthetic customer identities only; the React screen renders one API page and exposes the next cursor instead of mounting the full collection."}
2026-10-10T01:55:39.3456802Z 
2026-10-10T01:55:39.3634635Z [5/348] [firefox] › tests/artifacts/demo-preview.spec.ts:143:1 › the production artifact contains neither the mock worker asset nor MSW fixtures/runtime
2026-10-10T01:55:39.4091907Z [6/348] [firefox] › tests/fe009.spec.ts:37:1 › workspace onboarding creates a shop with an active membership and returns to its scoped route
2026-10-10T01:55:44.5092230Z [7/348] [firefox] › tests/fe009.spec.ts:59:1 › customer create validates fields, submits through mock HTTP, and preserves edits after a stale version
2026-10-10T01:55:54.1747808Z [8/348] [firefox] › tests/fe009.spec.ts:127:1 › customer detail keeps redacted contact fields read-only and does not overwrite them on save
2026-10-10T01:55:57.5202547Z [9/348] [firefox] › tests/fe009.spec.ts:144:1 › job detail follows an export created in the current synthetic shop and can refetch it
2026-10-10T01:56:02.2422409Z [10/348] [firefox] › tests/fe009.spec.ts:179:1 › FE009.G01 shop setup checklist guides to supported pages and leaves missing contract fields unverified
2026-10-10T01:56:04.4596631Z [11/348] [firefox] › tests/fe009.spec.ts:192:1 › FE009.G05 consent management persists challenges without granting consent before customer action
2026-10-10T01:56:08.9959944Z [12/348] [firefox] › tests/fe009.spec.ts:202:1 › FE009.H06 audit screen distinguishes available fields from missing contract detail
2026-10-10T01:56:11.0763931Z [13/348] [firefox] › tests/fe009.spec.ts:211:1 › FE009.B06 after-sale cases only link orders loaded for the selected customer and customer profile shows their shipment
2026-10-10T01:56:20.2277498Z [14/348] [firefox] › tests/fe009.spec.ts:243:1 › team invitation and membership revoke stay shop-scoped and protect the active owner
2026-10-10T01:56:25.5913548Z [15/348] [firefox] › tests/fe009.spec.ts:279:1 › privacy delete requests remain pending approval with no frontend step-up shortcut
2026-10-10T01:56:31.0358167Z [16/348] [firefox] › tests/fe010.spec.ts:40:1 › product editor validates positive prices, protects image-only drafts, and saves variant payload through mock HTTP
2026-10-10T01:56:42.0628872Z [17/348] [firefox] › tests/fe010.spec.ts:110:1 › product update sends If-Match and keeps edits visible after a 412 conflict
2026-10-10T01:56:46.8257234Z [18/348] [firefox] › tests/fe010.spec.ts:142:1 › warehouse role can read catalog products but cannot edit product fields or price cost data
2026-10-10T01:56:50.6940112Z [19/348] [firefox] › tests/fe010.spec.ts:151:1 › categories create, search, update with a version, and render cursor pagination
2026-10-10T01:56:55.1071907Z [20/348] [firefox] › tests/fe010.spec.ts:180:1 › CSV preview reports row-level errors and commits only valid product rows
2026-10-10T01:57:02.4875251Z [21/348] [firefox] › tests/fe010.spec.ts:252:1 › import validation token is rejected with 412 after catalog changes and the preview remains visible
2026-10-10T01:57:10.1830366Z [22/348] [firefox] › tests/fe010.spec.ts:284:1 › CSV demo row limit is explained and rejects more than 1000 data rows before preview
2026-10-10T01:57:13.0707736Z [23/348] [firefox] › tests/fe010.spec.ts:297:1 › demo upload rejects files over 5 MB before making an upload request
2026-10-10T01:57:15.7677640Z [24/348] [firefox] › tests/fe010.spec.ts:308:1 › product category lookup pages the full collection and preserves the selected category while editing
2026-10-10T01:57:57.0127566Z [firefox] › tests/fe010.spec.ts:308:1 › product category lookup pages the full collection and preserves the selected category while editing
2026-10-10T01:57:57.0129464Z UI005 acceptance: {"categoryTotal":105,"createCategoryId":"cat-2","editCategoryId":"cat-0","categoryRequests":20}
2026-10-10T01:57:57.0130272Z 
2026-10-10T01:57:57.1168841Z [25/348] [firefox] › tests/fe011.spec.ts:37:1 › FE011.AC01 snapshot drives stock totals and the SKU opens its catalog result
2026-10-10T01:58:02.9168731Z [26/348] [firefox] › tests/fe011.spec.ts:56:1 › FE011.AC02 adjustment validates, waits for mock confirmation, and reconciles movement history once
2026-10-10T01:58:11.1477065Z [27/348] [firefox] › tests/fe011.spec.ts:95:1 › FE011.AC03 conflict and insufficient stock preserve the draft and never update optimistically
2026-10-10T01:58:16.9132156Z [28/348] [firefox] › tests/fe011.spec.ts:125:1 › FE011.AC03 forbidden adjustment retains user input and shows no success state
2026-10-10T01:58:21.0236759Z [29/348] [firefox] › tests/fe011.spec.ts:141:1 › FE011.AC03 unknown command blocks duplicate submission until shared recovery reconciles it
2026-10-10T01:58:25.9811146Z [30/348] [firefox] › tests/fe011.spec.ts:159:1 › FE011.AC04 movement contract filters are URL-backed and history exposes actor and permission-gated source
2026-10-10T01:58:29.6280462Z [31/348] [firefox] › tests/fe011.spec.ts:187:1 › FE011.AC05 inventory reflows at mobile widths, passes axe, and restores keyboard focus after adjustment dialog
2026-10-10T01:58:35.4155050Z [32/348] [firefox] › tests/fe011.spec.ts:210:1 › FE011.AC03 unknown shop scope shows no stock from another shop
2026-10-10T01:58:36.4448914Z [33/348] [firefox] › tests/fe012.spec.ts:37:1 › FE012.AC01 searchable customer and product pickers submit contract-shaped draft and reject fractional quantity
2026-10-10T01:58:44.4795773Z [34/348] [firefox] › tests/fe012.spec.ts:95:1 › FE012 canonical customer address choice completes the mock order flow with a versioned snapshot
2026-10-10T01:58:52.4888673Z [35/348] [firefox] › tests/fe012.spec.ts:124:1 › FE012.AC01 editing lines invalidates quote and customer consent; a new quote is required before confirmation
2026-10-10T01:59:01.8659523Z [36/348] [firefox] › tests/fe012.spec.ts:184:1 › FE012.AC03 mock stale-version 412 preserves draft fields and does not show success
2026-10-10T01:59:06.4264905Z [37/348] [firefox] › tests/fe012.spec.ts:201:1 › FE012.AC03 offline state blocks quote mutation while retaining the loaded draft
2026-10-10T01:59:08.8612138Z [38/348] [firefox] › tests/fe012.spec.ts:213:1 › FE012.AC03 unknown confirm outcome blocks duplicate writes until shared command recovery is available
2026-10-10T01:59:13.8137923Z [39/348] [firefox] › tests/fe012.spec.ts:259:1 › FE012.AC03 quote and customer confirmation expiration disable confirmation using API time
2026-10-10T01:59:17.2523810Z [40/348] [firefox] › tests/fe012.spec.ts:279:1 › FE012.AC03 returns reject fractional/over-original quantities locally and preserve data on cumulative mock rejection
2026-10-10T01:59:20.2318231Z [41/348] [firefox] › tests/fe012.spec.ts:303:1 › FE012.AC04 return inspection loads the current case and applies accepted partial quantity to mock stock and refund
2026-10-10T01:59:28.1454196Z [42/348] [firefox] › tests/fe012.spec.ts:356:1 › FE012.AC03 handed-over order routes to returns and exposes no ordinary cancel action
2026-10-10T01:59:30.2156994Z [43/348] [firefox] › tests/fe012.spec.ts:363:1 › FE012.AC05 order drafting remains usable without horizontal page overflow and passes focused axe checks
2026-10-10T01:59:33.5054936Z [44/348] [firefox] › tests/fe013.spec.ts:42:1 › FE013.C04 shipping preview distinguishes missing address, unserviceable zone, and expired mock quote
2026-10-10T01:59:39.3158180Z [45/348] [firefox] › tests/fe013.spec.ts:68:1 › FE013.AC01–AC04 stale claim conflict is visible; pick, pack, dispatch and delivery use current API versions once
2026-10-10T01:59:59.1167695Z [46/348] [firefox] › tests/fe013.spec.ts:212:1 › FE013.AC03 unknown handover cannot be repeated before command reconciliation
2026-10-10T02:00:11.0167173Z [47/348] [firefox] › tests/fe013.spec.ts:259:1 › FE013.AC01 role scope and FE013.AC05 responsive shipment/preparation views remain accessible
2026-10-10T02:00:19.0623340Z [48/348] [firefox] › tests/fe014.spec.ts:27:1 › FE014.AC01 multi-line purchase validates MOQ/pack size and binds approval to the created intent
2026-10-10T02:00:26.3502007Z [49/348] [firefox] › tests/fe014.spec.ts:79:1 › FE027.D02 supplier workspace edits the selected contact through its current version and displays MOQ offers
2026-10-10T02:00:30.2197704Z [50/348] [firefox] › tests/fe014.spec.ts:97:1 › FE014.AC02 approval covers the exact purchase intent; unknown send is blocked from blind retry
2026-10-10T02:00:40.6500916Z [51/348] [firefox] › tests/fe014.spec.ts:156:1 › FE014.S03 auto-send requires an active matching purchase delegation
2026-10-10T02:00:46.6824585Z [52/348] [firefox] › tests/fe014.spec.ts:170:1 › FE014.S04 owner manages a paused purchase delegation only after rechecking the buyer role
2026-10-10T02:00:56.6332005Z [53/348] [firefox] › tests/fe014.spec.ts:217:1 › FE014.S03 manager without procurement.receive cannot open receipt actions
2026-10-10T02:01:01.6809703Z [54/348] [firefox] › tests/fe014.spec.ts:237:1 › FE014.AC03 partial receipt posts only accepted units to synthetic stock and payable once
2026-10-10T02:01:11.4038403Z [55/348] [firefox] › tests/fe014.spec.ts:308:1 › FE014.D03/D04/D07 replenishment uses min-max rules, labels forecast limits, and blocks duplicate proposals
2026-10-10T02:01:17.3570469Z [56/348] [firefox] › tests/fe015.spec.ts:59:1 › FE015.AC01 report filters use exact timezone boundaries and mock API aggregates
2026-10-10T02:01:23.5688283Z [57/348] [firefox] › tests/fe015.spec.ts:109:1 › FE021.E08 report explanation is mock-only, cites the filtered P&L snapshot, and never writes finance data
2026-10-10T02:01:26.5667624Z [58/348] [firefox] › tests/fe015.spec.ts:130:1 › UI003 report timestamps follow the active shop timezone
2026-10-10T02:01:34.2235982Z [59/348] [firefox] › tests/fe015.spec.ts:187:1 › FE015.E02/E03 profit report renders canonical cost, gross-profit and operating-expense values
2026-10-10T02:01:36.8379247Z [60/348] [firefox] › tests/fe015.spec.ts:215:1 › FE015.AC02 journal rejects unbalanced decimal lines before POST and sends exact money strings
2026-10-10T02:01:43.4602405Z [61/348] [firefox] › tests/fe015.spec.ts:250:1 › FE015.AC02 closed accounting period is visible and disables journal draft creation
2026-10-10T02:01:50.7436288Z [62/348] [firefox] › tests/fe015.spec.ts:274:1 › FE015.AC03 CSV import keeps partial row failures visible and deduplicates external transactions
2026-10-10T02:01:57.8178711Z [63/348] [firefox] › tests/fe015.spec.ts:297:1 › UI001 reconciliation cursors stay scoped and dialogs load choices beyond the visible table page
2026-10-10T02:02:19.8038095Z [64/348] [firefox] › tests/fe015.spec.ts:424:1 › FE015.AC03 COD settlement matches net remittance plus documented fee
2026-10-10T02:02:30.0737324Z [65/348] [firefox] › tests/fe015.spec.ts:459:1 › FE015.AC03 partial bank allocation leaves the remaining amount and debt visible
2026-10-10T02:02:37.9250248Z [66/348] [firefox] › tests/fe015.spec.ts:485:1 › FE015.AC03 unknown journal posting is not resent from the same draft
2026-10-10T02:02:47.0714625Z [67/348] [firefox] › tests/fe016.spec.ts:70:1 › UI015 mobile demo tools disclose by keyboard and inbox stays within narrow viewports
2026-10-10T02:02:51.9546260Z [68/348] [firefox] › tests/fe016.spec.ts:103:1 › FE016 conversation keeps its composer visible while long demo context scrolls independently
2026-10-10T02:02:55.2426027Z [69/348] [firefox] › tests/fe016.spec.ts:210:1 › FE016.AC01 inbox filters call canonical query fields and remain bookmarked through conversation details
2026-10-10T02:02:59.6909033Z [70/348] [firefox] › tests/fe016.spec.ts:238:1 › Shared consolidation Inbox preserves selected filters and composer draft through metadata pending error empty and recovery
2026-10-10T02:03:05.1589248Z [71/348] [firefox] › tests/fe016.spec.ts:298:1 › FE016.AC01 list cursor is isolated from message cursor and restored on back navigation
2026-10-10T02:03:10.3978829Z [72/348] [firefox] › tests/fe016.spec.ts:317:1 › UI002 inbox list and message cursors stay independent through paging, conversation switch and shop change
2026-10-10T02:03:17.8628792Z [73/348] [firefox] › tests/fe016.spec.ts:406:1 › UI002 mobile keeps the list page while messages page and Back restores it
2026-10-10T02:03:23.6545809Z [74/348] [firefox] › tests/fe016.spec.ts:450:1 › UI002 Inbox search resets only the list cursor while a message page is open
2026-10-10T02:03:28.7287829Z [75/348] [firefox] › tests/fe016.spec.ts:507:1 › UI002 deep link, refresh and mobile Back preserve their own cursors
2026-10-10T02:03:33.0330929Z [76/348] [firefox] › tests/fe016.spec.ts:561:1 › UI002 list and message panel errors remain isolated
2026-10-10T02:03:41.6411267Z [77/348] [firefox] › tests/fe016.spec.ts:585:1 › UI002 send, invalidation and resync keep both cursors and send only once
2026-10-10T02:03:47.3040034Z [78/348] [firefox] › tests/fe016.spec.ts:645:1 › FE016.AC01 takeover and reply use current versions and show API send state without claiming delivery
2026-10-10T02:03:52.1331939Z [79/348] [firefox] › tests/fe016.spec.ts:672:1 › FE016.AC02 internal notes render HTML-like text inert and feedback creates only a review draft
2026-10-10T02:03:56.9111125Z [80/348] [firefox] › tests/fe016.spec.ts:705:1 › FE016.AC03 unknown send keeps the reply draft, exposes command recovery and never blindly resends
2026-10-10T02:04:01.4139897Z [81/348] [firefox] › tests/fe016.spec.ts:728:1 › FE016.AC04 role without customer/order permissions cannot open those cross-module references
2026-10-10T02:04:08.9136130Z [82/348] [firefox] › tests/fe016.spec.ts:739:1 › FE016.S03 stale takeover preserves reason and reports the version conflict
2026-10-10T02:04:12.7731606Z [83/348] [firefox] › tests/fe016.spec.ts:755:1 › FE016.B05 cross-sell promotion preview shows sample rules without applying a discount
2026-10-10T02:04:15.2333519Z [84/348] [firefox] › tests/fe016.spec.ts:769:1 › FE016.B08 capability-driven image, voice and document media upload and send by scoped file IDs
2026-10-10T02:04:22.2864990Z [85/348] [firefox] › tests/fe016.spec.ts:835:1 › FE016.B09 pending media send preserves newer text and blocks blind retry after unknown outcome
2026-10-10T02:04:30.8860391Z [86/348] [firefox] › tests/fe016.spec.ts:879:1 › FE016.B10 a channel without an explicit media policy keeps text composer and denies attachments
2026-10-10T02:04:33.3368092Z [87/348] [firefox] › tests/fe016.spec.ts:891:1 › FE027.B01 industry sales script preview asks for missing facts and stays a local draft
2026-10-10T02:04:36.4218346Z [88/348] [firefox] › tests/fe016.spec.ts:907:1 › FE027.B02 inbox price and available stock preview uses current canonical mock reads
2026-10-10T02:04:39.1506986Z [89/348] [firefox] › tests/fe016.spec.ts:928:1 › FE027.B03 order capture links the active customer and conversation into the manual order form
2026-10-10T02:04:43.5818500Z [90/348] [firefox] › tests/fe016.spec.ts:938:1 › FE027.B04 automatic order confirmation stays unavailable until policy and customer evidence exist
2026-10-10T02:04:46.1152189Z [91/348] [firefox] › tests/fe017-validation.spec.ts:15:1 › FE017 synthetic 422 keeps the knowledge draft fields and shows field errors
2026-10-10T02:04:54.3452127Z [92/348] [firefox] › tests/fe017.spec.ts:26:1 › FE017.AC01 demo publishing uses the approved permission and lifecycle substitute without an API allowedActions field
2026-10-10T02:05:05.2771191Z [93/348] [firefox] › tests/fe017.spec.ts:117:1 › FE017.AC02 knowledge file upload sends canonical purpose and detail reads processing status
2026-10-10T02:05:10.5587402Z [94/348] [firefox] › tests/fe017.spec.ts:156:1 › FE017 price and stock source preview uses canonical product and timestamped inventory APIs
2026-10-10T02:05:12.7403925Z [95/348] [firefox] › tests/fe017.spec.ts:189:1 › FE017.AC03 missing content, unsupported and oversized files keep creation unavailable
2026-10-10T02:05:15.9004932Z [96/348] [firefox] › tests/fe017.spec.ts:211:1 › FE017.AC04 feedback approval creates inert draft content and its first revision only
2026-10-10T02:05:24.7762775Z [97/348] [firefox] › tests/fe017.spec.ts:244:1 › FE017.AC05 manager sees knowledge read-only and synthetic API rejects purpose-specific upload and publish
2026-10-10T02:05:28.2831167Z [98/348] [firefox] › tests/fe017.spec.ts:265:1 › FE017.AC06 stale review preserves the reason and explains the conflict
2026-10-10T02:05:31.6487253Z [99/348] [firefox] › tests/fe017.spec.ts:280:1 › FE027.G02 product content brief edits source, size, warranty, alternatives, and forbidden claims locally
2026-10-10T02:05:34.0351106Z [100/348] [firefox] › tests/fe017.spec.ts:298:1 › FE027.G03 policy revisions keep the published snapshot immutable when a draft changes
2026-10-10T02:05:36.7291005Z [101/348] [firefox] › tests/fe018.spec.ts:130:1 › FE018.S01 maps routes and operations to the canonical OpenAPI permissions
2026-10-10T02:05:37.1959698Z [102/348] [firefox] › tests/fe018.spec.ts:147:1 › FE018.AC01/04 draft saves use the contract version and keep human order confirmation locked after a conflict
2026-10-10T02:05:48.4895549Z [103/348] [firefox] › tests/fe018.spec.ts:178:1 › FE018.AC03 evaluation is synthetic, revision-bound, and cannot publish a stale draft
2026-10-10T02:05:57.0048887Z [104/348] [firefox] › tests/fe018.spec.ts:202:1 › FE018.AC01/04 successful publish is tied to the tested revision and pause explains its boundary
2026-10-10T02:06:04.6558691Z [105/348] [firefox] › tests/fe018.spec.ts:232:1 › FE018.AC03 playground sends no external message and preserves unknown cost and token values
2026-10-10T02:06:08.9119916Z [106/348] [firefox] › tests/fe018.spec.ts:254:1 › FE018.S03 synthetic budget and tool denials retain the prompt and never show a generated answer
2026-10-10T02:06:15.5760975Z [107/348] [firefox] › tests/fe018.spec.ts:280:1 › FE027.H03 budget and provider failover preview refuses silent provider switching on exhaustion
2026-10-10T02:06:19.4610239Z [108/348] [firefox] › tests/fe018.spec.ts:294:1 › FE018.AC02 role kill switch is versioned, preserves API tools, and does not pause the whole bot
2026-10-10T02:06:28.8706574Z [109/348] [firefox] › tests/fe018.spec.ts:335:1 › FE018.AC02 expired, wrong-scope, and matching approvals produce honest budget results
2026-10-10T02:06:34.2873599Z [110/348] [firefox] › tests/fe018.spec.ts:363:1 › FE018.AC05 manager and bot-admin roles cannot use operations outside their canonical permissions
2026-10-10T02:06:40.7647328Z [111/348] [firefox] › tests/fe018.spec.ts:395:1 › FE018.AC05 unknown role command stays unresolved and does not claim successful resumption
2026-10-10T02:06:47.0245141Z [112/348] [firefox] › tests/fe018.spec.ts:411:1 › UI004 25 evaluations: cursor pages reach the last record and preserve detail, search, and browser Back state
2026-10-10T02:06:56.2734695Z [firefox] › tests/fe018.spec.ts:411:1 › UI004 25 evaluations: cursor pages reach the last record and preserve detail, search, and browser Back state
2026-10-10T02:06:56.2737298Z UI004_25_ACCEPTANCE={"total":25,"pageSizes":[20,5],"cursor":"evaluation-10016","oldestRecord":"evaluation-10001","oldestReachable":true,"detailPreservedCursor":true,"browserBackRestoredFirstPage":true,"searchResetCursor":true}
2026-10-10T02:06:56.2738341Z 
2026-10-10T02:07:00.8759414Z [113/348] [firefox] › tests/fe018.spec.ts:457:1 › UI004 105 evaluations: cursor traversal reaches every record and retains the failing cursor for retry
2026-10-10T02:07:22.3450682Z [firefox] › tests/fe018.spec.ts:457:1 › UI004 105 evaluations: cursor traversal reaches every record and retains the failing cursor for retry
2026-10-10T02:07:22.3454433Z UI004_105_ACCEPTANCE={"total":105,"pageSizes":[20,20,20,20,20,5],"pagesVisited":6,"cursorRequests":["evaluation-10256","evaluation-10196","evaluation-10136","evaluation-10076","evaluation-10016"],"uniqueRecords":105,"oldestRecord":"evaluation-10001","oldestReachable":true,"failedCursorRetainedForRetry":"evaluation-10196","errorShowsNoFabricatedRows":true,"retrySucceeded":true}
2026-10-10T02:07:22.3457322Z 
2026-10-10T02:07:22.4484423Z [114/348] [firefox] › tests/fe019.spec.ts:21:1 › FE019.S01 maps integrations and notification routes, actions, schemas, and mock boundaries
2026-10-10T02:07:22.7625782Z [115/348] [firefox] › tests/fe019.spec.ts:70:1 › FE019.AC01 AI secret is write-only, cleared after submit, and absent from stored/read data
2026-10-10T02:07:28.7888202Z [116/348] [firefox] › tests/fe019.spec.ts:117:1 › FE019.AC01 invalid mock credential is rejected, cleared from the form, and not submitted
2026-10-10T02:07:32.0268171Z [117/348] [firefox] › tests/fe019.spec.ts:138:1 › FE019.AC02 channel OAuth failure stays on the page and never marks a channel connected
2026-10-10T02:07:34.3105791Z [118/348] [firefox] › tests/fe019.spec.ts:172:1 › FE019.AC03/04 device, Telegram, and PWA checks stay synthetic and do not request OS permission
2026-10-10T02:07:41.0082504Z [119/348] [firefox] › tests/fe019.spec.ts:251:1 › FE019.AC05 notification policy validates canonical numeric bounds before sending and acknowledges only allowed work
2026-10-10T02:07:45.5418713Z [120/348] [firefox] › tests/fe019.spec.ts:273:1 › FE019.A03 notification order link stays within the active shop scope
2026-10-10T02:07:49.4288124Z [121/348] [firefox] › tests/fe019.spec.ts:282:1 › FE019.A05 reminder policy saves shop-local schedule and quiet hours through the synthetic API
2026-10-10T02:07:52.9086973Z [122/348] [firefox] › tests/fe019.spec.ts:309:1 › FE027.A02/A07 preparation notification keeps order evidence and separates queued, opened, and acknowledged states
2026-10-10T02:07:55.0911495Z [123/348] [firefox] › tests/fe019.spec.ts:334:1 › FE027.A08 notification settings disclose server-only deduplication and callback safeguards
2026-10-10T02:08:02.5524271Z [124/348] [firefox] › tests/fe020.spec.ts:43:1 › FE020.AC01 approval detail is fetched and a changed source resource rejects the stale decision
2026-10-10T02:08:11.6320000Z [125/348] [firefox] › tests/fe020.spec.ts:89:1 › FE020.AC02/03 work-item actions follow allowedActions and operations health stays explicitly synthetic
2026-10-10T02:08:17.3888692Z [126/348] [firefox] › tests/fe020.spec.ts:140:1 › FE020.AC03 role pause control uses the canonical versioned mock and never claims readiness
2026-10-10T02:08:20.8633077Z [127/348] [firefox] › tests/fe020.spec.ts:157:1 › FE020.F03 operations exception filter groups overdue, blocked, and unclaimed synthetic work
2026-10-10T02:08:23.2498477Z [128/348] [firefox] › tests/fe020.spec.ts:178:1 › FE020.F05 purchase delegation is bounded, saved paused, and requires a separate activation decision
2026-10-10T02:08:30.7494271Z [129/348] [firefox] › tests/fe020.spec.ts:209:1 › FE020.F06/H01 digest and dependency health panels show synthetic history without claiming workers are ready
2026-10-10T02:08:33.0277917Z [130/348] [firefox] › tests/fe020.spec.ts:242:1 › FE027.H08 restore and release readiness stay unknown without a verified rehearsal or deployment gate
2026-10-10T02:08:35.5000880Z [131/348] [firefox] › tests/fe021.spec.ts:34:1 › FE021 dashboard keeps independent panels usable and hides finance fields without finance.read
2026-10-10T02:08:40.9853954Z [132/348] [firefox] › tests/fe021.spec.ts:46:1 › FE021 timezone and privacy validation waits for interaction and blocks invalid writes
2026-10-10T02:08:47.4576123Z [133/348] [firefox] › tests/fe021.spec.ts:82:1 › FE021 approval and shipment work queues appear before sample previews
2026-10-10T02:08:58.0314254Z [134/348] [firefox] › tests/fe021.spec.ts:104:1 › FE021 marketing filters preserve API-side aggregates, URL context and missing actual spend
2026-10-10T02:12:14.9307354Z   1) [firefox] › tests/fe021.spec.ts:104:1 › FE021 marketing filters preserve API-side aggregates, URL context and missing actual spend 
2026-10-10T02:12:14.9308306Z 
2026-10-10T02:12:14.9308576Z     Test timeout of 180000ms exceeded.
2026-10-10T02:12:14.9308904Z 
2026-10-10T02:12:14.9309307Z     Error: page.waitForResponse: Test timeout of 180000ms exceeded.
2026-10-10T02:12:14.9309799Z 
2026-10-10T02:12:14.9310389Z       127 |     await page.getByLabel('Đến ngày').fill('2026-09-24');
2026-10-10T02:12:14.9311265Z       128 |     await chooseOption(page, 'Gộp theo', 'Tuần');
2026-10-10T02:12:14.9312164Z     > 129 |     const filteredResponsePromise = page.waitForResponse(candidate => {
2026-10-10T02:12:14.9312664Z           |                                          ^
2026-10-10T02:12:14.9313038Z       130 |         const url = new URL(candidate.url());
2026-10-10T02:12:14.9313436Z       131 |         return candidate.request().method() === 'GET'
2026-10-10T02:12:14.9313872Z       132 |             && url.pathname.endsWith('/marketing-summary')
2026-10-10T02:12:14.9314532Z         at /home/runner/work/Bot-AI-Ban-hang-FB/Bot-AI-Ban-hang-FB/BotSalesAI_Frontend/tests/fe021.spec.ts:129:42
2026-10-10T02:12:14.9314958Z 
2026-10-10T02:12:14.9316055Z     Error Context: test-results/playwright-5837-46faa6d3-f8c2-435b-bdc9-fc14a0ea473a/fe021-FE021-marketing-filt-87c4b-xt-and-missing-actual-spend-firefox/error-context.md
2026-10-10T02:12:14.9316853Z 
2026-10-10T02:12:14.9317560Z     Error Context: test-results/playwright-5837-46faa6d3-f8c2-435b-bdc9-fc14a0ea473a/fe021-FE021-marketing-filt-87c4b-xt-and-missing-actual-spend-firefox/error-context.md
2026-10-10T02:12:14.9318269Z 
2026-10-10T02:12:14.9319114Z     attachment #3: trace (application/zip) ─────────────────────────────────────────────────────────
2026-10-10T02:12:14.9320113Z     test-results/playwright-5837-46faa6d3-f8c2-435b-bdc9-fc14a0ea473a/fe021-FE021-marketing-filt-87c4b-xt-and-missing-actual-spend-firefox/trace.zip
2026-10-10T02:12:14.9320823Z     Usage:
2026-10-10T02:12:14.9320941Z 
2026-10-10T02:12:14.9321884Z         npx playwright show-trace test-results/playwright-5837-46faa6d3-f8c2-435b-bdc9-fc14a0ea473a/fe021-FE021-marketing-filt-87c4b-xt-and-missing-actual-spend-firefox/trace.zip
2026-10-10T02:12:14.9322982Z 
2026-10-10T02:12:14.9323437Z     ────────────────────────────────────────────────────────────────────────────────────────────────
2026-10-10T02:12:14.9323973Z 
2026-10-10T02:12:14.9323980Z 
2026-10-10T02:12:16.2287159Z [135/348] [firefox] › tests/fe021.spec.ts:160:1 › FE021 invalid marketing deep links mark the responsible field and never send the invalid range
2026-10-10T02:12:21.7624336Z [136/348] [firefox] › tests/fe021.spec.ts:174:1 › FE021 export uses inclusive shop-local boundaries, safe CSV, API jobs and cursor pagination
2026-10-10T02:12:30.4934497Z [137/348] [firefox] › tests/fe021.spec.ts:229:1 › FE021 mock rejects an export when reports.export lacks the source permission
2026-10-10T02:12:33.9673039Z [138/348] [firefox] › tests/fe021.spec.ts:249:1 › FE021 mock rejects an invalid report timezone before creating an export job
2026-10-10T02:12:36.3833983Z [139/348] [firefox] › tests/fe021.spec.ts:269:1 › FE021 ambiguous export result preserves the selected dates and never exposes a download
2026-10-10T02:12:40.3781759Z [140/348] [firefox] › tests/fe021.spec.ts:282:1 › FE021 empty report and marketing payloads render explicit empty states
2026-10-10T02:12:47.4585789Z [141/348] [firefox] › tests/fe021.spec.ts:301:1 › FE021 stale export conflict preserves dates and never exposes a download
2026-10-10T02:12:51.3698410Z [142/348] [firefox] › tests/frontend-corrections.spec.ts:18:1 › F01 preserves a customer draft, compares three snapshots, and PATCHes only chosen changes
2026-10-10T02:12:58.9761331Z [143/348] [firefox] › tests/frontend-corrections.spec.ts:46:1 › F01 requires an explicit choice for a field changed by both editors
2026-10-10T02:13:03.5631387Z [144/348] [firefox] › tests/frontend-corrections.spec.ts:62:1 › F06 detects an order draft and blocks navigation until explicit discard
2026-10-10T02:13:08.9398782Z [145/348] [firefox] › tests/frontend-corrections.spec.ts:75:1 › F02 retains an unsaved product image through an unrelated refetch
2026-10-10T02:13:13.0551482Z [146/348] [firefox] › tests/frontend-corrections.spec.ts:87:1 › F03 retains notification-policy inputs through a background resync and navigation
2026-10-10T02:13:16.4027737Z [147/348] [firefox] › tests/frontend-corrections.spec.ts:98:1 › F05 keeps text typed while a previous internal note is pending
2026-10-10T02:13:20.5388833Z [148/348] [firefox] › tests/frontend-corrections.spec.ts:113:1 › F08 validates 4001 customer-note characters at the field and accepts 4000
2026-10-10T02:13:26.1888616Z [149/348] [firefox] › tests/frontend-corrections.spec.ts:147:1 › F07 routes the fulfillment footer close through the shared discard guard
2026-10-10T02:13:28.7832189Z [150/348] [firefox] › tests/frontend-corrections.spec.ts:161:1 › F09 refreshes new Inbox messages without refetching the visible product and stock snapshots
2026-10-10T02:13:32.0326674Z [151/348] [firefox] › tests/frontend-corrections.spec.ts:191:1 › F01 shop settings merges a server-only locale change and preserves edits typed during save
2026-10-10T02:13:36.5604831Z [152/348] [firefox] › tests/frontend-corrections.spec.ts:219:1 › F03 privacy policy preserves refetch drafts and compares before applying the newest version
2026-10-10T02:13:40.0533860Z [153/348] [firefox] › tests/frontend-corrections.spec.ts:236:1 › F01 category keeps a late edit after saving, and reopens with a clean current baseline
2026-10-10T02:13:45.1869582Z [154/348] [firefox] › tests/frontend-corrections.spec.ts:257:1 › F01 supplier preserves a concurrent server-only term and PATCHes the local name
2026-10-10T02:13:50.3999929Z [155/348] [firefox] › tests/frontend-corrections.spec.ts:274:1 › F08 customer update enforces 4000/4001 before HTTP and retains a 422 draft
2026-10-10T02:13:55.7356658Z [156/348] [firefox] › tests/frontend-corrections.spec.ts:302:1 › F05 keeps mode changes and unknown sends, locks another send, and observes recovery-registry completion
2026-10-10T02:13:59.8852709Z [157/348] [firefox] › tests/frontend-corrections.spec.ts:328:1 › F01 order editor keeps its original version and compares whole line lists before PATCH
2026-10-10T02:14:05.5993326Z [158/348] [firefox] › tests/frontend-corrections.spec.ts:350:1 › F06 guards added order rows, shop switch, logout and native reload; successful creation leaves no false guard
2026-10-10T02:14:24.1420457Z [159/348] [firefox] › tests/frontend-corrections.spec.ts:375:1 › F01 analogous return-inspection draft does not adopt a refetched version without comparison
2026-10-10T02:14:28.9138210Z [160/348] [firefox] › tests/frontend-corrections.spec.ts:399:1 › F01 comparison supports keyboard choices, server changes again, axe and 320px reflow with long content
2026-10-10T02:14:34.2221746Z [161/348] [firefox] › tests/frontend-corrections.spec.ts:428:1 › F08 privacy bounds reject invalid days and long jurisdiction before HTTP
2026-10-10T02:14:39.1558913Z [162/348] [firefox] › tests/frontend-corrections.spec.ts:453:1 › F06 order custom close respects the draft guard and busy editors remain protected
2026-10-10T02:14:45.2930798Z [163/348] [firefox] › tests/frontend.spec.ts:41:1 › catalog create uses the HTTP mock and successful save clears the draft guard
2026-10-10T02:14:53.6375238Z [164/348] [firefox] › tests/frontend.spec.ts:58:1 › dirty drafts block in-app navigation and preserve input until the user decides
2026-10-10T02:15:00.6579250Z [165/348] [firefox] › tests/frontend.spec.ts:76:1 › all canonical routes render inside the real React demo application
2026-10-10T02:16:50.0668467Z [166/348] [firefox] › tests/frontend.spec.ts:101:1 › switching shops cancels a delayed request and loads only the new shop scope
2026-10-10T02:16:58.4558445Z [167/348] [firefox] › tests/frontend.spec.ts:119:1 › role changes remove restricted navigation and the route guard explains denied access
2026-10-10T02:17:02.5349275Z [168/348] [firefox] › tests/frontend.spec.ts:132:1 › deep links survive browser refresh and logout clears the mock session
2026-10-10T02:17:07.2683441Z [169/348] [firefox] › tests/frontend.spec.ts:145:1 › logout asks before discarding a draft and retains the session when logout fails
2026-10-10T02:17:11.0395087Z [170/348] [firefox] › tests/frontend.spec.ts:202:1 › mobile navigation opens, routes, and closes without viewport overflow
2026-10-10T02:17:14.9043399Z [171/348] [firefox] › tests/frontend.spec.ts:216:1 › chunk loading errors use the route recovery boundary
2026-10-10T02:17:17.0267421Z [172/348] [firefox] › tests/frontend.spec.ts:255:1 › live mode reports an unavailable session API without enabling mock data
2026-10-10T02:17:18.0681885Z [173/348] [firefox] › tests/route-role-matrix.spec.ts:44:1 › route read access matches canonical permissions for every demo role
2026-10-10T02:18:22.6585666Z [firefox] › tests/route-role-matrix.spec.ts:44:1 › route read access matches canonical permissions for every demo role
2026-10-10T02:18:22.6587256Z ROUTE_ROLE_MATRIX_CASES=399 ROLES=7 PRIVATE_ROUTES=57 RESULT=PASS
2026-10-10T02:18:22.6588509Z 
2026-10-10T02:18:22.7564001Z [174/348] [firefox] › tests/security.spec.ts:36:1 › untrusted product text renders as text without activating markup
2026-10-10T02:18:31.0994767Z [175/348] [firefox] › tests/security.spec.ts:54:1 › catalog import rejects a non-CSV file before an upload request
2026-10-10T02:18:33.3138581Z [176/348] [firefox] › tests/security.spec.ts:72:1 › catalog import rejects files above the demo size limit before upload
2026-10-10T02:18:35.6858205Z [177/348] [firefox] › tests/security.spec.ts:90:1 › mock uploads require a purpose, enforce its role, and fingerprint file content for retries
2026-10-10T02:18:41.3109247Z [178/348] [firefox] › tests/session/demo-server-cache-isolation.spec.ts:7:1 › concurrent demo servers use isolated Vite caches and load the React app
2026-10-10T02:18:42.5142307Z [firefox] › tests/session/demo-server-cache-isolation.spec.ts:7:1 › concurrent demo servers use isolated Vite caches and load the React app
2026-10-10T02:18:42.5166066Z VITE_CACHE_ISOLATION=PASS rootA=/tmp/botsales-vite-cache/2fbc71299afedf720605/test-demo/playwright-14290-f5710790-a800-4ee5-add6-2ed76e97c322-parallel-a rootB=/tmp/botsales-vite-cache/2fbc71299afedf720605/test-demo/playwright-14290-f5710790-a800-4ee5-add6-2ed76e97c322-parallel-b otherCheckout=true
2026-10-10T02:18:42.5168970Z 
2026-10-10T02:18:47.9965250Z [179/348] [firefox] › tests/session/demo-worker-startup.spec.ts:17:1 › demo conditional module requests return complete exports without changing live or non-asset caching
2026-10-10T02:18:55.0692793Z [180/348] [firefox] › tests/session/demo-worker-startup.spec.ts:80:1 › demo startup explains the required setup when the browser blocks Service Workers
2026-10-10T02:18:56.0430885Z [181/348] [firefox] › tests/session/session-revocation.spec.ts:20:1 › session.revoked SSE closes the stream and clears the active shop session
2026-10-10T02:19:00.2201116Z [182/348] [firefox] › tests/session/session-unauthorized.spec.ts:17:1 › expired live session redirects to login and preserves the requested shop route
2026-10-10T02:19:05.6331198Z [183/348] [firefox] › tests/states/fe023.spec.ts:18:1 › FE023.S04 a dirty dialog keeps the form value until the user confirms discard
2026-10-10T02:19:10.2432788Z [184/348] [firefox] › tests/states/fe023.spec.ts:36:1 › FE023.S03 a customer lookup loads the next cursor page without dropping earlier choices
2026-10-10T02:19:15.7014166Z [185/348] [firefox] › tests/states/fe023.spec.ts:77:1 › FE023.S04 delayed requests show loading and failed refresh keeps a retry path
2026-10-10T02:19:26.1711475Z [186/348] [firefox] › tests/states/fe023.spec.ts:107:1 › FE023 unsaved shop settings are preserved when navigation switches shop scope
2026-10-10T02:19:30.7231960Z [187/348] [firefox] › tests/states/fe023.spec.ts:125:1 › FE023 a saved shop form resets its dirty baseline and reports success
2026-10-10T02:19:33.9921122Z [188/348] [firefox] › tests/states/route-empty-composition.spec.ts:29:1 › empty collection responses render accessible empty states on canonical list routes
2026-10-10T02:19:40.7056564Z [firefox] › tests/states/route-empty-composition.spec.ts:29:1 › empty collection responses render accessible empty states on canonical list routes
2026-10-10T02:19:40.7057467Z ROUTE_EMPTY_COMPOSITION_PROGRESS=3/11
2026-10-10T02:19:40.7057697Z 
2026-10-10T02:19:42.4890884Z ROUTE_EMPTY_COMPOSITION_PROGRESS=6/11
2026-10-10T02:19:42.4891234Z 
2026-10-10T02:19:45.5567595Z ROUTE_EMPTY_COMPOSITION_PROGRESS=9/11
2026-10-10T02:19:45.5568001Z 
2026-10-10T02:19:45.7487614Z ROUTE_EMPTY_COMPOSITION=11/11 RESULT=PASS
2026-10-10T02:19:45.7488081Z 
2026-10-10T02:19:45.8318368Z [189/348] [firefox] › tests/states/route-error-composition.spec.ts:28:1 › every shop route composes the shared API error state with its page content
2026-10-10T02:20:51.8107248Z [firefox] › tests/states/route-error-composition.spec.ts:28:1 › every shop route composes the shared API error state with its page content
2026-10-10T02:20:51.8108502Z ROUTE_ERROR_COMPOSITION_PROGRESS=10/57
2026-10-10T02:20:51.8108850Z 
2026-10-10T02:21:56.3160049Z ROUTE_ERROR_COMPOSITION_PROGRESS=20/57
2026-10-10T02:21:56.3160750Z 
2026-10-10T02:22:58.5182825Z ROUTE_ERROR_COMPOSITION_PROGRESS=30/57
2026-10-10T02:22:58.5183298Z 
2026-10-10T02:24:02.2481688Z ROUTE_ERROR_COMPOSITION_PROGRESS=40/57
2026-10-10T02:24:02.2482642Z 
2026-10-10T02:25:06.6162341Z   2) [firefox] › tests/states/route-error-composition.spec.ts:28:1 › every shop route composes the shared API error state with its page content 
2026-10-10T02:25:06.6163458Z 
2026-10-10T02:25:06.6174120Z     Test timeout of 300000ms exceeded.
2026-10-10T02:25:06.6174988Z 
2026-10-10T02:25:06.6176234Z     Error: R50 /s/:shopId/finance/debts-periods should expose the failed read
2026-10-10T02:25:06.6177180Z 
2026-10-10T02:25:06.6177684Z     expect(locator).toBeVisible() failed
2026-10-10T02:25:06.6178330Z 
2026-10-10T02:25:06.6179469Z     Locator: locator('main#main-content').locator('[role="alert"], [role="status"]').filter({ hasText: 'API mô phỏng đang lỗi liên tục' }).first()
2026-10-10T02:25:06.6180795Z     Expected: visible
2026-10-10T02:25:06.6181561Z     Error: element(s) not found
2026-10-10T02:25:06.6182030Z 
2026-10-10T02:25:06.6182335Z     Call log:
2026-10-10T02:25:06.6184443Z       - R50 /s/:shopId/finance/debts-periods should expose the failed read locator('main#main-content').locator('[role="alert"], [role="status"]').filter({ hasText: 'API mô phỏng đang lỗi liên tục' }).first() with timeout 10000ms
2026-10-10T02:25:06.6187321Z       - waiting for locator('main#main-content').locator('[role="alert"], [role="status"]').filter({ hasText: 'API mô phỏng đang lỗi liên tục' }).first()
2026-10-10T02:25:06.6188515Z       - 
2026-10-10T02:25:06.6188872Z 
2026-10-10T02:25:06.6189065Z 
2026-10-10T02:25:06.6189423Z       69 |                 } else {
2026-10-10T02:25:06.6191274Z       70 |                     await expect(main.locator('[role="alert"], [role="status"]').filter({ hasText: 'API mô phỏng đang lỗi liên tục' }).first(), `${route.id} ${route.path} should expose the failed read`)
2026-10-10T02:25:06.6192906Z     > 71 |                         .toBeVisible({ timeout: 10_000 });
2026-10-10T02:25:06.6193680Z          |                          ^
2026-10-10T02:25:06.6194707Z       72 |                     await chooseMockOption(page, 'Trạng thái thử', 'Bình thường');
2026-10-10T02:25:06.6195726Z       73 |                 }
2026-10-10T02:25:06.6197693Z       74 |                 await expect(page.locator('.MuiSnackbar-root').filter({ hasText: /thành công|đã lưu|đã tạo|đã cập nhật|hoàn tất|success/i }), `${route.id} must not show a success toast while an API read is failing`)
2026-10-10T02:25:06.6199951Z         at /home/runner/work/Bot-AI-Ban-hang-FB/Bot-AI-Ban-hang-FB/BotSalesAI_Frontend/tests/states/route-error-composition.spec.ts:71:26
2026-10-10T02:25:06.6200990Z 
2026-10-10T02:25:06.6202360Z     Error Context: test-results/playwright-14290-f5710790-a800-4ee5-add6-2ed76e97c322/states-route-error-composi-a8cb0-state-with-its-page-content-firefox/error-context.md
2026-10-10T02:25:06.6203748Z 
2026-10-10T02:25:06.6204605Z     attachment #2: trace (application/zip) ─────────────────────────────────────────────────────────
2026-10-10T02:25:06.6206726Z     test-results/playwright-14290-f5710790-a800-4ee5-add6-2ed76e97c322/states-route-error-composi-a8cb0-state-with-its-page-content-firefox/trace.zip
2026-10-10T02:25:06.6208213Z     Usage:
2026-10-10T02:25:06.6208557Z 
2026-10-10T02:25:06.6210045Z         npx playwright show-trace test-results/playwright-14290-f5710790-a800-4ee5-add6-2ed76e97c322/states-route-error-composi-a8cb0-state-with-its-page-content-firefox/trace.zip
2026-10-10T02:25:06.6211566Z 
2026-10-10T02:25:06.6212680Z     ────────────────────────────────────────────────────────────────────────────────────────────────
2026-10-10T02:25:06.6213371Z 
2026-10-10T02:25:06.6213545Z 
2026-10-10T02:25:07.6614488Z [190/348] [firefox] › tests/ui-bot-layout.spec.ts:42:1 › Bot routes R26/R27/R28/R51 fit the supported page-width boundaries
2026-10-10T02:25:44.8211678Z [191/348] [firefox] › tests/ui-bot-layout.spec.ts:52:1 › Bot config, evaluation, role and budget dialogs stay inside mobile and desktop viewports
2026-10-10T02:26:09.1974726Z [192/348] [firefox] › tests/ui-catalog-layout.spec.ts:15:1 › catalog R09-R14 keeps shared gutters, inset ownership and dry-run flow at mobile and desktop
2026-10-10T02:26:39.3537045Z [193/348] [firefox] › tests/ui-catalog-layout.spec.ts:67:1 › Imports review notice and demo controls keep the measured shared disclosure boundary at 806x884
2026-10-10T02:26:42.1174924Z [194/348] [firefox] › tests/ui-component-layout.spec.ts:40:1 › A01 order lines keep intrinsic remove actions with clean and invalid quantities
2026-10-10T02:26:51.7637765Z [195/348] [firefox] › tests/ui-component-layout.spec.ts:61:1 › A02 product editors align category and status faces independently from lookup metadata
2026-10-10T02:27:09.2704832Z [196/348] [firefox] › tests/ui-component-layout.spec.ts:84:1 › Shared outlined labels focus empty and populated native controls
2026-10-10T02:27:12.5506800Z [197/348] [firefox] › tests/ui-component-layout.spec.ts:99:1 › A02 variant fields retain readable widths when text doubles
2026-10-10T02:27:35.1398269Z [198/348] [firefox] › tests/ui-component-layout.spec.ts:130:1 › A03 import mapping preserves natural remove actions and editable mappings
2026-10-10T02:27:43.1306762Z [199/348] [firefox] › tests/ui-component-layout.spec.ts:150:1 › A04 full precision money wraps outside tables and remains unbroken in the named scroll region
2026-10-10T02:27:53.9982689Z [200/348] [firefox] › tests/ui-component-layout.spec.ts:176:1 › A05 status height follows its own label while long labels remain fully readable
2026-10-10T02:28:02.6212714Z [201/348] [firefox] › tests/ui-component-layout.spec.ts:196:1 › A06 Empty wraps unbroken reference text and retains its keyboard action
2026-10-10T02:28:11.6579865Z [202/348] [firefox] › tests/ui-component-layout.spec.ts:209:1 › A07 canonical order address selection exposes full text and edit lines retain intrinsic actions
2026-10-10T02:28:28.9334054Z [203/348] [firefox] › tests/ui-composition-layout.spec.ts:13:1 › SPC-061/062 shared compositions own their gap and child boundaries on every canonical route
2026-10-10T02:32:04.9909258Z [204/348] [firefox] › tests/ui-composition-positive-ancestry.spec.ts:62:1 › S15 Dashboard conditional content keeps an independently bordered surface inside its Panel owner
2026-10-10T02:32:11.5920371Z [205/348] [firefox] › tests/ui-composition-positive-ancestry.spec.ts:103:1 › S15 catalog QueryState fragment keeps DataTable and Pager as peer children of one Panel
2026-10-10T02:32:17.7844040Z [206/348] [firefox] › tests/ui-composition-positive-ancestry.spec.ts:137:1 › S15 Knowledge action group wraps children without losing its shared action owner
2026-10-10T02:32:23.3639136Z [207/348] [firefox] › tests/ui-consent-management.spec.ts:16:1 › R35 creates a pending challenge from API and shows consent history without local opt-out state
2026-10-10T02:32:28.1451665Z [208/348] [firefox] › tests/ui-consent-management.spec.ts:36:1 › R61 confirms an opt-out through POST body, removes the token from URL and leaves service messages available
2026-10-10T02:32:29.8082309Z [209/348] [firefox] › tests/ui-consent-management.spec.ts:74:1 › R61 public confirmation remains keyboard-accessible and reflows at 320px
2026-10-10T02:32:34.0420130Z [210/348] [firefox] › tests/ui-customers-layout.spec.ts:30:1 › Customers R07/R08/R54 layouts fit the shell at every responsive boundary
2026-10-10T02:33:06.5524677Z [211/348] [firefox] › tests/ui-customers-layout.spec.ts:59:1 › Customer create and service-case dialogs stay in the viewport without submitting
2026-10-10T02:33:16.4880094Z [212/348] [firefox] › tests/ui-dashboard-layout.spec.ts:17:1 › Shared consolidation Dashboard primary link respects all eight permission tuples and native anchor interactions
2026-10-10T02:33:28.7308024Z [213/348] [firefox] › tests/ui-dashboard-layout.spec.ts:69:1 › dashboard hierarchy, CTA targets, and page width hold across supported breakpoints
2026-10-10T02:33:32.5427075Z [214/348] [firefox] › tests/ui-density-layout.spec.ts:10:1 › density table saves row space while preserving action target and data
2026-10-10T02:33:42.2507974Z [215/348] [firefox] › tests/ui-density-layout.spec.ts:22:1 › density divided facts list has one row inset and no additional inter-row gap
2026-10-10T02:33:46.1420912Z [216/348] [firefox] › tests/ui-density-layout.spec.ts:33:1 › density demo disclosure retains state and always shows the synthetic warning
2026-10-10T02:33:58.9422810Z [217/348] [firefox] › tests/ui-density-layout.spec.ts:48:1 › density operational Panel uses 12px boundary while complex form and reading Panel keep comfortable rhythm
2026-10-10T02:34:11.0607675Z [218/348] [firefox] › tests/ui-density-layout.spec.ts:60:1 › density simple category editor keeps labels, errors and keyboard reflow usable
2026-10-10T02:34:26.7488850Z [219/348] [firefox] › tests/ui-finance-layout.spec.ts:30:1 › Finance R20/R21/R22/R48/R49/R50 route layouts retain shell gutter without horizontal overflow from 320–1440px
2026-10-10T02:35:32.8899199Z [220/348] [firefox] › tests/ui-finance-layout.spec.ts:62:1 › titled Finance Panels keep one 12px header-to-first-content boundary
2026-10-10T02:35:52.2439108Z [221/348] [firefox] › tests/ui-finance-layout.spec.ts:129:1 › Finance report, entry, journal, reconciliation and period dialogs remain in the viewport without submitting
2026-10-10T02:36:18.2427893Z [222/348] [firefox] › tests/ui-finance-management.spec.ts:14:1 › C06 opening validates before HTTP and preserves added/removed list drafts through every close guard
2026-10-10T02:36:26.1209119Z [223/348] [firefox] › tests/ui-finance-management.spec.ts:19:1 › C06 opening UI posts only its reviewed version and reports/ledger drill down to real journal IDs
2026-10-10T02:36:38.7948210Z [224/348] [firefox] › tests/ui-finance-management.spec.ts:25:1 › C06 opening conflict retains whole lists and reconciles two changing server versions without forced retry
2026-10-10T02:36:51.4898858Z [225/348] [firefox] › tests/ui-finance-management.spec.ts:31:1 › C06 finance entry validation and refetch conflict keep the saved baseline and draft
2026-10-10T02:36:57.4491715Z [226/348] [firefox] › tests/ui-finance-management.spec.ts:35:1 › C06 all new financial routes and dialog use keyboard/axe and reflow at required widths
2026-10-10T02:38:18.6298142Z [227/348] [firefox] › tests/ui-fulfillment-layout.spec.ts:30:1 › Fulfillment R41/R42 preserve shell gutter and contain responsive route layouts from 320-1440px
2026-10-10T02:38:39.3976181Z [228/348] [firefox] › tests/ui-fulfillment-layout.spec.ts:59:1 › Fulfillment prep, shipment-create, detail and event dialogs fit mobile and desktop without submitting
2026-10-10T02:38:49.9856728Z [229/348] [firefox] › tests/ui-integrations-layout.spec.ts:40:1 › Integrations routes R29/R30 fit the supported page-width boundaries
2026-10-10T02:39:11.2903720Z [230/348] [firefox] › tests/ui-integrations-layout.spec.ts:50:1 › R29 disconnect and R30 create/edit credential dialogs stay inside mobile and desktop viewports
2026-10-10T02:39:26.3030983Z [231/348] [firefox] › tests/ui-inventory-layout.spec.ts:15:1 › Inventory R15/R16 preserve shared gutter and contain table overflow at 320-1440px
2026-10-10T02:39:50.2810793Z [232/348] [firefox] › tests/ui-inventory-layout.spec.ts:51:1 › Inventory filters reset cursor and preserve other URL state; adjustment validation sends no command
2026-10-10T02:40:01.6518107Z [233/348] [firefox] › tests/ui-knowledge-layout.spec.ts:56:1 › Knowledge routes R23/R24/R25 fit every supported layout boundary
2026-10-10T02:40:14.5826401Z ##[error]The operation was canceled.
2026-10-10T02:40:14.6122516Z ##[group]Run actions/upload-artifact@043fb46d1a93c77aae656e7c1c64a875d1fc6a0a
2026-10-10T02:40:14.6123243Z with:
2026-10-10T02:40:14.6123868Z   name: frontend-firefox-38014328694-1-ca5d9d8a2bdfcf0464d669ed333786e4c90d810f
2026-10-10T02:40:14.6126040Z   path: BotSalesAI_Frontend/apps/web/dist/
BotSalesAI_Frontend/apps/web/dist-demo/
BotSalesAI_Frontend/test-results/

2026-10-10T02:40:14.6127081Z   if-no-files-found: ignore
2026-10-10T02:40:14.6127920Z   retention-days: 14
2026-10-10T02:40:14.6128333Z   compression-level: 6
2026-10-10T02:40:14.6128730Z   overwrite: false
2026-10-10T02:40:14.6129209Z   include-hidden-files: false
2026-10-10T02:40:14.6129671Z   archive: true
2026-10-10T02:40:14.6130213Z ##[endgroup]
2026-10-10T02:40:15.3014436Z Multiple search paths detected. Calculating the least common ancestor of all paths
2026-10-10T02:40:15.3018951Z The least common ancestor is /home/runner/work/Bot-AI-Ban-hang-FB/Bot-AI-Ban-hang-FB/BotSalesAI_Frontend. This will be the root directory of the artifact
2026-10-10T02:40:15.3020108Z With the provided path, there will be 79 files uploaded
2026-10-10T02:40:15.3021878Z Artifact name is valid!
2026-10-10T02:40:15.3022880Z Root directory input is valid!
2026-10-10T02:40:15.3857113Z Uploading artifact: frontend-firefox-38014328694-1-ca5d9d8a2bdfcf0464d669ed333786e4c90d810f.zip
2026-10-10T02:40:15.3916929Z Beginning upload of artifact content to blob storage
2026-10-10T02:40:16.1686625Z Uploaded bytes 8388608
2026-10-10T02:40:16.5656612Z Uploaded bytes 16777216
2026-10-10T02:40:17.0019958Z Uploaded bytes 25165824
2026-10-10T02:40:17.3607249Z Uploaded bytes 33554432
2026-10-10T02:40:17.7099077Z Uploaded bytes 41943040
2026-10-10T02:40:18.0074226Z Uploaded bytes 50331648
2026-10-10T02:40:18.4296442Z Uploaded bytes 58720256
2026-10-10T02:40:18.7458924Z Uploaded bytes 67108864
2026-10-10T02:40:19.0150141Z Uploaded bytes 75497472
2026-10-10T02:40:19.4856721Z Uploaded bytes 83886080
2026-10-10T02:40:19.7073286Z Uploaded bytes 92274688
2026-10-10T02:40:20.1072953Z Uploaded bytes 100663296
2026-10-10T02:40:20.3354943Z Uploaded bytes 109051904
2026-10-10T02:40:20.7510396Z Uploaded bytes 117440512
2026-10-10T02:40:21.2165987Z Uploaded bytes 125829120
2026-10-10T02:40:21.5851377Z Uploaded bytes 134217728
2026-10-10T02:40:22.1092956Z Uploaded bytes 142606336
2026-10-10T02:40:22.2482612Z Uploaded bytes 150994944
2026-10-10T02:40:22.6771094Z Uploaded bytes 159383552
2026-10-10T02:40:23.1418383Z Uploaded bytes 167772160
2026-10-10T02:40:23.5104978Z Uploaded bytes 176160768
2026-10-10T02:40:23.8214109Z Uploaded bytes 184549376
2026-10-10T02:40:24.1290070Z Uploaded bytes 192937984
2026-10-10T02:40:24.4447988Z Uploaded bytes 201326592
2026-10-10T02:40:24.8034973Z Uploaded bytes 209715200
2026-10-10T02:40:25.1446077Z Uploaded bytes 218103808
2026-10-10T02:40:25.4425988Z Uploaded bytes 223861048
2026-10-10T02:40:25.4690272Z Finished uploading artifact content to blob storage!
2026-10-10T02:40:25.4694513Z SHA256 digest of uploaded artifact is e7903260a618a742fc8d30b5c2c0ba23b445ea946f1dfe298f3fa5ee5b1058fa
2026-10-10T02:40:25.4702085Z Finalizing artifact upload
2026-10-10T02:40:25.6792718Z Artifact frontend-firefox-38014328694-1-ca5d9d8a2bdfcf0464d669ed333786e4c90d810f successfully finalized. Artifact ID 11657515070
2026-10-10T02:40:25.6795548Z Artifact frontend-firefox-38014328694-1-ca5d9d8a2bdfcf0464d669ed333786e4c90d810f has been successfully uploaded! Final size is 223861048 bytes. Artifact ID is 11657515070
2026-10-10T02:40:25.6799166Z Artifact download URL: https://github.com/LonelyTraderBay/Bot-AI-Ban-hang-FB/actions/runs/38014328694/artifacts/11657515070
2026-10-10T02:40:25.7035746Z Post job cleanup.
2026-10-10T02:40:25.8163592Z [command]/usr/bin/git version
2026-10-10T02:40:25.8248436Z git version 2.55.0
2026-10-10T02:40:25.8300335Z Temporarily overriding HOME='/home/runner/work/_temp/fd5f4e70-2412-46c8-82ee-46963737fc64' before making global git config changes
2026-10-10T02:40:25.8302860Z Adding repository directory to the temporary git global config as a safe directory
2026-10-10T02:40:25.8306006Z [command]/usr/bin/git config --global --add safe.directory /home/runner/work/Bot-AI-Ban-hang-FB/Bot-AI-Ban-hang-FB
2026-10-10T02:40:25.8367380Z Removing SSH command configuration
2026-10-10T02:40:25.8378400Z [command]/usr/bin/git config --local --name-only --get-regexp core\.sshCommand
2026-10-10T02:40:25.8438592Z [command]/usr/bin/git submodule foreach --recursive sh -c "git config --local --name-only --get-regexp 'core\.sshCommand' && git config --local --unset-all 'core.sshCommand' || :"
2026-10-10T02:40:25.8889441Z Removing HTTP extra header
2026-10-10T02:40:25.8891133Z [command]/usr/bin/git config --local --name-only --get-regexp http\.https\:\/\/github\.com\/\.extraheader
2026-10-10T02:40:25.8968971Z [command]/usr/bin/git submodule foreach --recursive sh -c "git config --local --name-only --get-regexp 'http\.https\:\/\/github\.com\/\.extraheader' && git config --local --unset-all 'http.https://github.com/.extraheader' || :"
2026-10-10T02:40:25.9576872Z Removing includeIf entries pointing to credentials config files
2026-10-10T02:40:25.9601690Z [command]/usr/bin/git config --local --name-only --get-regexp ^includeIf\.gitdir:
2026-10-10T02:40:25.9626032Z includeif.gitdir:/home/runner/work/Bot-AI-Ban-hang-FB/Bot-AI-Ban-hang-FB/.git.path
2026-10-10T02:40:25.9643311Z includeif.gitdir:/home/runner/work/Bot-AI-Ban-hang-FB/Bot-AI-Ban-hang-FB/.git/worktrees/*.path
2026-10-10T02:40:25.9644680Z includeif.gitdir:/github/workspace/.git.path
2026-10-10T02:40:25.9646008Z includeif.gitdir:/github/workspace/.git/worktrees/*.path
2026-10-10T02:40:25.9648687Z [command]/usr/bin/git config --local --get-all includeif.gitdir:/home/runner/work/Bot-AI-Ban-hang-FB/Bot-AI-Ban-hang-FB/.git.path
2026-10-10T02:40:25.9696499Z /home/runner/work/_temp/git-credentials-5e62067f-97c3-43da-878e-f6415970686c.config
2026-10-10T02:40:25.9712057Z [command]/usr/bin/git config --local --unset includeif.gitdir:/home/runner/work/Bot-AI-Ban-hang-FB/Bot-AI-Ban-hang-FB/.git.path \/home\/runner\/work\/_temp\/git\-credentials\-5e62067f\-97c3\-43da\-878e\-f6415970686c\.config
2026-10-10T02:40:25.9817518Z [command]/usr/bin/git config --local --get-all includeif.gitdir:/home/runner/work/Bot-AI-Ban-hang-FB/Bot-AI-Ban-hang-FB/.git/worktrees/*.path
2026-10-10T02:40:25.9849379Z /home/runner/work/_temp/git-credentials-5e62067f-97c3-43da-878e-f6415970686c.config
2026-10-10T02:40:25.9900741Z [command]/usr/bin/git config --local --unset includeif.gitdir:/home/runner/work/Bot-AI-Ban-hang-FB/Bot-AI-Ban-hang-FB/.git/worktrees/*.path \/home\/runner\/work\/_temp\/git\-credentials\-5e62067f\-97c3\-43da\-878e\-f6415970686c\.config
2026-10-10T02:40:25.9947998Z [command]/usr/bin/git config --local --get-all includeif.gitdir:/github/workspace/.git.path
2026-10-10T02:40:25.9986695Z /github/runner_temp/git-credentials-5e62067f-97c3-43da-878e-f6415970686c.config
2026-10-10T02:40:25.9991324Z [command]/usr/bin/git config --local --unset includeif.gitdir:/github/workspace/.git.path \/github\/runner_temp\/git\-credentials\-5e62067f\-97c3\-43da\-878e\-f6415970686c\.config
2026-10-10T02:40:26.0043825Z [command]/usr/bin/git config --local --get-all includeif.gitdir:/github/workspace/.git/worktrees/*.path
2026-10-10T02:40:26.0075166Z /github/runner_temp/git-credentials-5e62067f-97c3-43da-878e-f6415970686c.config
2026-10-10T02:40:26.0084563Z [command]/usr/bin/git config --local --unset includeif.gitdir:/github/workspace/.git/worktrees/*.path \/github\/runner_temp\/git\-credentials\-5e62067f\-97c3\-43da\-878e\-f6415970686c\.config
2026-10-10T02:40:26.0130007Z [command]/usr/bin/git submodule foreach --recursive git config --local --show-origin --name-only --get-regexp remote.origin.url
2026-10-10T02:40:26.0444948Z Removing credentials config '/home/runner/work/_temp/git-credentials-5e62067f-97c3-43da-878e-f6415970686c.config'
2026-10-10T02:40:26.0648331Z Cleaning up orphan processes
2026-10-10T02:40:26.1268677Z Terminate orphan process: pid (5592) (npm run test:e2e --project=firefox --reporter=line)
2026-10-10T02:40:26.1297490Z Terminate orphan process: pid (5604) (sh)
2026-10-10T02:40:26.1325877Z Terminate orphan process: pid (5605) (MainThread)
2026-10-10T02:40:26.1353655Z Terminate orphan process: pid (5814) (MainThread)
2026-10-10T02:40:26.1425093Z Terminate orphan process: pid (5828) (esbuild)
2026-10-10T02:40:26.1536968Z Terminate orphan process: pid (19254) (MainThread)
2026-10-10T02:40:26.1568832Z Terminate orphan process: pid (19285) (firefox)
2026-10-10T02:40:26.1636870Z Terminate orphan process: pid (19349) (forkserver)
2026-10-10T02:40:26.1705022Z Terminate orphan process: pid (19352) (Socket Process)
2026-10-10T02:40:26.1750755Z Terminate orphan process: pid (19363) (WebExtensions)
2026-10-10T02:40:26.1805829Z Terminate orphan process: pid (19369) (RDD Process)
2026-10-10T02:40:26.1869318Z Terminate orphan process: pid (19405) (Web Content)
2026-10-10T02:40:26.1921237Z Terminate orphan process: pid (19443) (Utility Process)
2026-10-10T02:40:26.1979793Z Terminate orphan process: pid (19555) (Web Content)
2026-10-10T02:40:26.2040220Z Terminate orphan process: pid (19654) (Web Content)
2026-10-10T02:40:26.2087801Z Terminate orphan process: pid (19739) (Web Content)
2026-10-10T02:40:26.2132544Z Terminate orphan process: pid (19793) (Web Content)
2026-10-10T02:40:26.2200630Z Terminate orphan process: pid (19834) (Web Content)
2026-10-10T02:40:26.2247176Z Terminate orphan process: pid (19894) (Web Content)
2026-10-10T02:40:26.2293414Z Terminate orphan process: pid (19928) (Web Content)
2026-10-10T02:40:26.2344187Z Terminate orphan process: pid (20012) (Web Content)
2026-10-10T02:40:26.2392057Z Terminate orphan process: pid (20055) (Web Content)
2026-10-10T02:40:26.2438622Z Terminate orphan process: pid (20174) (Web Content)
2026-10-10T02:40:26.2484647Z Terminate orphan process: pid (20285) (Web Content)
2026-10-10T02:40:26.2548310Z Terminate orphan process: pid (20402) (Web Content)
2026-10-10T02:40:26.2595653Z Terminate orphan process: pid (20547) (Web Content)
2026-10-10T02:40:26.2668981Z Terminate orphan process: pid (20997) (Web Content)
2026-10-10T02:40:26.2716131Z Terminate orphan process: pid (21034) (Web Content)
2026-10-10T02:40:26.2764637Z Terminate orphan process: pid (21080) (Web Content)
2026-10-10T02:40:26.2814547Z Terminate orphan process: pid (21135) (Web Content)
2026-10-10T02:40:26.2863144Z Terminate orphan process: pid (21169) (Web Content)
2026-10-10T02:40:26.2929194Z Terminate orphan process: pid (21200) (Web Content)
2026-10-10T02:40:26.2975570Z Terminate orphan process: pid (21281) (Web Content)
2026-10-10T02:40:26.3021494Z Terminate orphan process: pid (21365) (Web Content)
2026-10-10T02:40:26.3067787Z Terminate orphan process: pid (21439) (Web Content)
2026-10-10T02:40:26.3114885Z Terminate orphan process: pid (21525) (Web Content)
2026-10-10T02:40:26.3161244Z Terminate orphan process: pid (21577) (Web Content)
2026-10-10T02:40:26.3208200Z Terminate orphan process: pid (21659) (Web Content)
2026-10-10T02:40:26.3325179Z Terminate orphan process: pid (21705) (Web Content)
2026-10-10T02:40:26.3389169Z Terminate orphan process: pid (21764) (Web Content)
2026-10-10T02:40:26.3448798Z Terminate orphan process: pid (21886) (Web Content)
2026-10-10T02:40:26.3558181Z Terminate orphan process: pid (22058) (Web Content)
2026-10-10T02:40:26.3644122Z Terminate orphan process: pid (22126) (Web Content)
2026-10-10T02:40:26.3692201Z Terminate orphan process: pid (22235) (Web Content)
2026-10-10T02:40:26.3738347Z Terminate orphan process: pid (22273) (Web Content)
2026-10-10T02:40:26.3803664Z Terminate orphan process: pid (22320) (Web Content)
2026-10-10T02:40:26.3850557Z Terminate orphan process: pid (22362) (Web Content)
2026-10-10T02:40:26.3896755Z Terminate orphan process: pid (22397) (Web Content)
2026-10-10T02:40:26.3946374Z Terminate orphan process: pid (23265) (Web Content)
2026-10-10T02:40:26.3993140Z Terminate orphan process: pid (23333) (Web Content)
2026-10-10T02:40:26.4043340Z Terminate orphan process: pid (23395) (Web Content)
2026-10-10T02:40:26.4289600Z Terminate orphan process: pid (23580) (Web Content)
2026-10-10T02:40:26.4448225Z Terminate orphan process: pid (23659) (Web Content)
2026-10-10T02:40:26.4503122Z Terminate orphan process: pid (23733) (Web Content)
2026-10-10T02:40:26.4566080Z Terminate orphan process: pid (23789) (MainThread)
2026-10-10T02:40:26.4626801Z Terminate orphan process: pid (23798) (esbuild)
2026-10-10T02:40:26.4670374Z Terminate orphan process: pid (23812) (Web Content)
