2026-10-10T08:59:56.4576547Z Current runner version: '2.337.0'
2026-10-10T08:59:56.4594151Z ##[group]Runner Image Provisioner
2026-10-10T08:59:56.4594953Z Hosted Compute Agent
2026-10-10T08:59:56.4595446Z Version: 20261002.596
2026-10-10T08:59:56.4595987Z Commit: c3d12f3313a95f25162a1503be624f3b0617f8c0
2026-10-10T08:59:56.4596660Z Build Date: 2026-10-02T22:28:27Z
2026-10-10T08:59:56.4597203Z Worker ID: {e76fe7f6-6ad0-459a-8b03-cdf2eb831f7e}
2026-10-10T08:59:56.4598145Z Region: westus3
2026-10-10T08:59:56.4598614Z Cloud: Azure
2026-10-10T08:59:56.4599092Z ##[endgroup]
2026-10-10T08:59:56.4600259Z ##[group]Operating System
2026-10-10T08:59:56.4600767Z Ubuntu
2026-10-10T08:59:56.4601212Z 24.04.5
2026-10-10T08:59:56.4601636Z LTS
2026-10-10T08:59:56.4602074Z ##[endgroup]
2026-10-10T08:59:56.4602563Z ##[group]Runner Image
2026-10-10T08:59:56.4603523Z Image: ubuntu-24.04
2026-10-10T08:59:56.4604037Z Version: 20261004.327.1
2026-10-10T08:59:56.4605094Z Included Software: https://github.com/actions/runner-images/blob/ubuntu24/20261004.327/images/ubuntu/Ubuntu2404-Readme.md
2026-10-10T08:59:56.4606345Z Image Release: https://github.com/actions/runner-images/releases/tag/ubuntu24%2F20261004.327
2026-10-10T08:59:56.4607134Z ##[endgroup]
2026-10-10T08:59:56.4608039Z ##[group]GITHUB_TOKEN Permissions
2026-10-10T08:59:56.4609780Z Contents: read
2026-10-10T08:59:56.4610281Z Metadata: read
2026-10-10T08:59:56.4610747Z ##[endgroup]
2026-10-10T08:59:56.4612426Z Secret source: Actions
2026-10-10T08:59:56.4613387Z Cache mode: write
2026-10-10T08:59:56.4613969Z Prepare workflow directory
2026-10-10T08:59:56.4934013Z Prepare all required actions
2026-10-10T08:59:56.4991315Z Getting action download info
2026-10-10T08:59:56.7777269Z Download action repository 'actions/checkout@3d3c42e5aac5ba805825da76410c181273ba90b1' (SHA:3d3c42e5aac5ba805825da76410c181273ba90b1)
2026-10-10T08:59:56.8650126Z Download action repository 'actions/setup-node@820762786026740c76f36085b0efc47a31fe5020' (SHA:820762786026740c76f36085b0efc47a31fe5020)
2026-10-10T08:59:56.9685511Z Download action repository 'actions/upload-artifact@043fb46d1a93c77aae656e7c1c64a875d1fc6a0a' (SHA:043fb46d1a93c77aae656e7c1c64a875d1fc6a0a)
2026-10-10T08:59:57.2121638Z Complete job name: verify (firefox)
2026-10-10T08:59:57.2669245Z ##[group]Run actions/checkout@3d3c42e5aac5ba805825da76410c181273ba90b1
2026-10-10T08:59:57.2670060Z with:
2026-10-10T08:59:57.2670597Z   repository: LonelyTraderBay/Bot-AI-Ban-hang-FB
2026-10-10T08:59:57.2674036Z   token: ***
2026-10-10T08:59:57.2674504Z   ssh-strict: true
2026-10-10T08:59:57.2674982Z   ssh-user: git
2026-10-10T08:59:57.2675441Z   persist-credentials: true
2026-10-10T08:59:57.2675967Z   clean: true
2026-10-10T08:59:57.2676427Z   sparse-checkout-cone-mode: true
2026-10-10T08:59:57.2676989Z   fetch-depth: 1
2026-10-10T08:59:57.2677466Z   fetch-tags: false
2026-10-10T08:59:57.2677922Z   show-progress: true
2026-10-10T08:59:57.2678390Z   lfs: false
2026-10-10T08:59:57.2678818Z   submodules: false
2026-10-10T08:59:57.2679263Z   set-safe-directory: true
2026-10-10T08:59:57.2679852Z   allow-unsafe-pr-checkout: false
2026-10-10T08:59:57.2680521Z ##[endgroup]
2026-10-10T08:59:57.3483634Z Syncing repository: LonelyTraderBay/Bot-AI-Ban-hang-FB
2026-10-10T08:59:57.3486161Z ##[group]Getting Git version info
2026-10-10T08:59:57.3486939Z Working directory is '/home/runner/work/Bot-AI-Ban-hang-FB/Bot-AI-Ban-hang-FB'
2026-10-10T08:59:57.3491810Z [command]/usr/bin/git version
2026-10-10T08:59:57.3598135Z git version 2.55.0
2026-10-10T08:59:57.3621179Z ##[endgroup]
2026-10-10T08:59:57.3632559Z Temporarily overriding HOME='/home/runner/work/_temp/1dfa8788-9bdf-4372-aedb-08028a22d118' before making global git config changes
2026-10-10T08:59:57.3634133Z Adding repository directory to the temporary git global config as a safe directory
2026-10-10T08:59:57.3638752Z [command]/usr/bin/git config --global --add safe.directory /home/runner/work/Bot-AI-Ban-hang-FB/Bot-AI-Ban-hang-FB
2026-10-10T08:59:57.3683088Z Deleting the contents of '/home/runner/work/Bot-AI-Ban-hang-FB/Bot-AI-Ban-hang-FB'
2026-10-10T08:59:57.3685738Z ##[group]Determining repository object format
2026-10-10T08:59:57.3687052Z ##[endgroup]
2026-10-10T08:59:57.3687886Z ##[group]Initializing the repository
2026-10-10T08:59:57.3691030Z [command]/usr/bin/git init /home/runner/work/Bot-AI-Ban-hang-FB/Bot-AI-Ban-hang-FB
2026-10-10T08:59:57.3804117Z hint: Using 'master' as the name for the initial branch. This default branch name
2026-10-10T08:59:57.3805470Z hint: will change to "main" in Git 3.0. To configure the initial branch name
2026-10-10T08:59:57.3806785Z hint: to use in all of your new repositories, which will suppress this warning,
2026-10-10T08:59:57.3807757Z hint: call:
2026-10-10T08:59:57.3808431Z hint:
2026-10-10T08:59:57.3809207Z hint: 	git config --global init.defaultBranch <name>
2026-10-10T08:59:57.3810053Z hint:
2026-10-10T08:59:57.3810775Z hint: Names commonly chosen instead of 'master' are 'main', 'trunk' and
2026-10-10T08:59:57.3811936Z hint: 'development'. The just-created branch can be renamed via this command:
2026-10-10T08:59:57.3813203Z hint:
2026-10-10T08:59:57.3813821Z hint: 	git branch -m <name>
2026-10-10T08:59:57.3814423Z hint:
2026-10-10T08:59:57.3815292Z hint: Disable this message with "git config set advice.defaultBranchName false"
2026-10-10T08:59:57.3816668Z Initialized empty Git repository in /home/runner/work/Bot-AI-Ban-hang-FB/Bot-AI-Ban-hang-FB/.git/
2026-10-10T08:59:57.3818846Z [command]/usr/bin/git remote add origin https://github.com/LonelyTraderBay/Bot-AI-Ban-hang-FB
2026-10-10T08:59:57.3859054Z ##[endgroup]
2026-10-10T08:59:57.3859800Z ##[group]Disabling automatic garbage collection
2026-10-10T08:59:57.3862613Z [command]/usr/bin/git config --local gc.auto 0
2026-10-10T08:59:57.3887562Z ##[endgroup]
2026-10-10T08:59:57.3888880Z ##[group]Setting up auth
2026-10-10T08:59:57.3889968Z Removing SSH command configuration
2026-10-10T08:59:57.3895464Z [command]/usr/bin/git config --local --name-only --get-regexp core\.sshCommand
2026-10-10T08:59:57.3919799Z [command]/usr/bin/git submodule foreach --recursive sh -c "git config --local --name-only --get-regexp 'core\.sshCommand' && git config --local --unset-all 'core.sshCommand' || :"
2026-10-10T08:59:57.4216337Z Removing HTTP extra header
2026-10-10T08:59:57.4222045Z [command]/usr/bin/git config --local --name-only --get-regexp http\.https\:\/\/github\.com\/\.extraheader
2026-10-10T08:59:57.4251361Z [command]/usr/bin/git submodule foreach --recursive sh -c "git config --local --name-only --get-regexp 'http\.https\:\/\/github\.com\/\.extraheader' && git config --local --unset-all 'http.https://github.com/.extraheader' || :"
2026-10-10T08:59:57.4424451Z Removing includeIf entries pointing to credentials config files
2026-10-10T08:59:57.4428075Z [command]/usr/bin/git config --local --name-only --get-regexp ^includeIf\.gitdir:
2026-10-10T08:59:57.4452224Z [command]/usr/bin/git submodule foreach --recursive git config --local --show-origin --name-only --get-regexp remote.origin.url
2026-10-10T08:59:57.4607041Z [command]/usr/bin/git config --file /home/runner/work/_temp/git-credentials-198a52e4-3d9c-420d-9d10-eed6240c452e.config http.https://github.com/.extraheader AUTHORIZATION: basic ***
2026-10-10T08:59:57.4635135Z [command]/usr/bin/git config --local includeIf.gitdir:/home/runner/work/Bot-AI-Ban-hang-FB/Bot-AI-Ban-hang-FB/.git.path /home/runner/work/_temp/git-credentials-198a52e4-3d9c-420d-9d10-eed6240c452e.config
2026-10-10T08:59:57.4658621Z [command]/usr/bin/git config --local includeIf.gitdir:/home/runner/work/Bot-AI-Ban-hang-FB/Bot-AI-Ban-hang-FB/.git/worktrees/*.path /home/runner/work/_temp/git-credentials-198a52e4-3d9c-420d-9d10-eed6240c452e.config
2026-10-10T08:59:57.4685439Z [command]/usr/bin/git config --local includeIf.gitdir:/github/workspace/.git.path /github/runner_temp/git-credentials-198a52e4-3d9c-420d-9d10-eed6240c452e.config
2026-10-10T08:59:57.4709489Z [command]/usr/bin/git config --local includeIf.gitdir:/github/workspace/.git/worktrees/*.path /github/runner_temp/git-credentials-198a52e4-3d9c-420d-9d10-eed6240c452e.config
2026-10-10T08:59:57.4732077Z ##[endgroup]
2026-10-10T08:59:57.4734049Z ##[group]Fetching the repository
2026-10-10T08:59:57.4739570Z [command]/usr/bin/git -c protocol.version=2 fetch --no-tags --prune --no-recurse-submodules --depth=1 origin +31e129221935f45e73ea51a780148a97c23e336a:refs/remotes/origin/main
2026-10-10T09:00:11.4125188Z From https://github.com/LonelyTraderBay/Bot-AI-Ban-hang-FB
2026-10-10T09:00:11.4127146Z  * [new ref]         31e129221935f45e73ea51a780148a97c23e336a -> origin/main
2026-10-10T09:00:11.4134929Z [command]/usr/bin/git branch --list --remote origin/main
2026-10-10T09:00:11.4155240Z   origin/main
2026-10-10T09:00:11.4162166Z [command]/usr/bin/git rev-parse refs/remotes/origin/main
2026-10-10T09:00:11.4180968Z 31e129221935f45e73ea51a780148a97c23e336a
2026-10-10T09:00:11.4184785Z ##[endgroup]
2026-10-10T09:00:11.4186130Z ##[group]Determining the checkout info
2026-10-10T09:00:11.4188451Z ##[endgroup]
2026-10-10T09:00:11.4189730Z [command]/usr/bin/git sparse-checkout disable
2026-10-10T09:00:11.4232801Z [command]/usr/bin/git config --local --unset-all extensions.worktreeConfig
2026-10-10T09:00:11.4258473Z ##[group]Checking out the ref
2026-10-10T09:00:11.4261292Z [command]/usr/bin/git checkout --progress --force -B main refs/remotes/origin/main
2026-10-10T09:00:12.4847799Z Updating files:  27% (5790/20908)
2026-10-10T09:00:12.6594066Z Updating files:  28% (5855/20908)
2026-10-10T09:00:12.7448517Z Updating files:  29% (6064/20908)
2026-10-10T09:00:12.8346945Z Updating files:  30% (6273/20908)
2026-10-10T09:00:12.8880317Z Updating files:  31% (6482/20908)
2026-10-10T09:00:12.9039681Z Updating files:  32% (6691/20908)
2026-10-10T09:00:12.9789055Z Updating files:  33% (6900/20908)
2026-10-10T09:00:13.0984921Z Updating files:  34% (7109/20908)
2026-10-10T09:00:13.1245237Z Updating files:  35% (7318/20908)
2026-10-10T09:00:13.1785084Z Updating files:  36% (7527/20908)
2026-10-10T09:00:13.2401358Z Updating files:  37% (7736/20908)
2026-10-10T09:00:13.2944609Z Updating files:  38% (7946/20908)
2026-10-10T09:00:13.3638712Z Updating files:  39% (8155/20908)
2026-10-10T09:00:13.3899466Z Updating files:  40% (8364/20908)
2026-10-10T09:00:13.4279952Z Updating files:  41% (8573/20908)
2026-10-10T09:00:13.4427168Z Updating files:  42% (8782/20908)
2026-10-10T09:00:13.4848757Z Updating files:  42% (8849/20908)
2026-10-10T09:00:13.5335006Z Updating files:  43% (8991/20908)
2026-10-10T09:00:13.5895887Z Updating files:  44% (9200/20908)
2026-10-10T09:00:13.6354209Z Updating files:  45% (9409/20908)
2026-10-10T09:00:13.6398040Z Updating files:  46% (9618/20908)
2026-10-10T09:00:13.6441860Z Updating files:  47% (9827/20908)
2026-10-10T09:00:13.6832756Z Updating files:  48% (10036/20908)
2026-10-10T09:00:13.6949773Z Updating files:  49% (10245/20908)
2026-10-10T09:00:13.7334353Z Updating files:  50% (10454/20908)
2026-10-10T09:00:13.7410859Z Updating files:  51% (10664/20908)
2026-10-10T09:00:13.7473582Z Updating files:  52% (10873/20908)
2026-10-10T09:00:13.7522753Z Updating files:  53% (11082/20908)
2026-10-10T09:00:13.8307566Z Updating files:  54% (11291/20908)
2026-10-10T09:00:13.8517105Z Updating files:  55% (11500/20908)
2026-10-10T09:00:13.8864416Z Updating files:  56% (11709/20908)
2026-10-10T09:00:13.9522353Z Updating files:  57% (11918/20908)
2026-10-10T09:00:13.9972183Z Updating files:  58% (12127/20908)
2026-10-10T09:00:14.0345668Z Updating files:  59% (12336/20908)
2026-10-10T09:00:14.2419148Z Updating files:  60% (12545/20908)
2026-10-10T09:00:14.3580314Z Updating files:  61% (12754/20908)
2026-10-10T09:00:14.3747977Z Updating files:  62% (12963/20908)
2026-10-10T09:00:14.3919623Z Updating files:  63% (13173/20908)
2026-10-10T09:00:14.4028675Z Updating files:  64% (13382/20908)
2026-10-10T09:00:14.4113768Z Updating files:  65% (13591/20908)
2026-10-10T09:00:14.4219568Z Updating files:  66% (13800/20908)
2026-10-10T09:00:14.4291004Z Updating files:  67% (14009/20908)
2026-10-10T09:00:14.4368643Z Updating files:  68% (14218/20908)
2026-10-10T09:00:14.4426712Z Updating files:  69% (14427/20908)
2026-10-10T09:00:14.4428682Z Updating files:  69% (14626/20908)
2026-10-10T09:00:14.4509762Z Updating files:  70% (14636/20908)
2026-10-10T09:00:14.4595234Z Updating files:  71% (14845/20908)
2026-10-10T09:00:14.4852189Z Updating files:  72% (15054/20908)
2026-10-10T09:00:14.5003734Z Updating files:  73% (15263/20908)
2026-10-10T09:00:14.5107514Z Updating files:  74% (15472/20908)
2026-10-10T09:00:14.5231696Z Updating files:  75% (15681/20908)
2026-10-10T09:00:14.5323660Z Updating files:  76% (15891/20908)
2026-10-10T09:00:14.5416783Z Updating files:  77% (16100/20908)
2026-10-10T09:00:14.5500182Z Updating files:  78% (16309/20908)
2026-10-10T09:00:14.5588826Z Updating files:  79% (16518/20908)
2026-10-10T09:00:14.5668766Z Updating files:  80% (16727/20908)
2026-10-10T09:00:14.5746250Z Updating files:  81% (16936/20908)
2026-10-10T09:00:14.5824740Z Updating files:  82% (17145/20908)
2026-10-10T09:00:14.5906258Z Updating files:  83% (17354/20908)
2026-10-10T09:00:14.5996208Z Updating files:  84% (17563/20908)
2026-10-10T09:00:14.6067975Z Updating files:  85% (17772/20908)
2026-10-10T09:00:14.6147767Z Updating files:  86% (17981/20908)
2026-10-10T09:00:14.6223928Z Updating files:  87% (18190/20908)
2026-10-10T09:00:14.6296930Z Updating files:  88% (18400/20908)
2026-10-10T09:00:14.6367170Z Updating files:  89% (18609/20908)
2026-10-10T09:00:14.6440868Z Updating files:  90% (18818/20908)
2026-10-10T09:00:14.6514783Z Updating files:  91% (19027/20908)
2026-10-10T09:00:14.6598583Z Updating files:  92% (19236/20908)
2026-10-10T09:00:14.6668414Z Updating files:  93% (19445/20908)
2026-10-10T09:00:14.6797507Z Updating files:  94% (19654/20908)
2026-10-10T09:00:14.6887686Z Updating files:  95% (19863/20908)
2026-10-10T09:00:14.6983298Z Updating files:  96% (20072/20908)
2026-10-10T09:00:14.7412188Z Updating files:  97% (20281/20908)
2026-10-10T09:00:14.7521540Z Updating files:  98% (20490/20908)
2026-10-10T09:00:14.8000872Z Updating files:  99% (20699/20908)
2026-10-10T09:00:14.8001399Z Updating files: 100% (20908/20908)
2026-10-10T09:00:14.8001729Z Updating files: 100% (20908/20908), done.
2026-10-10T09:00:14.8192193Z Switched to a new branch 'main'
2026-10-10T09:00:14.8197170Z branch 'main' set up to track 'origin/main'.
2026-10-10T09:00:14.8256417Z ##[endgroup]
2026-10-10T09:00:14.8293038Z [command]/usr/bin/git log -1 --format=%H
2026-10-10T09:00:14.8312757Z 31e129221935f45e73ea51a780148a97c23e336a
2026-10-10T09:00:14.8524094Z ##[group]Run actions/setup-node@820762786026740c76f36085b0efc47a31fe5020
2026-10-10T09:00:14.8524519Z with:
2026-10-10T09:00:14.8524806Z   node-version: 24
2026-10-10T09:00:14.8525073Z   cache: npm
2026-10-10T09:00:14.8525414Z   cache-dependency-path: BotSalesAI_Frontend/package-lock.json
2026-10-10T09:00:14.8525779Z   check-latest: false
2026-10-10T09:00:14.8527841Z   token: ***
2026-10-10T09:00:14.8528127Z   package-manager-cache: true
2026-10-10T09:00:14.8528424Z ##[endgroup]
2026-10-10T09:00:14.9609791Z Found in cache @ /opt/hostedtoolcache/node/24.21.0/x64
2026-10-10T09:00:14.9611387Z ##[group]Environment details
2026-10-10T09:00:15.3610726Z node: v24.21.0
2026-10-10T09:00:15.3611157Z npm: 11.19.0
2026-10-10T09:00:15.3611516Z yarn: 1.22.22
2026-10-10T09:00:15.3612676Z ##[endgroup]
2026-10-10T09:00:15.3627489Z [command]/opt/hostedtoolcache/node/24.21.0/x64/bin/npm config get cache
2026-10-10T09:00:15.4519320Z /home/runner/.npm
2026-10-10T09:00:15.6616396Z Cache hit for: node-cache-Linux-x64-npm-59940755336ccebfb01608b4b67032f886f15c0a5419cadf1ab2b1b289ed121c
2026-10-10T09:00:16.8757699Z Received 34434221 of 47017133 (73.2%), 32.8 MBs/sec
2026-10-10T09:00:16.9963538Z Received 47017133 of 47017133 (100.0%), 40.0 MBs/sec
2026-10-10T09:00:16.9964200Z Cache Size: ~45 MB (47017133 B)
2026-10-10T09:00:16.9990201Z [command]/usr/bin/tar -xf /home/runner/work/_temp/e815266a-a199-4f69-b5d9-f458d72af490/cache.tzst -P -C /home/runner/work/Bot-AI-Ban-hang-FB/Bot-AI-Ban-hang-FB --use-compress-program unzstd
2026-10-10T09:00:17.0921453Z Cache restored successfully
2026-10-10T09:00:17.0941065Z Cache restored from key: node-cache-Linux-x64-npm-59940755336ccebfb01608b4b67032f886f15c0a5419cadf1ab2b1b289ed121c
2026-10-10T09:00:17.1120719Z ##[group]Run npm install --global npm@11.17.0
2026-10-10T09:00:17.1121272Z [36;1mnpm install --global npm@11.17.0[0m
2026-10-10T09:00:17.1389552Z shell: /usr/bin/bash -e {0}
2026-10-10T09:00:17.1390122Z ##[endgroup]
2026-10-10T09:00:19.0115596Z 
2026-10-10T09:00:19.0121309Z changed 19 packages in 2s
2026-10-10T09:00:19.0121675Z 
2026-10-10T09:00:19.0121898Z 15 packages are looking for funding
2026-10-10T09:00:19.0122345Z   run `npm fund` for details
2026-10-10T09:00:19.0366922Z ##[group]Run test -f package-lock.json || (echo 'Run npm install on an authorized online machine and commit the generated lockfile.' && exit 1)
2026-10-10T09:00:19.0367761Z [36;1mtest -f package-lock.json || (echo 'Run npm install on an authorized online machine and commit the generated lockfile.' && exit 1)[0m
2026-10-10T09:00:19.0406454Z shell: /usr/bin/bash -e {0}
2026-10-10T09:00:19.0406880Z ##[endgroup]
2026-10-10T09:00:19.0492172Z ##[group]Run npm ci
2026-10-10T09:00:19.0492512Z [36;1mnpm ci[0m
2026-10-10T09:00:19.0521050Z shell: /usr/bin/bash -e {0}
2026-10-10T09:00:19.0521376Z ##[endgroup]
2026-10-10T09:00:20.9223940Z npm warn deprecated whatwg-encoding@3.1.1: Use @exodus/bytes instead for a more spec-conformant and faster implementation
2026-10-10T09:00:22.7803366Z npm warn deprecated eslint@9.34.0: This version is no longer supported. Please see https://eslint.org/version-support for other options.
2026-10-10T09:00:28.2384108Z 
2026-10-10T09:00:28.2385199Z added 411 packages, and audited 413 packages in 9s
2026-10-10T09:00:28.2385797Z 
2026-10-10T09:00:28.2387466Z 86 packages are looking for funding
2026-10-10T09:00:28.2388338Z   run `npm fund` for details
2026-10-10T09:00:28.2394894Z 
2026-10-10T09:00:28.2395859Z found 0 vulnerabilities
2026-10-10T09:00:28.2405434Z npm warn allow-scripts 2 packages have install scripts not yet covered by allowScripts:
2026-10-10T09:00:28.2406356Z npm warn allow-scripts   esbuild@0.28.2 (postinstall: node install.js)
2026-10-10T09:00:28.2407319Z npm warn allow-scripts   msw@2.11.1 (postinstall: node -e "import('./config/scripts/postinstall.js').catch(() => void 0)")
2026-10-10T09:00:28.2408046Z npm warn allow-scripts
2026-10-10T09:00:28.2408947Z npm warn allow-scripts Run `npm approve-scripts --allow-scripts-pending` to review, or `npm approve-scripts <pkg>` to allow.
2026-10-10T09:00:28.3603436Z ##[group]Run npm audit --audit-level=low
2026-10-10T09:00:28.3603848Z [36;1mnpm audit --audit-level=low[0m
2026-10-10T09:00:28.3639538Z shell: /usr/bin/bash -e {0}
2026-10-10T09:00:28.3639852Z ##[endgroup]
2026-10-10T09:00:28.7515603Z found 0 vulnerabilities
2026-10-10T09:00:28.7598486Z ##[group]Run npm run setup
2026-10-10T09:00:28.7598821Z [36;1mnpm run setup[0m
2026-10-10T09:00:28.7635760Z shell: /usr/bin/bash -e {0}
2026-10-10T09:00:28.7636094Z ##[endgroup]
2026-10-10T09:00:28.8490519Z 
2026-10-10T09:00:28.8490982Z > botsales-frontend@0.1.0 setup
2026-10-10T09:00:28.8491632Z > node scripts/setup.mjs
2026-10-10T09:00:28.8491933Z 
2026-10-10T09:00:29.0510443Z {"status":"PASS","outputs":15,"schemas":346,"operations":245,"routes":61}
2026-10-10T09:00:29.1254042Z Copying the worker script at "/home/runner/work/Bot-AI-Ban-hang-FB/Bot-AI-Ban-hang-FB/BotSalesAI_Frontend/apps/web/public"...
2026-10-10T09:00:29.1286780Z 
2026-10-10T09:00:29.1287510Z [32mWorker script successfully copied![39m
2026-10-10T09:00:29.1287982Z [90m  - public
2026-10-10T09:00:29.1288301Z [39m
2026-10-10T09:00:29.1288702Z Continue by describing the network in your application:
2026-10-10T09:00:29.1288975Z 
2026-10-10T09:00:29.1288982Z 
2026-10-10T09:00:29.1289462Z [31m[1mhttps://mswjs.io/docs/quick-start[22m[39m
2026-10-10T09:00:29.1289765Z 
2026-10-10T09:00:29.1327985Z Thiết lập xong. npm run dev chạy frontend mô phỏng; không kết nối khách hàng hoặc provider thật.
2026-10-10T09:00:29.1446178Z ##[group]Run npx playwright install --with-deps chromium firefox
2026-10-10T09:00:29.1446701Z [36;1mnpx playwright install --with-deps chromium firefox[0m
2026-10-10T09:00:29.1481316Z shell: /usr/bin/bash -e {0}
2026-10-10T09:00:29.1481643Z ##[endgroup]
2026-10-10T09:00:29.7157027Z Installing dependencies...
2026-10-10T09:00:29.7220612Z Switching to root user to install dependencies...
2026-10-10T09:00:29.7925842Z Get:1 file:/etc/apt/apt-mirrors.txt Mirrorlist [144 B]
2026-10-10T09:00:29.8308631Z Hit:2 http://azure.archive.ubuntu.com/ubuntu noble InRelease
2026-10-10T09:00:29.8321853Z Get:3 http://azure.archive.ubuntu.com/ubuntu noble-updates InRelease [126 kB]
2026-10-10T09:00:29.8371130Z Get:4 http://azure.archive.ubuntu.com/ubuntu noble-backports InRelease [126 kB]
2026-10-10T09:00:29.8389475Z Get:5 http://azure.archive.ubuntu.com/ubuntu noble-security InRelease [126 kB]
2026-10-10T09:00:29.8482705Z Get:6 https://packages.microsoft.com/ubuntu/24.04/prod noble InRelease [3600 B]
2026-10-10T09:00:29.9215485Z Get:7 http://azure.archive.ubuntu.com/ubuntu noble-updates/main amd64 Packages [1375 kB]
2026-10-10T09:00:29.9338634Z Get:8 http://azure.archive.ubuntu.com/ubuntu noble-updates/main Translation-en [306 kB]
2026-10-10T09:00:29.9360931Z Get:9 http://azure.archive.ubuntu.com/ubuntu noble-updates/universe amd64 Packages [1702 kB]
2026-10-10T09:00:29.9437879Z Get:10 http://azure.archive.ubuntu.com/ubuntu noble-updates/universe Translation-en [342 kB]
2026-10-10T09:00:29.9461929Z Get:11 http://azure.archive.ubuntu.com/ubuntu noble-updates/restricted amd64 Packages [1761 kB]
2026-10-10T09:00:29.9544346Z Get:12 http://azure.archive.ubuntu.com/ubuntu noble-updates/restricted Translation-en [401 kB]
2026-10-10T09:00:29.9563762Z Get:13 http://azure.archive.ubuntu.com/ubuntu noble-updates/multiverse amd64 Packages [55.0 kB]
2026-10-10T09:00:29.9594398Z Get:14 http://azure.archive.ubuntu.com/ubuntu noble-updates/multiverse Translation-en [14.3 kB]
2026-10-10T09:00:29.9964519Z Get:15 http://azure.archive.ubuntu.com/ubuntu noble-security/main amd64 Packages [1121 kB]
2026-10-10T09:00:30.0014390Z Get:16 http://azure.archive.ubuntu.com/ubuntu noble-security/main Translation-en [228 kB]
2026-10-10T09:00:30.0325929Z Get:23 https://packages.microsoft.com/ubuntu/24.04/prod noble/main amd64 Packages [548 kB]
2026-10-10T09:00:30.0369039Z Get:24 https://packages.microsoft.com/ubuntu/24.04/prod noble/main arm64 Packages [492 kB]
2026-10-10T09:00:30.0415547Z Get:25 https://packages.microsoft.com/ubuntu/24.04/prod noble/main all Packages [640 B]
2026-10-10T09:00:30.0433419Z Get:26 https://packages.microsoft.com/ubuntu/24.04/prod noble/main armhf Packages [12.3 kB]
2026-10-10T09:00:30.0445524Z Get:17 http://azure.archive.ubuntu.com/ubuntu noble-security/universe amd64 Packages [1220 kB]
2026-10-10T09:00:30.0502249Z Get:18 http://azure.archive.ubuntu.com/ubuntu noble-security/universe Translation-en [245 kB]
2026-10-10T09:00:30.0520759Z Get:19 http://azure.archive.ubuntu.com/ubuntu noble-security/restricted amd64 Packages [1669 kB]
2026-10-10T09:00:30.0587078Z Get:20 http://azure.archive.ubuntu.com/ubuntu noble-security/restricted Translation-en [383 kB]
2026-10-10T09:00:30.0610999Z Get:21 http://azure.archive.ubuntu.com/ubuntu noble-security/multiverse amd64 Packages [49.8 kB]
2026-10-10T09:00:30.0625713Z Get:22 http://azure.archive.ubuntu.com/ubuntu noble-security/multiverse Translation-en [12.4 kB]
2026-10-10T09:00:35.8577193Z Fetched 12.3 MB in 1s (10.8 MB/s)
2026-10-10T09:00:36.5477036Z Reading package lists...
2026-10-10T09:00:36.5683862Z Reading package lists...
2026-10-10T09:00:36.6856830Z Building dependency tree...
2026-10-10T09:00:36.6860860Z Reading state information...
2026-10-10T09:00:36.8228780Z libasound2t64 is already the newest version (1.2.11-1ubuntu0.3).
2026-10-10T09:00:36.8229980Z libasound2t64 set to manually installed.
2026-10-10T09:00:36.8230920Z libatk-bridge2.0-0t64 is already the newest version (2.52.0-1build1).
2026-10-10T09:00:36.8232432Z libatk-bridge2.0-0t64 set to manually installed.
2026-10-10T09:00:36.8233516Z libatk1.0-0t64 is already the newest version (2.52.0-1build1).
2026-10-10T09:00:36.8234308Z libatk1.0-0t64 set to manually installed.
2026-10-10T09:00:36.8235340Z libatspi2.0-0t64 is already the newest version (2.52.0-1build1).
2026-10-10T09:00:36.8237285Z libatspi2.0-0t64 set to manually installed.
2026-10-10T09:00:36.8238084Z libcairo2 is already the newest version (1.18.0-3build1).
2026-10-10T09:00:36.8238856Z libcairo2 set to manually installed.
2026-10-10T09:00:36.8239634Z libcups2t64 is already the newest version (2.4.7-1.2ubuntu7.14).
2026-10-10T09:00:36.8240365Z libcups2t64 set to manually installed.
2026-10-10T09:00:36.8241236Z libdbus-1-3 is already the newest version (1.14.10-4ubuntu4.1).
2026-10-10T09:00:36.8241806Z libdbus-1-3 set to manually installed.
2026-10-10T09:00:36.8242370Z libdrm2 is already the newest version (2.4.125-1ubuntu0.1~24.04.2).
2026-10-10T09:00:36.8243298Z libdrm2 set to manually installed.
2026-10-10T09:00:36.8243839Z libgbm1 is already the newest version (25.2.8-0ubuntu0.24.04.4).
2026-10-10T09:00:36.8244414Z libgbm1 set to manually installed.
2026-10-10T09:00:36.8244862Z libglib2.0-0t64 is already the newest version (2.80.0-6ubuntu3.9).
2026-10-10T09:00:36.8245318Z libglib2.0-0t64 set to manually installed.
2026-10-10T09:00:36.8245741Z libnspr4 is already the newest version (2:4.35-1.1build1).
2026-10-10T09:00:36.8246283Z libnspr4 set to manually installed.
2026-10-10T09:00:36.8246698Z libnss3 is already the newest version (2:3.98-1ubuntu0.2).
2026-10-10T09:00:36.8247085Z libnss3 set to manually installed.
2026-10-10T09:00:36.8247509Z libpango-1.0-0 is already the newest version (1.52.1+ds-1build1).
2026-10-10T09:00:36.8247954Z libpango-1.0-0 set to manually installed.
2026-10-10T09:00:36.8248385Z libx11-6 is already the newest version (2:1.8.7-1build1).
2026-10-10T09:00:36.8248828Z libx11-6 set to manually installed.
2026-10-10T09:00:36.8249246Z libxcb1 is already the newest version (1.15-1ubuntu2).
2026-10-10T09:00:36.8249658Z libxcb1 set to manually installed.
2026-10-10T09:00:36.8250071Z libxcomposite1 is already the newest version (1:0.4.5-1build3).
2026-10-10T09:00:36.8250558Z libxcomposite1 set to manually installed.
2026-10-10T09:00:36.8250979Z libxdamage1 is already the newest version (1:1.1.6-1build1).
2026-10-10T09:00:36.8251362Z libxdamage1 set to manually installed.
2026-10-10T09:00:36.8251816Z libxext6 is already the newest version (2:1.3.4-1build2).
2026-10-10T09:00:36.8252333Z libxext6 set to manually installed.
2026-10-10T09:00:36.8252866Z libxfixes3 is already the newest version (1:6.0.0-2build1).
2026-10-10T09:00:36.8253525Z libxfixes3 set to manually installed.
2026-10-10T09:00:36.8254109Z libxkbcommon0 is already the newest version (1.6.0-1build1).
2026-10-10T09:00:36.8254532Z libxkbcommon0 set to manually installed.
2026-10-10T09:00:36.8254985Z libxrandr2 is already the newest version (2:1.5.2-2build1).
2026-10-10T09:00:36.8255424Z libxrandr2 set to manually installed.
2026-10-10T09:00:36.8255838Z xvfb is already the newest version (2:21.1.12-1ubuntu1.8).
2026-10-10T09:00:36.8256400Z fonts-noto-color-emoji is already the newest version (2.047-0ubuntu0.24.04.1).
2026-10-10T09:00:36.8256924Z libfontconfig1 is already the newest version (2.15.0-1.1ubuntu2).
2026-10-10T09:00:36.8257354Z libfontconfig1 set to manually installed.
2026-10-10T09:00:36.8257974Z fonts-liberation is already the newest version (1:2.1.5-3).
2026-10-10T09:00:36.8258574Z fonts-liberation set to manually installed.
2026-10-10T09:00:36.8259115Z libcairo-gobject2 is already the newest version (1.18.0-3build1).
2026-10-10T09:00:36.8259592Z libcairo-gobject2 set to manually installed.
2026-10-10T09:00:36.8260067Z libgdk-pixbuf-2.0-0 is already the newest version (2.42.10+dfsg-3ubuntu3.3).
2026-10-10T09:00:36.8260538Z libgdk-pixbuf-2.0-0 set to manually installed.
2026-10-10T09:00:36.8260996Z libgtk-3-0t64 is already the newest version (3.24.41-4ubuntu1.3).
2026-10-10T09:00:36.8261481Z libgtk-3-0t64 set to manually installed.
2026-10-10T09:00:36.8262475Z libpangocairo-1.0-0 is already the newest version (1.52.1+ds-1build1).
2026-10-10T09:00:36.8263433Z libpangocairo-1.0-0 set to manually installed.
2026-10-10T09:00:36.8264123Z libx11-xcb1 is already the newest version (2:1.8.7-1build1).
2026-10-10T09:00:36.8264836Z libx11-xcb1 set to manually installed.
2026-10-10T09:00:36.8265512Z libxcb-shm0 is already the newest version (1.15-1ubuntu2).
2026-10-10T09:00:36.8266079Z libxcb-shm0 set to manually installed.
2026-10-10T09:00:36.8266699Z libxcursor1 is already the newest version (1:1.2.1-1build1).
2026-10-10T09:00:36.8267285Z libxcursor1 set to manually installed.
2026-10-10T09:00:36.8267857Z libxi6 is already the newest version (2:1.8.1-1build1).
2026-10-10T09:00:36.8268428Z libxi6 set to manually installed.
2026-10-10T09:00:36.8269028Z libxrender1 is already the newest version (1:0.9.10-1.1build1).
2026-10-10T09:00:36.8269810Z libxrender1 set to manually installed.
2026-10-10T09:00:36.8270476Z The following additional packages will be installed:
2026-10-10T09:00:36.8271244Z   libavutil58 libcodec2-1.2 libdav1d7 libgsm1 libhwy1t64 libjxl0.7 libmp3lame0
2026-10-10T09:00:36.8272058Z   libopus0 librav1e0 librsvg2-2 libshine3 libsoxr0 libspeex1 libsvtav1enc1d1
2026-10-10T09:00:36.8272843Z   libswresample4 libtheora0 libtwolame0 libva-drm2 libva-x11-2 libva2
2026-10-10T09:00:36.8273695Z   libvdpau1 libvorbisenc2 libvpl2 libvpx9 libx264-164 libx265-199 libxvidcore4
2026-10-10T09:00:36.8274458Z   libzvbi-common libzvbi0t64 ocl-icd-libopencl1 xfonts-encodings xfonts-utils
2026-10-10T09:00:36.8275136Z Suggested packages:
2026-10-10T09:00:36.8275673Z   libcuda1 libnvcuvid1 libnvidia-encode1 opus-tools librsvg2-bin speex
2026-10-10T09:00:36.8276224Z   opencl-icd
2026-10-10T09:00:36.8276691Z Recommended packages:
2026-10-10T09:00:36.8277214Z   fonts-ipafont-mincho fonts-tlwg-loma librsvg2-common va-driver-all
2026-10-10T09:00:36.8277909Z   | va-driver vdpau-driver-all | vdpau-driver
2026-10-10T09:00:36.8497954Z The following NEW packages will be installed:
2026-10-10T09:00:36.8498825Z   fonts-freefont-ttf fonts-ipafont-gothic fonts-tlwg-loma-otf fonts-unifont
2026-10-10T09:00:36.8499711Z   fonts-wqy-zenhei libavcodec60 libavutil58 libcodec2-1.2 libdav1d7 libgsm1
2026-10-10T09:00:36.8502702Z   libhwy1t64 libjxl0.7 libmp3lame0 libopus0 librav1e0 librsvg2-2 libshine3
2026-10-10T09:00:36.8503617Z   libsoxr0 libspeex1 libsvtav1enc1d1 libswresample4 libtheora0 libtwolame0
2026-10-10T09:00:36.8504369Z   libva-drm2 libva-x11-2 libva2 libvdpau1 libvorbisenc2 libvpl2 libvpx9
2026-10-10T09:00:36.8505023Z   libx264-164 libx265-199 libxvidcore4 libzvbi-common libzvbi0t64
2026-10-10T09:00:36.8505925Z   ocl-icd-libopencl1 xfonts-cyrillic xfonts-encodings xfonts-scalable
2026-10-10T09:00:36.8506395Z   xfonts-utils
2026-10-10T09:00:36.8510104Z The following packages will be upgraded:
2026-10-10T09:00:36.8515123Z   libfreetype6
2026-10-10T09:00:36.8652257Z 1 upgraded, 40 newly installed, 0 to remove and 22 not upgraded.
2026-10-10T09:00:36.8652721Z Need to get 49.2 MB of archives.
2026-10-10T09:00:36.8653448Z After this operation, 168 MB of additional disk space will be used.
2026-10-10T09:00:36.8653955Z Get:1 file:/etc/apt/apt-mirrors.txt Mirrorlist [144 B]
2026-10-10T09:00:36.9435636Z Get:2 http://azure.archive.ubuntu.com/ubuntu noble/universe amd64 fonts-ipafont-gothic all 00303-21ubuntu1 [3513 kB]
2026-10-10T09:00:37.0727942Z Get:3 http://azure.archive.ubuntu.com/ubuntu noble/main amd64 fonts-freefont-ttf all 20211204+svn4273-2 [5641 kB]
2026-10-10T09:00:37.2215381Z Get:4 http://azure.archive.ubuntu.com/ubuntu noble/universe amd64 fonts-tlwg-loma-otf all 1:0.7.3-1 [107 kB]
2026-10-10T09:00:37.2859092Z Get:5 http://azure.archive.ubuntu.com/ubuntu noble/universe amd64 fonts-unifont all 1:15.1.01-1build1 [2993 kB]
2026-10-10T09:00:37.3701830Z Get:6 http://azure.archive.ubuntu.com/ubuntu noble/universe amd64 fonts-wqy-zenhei all 0.9.45-8 [7472 kB]
2026-10-10T09:00:37.5680529Z Get:7 http://azure.archive.ubuntu.com/ubuntu noble-updates/universe amd64 libva2 amd64 2.20.0-2ubuntu0.2 [66.4 kB]
2026-10-10T09:00:37.6320525Z Get:8 http://azure.archive.ubuntu.com/ubuntu noble-updates/universe amd64 libva-drm2 amd64 2.20.0-2ubuntu0.2 [7124 B]
2026-10-10T09:00:37.6957718Z Get:9 http://azure.archive.ubuntu.com/ubuntu noble-updates/universe amd64 libva-x11-2 amd64 2.20.0-2ubuntu0.2 [12.0 kB]
2026-10-10T09:00:37.7597108Z Get:10 http://azure.archive.ubuntu.com/ubuntu noble/main amd64 libvdpau1 amd64 1.5-2build1 [27.8 kB]
2026-10-10T09:00:37.8238128Z Get:11 http://azure.archive.ubuntu.com/ubuntu noble/universe amd64 libvpl2 amd64 2023.3.0-1build1 [99.8 kB]
2026-10-10T09:00:37.8886815Z Get:12 http://azure.archive.ubuntu.com/ubuntu noble/universe amd64 ocl-icd-libopencl1 amd64 2.3.2-1build1 [38.5 kB]
2026-10-10T09:00:37.9524188Z Get:13 http://azure.archive.ubuntu.com/ubuntu noble/universe amd64 libavutil58 amd64 7:6.1.1-3ubuntu5 [401 kB]
2026-10-10T09:00:38.0229813Z Get:14 http://azure.archive.ubuntu.com/ubuntu noble/universe amd64 libcodec2-1.2 amd64 1.2.0-2build1 [8998 kB]
2026-10-10T09:00:38.2667645Z Get:15 http://azure.archive.ubuntu.com/ubuntu noble/universe amd64 libdav1d7 amd64 1.4.1-1build1 [604 kB]
2026-10-10T09:00:38.3417231Z Get:16 http://azure.archive.ubuntu.com/ubuntu noble/universe amd64 libgsm1 amd64 1.0.22-1build1 [27.8 kB]
2026-10-10T09:00:38.4056763Z Get:17 http://azure.archive.ubuntu.com/ubuntu noble/universe amd64 libhwy1t64 amd64 1.0.7-8.1build1 [584 kB]
2026-10-10T09:00:38.4793053Z Get:18 http://azure.archive.ubuntu.com/ubuntu noble-updates/universe amd64 libjxl0.7 amd64 0.7.0-10.2ubuntu6.1 [1001 kB]
2026-10-10T09:00:38.5615677Z Get:19 http://azure.archive.ubuntu.com/ubuntu noble/main amd64 libmp3lame0 amd64 3.100-6build1 [142 kB]
2026-10-10T09:00:38.6277421Z Get:20 http://azure.archive.ubuntu.com/ubuntu noble/main amd64 libopus0 amd64 1.4-1build1 [208 kB]
2026-10-10T09:00:38.6944008Z Get:21 http://azure.archive.ubuntu.com/ubuntu noble/universe amd64 librav1e0 amd64 0.7.1-2 [1022 kB]
2026-10-10T09:00:38.7773091Z Get:22 http://azure.archive.ubuntu.com/ubuntu noble-updates/main amd64 librsvg2-2 amd64 2.58.0+dfsg-1ubuntu0.1 [2141 kB]
2026-10-10T09:00:38.8835505Z Get:23 http://azure.archive.ubuntu.com/ubuntu noble/universe amd64 libshine3 amd64 3.1.1-2build1 [23.2 kB]
2026-10-10T09:00:38.9471742Z Get:24 http://azure.archive.ubuntu.com/ubuntu noble-updates/main amd64 libspeex1 amd64 1.2.1-2ubuntu2.24.04.1 [59.6 kB]
2026-10-10T09:00:39.0106151Z Get:25 http://azure.archive.ubuntu.com/ubuntu noble/universe amd64 libsvtav1enc1d1 amd64 1.7.0+dfsg-2build1 [2425 kB]
2026-10-10T09:00:39.1316430Z Get:26 http://azure.archive.ubuntu.com/ubuntu noble/universe amd64 libsoxr0 amd64 0.1.3-4build3 [80.0 kB]
2026-10-10T09:00:39.1957475Z Get:27 http://azure.archive.ubuntu.com/ubuntu noble/universe amd64 libswresample4 amd64 7:6.1.1-3ubuntu5 [63.8 kB]
2026-10-10T09:00:39.2598046Z Get:28 http://azure.archive.ubuntu.com/ubuntu noble/main amd64 libtheora0 amd64 1.1.1+dfsg.1-16.1build3 [211 kB]
2026-10-10T09:00:39.3265963Z Get:29 http://azure.archive.ubuntu.com/ubuntu noble/main amd64 libtwolame0 amd64 0.4.0-2build3 [52.3 kB]
2026-10-10T09:00:39.3907286Z Get:30 http://azure.archive.ubuntu.com/ubuntu noble/main amd64 libvorbisenc2 amd64 1.3.7-1build3 [80.8 kB]
2026-10-10T09:00:39.4582105Z Get:31 http://azure.archive.ubuntu.com/ubuntu noble-updates/main amd64 libvpx9 amd64 1.14.0-1ubuntu2.3 [1143 kB]
2026-10-10T09:00:39.5439903Z Get:32 http://azure.archive.ubuntu.com/ubuntu noble/universe amd64 libx264-164 amd64 2:0.164.3108+git31e19f9-1 [604 kB]
2026-10-10T09:00:39.6205957Z Get:33 http://azure.archive.ubuntu.com/ubuntu noble/universe amd64 libx265-199 amd64 3.5-2build1 [1226 kB]
2026-10-10T09:00:39.7056916Z Get:34 http://azure.archive.ubuntu.com/ubuntu noble/universe amd64 libxvidcore4 amd64 2:1.3.7-1build1 [219 kB]
2026-10-10T09:00:39.7726312Z Get:35 http://azure.archive.ubuntu.com/ubuntu noble/universe amd64 libzvbi-common all 0.2.42-2 [42.4 kB]
2026-10-10T09:00:39.8377472Z Get:36 http://azure.archive.ubuntu.com/ubuntu noble/universe amd64 libzvbi0t64 amd64 0.2.42-2 [261 kB]
2026-10-10T09:00:39.9042478Z Get:37 http://azure.archive.ubuntu.com/ubuntu noble/universe amd64 libavcodec60 amd64 7:6.1.1-3ubuntu5 [5851 kB]
2026-10-10T09:00:40.0850006Z Get:38 http://azure.archive.ubuntu.com/ubuntu noble-updates/main amd64 libfreetype6 amd64 2.13.2+dfsg-1ubuntu0.2 [403 kB]
2026-10-10T09:00:40.1557989Z Get:39 http://azure.archive.ubuntu.com/ubuntu noble/main amd64 xfonts-encodings all 1:1.0.5-0ubuntu2 [578 kB]
2026-10-10T09:00:40.2381018Z Get:40 http://azure.archive.ubuntu.com/ubuntu noble/main amd64 xfonts-utils amd64 1:7.7+6build3 [94.4 kB]
2026-10-10T09:00:40.3043367Z Get:41 http://azure.archive.ubuntu.com/ubuntu noble/universe amd64 xfonts-cyrillic all 1:1.0.5+nmu1 [384 kB]
2026-10-10T09:00:40.3745194Z Get:42 http://azure.archive.ubuntu.com/ubuntu noble/main amd64 xfonts-scalable all 1:1.0.3-1.3 [304 kB]
2026-10-10T09:00:40.6127612Z Fetched 49.2 MB in 4s (14.0 MB/s)
2026-10-10T09:00:40.6317253Z Selecting previously unselected package fonts-ipafont-gothic.
2026-10-10T09:00:40.6495962Z (Reading database ... 
2026-10-10T09:00:40.6496588Z (Reading database ... 5%
2026-10-10T09:00:40.6497101Z (Reading database ... 10%
2026-10-10T09:00:40.6497485Z (Reading database ... 15%
2026-10-10T09:00:40.6498009Z (Reading database ... 20%
2026-10-10T09:00:40.6498370Z (Reading database ... 25%
2026-10-10T09:00:40.6498793Z (Reading database ... 30%
2026-10-10T09:00:40.6499170Z (Reading database ... 35%
2026-10-10T09:00:40.6499834Z (Reading database ... 40%
2026-10-10T09:00:40.6500211Z (Reading database ... 45%
2026-10-10T09:00:40.6500509Z (Reading database ... 50%
2026-10-10T09:00:40.6533183Z (Reading database ... 55%
2026-10-10T09:00:40.7708639Z (Reading database ... 60%
2026-10-10T09:00:40.9779718Z (Reading database ... 65%
2026-10-10T09:00:41.1677587Z (Reading database ... 70%
2026-10-10T09:00:41.3683199Z (Reading database ... 75%
2026-10-10T09:00:41.5112800Z (Reading database ... 80%
2026-10-10T09:00:41.7173222Z (Reading database ... 85%
2026-10-10T09:00:41.9236688Z (Reading database ... 90%
2026-10-10T09:00:42.0761239Z (Reading database ... 95%
2026-10-10T09:00:42.0761862Z (Reading database ... 100%
2026-10-10T09:00:42.0762505Z (Reading database ... 203191 files and directories currently installed.)
2026-10-10T09:00:42.0803720Z Preparing to unpack .../00-fonts-ipafont-gothic_00303-21ubuntu1_all.deb ...
2026-10-10T09:00:42.0868813Z Unpacking fonts-ipafont-gothic (00303-21ubuntu1) ...
2026-10-10T09:00:42.3211105Z Selecting previously unselected package fonts-freefont-ttf.
2026-10-10T09:00:42.3317511Z Preparing to unpack .../01-fonts-freefont-ttf_20211204+svn4273-2_all.deb ...
2026-10-10T09:00:42.3328249Z Unpacking fonts-freefont-ttf (20211204+svn4273-2) ...
2026-10-10T09:00:42.4207105Z Selecting previously unselected package fonts-tlwg-loma-otf.
2026-10-10T09:00:42.4311933Z Preparing to unpack .../02-fonts-tlwg-loma-otf_1%3a0.7.3-1_all.deb ...
2026-10-10T09:00:42.4322259Z Unpacking fonts-tlwg-loma-otf (1:0.7.3-1) ...
2026-10-10T09:00:42.4469472Z Selecting previously unselected package fonts-unifont.
2026-10-10T09:00:42.4573430Z Preparing to unpack .../03-fonts-unifont_1%3a15.1.01-1build1_all.deb ...
2026-10-10T09:00:42.4583374Z Unpacking fonts-unifont (1:15.1.01-1build1) ...
2026-10-10T09:00:42.6431299Z Selecting previously unselected package fonts-wqy-zenhei.
2026-10-10T09:00:42.6535641Z Preparing to unpack .../04-fonts-wqy-zenhei_0.9.45-8_all.deb ...
2026-10-10T09:00:42.6611375Z Unpacking fonts-wqy-zenhei (0.9.45-8) ...
2026-10-10T09:00:43.1738685Z Selecting previously unselected package libva2:amd64.
2026-10-10T09:00:43.1848287Z Preparing to unpack .../05-libva2_2.20.0-2ubuntu0.2_amd64.deb ...
2026-10-10T09:00:43.1871358Z Unpacking libva2:amd64 (2.20.0-2ubuntu0.2) ...
2026-10-10T09:00:43.2024159Z Selecting previously unselected package libva-drm2:amd64.
2026-10-10T09:00:43.2129934Z Preparing to unpack .../06-libva-drm2_2.20.0-2ubuntu0.2_amd64.deb ...
2026-10-10T09:00:43.2139671Z Unpacking libva-drm2:amd64 (2.20.0-2ubuntu0.2) ...
2026-10-10T09:00:43.2279637Z Selecting previously unselected package libva-x11-2:amd64.
2026-10-10T09:00:43.2369270Z Preparing to unpack .../07-libva-x11-2_2.20.0-2ubuntu0.2_amd64.deb ...
2026-10-10T09:00:43.2376396Z Unpacking libva-x11-2:amd64 (2.20.0-2ubuntu0.2) ...
2026-10-10T09:00:43.2518392Z Selecting previously unselected package libvdpau1:amd64.
2026-10-10T09:00:43.2606522Z Preparing to unpack .../08-libvdpau1_1.5-2build1_amd64.deb ...
2026-10-10T09:00:43.2613979Z Unpacking libvdpau1:amd64 (1.5-2build1) ...
2026-10-10T09:00:43.2760728Z Selecting previously unselected package libvpl2.
2026-10-10T09:00:43.2850990Z Preparing to unpack .../09-libvpl2_2023.3.0-1build1_amd64.deb ...
2026-10-10T09:00:43.2859555Z Unpacking libvpl2 (2023.3.0-1build1) ...
2026-10-10T09:00:43.3013633Z Selecting previously unselected package ocl-icd-libopencl1:amd64.
2026-10-10T09:00:43.3103540Z Preparing to unpack .../10-ocl-icd-libopencl1_2.3.2-1build1_amd64.deb ...
2026-10-10T09:00:43.3113305Z Unpacking ocl-icd-libopencl1:amd64 (2.3.2-1build1) ...
2026-10-10T09:00:43.3287891Z Selecting previously unselected package libavutil58:amd64.
2026-10-10T09:00:43.3375126Z Preparing to unpack .../11-libavutil58_7%3a6.1.1-3ubuntu5_amd64.deb ...
2026-10-10T09:00:43.3383058Z Unpacking libavutil58:amd64 (7:6.1.1-3ubuntu5) ...
2026-10-10T09:00:43.5228955Z Selecting previously unselected package libcodec2-1.2:amd64.
2026-10-10T09:00:43.5324810Z Preparing to unpack .../12-libcodec2-1.2_1.2.0-2build1_amd64.deb ...
2026-10-10T09:00:43.5334315Z Unpacking libcodec2-1.2:amd64 (1.2.0-2build1) ...
2026-10-10T09:00:43.6632323Z Selecting previously unselected package libdav1d7:amd64.
2026-10-10T09:00:43.6726931Z Preparing to unpack .../13-libdav1d7_1.4.1-1build1_amd64.deb ...
2026-10-10T09:00:43.6738349Z Unpacking libdav1d7:amd64 (1.4.1-1build1) ...
2026-10-10T09:00:43.6989969Z Selecting previously unselected package libgsm1:amd64.
2026-10-10T09:00:43.7080339Z Preparing to unpack .../14-libgsm1_1.0.22-1build1_amd64.deb ...
2026-10-10T09:00:43.7089429Z Unpacking libgsm1:amd64 (1.0.22-1build1) ...
2026-10-10T09:00:43.7229540Z Selecting previously unselected package libhwy1t64:amd64.
2026-10-10T09:00:43.7315842Z Preparing to unpack .../15-libhwy1t64_1.0.7-8.1build1_amd64.deb ...
2026-10-10T09:00:43.7323269Z Unpacking libhwy1t64:amd64 (1.0.7-8.1build1) ...
2026-10-10T09:00:43.7647283Z Selecting previously unselected package libjxl0.7:amd64.
2026-10-10T09:00:43.7734988Z Preparing to unpack .../16-libjxl0.7_0.7.0-10.2ubuntu6.1_amd64.deb ...
2026-10-10T09:00:43.7742690Z Unpacking libjxl0.7:amd64 (0.7.0-10.2ubuntu6.1) ...
2026-10-10T09:00:43.8030172Z Selecting previously unselected package libmp3lame0:amd64.
2026-10-10T09:00:43.8120319Z Preparing to unpack .../17-libmp3lame0_3.100-6build1_amd64.deb ...
2026-10-10T09:00:43.8129601Z Unpacking libmp3lame0:amd64 (3.100-6build1) ...
2026-10-10T09:00:43.8279787Z Selecting previously unselected package libopus0:amd64.
2026-10-10T09:00:43.8367318Z Preparing to unpack .../18-libopus0_1.4-1build1_amd64.deb ...
2026-10-10T09:00:43.8374035Z Unpacking libopus0:amd64 (1.4-1build1) ...
2026-10-10T09:00:43.8526526Z Selecting previously unselected package librav1e0:amd64.
2026-10-10T09:00:43.8613844Z Preparing to unpack .../19-librav1e0_0.7.1-2_amd64.deb ...
2026-10-10T09:00:43.8619992Z Unpacking librav1e0:amd64 (0.7.1-2) ...
2026-10-10T09:00:43.8928775Z Selecting previously unselected package librsvg2-2:amd64.
2026-10-10T09:00:43.9017143Z Preparing to unpack .../20-librsvg2-2_2.58.0+dfsg-1ubuntu0.1_amd64.deb ...
2026-10-10T09:00:43.9025195Z Unpacking librsvg2-2:amd64 (2.58.0+dfsg-1ubuntu0.1) ...
2026-10-10T09:00:43.9629963Z Selecting previously unselected package libshine3:amd64.
2026-10-10T09:00:43.9718640Z Preparing to unpack .../21-libshine3_3.1.1-2build1_amd64.deb ...
2026-10-10T09:00:43.9728528Z Unpacking libshine3:amd64 (3.1.1-2build1) ...
2026-10-10T09:00:43.9862459Z Selecting previously unselected package libspeex1:amd64.
2026-10-10T09:00:43.9949712Z Preparing to unpack .../22-libspeex1_1.2.1-2ubuntu2.24.04.1_amd64.deb ...
2026-10-10T09:00:43.9958087Z Unpacking libspeex1:amd64 (1.2.1-2ubuntu2.24.04.1) ...
2026-10-10T09:00:44.0095357Z Selecting previously unselected package libsvtav1enc1d1:amd64.
2026-10-10T09:00:44.0186021Z Preparing to unpack .../23-libsvtav1enc1d1_1.7.0+dfsg-2build1_amd64.deb ...
2026-10-10T09:00:44.0194946Z Unpacking libsvtav1enc1d1:amd64 (1.7.0+dfsg-2build1) ...
2026-10-10T09:00:44.0854477Z Selecting previously unselected package libsoxr0:amd64.
2026-10-10T09:00:44.0953749Z Preparing to unpack .../24-libsoxr0_0.1.3-4build3_amd64.deb ...
2026-10-10T09:00:44.0963976Z Unpacking libsoxr0:amd64 (0.1.3-4build3) ...
2026-10-10T09:00:44.1113141Z Selecting previously unselected package libswresample4:amd64.
2026-10-10T09:00:44.1209485Z Preparing to unpack .../25-libswresample4_7%3a6.1.1-3ubuntu5_amd64.deb ...
2026-10-10T09:00:44.1217988Z Unpacking libswresample4:amd64 (7:6.1.1-3ubuntu5) ...
2026-10-10T09:00:44.1365489Z Selecting previously unselected package libtheora0:amd64.
2026-10-10T09:00:44.1460006Z Preparing to unpack .../26-libtheora0_1.1.1+dfsg.1-16.1build3_amd64.deb ...
2026-10-10T09:00:44.1470638Z Unpacking libtheora0:amd64 (1.1.1+dfsg.1-16.1build3) ...
2026-10-10T09:00:44.1630636Z Selecting previously unselected package libtwolame0:amd64.
2026-10-10T09:00:44.1723687Z Preparing to unpack .../27-libtwolame0_0.4.0-2build3_amd64.deb ...
2026-10-10T09:00:44.1731899Z Unpacking libtwolame0:amd64 (0.4.0-2build3) ...
2026-10-10T09:00:44.1879504Z Selecting previously unselected package libvorbisenc2:amd64.
2026-10-10T09:00:44.1972420Z Preparing to unpack .../28-libvorbisenc2_1.3.7-1build3_amd64.deb ...
2026-10-10T09:00:44.1981439Z Unpacking libvorbisenc2:amd64 (1.3.7-1build3) ...
2026-10-10T09:00:44.2141721Z Selecting previously unselected package libvpx9:amd64.
2026-10-10T09:00:44.2230430Z Preparing to unpack .../29-libvpx9_1.14.0-1ubuntu2.3_amd64.deb ...
2026-10-10T09:00:44.2237092Z Unpacking libvpx9:amd64 (1.14.0-1ubuntu2.3) ...
2026-10-10T09:00:44.2533522Z Selecting previously unselected package libx264-164:amd64.
2026-10-10T09:00:44.2620916Z Preparing to unpack .../30-libx264-164_2%3a0.164.3108+git31e19f9-1_amd64.deb ...
2026-10-10T09:00:44.2627895Z Unpacking libx264-164:amd64 (2:0.164.3108+git31e19f9-1) ...
2026-10-10T09:00:44.2893819Z Selecting previously unselected package libx265-199:amd64.
2026-10-10T09:00:44.2991088Z Preparing to unpack .../31-libx265-199_3.5-2build1_amd64.deb ...
2026-10-10T09:00:44.3002996Z Unpacking libx265-199:amd64 (3.5-2build1) ...
2026-10-10T09:00:44.4147248Z Selecting previously unselected package libxvidcore4:amd64.
2026-10-10T09:00:44.4246843Z Preparing to unpack .../32-libxvidcore4_2%3a1.3.7-1build1_amd64.deb ...
2026-10-10T09:00:44.4256951Z Unpacking libxvidcore4:amd64 (2:1.3.7-1build1) ...
2026-10-10T09:00:44.4412138Z Selecting previously unselected package libzvbi-common.
2026-10-10T09:00:44.4511713Z Preparing to unpack .../33-libzvbi-common_0.2.42-2_all.deb ...
2026-10-10T09:00:44.4521637Z Unpacking libzvbi-common (0.2.42-2) ...
2026-10-10T09:00:44.5003320Z Selecting previously unselected package libzvbi0t64:amd64.
2026-10-10T09:00:44.5100522Z Preparing to unpack .../34-libzvbi0t64_0.2.42-2_amd64.deb ...
2026-10-10T09:00:44.5109106Z Unpacking libzvbi0t64:amd64 (0.2.42-2) ...
2026-10-10T09:00:44.5276919Z Selecting previously unselected package libavcodec60:amd64.
2026-10-10T09:00:44.5368633Z Preparing to unpack .../35-libavcodec60_7%3a6.1.1-3ubuntu5_amd64.deb ...
2026-10-10T09:00:44.5376826Z Unpacking libavcodec60:amd64 (7:6.1.1-3ubuntu5) ...
2026-10-10T09:00:44.6946929Z Preparing to unpack .../36-libfreetype6_2.13.2+dfsg-1ubuntu0.2_amd64.deb ...
2026-10-10T09:00:44.6975295Z Unpacking libfreetype6:amd64 (2.13.2+dfsg-1ubuntu0.2) over (2.13.2+dfsg-1ubuntu0.1) ...
2026-10-10T09:00:44.7155950Z Selecting previously unselected package xfonts-encodings.
2026-10-10T09:00:44.7249318Z Preparing to unpack .../37-xfonts-encodings_1%3a1.0.5-0ubuntu2_all.deb ...
2026-10-10T09:00:44.7260227Z Unpacking xfonts-encodings (1:1.0.5-0ubuntu2) ...
2026-10-10T09:00:44.7431385Z Selecting previously unselected package xfonts-utils.
2026-10-10T09:00:44.7519709Z Preparing to unpack .../38-xfonts-utils_1%3a7.7+6build3_amd64.deb ...
2026-10-10T09:00:44.7527092Z Unpacking xfonts-utils (1:7.7+6build3) ...
2026-10-10T09:00:44.8647488Z Selecting previously unselected package xfonts-cyrillic.
2026-10-10T09:00:44.8739484Z Preparing to unpack .../39-xfonts-cyrillic_1%3a1.0.5+nmu1_all.deb ...
2026-10-10T09:00:44.8748665Z Unpacking xfonts-cyrillic (1:1.0.5+nmu1) ...
2026-10-10T09:00:44.8941293Z Selecting previously unselected package xfonts-scalable.
2026-10-10T09:00:44.9033319Z Preparing to unpack .../40-xfonts-scalable_1%3a1.0.3-1.3_all.deb ...
2026-10-10T09:00:44.9041904Z Unpacking xfonts-scalable (1:1.0.3-1.3) ...
2026-10-10T09:00:44.9477973Z Setting up libhwy1t64:amd64 (1.0.7-8.1build1) ...
2026-10-10T09:00:44.9501114Z Setting up libspeex1:amd64 (1.2.1-2ubuntu2.24.04.1) ...
2026-10-10T09:00:44.9518839Z Setting up libshine3:amd64 (3.1.1-2build1) ...
2026-10-10T09:00:44.9536911Z Setting up libvpl2 (2023.3.0-1build1) ...
2026-10-10T09:00:44.9557857Z Setting up libx264-164:amd64 (2:0.164.3108+git31e19f9-1) ...
2026-10-10T09:00:44.9574918Z Setting up libtwolame0:amd64 (0.4.0-2build3) ...
2026-10-10T09:00:44.9591902Z Setting up libgsm1:amd64 (1.0.22-1build1) ...
2026-10-10T09:00:44.9608905Z Setting up libsoxr0:amd64 (0.1.3-4build3) ...
2026-10-10T09:00:44.9626428Z Setting up libcodec2-1.2:amd64 (1.2.0-2build1) ...
2026-10-10T09:00:44.9642733Z Setting up fonts-wqy-zenhei (0.9.45-8) ...
2026-10-10T09:00:44.9731869Z Setting up fonts-freefont-ttf (20211204+svn4273-2) ...
2026-10-10T09:00:44.9750087Z Setting up libsvtav1enc1d1:amd64 (1.7.0+dfsg-2build1) ...
2026-10-10T09:00:44.9766725Z Setting up libxvidcore4:amd64 (2:1.3.7-1build1) ...
2026-10-10T09:00:44.9783938Z Setting up librav1e0:amd64 (0.7.1-2) ...
2026-10-10T09:00:44.9800701Z Setting up librsvg2-2:amd64 (2.58.0+dfsg-1ubuntu0.1) ...
2026-10-10T09:00:44.9816674Z Setting up fonts-tlwg-loma-otf (1:0.7.3-1) ...
2026-10-10T09:00:44.9833355Z Setting up libva2:amd64 (2.20.0-2ubuntu0.2) ...
2026-10-10T09:00:44.9849896Z Setting up libfreetype6:amd64 (2.13.2+dfsg-1ubuntu0.2) ...
2026-10-10T09:00:44.9868024Z Setting up xfonts-encodings (1:1.0.5-0ubuntu2) ...
2026-10-10T09:00:44.9884376Z Setting up libopus0:amd64 (1.4-1build1) ...
2026-10-10T09:00:44.9901168Z Setting up libjxl0.7:amd64 (0.7.0-10.2ubuntu6.1) ...
2026-10-10T09:00:44.9918508Z Setting up libx265-199:amd64 (3.5-2build1) ...
2026-10-10T09:00:44.9934419Z Setting up libvpx9:amd64 (1.14.0-1ubuntu2.3) ...
2026-10-10T09:00:44.9950458Z Setting up libdav1d7:amd64 (1.4.1-1build1) ...
2026-10-10T09:00:44.9966542Z Setting up libva-drm2:amd64 (2.20.0-2ubuntu0.2) ...
2026-10-10T09:00:44.9982582Z Setting up fonts-ipafont-gothic (00303-21ubuntu1) ...
2026-10-10T09:00:45.0030777Z update-alternatives: using /usr/share/fonts/opentype/ipafont-gothic/ipag.ttf to provide /usr/share/fonts/truetype/fonts-japanese-gothic.ttf (fonts-japanese-gothic.ttf) in auto mode
2026-10-10T09:00:45.0044593Z Setting up ocl-icd-libopencl1:amd64 (2.3.2-1build1) ...
2026-10-10T09:00:45.0061774Z Setting up libvdpau1:amd64 (1.5-2build1) ...
2026-10-10T09:00:45.0084331Z Setting up libtheora0:amd64 (1.1.1+dfsg.1-16.1build3) ...
2026-10-10T09:00:45.0100327Z Setting up libva-x11-2:amd64 (2.20.0-2ubuntu0.2) ...
2026-10-10T09:00:45.0117159Z Setting up libzvbi-common (0.2.42-2) ...
2026-10-10T09:00:45.0133260Z Setting up libmp3lame0:amd64 (3.100-6build1) ...
2026-10-10T09:00:45.0148869Z Setting up libvorbisenc2:amd64 (1.3.7-1build3) ...
2026-10-10T09:00:45.0165172Z Setting up fonts-unifont (1:15.1.01-1build1) ...
2026-10-10T09:00:45.0181536Z Setting up libzvbi0t64:amd64 (0.2.42-2) ...
2026-10-10T09:00:45.0199676Z Setting up libavutil58:amd64 (7:6.1.1-3ubuntu5) ...
2026-10-10T09:00:45.0215984Z Setting up xfonts-utils (1:7.7+6build3) ...
2026-10-10T09:00:45.0248884Z Setting up libswresample4:amd64 (7:6.1.1-3ubuntu5) ...
2026-10-10T09:00:45.0266186Z Setting up libavcodec60:amd64 (7:6.1.1-3ubuntu5) ...
2026-10-10T09:00:45.0283792Z Setting up xfonts-cyrillic (1:1.0.5+nmu1) ...
2026-10-10T09:00:45.0497581Z Setting up xfonts-scalable (1:1.0.3-1.3) ...
2026-10-10T09:00:45.0688702Z Processing triggers for libc-bin (2.39-0ubuntu8.9) ...
2026-10-10T09:00:45.2635407Z Processing triggers for man-db (2.12.0-4build2) ...
2026-10-10T09:00:45.2655653Z Not building database; man-db/auto-update is not 'true'.
2026-10-10T09:00:45.2669023Z Processing triggers for fontconfig (2.15.0-1.1ubuntu2) ...
2026-10-10T09:00:45.9044389Z 
2026-10-10T09:00:45.9045414Z Running kernel seems to be up-to-date.
2026-10-10T09:00:45.9045876Z 
2026-10-10T09:00:45.9046060Z Restarting services...
2026-10-10T09:00:45.9100218Z  systemctl restart php8.3-fpm.service
2026-10-10T09:00:45.9796819Z 
2026-10-10T09:00:45.9798117Z No containers need to be restarted.
2026-10-10T09:00:45.9798570Z 
2026-10-10T09:00:45.9798975Z No user sessions are running outdated binaries.
2026-10-10T09:00:45.9799367Z 
2026-10-10T09:00:45.9799910Z No VM guests are running outdated hypervisor (qemu) binaries on this host.
2026-10-10T09:00:46.6717067Z Downloading Chrome for Testing 153.0.8010.12 (playwright chromium v1243) from https://cdn.playwright.dev/builds/cft/153.0.8010.12/linux64/chrome-linux64.zip
2026-10-10T09:00:47.0148251Z |                                                                                |   0% of 186.8 MiB
2026-10-10T09:00:47.1187051Z |■■■■■■■■                                                                        |  10% of 186.8 MiB
2026-10-10T09:00:47.1648245Z |■■■■■■■■■■■■■■■■                                                                |  20% of 186.8 MiB
2026-10-10T09:00:47.2265797Z |■■■■■■■■■■■■■■■■■■■■■■■■                                                        |  30% of 186.8 MiB
2026-10-10T09:00:47.2704990Z |■■■■■■■■■■■■■■■■■■■■■■■■■■■■■■■■                                                |  40% of 186.8 MiB
2026-10-10T09:00:47.3251732Z |■■■■■■■■■■■■■■■■■■■■■■■■■■■■■■■■■■■■■■■■                                        |  50% of 186.8 MiB
2026-10-10T09:00:47.3751125Z |■■■■■■■■■■■■■■■■■■■■■■■■■■■■■■■■■■■■■■■■■■■■■■■■                                |  60% of 186.8 MiB
2026-10-10T09:00:47.4106718Z |■■■■■■■■■■■■■■■■■■■■■■■■■■■■■■■■■■■■■■■■■■■■■■■■■■■■■■■■                        |  70% of 186.8 MiB
2026-10-10T09:00:47.4697253Z |■■■■■■■■■■■■■■■■■■■■■■■■■■■■■■■■■■■■■■■■■■■■■■■■■■■■■■■■■■■■■■■■                |  80% of 186.8 MiB
2026-10-10T09:00:47.5121284Z |■■■■■■■■■■■■■■■■■■■■■■■■■■■■■■■■■■■■■■■■■■■■■■■■■■■■■■■■■■■■■■■■■■■■■■■■        |  90% of 186.8 MiB
2026-10-10T09:00:47.5604477Z |■■■■■■■■■■■■■■■■■■■■■■■■■■■■■■■■■■■■■■■■■■■■■■■■■■■■■■■■■■■■■■■■■■■■■■■■■■■■■■■■| 100% of 186.8 MiB
2026-10-10T09:00:50.3695153Z Chrome for Testing 153.0.8010.12 (playwright chromium v1243) downloaded to /home/runner/.cache/ms-playwright/chromium-1243
2026-10-10T09:00:50.3698065Z Downloading FFmpeg (playwright ffmpeg v1011) from https://cdn.playwright.dev/dbazure/download/playwright/builds/ffmpeg/1011/ffmpeg-linux.zip
2026-10-10T09:00:50.6868977Z |                                                                                |   0% of 2.3 MiB
2026-10-10T09:00:50.7109119Z |■■■■■■■■                                                                        |  10% of 2.3 MiB
2026-10-10T09:00:50.7208112Z |■■■■■■■■■■■■■■■■                                                                |  20% of 2.3 MiB
2026-10-10T09:00:50.7283651Z |■■■■■■■■■■■■■■■■■■■■■■■■                                                        |  30% of 2.3 MiB
2026-10-10T09:00:50.7349597Z |■■■■■■■■■■■■■■■■■■■■■■■■■■■■■■■■                                                |  40% of 2.3 MiB
2026-10-10T09:00:50.7373744Z |■■■■■■■■■■■■■■■■■■■■■■■■■■■■■■■■■■■■■■■■                                        |  50% of 2.3 MiB
2026-10-10T09:00:50.7388182Z |■■■■■■■■■■■■■■■■■■■■■■■■■■■■■■■■■■■■■■■■■■■■■■■■                                |  60% of 2.3 MiB
2026-10-10T09:00:50.7448444Z |■■■■■■■■■■■■■■■■■■■■■■■■■■■■■■■■■■■■■■■■■■■■■■■■■■■■■■■■                        |  70% of 2.3 MiB
2026-10-10T09:00:50.7494842Z |■■■■■■■■■■■■■■■■■■■■■■■■■■■■■■■■■■■■■■■■■■■■■■■■■■■■■■■■■■■■■■■■                |  80% of 2.3 MiB
2026-10-10T09:00:50.7538295Z |■■■■■■■■■■■■■■■■■■■■■■■■■■■■■■■■■■■■■■■■■■■■■■■■■■■■■■■■■■■■■■■■■■■■■■■■        |  90% of 2.3 MiB
2026-10-10T09:00:50.7549791Z |■■■■■■■■■■■■■■■■■■■■■■■■■■■■■■■■■■■■■■■■■■■■■■■■■■■■■■■■■■■■■■■■■■■■■■■■■■■■■■■■| 100% of 2.3 MiB
2026-10-10T09:00:50.8044591Z FFmpeg (playwright ffmpeg v1011) downloaded to /home/runner/.cache/ms-playwright/ffmpeg-1011
2026-10-10T09:00:50.8047369Z Downloading Chrome Headless Shell 153.0.8010.12 (playwright chromium-headless-shell v1243) from https://cdn.playwright.dev/builds/cft/153.0.8010.12/linux64/chrome-headless-shell-linux64.zip
2026-10-10T09:00:51.1291622Z |                                                                                |   0% of 114.3 MiB
2026-10-10T09:00:51.2400358Z |■■■■■■■■                                                                        |  10% of 114.3 MiB
2026-10-10T09:00:51.3192357Z |■■■■■■■■■■■■■■■■                                                                |  20% of 114.3 MiB
2026-10-10T09:00:51.3697646Z |■■■■■■■■■■■■■■■■■■■■■■■■                                                        |  30% of 114.3 MiB
2026-10-10T09:00:51.4150143Z |■■■■■■■■■■■■■■■■■■■■■■■■■■■■■■■■                                                |  40% of 114.3 MiB
2026-10-10T09:00:51.4602819Z |■■■■■■■■■■■■■■■■■■■■■■■■■■■■■■■■■■■■■■■■                                        |  50% of 114.3 MiB
2026-10-10T09:00:51.4877079Z |■■■■■■■■■■■■■■■■■■■■■■■■■■■■■■■■■■■■■■■■■■■■■■■■                                |  60% of 114.3 MiB
2026-10-10T09:00:51.5139292Z |■■■■■■■■■■■■■■■■■■■■■■■■■■■■■■■■■■■■■■■■■■■■■■■■■■■■■■■■                        |  70% of 114.3 MiB
2026-10-10T09:00:51.5517127Z |■■■■■■■■■■■■■■■■■■■■■■■■■■■■■■■■■■■■■■■■■■■■■■■■■■■■■■■■■■■■■■■■                |  80% of 114.3 MiB
2026-10-10T09:00:51.5740655Z |■■■■■■■■■■■■■■■■■■■■■■■■■■■■■■■■■■■■■■■■■■■■■■■■■■■■■■■■■■■■■■■■■■■■■■■■        |  90% of 114.3 MiB
2026-10-10T09:00:51.5962464Z |■■■■■■■■■■■■■■■■■■■■■■■■■■■■■■■■■■■■■■■■■■■■■■■■■■■■■■■■■■■■■■■■■■■■■■■■■■■■■■■■| 100% of 114.3 MiB
2026-10-10T09:00:53.5921635Z Chrome Headless Shell 153.0.8010.12 (playwright chromium-headless-shell v1243) downloaded to /home/runner/.cache/ms-playwright/chromium_headless_shell-1243
2026-10-10T09:00:53.5924136Z Downloading Firefox 155.0 (playwright firefox v1543) from https://cdn.playwright.dev/dbazure/download/playwright/builds/firefox/1543/firefox-ubuntu-24.04.zip
2026-10-10T09:00:53.8977624Z |                                                                                |   0% of 109.5 MiB
2026-10-10T09:00:54.0057190Z |■■■■■■■■                                                                        |  10% of 109.5 MiB
2026-10-10T09:00:54.0543889Z |■■■■■■■■■■■■■■■■                                                                |  20% of 109.5 MiB
2026-10-10T09:00:54.0911234Z |■■■■■■■■■■■■■■■■■■■■■■■■                                                        |  30% of 109.5 MiB
2026-10-10T09:00:54.1263873Z |■■■■■■■■■■■■■■■■■■■■■■■■■■■■■■■■                                                |  40% of 109.5 MiB
2026-10-10T09:00:54.1676926Z |■■■■■■■■■■■■■■■■■■■■■■■■■■■■■■■■■■■■■■■■                                        |  50% of 109.5 MiB
2026-10-10T09:00:54.1935890Z |■■■■■■■■■■■■■■■■■■■■■■■■■■■■■■■■■■■■■■■■■■■■■■■■                                |  60% of 109.5 MiB
2026-10-10T09:00:54.2162001Z |■■■■■■■■■■■■■■■■■■■■■■■■■■■■■■■■■■■■■■■■■■■■■■■■■■■■■■■■                        |  70% of 109.5 MiB
2026-10-10T09:00:54.2528347Z |■■■■■■■■■■■■■■■■■■■■■■■■■■■■■■■■■■■■■■■■■■■■■■■■■■■■■■■■■■■■■■■■                |  80% of 109.5 MiB
2026-10-10T09:00:54.3229702Z |■■■■■■■■■■■■■■■■■■■■■■■■■■■■■■■■■■■■■■■■■■■■■■■■■■■■■■■■■■■■■■■■■■■■■■■■        |  90% of 109.5 MiB
2026-10-10T09:00:54.3550726Z |■■■■■■■■■■■■■■■■■■■■■■■■■■■■■■■■■■■■■■■■■■■■■■■■■■■■■■■■■■■■■■■■■■■■■■■■■■■■■■■■| 100% of 109.5 MiB
2026-10-10T09:00:56.4107504Z Firefox 155.0 (playwright firefox v1543) downloaded to /home/runner/.cache/ms-playwright/firefox-1543
2026-10-10T09:00:56.5077030Z ##[group]Run npm run verify
2026-10-10T09:00:56.5077569Z [36;1mnpm run verify[0m
2026-10-10T09:00:56.5126805Z shell: /usr/bin/bash -e {0}
2026-10-10T09:00:56.5127255Z ##[endgroup]
2026-10-10T09:00:56.5923055Z 
2026-10-10T09:00:56.5923541Z > botsales-frontend@0.1.0 verify
2026-10-10T09:00:56.5925225Z > npm run generate:check && npm run test:source && npm run boundaries && npm run lint && npm run typecheck && npm run test:domain && npm test && npm run build && npm run test:layout && npm run test:visual-tokens && npm run test:ui-composition && npm run test:evidence
2026-10-10T09:00:56.5926558Z 
2026-10-10T09:00:56.6717773Z 
2026-10-10T09:00:56.6718560Z > botsales-frontend@0.1.0 generate:check
2026-10-10T09:00:56.6718997Z > node scripts/generate.mjs --check
2026-10-10T09:00:56.6719275Z 
2026-10-10T09:00:56.8202251Z {"status":"PASS","outputs":15,"schemas":346,"operations":245,"routes":61}
2026-10-10T09:00:56.9021626Z 
2026-10-10T09:00:56.9022316Z > botsales-frontend@0.1.0 test:source
2026-10-10T09:00:56.9023246Z > node scripts/check-source.mjs && node --test tests/source-checker.test.mjs
2026-10-10T09:00:56.9023549Z 
2026-10-10T09:00:57.3270354Z {
2026-10-10T09:00:57.3271106Z   "checkedAt": "2026-10-10T09:00:57.324Z",
2026-10-10T09:00:57.3272258Z   "scope": "Syntax, operation identifiers, route-source mapping, permissions and token adoption. NOT React typecheck, build or browser test.",
2026-10-10T09:00:57.3273498Z   "compiler": "5.9.2",
2026-10-10T09:00:57.3274007Z   "compilerSource": "project dependency",
2026-10-10T09:00:57.3274755Z   "files": 85,
2026-10-10T09:00:57.3275153Z   "operationCalls": 262,
2026-10-10T09:00:57.3275543Z   "routes": 61,
2026-10-10T09:00:57.3275940Z   "issues": [],
2026-10-10T09:00:57.3276291Z   "status": "PASS"
2026-10-10T09:00:57.3276647Z }
2026-10-10T09:00:57.7493516Z ✔ module path classification accepts Windows and POSIX spellings, but excludes app files (0.925956ms)
2026-10-10T09:00:57.7506494Z ✔ the source-checker CLI rejects a prohibited color literal in a module (166.523892ms)
2026-10-10T09:00:57.7508144Z ✔ the source-checker CLI accepts a token-based module and leaves app-level colors outside the rule (169.998423ms)
2026-10-10T09:00:57.7579958Z ℹ tests 3
2026-10-10T09:00:57.7580651Z ℹ suites 0
2026-10-10T09:00:57.7581067Z ℹ pass 3
2026-10-10T09:00:57.7581523Z ℹ fail 0
2026-10-10T09:00:57.7582020Z ℹ cancelled 0
2026-10-10T09:00:57.7582498Z ℹ skipped 0
2026-10-10T09:00:57.7583094Z ℹ todo 0
2026-10-10T09:00:57.7583585Z ℹ duration_ms 392.019286
2026-10-10T09:00:57.8485874Z 
2026-10-10T09:00:57.8486648Z > botsales-frontend@0.1.0 boundaries
2026-10-10T09:00:57.8487292Z > node scripts/check-boundaries.mjs
2026-10-10T09:00:57.8487536Z 
2026-10-10T09:00:59.9681539Z {
2026-10-10T09:00:59.9682075Z   "checkedAt": "2026-10-10T09:00:59.966Z",
2026-10-10T09:00:59.9683011Z   "scope": "AST imports resolve aliases/relative paths, module boundaries and cycles; parser diagnostics are errors",
2026-10-10T09:00:59.9683738Z   "files": 85,
2026-10-10T09:00:59.9684133Z   "imports": 722,
2026-10-10T09:00:59.9685013Z   "negativeFixtures": "Boundary fixtures: PASS 10/10 scenarios (allowed shared/public imports, alias, relative, app deep import, type-only, dynamic, unresolved, cycle, parser error).",
2026-10-10T09:00:59.9685869Z   "status": "PASS",
2026-10-10T09:00:59.9686198Z   "issues": []
2026-10-10T09:00:59.9686564Z }
2026-10-10T09:01:00.0646447Z 
2026-10-10T09:01:00.0647282Z > botsales-frontend@0.1.0 lint
2026-10-10T09:01:00.0648083Z > eslint apps/web/src --max-warnings 0
2026-10-10T09:01:00.0648524Z 
2026-10-10T09:01:02.8930392Z 
2026-10-10T09:01:02.8931345Z > botsales-frontend@0.1.0 typecheck
2026-10-10T09:01:02.8931860Z > tsc -p apps/web/tsconfig.json --noEmit
2026-10-10T09:01:02.8932100Z 
2026-10-10T09:01:08.7938254Z 
2026-10-10T09:01:08.7938939Z > botsales-frontend@0.1.0 test:domain
2026-10-10T09:01:08.7939404Z > node scripts/test-domain.mjs
2026-10-10T09:01:08.7939601Z 
2026-10-10T09:01:15.0279820Z {"status":"PASS","simulatorChecks":86,"networkChecks":31,"networkHandlers":245,"passed":117,"operations":100,"node":"v24.21.0","typescript":"5.9.2"}
2026-10-10T09:01:15.1400953Z 
2026-10-10T09:01:15.1401898Z > botsales-frontend@0.1.0 test
2026-10-10T09:01:15.1402446Z > vitest run --config apps/web/vitest.config.ts
2026-10-10T09:01:15.1402697Z 
2026-10-10T09:01:15.3797242Z 
2026-10-10T09:01:15.3799373Z [1m[30m[46m RUN [49m[39m[22m [36mv5.0.3 [39m[90m/home/runner/work/Bot-AI-Ban-hang-FB/Bot-AI-Ban-hang-FB/BotSalesAI_Frontend[39m
2026-10-10T09:01:15.3813284Z 
2026-10-10T09:01:17.3703761Z  [32m✓[39m apps/web/tests/api-client.test.tsx [2m([22m[2m25 tests[22m[2m)[22m[33m 915[2mms[22m[39m
2026-10-10T09:01:17.3705315Z    [32m✓[39m typed HTTP boundary [2m(25)[22m
2026-10-10T09:01:17.3706438Z      [33m[2m✓[22m[39m waits for command completion after HTTP 202 before resolving useCommand[33m 425[2mms[22m[39m
2026-10-10T09:01:17.3708072Z      [33m[2m✓[22m[39m keeps an accepted command unresolved when command status polling fails[33m 407[2mms[22m[39m
2026-10-10T09:01:18.4654537Z  [32m✓[39m apps/web/tests/purchase-delegation.test.ts [2m([22m[2m7 tests[22m[2m)[22m[32m 170[2mms[22m[39m
2026-10-10T09:01:18.8557110Z [90mstderr[2m | apps/web/tests/shared-ui-render-contract.test.tsx[2m > [22m[2mS10 shared component rendered-slot contract[2m > [22m[2mEditDialog guards custom actions and the Escape close path for dirty and busy states
2026-10-10T09:01:18.8564894Z [22m[39mAn update to ForwardRef(FormControl) inside a test was not wrapped in act(...).
2026-10-10T09:01:18.8566156Z 
2026-10-10T09:01:18.8566983Z When testing, code that causes React state updates should be wrapped into act(...):
2026-10-10T09:01:18.8567642Z 
2026-10-10T09:01:18.8567921Z act(() => {
2026-10-10T09:01:18.8568854Z   /* fire events that update state */
2026-10-10T09:01:18.8569450Z });
2026-10-10T09:01:18.8569909Z /* assert on the output */
2026-10-10T09:01:18.8570258Z 
2026-10-10T09:01:18.8571197Z This ensures that you're testing the behavior the user would see in the browser. Learn more at https://react.dev/link/wrap-tests-with-act
2026-10-10T09:01:18.8572405Z An update to ForwardRef(FormControl) inside a test was not wrapped in act(...).
2026-10-10T09:01:18.8573205Z 
2026-10-10T09:01:18.8573846Z When testing, code that causes React state updates should be wrapped into act(...):
2026-10-10T09:01:18.8574479Z 
2026-10-10T09:01:18.8574745Z act(() => {
2026-10-10T09:01:18.8575301Z   /* fire events that update state */
2026-10-10T09:01:18.8575892Z });
2026-10-10T09:01:18.8576423Z /* assert on the output */
2026-10-10T09:01:18.8576821Z 
2026-10-10T09:01:18.8577724Z This ensures that you're testing the behavior the user would see in the browser. Learn more at https://react.dev/link/wrap-tests-with-act
2026-10-10T09:01:18.8578565Z 
2026-10-10T09:01:18.8611666Z [90mstderr[2m | apps/web/tests/shared-ui-render-contract.test.tsx[2m > [22m[2mS10 shared component rendered-slot contract[2m > [22m[2mEditDialog guards custom actions and the Escape close path for dirty and busy states
2026-10-10T09:01:18.8639786Z [22m[39mA component suspended inside an `act` scope, but the `act` call was not awaited. When testing React components that depend on asynchronous data, you must await the result:
2026-10-10T09:01:18.8683970Z 
2026-10-10T09:01:18.8723784Z await act(() => ...)
2026-10-10T09:01:18.8751712Z 
2026-10-10T09:01:19.3155787Z [90mstderr[2m | apps/web/tests/shared-ui-render-contract.test.tsx[2m > [22m[2mS10 shared component rendered-slot contract[2m > [22m[2mEditDialog guards custom actions and the backdrop close path for dirty and busy states
2026-10-10T09:01:19.3187633Z [22m[39mAn update to ForwardRef(FormControl) inside a test was not wrapped in act(...).
2026-10-10T09:01:19.3206397Z 
2026-10-10T09:01:19.3234349Z When testing, code that causes React state updates should be wrapped into act(...):
2026-10-10T09:01:19.3267887Z 
2026-10-10T09:01:19.3268667Z act(() => {
2026-10-10T09:01:19.3304973Z   /* fire events that update state */
2026-10-10T09:01:19.3333778Z });
2026-10-10T09:01:19.3344903Z /* assert on the output */
2026-10-10T09:01:19.3382090Z 
2026-10-10T09:01:19.3390178Z This ensures that you're testing the behavior the user would see in the browser. Learn more at https://react.dev/link/wrap-tests-with-act
2026-10-10T09:01:19.3414228Z An update to ForwardRef(FormControl) inside a test was not wrapped in act(...).
2026-10-10T09:01:19.3443368Z 
2026-10-10T09:01:19.3474277Z When testing, code that causes React state updates should be wrapped into act(...):
2026-10-10T09:01:19.3489679Z 
2026-10-10T09:01:19.3503669Z act(() => {
2026-10-10T09:01:19.3533984Z   /* fire events that update state */
2026-10-10T09:01:19.3563761Z });
2026-10-10T09:01:19.3574157Z /* assert on the output */
2026-10-10T09:01:19.3577796Z 
2026-10-10T09:01:19.3578846Z This ensures that you're testing the behavior the user would see in the browser. Learn more at https://react.dev/link/wrap-tests-with-act
2026-10-10T09:01:19.3579663Z 
2026-10-10T09:01:19.3854640Z  [32m✓[39m apps/web/tests/privacy-consent.test.ts [2m([22m[2m6 tests[22m[2m)[22m[32m 97[2mms[22m[39m
2026-10-10T09:01:20.4405253Z  [32m✓[39m apps/web/tests/command-lifetime.test.tsx [2m([22m[2m11 tests[22m[2m)[22m[32m 161[2mms[22m[39m
2026-10-10T09:01:21.4240458Z  [32m✓[39m apps/web/tests/media-inbox.test.ts [2m([22m[2m6 tests[22m[2m)[22m[32m 136[2mms[22m[39m
2026-10-10T09:01:21.6424044Z  [32m✓[39m apps/web/tests/shared-ui-render-contract.test.tsx [2m([22m[2m54 tests[22m[2m)[22m[33m 4888[2mms[22m[39m
2026-10-10T09:01:21.6427663Z    [32m✓[39m S10 shared component rendered-slot contract [2m(30)[22m
2026-10-10T09:01:21.6428966Z      [33m[2m✓[22m[39m DraftConflict requires a two-sided choice, excludes hidden data, and applies only to the draft[33m 532[2mms[22m[39m
2026-10-10T09:01:21.6464961Z      [33m[2m✓[22m[39m EditDialog guards custom actions and the footer close path for dirty and busy states[33m 469[2mms[22m[39m
2026-10-10T09:01:21.6466862Z      [33m[2m✓[22m[39m EditDialog guards custom actions and the icon close path for dirty and busy states[33m 443[2mms[22m[39m
2026-10-10T09:01:21.6468372Z      [33m[2m✓[22m[39m EditDialog guards custom actions and the Escape close path for dirty and busy states[33m 466[2mms[22m[39m
2026-10-10T09:01:21.6469872Z      [33m[2m✓[22m[39m EditDialog guards custom actions and the backdrop close path for dirty and busy states[33m 439[2mms[22m[39m
2026-10-10T09:01:21.6488177Z      [33m[2m✓[22m[39m EditDialog clears stale controls from its baseline after a successful save removes the form[33m 394[2mms[22m[39m
2026-10-10T09:01:21.6490936Z      [33m[2m✓[22m[39m ConfirmDialog validates the reason and keeps a rejected action visible[33m 1031[2mms[22m[39m
2026-10-10T09:01:23.0284875Z  [32m✓[39m apps/web/tests/scope-events.test.tsx [2m([22m[2m18 tests[22m[2m)[22m[32m 68[2mms[22m[39m
2026-10-10T09:01:23.7252080Z  [32m✓[39m apps/web/tests/versioned-draft.test.tsx [2m([22m[2m7 tests[22m[2m)[22m[32m 33[2mms[22m[39m
2026-10-10T09:01:24.2295179Z  [32m✓[39m apps/web/tests/states/fe023-state.test.tsx [2m([22m[2m12 tests[22m[2m)[22m[33m 1412[2mms[22m[39m
2026-10-10T09:01:24.2308888Z    [32m✓[39m FE023 shared state and form behavior [2m(12)[22m
2026-10-10T09:01:24.2310448Z      [33m[2m✓[22m[39m asks before closing a dialog with a dirty field and keeps the field until discard is chosen[33m 982[2mms[22m[39m
2026-10-10T09:01:24.2610548Z  [32m✓[39m apps/web/tests/fe021-source-map.test.ts [2m([22m[2m3 tests[22m[2m)[22m[32m 10[2mms[22m[39m
2026-10-10T09:01:24.8895160Z  [32m✓[39m apps/web/tests/marketing-report.test.ts [2m([22m[2m11 tests[22m[2m)[22m[32m 38[2mms[22m[39m
2026-10-10T09:01:25.5704738Z  [32m✓[39m apps/web/tests/timezone.test.ts [2m([22m[2m10 tests[22m[2m)[22m[32m 32[2mms[22m[39m
2026-10-10T09:01:25.5975547Z [BABEL] Note: The code generator has deoptimised the styling of /tmp/botsales-vite-cache/2fbc71299afedf720605/direct-vite/3793/deps/react-dom_client.js?v=72f00ae4 as it exceeds the max of 500KB.
2026-10-10T09:01:25.6039319Z  [32m✓[39m apps/web/tests/components.test.tsx [2m([22m[2m25 tests[22m[2m)[22m[33m 8844[2mms[22m[39m
2026-10-10T09:01:25.6108317Z    [32m✓[39m Accessible shared presentation [2m(19)[22m
2026-10-10T09:01:25.6134596Z      [33m[2m✓[22m[39m associates form errors with the visible label and returns focus after dialog close[33m 327[2mms[22m[39m
2026-10-10T09:01:25.6159473Z      [33m[2m✓[22m[39m reflows the real mock application from 320px to 1440px and passes browser axe[33m 7233[2mms[22m[39m
2026-10-10T09:01:25.8975050Z  [32m✓[39m apps/web/tests/confirmation.test.tsx [2m([22m[2m4 tests[22m[2m)[22m[33m 571[2mms[22m[39m
2026-10-10T09:01:26.3555644Z  [32m✓[39m apps/web/tests/format.test.ts [2m([22m[2m12 tests[22m[2m)[22m[32m 33[2mms[22m[39m
2026-10-10T09:01:26.4856690Z  [32m✓[39m apps/web/tests/report-utils.test.ts [2m([22m[2m6 tests[22m[2m)[22m[32m 29[2mms[22m[39m
2026-10-10T09:01:26.9169609Z  [32m✓[39m apps/web/tests/domain-labels.test.ts [2m([22m[2m3 tests[22m[2m)[22m[32m 20[2mms[22m[39m
2026-10-10T09:01:27.0946486Z  [32m✓[39m apps/web/tests/composition.test.tsx [2m([22m[2m3 tests[22m[2m)[22m[33m 355[2mms[22m[39m
2026-10-10T09:01:27.1016921Z  [32m✓[39m apps/web/tests/catalog-import-file.test.ts [2m([22m[2m5 tests[22m[2m)[22m[32m 5[2mms[22m[39m
2026-10-10T09:01:27.5125368Z  [32m✓[39m apps/web/tests/push-capabilities.test.ts [2m([22m[2m2 tests[22m[2m)[22m[32m 5[2mms[22m[39m
2026-10-10T09:01:27.6804742Z  [32m✓[39m apps/web/tests/list-return.test.ts [2m([22m[2m3 tests[22m[2m)[22m[32m 5[2mms[22m[39m
2026-10-10T09:01:28.0091706Z  [32m✓[39m apps/web/tests/route-metadata.test.ts [2m([22m[2m2 tests[22m[2m)[22m[32m 29[2mms[22m[39m
2026-10-10T09:01:28.1525332Z  [32m✓[39m apps/web/tests/dashboard-labels.test.ts [2m([22m[2m3 tests[22m[2m)[22m[32m 4[2mms[22m[39m
2026-10-10T09:01:28.1553339Z 
2026-10-10T09:01:28.1558496Z [2m Test Files [22m [1m[32m23 passed[39m[22m[90m (23)[39m
2026-10-10T09:01:28.1559533Z [2m      Tests [22m [1m[32m238 passed[39m[22m[90m (238)[39m
2026-10-10T09:01:28.1560295Z [2m   Start at [22m 09:01:15
2026-10-10T09:01:28.1563591Z [2m   Duration [22m 12.77s[2m (tests 51%, environment 25%, import 15%, setup 4%, transform 4%)[22m
2026-10-10T09:01:28.1568663Z 
2026-10-10T09:01:28.1570284Z [2mEnvironment [22m [33mjsdom was created 23 times[39m[2m · 8.88s total, 25% of tracked time[22m
2026-10-10T09:01:28.1572138Z [2m            [22m [2mcreate it once per worker with [22m[33mpool: 'vmThreads'[39m[2m (keeps per-file isolation) or [22m[33misolate: false[39m[2m (shares it across files)[22m
2026-10-10T09:01:28.1573730Z [2m            [22m [2mlearn more: https://vitest.dev/guide/improving-performance#test-environments[22m
2026-10-10T09:01:28.1574215Z 
2026-10-10T09:01:28.2699491Z 
2026-10-10T09:01:28.2700215Z > botsales-frontend@0.1.0 build
2026-10-10T09:01:28.2701179Z > npm run generate:check && npm run typecheck && npm run build --workspace @botsales/web
2026-10-10T09:01:28.2701798Z 
2026-10-10T09:01:28.3460932Z 
2026-10-10T09:01:28.3461967Z > botsales-frontend@0.1.0 generate:check
2026-10-10T09:01:28.3462596Z > node scripts/generate.mjs --check
2026-10-10T09:01:28.3463085Z 
2026-10-10T09:01:28.4932491Z {"status":"PASS","outputs":15,"schemas":346,"operations":245,"routes":61}
2026-10-10T09:01:28.5943326Z 
2026-10-10T09:01:28.5944184Z > botsales-frontend@0.1.0 typecheck
2026-10-10T09:01:28.5944767Z > tsc -p apps/web/tsconfig.json --noEmit
2026-10-10T09:01:28.5945183Z 
2026-10-10T09:01:34.4436887Z 
2026-10-10T09:01:34.4437804Z > @botsales/web@0.1.0 build
2026-10-10T09:01:34.4439856Z > vite build --mode production
2026-10-10T09:01:34.4440108Z 
2026-10-10T09:01:34.5999975Z [36mvite v7.3.6 [32mbuilding client environment for production...[36m[39m
2026-10-10T09:01:34.6608387Z transforming...
2026-10-10T09:01:38.9481175Z [32m✓[39m 2077 modules transformed.
2026-10-10T09:01:39.4085475Z rendering chunks...
2026-10-10T09:01:39.6031825Z computing gzip size...
2026-10-10T09:01:39.6246261Z [2mdist/[22m[32mindex.html                            [39m[1m[2m  1.23 kB[22m[1m[22m[2m │ gzip:   0.61 kB[22m
2026-10-10T09:01:39.6247999Z [2mdist/[22m[2massets/[22m[35mindex-BQPx7lJM.css             [39m[1m[2m  3.56 kB[22m[1m[22m[2m │ gzip:   1.33 kB[22m
2026-10-10T09:01:39.6249611Z [2mdist/[22m[2massets/[22m[36mdownload-8lJFmiSZ.js           [39m[1m[2m  0.23 kB[22m[1m[22m[2m │ gzip:   0.17 kB[22m
2026-10-10T09:01:39.6250945Z [2mdist/[22m[2massets/[22m[36mfilters-CM07jGKE.js            [39m[1m[2m  0.32 kB[22m[1m[22m[2m │ gzip:   0.25 kB[22m
2026-10-10T09:01:39.6252265Z [2mdist/[22m[2massets/[22m[36mhooks-L2nh8X7I.js              [39m[1m[2m  4.59 kB[22m[1m[22m[2m │ gzip:   2.15 kB[22m
2026-10-10T09:01:39.6253724Z [2mdist/[22m[2massets/[22m[36mdraft-conflict-CQUoJQ4o.js     [39m[1m[2m  5.37 kB[22m[1m[22m[2m │ gzip:   2.49 kB[22m
2026-10-10T09:01:39.6255176Z [2mdist/[22m[2massets/[22m[36mindex-mquMxiPF.js              [39m[1m[2m  8.25 kB[22m[1m[22m[2m │ gzip:   3.27 kB[22m
2026-10-10T09:01:39.6256298Z [2mdist/[22m[2massets/[22m[36mindex-CiWOs-TV.js              [39m[1m[2m  9.42 kB[22m[1m[22m[2m │ gzip:   3.73 kB[22m
2026-10-10T09:01:39.6257464Z [2mdist/[22m[2massets/[22m[36mindex-DQGrQuEv.js              [39m[1m[2m 13.14 kB[22m[1m[22m[2m │ gzip:   5.19 kB[22m
2026-10-10T09:01:39.6258770Z [2mdist/[22m[2massets/[22m[36mindex-OVGPogNo.js              [39m[1m[2m 15.39 kB[22m[1m[22m[2m │ gzip:   5.90 kB[22m
2026-10-10T09:01:39.6260257Z [2mdist/[22m[2massets/[22m[36mindex-Bd9mcE3C.js              [39m[1m[2m 16.98 kB[22m[1m[22m[2m │ gzip:   5.58 kB[22m
2026-10-10T09:01:39.6261519Z [2mdist/[22m[2massets/[22m[36mindex-Bg61UgeK.js              [39m[1m[2m 16.99 kB[22m[1m[22m[2m │ gzip:   5.81 kB[22m
2026-10-10T09:01:39.6262862Z [2mdist/[22m[2massets/[22m[36mindex-PCRh2M1X.js              [39m[1m[2m 18.85 kB[22m[1m[22m[2m │ gzip:   6.33 kB[22m
2026-10-10T09:01:39.6264130Z [2mdist/[22m[2massets/[22m[36mindex-BUtDDvPf.js              [39m[1m[2m 19.08 kB[22m[1m[22m[2m │ gzip:   7.02 kB[22m
2026-10-10T09:01:39.6265308Z [2mdist/[22m[2massets/[22m[36mindex-CvmCKMdV.js              [39m[1m[2m 20.90 kB[22m[1m[22m[2m │ gzip:   6.92 kB[22m
2026-10-10T09:01:39.6266332Z [2mdist/[22m[2massets/[22m[36mindex-Dzt3sNfY.js              [39m[1m[2m 21.23 kB[22m[1m[22m[2m │ gzip:   7.65 kB[22m
2026-10-10T09:01:39.6267486Z [2mdist/[22m[2massets/[22m[36mindex-RfTtRmBG.js              [39m[1m[2m 24.80 kB[22m[1m[22m[2m │ gzip:   8.25 kB[22m
2026-10-10T09:01:39.6268609Z [2mdist/[22m[2massets/[22m[36mindex-DWs4xu4k.js              [39m[1m[2m 25.06 kB[22m[1m[22m[2m │ gzip:   8.46 kB[22m
2026-10-10T09:01:39.6269753Z [2mdist/[22m[2massets/[22m[36mindex-BSXDucyP.js              [39m[1m[2m 30.93 kB[22m[1m[22m[2m │ gzip:   9.93 kB[22m
2026-10-10T09:01:39.6270953Z [2mdist/[22m[2massets/[22m[36mindex-DattA6PL.js              [39m[1m[2m 32.48 kB[22m[1m[22m[2m │ gzip:  10.82 kB[22m
2026-10-10T09:01:39.6272023Z [2mdist/[22m[2massets/[22m[36mquery-Df7VyXaF.js              [39m[1m[2m 33.15 kB[22m[1m[22m[2m │ gzip:   9.92 kB[22m
2026-10-10T09:01:39.6273294Z [2mdist/[22m[2massets/[22m[36mindex-WDyY7fx-.js              [39m[1m[2m 42.03 kB[22m[1m[22m[2m │ gzip:  11.49 kB[22m
2026-10-10T09:01:39.6274563Z [2mdist/[22m[2massets/[22m[36mi18n-D4N_7Z3Q.js               [39m[1m[2m 46.14 kB[22m[1m[22m[2m │ gzip:  15.12 kB[22m
2026-10-10T09:01:39.6275753Z [2mdist/[22m[2massets/[22m[36mindex-BeRebE9w.js              [39m[1m[2m 64.28 kB[22m[1m[22m[2m │ gzip:  17.67 kB[22m
2026-10-10T09:01:39.6277024Z [2mdist/[22m[2massets/[22m[36mschemas-CoWCwirf.js            [39m[1m[2m 85.75 kB[22m[1m[22m[2m │ gzip:  25.72 kB[22m
2026-10-10T09:01:39.6278407Z [2mdist/[22m[2massets/[22m[36mindex-DgXyZ4_1.js              [39m[1m[2m100.89 kB[22m[1m[22m[2m │ gzip:  32.02 kB[22m
2026-10-10T09:01:39.6279655Z [2mdist/[22m[2massets/[22m[36mschema-validation-B78jEm7B.js  [39m[1m[2m149.80 kB[22m[1m[22m[2m │ gzip:  45.12 kB[22m
2026-10-10T09:01:39.6280880Z [2mdist/[22m[2massets/[22m[36mreact-runtime-gLMyUIL2.js      [39m[1m[2m279.79 kB[22m[1m[22m[2m │ gzip:  90.28 kB[22m
2026-10-10T09:01:39.6282117Z [2mdist/[22m[2massets/[22m[36mcharts-BwhaRlrs.js             [39m[1m[2m320.23 kB[22m[1m[22m[2m │ gzip:  96.79 kB[22m
2026-10-10T09:01:39.6283401Z [2mdist/[22m[2massets/[22m[36mmui-CJj7QyVx.js                [39m[1m[2m328.77 kB[22m[1m[22m[2m │ gzip: 100.20 kB[22m
2026-10-10T09:01:39.6284615Z [2mdist/[22m[2massets/[22m[36mcontract-data-BRT-TOMX.js      [39m[1m[2m368.62 kB[22m[1m[22m[2m │ gzip:  42.83 kB[22m
2026-10-10T09:01:39.6285497Z [32m✓ built in 5.00s[39m
2026-10-10T09:01:39.7697251Z 
2026-10-10T09:01:39.7697955Z > botsales-frontend@0.1.0 test:layout
2026-10-10T09:01:39.7698822Z > node --test tests/layout-checker.test.mjs tests/ui-layout-binding-gates.test.mjs && node scripts/check-layout.mjs
2026-10-10T09:01:39.7699243Z 
2026-10-10T09:02:18.2549684Z ✔ CSS label gap accepts the canonical direct pixel constructor and its exact owner/property (1724.832803ms)
2026-10-10T09:02:18.2571395Z ✔ CSS label gap cannot be used as an unrelated spacing property (1821.028246ms)
2026-10-10T09:02:18.2580926Z ✔ CSS label gap rejects a raw pixel constructor argument (1717.586805ms)
2026-10-10T09:02:18.2604604Z ✔ CSS label gap cannot impersonate a role from another owner (1732.32009ms)
2026-10-10T09:02:18.2605989Z ✔ accepts semantic bridge roles, the closed token-derived factor map, geometry, and reset values (1724.13552ms)
2026-10-10T09:02:18.2607419Z ✔ rejects a CSS spacing role without a declared shared owner (1750.472282ms)
2026-10-10T09:02:18.2608823Z ✔ rejects scale-conforming and off-scale literals in sx, responsive leaves, named and namespace MUI System props (1719.73047ms)
2026-10-10T09:02:18.2610571Z ✔ follows local aliases and style callbacks; rejects theme spacing helpers and preset overrides (1727.651913ms)
2026-10-10T09:02:18.2612249Z ✔ scans nested slotProps but does not confuse event handlers or geometric dimensions with spacing (1709.035743ms)
2026-10-10T09:02:18.2613910Z ✔ keeps Panel geometry inspectable and rejects spacing hidden in its geometry prop (5265.451567ms)
2026-10-10T09:02:18.2615394Z ✔ accepts only an exact CSS exception and reports stale or mismatched exception scope (5112.89028ms)
2026-10-10T09:02:18.2616955Z ✔ rejects malformed TypeScript, malformed CSS, bad exception schema, and raw values in the bridge (7037.902699ms)
2026-10-10T09:02:18.2618522Z ✔ rejects canonical pixel tokens used as MUI factors and an altered bridge factor table (3587.84125ms)
2026-10-10T09:02:18.2619905Z ✔ report mode inventories migration debt without turning findings into PASS (1773.079698ms)
2026-10-10T09:04:07.7015434Z ✔ canonical writes through casts and aliases fail outside style expressions (1839.10653ms)
2026-10-10T09:04:07.7024427Z ✔ Object.assign cannot mutate canonical data but can copy to a fresh object (3630.623378ms)
2026-10-10T09:04:07.7026009Z ✔ layout gate rejects raw spacing on const alias of MUI component (1742.375979ms)
2026-10-10T09:04:07.7027295Z ✔ canonical mutation gate follows global mutator aliases and reflection (1859.505224ms)
2026-10-10T09:04:07.7028285Z ✔ local mutator names do not acquire global mutation identity (1826.605205ms)
2026-10-10T09:04:07.7029119Z ✔ destructured mutators and call/apply retain canonical mutation checks (1821.44978ms)
2026-10-10T09:04:07.7030010Z ✔ global mutator call/apply can copy canonical values into fresh objects (1793.762113ms)
2026-10-10T09:04:07.7030906Z ✔ mutable aliases with possible canonical destinations fail closed (1768.728263ms)
2026-10-10T09:04:07.7031857Z ✔ opaque apply arguments fail closed while unrelated mutable data stays valid (3626.253296ms)
2026-10-10T09:04:07.7033604Z ✔ canonical references inside containers and destructured aliases cannot be mutated (1954.336538ms)
2026-10-10T09:04:07.7038662Z ✔ independent shallow copies of scalar canonical fields remain mutable (1819.168665ms)
2026-10-10T09:04:07.7039852Z ✔ array references and nested destructuring preserve canonical write provenance (1833.191277ms)
2026-10-10T09:04:07.7040978Z ✔ array destinations distinguish independent elements from canonical references (1838.456073ms)
2026-10-10T09:04:07.7053651Z ✔ array destructuring, dynamic indices and spread cannot hide canonical references (1886.193155ms)
2026-10-10T09:04:07.7055047Z ✔ dynamic indices and destructuring of independent arrays stay mutable (1860.758094ms)
2026-10-10T09:04:07.7056005Z ✔ function parameters cannot hide canonical mutation across source files (1907.401232ms)
2026-10-10T09:04:07.7056915Z ✔ read-only helpers and mutations of unrelated arguments remain valid (1851.488673ms)
2026-10-10T09:04:07.7057700Z ✔ returned canonical references remain protected across helper boundaries (1910.835943ms)
2026-10-10T09:04:07.7058833Z ✔ helper returns of fresh scalar copies do not retain canonical destination identity (1838.258245ms)
2026-10-10T09:04:07.7060183Z ✔ destructured object parameters cannot mutate canonical arguments (1379.945198ms)
2026-10-10T09:04:07.7063593Z ✔ destructured object parameters retain independent argument mutability (1346.432903ms)
2026-10-10T09:04:07.7065069Z ✔ default parameter and binding initializers cannot hide canonical mutations (1362.266261ms)
2026-10-10T09:04:07.7092851Z ✔ fresh default parameter and binding copies remain mutable (1370.093805ms)
2026-10-10T09:04:07.7094281Z ✔ rest parameters retain canonical argument write provenance (1384.22965ms)
2026-10-10T09:04:07.7095565Z ✔ rest parameters distinguish independent positions from canonical siblings (1346.67738ms)
2026-10-10T09:04:07.7096999Z ✔ finite spread arguments preserve shifted positional and rest destinations (1366.966156ms)
2026-10-10T09:04:07.7098360Z ✔ finite spread expansion keeps independent argument positions mutable (1359.217166ms)
2026-10-10T09:04:07.7099641Z ✔ opaque spreads keep positional mutation destinations unknown (1362.932189ms)
2026-10-10T09:04:07.7100877Z ✔ opaque spreads into read-only helpers do not invent mutation findings (1351.791028ms)
2026-10-10T09:04:07.7102490Z ✔ array parameter patterns retain canonical positions including nested object arrays (1371.622986ms)
2026-10-10T09:04:07.7103576Z ✔ array parameter patterns retain independent bound element mutability (1352.008069ms)
2026-10-10T09:04:07.7104509Z ✔ layout gate rejects parameter shadow of canonical layout name (1407.129805ms)
2026-10-10T09:04:07.7121813Z ✔ layout gate follows genuine renamed styled factory (1360.693546ms)
2026-10-10T09:04:07.7134152Z ✔ layout gate accepts canonical namespace, element access and barrel alias (1399.918603ms)
2026-10-10T09:04:07.7136095Z ✔ layout gate does not mistake local component named Stack for MUI (1379.602721ms)
2026-10-10T09:04:07.7137176Z ✔ layout gate inspects renamed installed Emotion css tag (1402.900266ms)
2026-10-10T09:04:07.7138316Z ✔ layout gate preserves genuine aliased Controller field forwarding (1387.565096ms)
2026-10-10T09:04:07.7139409Z ✔ a same-named local Controller cannot exempt an unknown prop spread (1425.931693ms)
2026-10-10T09:04:07.7140554Z ✔ genuine useForm registration survives property and destructured aliases (1398.887913ms)
2026-10-10T09:04:07.7141727Z ✔ a function named register cannot exempt injected style props (1384.759122ms)
2026-10-10T09:04:07.7147460Z ✔ a bridge callback parameter cannot impersonate its private factor binding (1401.12088ms)
2026-10-10T09:04:07.7148810Z ✔ opaque namespace component selection remains a strict binding failure (1428.571556ms)
2026-10-10T09:04:07.7149919Z ✔ opaque namespace factory cannot hide style arguments (1360.414506ms)
2026-10-10T09:04:07.7151017Z ✔ MUI re-export cannot hide raw spacing behind a first-party barrel (1381.646386ms)
2026-10-10T09:04:07.7152272Z ✔ destructuring assignments cannot hide canonical write targets (1407.555028ms)
2026-10-10T09:04:07.7153549Z ✔ destructuring assignments can update independent copied destinations (1375.953878ms)
2026-10-10T09:04:07.7154839Z ✔ object rest retains nested canonical references while copying the outer object (1380.436353ms)
2026-10-10T09:04:07.7155894Z ✔ rest scalar copies and replacement of container references stay mutable (1379.257125ms)
2026-10-10T09:04:07.7156772Z ✔ shallow object spread preserves canonical child references and last-writer order (1383.631574ms)
2026-10-10T09:04:07.7157642Z ✔ shallow spread with a later independent override stays mutable (1449.795713ms)
2026-10-10T09:04:07.7158566Z ✔ exported mutable aliases retain assignments from their declaring file (1393.796293ms)
2026-10-10T09:04:07.7159452Z ✔ exported independent mutable data does not acquire canonical provenance (1400.256185ms)
2026-10-10T09:04:07.7160151Z ✔ literal computed keys retain canonical container and parameter provenance (1443.156213ms)
2026-10-10T09:04:07.7160894Z ✔ literal computed keys do not taint independent selected properties (1432.001494ms)
2026-10-10T09:04:07.7161892Z ✔ Object.assign shallow copies retain canonical nested reference provenance (1467.331962ms)
2026-10-10T09:04:07.7163108Z ✔ Object.assign later independent overrides and scalar copies stay mutable (1405.623672ms)
2026-10-10T09:04:07.7164272Z ✔ union and dynamic property selections retain possible canonical destinations (1425.608551ms)
2026-10-10T09:04:07.7165452Z ✔ finite union property selections exclude canonical siblings not in the key set (1444.071726ms)
2026-10-10T09:04:07.7166845Z ✔ union selection over Object.assign output retains canonical child provenance (1449.473628ms)
2026-10-10T09:04:07.7167884Z ✔ union selection over independent Object.assign output remains mutable (1406.419611ms)
2026-10-10T09:04:07.7168964Z ✔ Reflect.set call/apply checks the target argument rather than the assigned value (4189.045643ms)
2026-10-10T09:04:07.7169663Z ✔ aliased React createElement checks MUI and native style objects (1351.827863ms)
2026-10-10T09:04:07.7170413Z ✔ GlobalStyles.styles is checked and local createElement names stay local (2789.804065ms)
2026-10-10T09:04:07.7171164Z ✔ React JSX runtime factories cannot bypass MUI or native style checks (1391.350305ms)
2026-10-10T09:04:07.7172157Z ✔ React cloneElement checks the cloned MUI element and preserves native props (5626.428047ms)
2026-10-10T09:04:07.7173167Z ✔ Emotion css props and object factories are inspected with native CSS semantics (4119.577448ms)
2026-10-10T09:04:07.7174057Z ✔ Inline style elements in JSX, React factories, DOM and the HTML entry fail closed (10798.88975ms)
2026-10-10T09:04:07.7174820Z ✔ DOM CSSOM spacing writes use semantic roles and reject opaque style strings (2754.320115ms)
2026-10-10T09:04:07.7175610Z ✔ HTML parsing and runtime stylesheet mutation cannot bypass the imported CSS boundary (2721.609911ms)
2026-10-10T09:04:07.7176602Z ✔ spacing shorthand values and responsive breakpoints preserve token and unit provenance (13653.931355ms)
2026-10-10T09:04:07.7177676Z ✔ function return producers cannot hide canonical children behind spreads (1363.166306ms)
2026-10-10T09:04:07.7178521Z ✔ producer spreads keep later independent child overrides writable (1355.963831ms)
2026-10-10T09:04:07.7225037Z ℹ tests 86
2026-10-10T09:04:07.7225518Z ℹ suites 0
2026-10-10T09:04:07.7226146Z ℹ pass 86
2026-10-10T09:04:07.7226544Z ℹ fail 0
2026-10-10T09:04:07.7227180Z ℹ cancelled 0
2026-10-10T09:04:07.7227600Z ℹ skipped 0
2026-10-10T09:04:07.7227996Z ℹ todo 0
2026-10-10T09:04:07.7228588Z ℹ duration_ms 147924.496667
2026-10-10T09:04:14.1316221Z layout-check PASS: 93 source files, 0 finding(s), 1 exception(s) used
2026-10-10T09:04:14.2752690Z 
2026-10-10T09:04:14.2753625Z > botsales-frontend@0.1.0 test:visual-tokens
2026-10-10T09:04:14.2754539Z > node --test tests/visual-token-checker.test.mjs && node scripts/check-visual-tokens.mjs
2026-10-10T09:04:14.2755081Z 
2026-10-10T09:04:17.3751847Z ✔ visual checker accepts canonical theme roles, token references, geometry and semantic responsive props (830.424739ms)
2026-10-10T09:04:17.3754099Z ✔ visual checker rejects raw literals across sx, JSX system props and CSS declarations (467.763445ms)
2026-10-10T09:04:17.3755469Z ✔ visual checker follows local style aliases and callback themes, but fails raw nested values (464.014094ms)
2026-10-10T09:04:17.3756662Z ✔ visual checker reports unresolved spreads and malformed style sources as UNKNOWN or parse errors (426.596403ms)
2026-10-10T09:04:17.3757737Z ✔ visual checker includes newly added TSX files under the source root (460.156266ms)
2026-10-10T09:04:17.4201818Z ℹ tests 5
2026-10-10T09:04:17.4202351Z ℹ suites 0
2026-10-10T09:04:17.4202731Z ℹ pass 5
2026-10-10T09:04:17.4203218Z ℹ fail 0
2026-10-10T09:04:17.4203759Z ℹ cancelled 0
2026-10-10T09:04:17.4204069Z ℹ skipped 0
2026-10-10T09:04:17.4204350Z ℹ todo 0
2026-10-10T09:04:17.4204674Z ℹ duration_ms 3115.094147
2026-10-10T09:04:22.0636854Z visual-token-check PASS: 92 source files, 0 finding(s)
2026-10-10T09:04:22.1883302Z 
2026-10-10T09:04:22.1884356Z > botsales-frontend@0.1.0 test:ui-composition
2026-10-10T09:04:22.1885741Z > node --test tests/ui-composition-checker.test.mjs tests/ui-composition-ancestry.test.mjs tests/ui-shared-api-contract.test.mjs && node scripts/check-ui-composition.mjs
2026-10-10T09:04:22.1886332Z 
2026-10-10T09:04:35.7807482Z ✔ P10/P15 catch alias and neutral-wrapper duplicate insets through fragments and conditionals (1285.231458ms)
2026-10-10T09:04:35.7814161Z ✔ P20 resolves shared composition identities through a barrel and const component aliases (692.477822ms)
2026-10-10T09:04:35.7816409Z ✔ P11/P13 catch static element access roles on every MUI surface, including Paper (584.679567ms)
2026-10-10T09:04:35.7817638Z ✔ P12 checks React createElement and JSX-runtime element factories (541.890833ms)
2026-10-10T09:04:35.7818888Z ✔ P14 resolves bodyMode literal aliases and fails closed when ownership is unknown (1963.727954ms)
2026-10-10T09:04:35.7820648Z ✔ checks Panel ancestry when React elements are created natively (608.232169ms)
2026-10-10T09:04:35.7821538Z ✔ keeps independent nested surfaces and portaled dialogs as separate owners (1072.336442ms)
2026-10-10T09:04:35.7822537Z ✔ accepts finite bodyMode branches and every mode in the public component contracts (1419.610463ms)
2026-10-10T09:04:35.7824075Z ✔ stops inherited gap ownership at Panels and independent bordered surfaces (779.643074ms)
2026-10-10T09:04:35.7825336Z ✔ tracks gaps through fragments, conditions and ready QueryState, but not inside DOM wrappers (433.771575ms)
2026-10-10T09:04:35.7826511Z ✔ applies the same finite modes and wrapper boundaries to native React factories (808.753755ms)
2026-10-10T09:04:35.7827464Z ✔ recognizes native outlined Paper and nested Box surface inset boundaries (819.629599ms)
2026-10-10T09:04:35.7828167Z ✔ fails closed when an unresolved custom wrapper obscures a semantic gap owner (391.128717ms)
2026-10-10T09:04:35.7828933Z ✔ rejects unsupported placement and rhythm values while accepting finite aliases and branches (771.233734ms)
2026-10-10T09:04:35.7829688Z ✔ rejects unsupported finite values through React element factories (822.923973ms)
2026-10-10T09:04:35.8340198Z ✔ accepts semantic composition, closed geometry and business-specific MUI primitives (18.341553ms)
2026-10-10T09:04:35.8342037Z ✔ rejects rebuilding each shared spacing owner at a consumer (9.677828ms)
2026-10-10T09:04:35.8343534Z ✔ follows aliases, local style variables, object spreads and namespace imports (3.920028ms)
2026-10-10T09:04:35.8344312Z ✔ rejects direct and spread spacing overrides on semantic components (2.683531ms)
2026-10-10T09:04:35.8345246Z ✔ rejects spacing or opaque spreads hidden in geometry (1.979777ms)
2026-10-10T09:04:35.8346266Z ✔ allows the canonical owner implementation and fails closed on malformed source (3.364849ms)
2026-10-10T09:04:35.8347317Z ✔ rejects duplicated parent boundary and duplicated Panel inset (2.582478ms)
2026-10-10T09:04:35.8348302Z ✔ checks default MUI imports and fails closed for opaque geometry (0.997935ms)
2026-10-10T09:04:35.8348987Z ✔ distinguishes content grids from flex flows when reporting the shared owner (0.818252ms)
2026-10-10T09:04:35.8349722Z ✔ rejects page spacing for paired fields and peer Panels without a section gap owner (6.550942ms)
2026-10-10T09:04:35.8350623Z ✔ related sibling gaps belong to ActionGroup comfortable density, not consumer Stack styles (4.733891ms)
2026-10-10T09:04:35.8351329Z ✔ density profiles are finite and new spacing paths retain the shared owner (8.520008ms)
2026-10-10T09:04:35.8352503Z ✔ Amount consumers declare wrapping outside DataTable columns and keep table money unbroken (163.036431ms)
2026-10-10T09:04:35.8353429Z ✔ the shared catalog covers every public React component and supporting Column type (93.661255ms)
2026-10-10T09:04:35.8354151Z ✔ SPC-067 covers discovered public Shared APIs without a fixed export count (1.240728ms)
2026-10-10T09:04:35.8354809Z ✔ every public React API has a direct rendered contract test (2.155372ms)
2026-10-10T09:04:35.8355770Z ✔ catalog declaration lines and stated JSX counts match resolved source symbols (234.053357ms)
2026-10-10T09:04:35.8356577Z ✔ every shared React export has a resolved production consumer or an explicit zero-use lifecycle decision (123.791032ms)
2026-10-10T09:04:35.8357477Z ✔ required UI evidence and regression gates remain wired to root verify and the active parent workflow (0.633613ms)
2026-10-10T09:04:35.8358157Z ✔ composition prop allowlists match the TypeScript owners exactly (0.374457ms)
2026-10-10T09:04:35.8358961Z ✔ QueryState uses only the approved inline and section pending profiles (0.518245ms)
2026-10-10T09:04:35.8359796Z ✔ QueryState consumers reserve section loading for primary content and keep every other state inline by default (130.379138ms)
2026-10-10T09:04:35.8360616Z ✔ body modes, placement roles and geometry keys match the TypeScript contracts (3.221502ms)
2026-10-10T09:04:35.8361384Z ✔ Panel geometry and DataTable columns remain closed public contracts (7.872302ms)
2026-10-10T09:04:35.8362220Z ✔ shared component and composition props expose no arbitrary layout/style escape hatch (0.42173ms)
2026-10-10T09:04:35.8363266Z ✔ layout role types, runtime values, consumers and ownership documentation stay closed (5319.110786ms)
2026-10-10T09:04:35.8363774Z ℹ tests 41
2026-10-10T09:04:35.8364102Z ℹ suites 0
2026-10-10T09:04:35.8364372Z ℹ pass 41
2026-10-10T09:04:35.8364941Z ℹ fail 0
2026-10-10T09:04:35.8365301Z ℹ cancelled 0
2026-10-10T09:04:35.8365659Z ℹ skipped 0
2026-10-10T09:04:35.8366112Z ℹ todo 0
2026-10-10T09:04:35.8366611Z ℹ duration_ms 13613.022985
2026-10-10T09:05:46.0928882Z ui-composition PASS: 91 source files, 0 finding(s)
2026-10-10T09:05:46.0929411Z 
2026-10-10T09:05:46.3908027Z 
2026-10-10T09:05:46.3909072Z > botsales-frontend@0.1.0 test:evidence
2026-10-10T09:05:46.3910597Z > node --test tests/ui-evidence-validator.test.mjs && node scripts/validate-ui-evidence.mjs evidence/frontend-ui-improvements/ui-governance-rollout-20261007/S17-current-evidence.json
2026-10-10T09:05:46.3911537Z 
2026-10-10T09:05:46.4772630Z ✔ accepts current fingerprints, honest open coverage, and explained N/A (3.206594ms)
2026-10-10T09:05:46.4776647Z ✔ rejects a stale source fingerprint (1.668249ms)
2026-10-10T09:05:46.4777531Z ✔ rejects a stale command log (0.688341ms)
2026-10-10T09:05:46.4778445Z ✔ rejects missing, absolute, and escaping source paths (0.606793ms)
2026-10-10T09:05:46.4779506Z ✔ rejects unrun, missing, duplicate, and nonzero command results marked PASS (0.824829ms)
2026-10-10T09:05:46.4780643Z ✔ rejects PASS when expected and observed results differ (0.671172ms)
2026-10-10T09:05:46.4781676Z ✔ rejects inconsistent coverage and N/A without a reason (0.524891ms)
2026-10-10T09:05:46.4782833Z ✔ rejects a baseline falsely dated after implementation started and detects changed baseline artifacts (0.797063ms)
2026-10-10T09:05:46.4784103Z ✔ COMPLETE cannot contain open coverage or failed commands (0.836108ms)
2026-10-10T09:05:46.4785529Z ✔ S19 must explicitly reconcile files, APIs, routes, rendered routes, slots, and states (0.826241ms)
2026-10-10T09:05:46.4786756Z ✔ rejects malformed top-level evidence instead of treating missing fields as success (0.437186ms)
2026-10-10T09:05:46.4850223Z ℹ tests 11
2026-10-10T09:05:46.4850751Z ℹ suites 0
2026-10-10T09:05:46.4851187Z ℹ pass 11
2026-10-10T09:05:46.4851634Z ℹ fail 0
2026-10-10T09:05:46.4852005Z ℹ cancelled 0
2026-10-10T09:05:46.4852295Z ℹ skipped 0
2026-10-10T09:05:46.4852598Z ℹ todo 0
2026-10-10T09:05:46.4853095Z ℹ duration_ms 66.882799
2026-10-10T09:05:46.5329887Z ui-evidence PASS: S17; 3 command/log record(s), 3 coverage row(s), 275 current fingerprint(s); status=COMPLETE
2026-10-10T09:05:46.5486302Z ##[group]Run npm run test:e2e -- --project=firefox --reporter=line
2026-10-10T09:05:46.5486797Z [36;1mnpm run test:e2e -- --project=firefox --reporter=line[0m
2026-10-10T09:05:46.5521690Z shell: /usr/bin/bash -e {0}
2026-10-10T09:05:46.5522049Z ##[endgroup]
2026-10-10T09:05:46.6335778Z 
2026-10-10T09:05:46.6336543Z > botsales-frontend@0.1.0 test:e2e
2026-10-10T09:05:46.6337064Z > node scripts/run-e2e.mjs --project=firefox --reporter=line
2026-10-10T09:05:46.6337346Z 
2026-10-10T09:05:46.6600016Z 
2026-10-10T09:05:46.6600479Z > npm run setup
2026-10-10T09:05:46.7335719Z 
2026-10-10T09:05:46.7336198Z > botsales-frontend@0.1.0 setup
2026-10-10T09:05:46.7336742Z > node scripts/setup.mjs
2026-10-10T09:05:46.7337098Z 
2026-10-10T09:05:46.9078732Z {"status":"PASS","outputs":15,"schemas":346,"operations":245,"routes":61}
2026-10-10T09:05:46.9812684Z Copying the worker script at "/home/runner/work/Bot-AI-Ban-hang-FB/Bot-AI-Ban-hang-FB/BotSalesAI_Frontend/apps/web/public"...
2026-10-10T09:05:46.9847230Z 
2026-10-10T09:05:46.9847853Z [32mWorker script successfully copied![39m
2026-10-10T09:05:46.9972187Z [90m  - public
2026-10-10T09:05:46.9972760Z [39m
2026-10-10T09:05:46.9973375Z Continue by describing the network in your application:
2026-10-10T09:05:46.9973679Z 
2026-10-10T09:05:46.9973688Z 
2026-10-10T09:05:46.9974020Z [31m[1mhttps://mswjs.io/docs/quick-start[22m[39m
2026-10-10T09:05:46.9974281Z 
2026-10-10T09:05:46.9974875Z Thiết lập xong. npm run dev chạy frontend mô phỏng; không kết nối khách hàng hoặc provider thật.
2026-10-10T09:05:46.9975314Z 
2026-10-10T09:05:46.9975422Z > npm run build
2026-10-10T09:05:47.0716427Z 
2026-10-10T09:05:47.0716838Z > botsales-frontend@0.1.0 build
2026-10-10T09:05:47.0717669Z > npm run generate:check && npm run typecheck && npm run build --workspace @botsales/web
2026-10-10T09:05:47.0718183Z 
2026-10-10T09:05:47.1492775Z 
2026-10-10T09:05:47.1493170Z > botsales-frontend@0.1.0 generate:check
2026-10-10T09:05:47.1493536Z > node scripts/generate.mjs --check
2026-10-10T09:05:47.1493696Z 
2026-10-10T09:05:47.3070294Z {"status":"PASS","outputs":15,"schemas":346,"operations":245,"routes":61}
2026-10-10T09:05:47.3988766Z 
2026-10-10T09:05:47.3989088Z > botsales-frontend@0.1.0 typecheck
2026-10-10T09:05:47.3989557Z > tsc -p apps/web/tsconfig.json --noEmit
2026-10-10T09:05:47.3989729Z 
2026-10-10T09:05:53.2946137Z 
2026-10-10T09:05:53.2946742Z > @botsales/web@0.1.0 build
2026-10-10T09:05:53.2947122Z > vite build --mode production
2026-10-10T09:05:53.2947276Z 
2026-10-10T09:05:53.4234187Z [36mvite v7.3.6 [32mbuilding client environment for production...[36m[39m
2026-10-10T09:05:53.4715680Z transforming...
2026-10-10T09:05:57.7135025Z [32m✓[39m 2077 modules transformed.
2026-10-10T09:05:58.1696862Z rendering chunks...
2026-10-10T09:05:58.3483998Z computing gzip size...
2026-10-10T09:05:58.3698061Z [2mdist/[22m[32mindex.html                            [39m[1m[2m  1.23 kB[22m[1m[22m[2m │ gzip:   0.61 kB[22m
2026-10-10T09:05:58.3699323Z [2mdist/[22m[2massets/[22m[35mindex-BQPx7lJM.css             [39m[1m[2m  3.56 kB[22m[1m[22m[2m │ gzip:   1.33 kB[22m
2026-10-10T09:05:58.3700426Z [2mdist/[22m[2massets/[22m[36mdownload-8lJFmiSZ.js           [39m[1m[2m  0.23 kB[22m[1m[22m[2m │ gzip:   0.17 kB[22m
2026-10-10T09:05:58.3701800Z [2mdist/[22m[2massets/[22m[36mfilters-CM07jGKE.js            [39m[1m[2m  0.32 kB[22m[1m[22m[2m │ gzip:   0.25 kB[22m
2026-10-10T09:05:58.3703115Z [2mdist/[22m[2massets/[22m[36mhooks-L2nh8X7I.js              [39m[1m[2m  4.59 kB[22m[1m[22m[2m │ gzip:   2.15 kB[22m
2026-10-10T09:05:58.3704176Z [2mdist/[22m[2massets/[22m[36mdraft-conflict-CQUoJQ4o.js     [39m[1m[2m  5.37 kB[22m[1m[22m[2m │ gzip:   2.49 kB[22m
2026-10-10T09:05:58.3705269Z [2mdist/[22m[2massets/[22m[36mindex-mquMxiPF.js              [39m[1m[2m  8.25 kB[22m[1m[22m[2m │ gzip:   3.27 kB[22m
2026-10-10T09:05:58.3706569Z [2mdist/[22m[2massets/[22m[36mindex-CiWOs-TV.js              [39m[1m[2m  9.42 kB[22m[1m[22m[2m │ gzip:   3.73 kB[22m
2026-10-10T09:05:58.3707657Z [2mdist/[22m[2massets/[22m[36mindex-DQGrQuEv.js              [39m[1m[2m 13.14 kB[22m[1m[22m[2m │ gzip:   5.19 kB[22m
2026-10-10T09:05:58.3708555Z [2mdist/[22m[2massets/[22m[36mindex-OVGPogNo.js              [39m[1m[2m 15.39 kB[22m[1m[22m[2m │ gzip:   5.90 kB[22m
2026-10-10T09:05:58.3709287Z [2mdist/[22m[2massets/[22m[36mindex-Bd9mcE3C.js              [39m[1m[2m 16.98 kB[22m[1m[22m[2m │ gzip:   5.58 kB[22m
2026-10-10T09:05:58.3710024Z [2mdist/[22m[2massets/[22m[36mindex-Bg61UgeK.js              [39m[1m[2m 16.99 kB[22m[1m[22m[2m │ gzip:   5.81 kB[22m
2026-10-10T09:05:58.3710761Z [2mdist/[22m[2massets/[22m[36mindex-PCRh2M1X.js              [39m[1m[2m 18.85 kB[22m[1m[22m[2m │ gzip:   6.33 kB[22m
2026-10-10T09:05:58.3711488Z [2mdist/[22m[2massets/[22m[36mindex-BUtDDvPf.js              [39m[1m[2m 19.08 kB[22m[1m[22m[2m │ gzip:   7.02 kB[22m
2026-10-10T09:05:58.3712376Z [2mdist/[22m[2massets/[22m[36mindex-CvmCKMdV.js              [39m[1m[2m 20.90 kB[22m[1m[22m[2m │ gzip:   6.92 kB[22m
2026-10-10T09:05:58.3713356Z [2mdist/[22m[2massets/[22m[36mindex-Dzt3sNfY.js              [39m[1m[2m 21.23 kB[22m[1m[22m[2m │ gzip:   7.65 kB[22m
2026-10-10T09:05:58.3714087Z [2mdist/[22m[2massets/[22m[36mindex-RfTtRmBG.js              [39m[1m[2m 24.80 kB[22m[1m[22m[2m │ gzip:   8.25 kB[22m
2026-10-10T09:05:58.3714864Z [2mdist/[22m[2massets/[22m[36mindex-DWs4xu4k.js              [39m[1m[2m 25.06 kB[22m[1m[22m[2m │ gzip:   8.46 kB[22m
2026-10-10T09:05:58.3715590Z [2mdist/[22m[2massets/[22m[36mindex-BSXDucyP.js              [39m[1m[2m 30.93 kB[22m[1m[22m[2m │ gzip:   9.93 kB[22m
2026-10-10T09:05:58.3716366Z [2mdist/[22m[2massets/[22m[36mindex-DattA6PL.js              [39m[1m[2m 32.48 kB[22m[1m[22m[2m │ gzip:  10.82 kB[22m
2026-10-10T09:05:58.3717151Z [2mdist/[22m[2massets/[22m[36mquery-Df7VyXaF.js              [39m[1m[2m 33.15 kB[22m[1m[22m[2m │ gzip:   9.92 kB[22m
2026-10-10T09:05:58.3717881Z [2mdist/[22m[2massets/[22m[36mindex-WDyY7fx-.js              [39m[1m[2m 42.03 kB[22m[1m[22m[2m │ gzip:  11.49 kB[22m
2026-10-10T09:05:58.3718595Z [2mdist/[22m[2massets/[22m[36mi18n-D4N_7Z3Q.js               [39m[1m[2m 46.14 kB[22m[1m[22m[2m │ gzip:  15.12 kB[22m
2026-10-10T09:05:58.3719307Z [2mdist/[22m[2massets/[22m[36mindex-BeRebE9w.js              [39m[1m[2m 64.28 kB[22m[1m[22m[2m │ gzip:  17.67 kB[22m
2026-10-10T09:05:58.3720026Z [2mdist/[22m[2massets/[22m[36mschemas-CoWCwirf.js            [39m[1m[2m 85.75 kB[22m[1m[22m[2m │ gzip:  25.72 kB[22m
2026-10-10T09:05:58.3720755Z [2mdist/[22m[2massets/[22m[36mindex-DgXyZ4_1.js              [39m[1m[2m100.89 kB[22m[1m[22m[2m │ gzip:  32.02 kB[22m
2026-10-10T09:05:58.3721506Z [2mdist/[22m[2massets/[22m[36mschema-validation-B78jEm7B.js  [39m[1m[2m149.80 kB[22m[1m[22m[2m │ gzip:  45.12 kB[22m
2026-10-10T09:05:58.3722280Z [2mdist/[22m[2massets/[22m[36mreact-runtime-gLMyUIL2.js      [39m[1m[2m279.79 kB[22m[1m[22m[2m │ gzip:  90.28 kB[22m
2026-10-10T09:05:58.3723127Z [2mdist/[22m[2massets/[22m[36mcharts-BwhaRlrs.js             [39m[1m[2m320.23 kB[22m[1m[22m[2m │ gzip:  96.79 kB[22m
2026-10-10T09:05:58.3724128Z [2mdist/[22m[2massets/[22m[36mmui-CJj7QyVx.js                [39m[1m[2m328.77 kB[22m[1m[22m[2m │ gzip: 100.20 kB[22m
2026-10-10T09:05:58.3725076Z [2mdist/[22m[2massets/[22m[36mcontract-data-BRT-TOMX.js      [39m[1m[2m368.62 kB[22m[1m[22m[2m │ gzip:  42.83 kB[22m
2026-10-10T09:05:58.3725695Z [32m✓ built in 4.94s[39m
2026-10-10T09:05:58.4323489Z 
2026-10-10T09:05:58.4323996Z > npm run build:demo
2026-10-10T09:05:58.5065534Z 
2026-10-10T09:05:58.5066264Z > botsales-frontend@0.1.0 build:demo
2026-10-10T09:05:58.5066929Z > npm run generate:check && npm run typecheck && npm run build:demo --workspace @botsales/web
2026-10-10T09:05:58.5067468Z 
2026-10-10T09:05:58.5839583Z 
2026-10-10T09:05:58.5840232Z > botsales-frontend@0.1.0 generate:check
2026-10-10T09:05:58.5840747Z > node scripts/generate.mjs --check
2026-10-10T09:05:58.5840996Z 
2026-10-10T09:05:58.7363894Z {"status":"PASS","outputs":15,"schemas":346,"operations":245,"routes":61}
2026-10-10T09:05:58.8234244Z 
2026-10-10T09:05:58.8234841Z > botsales-frontend@0.1.0 typecheck
2026-10-10T09:05:58.8235229Z > tsc -p apps/web/tsconfig.json --noEmit
2026-10-10T09:05:58.8235412Z 
2026-10-10T09:06:04.7569701Z 
2026-10-10T09:06:04.7570203Z > @botsales/web@0.1.0 build:demo
2026-10-10T09:06:04.7570571Z > vite build --mode demo --outDir dist-demo
2026-10-10T09:06:04.7570757Z 
2026-10-10T09:06:04.8886618Z [36mvite v7.3.6 [32mbuilding client environment for demo...[36m[39m
2026-10-10T09:06:04.9383464Z transforming...
2026-10-10T09:06:09.6506745Z [32m✓[39m 2293 modules transformed.
2026-10-10T09:06:10.1364231Z rendering chunks...
2026-10-10T09:06:10.3623515Z computing gzip size...
2026-10-10T09:06:10.3888124Z [2mdist-demo/[22m[32mindex.html                            [39m[1m[2m  1.23 kB[22m[1m[22m[2m │ gzip:   0.61 kB[22m
2026-10-10T09:06:10.3889655Z [2mdist-demo/[22m[2massets/[22m[35mindex-BQPx7lJM.css             [39m[1m[2m  3.56 kB[22m[1m[22m[2m │ gzip:   1.33 kB[22m
2026-10-10T09:06:10.3891237Z [2mdist-demo/[22m[2massets/[22m[36mdownload-CWiaXb8A.js           [39m[1m[2m  0.24 kB[22m[1m[22m[2m │ gzip:   0.17 kB[22m
2026-10-10T09:06:10.3892430Z [2mdist-demo/[22m[2massets/[22m[36mfilters-CirfTR7_.js            [39m[1m[2m  0.32 kB[22m[1m[22m[2m │ gzip:   0.25 kB[22m
2026-10-10T09:06:10.3893514Z [2mdist-demo/[22m[2massets/[22m[36mcontrol-Criu5A-7.js            [39m[1m[2m  1.73 kB[22m[1m[22m[2m │ gzip:   0.94 kB[22m
2026-10-10T09:06:10.3894353Z [2mdist-demo/[22m[2massets/[22m[36mhooks-BeC01d3Y.js              [39m[1m[2m  4.59 kB[22m[1m[22m[2m │ gzip:   2.15 kB[22m
2026-10-10T09:06:10.3895230Z [2mdist-demo/[22m[2massets/[22m[36mdraft-conflict-tNpI-HAo.js     [39m[1m[2m  5.37 kB[22m[1m[22m[2m │ gzip:   2.49 kB[22m
2026-10-10T09:06:10.3896073Z [2mdist-demo/[22m[2massets/[22m[36mindex-SkfVeie4.js              [39m[1m[2m  8.79 kB[22m[1m[22m[2m │ gzip:   3.47 kB[22m
2026-10-10T09:06:10.3897024Z [2mdist-demo/[22m[2massets/[22m[36mindex-DH5AOH0G.js              [39m[1m[2m  9.42 kB[22m[1m[22m[2m │ gzip:   3.73 kB[22m
2026-10-10T09:06:10.3897789Z [2mdist-demo/[22m[2massets/[22m[36mindex-B3gGpiMi.js              [39m[1m[2m 13.14 kB[22m[1m[22m[2m │ gzip:   5.18 kB[22m
2026-10-10T09:06:10.3898561Z [2mdist-demo/[22m[2massets/[22m[36mindex-D3UNZ1L-.js              [39m[1m[2m 15.09 kB[22m[1m[22m[2m │ gzip:   5.71 kB[22m
2026-10-10T09:06:10.3899316Z [2mdist-demo/[22m[2massets/[22m[36mindex-BWSxRwQH.js              [39m[1m[2m 17.14 kB[22m[1m[22m[2m │ gzip:   5.61 kB[22m
2026-10-10T09:06:10.3900069Z [2mdist-demo/[22m[2massets/[22m[36mindex-BGP_Ad-y.js              [39m[1m[2m 18.85 kB[22m[1m[22m[2m │ gzip:   6.33 kB[22m
2026-10-10T09:06:10.3900852Z [2mdist-demo/[22m[2massets/[22m[36mindex-01nb5nQj.js              [39m[1m[2m 19.18 kB[22m[1m[22m[2m │ gzip:   6.54 kB[22m
2026-10-10T09:06:10.3901637Z [2mdist-demo/[22m[2massets/[22m[36mindex-DgCh8QFc.js              [39m[1m[2m 19.28 kB[22m[1m[22m[2m │ gzip:   7.08 kB[22m
2026-10-10T09:06:10.3902388Z [2mdist-demo/[22m[2massets/[22m[36mindex-Cco5VbEE.js              [39m[1m[2m 20.90 kB[22m[1m[22m[2m │ gzip:   6.92 kB[22m
2026-10-10T09:06:10.3903361Z [2mdist-demo/[22m[2massets/[22m[36mindex-hYjqNRGb.js              [39m[1m[2m 24.80 kB[22m[1m[22m[2m │ gzip:   8.24 kB[22m
2026-10-10T09:06:10.3904126Z [2mdist-demo/[22m[2massets/[22m[36mindex-BDJDBZpL.js              [39m[1m[2m 25.47 kB[22m[1m[22m[2m │ gzip:   8.62 kB[22m
2026-10-10T09:06:10.3905188Z [2mdist-demo/[22m[2massets/[22m[36mindex-DQbFFBlT.js              [39m[1m[2m 28.10 kB[22m[1m[22m[2m │ gzip:   9.80 kB[22m
2026-10-10T09:06:10.3906116Z [2mdist-demo/[22m[2massets/[22m[36mindex-DX4hKm3W.js              [39m[1m[2m 30.93 kB[22m[1m[22m[2m │ gzip:   9.93 kB[22m
2026-10-10T09:06:10.3906870Z [2mdist-demo/[22m[2massets/[22m[36mindex-f6PQjW3Q.js              [39m[1m[2m 32.93 kB[22m[1m[22m[2m │ gzip:  10.94 kB[22m
2026-10-10T09:06:10.3907622Z [2mdist-demo/[22m[2massets/[22m[36mquery-Df7VyXaF.js              [39m[1m[2m 33.15 kB[22m[1m[22m[2m │ gzip:   9.92 kB[22m
2026-10-10T09:06:10.3908391Z [2mdist-demo/[22m[2massets/[22m[36mindex-D6MJeQeX.js              [39m[1m[2m 42.03 kB[22m[1m[22m[2m │ gzip:  11.49 kB[22m
2026-10-10T09:06:10.3909143Z [2mdist-demo/[22m[2massets/[22m[36mi18n-D4N_7Z3Q.js               [39m[1m[2m 46.14 kB[22m[1m[22m[2m │ gzip:  15.12 kB[22m
2026-10-10T09:06:10.3909884Z [2mdist-demo/[22m[2massets/[22m[36mindex-BoOL50Pn.js              [39m[1m[2m 65.49 kB[22m[1m[22m[2m │ gzip:  18.10 kB[22m
2026-10-10T09:06:10.3910658Z [2mdist-demo/[22m[2massets/[22m[36mschemas-CoWCwirf.js            [39m[1m[2m 85.75 kB[22m[1m[22m[2m │ gzip:  25.72 kB[22m
2026-10-10T09:06:10.3911427Z [2mdist-demo/[22m[2massets/[22m[36mindex-C6ptp12n.js              [39m[1m[2m105.42 kB[22m[1m[22m[2m │ gzip:  33.42 kB[22m
2026-10-10T09:06:10.3912222Z [2mdist-demo/[22m[2massets/[22m[36mschema-validation-B78jEm7B.js  [39m[1m[2m149.80 kB[22m[1m[22m[2m │ gzip:  45.12 kB[22m
2026-10-10T09:06:10.3913497Z [2mdist-demo/[22m[2massets/[22m[36mservice-DOnisuXi.js            [39m[1m[2m233.46 kB[22m[1m[22m[2m │ gzip:  54.15 kB[22m
2026-10-10T09:06:10.3914338Z [2mdist-demo/[22m[2massets/[22m[36mbrowser-CQeKKnYr.js            [39m[1m[2m255.64 kB[22m[1m[22m[2m │ gzip:  87.02 kB[22m
2026-10-10T09:06:10.3915123Z [2mdist-demo/[22m[2massets/[22m[36mreact-runtime-gLMyUIL2.js      [39m[1m[2m279.79 kB[22m[1m[22m[2m │ gzip:  90.28 kB[22m
2026-10-10T09:06:10.3915957Z [2mdist-demo/[22m[2massets/[22m[36mcharts-uDdGNk6t.js             [39m[1m[2m320.23 kB[22m[1m[22m[2m │ gzip:  96.79 kB[22m
2026-10-10T09:06:10.3916836Z [2mdist-demo/[22m[2massets/[22m[36mmui-CUCPJGs1.js                [39m[1m[2m328.77 kB[22m[1m[22m[2m │ gzip: 100.20 kB[22m
2026-10-10T09:06:10.3917631Z [2mdist-demo/[22m[2massets/[22m[36mcontract-data-CJyvN5AM.js      [39m[1m[2m375.47 kB[22m[1m[22m[2m │ gzip:  44.43 kB[22m
2026-10-10T09:06:10.3918108Z [32m✓ built in 5.49s[39m
2026-10-10T09:06:10.4557964Z 
2026-10-10T09:06:10.4558916Z > node node_modules/@playwright/test/cli.js test --project=firefox --reporter=line
2026-10-10T09:06:12.8831695Z 
2026-10-10T09:06:12.8832490Z Running 406 tests using 1 worker
2026-10-10T09:06:12.8832799Z 
2026-10-10T09:06:13.4915506Z [1/406] [firefox] › tests/accessibility/routes.spec.ts:17:1 › all canonical routes pass whole-page WCAG 2.1 A/AA axe checks in the React demo
2026-10-10T09:08:31.5349360Z [2/406] [firefox] › tests/accessibility/routes.spec.ts:84:1 › contained action buttons do not animate between contrasting enabled and disabled color pairs
2026-10-10T09:08:34.9574802Z [3/406] [firefox] › tests/artifacts/demo-preview.spec.ts:40:1 › the built demo artifact serves the React UI and synthetic API through preview
2026-10-10T09:08:36.1009949Z [firefox] › tests/artifacts/demo-preview.spec.ts:40:1 › the built demo artifact serves the React UI and synthetic API through preview
2026-10-10T09:08:36.1020430Z [artifact-preview] {"scope":"FRONTEND_WITH_SYNTHETIC_MOCK_API","artifact":"apps/web/dist-demo","browserMetrics":{"browser":"Mozilla/5.0 (Windows NT 10.0; Win64; x64; rv:155.0) Gecko/20100101 Firefox/155.0","viewport":{"width":1280,"height":720},"route":"/s/shop-demo/overview","domContentLoadedMs":168,"loadEventMs":168,"scriptCount":11,"scriptTransferBytes":482369,"scriptAssets":[{"file":"query-Df7VyXaF.js","transferBytes":10222,"decodedBytes":33154,"durationMs":23},{"file":"index-C6ptp12n.js","transferBytes":33723,"decodedBytes":105422,"durationMs":25},{"file":"mui-CUCPJGs1.js","transferBytes":100504,"decodedBytes":328773,"durationMs":43},{"file":"react-runtime-gLMyUIL2.js","transferBytes":90583,"decodedBytes":279787,"durationMs":42},{"file":"schema-validation-B78jEm7B.js","transferBytes":45420,"decodedBytes":149800,"durationMs":41},{"file":"contract-data-CJyvN5AM.js","transferBytes":44731,"decodedBytes":375469,"durationMs":42},{"file":"i18n-D4N_7Z3Q.js","transferBytes":15416,"decodedBytes":46142,"durationMs":37},{"file":"browser-CQeKKnYr.js","transferBytes":87316,"decodedBytes":255636,"durationMs":21},{"file":"service-DOnisuXi.js","transferBytes":54454,"decodedBytes":233456,"durationMs":15},{"file":"index-DH5AOH0G.js","transferBytes":0,"decodedBytes":0,"durationMs":0},{"file":"hooks-BeC01d3Y.js","transferBytes":0,"decodedBytes":0,"durationMs":0}]},"bundles":{"javascriptFiles":32,"totalBytes":2617401,"totalGzipBytes":735870,"initialRouteGzipBytes":485552,"proposedBudgets":{"initialRouteGzipKiB":500,"largestChunkGzipKiB":200,"basis":"Local demo preview limits for the measured Chromium artifact; not a backend or platform SLO."},"largest":[{"file":"apps/web/dist-demo/assets/contract-data-CJyvN5AM.js","bytes":375469,"gzipBytes":44431},{"file":"apps/web/dist-demo/assets/mui-CUCPJGs1.js","bytes":328773,"gzipBytes":100204},{"file":"apps/web/dist-demo/assets/charts-uDdGNk6t.js","bytes":320234,"gzipBytes":96785},{"file":"apps/web/dist-demo/assets/react-runtime-gLMyUIL2.js","bytes":279787,"gzipBytes":90283},{"file":"apps/web/dist-demo/assets/browser-CQeKKnYr.js","bytes":255636,"gzipBytes":87016}]},"observedApi":{"path":"/api/v2/session","status":200,"servedBy":"MSW in the built demo artifact"},"dataSource":"synthetic-msw"}
2026-10-10T09:08:36.1026335Z 
2026-10-10T09:08:36.1151270Z [4/406] [firefox] › tests/artifacts/demo-preview.spec.ts:104:1 › a thousand synthetic customers remain API-paginated in the built demo artifact
2026-10-10T09:08:37.8299751Z [firefox] › tests/artifacts/demo-preview.spec.ts:104:1 › a thousand synthetic customers remain API-paginated in the built demo artifact
2026-10-10T09:08:37.8302034Z [large-dataset-api] {"url":"http://127.0.0.1:42323/api/v2/shops/shop-demo/customers?limit=20","count":20,"page":{"limit":20,"total":1004,"hasMore":true,"nextCursor":"perf-customer-0016"},"firstIds":["c1","c2","c3"]}
2026-10-10T09:08:37.8304060Z 
2026-10-10T09:08:37.9136004Z [large-dataset-preview] {"scope":"FRONTEND_WITH_SYNTHETIC_MOCK_API","artifact":"apps/web/dist-demo","datasetId":"FE025-LARGE-CUSTOMERS-1000-V1","generatedRows":1000,"firstPageIds":["c1","c2","c3","c4","perf-customer-0001","perf-customer-0002","perf-customer-0003","perf-customer-0004","perf-customer-0005","perf-customer-0006","perf-customer-0007","perf-customer-0008","perf-customer-0009","perf-customer-0010","perf-customer-0011","perf-customer-0012","perf-customer-0013","perf-customer-0014","perf-customer-0015","perf-customer-0016"],"api":{"status":200,"pageLimit":20,"total":1004,"hasMore":true,"nextCursor":"perf-customer-0016"},"domRowsIncludingHeader":21,"firstPageReadyMs":388,"browser":"Mozilla/5.0 (Windows NT 10.0; Win64; x64; rv:155.0) Gecko/20100101 Firefox/155.0","viewport":{"width":1280,"height":720},"note":"Synthetic customer identities only; the React screen renders one API page and exposes the next cursor instead of mounting the full collection."}
2026-10-10T09:08:37.9139114Z 
2026-10-10T09:08:37.9287745Z [5/406] [firefox] › tests/artifacts/demo-preview.spec.ts:143:1 › the production artifact contains neither the mock worker asset nor MSW fixtures/runtime
2026-10-10T09:08:37.9706984Z [6/406] [firefox] › tests/fe009.spec.ts:37:1 › workspace onboarding creates a shop with an active membership and returns to its scoped route
2026-10-10T09:08:41.7440873Z [7/406] [firefox] › tests/fe009.spec.ts:59:1 › customer create validates fields, submits through mock HTTP, and preserves edits after a stale version
2026-10-10T09:08:48.6918794Z [8/406] [firefox] › tests/fe009.spec.ts:127:1 › customer detail keeps redacted contact fields read-only and does not overwrite them on save
2026-10-10T09:08:51.1572446Z [9/406] [firefox] › tests/fe009.spec.ts:144:1 › job detail follows an export created in the current synthetic shop and can refetch it
2026-10-10T09:08:53.8658570Z [10/406] [firefox] › tests/fe009.spec.ts:179:1 › FE009.G01 shop setup checklist guides to supported pages and leaves missing contract fields unverified
2026-10-10T09:08:55.2539236Z [11/406] [firefox] › tests/fe009.spec.ts:192:1 › FE009.G05 consent management persists challenges without granting consent before customer action
2026-10-10T09:08:58.9262460Z [12/406] [firefox] › tests/fe009.spec.ts:202:1 › FE009.H06 audit screen distinguishes available fields from missing contract detail
2026-10-10T09:09:00.3360144Z [13/406] [firefox] › tests/fe009.spec.ts:211:1 › FE009.B06 after-sale cases only link orders loaded for the selected customer and customer profile shows their shipment
2026-10-10T09:09:07.7045119Z [14/406] [firefox] › tests/fe009.spec.ts:243:1 › team invitation and membership revoke stay shop-scoped and protect the active owner
2026-10-10T09:09:11.9982191Z [15/406] [firefox] › tests/fe009.spec.ts:279:1 › privacy delete requests remain pending approval with no frontend step-up shortcut
2026-10-10T09:09:16.5440995Z [16/406] [firefox] › tests/fe010.spec.ts:40:1 › product editor validates positive prices, protects image-only drafts, and saves variant payload through mock HTTP
2026-10-10T09:09:24.8200102Z [17/406] [firefox] › tests/fe010.spec.ts:110:1 › product update sends If-Match and keeps edits visible after a 412 conflict
2026-10-10T09:09:28.3266448Z [18/406] [firefox] › tests/fe010.spec.ts:142:1 › warehouse role can read catalog products but cannot edit product fields or price cost data
2026-10-10T09:09:30.9134250Z [19/406] [firefox] › tests/fe010.spec.ts:151:1 › categories create, search, update with a version, and render cursor pagination
2026-10-10T09:09:34.4803534Z [20/406] [firefox] › tests/fe010.spec.ts:180:1 › CSV preview reports row-level errors and commits only valid product rows
2026-10-10T09:09:39.7178275Z [21/406] [firefox] › tests/fe010.spec.ts:252:1 › import validation token is rejected with 412 after catalog changes and the preview remains visible
2026-10-10T09:09:45.1535103Z [22/406] [firefox] › tests/fe010.spec.ts:284:1 › CSV demo row limit is explained and rejects more than 1000 data rows before preview
2026-10-10T09:09:47.4591934Z [23/406] [firefox] › tests/fe010.spec.ts:297:1 › demo upload rejects files over 5 MB before making an upload request
2026-10-10T09:09:49.5991383Z [24/406] [firefox] › tests/fe010.spec.ts:308:1 › product category lookup pages the full collection and preserves the selected category while editing
2026-10-10T09:10:17.3567554Z [firefox] › tests/fe010.spec.ts:308:1 › product category lookup pages the full collection and preserves the selected category while editing
2026-10-10T09:10:17.3568992Z UI005 acceptance: {"categoryTotal":105,"createCategoryId":"cat-2","editCategoryId":"cat-0","categoryRequests":19}
2026-10-10T09:10:17.3569636Z 
2026-10-10T09:10:17.4315855Z [25/406] [firefox] › tests/fe011.spec.ts:37:1 › FE011.AC01 snapshot drives stock totals and the SKU opens its catalog result
2026-10-10T09:10:21.9846447Z [26/406] [firefox] › tests/fe011.spec.ts:56:1 › FE011.AC02 adjustment validates, waits for mock confirmation, and reconciles movement history once
2026-10-10T09:10:28.3775902Z [27/406] [firefox] › tests/fe011.spec.ts:95:1 › FE011.AC03 conflict and insufficient stock preserve the draft and never update optimistically
2026-10-10T09:10:33.4991281Z [28/406] [firefox] › tests/fe011.spec.ts:125:1 › FE011.AC03 forbidden adjustment retains user input and shows no success state
2026-10-10T09:10:37.2036162Z [29/406] [firefox] › tests/fe011.spec.ts:141:1 › FE011.AC03 unknown command blocks duplicate submission until shared recovery reconciles it
2026-10-10T09:10:41.2555835Z [30/406] [firefox] › tests/fe011.spec.ts:159:1 › FE011.AC04 movement contract filters are URL-backed and history exposes actor and permission-gated source
2026-10-10T09:10:44.2146023Z [31/406] [firefox] › tests/fe011.spec.ts:187:1 › FE011.AC05 inventory reflows at mobile widths, passes axe, and restores keyboard focus after adjustment dialog
2026-10-10T09:10:49.0348301Z [32/406] [firefox] › tests/fe011.spec.ts:210:1 › FE011.AC03 unknown shop scope shows no stock from another shop
2026-10-10T09:10:49.8769207Z [33/406] [firefox] › tests/fe012.spec.ts:37:1 › FE012.AC01 searchable customer and product pickers submit contract-shaped draft and reject fractional quantity
2026-10-10T09:10:56.2608144Z [34/406] [firefox] › tests/fe012.spec.ts:95:1 › FE012 canonical customer address choice completes the mock order flow with a versioned snapshot
2026-10-10T09:11:03.4639411Z [35/406] [firefox] › tests/fe012.spec.ts:124:1 › FE012.AC01 editing lines invalidates quote and customer consent; a new quote is required before confirmation
2026-10-10T09:11:10.5485122Z [36/406] [firefox] › tests/fe012.spec.ts:184:1 › FE012.AC03 mock stale-version 412 preserves draft fields and does not show success
2026-10-10T09:11:13.7905134Z [37/406] [firefox] › tests/fe012.spec.ts:201:1 › FE012.AC03 offline state blocks quote mutation while retaining the loaded draft
2026-10-10T09:11:15.3541055Z [38/406] [firefox] › tests/fe012.spec.ts:213:1 › FE012.AC03 unknown confirm outcome blocks duplicate writes until shared command recovery is available
2026-10-10T09:11:19.3965989Z [39/406] [firefox] › tests/fe012.spec.ts:259:1 › FE012.AC03 quote and customer confirmation expiration disable confirmation using API time
2026-10-10T09:11:22.7045122Z [40/406] [firefox] › tests/fe012.spec.ts:279:1 › FE012.AC03 returns reject fractional/over-original quantities locally and preserve data on cumulative mock rejection
2026-10-10T09:11:25.1589877Z [41/406] [firefox] › tests/fe012.spec.ts:303:1 › FE012.AC04 return inspection loads the current case and applies accepted partial quantity to mock stock and refund
2026-10-10T09:11:31.0552669Z [42/406] [firefox] › tests/fe012.spec.ts:356:1 › FE012.AC03 handed-over order routes to returns and exposes no ordinary cancel action
2026-10-10T09:11:32.4148238Z [43/406] [firefox] › tests/fe012.spec.ts:363:1 › FE012.AC05 order drafting remains usable without horizontal page overflow and passes focused axe checks
2026-10-10T09:11:34.9710548Z [44/406] [firefox] › tests/fe013.spec.ts:42:1 › FE013.C04 shipping preview distinguishes missing address, unserviceable zone, and expired mock quote
2026-10-10T09:11:39.5537708Z [45/406] [firefox] › tests/fe013.spec.ts:68:1 › FE013.AC01–AC04 stale claim conflict is visible; pick, pack, dispatch and delivery use current API versions once
2026-10-10T09:11:54.0573623Z [46/406] [firefox] › tests/fe013.spec.ts:212:1 › FE013.AC03 unknown handover cannot be repeated before command reconciliation
2026-10-10T09:12:01.4509727Z [47/406] [firefox] › tests/fe013.spec.ts:259:1 › FE013.AC01 role scope and FE013.AC05 responsive shipment/preparation views remain accessible
2026-10-10T09:12:06.8331853Z [48/406] [firefox] › tests/fe014.spec.ts:27:1 › FE014.AC01 multi-line purchase validates MOQ/pack size and binds approval to the created intent
2026-10-10T09:12:12.4892855Z [49/406] [firefox] › tests/fe014.spec.ts:79:1 › FE027.D02 supplier workspace edits the selected contact through its current version and displays MOQ offers
2026-10-10T09:12:15.3295470Z [50/406] [firefox] › tests/fe014.spec.ts:97:1 › FE014.AC02 approval covers the exact purchase intent; unknown send is blocked from blind retry
2026-10-10T09:12:24.1983277Z [51/406] [firefox] › tests/fe014.spec.ts:156:1 › FE014.S03 auto-send requires an active matching purchase delegation
2026-10-10T09:12:29.7570891Z [52/406] [firefox] › tests/fe014.spec.ts:170:1 › FE014.S04 owner manages a paused purchase delegation only after rechecking the buyer role
2026-10-10T09:12:37.6969612Z [53/406] [firefox] › tests/fe014.spec.ts:217:1 › FE014.S03 manager without procurement.receive cannot open receipt actions
2026-10-10T09:12:41.6654000Z [54/406] [firefox] › tests/fe014.spec.ts:237:1 › FE014.AC03 partial receipt posts only accepted units to synthetic stock and payable once
2026-10-10T09:12:48.8225607Z [55/406] [firefox] › tests/fe014.spec.ts:308:1 › FE014.D03/D04/D07 replenishment uses min-max rules, labels forecast limits, and blocks duplicate proposals
2026-10-10T09:12:53.2431679Z [56/406] [firefox] › tests/fe015.spec.ts:59:1 › FE015.AC01 report filters use exact timezone boundaries and mock API aggregates
2026-10-10T09:12:57.4203201Z [57/406] [firefox] › tests/fe015.spec.ts:109:1 › FE021.E08 report explanation is mock-only, cites the filtered P&L snapshot, and never writes finance data
2026-10-10T09:12:59.3776800Z [58/406] [firefox] › tests/fe015.spec.ts:130:1 › UI003 report timestamps follow the active shop timezone
2026-10-10T09:13:05.4571622Z [59/406] [firefox] › tests/fe015.spec.ts:187:1 › FE015.E02/E03 profit report renders canonical cost, gross-profit and operating-expense values
2026-10-10T09:13:07.3208158Z [60/406] [firefox] › tests/fe015.spec.ts:215:1 › FE015.AC02 journal rejects unbalanced decimal lines before POST and sends exact money strings
2026-10-10T09:13:12.5247224Z [61/406] [firefox] › tests/fe015.spec.ts:250:1 › FE015.AC02 closed accounting period is visible and disables journal draft creation
2026-10-10T09:13:17.9123181Z [62/406] [firefox] › tests/fe015.spec.ts:274:1 › FE015.AC03 CSV import keeps partial row failures visible and deduplicates external transactions
2026-10-10T09:13:23.0985321Z [63/406] [firefox] › tests/fe015.spec.ts:297:1 › UI001 reconciliation cursors stay scoped and dialogs load choices beyond the visible table page
2026-10-10T09:13:41.0198039Z [64/406] [firefox] › tests/fe015.spec.ts:424:1 › FE015.AC03 COD settlement matches net remittance plus documented fee
2026-10-10T09:13:48.6338922Z [65/406] [firefox] › tests/fe015.spec.ts:459:1 › FE015.AC03 partial bank allocation leaves the remaining amount and debt visible
2026-10-10T09:13:54.5023324Z [66/406] [firefox] › tests/fe015.spec.ts:485:1 › FE015.AC03 unknown journal posting is not resent from the same draft
2026-10-10T09:14:01.9400882Z [67/406] [firefox] › tests/fe016.spec.ts:70:1 › UI015 mobile demo tools disclose by keyboard and inbox stays within narrow viewports
2026-10-10T09:14:05.7412053Z [68/406] [firefox] › tests/fe016.spec.ts:103:1 › FE016 conversation keeps its composer visible while long demo context scrolls independently
2026-10-10T09:14:08.0798219Z [69/406] [firefox] › tests/fe016.spec.ts:210:1 › FE016.AC01 inbox filters call canonical query fields and remain bookmarked through conversation details
2026-10-10T09:14:11.5996668Z [70/406] [firefox] › tests/fe016.spec.ts:238:1 › Shared consolidation Inbox preserves selected filters and composer draft through metadata pending error empty and recovery
2026-10-10T09:14:15.5725960Z [71/406] [firefox] › tests/fe016.spec.ts:298:1 › FE016.AC01 list cursor is isolated from message cursor and restored on back navigation
2026-10-10T09:14:20.0916570Z [72/406] [firefox] › tests/fe016.spec.ts:317:1 › UI002 inbox list and message cursors stay independent through paging, conversation switch and shop change
2026-10-10T09:14:25.5240694Z [73/406] [firefox] › tests/fe016.spec.ts:406:1 › UI002 mobile keeps the list page while messages page and Back restores it
2026-10-10T09:14:29.8266865Z [74/406] [firefox] › tests/fe016.spec.ts:450:1 › UI002 Inbox search resets only the list cursor while a message page is open
2026-10-10T09:14:33.2898255Z [75/406] [firefox] › tests/fe016.spec.ts:507:1 › UI002 deep link, refresh and mobile Back preserve their own cursors
2026-10-10T09:14:36.6500291Z [76/406] [firefox] › tests/fe016.spec.ts:561:1 › UI002 list and message panel errors remain isolated
2026-10-10T09:14:43.7704695Z [77/406] [firefox] › tests/fe016.spec.ts:585:1 › UI002 send, invalidation and resync keep both cursors and send only once
2026-10-10T09:14:47.7975031Z [78/406] [firefox] › tests/fe016.spec.ts:645:1 › FE016.AC01 takeover and reply use current versions and show API send state without claiming delivery
2026-10-10T09:14:51.4047815Z [79/406] [firefox] › tests/fe016.spec.ts:672:1 › FE016.AC02 internal notes render HTML-like text inert and feedback creates only a review draft
2026-10-10T09:14:54.5636130Z [80/406] [firefox] › tests/fe016.spec.ts:705:1 › FE016.AC03 unknown send keeps the reply draft, exposes command recovery and never blindly resends
2026-10-10T09:14:57.7695093Z [81/406] [firefox] › tests/fe016.spec.ts:728:1 › FE016.AC04 role without customer/order permissions cannot open those cross-module references
2026-10-10T09:15:03.2678651Z [82/406] [firefox] › tests/fe016.spec.ts:739:1 › FE016.S03 stale takeover preserves reason and reports the version conflict
2026-10-10T09:15:06.9814967Z [83/406] [firefox] › tests/fe016.spec.ts:755:1 › FE016.B05 cross-sell promotion preview shows sample rules without applying a discount
2026-10-10T09:15:08.8152033Z [84/406] [firefox] › tests/fe016.spec.ts:769:1 › FE016.B08 capability-driven image, voice and document media upload and send by scoped file IDs
2026-10-10T09:15:13.5837441Z [85/406] [firefox] › tests/fe016.spec.ts:835:1 › FE016.B09 pending media send preserves newer text and blocks blind retry after unknown outcome
2026-10-10T09:15:20.5339951Z [86/406] [firefox] › tests/fe016.spec.ts:879:1 › FE016.B10 a channel without an explicit media policy keeps text composer and denies attachments
2026-10-10T09:15:22.4598881Z [87/406] [firefox] › tests/fe016.spec.ts:891:1 › FE027.B01 industry sales script preview asks for missing facts and stays a local draft
2026-10-10T09:15:24.7877468Z [88/406] [firefox] › tests/fe016.spec.ts:907:1 › FE027.B02 inbox price and available stock preview uses current canonical mock reads
2026-10-10T09:15:26.6937993Z [89/406] [firefox] › tests/fe016.spec.ts:928:1 › FE027.B03 order capture links the active customer and conversation into the manual order form
2026-10-10T09:15:29.5538557Z [90/406] [firefox] › tests/fe016.spec.ts:938:1 › FE027.B04 automatic order confirmation stays unavailable until policy and customer evidence exist
2026-10-10T09:15:31.5365188Z [91/406] [firefox] › tests/fe017-validation.spec.ts:15:1 › FE017 synthetic 422 keeps the knowledge draft fields and shows field errors
2026-10-10T09:15:38.6708317Z [92/406] [firefox] › tests/fe017.spec.ts:26:1 › FE017.AC01 demo publishing uses the approved permission and lifecycle substitute without an API allowedActions field
2026-10-10T09:15:46.3152296Z [93/406] [firefox] › tests/fe017.spec.ts:117:1 › FE017.AC02 knowledge file upload sends canonical purpose and detail reads processing status
2026-10-10T09:15:49.8325258Z [94/406] [firefox] › tests/fe017.spec.ts:156:1 › FE017 price and stock source preview uses canonical product and timestamped inventory APIs
2026-10-10T09:15:51.5078584Z [95/406] [firefox] › tests/fe017.spec.ts:189:1 › FE017.AC03 missing content, unsupported and oversized files keep creation unavailable
2026-10-10T09:15:54.1198296Z [96/406] [firefox] › tests/fe017.spec.ts:211:1 › FE017.AC04 feedback approval creates inert draft content and its first revision only
2026-10-10T09:15:59.6725350Z [97/406] [firefox] › tests/fe017.spec.ts:244:1 › FE017.AC05 manager sees knowledge read-only and synthetic API rejects purpose-specific upload and publish
2026-10-10T09:16:02.0185059Z [98/406] [firefox] › tests/fe017.spec.ts:265:1 › FE017.AC06 stale review preserves the reason and explains the conflict
2026-10-10T09:16:04.5901087Z [99/406] [firefox] › tests/fe017.spec.ts:280:1 › FE027.G02 product content brief edits source, size, warranty, alternatives, and forbidden claims locally
2026-10-10T09:16:06.6553753Z [100/406] [firefox] › tests/fe017.spec.ts:298:1 › FE027.G03 policy revisions keep the published snapshot immutable when a draft changes
2026-10-10T09:16:08.7462105Z [101/406] [firefox] › tests/fe018.spec.ts:130:1 › FE018.S01 maps routes and operations to the canonical OpenAPI permissions
2026-10-10T09:16:09.1164522Z [102/406] [firefox] › tests/fe018.spec.ts:147:1 › FE018.AC01/04 draft saves use the contract version and keep human order confirmation locked after a conflict
2026-10-10T09:16:18.3715847Z [103/406] [firefox] › tests/fe018.spec.ts:178:1 › FE018.AC03 evaluation is synthetic, revision-bound, and cannot publish a stale draft
2026-10-10T09:16:23.8926111Z [104/406] [firefox] › tests/fe018.spec.ts:202:1 › FE018.AC01/04 successful publish is tied to the tested revision and pause explains its boundary
2026-10-10T09:16:28.8665157Z [105/406] [firefox] › tests/fe018.spec.ts:232:1 › FE018.AC03 playground sends no external message and preserves unknown cost and token values
2026-10-10T09:16:32.2175087Z [106/406] [firefox] › tests/fe018.spec.ts:254:1 › FE018.S03 synthetic budget and tool denials retain the prompt and never show a generated answer
2026-10-10T09:16:37.4995011Z [107/406] [firefox] › tests/fe018.spec.ts:280:1 › FE027.H03 budget and provider failover preview refuses silent provider switching on exhaustion
2026-10-10T09:16:40.3485394Z [108/406] [firefox] › tests/fe018.spec.ts:294:1 › FE018.AC02 role kill switch is versioned, preserves API tools, and does not pause the whole bot
2026-10-10T09:16:47.1846247Z [109/406] [firefox] › tests/fe018.spec.ts:335:1 › FE018.AC02 expired, wrong-scope, and matching approvals produce honest budget results
2026-10-10T09:16:51.5045150Z [110/406] [firefox] › tests/fe018.spec.ts:363:1 › FE018.AC05 manager and bot-admin roles cannot use operations outside their canonical permissions
2026-10-10T09:16:56.2013374Z [111/406] [firefox] › tests/fe018.spec.ts:395:1 › FE018.AC05 unknown role command stays unresolved and does not claim successful resumption
2026-10-10T09:17:01.0878485Z [112/406] [firefox] › tests/fe018.spec.ts:411:1 › UI004 25 evaluations: cursor pages reach the last record and preserve detail, search, and browser Back state
2026-10-10T09:17:07.3583526Z [firefox] › tests/fe018.spec.ts:411:1 › UI004 25 evaluations: cursor pages reach the last record and preserve detail, search, and browser Back state
2026-10-10T09:17:07.3585632Z UI004_25_ACCEPTANCE={"total":25,"pageSizes":[20,5],"cursor":"evaluation-10016","oldestRecord":"evaluation-10001","oldestReachable":true,"detailPreservedCursor":true,"browserBackRestoredFirstPage":true,"searchResetCursor":true}
2026-10-10T09:17:07.3587078Z 
2026-10-10T09:17:11.3633927Z [113/406] [firefox] › tests/fe018.spec.ts:457:1 › UI004 105 evaluations: cursor traversal reaches every record and retains the failing cursor for retry
2026-10-10T09:17:26.0545249Z [firefox] › tests/fe018.spec.ts:457:1 › UI004 105 evaluations: cursor traversal reaches every record and retains the failing cursor for retry
2026-10-10T09:17:26.0547419Z UI004_105_ACCEPTANCE={"total":105,"pageSizes":[20,20,20,20,20,5],"pagesVisited":6,"cursorRequests":["evaluation-10256","evaluation-10196","evaluation-10136","evaluation-10076","evaluation-10016"],"uniqueRecords":105,"oldestRecord":"evaluation-10001","oldestReachable":true,"failedCursorRetainedForRetry":"evaluation-10196","errorShowsNoFabricatedRows":true,"retrySucceeded":true}
2026-10-10T09:17:26.0548916Z 
2026-10-10T09:17:26.1187856Z [114/406] [firefox] › tests/fe019.spec.ts:21:1 › FE019.S01 maps integrations and notification routes, actions, schemas, and mock boundaries
2026-10-10T09:17:26.3911660Z [115/406] [firefox] › tests/fe019.spec.ts:70:1 › FE019.AC01 AI secret is write-only, cleared after submit, and absent from stored/read data
2026-10-10T09:17:30.8620559Z [116/406] [firefox] › tests/fe019.spec.ts:117:1 › FE019.AC01 invalid mock credential is rejected, cleared from the form, and not submitted
2026-10-10T09:17:33.5087194Z [117/406] [firefox] › tests/fe019.spec.ts:138:1 › FE019.AC02 channel OAuth failure stays on the page and never marks a channel connected
2026-10-10T09:17:35.7670422Z [118/406] [firefox] › tests/fe019.spec.ts:172:1 › FE019.AC03/04 device, Telegram, and PWA checks stay synthetic and do not request OS permission
2026-10-10T09:17:40.5056198Z [119/406] [firefox] › tests/fe019.spec.ts:251:1 › FE019.AC05 notification policy validates canonical numeric bounds before sending and acknowledges only allowed work
2026-10-10T09:17:43.8979147Z [120/406] [firefox] › tests/fe019.spec.ts:273:1 › FE019.A03 notification order link stays within the active shop scope
2026-10-10T09:17:46.0371481Z [121/406] [firefox] › tests/fe019.spec.ts:282:1 › FE019.A05 reminder policy saves shop-local schedule and quiet hours through the synthetic API
2026-10-10T09:17:49.0234045Z [122/406] [firefox] › tests/fe019.spec.ts:309:1 › FE027.A02/A07 preparation notification keeps order evidence and separates queued, opened, and acknowledged states
2026-10-10T09:17:50.5436517Z [123/406] [firefox] › tests/fe019.spec.ts:334:1 › FE027.A08 notification settings disclose server-only deduplication and callback safeguards
2026-10-10T09:17:56.7475295Z [124/406] [firefox] › tests/fe020.spec.ts:43:1 › FE020.AC01 approval detail is fetched and a changed source resource rejects the stale decision
2026-10-10T09:18:03.6987411Z [125/406] [firefox] › tests/fe020.spec.ts:89:1 › FE020.AC02/03 work-item actions follow allowedActions and operations health stays explicitly synthetic
2026-10-10T09:18:08.2116008Z [126/406] [firefox] › tests/fe020.spec.ts:140:1 › FE020.AC03 role pause control uses the canonical versioned mock and never claims readiness
2026-10-10T09:18:10.7965664Z [127/406] [firefox] › tests/fe020.spec.ts:157:1 › FE020.F03 operations exception filter groups overdue, blocked, and unclaimed synthetic work
2026-10-10T09:18:12.6291838Z [128/406] [firefox] › tests/fe020.spec.ts:178:1 › FE020.F05 purchase delegation is bounded, saved paused, and requires a separate activation decision
2026-10-10T09:18:18.5345287Z [129/406] [firefox] › tests/fe020.spec.ts:209:1 › FE020.F06/H01 digest and dependency health panels show synthetic history without claiming workers are ready
2026-10-10T09:18:20.4671417Z [130/406] [firefox] › tests/fe020.spec.ts:242:1 › FE027.H08 restore and release readiness stay unknown without a verified rehearsal or deployment gate
2026-10-10T09:18:21.9978897Z [131/406] [firefox] › tests/fe021.spec.ts:34:1 › FE021 dashboard keeps independent panels usable and hides finance fields without finance.read
2026-10-10T09:18:25.9431133Z [132/406] [firefox] › tests/fe021.spec.ts:46:1 › FE021 timezone and privacy validation waits for interaction and blocks invalid writes
2026-10-10T09:18:31.3704416Z [133/406] [firefox] › tests/fe021.spec.ts:82:1 › FE021 approval and shipment work queues appear before sample previews
2026-10-10T09:18:39.7895903Z [134/406] [firefox] › tests/fe021.spec.ts:104:1 › FE021 marketing filters preserve API-side aggregates, URL context and missing actual spend
2026-10-10T09:18:46.0718889Z [135/406] [firefox] › tests/fe021.spec.ts:170:5 › FE021 marketing filters preserve edits while the default period response is pending
2026-10-10T09:18:53.3760093Z [136/406] [firefox] › tests/fe021.spec.ts:170:5 › FE021 marketing filters preserve edits while the canonical period response is pending
2026-10-10T09:19:00.9144221Z [137/406] [firefox] › tests/fe021.spec.ts:234:1 › FE021 invalid marketing deep links mark the responsible field and never send the invalid range
2026-10-10T09:19:03.0768848Z [138/406] [firefox] › tests/fe021.spec.ts:248:1 › FE021 export uses inclusive shop-local boundaries, safe CSV, API jobs and cursor pagination
2026-10-10T09:19:09.2734021Z [139/406] [firefox] › tests/fe021.spec.ts:303:1 › FE021 mock rejects an export when reports.export lacks the source permission
2026-10-10T09:19:12.0520712Z [140/406] [firefox] › tests/fe021.spec.ts:323:1 › FE021 mock rejects an invalid report timezone before creating an export job
2026-10-10T09:19:14.0806051Z [141/406] [firefox] › tests/fe021.spec.ts:343:1 › FE021 ambiguous export result preserves the selected dates and never exposes a download
2026-10-10T09:19:17.6385350Z [142/406] [firefox] › tests/fe021.spec.ts:356:1 › FE021 empty report and marketing payloads render explicit empty states
2026-10-10T09:19:22.5959214Z [143/406] [firefox] › tests/fe021.spec.ts:375:1 › FE021 stale export conflict preserves dates and never exposes a download
2026-10-10T09:19:30.6771479Z [144/406] [firefox] › tests/frontend-corrections.spec.ts:18:1 › F01 preserves a customer draft, compares three snapshots, and PATCHes only chosen changes
2026-10-10T09:19:35.9707955Z [145/406] [firefox] › tests/frontend-corrections.spec.ts:46:1 › F01 requires an explicit choice for a field changed by both editors
2026-10-10T09:19:39.4678086Z [146/406] [firefox] › tests/frontend-corrections.spec.ts:62:1 › F06 detects an order draft and blocks navigation until explicit discard
2026-10-10T09:19:42.3834997Z [147/406] [firefox] › tests/frontend-corrections.spec.ts:75:1 › F02 retains an unsaved product image through an unrelated refetch
2026-10-10T09:19:45.2253422Z [148/406] [firefox] › tests/frontend-corrections.spec.ts:87:1 › F03 retains notification-policy inputs through a background resync and navigation
2026-10-10T09:19:47.5044907Z [149/406] [firefox] › tests/frontend-corrections.spec.ts:98:1 › F05 keeps text typed while a previous internal note is pending
2026-10-10T09:19:50.9487892Z [150/406] [firefox] › tests/frontend-corrections.spec.ts:113:1 › F08 validates 4001 customer-note characters at the field and accepts 4000
2026-10-10T09:19:54.8517334Z [151/406] [firefox] › tests/frontend-corrections.spec.ts:147:1 › F07 routes the fulfillment footer close through the shared discard guard
2026-10-10T09:19:57.0928199Z [152/406] [firefox] › tests/frontend-corrections.spec.ts:161:1 › F09 refreshes new Inbox messages without refetching the visible product and stock snapshots
2026-10-10T09:19:59.4587786Z [153/406] [firefox] › tests/frontend-corrections.spec.ts:191:1 › F01 shop settings merges a server-only locale change and preserves edits typed during save
2026-10-10T09:20:07.9577066Z [154/406] [firefox] › tests/frontend-corrections.spec.ts:219:1 › F03 privacy policy preserves refetch drafts and compares before applying the newest version
2026-10-10T09:20:10.8256786Z [155/406] [firefox] › tests/frontend-corrections.spec.ts:236:1 › F01 category keeps a late edit after saving, and reopens with a clean current baseline
2026-10-10T09:20:15.2181524Z [156/406] [firefox] › tests/frontend-corrections.spec.ts:257:1 › F01 supplier preserves a concurrent server-only term and PATCHes the local name
2026-10-10T09:20:18.5755984Z [157/406] [firefox] › tests/frontend-corrections.spec.ts:274:1 › F08 customer update enforces 4000/4001 before HTTP and retains a 422 draft
2026-10-10T09:20:22.5158086Z [158/406] [firefox] › tests/frontend-corrections.spec.ts:302:1 › F05 keeps mode changes and unknown sends, locks another send, and observes recovery-registry completion
2026-10-10T09:20:26.1765187Z [159/406] [firefox] › tests/frontend-corrections.spec.ts:328:1 › F01 order editor keeps its original version and compares whole line lists before PATCH
2026-10-10T09:20:30.3386839Z [160/406] [firefox] › tests/frontend-corrections.spec.ts:350:1 › F06 guards added order rows, shop switch, logout and native reload; successful creation leaves no false guard
2026-10-10T09:20:47.2835592Z [161/406] [firefox] › tests/frontend-corrections.spec.ts:375:1 › F01 analogous return-inspection draft does not adopt a refetched version without comparison
2026-10-10T09:20:51.1755538Z [162/406] [firefox] › tests/frontend-corrections.spec.ts:399:1 › F01 comparison supports keyboard choices, server changes again, axe and 320px reflow with long content
2026-10-10T09:20:55.0625588Z [163/406] [firefox] › tests/frontend-corrections.spec.ts:428:1 › F08 privacy bounds reject invalid days and long jurisdiction before HTTP
2026-10-10T09:21:04.1202760Z [164/406] [firefox] › tests/frontend-corrections.spec.ts:458:1 › F06 order custom close respects the draft guard and busy editors remain protected
2026-10-10T09:21:09.2774076Z [165/406] [firefox] › tests/frontend.spec.ts:41:1 › catalog create uses the HTTP mock and successful save clears the draft guard
2026-10-10T09:21:15.3498824Z [166/406] [firefox] › tests/frontend.spec.ts:73:1 › dirty drafts block in-app navigation and preserve input until the user decides
2026-10-10T09:21:20.3306070Z [167/406] [firefox] › tests/frontend.spec.ts:91:1 › all canonical routes render inside the real React demo application
2026-10-10T09:22:47.4062139Z [168/406] [firefox] › tests/frontend.spec.ts:116:1 › switching shops cancels a delayed request and loads only the new shop scope
2026-10-10T09:22:55.1145168Z [169/406] [firefox] › tests/frontend.spec.ts:134:1 › role changes remove restricted navigation and the route guard explains denied access
2026-10-10T09:22:58.2594535Z [170/406] [firefox] › tests/frontend.spec.ts:147:1 › deep links survive browser refresh and logout clears the mock session
2026-10-10T09:23:01.7108168Z [171/406] [firefox] › tests/frontend.spec.ts:160:1 › logout asks before discarding a draft and retains the session when logout fails
2026-10-10T09:23:05.3917623Z [172/406] [firefox] › tests/frontend.spec.ts:217:1 › mobile navigation opens, routes, and closes without viewport overflow
2026-10-10T09:23:08.6019929Z [173/406] [firefox] › tests/frontend.spec.ts:231:1 › chunk loading errors use the route recovery boundary
2026-10-10T09:23:16.1074382Z [174/406] [firefox] › tests/frontend.spec.ts:270:1 › live mode reports an unavailable session API without enabling mock data
2026-10-10T09:23:17.3668350Z [175/406] [firefox] › tests/route-role-matrix.spec.ts:44:1 › route read access matches canonical permissions for every demo role
2026-10-10T09:24:09.1054259Z [firefox] › tests/route-role-matrix.spec.ts:44:1 › route read access matches canonical permissions for every demo role
2026-10-10T09:24:09.1055220Z ROUTE_ROLE_MATRIX_CASES=399 ROLES=7 PRIVATE_ROUTES=57 RESULT=PASS
2026-10-10T09:24:09.1055574Z 
2026-10-10T09:24:09.1918455Z [176/406] [firefox] › tests/security.spec.ts:36:1 › untrusted product text renders as text without activating markup
2026-10-10T09:24:14.0797907Z [177/406] [firefox] › tests/security.spec.ts:54:1 › catalog import rejects a non-CSV file before an upload request
2026-10-10T09:24:16.0704990Z [178/406] [firefox] › tests/security.spec.ts:72:1 › catalog import rejects files above the demo size limit before upload
2026-10-10T09:24:18.7287580Z [179/406] [firefox] › tests/security.spec.ts:90:1 › mock uploads require a purpose, enforce its role, and fingerprint file content for retries
2026-10-10T09:24:23.1788569Z [180/406] [firefox] › tests/session/demo-server-cache-isolation.spec.ts:7:1 › concurrent demo servers use isolated Vite caches and load the React app
2026-10-10T09:24:24.0659871Z [firefox] › tests/session/demo-server-cache-isolation.spec.ts:7:1 › concurrent demo servers use isolated Vite caches and load the React app
2026-10-10T09:24:24.0709212Z VITE_CACHE_ISOLATION=PASS rootA=/tmp/botsales-vite-cache/2fbc71299afedf720605/test-demo/playwright-5610-754e9e45-b50b-4498-9cba-1ec2df219d9b-parallel-a rootB=/tmp/botsales-vite-cache/2fbc71299afedf720605/test-demo/playwright-5610-754e9e45-b50b-4498-9cba-1ec2df219d9b-parallel-b otherCheckout=true
2026-10-10T09:24:24.0744935Z 
2026-10-10T09:24:29.0621518Z [181/406] [firefox] › tests/session/demo-worker-startup.spec.ts:17:1 › demo conditional module requests return complete exports without changing live or non-asset caching
2026-10-10T09:24:40.2852101Z [182/406] [firefox] › tests/session/demo-worker-startup.spec.ts:80:1 › demo startup explains the required setup when the browser blocks Service Workers
2026-10-10T09:24:41.3283437Z [183/406] [firefox] › tests/session/session-revocation.spec.ts:20:1 › session.revoked SSE closes the stream and clears the active shop session
2026-10-10T09:24:44.6310254Z [184/406] [firefox] › tests/session/session-unauthorized.spec.ts:17:1 › expired live session redirects to login and preserves the requested shop route
2026-10-10T09:24:46.9700514Z [185/406] [firefox] › tests/states/fe023.spec.ts:18:1 › FE023.S04 a dirty dialog keeps the form value until the user confirms discard
2026-10-10T09:24:50.9455991Z [186/406] [firefox] › tests/states/fe023.spec.ts:36:1 › FE023.S03 a customer lookup loads the next cursor page without dropping earlier choices
2026-10-10T09:24:55.1827961Z [187/406] [firefox] › tests/states/fe023.spec.ts:77:1 › FE023.S04 delayed requests show loading and failed refresh keeps a retry path
2026-10-10T09:25:04.7278656Z [188/406] [firefox] › tests/states/fe023.spec.ts:107:1 › FE023 unsaved shop settings are preserved when navigation switches shop scope
2026-10-10T09:25:08.5107757Z [189/406] [firefox] › tests/states/fe023.spec.ts:125:1 › FE023 a saved shop form resets its dirty baseline and reports success
2026-10-10T09:25:11.3031111Z [190/406] [firefox] › tests/states/route-empty-composition.spec.ts:29:1 › empty collection responses render accessible empty states on canonical list routes
2026-10-10T09:25:16.3810654Z [firefox] › tests/states/route-empty-composition.spec.ts:29:1 › empty collection responses render accessible empty states on canonical list routes
2026-10-10T09:25:16.3844018Z ROUTE_EMPTY_COMPOSITION_PROGRESS=3/11
2026-10-10T09:25:16.3862305Z 
2026-10-10T09:25:18.2638037Z ROUTE_EMPTY_COMPOSITION_PROGRESS=6/11
2026-10-10T09:25:18.2638356Z 
2026-10-10T09:25:19.7599352Z ROUTE_EMPTY_COMPOSITION_PROGRESS=9/11
2026-10-10T09:25:19.7600199Z 
2026-10-10T09:25:20.1378359Z ROUTE_EMPTY_COMPOSITION=11/11 RESULT=PASS
2026-10-10T09:25:20.1379158Z 
2026-10-10T09:25:20.2275732Z [191/406] [firefox] › tests/states/route-error-composition.spec.ts:44:9 › every shop route composes the shared API error state with its page content › R04 /s/:shopId/overview
2026-10-10T09:25:26.0175545Z [firefox] › tests/states/route-error-composition.spec.ts:44:9 › every shop route composes the shared API error state with its page content › R04 /s/:shopId/overview
2026-10-10T09:25:26.0176912Z ROUTE_ERROR_COMPOSITION_ROUTE=R04 RESULT=PASS
2026-10-10T09:25:26.0177534Z 
2026-10-10T09:25:32.0049670Z [192/406] [firefox] › tests/states/route-error-composition.spec.ts:44:9 › every shop route composes the shared API error state with its page content › R05 /s/:shopId/inbox
2026-10-10T09:25:37.1389554Z [firefox] › tests/states/route-error-composition.spec.ts:44:9 › every shop route composes the shared API error state with its page content › R05 /s/:shopId/inbox
2026-10-10T09:25:37.1390286Z ROUTE_ERROR_COMPOSITION_ROUTE=R05 RESULT=PASS
2026-10-10T09:25:37.1390566Z 
2026-10-10T09:25:37.1795348Z [193/406] [firefox] › tests/states/route-error-composition.spec.ts:44:9 › every shop route composes the shared API error state with its page content › R06 /s/:shopId/inbox/:conversationId
2026-10-10T09:25:42.0623616Z [firefox] › tests/states/route-error-composition.spec.ts:44:9 › every shop route composes the shared API error state with its page content › R06 /s/:shopId/inbox/:conversationId
2026-10-10T09:25:42.0624329Z ROUTE_ERROR_COMPOSITION_ROUTE=R06 RESULT=PASS
2026-10-10T09:25:42.0624516Z 
2026-10-10T09:25:42.0950263Z [194/406] [firefox] › tests/states/route-error-composition.spec.ts:44:9 › every shop route composes the shared API error state with its page content › R07 /s/:shopId/customers
2026-10-10T09:25:47.0602133Z [firefox] › tests/states/route-error-composition.spec.ts:44:9 › every shop route composes the shared API error state with its page content › R07 /s/:shopId/customers
2026-10-10T09:25:47.0603211Z ROUTE_ERROR_COMPOSITION_ROUTE=R07 RESULT=PASS
2026-10-10T09:25:47.0603491Z 
2026-10-10T09:25:47.0965877Z [195/406] [firefox] › tests/states/route-error-composition.spec.ts:44:9 › every shop route composes the shared API error state with its page content › R08 /s/:shopId/customers/:customerId
2026-10-10T09:25:52.2171053Z [firefox] › tests/states/route-error-composition.spec.ts:44:9 › every shop route composes the shared API error state with its page content › R08 /s/:shopId/customers/:customerId
2026-10-10T09:25:52.2180704Z ROUTE_ERROR_COMPOSITION_ROUTE=R08 RESULT=PASS
2026-10-10T09:25:52.2180906Z 
2026-10-10T09:25:52.2497368Z [196/406] [firefox] › tests/states/route-error-composition.spec.ts:44:9 › every shop route composes the shared API error state with its page content › R09 /s/:shopId/products
2026-10-10T09:25:57.5867894Z [firefox] › tests/states/route-error-composition.spec.ts:44:9 › every shop route composes the shared API error state with its page content › R09 /s/:shopId/products
2026-10-10T09:25:57.5937118Z ROUTE_ERROR_COMPOSITION_ROUTE=R09 RESULT=PASS
2026-10-10T09:25:57.5983551Z 
2026-10-10T09:25:57.6436589Z [197/406] [firefox] › tests/states/route-error-composition.spec.ts:44:9 › every shop route composes the shared API error state with its page content › R10 /s/:shopId/products/new
2026-10-10T09:26:03.3665643Z [firefox] › tests/states/route-error-composition.spec.ts:44:9 › every shop route composes the shared API error state with its page content › R10 /s/:shopId/products/new
2026-10-10T09:26:03.3667002Z ROUTE_ERROR_COMPOSITION_ROUTE=R10 RESULT=PASS
2026-10-10T09:26:03.3667397Z 
2026-10-10T09:26:03.3975498Z [198/406] [firefox] › tests/states/route-error-composition.spec.ts:44:9 › every shop route composes the shared API error state with its page content › R11 /s/:shopId/products/:productId
2026-10-10T09:26:08.3989499Z [firefox] › tests/states/route-error-composition.spec.ts:44:9 › every shop route composes the shared API error state with its page content › R11 /s/:shopId/products/:productId
2026-10-10T09:26:08.3990367Z ROUTE_ERROR_COMPOSITION_ROUTE=R11 RESULT=PASS
2026-10-10T09:26:08.3990758Z 
2026-10-10T09:26:08.4337168Z [199/406] [firefox] › tests/states/route-error-composition.spec.ts:44:9 › every shop route composes the shared API error state with its page content › R12 /s/:shopId/categories
2026-10-10T09:26:13.6135889Z [firefox] › tests/states/route-error-composition.spec.ts:44:9 › every shop route composes the shared API error state with its page content › R12 /s/:shopId/categories
2026-10-10T09:26:13.6137327Z ROUTE_ERROR_COMPOSITION_ROUTE=R12 RESULT=PASS
2026-10-10T09:26:13.6137884Z 
2026-10-10T09:26:13.6465768Z [200/406] [firefox] › tests/states/route-error-composition.spec.ts:44:9 › every shop route composes the shared API error state with its page content › R13 /s/:shopId/imports
2026-10-10T09:26:18.8903723Z [firefox] › tests/states/route-error-composition.spec.ts:44:9 › every shop route composes the shared API error state with its page content › R13 /s/:shopId/imports
2026-10-10T09:26:18.8904744Z ROUTE_ERROR_COMPOSITION_ROUTE=R13 RESULT=PASS
2026-10-10T09:26:18.8905031Z 
2026-10-10T09:26:18.9266138Z [201/406] [firefox] › tests/states/route-error-composition.spec.ts:44:9 › every shop route composes the shared API error state with its page content › R14 /s/:shopId/imports/:jobId
2026-10-10T09:26:24.2225894Z [firefox] › tests/states/route-error-composition.spec.ts:44:9 › every shop route composes the shared API error state with its page content › R14 /s/:shopId/imports/:jobId
2026-10-10T09:26:24.2226832Z ROUTE_ERROR_COMPOSITION_ROUTE=R14 RESULT=PASS
2026-10-10T09:26:24.2227028Z 
2026-10-10T09:26:29.0071616Z [202/406] [firefox] › tests/states/route-error-composition.spec.ts:44:9 › every shop route composes the shared API error state with its page content › R15 /s/:shopId/inventory
2026-10-10T09:26:34.0217687Z [firefox] › tests/states/route-error-composition.spec.ts:44:9 › every shop route composes the shared API error state with its page content › R15 /s/:shopId/inventory
2026-10-10T09:26:34.0218814Z ROUTE_ERROR_COMPOSITION_ROUTE=R15 RESULT=PASS
2026-10-10T09:26:34.0219106Z 
2026-10-10T09:26:34.0605351Z [203/406] [firefox] › tests/states/route-error-composition.spec.ts:44:9 › every shop route composes the shared API error state with its page content › R16 /s/:shopId/inventory/movements
2026-10-10T09:26:39.0085753Z [firefox] › tests/states/route-error-composition.spec.ts:44:9 › every shop route composes the shared API error state with its page content › R16 /s/:shopId/inventory/movements
2026-10-10T09:26:39.0086633Z ROUTE_ERROR_COMPOSITION_ROUTE=R16 RESULT=PASS
2026-10-10T09:26:39.0086829Z 
2026-10-10T09:26:39.0422591Z [204/406] [firefox] › tests/states/route-error-composition.spec.ts:44:9 › every shop route composes the shared API error state with its page content › R17 /s/:shopId/orders
2026-10-10T09:26:43.4623820Z [firefox] › tests/states/route-error-composition.spec.ts:44:9 › every shop route composes the shared API error state with its page content › R17 /s/:shopId/orders
2026-10-10T09:26:43.4624820Z ROUTE_ERROR_COMPOSITION_ROUTE=R17 RESULT=PASS
2026-10-10T09:26:43.4625017Z 
2026-10-10T09:26:43.4957869Z [205/406] [firefox] › tests/states/route-error-composition.spec.ts:44:9 › every shop route composes the shared API error state with its page content › R18 /s/:shopId/orders/new
2026-10-10T09:26:48.0548452Z [firefox] › tests/states/route-error-composition.spec.ts:44:9 › every shop route composes the shared API error state with its page content › R18 /s/:shopId/orders/new
2026-10-10T09:26:48.0549152Z ROUTE_ERROR_COMPOSITION_ROUTE=R18 RESULT=PASS
2026-10-10T09:26:48.0549353Z 
2026-10-10T09:26:48.0866793Z [206/406] [firefox] › tests/states/route-error-composition.spec.ts:44:9 › every shop route composes the shared API error state with its page content › R19 /s/:shopId/orders/:orderId
2026-10-10T09:26:52.4038245Z [firefox] › tests/states/route-error-composition.spec.ts:44:9 › every shop route composes the shared API error state with its page content › R19 /s/:shopId/orders/:orderId
2026-10-10T09:26:52.4039138Z ROUTE_ERROR_COMPOSITION_ROUTE=R19 RESULT=PASS
2026-10-10T09:26:52.4039411Z 
2026-10-10T09:26:52.4417555Z [207/406] [firefox] › tests/states/route-error-composition.spec.ts:44:9 › every shop route composes the shared API error state with its page content › R20 /s/:shopId/finance
2026-10-10T09:26:57.4121709Z [firefox] › tests/states/route-error-composition.spec.ts:44:9 › every shop route composes the shared API error state with its page content › R20 /s/:shopId/finance
2026-10-10T09:26:57.4122731Z ROUTE_ERROR_COMPOSITION_ROUTE=R20 RESULT=PASS
2026-10-10T09:26:57.4123207Z 
2026-10-10T09:26:57.4505455Z [208/406] [firefox] › tests/states/route-error-composition.spec.ts:44:9 › every shop route composes the shared API error state with its page content › R21 /s/:shopId/finance/entries
2026-10-10T09:27:02.4139575Z [firefox] › tests/states/route-error-composition.spec.ts:44:9 › every shop route composes the shared API error state with its page content › R21 /s/:shopId/finance/entries
2026-10-10T09:27:02.4140431Z ROUTE_ERROR_COMPOSITION_ROUTE=R21 RESULT=PASS
2026-10-10T09:27:02.4140700Z 
2026-10-10T09:27:02.4476424Z [209/406] [firefox] › tests/states/route-error-composition.spec.ts:44:9 › every shop route composes the shared API error state with its page content › R22 /s/:shopId/finance/profit-loss
2026-10-10T09:27:07.5785082Z [firefox] › tests/states/route-error-composition.spec.ts:44:9 › every shop route composes the shared API error state with its page content › R22 /s/:shopId/finance/profit-loss
2026-10-10T09:27:07.5785841Z ROUTE_ERROR_COMPOSITION_ROUTE=R22 RESULT=PASS
2026-10-10T09:27:07.5786043Z 
2026-10-10T09:27:07.6149465Z [210/406] [firefox] › tests/states/route-error-composition.spec.ts:44:9 › every shop route composes the shared API error state with its page content › R23 /s/:shopId/knowledge
2026-10-10T09:27:12.2509270Z [firefox] › tests/states/route-error-composition.spec.ts:44:9 › every shop route composes the shared API error state with its page content › R23 /s/:shopId/knowledge
2026-10-10T09:27:12.2510143Z ROUTE_ERROR_COMPOSITION_ROUTE=R23 RESULT=PASS
2026-10-10T09:27:12.2510424Z 
2026-10-10T09:27:12.2963667Z [211/406] [firefox] › tests/states/route-error-composition.spec.ts:44:9 › every shop route composes the shared API error state with its page content › R24 /s/:shopId/knowledge/:knowledgeId
2026-10-10T09:27:16.7819277Z [firefox] › tests/states/route-error-composition.spec.ts:44:9 › every shop route composes the shared API error state with its page content › R24 /s/:shopId/knowledge/:knowledgeId
2026-10-10T09:27:16.7819982Z ROUTE_ERROR_COMPOSITION_ROUTE=R24 RESULT=PASS
2026-10-10T09:27:16.7820178Z 
2026-10-10T09:27:22.8498258Z [212/406] [firefox] › tests/states/route-error-composition.spec.ts:44:9 › every shop route composes the shared API error state with its page content › R25 /s/:shopId/knowledge/review
2026-10-10T09:27:27.4756063Z [firefox] › tests/states/route-error-composition.spec.ts:44:9 › every shop route composes the shared API error state with its page content › R25 /s/:shopId/knowledge/review
2026-10-10T09:27:27.4757509Z ROUTE_ERROR_COMPOSITION_ROUTE=R25 RESULT=PASS
2026-10-10T09:27:27.4758005Z 
2026-10-10T09:27:27.5215302Z [213/406] [firefox] › tests/states/route-error-composition.spec.ts:44:9 › every shop route composes the shared API error state with its page content › R26 /s/:shopId/bot
2026-10-10T09:27:32.0544358Z [firefox] › tests/states/route-error-composition.spec.ts:44:9 › every shop route composes the shared API error state with its page content › R26 /s/:shopId/bot
2026-10-10T09:27:32.0545445Z ROUTE_ERROR_COMPOSITION_ROUTE=R26 RESULT=PASS
2026-10-10T09:27:32.0545748Z 
2026-10-10T09:27:32.1026592Z [214/406] [firefox] › tests/states/route-error-composition.spec.ts:44:9 › every shop route composes the shared API error state with its page content › R27 /s/:shopId/bot/playground
2026-10-10T09:27:36.7444672Z [firefox] › tests/states/route-error-composition.spec.ts:44:9 › every shop route composes the shared API error state with its page content › R27 /s/:shopId/bot/playground
2026-10-10T09:27:36.7445729Z ROUTE_ERROR_COMPOSITION_ROUTE=R27 RESULT=PASS
2026-10-10T09:27:36.7446277Z 
2026-10-10T09:27:36.7805280Z [215/406] [firefox] › tests/states/route-error-composition.spec.ts:44:9 › every shop route composes the shared API error state with its page content › R28 /s/:shopId/bot/evaluations
2026-10-10T09:27:41.3032733Z [firefox] › tests/states/route-error-composition.spec.ts:44:9 › every shop route composes the shared API error state with its page content › R28 /s/:shopId/bot/evaluations
2026-10-10T09:27:41.3034337Z ROUTE_ERROR_COMPOSITION_ROUTE=R28 RESULT=PASS
2026-10-10T09:27:41.3055531Z 
2026-10-10T09:27:41.3343197Z [216/406] [firefox] › tests/states/route-error-composition.spec.ts:44:9 › every shop route composes the shared API error state with its page content › R29 /s/:shopId/integrations/channels
2026-10-10T09:27:45.8066042Z [firefox] › tests/states/route-error-composition.spec.ts:44:9 › every shop route composes the shared API error state with its page content › R29 /s/:shopId/integrations/channels
2026-10-10T09:27:45.8066736Z ROUTE_ERROR_COMPOSITION_ROUTE=R29 RESULT=PASS
2026-10-10T09:27:45.8066931Z 
2026-10-10T09:27:45.8490236Z [217/406] [firefox] › tests/states/route-error-composition.spec.ts:44:9 › every shop route composes the shared API error state with its page content › R30 /s/:shopId/integrations/ai
2026-10-10T09:27:50.3338903Z [firefox] › tests/states/route-error-composition.spec.ts:44:9 › every shop route composes the shared API error state with its page content › R30 /s/:shopId/integrations/ai
2026-10-10T09:27:50.3339857Z ROUTE_ERROR_COMPOSITION_ROUTE=R30 RESULT=PASS
2026-10-10T09:27:50.3340213Z 
2026-10-10T09:27:50.3835088Z [218/406] [firefox] › tests/states/route-error-composition.spec.ts:44:9 › every shop route composes the shared API error state with its page content › R31 /s/:shopId/reports
2026-10-10T09:27:55.5603230Z [firefox] › tests/states/route-error-composition.spec.ts:44:9 › every shop route composes the shared API error state with its page content › R31 /s/:shopId/reports
2026-10-10T09:27:55.5604260Z ROUTE_ERROR_COMPOSITION_ROUTE=R31 RESULT=PASS
2026-10-10T09:27:55.5604555Z 
2026-10-10T09:27:55.5975834Z [219/406] [firefox] › tests/states/route-error-composition.spec.ts:44:9 › every shop route composes the shared API error state with its page content › R32 /s/:shopId/settings/team
2026-10-10T09:27:59.9578591Z [firefox] › tests/states/route-error-composition.spec.ts:44:9 › every shop route composes the shared API error state with its page content › R32 /s/:shopId/settings/team
2026-10-10T09:27:59.9579705Z ROUTE_ERROR_COMPOSITION_ROUTE=R32 RESULT=PASS
2026-10-10T09:27:59.9579995Z 
2026-10-10T09:27:59.9914833Z [220/406] [firefox] › tests/states/route-error-composition.spec.ts:44:9 › every shop route composes the shared API error state with its page content › R33 /s/:shopId/settings/shop
2026-10-10T09:28:03.6148227Z [firefox] › tests/states/route-error-composition.spec.ts:44:9 › every shop route composes the shared API error state with its page content › R33 /s/:shopId/settings/shop
2026-10-10T09:28:03.6166503Z ROUTE_ERROR_COMPOSITION_ROUTE=R33 RESULT=PASS
2026-10-10T09:28:03.6167526Z 
2026-10-10T09:28:03.6555318Z [221/406] [firefox] › tests/states/route-error-composition.spec.ts:44:9 › every shop route composes the shared API error state with its page content › R34 /s/:shopId/settings/audit
2026-10-10T09:28:08.0780186Z [firefox] › tests/states/route-error-composition.spec.ts:44:9 › every shop route composes the shared API error state with its page content › R34 /s/:shopId/settings/audit
2026-10-10T09:28:08.0782423Z ROUTE_ERROR_COMPOSITION_ROUTE=R34 RESULT=PASS
2026-10-10T09:28:08.0782866Z 
2026-10-10T09:28:13.9940612Z [222/406] [firefox] › tests/states/route-error-composition.spec.ts:44:9 › every shop route composes the shared API error state with its page content › R35 /s/:shopId/settings/privacy
2026-10-10T09:28:18.6956717Z [firefox] › tests/states/route-error-composition.spec.ts:44:9 › every shop route composes the shared API error state with its page content › R35 /s/:shopId/settings/privacy
2026-10-10T09:28:18.6958135Z ROUTE_ERROR_COMPOSITION_ROUTE=R35 RESULT=PASS
2026-10-10T09:28:18.6958554Z 
2026-10-10T09:28:18.7427780Z [223/406] [firefox] › tests/states/route-error-composition.spec.ts:44:9 › every shop route composes the shared API error state with its page content › R36 /s/:shopId/jobs/:jobId
2026-10-10T09:28:23.3785480Z [firefox] › tests/states/route-error-composition.spec.ts:44:9 › every shop route composes the shared API error state with its page content › R36 /s/:shopId/jobs/:jobId
2026-10-10T09:28:23.3786556Z ROUTE_ERROR_COMPOSITION_ROUTE=R36 RESULT=PASS
2026-10-10T09:28:23.3786833Z 
2026-10-10T09:28:23.4171283Z [224/406] [firefox] › tests/states/route-error-composition.spec.ts:44:9 › every shop route composes the shared API error state with its page content › R37 /s/:shopId/operations
2026-10-10T09:28:27.9735047Z [firefox] › tests/states/route-error-composition.spec.ts:44:9 › every shop route composes the shared API error state with its page content › R37 /s/:shopId/operations
2026-10-10T09:28:27.9736150Z ROUTE_ERROR_COMPOSITION_ROUTE=R37 RESULT=PASS
2026-10-10T09:28:27.9736445Z 
2026-10-10T09:28:28.0113828Z [225/406] [firefox] › tests/states/route-error-composition.spec.ts:44:9 › every shop route composes the shared API error state with its page content › R38 /s/:shopId/approvals
2026-10-10T09:28:33.1396182Z [firefox] › tests/states/route-error-composition.spec.ts:44:9 › every shop route composes the shared API error state with its page content › R38 /s/:shopId/approvals
2026-10-10T09:28:33.1397615Z ROUTE_ERROR_COMPOSITION_ROUTE=R38 RESULT=PASS
2026-10-10T09:28:33.1398101Z 
2026-10-10T09:28:33.1888391Z [226/406] [firefox] › tests/states/route-error-composition.spec.ts:44:9 › every shop route composes the shared API error state with its page content › R39 /s/:shopId/notifications
2026-10-10T09:28:37.9757493Z [firefox] › tests/states/route-error-composition.spec.ts:44:9 › every shop route composes the shared API error state with its page content › R39 /s/:shopId/notifications
2026-10-10T09:28:37.9758237Z ROUTE_ERROR_COMPOSITION_ROUTE=R39 RESULT=PASS
2026-10-10T09:28:37.9758433Z 
2026-10-10T09:28:38.0106353Z [227/406] [firefox] › tests/states/route-error-composition.spec.ts:44:9 › every shop route composes the shared API error state with its page content › R40 /s/:shopId/notifications/devices
2026-10-10T09:28:42.6432722Z [firefox] › tests/states/route-error-composition.spec.ts:44:9 › every shop route composes the shared API error state with its page content › R40 /s/:shopId/notifications/devices
2026-10-10T09:28:42.6434009Z ROUTE_ERROR_COMPOSITION_ROUTE=R40 RESULT=PASS
2026-10-10T09:28:42.6434315Z 
2026-10-10T09:28:42.6845011Z [228/406] [firefox] › tests/states/route-error-composition.spec.ts:44:9 › every shop route composes the shared API error state with its page content › R41 /s/:shopId/fulfillment
2026-10-10T09:28:47.2398970Z [firefox] › tests/states/route-error-composition.spec.ts:44:9 › every shop route composes the shared API error state with its page content › R41 /s/:shopId/fulfillment
2026-10-10T09:28:47.2399660Z ROUTE_ERROR_COMPOSITION_ROUTE=R41 RESULT=PASS
2026-10-10T09:28:47.2399849Z 
2026-10-10T09:28:47.2755417Z [229/406] [firefox] › tests/states/route-error-composition.spec.ts:44:9 › every shop route composes the shared API error state with its page content › R42 /s/:shopId/shipments
2026-10-10T09:28:51.8199975Z [firefox] › tests/states/route-error-composition.spec.ts:44:9 › every shop route composes the shared API error state with its page content › R42 /s/:shopId/shipments
2026-10-10T09:28:51.8201191Z ROUTE_ERROR_COMPOSITION_ROUTE=R42 RESULT=PASS
2026-10-10T09:28:51.8201567Z 
2026-10-10T09:28:51.8576965Z [230/406] [firefox] › tests/states/route-error-composition.spec.ts:44:9 › every shop route composes the shared API error state with its page content › R43 /s/:shopId/returns
2026-10-10T09:28:57.0801377Z [firefox] › tests/states/route-error-composition.spec.ts:44:9 › every shop route composes the shared API error state with its page content › R43 /s/:shopId/returns
2026-10-10T09:28:57.0802362Z ROUTE_ERROR_COMPOSITION_ROUTE=R43 RESULT=PASS
2026-10-10T09:28:57.0802561Z 
2026-10-10T09:28:57.1216315Z [231/406] [firefox] › tests/states/route-error-composition.spec.ts:44:9 › every shop route composes the shared API error state with its page content › R44 /s/:shopId/suppliers
2026-10-10T09:29:02.3883430Z [firefox] › tests/states/route-error-composition.spec.ts:44:9 › every shop route composes the shared API error state with its page content › R44 /s/:shopId/suppliers
2026-10-10T09:29:02.3884429Z ROUTE_ERROR_COMPOSITION_ROUTE=R44 RESULT=PASS
2026-10-10T09:29:02.3884698Z 
2026-10-10T09:29:08.7801876Z [232/406] [firefox] › tests/states/route-error-composition.spec.ts:44:9 › every shop route composes the shared API error state with its page content › R45 /s/:shopId/replenishment
2026-10-10T09:29:13.5464228Z [firefox] › tests/states/route-error-composition.spec.ts:44:9 › every shop route composes the shared API error state with its page content › R45 /s/:shopId/replenishment
2026-10-10T09:29:13.5465780Z ROUTE_ERROR_COMPOSITION_ROUTE=R45 RESULT=PASS
2026-10-10T09:29:13.5466149Z 
2026-10-10T09:29:13.6162595Z [233/406] [firefox] › tests/states/route-error-composition.spec.ts:44:9 › every shop route composes the shared API error state with its page content › R46 /s/:shopId/purchases
2026-10-10T09:29:18.3551711Z [firefox] › tests/states/route-error-composition.spec.ts:44:9 › every shop route composes the shared API error state with its page content › R46 /s/:shopId/purchases
2026-10-10T09:29:18.3552824Z ROUTE_ERROR_COMPOSITION_ROUTE=R46 RESULT=PASS
2026-10-10T09:29:18.3553215Z 
2026-10-10T09:29:18.4015419Z [234/406] [firefox] › tests/states/route-error-composition.spec.ts:44:9 › every shop route composes the shared API error state with its page content › R47 /s/:shopId/receipts
2026-10-10T09:29:22.8830921Z [firefox] › tests/states/route-error-composition.spec.ts:44:9 › every shop route composes the shared API error state with its page content › R47 /s/:shopId/receipts
2026-10-10T09:29:22.8832043Z ROUTE_ERROR_COMPOSITION_ROUTE=R47 RESULT=PASS
2026-10-10T09:29:22.8832395Z 
2026-10-10T09:29:22.9173458Z [235/406] [firefox] › tests/states/route-error-composition.spec.ts:44:9 › every shop route composes the shared API error state with its page content › R48 /s/:shopId/finance/journals
2026-10-10T09:29:27.9439880Z [firefox] › tests/states/route-error-composition.spec.ts:44:9 › every shop route composes the shared API error state with its page content › R48 /s/:shopId/finance/journals
2026-10-10T09:29:27.9440676Z ROUTE_ERROR_COMPOSITION_ROUTE=R48 RESULT=PASS
2026-10-10T09:29:27.9440864Z 
2026-10-10T09:29:27.9774959Z [236/406] [firefox] › tests/states/route-error-composition.spec.ts:44:9 › every shop route composes the shared API error state with its page content › R49 /s/:shopId/finance/reconciliation
2026-10-10T09:29:32.9970864Z [firefox] › tests/states/route-error-composition.spec.ts:44:9 › every shop route composes the shared API error state with its page content › R49 /s/:shopId/finance/reconciliation
2026-10-10T09:29:32.9971641Z ROUTE_ERROR_COMPOSITION_ROUTE=R49 RESULT=PASS
2026-10-10T09:29:32.9971853Z 
2026-10-10T09:29:33.0290356Z [237/406] [firefox] › tests/states/route-error-composition.spec.ts:44:9 › every shop route composes the shared API error state with its page content › R50 /s/:shopId/finance/debts-periods
2026-10-10T09:29:37.9403638Z [firefox] › tests/states/route-error-composition.spec.ts:44:9 › every shop route composes the shared API error state with its page content › R50 /s/:shopId/finance/debts-periods
2026-10-10T09:29:37.9404752Z ROUTE_ERROR_COMPOSITION_ROUTE=R50 RESULT=PASS
2026-10-10T09:29:37.9405021Z 
2026-10-10T09:29:37.9759995Z [238/406] [firefox] › tests/states/route-error-composition.spec.ts:44:9 › every shop route composes the shared API error state with its page content › R51 /s/:shopId/bot/team
2026-10-10T09:29:42.3158644Z [firefox] › tests/states/route-error-composition.spec.ts:44:9 › every shop route composes the shared API error state with its page content › R51 /s/:shopId/bot/team
2026-10-10T09:29:42.3159303Z ROUTE_ERROR_COMPOSITION_ROUTE=R51 RESULT=PASS
2026-10-10T09:29:42.3159489Z 
2026-10-10T09:29:42.3485541Z [239/406] [firefox] › tests/states/route-error-composition.spec.ts:44:9 › every shop route composes the shared API error state with its page content › R52 /s/:shopId/operations/digests
2026-10-10T09:29:46.6919457Z [firefox] › tests/states/route-error-composition.spec.ts:44:9 › every shop route composes the shared API error state with its page content › R52 /s/:shopId/operations/digests
2026-10-10T09:29:46.6920139Z ROUTE_ERROR_COMPOSITION_ROUTE=R52 RESULT=PASS
2026-10-10T09:29:46.6920323Z 
2026-10-10T09:29:46.7289270Z [240/406] [firefox] › tests/states/route-error-composition.spec.ts:44:9 › every shop route composes the shared API error state with its page content › R53 /s/:shopId/reports/marketing
2026-10-10T09:29:51.7025584Z [firefox] › tests/states/route-error-composition.spec.ts:44:9 › every shop route composes the shared API error state with its page content › R53 /s/:shopId/reports/marketing
2026-10-10T09:29:51.7026459Z ROUTE_ERROR_COMPOSITION_ROUTE=R53 RESULT=PASS
2026-10-10T09:29:51.7026649Z 
2026-10-10T09:29:51.7415991Z [241/406] [firefox] › tests/states/route-error-composition.spec.ts:44:9 › every shop route composes the shared API error state with its page content › R54 /s/:shopId/service-cases
2026-10-10T09:29:56.5790294Z [firefox] › tests/states/route-error-composition.spec.ts:44:9 › every shop route composes the shared API error state with its page content › R54 /s/:shopId/service-cases
2026-10-10T09:29:56.5791575Z ROUTE_ERROR_COMPOSITION_ROUTE=R54 RESULT=PASS
2026-10-10T09:29:56.5792135Z 
2026-10-10T09:30:03.2614569Z [242/406] [firefox] › tests/states/route-error-composition.spec.ts:44:9 › every shop route composes the shared API error state with its page content › R55 /s/:shopId/settings/warehouses
2026-10-10T09:30:08.5289489Z [firefox] › tests/states/route-error-composition.spec.ts:44:9 › every shop route composes the shared API error state with its page content › R55 /s/:shopId/settings/warehouses
2026-10-10T09:30:08.5290771Z ROUTE_ERROR_COMPOSITION_ROUTE=R55 RESULT=PASS
2026-10-10T09:30:08.5291130Z 
2026-10-10T09:30:08.5660521Z [243/406] [firefox] › tests/states/route-error-composition.spec.ts:44:9 › every shop route composes the shared API error state with its page content › R56 /s/:shopId/finance/accounts
2026-10-10T09:30:13.5150534Z [firefox] › tests/states/route-error-composition.spec.ts:44:9 › every shop route composes the shared API error state with its page content › R56 /s/:shopId/finance/accounts
2026-10-10T09:30:13.5151240Z ROUTE_ERROR_COMPOSITION_ROUTE=R56 RESULT=PASS
2026-10-10T09:30:13.5151437Z 
2026-10-10T09:30:13.5531697Z [244/406] [firefox] › tests/states/route-error-composition.spec.ts:44:9 › every shop route composes the shared API error state with its page content › R57 /s/:shopId/finance/opening-balances
2026-10-10T09:30:18.5803426Z [firefox] › tests/states/route-error-composition.spec.ts:44:9 › every shop route composes the shared API error state with its page content › R57 /s/:shopId/finance/opening-balances
2026-10-10T09:30:18.5804927Z ROUTE_ERROR_COMPOSITION_ROUTE=R57 RESULT=PASS
2026-10-10T09:30:18.5805367Z 
2026-10-10T09:30:18.6275104Z [245/406] [firefox] › tests/states/route-error-composition.spec.ts:44:9 › every shop route composes the shared API error state with its page content › R58 /s/:shopId/finance/ledger
2026-10-10T09:30:23.6127908Z [firefox] › tests/states/route-error-composition.spec.ts:44:9 › every shop route composes the shared API error state with its page content › R58 /s/:shopId/finance/ledger
2026-10-10T09:30:23.6129109Z ROUTE_ERROR_COMPOSITION_ROUTE=R58 RESULT=PASS
2026-10-10T09:30:23.6133724Z 
2026-10-10T09:30:23.6643074Z [246/406] [firefox] › tests/states/route-error-composition.spec.ts:44:9 › every shop route composes the shared API error state with its page content › R59 /s/:shopId/finance/trial-balance
2026-10-10T09:30:28.6515164Z [firefox] › tests/states/route-error-composition.spec.ts:44:9 › every shop route composes the shared API error state with its page content › R59 /s/:shopId/finance/trial-balance
2026-10-10T09:30:28.6517780Z ROUTE_ERROR_COMPOSITION_ROUTE=R59 RESULT=PASS
2026-10-10T09:30:28.6518266Z 
2026-10-10T09:30:28.7004486Z [247/406] [firefox] › tests/states/route-error-composition.spec.ts:44:9 › every shop route composes the shared API error state with its page content › R60 /s/:shopId/finance/balance-sheet
2026-10-10T09:30:33.7496128Z [firefox] › tests/states/route-error-composition.spec.ts:44:9 › every shop route composes the shared API error state with its page content › R60 /s/:shopId/finance/balance-sheet
2026-10-10T09:30:33.7496943Z ROUTE_ERROR_COMPOSITION_ROUTE=R60 RESULT=PASS
2026-10-10T09:30:33.7497143Z 
2026-10-10T09:30:33.8610528Z [248/406] [firefox] › tests/ui-bot-layout.spec.ts:42:1 › Bot routes R26/R27/R28/R51 fit the supported page-width boundaries
2026-10-10T09:31:05.6012747Z [249/406] [firefox] › tests/ui-bot-layout.spec.ts:52:1 › Bot config, evaluation, role and budget dialogs stay inside mobile and desktop viewports
2026-10-10T09:31:27.7974030Z [250/406] [firefox] › tests/ui-catalog-layout.spec.ts:15:1 › catalog R09-R14 keeps shared gutters, inset ownership and dry-run flow at mobile and desktop
2026-10-10T09:31:51.8813236Z [251/406] [firefox] › tests/ui-catalog-layout.spec.ts:67:1 › Imports review notice and demo controls keep the measured shared disclosure boundary at 806x884
2026-10-10T09:32:01.2890949Z [252/406] [firefox] › tests/ui-component-layout.spec.ts:40:1 › A01 order lines keep intrinsic remove actions with clean and invalid quantities
2026-10-10T09:32:09.6287887Z [253/406] [firefox] › tests/ui-component-layout.spec.ts:61:1 › A02 product editors align category and status faces independently from lookup metadata
2026-10-10T09:32:24.0337253Z [254/406] [firefox] › tests/ui-component-layout.spec.ts:84:1 › Shared outlined labels focus empty and populated native controls
2026-10-10T09:32:27.0432596Z [255/406] [firefox] › tests/ui-component-layout.spec.ts:99:1 › A02 variant fields retain readable widths when text doubles
2026-10-10T09:32:44.4856730Z [256/406] [firefox] › tests/ui-component-layout.spec.ts:130:1 › A03 import mapping preserves natural remove actions and editable mappings
2026-10-10T09:32:51.7614589Z [257/406] [firefox] › tests/ui-component-layout.spec.ts:150:1 › A04 full precision money wraps outside tables and remains unbroken in the named scroll region
2026-10-10T09:32:58.7574642Z [258/406] [firefox] › tests/ui-component-layout.spec.ts:176:1 › A05 status height follows its own label while long labels remain fully readable
2026-10-10T09:33:05.7181936Z [259/406] [firefox] › tests/ui-component-layout.spec.ts:196:1 › A06 Empty wraps unbroken reference text and retains its keyboard action
2026-10-10T09:33:12.6717985Z [260/406] [firefox] › tests/ui-component-layout.spec.ts:209:1 › A07 canonical order address selection exposes full text and edit lines retain intrinsic actions
2026-10-10T09:33:27.5401295Z [261/406] [firefox] › tests/ui-composition-layout.spec.ts:13:1 › SPC-061/062 shared compositions own their gap and child boundaries on every canonical route
2026-10-10T09:36:45.9445556Z [262/406] [firefox] › tests/ui-composition-positive-ancestry.spec.ts:62:1 › S15 Dashboard conditional content keeps an independently bordered surface inside its Panel owner
2026-10-10T09:36:51.9854750Z [263/406] [firefox] › tests/ui-composition-positive-ancestry.spec.ts:103:1 › S15 catalog QueryState fragment keeps DataTable and Pager as peer children of one Panel
2026-10-10T09:36:57.0377595Z [264/406] [firefox] › tests/ui-composition-positive-ancestry.spec.ts:137:1 › S15 Knowledge action group wraps children without losing its shared action owner
2026-10-10T09:37:02.2675060Z [265/406] [firefox] › tests/ui-consent-management.spec.ts:16:1 › R35 creates a pending challenge from API and shows consent history without local opt-out state
2026-10-10T09:37:06.1459569Z [266/406] [firefox] › tests/ui-consent-management.spec.ts:36:1 › R61 confirms an opt-out through POST body, removes the token from URL and leaves service messages available
2026-10-10T09:37:08.1052848Z [267/406] [firefox] › tests/ui-consent-management.spec.ts:74:1 › R61 public confirmation remains keyboard-accessible and reflows at 320px
2026-10-10T09:37:10.6581717Z [268/406] [firefox] › tests/ui-customers-layout.spec.ts:30:1 › Customers R07/R08/R54 layouts fit the shell at every responsive boundary
2026-10-10T09:37:36.9476831Z [269/406] [firefox] › tests/ui-customers-layout.spec.ts:59:1 › Customer create and service-case dialogs stay in the viewport without submitting
2026-10-10T09:37:46.1174295Z [270/406] [firefox] › tests/ui-dashboard-layout.spec.ts:17:1 › Shared consolidation Dashboard primary link respects all eight permission tuples and native anchor interactions
2026-10-10T09:37:56.6605387Z [271/406] [firefox] › tests/ui-dashboard-layout.spec.ts:69:1 › dashboard hierarchy, CTA targets, and page width hold across supported breakpoints
2026-10-10T09:38:08.2371510Z [272/406] [firefox] › tests/ui-density-layout.spec.ts:10:1 › density table saves row space while preserving action target and data
2026-10-10T09:38:15.8033336Z [273/406] [firefox] › tests/ui-density-layout.spec.ts:22:1 › density divided facts list has one row inset and no additional inter-row gap
2026-10-10T09:38:20.0245833Z [274/406] [firefox] › tests/ui-density-layout.spec.ts:33:1 › density demo disclosure retains state and always shows the synthetic warning
2026-10-10T09:38:29.5104885Z [275/406] [firefox] › tests/ui-density-layout.spec.ts:48:1 › density operational Panel uses 12px boundary while complex form and reading Panel keep comfortable rhythm
2026-10-10T09:38:40.1971286Z [276/406] [firefox] › tests/ui-density-layout.spec.ts:60:1 › density simple category editor keeps labels, errors and keyboard reflow usable
2026-10-10T09:38:54.9691991Z [277/406] [firefox] › tests/ui-finance-layout.spec.ts:30:1 › Finance R20/R21/R22/R48/R49/R50 route layouts retain shell gutter without horizontal overflow from 320–1440px
2026-10-10T09:39:52.6641395Z [278/406] [firefox] › tests/ui-finance-layout.spec.ts:62:1 › titled Finance Panels keep one 12px header-to-first-content boundary
2026-10-10T09:40:10.1744971Z [279/406] [firefox] › tests/ui-finance-layout.spec.ts:129:1 › Finance report, entry, journal, reconciliation and period dialogs remain in the viewport without submitting
2026-10-10T09:40:52.4871714Z [280/406] [firefox] › tests/ui-finance-management.spec.ts:14:1 › C06 opening validates before HTTP and preserves added/removed list drafts through every close guard
2026-10-10T09:40:58.9614946Z [281/406] [firefox] › tests/ui-finance-management.spec.ts:19:1 › C06 opening UI posts only its reviewed version and reports/ledger drill down to real journal IDs
2026-10-10T09:41:18.8587707Z [282/406] [firefox] › tests/ui-finance-management.spec.ts:25:1 › C06 opening conflict retains whole lists and reconciles two changing server versions without forced retry
2026-10-10T09:41:30.8945092Z [283/406] [firefox] › tests/ui-finance-management.spec.ts:31:1 › C06 finance entry validation and refetch conflict keep the saved baseline and draft
2026-10-10T09:41:35.6385891Z [284/406] [firefox] › tests/ui-finance-management.spec.ts:35:1 › C06 all new financial routes and dialog use keyboard/axe and reflow at required widths
2026-10-10T09:42:58.0574610Z [285/406] [firefox] › tests/ui-fulfillment-layout.spec.ts:30:1 › Fulfillment R41/R42 preserve shell gutter and contain responsive route layouts from 320-1440px
2026-10-10T09:43:16.7664122Z [286/406] [firefox] › tests/ui-fulfillment-layout.spec.ts:59:1 › Fulfillment prep, shipment-create, detail and event dialogs fit mobile and desktop without submitting
2026-10-10T09:43:27.6681385Z [287/406] [firefox] › tests/ui-integrations-layout.spec.ts:40:1 › Integrations routes R29/R30 fit the supported page-width boundaries
2026-10-10T09:43:45.4063574Z [288/406] [firefox] › tests/ui-integrations-layout.spec.ts:50:1 › R29 disconnect and R30 create/edit credential dialogs stay inside mobile and desktop viewports
2026-10-10T09:44:00.7677227Z [289/406] [firefox] › tests/ui-inventory-layout.spec.ts:15:1 › Inventory R15/R16 preserve shared gutter and contain table overflow at 320-1440px
2026-10-10T09:44:19.0903434Z [290/406] [firefox] › tests/ui-inventory-layout.spec.ts:55:1 › Inventory filters reset cursor and preserve other URL state; adjustment validation sends no command
2026-10-10T09:44:30.1710015Z [291/406] [firefox] › tests/ui-knowledge-layout.spec.ts:67:1 › Knowledge routes R23/R24/R25 fit every supported layout boundary
2026-10-10T09:45:14.7497535Z [292/406] [firefox] › tests/ui-knowledge-layout.spec.ts:87:1 › Knowledge create, edit, and feedback-review dialogs remain inside mobile and desktop viewports
2026-10-10T09:45:34.7703615Z [293/406] [firefox] › tests/ui-master-resources.spec.ts:13:1 › C05 warehouses validate before HTTP, protect drafts and create/update/archive with visible results
2026-10-10T09:45:42.3178023Z [294/406] [firefox] › tests/ui-master-resources.spec.ts:26:1 › C05 warehouse conflicts keep the draft across two concurrent versions and require explicit reconciliation
2026-10-10T09:45:47.7089763Z [295/406] [firefox] › tests/ui-master-resources.spec.ts:34:1 › C05 accounts create and protect used fields; journal choices come from the same API lookup
2026-10-10T09:45:56.2506278Z [296/406] [firefox] › tests/ui-master-resources.spec.ts:40:1 › C05 customer address UI never replays a masked phone and orders load per-customer addresses
2026-10-10T09:46:01.6112034Z [297/406] [firefox] › tests/ui-master-resources.spec.ts:46:1 › C05 new management routes and address dialog reflow at all required widths with keyboard and axe
2026-10-10T09:46:55.3605451Z [298/406] [firefox] › tests/ui-master-resources.spec.ts:58:1 › C05 complete customer addresses create/archive through HTTP; masked mandatory fields prevent creation
2026-10-10T09:47:01.5705227Z [299/406] [firefox] › tests/ui-master-resources.spec.ts:77:1 › C05 an unknown warehouse creation keeps the draft and prevents a second request
2026-10-10T09:47:07.7740312Z [300/406] [firefox] › tests/ui-notifications-layout.spec.ts:40:1 › R39/R40 Notifications routes fit the supported page-width boundaries
2026-10-10T09:47:26.3675047Z [301/406] [firefox] › tests/ui-notifications-layout.spec.ts:50:1 › R40 revoke-device confirmation stays inside mobile and desktop viewports
2026-10-10T09:47:42.7078669Z [302/406] [firefox] › tests/ui-operations-layout.spec.ts:41:1 › R37/R38/R52 Operations routes fit the supported page-width boundaries
2026-10-10T09:48:08.8126705Z [303/406] [firefox] › tests/ui-operations-layout.spec.ts:51:1 › R52 role-control confirmation stays inside mobile and desktop viewports
2026-10-10T09:48:15.6494781Z [304/406] [firefox] › tests/ui-orders-layout.spec.ts:15:1 › Orders R17/R18/R19/R43 preserve responsive page geometry at 320-1440px
2026-10-10T09:48:50.0231664Z [305/406] [firefox] › tests/ui-orders-layout.spec.ts:46:1 › Orders draft, versioned quote, canonical address snapshot and return dialogs keep their behavior without writes
2026-10-10T09:49:10.0680426Z [306/406] [firefox] › tests/ui-panel-layout.spec.ts:15:1 › the titled Fulfillment Panel owns its body inset and keeps one 12px header boundary
2026-10-10T09:49:21.8909023Z [307/406] [firefox] › tests/ui-procurement-layout.spec.ts:38:1 › Procurement R44-R47 preserve shared page gutter and contain responsive tables at 320-1440px
2026-10-10T09:50:12.9276051Z [308/406] [firefox] › tests/ui-procurement-layout.spec.ts:69:1 › Procurement supplier, offer, rule, purchase and receipt dialogs fit narrow and desktop viewports without writes
2026-10-10T09:50:48.8285560Z [309/406] [firefox] › tests/ui-query-state-layout.spec.ts:68:5 › S12 R09 QueryState section profile preserves pending and ready layout
2026-10-10T09:51:06.6536633Z [310/406] [firefox] › tests/ui-query-state-layout.spec.ts:68:5 › S12 R11 QueryState inline profile preserves pending and ready layout
2026-10-10T09:51:30.3981949Z [311/406] [firefox] › tests/ui-shell-layout.spec.ts:45:1 › Shell keeps header, banner, main and footer on one responsive gutter
2026-10-10T09:51:43.6729755Z [312/406] [firefox] › tests/ui-shell-layout.spec.ts:106:1 › demo controls stay discoverable on mobile and usable on desktop
2026-10-10T09:51:45.7473857Z [313/406] [firefox] › tests/ui-shell-layout.spec.ts:124:1 › SPC-055/057 demo-control labels keep a clear gap on every Shell route consumer
2026-10-10T09:53:39.7950757Z [314/406] [firefox] › tests/ui-shell-layout.spec.ts:149:1 › unmatched route fallback owns its page gutter without horizontal overflow
2026-10-10T09:53:41.3469590Z [315/406] [firefox] › tests/ui-toolbar-layout.spec.ts:33:1 › Shared Toolbar and demo tools keep labels clear when text doubles
2026-10-10T09:54:10.1536603Z   1) [firefox] › tests/ui-toolbar-layout.spec.ts:33:1 › Shared Toolbar and demo tools keep labels clear when text doubles 
2026-10-10T09:54:10.1537037Z 
2026-10-10T09:54:10.1537247Z     Error: expect(locator).toBeVisible() failed
2026-10-10T09:54:10.1539651Z 
2026-10-10T09:54:10.1539799Z     Locator: locator('main h1')
2026-10-10T09:54:10.1541997Z     Expected: visible
2026-10-10T09:54:10.1544970Z     Timeout: 5000ms
2026-10-10T09:54:10.1547945Z     Error: element(s) not found
2026-10-10T09:54:10.1548291Z 
2026-10-10T09:54:10.1550362Z     Call log:
2026-10-10T09:54:10.1550904Z       - Expect "toBeVisible" locator('main h1') with timeout 5000ms
2026-10-10T09:54:10.1553775Z       - waiting for locator('main h1')
2026-10-10T09:54:10.1556229Z 
2026-10-10T09:54:10.1556241Z 
2026-10-10T09:54:10.1556588Z       16 |     await page.goto(demoUrl + route);
2026-10-10T09:54:10.1559724Z       17 |     await expect(page).toHaveURL(demoUrl + route);
2026-10-10T09:54:10.1563104Z     > 18 |     await expect(page.locator('main h1')).toBeVisible();
2026-10-10T09:54:10.1565547Z          |                                           ^
2026-10-10T09:54:10.1566234Z       19 |     await page.waitForFunction(() => !document.querySelector('main .MuiCircularProgress-root, main .MuiLinearProgress-root'));
2026-10-10T09:54:10.1568631Z       20 | }
2026-10-10T09:54:10.1570932Z       21 | async function searchGeometry(page: Page) {
2026-10-10T09:54:10.1573389Z         at ready (/home/runner/work/Bot-AI-Ban-hang-FB/Bot-AI-Ban-hang-FB/BotSalesAI_Frontend/tests/ui-toolbar-layout.spec.ts:18:43)
2026-10-10T09:54:10.1576087Z         at /home/runner/work/Bot-AI-Ban-hang-FB/Bot-AI-Ban-hang-FB/BotSalesAI_Frontend/tests/ui-toolbar-layout.spec.ts:37:9
2026-10-10T09:54:10.1580702Z 
2026-10-10T09:54:10.1583443Z     Error Context: test-results/playwright-5610-754e9e45-b50b-4498-9cba-1ec2df219d9b/ui-toolbar-layout-Shared-T-6248a-els-clear-when-text-doubles-firefox/error-context.md
2026-10-10T09:54:10.1584055Z 
2026-10-10T09:54:10.1584653Z     Error Context: test-results/playwright-5610-754e9e45-b50b-4498-9cba-1ec2df219d9b/ui-toolbar-layout-Shared-T-6248a-els-clear-when-text-doubles-firefox/error-context.md
2026-10-10T09:54:10.1587469Z 
2026-10-10T09:54:10.1591927Z     attachment #6: trace (application/zip) ─────────────────────────────────────────────────────────
2026-10-10T09:54:10.1596172Z     test-results/playwright-5610-754e9e45-b50b-4498-9cba-1ec2df219d9b/ui-toolbar-layout-Shared-T-6248a-els-clear-when-text-doubles-firefox/trace.zip
2026-10-10T09:54:10.1598928Z     Usage:
2026-10-10T09:54:10.1600744Z 
2026-10-10T09:54:10.1601533Z         npx playwright show-trace test-results/playwright-5610-754e9e45-b50b-4498-9cba-1ec2df219d9b/ui-toolbar-layout-Shared-T-6248a-els-clear-when-text-doubles-firefox/trace.zip
2026-10-10T09:54:10.1604236Z 
2026-10-10T09:54:10.1604642Z     ────────────────────────────────────────────────────────────────────────────────────────────────
2026-10-10T09:54:10.1604946Z 
2026-10-10T09:54:10.1604954Z 
2026-10-10T09:54:13.8710358Z [316/406] [firefox] › tests/ui-toolbar-layout.spec.ts:61:1 › Toolbar geometry: multiline category lookup cannot stretch the search button
2026-10-10T09:54:19.0766109Z [317/406] [firefox] › tests/ui-toolbar-layout.spec.ts:78:1 › Shared consolidation Inbox filters share Toolbar ownership and stay outside search across pane widths
2026-10-10T09:54:37.5951188Z [318/406] [firefox] › tests/ui-toolbar-layout.spec.ts:121:1 › Toolbar affected routes keep intrinsic actions, capability branches and 320px reflow
2026-10-10T09:55:55.5896990Z [319/406] [firefox] › tests/ui-toolbar-layout.spec.ts:146:1 › Toolbar public extra slot cannot stretch a single-line submit action
2026-10-10T09:55:57.2753049Z [320/406] [firefox] › tests/ui-toolbar-layout.spec.ts:163:1 › Toolbar preserves Products URL filters, search submit, clear and independent category lookup
2026-10-10T09:56:01.5931796Z [321/406] [firefox] › tests/ui-toolbar-layout.spec.ts:199:1 › Toolbar keeps Inventory apply/reset separate from search submission
2026-10-10T09:56:08.5003076Z [322/406] [firefox] › tests/ui-toolbar-layout.spec.ts:219:1 › Toolbar category more/busy/error/retry branches preserve search geometry and actual pagination
2026-10-10T09:56:13.5555228Z [323/406] [firefox] › tests/ui-ux-completion.spec.ts:9:1 › UX01 setup feedback CTA reaches review workflow rather than dynamic knowledge detail
2026-10-10T09:56:18.3737991Z [324/406] [firefox] › tests/ui-ux-completion.spec.ts:15:1 › UX02 stock warnings describe low/zero stock without implying a server block
2026-10-10T09:56:20.3781358Z [325/406] [firefox] › tests/ui-ux-completion.spec.ts:22:1 › UX02 inventory receipts and accounting open periods have domain-specific names
2026-10-10T09:56:24.6053841Z [326/406] [firefox] › tests/ui-ux-completion.spec.ts:31:1 › UX04 onboarding protects the whole draft on leave and reload
2026-10-10T09:56:36.8610013Z [327/406] [firefox] › tests/ui-ux-completion.spec.ts:52:1 › UX04 acknowledged shop creation leaves without a false dirty warning
2026-10-10T09:56:38.6215504Z [328/406] [firefox] › tests/ui-ux-completion.spec.ts:60:1 › UX05 product detail returns to committed filters; direct links use the list fallback
2026-10-10T09:56:42.5574499Z [329/406] [firefox] › tests/ui-ux-completion.spec.ts:70:60 › UX05 customers list returns to its own filter context
2026-10-10T09:56:46.5431897Z [330/406] [firefox] › tests/ui-ux-completion.spec.ts:70:60 › UX05 orders list returns to its own filter context
2026-10-10T09:56:50.2271765Z [331/406] [firefox] › tests/ui-ux-completion.spec.ts:70:60 › UX05 knowledge list returns to its own filter context
2026-10-10T09:56:53.8953646Z [332/406] [firefox] › tests/ui-ux-completion.spec.ts:86:1 › UX03 category, member and AI deletion confirmations name the selected object and consequence
2026-10-10T09:56:59.1239804Z [333/406] [firefox] › tests/ui-ux-completion.spec.ts:108:1 › UX07 titles and breadcrumb distinguish create/detail/review; menu empty state clears with focus
2026-10-10T09:57:02.6800559Z [334/406] [firefox] › tests/ui-ux-completion.spec.ts:126:1 › UX10 multi-table pages have distinct business names
2026-10-10T09:57:06.1898041Z [335/406] [firefox] › tests/ui-ux-completion.spec.ts:136:1 › UX06 AI capability names and states are readable in Vietnamese
2026-10-10T09:57:09.1674643Z [336/406] [firefox] › tests/ui-ux-completion.spec.ts:143:1 › UX15 detail captions reflow without splitting short words across all required viewports
2026-10-10T09:57:12.4894831Z [337/406] [firefox] › tests/ui-width-layout.spec.ts:29:1 › W01 AI single connection fills its collection at breakpoint edges and wide viewports
2026-10-10T09:57:23.7971113Z [338/406] [firefox] › tests/ui-width-layout.spec.ts:42:1 › W01 AI keeps two-column collection for two/three items and refetch preserves the new count
2026-10-10T09:57:28.3730292Z [339/406] [firefox] › tests/ui-width-layout.spec.ts:63:1 › W01 AI empty result keeps one accessible create action and no empty grid
2026-10-10T09:57:30.7225933Z [340/406] [firefox] › tests/ui-width-layout.spec.ts:72:35 › W01 workspace collection handles 0 visible shops
2026-10-10T09:57:38.5748837Z [341/406] [firefox] › tests/ui-width-layout.spec.ts:72:35 › W01 workspace collection handles 1 visible shops
2026-10-10T09:57:46.3255091Z [342/406] [firefox] › tests/ui-width-layout.spec.ts:72:35 › W01 workspace collection handles 2 visible shops
2026-10-10T09:57:54.0800464Z [343/406] [firefox] › tests/ui-width-layout.spec.ts:72:35 › W01 workspace collection handles 3 visible shops
2026-10-10T09:58:01.8247993Z [344/406] [firefox] › tests/ui-width-layout.spec.ts:104:1 › W02 full-width form groups fill their panel and retain input/mapping/shipping behavior
2026-10-10T09:58:31.1581276Z [345/406] [firefox] › tests/ui-width-layout.spec.ts:144:1 › W03 notification protection notice occupies the full page row after the two panes
2026-10-10T09:58:38.9993539Z [346/406] [firefox] › tests/ui-width-layout.spec.ts:163:1 › W04 detail rows stay atomic in divided rhythm and plain containers
2026-10-10T09:58:45.3749451Z [347/406] [firefox] › tests/ui-workspace-layout.spec.ts:60:1 › workspace routes stay within the supported page-width boundaries
2026-10-10T09:59:43.0850728Z [348/406] [firefox] › tests/ui-workspace-layout.spec.ts:72:1 › team invite and privacy request dialogs remain usable without submitting
2026-10-10T09:59:54.9700770Z [349/406] [firefox] › tests/ui006-lookups.spec.ts:69:1 › UI006.C05 lookup and table cursors reach records after 150 synthetic suppliers, offers, and orders
2026-10-10T10:00:42.5648325Z [350/406] [firefox] › tests/ui006-lookups.spec.ts:215:1 › UI006.C04 bounded previews disclose their sample and link to full collections
2026-10-10T10:00:47.9415737Z [351/406] [firefox] › tests/ui006-lookups.spec.ts:232:1 › UI006.C02 selected order identity survives a failed search and cursor retry
2026-10-10T10:00:51.1567189Z [352/406] [firefox] › tests/ui007-query-states.spec.ts:30:1 › UI007 secondary order query loads independently while the customer profile remains available
2026-10-10T10:00:55.4076723Z [353/406] [firefox] › tests/ui007-query-states.spec.ts:60:1 › UI007 order query 503 is isolated from the primary customer query and retries only that query
2026-10-10T10:00:58.8242135Z [354/406] [firefox] › tests/ui007-query-states.spec.ts:94:1 › UI007 forbidden order query is an access state and a successful empty query is distinct
2026-10-10T10:01:02.7192367Z [355/406] [firefox] › tests/ui007-query-states.spec.ts:114:1 › UI007 supplier and offer failures keep purchase suggestions visible and have operation-specific recovery
2026-10-10T10:01:08.3056358Z [356/406] [firefox] › tests/ui007-query-states.spec.ts:150:1 › UI007 auto-send budget query is lazy, permission-aware, and blocks an unverified budget
2026-10-10T10:01:11.2009965Z [357/406] [firefox] › tests/ui008-integration-empty.spec.ts:57:1 › UI008 R29 successful empty collection exposes an accessible state and one permission-guarded connect CTA
2026-10-10T10:01:14.1703642Z [358/406] [firefox] › tests/ui008-integration-empty.spec.ts:75:1 › UI008 R29 read-only bot_admin sees the empty state without a manage action
2026-10-10T10:01:16.7008556Z [359/406] [firefox] › tests/ui008-integration-empty.spec.ts:90:1 › UI008 R29 pending channel query stays loading until its response arrives
2026-10-10T10:01:19.4784805Z [360/406] [firefox] › tests/ui008-integration-empty.spec.ts:109:1 › UI008 R29 forbidden channel query is not presented as empty or retryable
2026-10-10T10:01:21.4029547Z [361/406] [firefox] › tests/ui008-integration-empty.spec.ts:123:1 › UI008 R29 503 remains an error and recovers through its retry control
2026-10-10T10:01:24.8516446Z [362/406] [firefox] › tests/ui008-integration-empty.spec.ts:144:1 › UI008 R30 successful empty AI connection cards show a first-use state and one add CTA
2026-10-10T10:01:26.6427218Z [363/406] [firefox] › tests/ui008-integration-empty.spec.ts:162:1 › UI008 R30 read-only bot_admin sees the empty state without an add action
2026-10-10T10:01:29.1913319Z [364/406] [firefox] › tests/ui009-scope-regression.spec.ts:23:1 › UI009 delayed customer orders from the previous shop cannot leak into the new shop profile
2026-10-10T10:01:34.7452333Z [365/406] [firefox] › tests/ui010-dialog-draft.spec.ts:15:1 › UI010 a discarded confirmation reason is cleared before the dialog opens again
2026-10-10T10:01:41.0523785Z [366/406] [firefox] › tests/ui011-date-time.spec.ts:16:1 › UI011 report defaults use the active shop calendar month at a UTC month boundary
2026-10-10T10:01:44.2467870Z [367/406] [firefox] › tests/ui011-date-time.spec.ts:29:1 › UI011 journal effective date defaults to the active shop calendar date
2026-10-10T10:01:46.5254009Z [368/406] [firefox] › tests/ui011-date-time.spec.ts:41:1 › UI011 shipment event input and API instant use the shop timezone, not browser timezone
2026-10-10T10:01:49.1790286Z [369/406] [firefox] › tests/ui012-keyboard.spec.ts:42:1 › UI012 keyboard-only finance edit handles select, discard warning and focus return
2026-10-10T10:01:54.1577589Z [370/406] [firefox] › tests/ui012-keyboard.spec.ts:103:1 › UI012 keyboard validation focuses the field named by a synthetic 422 response
2026-10-10T10:01:59.7558400Z [371/406] [firefox] › tests/ui012-keyboard.spec.ts:160:1 › UI012 keyboard activates the CSV chooser and discards its selected file without upload
2026-10-10T10:02:03.0338020Z [372/406] [firefox] › tests/ui012-keyboard.spec.ts:200:1 › UI012 keyboard can reach and horizontally scroll the marketing chart data alternative
2026-10-10T10:02:06.0291435Z [373/406] [firefox] › tests/ui012-keyboard.spec.ts:227:1 › UI012 marketing chart keeps every category label visible beside its data table
2026-10-10T10:02:10.4055609Z [374/406] [firefox] › tests/ui012-keyboard.spec.ts:276:1 › UI012 inbox feedback actions identify their message and return focus after Escape
2026-10-10T10:02:14.6946187Z [375/406] [firefox] › tests/ui012-keyboard.spec.ts:309:1 › UI012 order draft does not announce an untouched required customer as invalid
2026-10-10T10:02:19.0122429Z [376/406] [firefox] › tests/ui012-keyboard.spec.ts:322:1 › UI012 human-confirmation policy copy wraps inside its alert at a 320 CSS-pixel viewport
2026-10-10T10:02:20.8710016Z [377/406] [firefox] › tests/ui012-keyboard.spec.ts:356:1 › UI012 dashboard CTA separates hover and pressed feedback while keeping keyboard focus visible
2026-10-10T10:02:26.4534108Z [378/406] [firefox] › tests/ui013-url-state.spec.ts:19:1 › UI013 reconciliation tab deep links and survives refresh; malformed tab safely falls back
2026-10-10T10:02:34.9419447Z [379/406] [firefox] › tests/ui013-url-state.spec.ts:39:1 › UI013 finance date range deep link, edit, refresh and Back use shop-local filter state
2026-10-10T10:02:40.8310239Z [380/406] [firefox] › tests/ui013-url-state.spec.ts:70:1 › UI013 report type and export date filters are deep-linkable, refreshable and malformed values fall back safely
2026-10-10T10:02:46.2158355Z [381/406] [firefox] › tests/ui021-permission-edge.spec.ts:4:1 › privacy page keeps the customers link when the destination permission is present
2026-10-10T10:02:49.8422561Z [382/406] [firefox] › tests/ui021-permission-edge.spec.ts:19:1 › privacy page hides the customers link when the destination permission is missing
2026-10-10T10:02:54.0061521Z [383/406] [firefox] › tests/ui028-w24-inbox-layout.spec.ts:15:1 › UI028.W24 Inbox spacing roles remain consistent across breakpoints without losing draft state
2026-10-10T10:03:05.9996183Z [384/406] [firefox] › tests/ui028-w25-reports-layout.spec.ts:16:1 › UI028.W25 Reports semantic spacing stays stable at mobile, tablet and desktop widths
2026-10-10T10:03:27.8628309Z [385/406] [firefox] › tests/ui028-w25-reports-layout.spec.ts:123:1 › UI028.W25 authorized report download link retains its 44px hit target
2026-10-10T10:03:34.2268730Z [386/406] [firefox] › tests/ui028-w28-routes.spec.ts:47:5 › UI028.W28 61 canonical routes render with measured 390px layout geometry
2026-10-10T10:05:05.2109626Z [firefox] › tests/ui028-w28-routes.spec.ts:47:5 › UI028.W28 61 canonical routes render with measured 390px layout geometry
2026-10-10T10:05:05.2114557Z [w28-route-geometry] {"browser":"firefox","width":390,"routes":61,"issues":0,"pageErrors":0,"evidence":"evidence/frontend-ui-improvements/UI028/W28/route-geometry-firefox-390-current-20261010-100111-32114.json"}
2026-10-10T10:05:05.2117720Z 
2026-10-10T10:05:05.2563357Z [387/406] [firefox] › tests/ui028-w28-routes.spec.ts:47:5 › UI028.W28 61 canonical routes render with measured 1440px layout geometry
2026-10-10T10:06:23.1068288Z [firefox] › tests/ui028-w28-routes.spec.ts:47:5 › UI028.W28 61 canonical routes render with measured 1440px layout geometry
2026-10-10T10:06:23.1073265Z [w28-route-geometry] {"browser":"firefox","width":1440,"routes":61,"issues":0,"pageErrors":0,"evidence":"evidence/frontend-ui-improvements/UI028/W28/route-geometry-firefox-1440-current-20261010-100111-32114.json"}
2026-10-10T10:06:23.1074429Z 
2026-10-10T10:06:23.1845729Z [388/406] [firefox] › tests/ui028-w29-reflow.spec.ts:30:5 › UI028.W29 320px reflow retains representative actions and contains overflow
2026-10-10T10:06:36.0043486Z [firefox] › tests/ui028-w29-reflow.spec.ts:30:5 › UI028.W29 320px reflow retains representative actions and contains overflow
2026-10-10T10:06:36.0048031Z [w29-responsive-profile] {"browser":"firefox","width":320,"profiles":7,"issues":0,"pageErrors":0,"evidence":"evidence/frontend-ui-improvements/UI028/W29/responsive-profile-firefox-320-current-20261010-100111-32114.json"}
2026-10-10T10:06:36.0051096Z 
2026-10-10T10:06:36.0331955Z [389/406] [firefox] › tests/ui028-w29-reflow.spec.ts:30:5 › UI028.W29 390px reflow retains representative actions and contains overflow
2026-10-10T10:06:47.7173440Z [firefox] › tests/ui028-w29-reflow.spec.ts:30:5 › UI028.W29 390px reflow retains representative actions and contains overflow
2026-10-10T10:06:47.7195510Z [w29-responsive-profile] {"browser":"firefox","width":390,"profiles":7,"issues":0,"pageErrors":0,"evidence":"evidence/frontend-ui-improvements/UI028/W29/responsive-profile-firefox-390-current-20261010-100111-32114.json"}
2026-10-10T10:06:47.7216384Z 
2026-10-10T10:06:47.7505685Z [390/406] [firefox] › tests/ui028-w29-reflow.spec.ts:30:5 › UI028.W29 767px reflow retains representative actions and contains overflow
2026-10-10T10:06:59.5866097Z [firefox] › tests/ui028-w29-reflow.spec.ts:30:5 › UI028.W29 767px reflow retains representative actions and contains overflow
2026-10-10T10:06:59.5871508Z [w29-responsive-profile] {"browser":"firefox","width":767,"profiles":7,"issues":0,"pageErrors":0,"evidence":"evidence/frontend-ui-improvements/UI028/W29/responsive-profile-firefox-767-current-20261010-100111-32114.json"}
2026-10-10T10:06:59.5875249Z 
2026-10-10T10:06:59.6180673Z [391/406] [firefox] › tests/ui028-w29-reflow.spec.ts:30:5 › UI028.W29 768px reflow retains representative actions and contains overflow
2026-10-10T10:07:11.1663963Z [firefox] › tests/ui028-w29-reflow.spec.ts:30:5 › UI028.W29 768px reflow retains representative actions and contains overflow
2026-10-10T10:07:11.1667510Z [w29-responsive-profile] {"browser":"firefox","width":768,"profiles":7,"issues":0,"pageErrors":0,"evidence":"evidence/frontend-ui-improvements/UI028/W29/responsive-profile-firefox-768-current-20261010-100111-32114.json"}
2026-10-10T10:07:11.1668234Z 
2026-10-10T10:07:11.1945881Z [392/406] [firefox] › tests/ui028-w29-reflow.spec.ts:30:5 › UI028.W29 1024px reflow retains representative actions and contains overflow
2026-10-10T10:07:23.1725659Z [firefox] › tests/ui028-w29-reflow.spec.ts:30:5 › UI028.W29 1024px reflow retains representative actions and contains overflow
2026-10-10T10:07:23.1730892Z [w29-responsive-profile] {"browser":"firefox","width":1024,"profiles":7,"issues":0,"pageErrors":0,"evidence":"evidence/frontend-ui-improvements/UI028/W29/responsive-profile-firefox-1024-current-20261010-100111-32114.json"}
2026-10-10T10:07:23.1735711Z 
2026-10-10T10:07:23.2041011Z [393/406] [firefox] › tests/ui028-w29-reflow.spec.ts:30:5 › UI028.W29 1279px reflow retains representative actions and contains overflow
2026-10-10T10:07:34.5058341Z [firefox] › tests/ui028-w29-reflow.spec.ts:30:5 › UI028.W29 1279px reflow retains representative actions and contains overflow
2026-10-10T10:07:34.5062131Z [w29-responsive-profile] {"browser":"firefox","width":1279,"profiles":7,"issues":0,"pageErrors":0,"evidence":"evidence/frontend-ui-improvements/UI028/W29/responsive-profile-firefox-1279-current-20261010-100111-32114.json"}
2026-10-10T10:07:34.5063504Z 
2026-10-10T10:07:34.5417159Z [394/406] [firefox] › tests/ui028-w29-reflow.spec.ts:30:5 › UI028.W29 1280px reflow retains representative actions and contains overflow
2026-10-10T10:07:45.5459647Z [firefox] › tests/ui028-w29-reflow.spec.ts:30:5 › UI028.W29 1280px reflow retains representative actions and contains overflow
2026-10-10T10:07:45.5465132Z [w29-responsive-profile] {"browser":"firefox","width":1280,"profiles":7,"issues":0,"pageErrors":0,"evidence":"evidence/frontend-ui-improvements/UI028/W29/responsive-profile-firefox-1280-current-20261010-100111-32114.json"}
2026-10-10T10:07:45.5466238Z 
2026-10-10T10:07:45.5781208Z [395/406] [firefox] › tests/ui028-w29-reflow.spec.ts:30:5 › UI028.W29 1440px reflow retains representative actions and contains overflow
2026-10-10T10:07:56.1439099Z [firefox] › tests/ui028-w29-reflow.spec.ts:30:5 › UI028.W29 1440px reflow retains representative actions and contains overflow
2026-10-10T10:07:56.1443083Z [w29-responsive-profile] {"browser":"firefox","width":1440,"profiles":7,"issues":0,"pageErrors":0,"evidence":"evidence/frontend-ui-improvements/UI028/W29/responsive-profile-firefox-1440-current-20261010-100111-32114.json"}
2026-10-10T10:07:56.1446230Z 
2026-10-10T10:07:59.2584573Z [396/406] [firefox] › tests/ui028-w29-reflow.spec.ts:30:5 › UI028.W29 1920px reflow retains representative actions and contains overflow
2026-10-10T10:08:10.0896418Z [firefox] › tests/ui028-w29-reflow.spec.ts:30:5 › UI028.W29 1920px reflow retains representative actions and contains overflow
2026-10-10T10:08:10.0900861Z [w29-responsive-profile] {"browser":"firefox","width":1920,"profiles":7,"issues":0,"pageErrors":0,"evidence":"evidence/frontend-ui-improvements/UI028/W29/responsive-profile-firefox-1920-current-20261010-100111-32114.json"}
2026-10-10T10:08:10.0904044Z 
2026-10-10T10:08:10.1850839Z [397/406] [firefox] › tests/ui028-w30-stress.spec.ts:75:5 › UI028.W30 form-error-short: 200% text and spacing stress at 320x480
2026-10-10T10:08:13.5772291Z [firefox] › tests/ui028-w30-stress.spec.ts:75:5 › UI028.W30 form-error-short: 200% text and spacing stress at 320x480
2026-10-10T10:08:13.5776748Z [w30-stress] {"browser":"firefox","scenario":"form-error-short","viewport":{"width":320,"height":480},"scaledTextElements":55,"issues":0,"pageErrors":0,"evidence":"evidence/frontend-ui-improvements/UI028/W30/stress-firefox-form-error-short-current-20261010-100111-32114.json"}
2026-10-10T10:08:13.5777653Z 
2026-10-10T10:08:13.6011348Z [398/406] [firefox] › tests/ui028-w30-stress.spec.ts:75:5 › UI028.W30 mobile-menu-long-label: 200% text and spacing stress at 390x560
2026-10-10T10:08:16.1757110Z [firefox] › tests/ui028-w30-stress.spec.ts:75:5 › UI028.W30 mobile-menu-long-label: 200% text and spacing stress at 390x560
2026-10-10T10:08:16.1761142Z [w30-stress] {"browser":"firefox","scenario":"mobile-menu-long-label","viewport":{"width":390,"height":560},"scaledTextElements":148,"issues":0,"pageErrors":0,"evidence":"evidence/frontend-ui-improvements/UI028/W30/stress-firefox-mobile-menu-long-label-current-20261010-100111-32114.json"}
2026-10-10T10:08:16.1762027Z 
2026-10-10T10:08:16.2111892Z [399/406] [firefox] › tests/ui028-w30-stress.spec.ts:75:5 › UI028.W30 report-long-id: 200% text and spacing stress at 640x450
2026-10-10T10:08:18.2952710Z [firefox] › tests/ui028-w30-stress.spec.ts:75:5 › UI028.W30 report-long-id: 200% text and spacing stress at 640x450
2026-10-10T10:08:18.2957683Z [w30-stress] {"browser":"firefox","scenario":"report-long-id","viewport":{"width":640,"height":450},"scaledTextElements":32,"issues":0,"pageErrors":0,"evidence":"evidence/frontend-ui-improvements/UI028/W30/stress-firefox-report-long-id-current-20261010-100111-32114.json"}
2026-10-10T10:08:18.2959022Z 
2026-10-10T10:08:18.3183154Z [400/406] [firefox] › tests/ui028-w30-stress.spec.ts:75:5 › UI028.W30 inbox-long-composer: 200% text and spacing stress at 390x560
2026-10-10T10:08:20.1770580Z [firefox] › tests/ui028-w30-stress.spec.ts:75:5 › UI028.W30 inbox-long-composer: 200% text and spacing stress at 390x560
2026-10-10T10:08:20.1928479Z [w30-stress] {"browser":"firefox","scenario":"inbox-long-composer","viewport":{"width":390,"height":560},"scaledTextElements":71,"issues":0,"pageErrors":0,"evidence":"evidence/frontend-ui-improvements/UI028/W30/stress-firefox-inbox-long-composer-current-20261010-100111-32114.json"}
2026-10-10T10:08:20.2026018Z 
2026-10-10T10:08:20.2027213Z [401/406] [firefox] › tests/ui028-w30-stress.spec.ts:75:5 › UI028.W30 dialog-long-reason: 200% text and spacing stress at 320x480
2026-10-10T10:08:22.2810775Z [firefox] › tests/ui028-w30-stress.spec.ts:75:5 › UI028.W30 dialog-long-reason: 200% text and spacing stress at 320x480
2026-10-10T10:08:22.2817403Z [w30-stress] {"browser":"firefox","scenario":"dialog-long-reason","viewport":{"width":320,"height":480},"scaledTextElements":80,"issues":0,"pageErrors":0,"evidence":"evidence/frontend-ui-improvements/UI028/W30/stress-firefox-dialog-long-reason-current-20261010-100111-32114.json"}
2026-10-10T10:08:22.2818693Z 
2026-10-10T10:08:22.3639240Z [402/406] [firefox] › tests/vertical-slices/fe022-flows.spec.ts:38:1 › FE022.VS01 catalog → stock → order → prep keeps product, reservation, and order references linked
2026-10-10T10:08:30.3805823Z [403/406] [firefox] › tests/vertical-slices/fe022-flows.spec.ts:92:1 › FE022.VS02 procurement → approval → receipt → stock and payable preserves the purchase identity
2026-10-10T10:08:40.8675273Z [404/406] [firefox] › tests/vertical-slices/fe022-flows.spec.ts:168:1 › FE022.VS03 finance → reconciliation retains bank transaction and partial debt allocation
2026-10-10T10:08:45.7599169Z [405/406] [firefox] › tests/vertical-slices/fe022-flows.spec.ts:210:1 › FE022.VS04 inbox → knowledge draft → bot evaluation preserves feedback and revision source IDs
2026-10-10T10:08:54.6545483Z [406/406] [firefox] › tests/vertical-slices/fe022-flows.spec.ts:252:1 › FE022.S05 route and feature matrix covers canonical IDs with executed cases or explicit frontend gaps
2026-10-10T10:09:07.6525585Z   Slow test file: [firefox] › tests/states/route-error-composition.spec.ts (5.2m)
2026-10-10T10:09:07.6529764Z   Consider running tests from slow files in parallel. See: https://playwright.dev/docs/test-parallel
2026-10-10T10:09:07.6531965Z   1 failed
2026-10-10T10:09:07.6532691Z     [firefox] › tests/ui-toolbar-layout.spec.ts:33:1 › Shared Toolbar and demo tools keep labels clear when text doubles 
2026-10-10T10:09:07.6535271Z   405 passed (1.0h)
2026-10-10T10:09:07.8873105Z ##[error]Process completed with exit code 1.
2026-10-10T10:09:08.0072595Z ##[group]Run actions/upload-artifact@043fb46d1a93c77aae656e7c1c64a875d1fc6a0a
2026-10-10T10:09:08.0075157Z with:
2026-10-10T10:09:08.0077290Z   name: frontend-firefox-38039816312-1-31e129221935f45e73ea51a780148a97c23e336a
2026-10-10T10:09:08.0080144Z   path: BotSalesAI_Frontend/apps/web/dist/
BotSalesAI_Frontend/apps/web/dist-demo/
BotSalesAI_Frontend/test-results/

2026-10-10T10:09:08.0082415Z   if-no-files-found: ignore
2026-10-10T10:09:08.0082709Z   retention-days: 14
2026-10-10T10:09:08.0084767Z   compression-level: 6
2026-10-10T10:09:08.0086969Z   overwrite: false
2026-10-10T10:09:08.0089244Z   include-hidden-files: false
2026-10-10T10:09:08.0091510Z   archive: true
2026-10-10T10:09:08.0091778Z ##[endgroup]
2026-10-10T10:09:08.3446010Z Multiple search paths detected. Calculating the least common ancestor of all paths
2026-10-10T10:09:08.3457619Z The least common ancestor is /home/runner/work/Bot-AI-Ban-hang-FB/Bot-AI-Ban-hang-FB/BotSalesAI_Frontend. This will be the root directory of the artifact
2026-10-10T10:09:08.3458777Z With the provided path, there will be 77 files uploaded
2026-10-10T10:09:08.3463965Z Artifact name is valid!
2026-10-10T10:09:08.3464453Z Root directory input is valid!
2026-10-10T10:09:08.6861009Z Uploading artifact: frontend-firefox-38039816312-1-31e129221935f45e73ea51a780148a97c23e336a.zip
2026-10-10T10:09:08.6899478Z Beginning upload of artifact content to blob storage
2026-10-10T10:09:09.5659340Z Uploaded bytes 3100537
2026-10-10T10:09:09.6274281Z Finished uploading artifact content to blob storage!
2026-10-10T10:09:09.6278141Z SHA256 digest of uploaded artifact is c84dec9b03b2561453c640e6114f6e69c7341746e25876dfb81c0c7073b51423
2026-10-10T10:09:09.6280926Z Finalizing artifact upload
2026-10-10T10:09:09.9943690Z Artifact frontend-firefox-38039816312-1-31e129221935f45e73ea51a780148a97c23e336a successfully finalized. Artifact ID 11667525394
2026-10-10T10:09:09.9947992Z Artifact frontend-firefox-38039816312-1-31e129221935f45e73ea51a780148a97c23e336a has been successfully uploaded! Final size is 3100537 bytes. Artifact ID is 11667525394
2026-10-10T10:09:09.9951733Z Artifact download URL: https://github.com/LonelyTraderBay/Bot-AI-Ban-hang-FB/actions/runs/38039816312/artifacts/11667525394
2026-10-10T10:09:10.0359400Z Post job cleanup.
2026-10-10T10:09:10.1174502Z [command]/usr/bin/git version
2026-10-10T10:09:10.1279097Z git version 2.55.0
2026-10-10T10:09:10.1306335Z Temporarily overriding HOME='/home/runner/work/_temp/9fb7a730-b364-40af-9696-edc0fe89a8f1' before making global git config changes
2026-10-10T10:09:10.1309879Z Adding repository directory to the temporary git global config as a safe directory
2026-10-10T10:09:10.1315359Z [command]/usr/bin/git config --global --add safe.directory /home/runner/work/Bot-AI-Ban-hang-FB/Bot-AI-Ban-hang-FB
2026-10-10T10:09:10.1365918Z Removing SSH command configuration
2026-10-10T10:09:10.1369943Z [command]/usr/bin/git config --local --name-only --get-regexp core\.sshCommand
2026-10-10T10:09:10.1395806Z [command]/usr/bin/git submodule foreach --recursive sh -c "git config --local --name-only --get-regexp 'core\.sshCommand' && git config --local --unset-all 'core.sshCommand' || :"
2026-10-10T10:09:10.1778624Z Removing HTTP extra header
2026-10-10T10:09:10.1782308Z [command]/usr/bin/git config --local --name-only --get-regexp http\.https\:\/\/github\.com\/\.extraheader
2026-10-10T10:09:10.1809567Z [command]/usr/bin/git submodule foreach --recursive sh -c "git config --local --name-only --get-regexp 'http\.https\:\/\/github\.com\/\.extraheader' && git config --local --unset-all 'http.https://github.com/.extraheader' || :"
2026-10-10T10:09:10.2007887Z Removing includeIf entries pointing to credentials config files
2026-10-10T10:09:10.2012327Z [command]/usr/bin/git config --local --name-only --get-regexp ^includeIf\.gitdir:
2026-10-10T10:09:10.2035913Z includeif.gitdir:/home/runner/work/Bot-AI-Ban-hang-FB/Bot-AI-Ban-hang-FB/.git.path
2026-10-10T10:09:10.2039281Z includeif.gitdir:/home/runner/work/Bot-AI-Ban-hang-FB/Bot-AI-Ban-hang-FB/.git/worktrees/*.path
2026-10-10T10:09:10.2042102Z includeif.gitdir:/github/workspace/.git.path
2026-10-10T10:09:10.2044768Z includeif.gitdir:/github/workspace/.git/worktrees/*.path
2026-10-10T10:09:10.2050554Z [command]/usr/bin/git config --local --get-all includeif.gitdir:/home/runner/work/Bot-AI-Ban-hang-FB/Bot-AI-Ban-hang-FB/.git.path
2026-10-10T10:09:10.2063959Z /home/runner/work/_temp/git-credentials-198a52e4-3d9c-420d-9d10-eed6240c452e.config
2026-10-10T10:09:10.2075048Z [command]/usr/bin/git config --local --unset includeif.gitdir:/home/runner/work/Bot-AI-Ban-hang-FB/Bot-AI-Ban-hang-FB/.git.path \/home\/runner\/work\/_temp\/git\-credentials\-198a52e4\-3d9c\-420d\-9d10\-eed6240c452e\.config
2026-10-10T10:09:10.2111676Z [command]/usr/bin/git config --local --get-all includeif.gitdir:/home/runner/work/Bot-AI-Ban-hang-FB/Bot-AI-Ban-hang-FB/.git/worktrees/*.path
2026-10-10T10:09:10.2123103Z /home/runner/work/_temp/git-credentials-198a52e4-3d9c-420d-9d10-eed6240c452e.config
2026-10-10T10:09:10.2138868Z [command]/usr/bin/git config --local --unset includeif.gitdir:/home/runner/work/Bot-AI-Ban-hang-FB/Bot-AI-Ban-hang-FB/.git/worktrees/*.path \/home\/runner\/work\/_temp\/git\-credentials\-198a52e4\-3d9c\-420d\-9d10\-eed6240c452e\.config
2026-10-10T10:09:10.2164574Z [command]/usr/bin/git config --local --get-all includeif.gitdir:/github/workspace/.git.path
2026-10-10T10:09:10.2182358Z /github/runner_temp/git-credentials-198a52e4-3d9c-420d-9d10-eed6240c452e.config
2026-10-10T10:09:10.2188754Z [command]/usr/bin/git config --local --unset includeif.gitdir:/github/workspace/.git.path \/github\/runner_temp\/git\-credentials\-198a52e4\-3d9c\-420d\-9d10\-eed6240c452e\.config
2026-10-10T10:09:10.2216180Z [command]/usr/bin/git config --local --get-all includeif.gitdir:/github/workspace/.git/worktrees/*.path
2026-10-10T10:09:10.2234286Z /github/runner_temp/git-credentials-198a52e4-3d9c-420d-9d10-eed6240c452e.config
2026-10-10T10:09:10.2252525Z [command]/usr/bin/git config --local --unset includeif.gitdir:/github/workspace/.git/worktrees/*.path \/github\/runner_temp\/git\-credentials\-198a52e4\-3d9c\-420d\-9d10\-eed6240c452e\.config
2026-10-10T10:09:10.2275534Z [command]/usr/bin/git submodule foreach --recursive git config --local --show-origin --name-only --get-regexp remote.origin.url
2026-10-10T10:09:10.2467726Z Removing credentials config '/home/runner/work/_temp/git-credentials-198a52e4-3d9c-420d-9d10-eed6240c452e.config'
2026-10-10T10:09:10.2652447Z Cleaning up orphan processes
