2026-10-10T08:59:56.0005027Z Current runner version: '2.337.0'
2026-10-10T08:59:56.0041064Z ##[group]Runner Image Provisioner
2026-10-10T08:59:56.0042274Z Hosted Compute Agent
2026-10-10T08:59:56.0044182Z Version: 20261002.596
2026-10-10T08:59:56.0045318Z Commit: c3d12f3313a95f25162a1503be624f3b0617f8c0
2026-10-10T08:59:56.0046580Z Build Date: 2026-10-02T22:28:27Z
2026-10-10T08:59:56.0047777Z Worker ID: {d0995104-101b-4c47-aeb8-b8875be8a116}
2026-10-10T08:59:56.0048971Z Region: eastus
2026-10-10T08:59:56.0049993Z Cloud: Azure
2026-10-10T08:59:56.0050955Z ##[endgroup]
2026-10-10T08:59:56.0053265Z ##[group]Operating System
2026-10-10T08:59:56.0054605Z Ubuntu
2026-10-10T08:59:56.0055522Z 24.04.5
2026-10-10T08:59:56.0056359Z LTS
2026-10-10T08:59:56.0057203Z ##[endgroup]
2026-10-10T08:59:56.0058214Z ##[group]Runner Image
2026-10-10T08:59:56.0059207Z Image: ubuntu-24.04
2026-10-10T08:59:56.0060079Z Version: 20261004.327.1
2026-10-10T08:59:56.0062399Z Included Software: https://github.com/actions/runner-images/blob/ubuntu24/20261004.327/images/ubuntu/Ubuntu2404-Readme.md
2026-10-10T08:59:56.0065579Z Image Release: https://github.com/actions/runner-images/releases/tag/ubuntu24%2F20261004.327
2026-10-10T08:59:56.0067257Z ##[endgroup]
2026-10-10T08:59:56.0069203Z ##[group]GITHUB_TOKEN Permissions
2026-10-10T08:59:56.0072124Z Contents: read
2026-10-10T08:59:56.0073174Z Metadata: read
2026-10-10T08:59:56.0074313Z ##[endgroup]
2026-10-10T08:59:56.0077372Z Secret source: Actions
2026-10-10T08:59:56.0078857Z Cache mode: write
2026-10-10T08:59:56.0080426Z Prepare workflow directory
2026-10-10T08:59:56.0663992Z Prepare all required actions
2026-10-10T08:59:56.0734571Z Getting action download info
2026-10-10T08:59:56.2425256Z Download action repository 'actions/checkout@3d3c42e5aac5ba805825da76410c181273ba90b1' (SHA:3d3c42e5aac5ba805825da76410c181273ba90b1)
2026-10-10T08:59:56.3349144Z Download action repository 'actions/setup-node@820762786026740c76f36085b0efc47a31fe5020' (SHA:820762786026740c76f36085b0efc47a31fe5020)
2026-10-10T08:59:56.4188897Z Download action repository 'actions/upload-artifact@043fb46d1a93c77aae656e7c1c64a875d1fc6a0a' (SHA:043fb46d1a93c77aae656e7c1c64a875d1fc6a0a)
2026-10-10T08:59:56.6113365Z Complete job name: verify (chromium)
2026-10-10T08:59:56.6978585Z ##[group]Run actions/checkout@3d3c42e5aac5ba805825da76410c181273ba90b1
2026-10-10T08:59:56.6979663Z with:
2026-10-10T08:59:56.6980160Z   repository: LonelyTraderBay/Bot-AI-Ban-hang-FB
2026-10-10T08:59:56.6984509Z   token: ***
2026-10-10T08:59:56.6984955Z   ssh-strict: true
2026-10-10T08:59:56.6985404Z   ssh-user: git
2026-10-10T08:59:56.6985848Z   persist-credentials: true
2026-10-10T08:59:56.6986344Z   clean: true
2026-10-10T08:59:56.6986790Z   sparse-checkout-cone-mode: true
2026-10-10T08:59:56.6987307Z   fetch-depth: 1
2026-10-10T08:59:56.6987744Z   fetch-tags: false
2026-10-10T08:59:56.6988203Z   show-progress: true
2026-10-10T08:59:56.6988660Z   lfs: false
2026-10-10T08:59:56.6989076Z   submodules: false
2026-10-10T08:59:56.6989531Z   set-safe-directory: true
2026-10-10T08:59:56.6990062Z   allow-unsafe-pr-checkout: false
2026-10-10T08:59:56.6990855Z ##[endgroup]
2026-10-10T08:59:56.7967998Z Syncing repository: LonelyTraderBay/Bot-AI-Ban-hang-FB
2026-10-10T08:59:56.7970775Z ##[group]Getting Git version info
2026-10-10T08:59:56.7971938Z Working directory is '/home/runner/work/Bot-AI-Ban-hang-FB/Bot-AI-Ban-hang-FB'
2026-10-10T08:59:56.7974194Z [command]/usr/bin/git version
2026-10-10T08:59:56.8049524Z git version 2.55.0
2026-10-10T08:59:56.8073724Z ##[endgroup]
2026-10-10T08:59:56.8086535Z Temporarily overriding HOME='/home/runner/work/_temp/a5ef147d-4650-4c1e-91bf-ac0730531d3e' before making global git config changes
2026-10-10T08:59:56.8089162Z Adding repository directory to the temporary git global config as a safe directory
2026-10-10T08:59:56.8095382Z [command]/usr/bin/git config --global --add safe.directory /home/runner/work/Bot-AI-Ban-hang-FB/Bot-AI-Ban-hang-FB
2026-10-10T08:59:56.8158797Z Deleting the contents of '/home/runner/work/Bot-AI-Ban-hang-FB/Bot-AI-Ban-hang-FB'
2026-10-10T08:59:56.8162416Z ##[group]Determining repository object format
2026-10-10T08:59:56.8164682Z ##[endgroup]
2026-10-10T08:59:56.8165754Z ##[group]Initializing the repository
2026-10-10T08:59:56.8170040Z [command]/usr/bin/git init /home/runner/work/Bot-AI-Ban-hang-FB/Bot-AI-Ban-hang-FB
2026-10-10T08:59:56.8272009Z hint: Using 'master' as the name for the initial branch. This default branch name
2026-10-10T08:59:56.8274397Z hint: will change to "main" in Git 3.0. To configure the initial branch name
2026-10-10T08:59:56.8276260Z hint: to use in all of your new repositories, which will suppress this warning,
2026-10-10T08:59:56.8277690Z hint: call:
2026-10-10T08:59:56.8278485Z hint:
2026-10-10T08:59:56.8279386Z hint: 	git config --global init.defaultBranch <name>
2026-10-10T08:59:56.8280407Z hint:
2026-10-10T08:59:56.8284414Z hint: Names commonly chosen instead of 'master' are 'main', 'trunk' and
2026-10-10T08:59:56.8286302Z hint: 'development'. The just-created branch can be renamed via this command:
2026-10-10T08:59:56.8287879Z hint:
2026-10-10T08:59:56.8289222Z hint: 	git branch -m <name>
2026-10-10T08:59:56.8290392Z hint:
2026-10-10T08:59:56.8291645Z hint: Disable this message with "git config set advice.defaultBranchName false"
2026-10-10T08:59:56.8293734Z Initialized empty Git repository in /home/runner/work/Bot-AI-Ban-hang-FB/Bot-AI-Ban-hang-FB/.git/
2026-10-10T08:59:56.8296444Z [command]/usr/bin/git remote add origin https://github.com/LonelyTraderBay/Bot-AI-Ban-hang-FB
2026-10-10T08:59:56.8344750Z ##[endgroup]
2026-10-10T08:59:56.8345914Z ##[group]Disabling automatic garbage collection
2026-10-10T08:59:56.8349608Z [command]/usr/bin/git config --local gc.auto 0
2026-10-10T08:59:56.8383365Z ##[endgroup]
2026-10-10T08:59:56.8385464Z ##[group]Setting up auth
2026-10-10T08:59:56.8386523Z Removing SSH command configuration
2026-10-10T08:59:56.8389858Z [command]/usr/bin/git config --local --name-only --get-regexp core\.sshCommand
2026-10-10T08:59:56.8430308Z [command]/usr/bin/git submodule foreach --recursive sh -c "git config --local --name-only --get-regexp 'core\.sshCommand' && git config --local --unset-all 'core.sshCommand' || :"
2026-10-10T08:59:56.8808290Z Removing HTTP extra header
2026-10-10T08:59:56.8817410Z [command]/usr/bin/git config --local --name-only --get-regexp http\.https\:\/\/github\.com\/\.extraheader
2026-10-10T08:59:56.8858351Z [command]/usr/bin/git submodule foreach --recursive sh -c "git config --local --name-only --get-regexp 'http\.https\:\/\/github\.com\/\.extraheader' && git config --local --unset-all 'http.https://github.com/.extraheader' || :"
2026-10-10T08:59:56.9086162Z Removing includeIf entries pointing to credentials config files
2026-10-10T08:59:56.9090911Z [command]/usr/bin/git config --local --name-only --get-regexp ^includeIf\.gitdir:
2026-10-10T08:59:56.9127011Z [command]/usr/bin/git submodule foreach --recursive git config --local --show-origin --name-only --get-regexp remote.origin.url
2026-10-10T08:59:56.9360361Z [command]/usr/bin/git config --file /home/runner/work/_temp/git-credentials-0bbc3393-dd69-4699-ae04-020420a66f31.config http.https://github.com/.extraheader AUTHORIZATION: basic ***
2026-10-10T08:59:56.9403344Z [command]/usr/bin/git config --local includeIf.gitdir:/home/runner/work/Bot-AI-Ban-hang-FB/Bot-AI-Ban-hang-FB/.git.path /home/runner/work/_temp/git-credentials-0bbc3393-dd69-4699-ae04-020420a66f31.config
2026-10-10T08:59:56.9438205Z [command]/usr/bin/git config --local includeIf.gitdir:/home/runner/work/Bot-AI-Ban-hang-FB/Bot-AI-Ban-hang-FB/.git/worktrees/*.path /home/runner/work/_temp/git-credentials-0bbc3393-dd69-4699-ae04-020420a66f31.config
2026-10-10T08:59:56.9476965Z [command]/usr/bin/git config --local includeIf.gitdir:/github/workspace/.git.path /github/runner_temp/git-credentials-0bbc3393-dd69-4699-ae04-020420a66f31.config
2026-10-10T08:59:56.9599676Z [command]/usr/bin/git config --local includeIf.gitdir:/github/workspace/.git/worktrees/*.path /github/runner_temp/git-credentials-0bbc3393-dd69-4699-ae04-020420a66f31.config
2026-10-10T08:59:56.9604860Z ##[endgroup]
2026-10-10T08:59:56.9606862Z ##[group]Fetching the repository
2026-10-10T08:59:56.9610264Z [command]/usr/bin/git -c protocol.version=2 fetch --no-tags --prune --no-recurse-submodules --depth=1 origin +31e129221935f45e73ea51a780148a97c23e336a:refs/remotes/origin/main
2026-10-10T09:00:09.3389369Z From https://github.com/LonelyTraderBay/Bot-AI-Ban-hang-FB
2026-10-10T09:00:09.3390513Z  * [new ref]         31e129221935f45e73ea51a780148a97c23e336a -> origin/main
2026-10-10T09:00:09.3399889Z [command]/usr/bin/git branch --list --remote origin/main
2026-10-10T09:00:09.3429677Z   origin/main
2026-10-10T09:00:09.3437912Z [command]/usr/bin/git rev-parse refs/remotes/origin/main
2026-10-10T09:00:09.3464944Z 31e129221935f45e73ea51a780148a97c23e336a
2026-10-10T09:00:09.3469053Z ##[endgroup]
2026-10-10T09:00:09.3469636Z ##[group]Determining the checkout info
2026-10-10T09:00:09.3470463Z ##[endgroup]
2026-10-10T09:00:09.3474900Z [command]/usr/bin/git sparse-checkout disable
2026-10-10T09:00:09.3574616Z [command]/usr/bin/git config --local --unset-all extensions.worktreeConfig
2026-10-10T09:00:09.3609378Z ##[group]Checking out the ref
2026-10-10T09:00:09.3614717Z [command]/usr/bin/git checkout --progress --force -B main refs/remotes/origin/main
2026-10-10T09:00:10.4819981Z Updating files:  27% (5725/20908)
2026-10-10T09:00:10.6605668Z Updating files:  28% (5855/20908)
2026-10-10T09:00:10.7419853Z Updating files:  29% (6064/20908)
2026-10-10T09:00:10.8288556Z Updating files:  30% (6273/20908)
2026-10-10T09:00:10.8841139Z Updating files:  31% (6482/20908)
2026-10-10T09:00:10.9050251Z Updating files:  32% (6691/20908)
2026-10-10T09:00:10.9793745Z Updating files:  33% (6900/20908)
2026-10-10T09:00:11.1069496Z Updating files:  34% (7109/20908)
2026-10-10T09:00:11.1374849Z Updating files:  35% (7318/20908)
2026-10-10T09:00:11.1902208Z Updating files:  36% (7527/20908)
2026-10-10T09:00:11.2465142Z Updating files:  37% (7736/20908)
2026-10-10T09:00:11.2981593Z Updating files:  38% (7946/20908)
2026-10-10T09:00:11.3635254Z Updating files:  39% (8155/20908)
2026-10-10T09:00:11.3813147Z Updating files:  40% (8364/20908)
2026-10-10T09:00:11.3925697Z Updating files:  40% (8470/20908)
2026-10-10T09:00:11.4292352Z Updating files:  41% (8573/20908)
2026-10-10T09:00:11.4801258Z Updating files:  42% (8782/20908)
2026-10-10T09:00:11.5318375Z Updating files:  43% (8991/20908)
2026-10-10T09:00:11.5781230Z Updating files:  44% (9200/20908)
2026-10-10T09:00:11.6221525Z Updating files:  45% (9409/20908)
2026-10-10T09:00:11.6316189Z Updating files:  46% (9618/20908)
2026-10-10T09:00:11.6396943Z Updating files:  47% (9827/20908)
2026-10-10T09:00:11.6773952Z Updating files:  48% (10036/20908)
2026-10-10T09:00:11.6926492Z Updating files:  49% (10245/20908)
2026-10-10T09:00:11.7346501Z Updating files:  50% (10454/20908)
2026-10-10T09:00:11.7469079Z Updating files:  51% (10664/20908)
2026-10-10T09:00:11.7571863Z Updating files:  52% (10873/20908)
2026-10-10T09:00:11.7660182Z Updating files:  53% (11082/20908)
2026-10-10T09:00:11.8388554Z Updating files:  54% (11291/20908)
2026-10-10T09:00:11.8632970Z Updating files:  55% (11500/20908)
2026-10-10T09:00:11.8997429Z Updating files:  56% (11709/20908)
2026-10-10T09:00:11.9635419Z Updating files:  57% (11918/20908)
2026-10-10T09:00:12.0098624Z Updating files:  58% (12127/20908)
2026-10-10T09:00:12.0500647Z Updating files:  59% (12336/20908)
2026-10-10T09:00:12.2607937Z Updating files:  60% (12545/20908)
2026-10-10T09:00:12.3708887Z Updating files:  61% (12754/20908)
2026-10-10T09:00:12.3813853Z Updating files:  62% (12963/20908)
2026-10-10T09:00:12.3922989Z Updating files:  62% (13076/20908)
2026-10-10T09:00:12.4133567Z Updating files:  63% (13173/20908)
2026-10-10T09:00:12.4292525Z Updating files:  64% (13382/20908)
2026-10-10T09:00:12.4503627Z Updating files:  65% (13591/20908)
2026-10-10T09:00:12.4659537Z Updating files:  66% (13800/20908)
2026-10-10T09:00:12.4785688Z Updating files:  67% (14009/20908)
2026-10-10T09:00:12.4911854Z Updating files:  68% (14218/20908)
2026-10-10T09:00:12.5020220Z Updating files:  69% (14427/20908)
2026-10-10T09:00:12.5149055Z Updating files:  70% (14636/20908)
2026-10-10T09:00:12.5280628Z Updating files:  71% (14845/20908)
2026-10-10T09:00:12.5557956Z Updating files:  72% (15054/20908)
2026-10-10T09:00:12.5751314Z Updating files:  73% (15263/20908)
2026-10-10T09:00:12.5905839Z Updating files:  74% (15472/20908)
2026-10-10T09:00:12.6074945Z Updating files:  75% (15681/20908)
2026-10-10T09:00:12.6218751Z Updating files:  76% (15891/20908)
2026-10-10T09:00:12.6361945Z Updating files:  77% (16100/20908)
2026-10-10T09:00:12.6496847Z Updating files:  78% (16309/20908)
2026-10-10T09:00:12.6636123Z Updating files:  79% (16518/20908)
2026-10-10T09:00:12.6766882Z Updating files:  80% (16727/20908)
2026-10-10T09:00:12.6892993Z Updating files:  81% (16936/20908)
2026-10-10T09:00:12.7021508Z Updating files:  82% (17145/20908)
2026-10-10T09:00:12.7155230Z Updating files:  83% (17354/20908)
2026-10-10T09:00:12.7296861Z Updating files:  84% (17563/20908)
2026-10-10T09:00:12.7447709Z Updating files:  85% (17772/20908)
2026-10-10T09:00:12.7580453Z Updating files:  86% (17981/20908)
2026-10-10T09:00:12.7709715Z Updating files:  87% (18190/20908)
2026-10-10T09:00:12.7835413Z Updating files:  88% (18400/20908)
2026-10-10T09:00:12.7966665Z Updating files:  89% (18609/20908)
2026-10-10T09:00:12.8092747Z Updating files:  90% (18818/20908)
2026-10-10T09:00:12.8221737Z Updating files:  91% (19027/20908)
2026-10-10T09:00:12.8359151Z Updating files:  92% (19236/20908)
2026-10-10T09:00:12.8480162Z Updating files:  93% (19445/20908)
2026-10-10T09:00:12.8661277Z Updating files:  94% (19654/20908)
2026-10-10T09:00:12.8791452Z Updating files:  95% (19863/20908)
2026-10-10T09:00:12.8943549Z Updating files:  96% (20072/20908)
2026-10-10T09:00:12.9375532Z Updating files:  97% (20281/20908)
2026-10-10T09:00:12.9546097Z Updating files:  98% (20490/20908)
2026-10-10T09:00:13.0008566Z Updating files:  99% (20699/20908)
2026-10-10T09:00:13.0009021Z Updating files: 100% (20908/20908)
2026-10-10T09:00:13.0009436Z Updating files: 100% (20908/20908), done.
2026-10-10T09:00:13.0242078Z Switched to a new branch 'main'
2026-10-10T09:00:13.0248422Z branch 'main' set up to track 'origin/main'.
2026-10-10T09:00:13.0364728Z ##[endgroup]
2026-10-10T09:00:13.0414072Z [command]/usr/bin/git log -1 --format=%H
2026-10-10T09:00:13.0443423Z 31e129221935f45e73ea51a780148a97c23e336a
2026-10-10T09:00:13.0708727Z ##[group]Run actions/setup-node@820762786026740c76f36085b0efc47a31fe5020
2026-10-10T09:00:13.0709135Z with:
2026-10-10T09:00:13.0709334Z   node-version: 24
2026-10-10T09:00:13.0709547Z   cache: npm
2026-10-10T09:00:13.0709833Z   cache-dependency-path: BotSalesAI_Frontend/package-lock.json
2026-10-10T09:00:13.0710184Z   check-latest: false
2026-10-10T09:00:13.0712847Z   token: ***
2026-10-10T09:00:13.0713079Z   package-manager-cache: true
2026-10-10T09:00:13.0713332Z ##[endgroup]
2026-10-10T09:00:13.2000595Z Found in cache @ /opt/hostedtoolcache/node/24.21.0/x64
2026-10-10T09:00:13.2005171Z ##[group]Environment details
2026-10-10T09:00:13.6187792Z node: v24.21.0
2026-10-10T09:00:13.6188291Z npm: 11.19.0
2026-10-10T09:00:13.6188669Z yarn: 1.22.22
2026-10-10T09:00:13.6190146Z ##[endgroup]
2026-10-10T09:00:13.6207901Z [command]/opt/hostedtoolcache/node/24.21.0/x64/bin/npm config get cache
2026-10-10T09:00:13.7305688Z /home/runner/.npm
2026-10-10T09:00:13.8080949Z Cache hit for: node-cache-Linux-x64-npm-59940755336ccebfb01608b4b67032f886f15c0a5419cadf1ab2b1b289ed121c
2026-10-10T09:00:14.1980656Z Received 47017133 of 47017133 (100.0%), 138.4 MBs/sec
2026-10-10T09:00:14.1981888Z Cache Size: ~45 MB (47017133 B)
2026-10-10T09:00:14.2027063Z [command]/usr/bin/tar -xf /home/runner/work/_temp/8a3db8b5-2c74-4675-9bac-61e6d67ba4aa/cache.tzst -P -C /home/runner/work/Bot-AI-Ban-hang-FB/Bot-AI-Ban-hang-FB --use-compress-program unzstd
2026-10-10T09:00:14.3767837Z Cache restored successfully
2026-10-10T09:00:14.3797699Z Cache restored from key: node-cache-Linux-x64-npm-59940755336ccebfb01608b4b67032f886f15c0a5419cadf1ab2b1b289ed121c
2026-10-10T09:00:14.3967645Z ##[group]Run npm install --global npm@11.17.0
2026-10-10T09:00:14.3968282Z [36;1mnpm install --global npm@11.17.0[0m
2026-10-10T09:00:14.4221795Z shell: /usr/bin/bash -e {0}
2026-10-10T09:00:14.4222156Z ##[endgroup]
2026-10-10T09:00:16.7094124Z 
2026-10-10T09:00:16.7101511Z changed 19 packages in 2s
2026-10-10T09:00:16.7113598Z 
2026-10-10T09:00:16.7114313Z 15 packages are looking for funding
2026-10-10T09:00:16.7114912Z   run `npm fund` for details
2026-10-10T09:00:16.7661997Z ##[group]Run test -f package-lock.json || (echo 'Run npm install on an authorized online machine and commit the generated lockfile.' && exit 1)
2026-10-10T09:00:16.7663968Z [36;1mtest -f package-lock.json || (echo 'Run npm install on an authorized online machine and commit the generated lockfile.' && exit 1)[0m
2026-10-10T09:00:16.7748185Z shell: /usr/bin/bash -e {0}
2026-10-10T09:00:16.7748522Z ##[endgroup]
2026-10-10T09:00:16.7865618Z ##[group]Run npm ci
2026-10-10T09:00:16.7865886Z [36;1mnpm ci[0m
2026-10-10T09:00:16.7925355Z shell: /usr/bin/bash -e {0}
2026-10-10T09:00:16.7925655Z ##[endgroup]
2026-10-10T09:00:19.5459864Z npm warn deprecated whatwg-encoding@3.1.1: Use @exodus/bytes instead for a more spec-conformant and faster implementation
2026-10-10T09:00:22.9466264Z npm warn deprecated eslint@9.34.0: This version is no longer supported. Please see https://eslint.org/version-support for other options.
2026-10-10T09:00:32.1323007Z 
2026-10-10T09:00:32.1324095Z added 411 packages, and audited 413 packages in 15s
2026-10-10T09:00:32.1324484Z 
2026-10-10T09:00:32.1324987Z 86 packages are looking for funding
2026-10-10T09:00:32.1328120Z   run `npm fund` for details
2026-10-10T09:00:32.1337931Z 
2026-10-10T09:00:32.1338251Z found 0 vulnerabilities
2026-10-10T09:00:32.1350390Z npm warn allow-scripts 2 packages have install scripts not yet covered by allowScripts:
2026-10-10T09:00:32.1351676Z npm warn allow-scripts   esbuild@0.28.2 (postinstall: node install.js)
2026-10-10T09:00:32.1353411Z npm warn allow-scripts   msw@2.11.1 (postinstall: node -e "import('./config/scripts/postinstall.js').catch(() => void 0)")
2026-10-10T09:00:32.1354965Z npm warn allow-scripts
2026-10-10T09:00:32.1356509Z npm warn allow-scripts Run `npm approve-scripts --allow-scripts-pending` to review, or `npm approve-scripts <pkg>` to allow.
2026-10-10T09:00:32.2020865Z ##[group]Run npm audit --audit-level=low
2026-10-10T09:00:32.2021239Z [36;1mnpm audit --audit-level=low[0m
2026-10-10T09:00:32.2087832Z shell: /usr/bin/bash -e {0}
2026-10-10T09:00:32.2088111Z ##[endgroup]
2026-10-10T09:00:32.6883501Z found 0 vulnerabilities
2026-10-10T09:00:32.7021852Z ##[group]Run npm run setup
2026-10-10T09:00:32.7041771Z [36;1mnpm run setup[0m
2026-10-10T09:00:32.7125783Z shell: /usr/bin/bash -e {0}
2026-10-10T09:00:32.7126065Z ##[endgroup]
2026-10-10T09:00:32.8186416Z 
2026-10-10T09:00:32.8187210Z > botsales-frontend@0.1.0 setup
2026-10-10T09:00:32.8187869Z > node scripts/setup.mjs
2026-10-10T09:00:32.8188168Z 
2026-10-10T09:00:33.0287255Z {"status":"PASS","outputs":15,"schemas":346,"operations":245,"routes":61}
2026-10-10T09:00:33.1226313Z Copying the worker script at "/home/runner/work/Bot-AI-Ban-hang-FB/Bot-AI-Ban-hang-FB/BotSalesAI_Frontend/apps/web/public"...
2026-10-10T09:00:33.1271141Z 
2026-10-10T09:00:33.1271984Z [32mWorker script successfully copied![39m
2026-10-10T09:00:33.1272432Z [90m  - public
2026-10-10T09:00:33.1272712Z [39m
2026-10-10T09:00:33.1273115Z Continue by describing the network in your application:
2026-10-10T09:00:33.1273420Z 
2026-10-10T09:00:33.1273427Z 
2026-10-10T09:00:33.1274317Z [31m[1mhttps://mswjs.io/docs/quick-start[22m[39m
2026-10-10T09:00:33.1274621Z 
2026-10-10T09:00:33.1338376Z Thiết lập xong. npm run dev chạy frontend mô phỏng; không kết nối khách hàng hoặc provider thật.
2026-10-10T09:00:33.1496710Z ##[group]Run npx playwright install --with-deps chromium firefox
2026-10-10T09:00:33.1497611Z [36;1mnpx playwright install --with-deps chromium firefox[0m
2026-10-10T09:00:33.1589117Z shell: /usr/bin/bash -e {0}
2026-10-10T09:00:33.1589838Z ##[endgroup]
2026-10-10T09:00:33.9049962Z Installing dependencies...
2026-10-10T09:00:33.9135706Z Switching to root user to install dependencies...
2026-10-10T09:00:34.0098747Z Get:1 file:/etc/apt/apt-mirrors.txt Mirrorlist [144 B]
2026-10-10T09:00:34.0337847Z Get:6 https://packages.microsoft.com/ubuntu/24.04/prod noble InRelease [3600 B]
2026-10-10T09:00:34.0450094Z Hit:2 http://azure.archive.ubuntu.com/ubuntu noble InRelease
2026-10-10T09:00:34.0464144Z Get:3 http://azure.archive.ubuntu.com/ubuntu noble-updates InRelease [126 kB]
2026-10-10T09:00:34.0491221Z Get:4 http://azure.archive.ubuntu.com/ubuntu noble-backports InRelease [126 kB]
2026-10-10T09:00:34.0526130Z Get:5 http://azure.archive.ubuntu.com/ubuntu noble-security InRelease [126 kB]
2026-10-10T09:00:34.1140590Z Get:7 https://packages.microsoft.com/ubuntu/24.04/prod noble/main armhf Packages [12.3 kB]
2026-10-10T09:00:34.1283235Z Get:8 https://packages.microsoft.com/ubuntu/24.04/prod noble/main arm64 Packages [492 kB]
2026-10-10T09:00:34.1354907Z Get:9 https://packages.microsoft.com/ubuntu/24.04/prod noble/main all Packages [640 B]
2026-10-10T09:00:34.1384320Z Get:10 https://packages.microsoft.com/ubuntu/24.04/prod noble/main amd64 Packages [548 kB]
2026-10-10T09:00:34.2247630Z Get:11 http://azure.archive.ubuntu.com/ubuntu noble-updates/main amd64 Packages [1375 kB]
2026-10-10T09:00:34.2331523Z Get:12 http://azure.archive.ubuntu.com/ubuntu noble-updates/main Translation-en [306 kB]
2026-10-10T09:00:34.2337042Z Get:13 http://azure.archive.ubuntu.com/ubuntu noble-updates/universe amd64 Packages [1702 kB]
2026-10-10T09:00:34.2425303Z Get:14 http://azure.archive.ubuntu.com/ubuntu noble-updates/universe Translation-en [342 kB]
2026-10-10T09:00:34.2446861Z Get:15 http://azure.archive.ubuntu.com/ubuntu noble-updates/restricted amd64 Packages [1761 kB]
2026-10-10T09:00:34.2546798Z Get:16 http://azure.archive.ubuntu.com/ubuntu noble-updates/restricted Translation-en [401 kB]
2026-10-10T09:00:34.2578790Z Get:17 http://azure.archive.ubuntu.com/ubuntu noble-updates/multiverse amd64 Packages [55.0 kB]
2026-10-10T09:00:34.2582752Z Get:18 http://azure.archive.ubuntu.com/ubuntu noble-updates/multiverse Translation-en [14.3 kB]
2026-10-10T09:00:34.3360230Z Get:19 http://azure.archive.ubuntu.com/ubuntu noble-security/main amd64 Packages [1121 kB]
2026-10-10T09:00:34.3425644Z Get:20 http://azure.archive.ubuntu.com/ubuntu noble-security/main Translation-en [228 kB]
2026-10-10T09:00:34.3896963Z Get:21 http://azure.archive.ubuntu.com/ubuntu noble-security/universe amd64 Packages [1220 kB]
2026-10-10T09:00:34.3955009Z Get:22 http://azure.archive.ubuntu.com/ubuntu noble-security/universe Translation-en [245 kB]
2026-10-10T09:00:34.3963729Z Get:23 http://azure.archive.ubuntu.com/ubuntu noble-security/restricted amd64 Packages [1669 kB]
2026-10-10T09:00:34.4045496Z Get:24 http://azure.archive.ubuntu.com/ubuntu noble-security/restricted Translation-en [383 kB]
2026-10-10T09:00:34.4074338Z Get:25 http://azure.archive.ubuntu.com/ubuntu noble-security/multiverse amd64 Packages [49.8 kB]
2026-10-10T09:00:34.4081931Z Get:26 http://azure.archive.ubuntu.com/ubuntu noble-security/multiverse Translation-en [12.4 kB]
2026-10-10T09:00:37.3407203Z Fetched 12.3 MB in 1s (9765 kB/s)
2026-10-10T09:00:38.2038669Z Reading package lists...
2026-10-10T09:00:38.2282609Z Reading package lists...
2026-10-10T09:00:38.4251728Z Building dependency tree...
2026-10-10T09:00:38.4259612Z Reading state information...
2026-10-10T09:00:38.5853366Z libasound2t64 is already the newest version (1.2.11-1ubuntu0.3).
2026-10-10T09:00:38.5854795Z libasound2t64 set to manually installed.
2026-10-10T09:00:38.5855694Z libatk-bridge2.0-0t64 is already the newest version (2.52.0-1build1).
2026-10-10T09:00:38.5857393Z libatk-bridge2.0-0t64 set to manually installed.
2026-10-10T09:00:38.5858341Z libatk1.0-0t64 is already the newest version (2.52.0-1build1).
2026-10-10T09:00:38.5859105Z libatk1.0-0t64 set to manually installed.
2026-10-10T09:00:38.5859893Z libatspi2.0-0t64 is already the newest version (2.52.0-1build1).
2026-10-10T09:00:38.5860967Z libatspi2.0-0t64 set to manually installed.
2026-10-10T09:00:38.5861763Z libcairo2 is already the newest version (1.18.0-3build1).
2026-10-10T09:00:38.5862521Z libcairo2 set to manually installed.
2026-10-10T09:00:38.5863254Z libcups2t64 is already the newest version (2.4.7-1.2ubuntu7.14).
2026-10-10T09:00:38.5864247Z libcups2t64 set to manually installed.
2026-10-10T09:00:38.5864966Z libdbus-1-3 is already the newest version (1.14.10-4ubuntu4.1).
2026-10-10T09:00:38.5865747Z libdbus-1-3 set to manually installed.
2026-10-10T09:00:38.5866567Z libdrm2 is already the newest version (2.4.125-1ubuntu0.1~24.04.2).
2026-10-10T09:00:38.5867256Z libdrm2 set to manually installed.
2026-10-10T09:00:38.5868056Z libgbm1 is already the newest version (25.2.8-0ubuntu0.24.04.4).
2026-10-10T09:00:38.5868794Z libgbm1 set to manually installed.
2026-10-10T09:00:38.5869491Z libglib2.0-0t64 is already the newest version (2.80.0-6ubuntu3.9).
2026-10-10T09:00:38.5870204Z libglib2.0-0t64 set to manually installed.
2026-10-10T09:00:38.5870915Z libnspr4 is already the newest version (2:4.35-1.1build1).
2026-10-10T09:00:38.5871545Z libnspr4 set to manually installed.
2026-10-10T09:00:38.5872175Z libnss3 is already the newest version (2:3.98-1ubuntu0.2).
2026-10-10T09:00:38.5872718Z libnss3 set to manually installed.
2026-10-10T09:00:38.5873169Z libpango-1.0-0 is already the newest version (1.52.1+ds-1build1).
2026-10-10T09:00:38.5874152Z libpango-1.0-0 set to manually installed.
2026-10-10T09:00:38.5874941Z libx11-6 is already the newest version (2:1.8.7-1build1).
2026-10-10T09:00:38.5875646Z libx11-6 set to manually installed.
2026-10-10T09:00:38.5876178Z libxcb1 is already the newest version (1.15-1ubuntu2).
2026-10-10T09:00:38.5876581Z libxcb1 set to manually installed.
2026-10-10T09:00:38.5877017Z libxcomposite1 is already the newest version (1:0.4.5-1build3).
2026-10-10T09:00:38.5877450Z libxcomposite1 set to manually installed.
2026-10-10T09:00:38.5877876Z libxdamage1 is already the newest version (1:1.1.6-1build1).
2026-10-10T09:00:38.5878499Z libxdamage1 set to manually installed.
2026-10-10T09:00:38.5879234Z libxext6 is already the newest version (2:1.3.4-1build2).
2026-10-10T09:00:38.5879885Z libxext6 set to manually installed.
2026-10-10T09:00:38.5880287Z libxfixes3 is already the newest version (1:6.0.0-2build1).
2026-10-10T09:00:38.5880769Z libxfixes3 set to manually installed.
2026-10-10T09:00:38.5881457Z libxkbcommon0 is already the newest version (1.6.0-1build1).
2026-10-10T09:00:38.5882186Z libxkbcommon0 set to manually installed.
2026-10-10T09:00:38.5882950Z libxrandr2 is already the newest version (2:1.5.2-2build1).
2026-10-10T09:00:38.5883865Z libxrandr2 set to manually installed.
2026-10-10T09:00:38.5884519Z xvfb is already the newest version (2:21.1.12-1ubuntu1.8).
2026-10-10T09:00:38.5885095Z fonts-noto-color-emoji is already the newest version (2.047-0ubuntu0.24.04.1).
2026-10-10T09:00:38.5885677Z libfontconfig1 is already the newest version (2.15.0-1.1ubuntu2).
2026-10-10T09:00:38.5886108Z libfontconfig1 set to manually installed.
2026-10-10T09:00:38.5886710Z fonts-liberation is already the newest version (1:2.1.5-3).
2026-10-10T09:00:38.5887527Z fonts-liberation set to manually installed.
2026-10-10T09:00:38.5888390Z libcairo-gobject2 is already the newest version (1.18.0-3build1).
2026-10-10T09:00:38.5889052Z libcairo-gobject2 set to manually installed.
2026-10-10T09:00:38.5889550Z libgdk-pixbuf-2.0-0 is already the newest version (2.42.10+dfsg-3ubuntu3.3).
2026-10-10T09:00:38.5890044Z libgdk-pixbuf-2.0-0 set to manually installed.
2026-10-10T09:00:38.5890510Z libgtk-3-0t64 is already the newest version (3.24.41-4ubuntu1.3).
2026-10-10T09:00:38.5891199Z libgtk-3-0t64 set to manually installed.
2026-10-10T09:00:38.5892449Z libpangocairo-1.0-0 is already the newest version (1.52.1+ds-1build1).
2026-10-10T09:00:38.5893346Z libpangocairo-1.0-0 set to manually installed.
2026-10-10T09:00:38.5894406Z libx11-xcb1 is already the newest version (2:1.8.7-1build1).
2026-10-10T09:00:38.5895142Z libx11-xcb1 set to manually installed.
2026-10-10T09:00:38.5896060Z libxcb-shm0 is already the newest version (1.15-1ubuntu2).
2026-10-10T09:00:38.5896753Z libxcb-shm0 set to manually installed.
2026-10-10T09:00:38.5897479Z libxcursor1 is already the newest version (1:1.2.1-1build1).
2026-10-10T09:00:38.5898170Z libxcursor1 set to manually installed.
2026-10-10T09:00:38.5898858Z libxi6 is already the newest version (2:1.8.1-1build1).
2026-10-10T09:00:38.5899520Z libxi6 set to manually installed.
2026-10-10T09:00:38.5900247Z libxrender1 is already the newest version (1:0.9.10-1.1build1).
2026-10-10T09:00:38.5901126Z libxrender1 set to manually installed.
2026-10-10T09:00:38.5901862Z The following additional packages will be installed:
2026-10-10T09:00:38.5902776Z   libavutil58 libcodec2-1.2 libdav1d7 libgsm1 libhwy1t64 libjxl0.7 libmp3lame0
2026-10-10T09:00:38.5904077Z   libopus0 librav1e0 librsvg2-2 libshine3 libsoxr0 libspeex1 libsvtav1enc1d1
2026-10-10T09:00:38.5905059Z   libswresample4 libtheora0 libtwolame0 libva-drm2 libva-x11-2 libva2
2026-10-10T09:00:38.5906064Z   libvdpau1 libvorbisenc2 libvpl2 libvpx9 libx264-164 libx265-199 libxvidcore4
2026-10-10T09:00:38.5907086Z   libzvbi-common libzvbi0t64 ocl-icd-libopencl1 xfonts-encodings xfonts-utils
2026-10-10T09:00:38.5907838Z Suggested packages:
2026-10-10T09:00:38.5908506Z   libcuda1 libnvcuvid1 libnvidia-encode1 opus-tools librsvg2-bin speex
2026-10-10T09:00:38.5909175Z   opencl-icd
2026-10-10T09:00:38.5909577Z Recommended packages:
2026-10-10T09:00:38.5910252Z   fonts-ipafont-mincho fonts-tlwg-loma librsvg2-common va-driver-all
2026-10-10T09:00:38.5911037Z   | va-driver vdpau-driver-all | vdpau-driver
2026-10-10T09:00:38.6190269Z The following NEW packages will be installed:
2026-10-10T09:00:38.6191308Z   fonts-freefont-ttf fonts-ipafont-gothic fonts-tlwg-loma-otf fonts-unifont
2026-10-10T09:00:38.6192452Z   fonts-wqy-zenhei libavcodec60 libavutil58 libcodec2-1.2 libdav1d7 libgsm1
2026-10-10T09:00:38.6199666Z   libhwy1t64 libjxl0.7 libmp3lame0 libopus0 librav1e0 librsvg2-2 libshine3
2026-10-10T09:00:38.6200545Z   libsoxr0 libspeex1 libsvtav1enc1d1 libswresample4 libtheora0 libtwolame0
2026-10-10T09:00:38.6201188Z   libva-drm2 libva-x11-2 libva2 libvdpau1 libvorbisenc2 libvpl2 libvpx9
2026-10-10T09:00:38.6201777Z   libx264-164 libx265-199 libxvidcore4 libzvbi-common libzvbi0t64
2026-10-10T09:00:38.6202362Z   ocl-icd-libopencl1 xfonts-cyrillic xfonts-encodings xfonts-scalable
2026-10-10T09:00:38.6202797Z   xfonts-utils
2026-10-10T09:00:38.6218503Z The following packages will be upgraded:
2026-10-10T09:00:38.6219025Z   libfreetype6
2026-10-10T09:00:38.6383569Z 1 upgraded, 40 newly installed, 0 to remove and 22 not upgraded.
2026-10-10T09:00:38.6384326Z Need to get 49.2 MB of archives.
2026-10-10T09:00:38.6384805Z After this operation, 168 MB of additional disk space will be used.
2026-10-10T09:00:38.6385317Z Get:1 file:/etc/apt/apt-mirrors.txt Mirrorlist [144 B]
2026-10-10T09:00:38.7584841Z Get:2 http://azure.archive.ubuntu.com/ubuntu noble/universe amd64 fonts-ipafont-gothic all 00303-21ubuntu1 [3513 kB]
2026-10-10T09:00:38.9991448Z Get:3 http://azure.archive.ubuntu.com/ubuntu noble/main amd64 fonts-freefont-ttf all 20211204+svn4273-2 [5641 kB]
2026-10-10T09:00:39.2291035Z Get:4 http://azure.archive.ubuntu.com/ubuntu noble/universe amd64 fonts-tlwg-loma-otf all 1:0.7.3-1 [107 kB]
2026-10-10T09:00:39.3254651Z Get:5 http://azure.archive.ubuntu.com/ubuntu noble/universe amd64 fonts-unifont all 1:15.1.01-1build1 [2993 kB]
2026-10-10T09:00:39.4516302Z Get:6 http://azure.archive.ubuntu.com/ubuntu noble/universe amd64 fonts-wqy-zenhei all 0.9.45-8 [7472 kB]
2026-10-10T09:00:39.7521685Z Get:7 http://azure.archive.ubuntu.com/ubuntu noble-updates/universe amd64 libva2 amd64 2.20.0-2ubuntu0.2 [66.4 kB]
2026-10-10T09:00:39.8480949Z Get:8 http://azure.archive.ubuntu.com/ubuntu noble-updates/universe amd64 libva-drm2 amd64 2.20.0-2ubuntu0.2 [7124 B]
2026-10-10T09:00:39.9434817Z Get:9 http://azure.archive.ubuntu.com/ubuntu noble-updates/universe amd64 libva-x11-2 amd64 2.20.0-2ubuntu0.2 [12.0 kB]
2026-10-10T09:00:40.0391262Z Get:10 http://azure.archive.ubuntu.com/ubuntu noble/main amd64 libvdpau1 amd64 1.5-2build1 [27.8 kB]
2026-10-10T09:00:40.1350443Z Get:11 http://azure.archive.ubuntu.com/ubuntu noble/universe amd64 libvpl2 amd64 2023.3.0-1build1 [99.8 kB]
2026-10-10T09:00:40.2346273Z Get:12 http://azure.archive.ubuntu.com/ubuntu noble/universe amd64 ocl-icd-libopencl1 amd64 2.3.2-1build1 [38.5 kB]
2026-10-10T09:00:40.3312527Z Get:13 http://azure.archive.ubuntu.com/ubuntu noble/universe amd64 libavutil58 amd64 7:6.1.1-3ubuntu5 [401 kB]
2026-10-10T09:00:40.4478180Z Get:14 http://azure.archive.ubuntu.com/ubuntu noble/universe amd64 libcodec2-1.2 amd64 1.2.0-2build1 [8998 kB]
2026-10-10T09:00:40.8867578Z Get:15 http://azure.archive.ubuntu.com/ubuntu noble/universe amd64 libdav1d7 amd64 1.4.1-1build1 [604 kB]
2026-10-10T09:00:40.9875188Z Get:16 http://azure.archive.ubuntu.com/ubuntu noble/universe amd64 libgsm1 amd64 1.0.22-1build1 [27.8 kB]
2026-10-10T09:00:41.0831938Z Get:17 http://azure.archive.ubuntu.com/ubuntu noble/universe amd64 libhwy1t64 amd64 1.0.7-8.1build1 [584 kB]
2026-10-10T09:00:41.1838697Z Get:18 http://azure.archive.ubuntu.com/ubuntu noble-updates/universe amd64 libjxl0.7 amd64 0.7.0-10.2ubuntu6.1 [1001 kB]
2026-10-10T09:00:41.2887153Z Get:19 http://azure.archive.ubuntu.com/ubuntu noble/main amd64 libmp3lame0 amd64 3.100-6build1 [142 kB]
2026-10-10T09:00:41.3927071Z Get:20 http://azure.archive.ubuntu.com/ubuntu noble/main amd64 libopus0 amd64 1.4-1build1 [208 kB]
2026-10-10T09:00:41.4894297Z Get:21 http://azure.archive.ubuntu.com/ubuntu noble/universe amd64 librav1e0 amd64 0.7.1-2 [1022 kB]
2026-10-10T09:00:41.5976175Z Get:22 http://azure.archive.ubuntu.com/ubuntu noble-updates/main amd64 librsvg2-2 amd64 2.58.0+dfsg-1ubuntu0.1 [2141 kB]
2026-10-10T09:00:41.7145783Z Get:23 http://azure.archive.ubuntu.com/ubuntu noble/universe amd64 libshine3 amd64 3.1.1-2build1 [23.2 kB]
2026-10-10T09:00:41.8100102Z Get:24 http://azure.archive.ubuntu.com/ubuntu noble-updates/main amd64 libspeex1 amd64 1.2.1-2ubuntu2.24.04.1 [59.6 kB]
2026-10-10T09:00:41.9062912Z Get:25 http://azure.archive.ubuntu.com/ubuntu noble/universe amd64 libsvtav1enc1d1 amd64 1.7.0+dfsg-2build1 [2425 kB]
2026-10-10T09:00:42.0260139Z Get:26 http://azure.archive.ubuntu.com/ubuntu noble/universe amd64 libsoxr0 amd64 0.1.3-4build3 [80.0 kB]
2026-10-10T09:00:42.1220847Z Get:27 http://azure.archive.ubuntu.com/ubuntu noble/universe amd64 libswresample4 amd64 7:6.1.1-3ubuntu5 [63.8 kB]
2026-10-10T09:00:42.2175766Z Get:28 http://azure.archive.ubuntu.com/ubuntu noble/main amd64 libtheora0 amd64 1.1.1+dfsg.1-16.1build3 [211 kB]
2026-10-10T09:00:42.3182317Z Get:29 http://azure.archive.ubuntu.com/ubuntu noble/main amd64 libtwolame0 amd64 0.4.0-2build3 [52.3 kB]
2026-10-10T09:00:42.4141223Z Get:30 http://azure.archive.ubuntu.com/ubuntu noble/main amd64 libvorbisenc2 amd64 1.3.7-1build3 [80.8 kB]
2026-10-10T09:00:42.5101823Z Get:31 http://azure.archive.ubuntu.com/ubuntu noble-updates/main amd64 libvpx9 amd64 1.14.0-1ubuntu2.3 [1143 kB]
2026-10-10T09:00:42.6165990Z Get:32 http://azure.archive.ubuntu.com/ubuntu noble/universe amd64 libx264-164 amd64 2:0.164.3108+git31e19f9-1 [604 kB]
2026-10-10T09:00:42.7171803Z Get:33 http://azure.archive.ubuntu.com/ubuntu noble/universe amd64 libx265-199 amd64 3.5-2build1 [1226 kB]
2026-10-10T09:00:42.8247382Z Get:34 http://azure.archive.ubuntu.com/ubuntu noble/universe amd64 libxvidcore4 amd64 2:1.3.7-1build1 [219 kB]
2026-10-10T09:00:42.9219819Z Get:35 http://azure.archive.ubuntu.com/ubuntu noble/universe amd64 libzvbi-common all 0.2.42-2 [42.4 kB]
2026-10-10T09:00:43.0180505Z Get:36 http://azure.archive.ubuntu.com/ubuntu noble/universe amd64 libzvbi0t64 amd64 0.2.42-2 [261 kB]
2026-10-10T09:00:43.1276970Z Get:37 http://azure.archive.ubuntu.com/ubuntu noble/universe amd64 libavcodec60 amd64 7:6.1.1-3ubuntu5 [5851 kB]
2026-10-10T09:00:43.3993190Z Get:38 http://azure.archive.ubuntu.com/ubuntu noble-updates/main amd64 libfreetype6 amd64 2.13.2+dfsg-1ubuntu0.2 [403 kB]
2026-10-10T09:00:43.5026933Z Get:39 http://azure.archive.ubuntu.com/ubuntu noble/main amd64 xfonts-encodings all 1:1.0.5-0ubuntu2 [578 kB]
2026-10-10T09:00:43.6078079Z Get:40 http://azure.archive.ubuntu.com/ubuntu noble/main amd64 xfonts-utils amd64 1:7.7+6build3 [94.4 kB]
2026-10-10T09:00:43.9074363Z Get:41 http://azure.archive.ubuntu.com/ubuntu noble/universe amd64 xfonts-cyrillic all 1:1.0.5+nmu1 [384 kB]
2026-10-10T09:00:44.5336405Z Get:42 http://azure.archive.ubuntu.com/ubuntu noble/main amd64 xfonts-scalable all 1:1.0.3-1.3 [304 kB]
2026-10-10T09:00:44.8675787Z Fetched 49.2 MB in 6s (8253 kB/s)
2026-10-10T09:00:44.8937732Z Selecting previously unselected package fonts-ipafont-gothic.
2026-10-10T09:00:44.9178922Z (Reading database ... 
2026-10-10T09:00:44.9179568Z (Reading database ... 5%
2026-10-10T09:00:44.9180165Z (Reading database ... 10%
2026-10-10T09:00:44.9180555Z (Reading database ... 15%
2026-10-10T09:00:44.9181016Z (Reading database ... 20%
2026-10-10T09:00:44.9181344Z (Reading database ... 25%
2026-10-10T09:00:44.9181665Z (Reading database ... 30%
2026-10-10T09:00:44.9182000Z (Reading database ... 35%
2026-10-10T09:00:44.9182345Z (Reading database ... 40%
2026-10-10T09:00:44.9182668Z (Reading database ... 45%
2026-10-10T09:00:44.9182992Z (Reading database ... 50%
2026-10-10T09:00:44.9220370Z (Reading database ... 55%
2026-10-10T09:00:45.0218920Z (Reading database ... 60%
2026-10-10T09:00:45.2274731Z (Reading database ... 65%
2026-10-10T09:00:45.4355568Z (Reading database ... 70%
2026-10-10T09:00:45.5809813Z (Reading database ... 75%
2026-10-10T09:00:45.7316785Z (Reading database ... 80%
2026-10-10T09:00:45.8285663Z (Reading database ... 85%
2026-10-10T09:00:45.9309292Z (Reading database ... 90%
2026-10-10T09:00:46.0906133Z (Reading database ... 95%
2026-10-10T09:00:46.0906601Z (Reading database ... 100%
2026-10-10T09:00:46.0907195Z (Reading database ... 203191 files and directories currently installed.)
2026-10-10T09:00:46.0951785Z Preparing to unpack .../00-fonts-ipafont-gothic_00303-21ubuntu1_all.deb ...
2026-10-10T09:00:46.1045004Z Unpacking fonts-ipafont-gothic (00303-21ubuntu1) ...
2026-10-10T09:00:46.3310187Z Selecting previously unselected package fonts-freefont-ttf.
2026-10-10T09:00:46.3436456Z Preparing to unpack .../01-fonts-freefont-ttf_20211204+svn4273-2_all.deb ...
2026-10-10T09:00:46.3445680Z Unpacking fonts-freefont-ttf (20211204+svn4273-2) ...
2026-10-10T09:00:46.4207213Z Selecting previously unselected package fonts-tlwg-loma-otf.
2026-10-10T09:00:46.4334693Z Preparing to unpack .../02-fonts-tlwg-loma-otf_1%3a0.7.3-1_all.deb ...
2026-10-10T09:00:46.4341281Z Unpacking fonts-tlwg-loma-otf (1:0.7.3-1) ...
2026-10-10T09:00:46.4543918Z Selecting previously unselected package fonts-unifont.
2026-10-10T09:00:46.4670084Z Preparing to unpack .../03-fonts-unifont_1%3a15.1.01-1build1_all.deb ...
2026-10-10T09:00:46.4678541Z Unpacking fonts-unifont (1:15.1.01-1build1) ...
2026-10-10T09:00:46.5722637Z Selecting previously unselected package fonts-wqy-zenhei.
2026-10-10T09:00:46.5856154Z Preparing to unpack .../04-fonts-wqy-zenhei_0.9.45-8_all.deb ...
2026-10-10T09:00:46.5965544Z Unpacking fonts-wqy-zenhei (0.9.45-8) ...
2026-10-10T09:00:47.0616356Z Selecting previously unselected package libva2:amd64.
2026-10-10T09:00:47.0742414Z Preparing to unpack .../05-libva2_2.20.0-2ubuntu0.2_amd64.deb ...
2026-10-10T09:00:47.0757917Z Unpacking libva2:amd64 (2.20.0-2ubuntu0.2) ...
2026-10-10T09:00:47.0988802Z Selecting previously unselected package libva-drm2:amd64.
2026-10-10T09:00:47.1116601Z Preparing to unpack .../06-libva-drm2_2.20.0-2ubuntu0.2_amd64.deb ...
2026-10-10T09:00:47.1123950Z Unpacking libva-drm2:amd64 (2.20.0-2ubuntu0.2) ...
2026-10-10T09:00:47.1325240Z Selecting previously unselected package libva-x11-2:amd64.
2026-10-10T09:00:47.1452312Z Preparing to unpack .../07-libva-x11-2_2.20.0-2ubuntu0.2_amd64.deb ...
2026-10-10T09:00:47.1460981Z Unpacking libva-x11-2:amd64 (2.20.0-2ubuntu0.2) ...
2026-10-10T09:00:47.1666246Z Selecting previously unselected package libvdpau1:amd64.
2026-10-10T09:00:47.1792422Z Preparing to unpack .../08-libvdpau1_1.5-2build1_amd64.deb ...
2026-10-10T09:00:47.1802175Z Unpacking libvdpau1:amd64 (1.5-2build1) ...
2026-10-10T09:00:47.2014619Z Selecting previously unselected package libvpl2.
2026-10-10T09:00:47.2140467Z Preparing to unpack .../09-libvpl2_2023.3.0-1build1_amd64.deb ...
2026-10-10T09:00:47.2149250Z Unpacking libvpl2 (2023.3.0-1build1) ...
2026-10-10T09:00:47.2364078Z Selecting previously unselected package ocl-icd-libopencl1:amd64.
2026-10-10T09:00:47.2490408Z Preparing to unpack .../10-ocl-icd-libopencl1_2.3.2-1build1_amd64.deb ...
2026-10-10T09:00:47.2497845Z Unpacking ocl-icd-libopencl1:amd64 (2.3.2-1build1) ...
2026-10-10T09:00:47.2737900Z Selecting previously unselected package libavutil58:amd64.
2026-10-10T09:00:47.2865860Z Preparing to unpack .../11-libavutil58_7%3a6.1.1-3ubuntu5_amd64.deb ...
2026-10-10T09:00:47.2873764Z Unpacking libavutil58:amd64 (7:6.1.1-3ubuntu5) ...
2026-10-10T09:00:47.3121419Z Selecting previously unselected package libcodec2-1.2:amd64.
2026-10-10T09:00:47.3250164Z Preparing to unpack .../12-libcodec2-1.2_1.2.0-2build1_amd64.deb ...
2026-10-10T09:00:47.3257858Z Unpacking libcodec2-1.2:amd64 (1.2.0-2build1) ...
2026-10-10T09:00:47.4014456Z Selecting previously unselected package libdav1d7:amd64.
2026-10-10T09:00:47.4138928Z Preparing to unpack .../13-libdav1d7_1.4.1-1build1_amd64.deb ...
2026-10-10T09:00:47.4146558Z Unpacking libdav1d7:amd64 (1.4.1-1build1) ...
2026-10-10T09:00:47.4402457Z Selecting previously unselected package libgsm1:amd64.
2026-10-10T09:00:47.4529762Z Preparing to unpack .../14-libgsm1_1.0.22-1build1_amd64.deb ...
2026-10-10T09:00:47.4536735Z Unpacking libgsm1:amd64 (1.0.22-1build1) ...
2026-10-10T09:00:47.4734766Z Selecting previously unselected package libhwy1t64:amd64.
2026-10-10T09:00:47.4860694Z Preparing to unpack .../15-libhwy1t64_1.0.7-8.1build1_amd64.deb ...
2026-10-10T09:00:47.4867834Z Unpacking libhwy1t64:amd64 (1.0.7-8.1build1) ...
2026-10-10T09:00:47.5176855Z Selecting previously unselected package libjxl0.7:amd64.
2026-10-10T09:00:47.5305597Z Preparing to unpack .../16-libjxl0.7_0.7.0-10.2ubuntu6.1_amd64.deb ...
2026-10-10T09:00:47.5320604Z Unpacking libjxl0.7:amd64 (0.7.0-10.2ubuntu6.1) ...
2026-10-10T09:00:47.5638476Z Selecting previously unselected package libmp3lame0:amd64.
2026-10-10T09:00:47.5763153Z Preparing to unpack .../17-libmp3lame0_3.100-6build1_amd64.deb ...
2026-10-10T09:00:47.5772299Z Unpacking libmp3lame0:amd64 (3.100-6build1) ...
2026-10-10T09:00:47.5985937Z Selecting previously unselected package libopus0:amd64.
2026-10-10T09:00:47.6116101Z Preparing to unpack .../18-libopus0_1.4-1build1_amd64.deb ...
2026-10-10T09:00:47.6123403Z Unpacking libopus0:amd64 (1.4-1build1) ...
2026-10-10T09:00:47.6341969Z Selecting previously unselected package librav1e0:amd64.
2026-10-10T09:00:47.6469822Z Preparing to unpack .../19-librav1e0_0.7.1-2_amd64.deb ...
2026-10-10T09:00:47.6477568Z Unpacking librav1e0:amd64 (0.7.1-2) ...
2026-10-10T09:00:47.6800211Z Selecting previously unselected package librsvg2-2:amd64.
2026-10-10T09:00:47.6929909Z Preparing to unpack .../20-librsvg2-2_2.58.0+dfsg-1ubuntu0.1_amd64.deb ...
2026-10-10T09:00:47.6937654Z Unpacking librsvg2-2:amd64 (2.58.0+dfsg-1ubuntu0.1) ...
2026-10-10T09:00:47.7387162Z Selecting previously unselected package libshine3:amd64.
2026-10-10T09:00:47.7514808Z Preparing to unpack .../21-libshine3_3.1.1-2build1_amd64.deb ...
2026-10-10T09:00:47.7533029Z Unpacking libshine3:amd64 (3.1.1-2build1) ...
2026-10-10T09:00:47.7728466Z Selecting previously unselected package libspeex1:amd64.
2026-10-10T09:00:47.7854905Z Preparing to unpack .../22-libspeex1_1.2.1-2ubuntu2.24.04.1_amd64.deb ...
2026-10-10T09:00:47.7863666Z Unpacking libspeex1:amd64 (1.2.1-2ubuntu2.24.04.1) ...
2026-10-10T09:00:47.8064731Z Selecting previously unselected package libsvtav1enc1d1:amd64.
2026-10-10T09:00:47.8189812Z Preparing to unpack .../23-libsvtav1enc1d1_1.7.0+dfsg-2build1_amd64.deb ...
2026-10-10T09:00:47.8198313Z Unpacking libsvtav1enc1d1:amd64 (1.7.0+dfsg-2build1) ...
2026-10-10T09:00:47.8665604Z Selecting previously unselected package libsoxr0:amd64.
2026-10-10T09:00:47.8790729Z Preparing to unpack .../24-libsoxr0_0.1.3-4build3_amd64.deb ...
2026-10-10T09:00:47.8799230Z Unpacking libsoxr0:amd64 (0.1.3-4build3) ...
2026-10-10T09:00:47.9004395Z Selecting previously unselected package libswresample4:amd64.
2026-10-10T09:00:47.9130766Z Preparing to unpack .../25-libswresample4_7%3a6.1.1-3ubuntu5_amd64.deb ...
2026-10-10T09:00:47.9138672Z Unpacking libswresample4:amd64 (7:6.1.1-3ubuntu5) ...
2026-10-10T09:00:47.9345475Z Selecting previously unselected package libtheora0:amd64.
2026-10-10T09:00:47.9471741Z Preparing to unpack .../26-libtheora0_1.1.1+dfsg.1-16.1build3_amd64.deb ...
2026-10-10T09:00:47.9479518Z Unpacking libtheora0:amd64 (1.1.1+dfsg.1-16.1build3) ...
2026-10-10T09:00:47.9704119Z Selecting previously unselected package libtwolame0:amd64.
2026-10-10T09:00:47.9830270Z Preparing to unpack .../27-libtwolame0_0.4.0-2build3_amd64.deb ...
2026-10-10T09:00:47.9838503Z Unpacking libtwolame0:amd64 (0.4.0-2build3) ...
2026-10-10T09:00:48.0042039Z Selecting previously unselected package libvorbisenc2:amd64.
2026-10-10T09:00:48.0167904Z Preparing to unpack .../28-libvorbisenc2_1.3.7-1build3_amd64.deb ...
2026-10-10T09:00:48.0176279Z Unpacking libvorbisenc2:amd64 (1.3.7-1build3) ...
2026-10-10T09:00:48.0404562Z Selecting previously unselected package libvpx9:amd64.
2026-10-10T09:00:48.0530986Z Preparing to unpack .../29-libvpx9_1.14.0-1ubuntu2.3_amd64.deb ...
2026-10-10T09:00:48.0537921Z Unpacking libvpx9:amd64 (1.14.0-1ubuntu2.3) ...
2026-10-10T09:00:48.0877335Z Selecting previously unselected package libx264-164:amd64.
2026-10-10T09:00:48.1004006Z Preparing to unpack .../30-libx264-164_2%3a0.164.3108+git31e19f9-1_amd64.deb ...
2026-10-10T09:00:48.1011562Z Unpacking libx264-164:amd64 (2:0.164.3108+git31e19f9-1) ...
2026-10-10T09:00:48.1278549Z Selecting previously unselected package libx265-199:amd64.
2026-10-10T09:00:48.1405549Z Preparing to unpack .../31-libx265-199_3.5-2build1_amd64.deb ...
2026-10-10T09:00:48.1412370Z Unpacking libx265-199:amd64 (3.5-2build1) ...
2026-10-10T09:00:48.2071047Z Selecting previously unselected package libxvidcore4:amd64.
2026-10-10T09:00:48.2197374Z Preparing to unpack .../32-libxvidcore4_2%3a1.3.7-1build1_amd64.deb ...
2026-10-10T09:00:48.2204911Z Unpacking libxvidcore4:amd64 (2:1.3.7-1build1) ...
2026-10-10T09:00:48.2417008Z Selecting previously unselected package libzvbi-common.
2026-10-10T09:00:48.2542751Z Preparing to unpack .../33-libzvbi-common_0.2.42-2_all.deb ...
2026-10-10T09:00:48.2550220Z Unpacking libzvbi-common (0.2.42-2) ...
2026-10-10T09:00:48.2815131Z Selecting previously unselected package libzvbi0t64:amd64.
2026-10-10T09:00:48.2940229Z Preparing to unpack .../34-libzvbi0t64_0.2.42-2_amd64.deb ...
2026-10-10T09:00:48.2947833Z Unpacking libzvbi0t64:amd64 (0.2.42-2) ...
2026-10-10T09:00:48.3196027Z Selecting previously unselected package libavcodec60:amd64.
2026-10-10T09:00:48.3323320Z Preparing to unpack .../35-libavcodec60_7%3a6.1.1-3ubuntu5_amd64.deb ...
2026-10-10T09:00:48.3330873Z Unpacking libavcodec60:amd64 (7:6.1.1-3ubuntu5) ...
2026-10-10T09:00:48.4321953Z Preparing to unpack .../36-libfreetype6_2.13.2+dfsg-1ubuntu0.2_amd64.deb ...
2026-10-10T09:00:48.4344915Z Unpacking libfreetype6:amd64 (2.13.2+dfsg-1ubuntu0.2) over (2.13.2+dfsg-1ubuntu0.1) ...
2026-10-10T09:00:48.4588355Z Selecting previously unselected package xfonts-encodings.
2026-10-10T09:00:48.4755255Z Preparing to unpack .../37-xfonts-encodings_1%3a1.0.5-0ubuntu2_all.deb ...
2026-10-10T09:00:48.4866007Z Unpacking xfonts-encodings (1:1.0.5-0ubuntu2) ...
2026-10-10T09:00:48.5301495Z Selecting previously unselected package xfonts-utils.
2026-10-10T09:00:48.5430407Z Preparing to unpack .../38-xfonts-utils_1%3a7.7+6build3_amd64.deb ...
2026-10-10T09:00:48.5439109Z Unpacking xfonts-utils (1:7.7+6build3) ...
2026-10-10T09:00:48.5768165Z Selecting previously unselected package xfonts-cyrillic.
2026-10-10T09:00:48.5895032Z Preparing to unpack .../39-xfonts-cyrillic_1%3a1.0.5+nmu1_all.deb ...
2026-10-10T09:00:48.5902201Z Unpacking xfonts-cyrillic (1:1.0.5+nmu1) ...
2026-10-10T09:00:48.6240869Z Selecting previously unselected package xfonts-scalable.
2026-10-10T09:00:48.6367989Z Preparing to unpack .../40-xfonts-scalable_1%3a1.0.3-1.3_all.deb ...
2026-10-10T09:00:48.6409510Z Unpacking xfonts-scalable (1:1.0.3-1.3) ...
2026-10-10T09:00:48.6909472Z Setting up libhwy1t64:amd64 (1.0.7-8.1build1) ...
2026-10-10T09:00:48.6930049Z Setting up libspeex1:amd64 (1.2.1-2ubuntu2.24.04.1) ...
2026-10-10T09:00:48.6947566Z Setting up libshine3:amd64 (3.1.1-2build1) ...
2026-10-10T09:00:48.6963387Z Setting up libvpl2 (2023.3.0-1build1) ...
2026-10-10T09:00:48.6985504Z Setting up libx264-164:amd64 (2:0.164.3108+git31e19f9-1) ...
2026-10-10T09:00:48.7004585Z Setting up libtwolame0:amd64 (0.4.0-2build3) ...
2026-10-10T09:00:48.7021926Z Setting up libgsm1:amd64 (1.0.22-1build1) ...
2026-10-10T09:00:48.7040335Z Setting up libsoxr0:amd64 (0.1.3-4build3) ...
2026-10-10T09:00:48.7057936Z Setting up libcodec2-1.2:amd64 (1.2.0-2build1) ...
2026-10-10T09:00:48.7074330Z Setting up fonts-wqy-zenhei (0.9.45-8) ...
2026-10-10T09:00:48.7194822Z Setting up fonts-freefont-ttf (20211204+svn4273-2) ...
2026-10-10T09:00:48.7211391Z Setting up libsvtav1enc1d1:amd64 (1.7.0+dfsg-2build1) ...
2026-10-10T09:00:48.7228939Z Setting up libxvidcore4:amd64 (2:1.3.7-1build1) ...
2026-10-10T09:00:48.7245742Z Setting up librav1e0:amd64 (0.7.1-2) ...
2026-10-10T09:00:48.7262046Z Setting up librsvg2-2:amd64 (2.58.0+dfsg-1ubuntu0.1) ...
2026-10-10T09:00:48.7278670Z Setting up fonts-tlwg-loma-otf (1:0.7.3-1) ...
2026-10-10T09:00:48.7300731Z Setting up libva2:amd64 (2.20.0-2ubuntu0.2) ...
2026-10-10T09:00:48.7318953Z Setting up libfreetype6:amd64 (2.13.2+dfsg-1ubuntu0.2) ...
2026-10-10T09:00:48.7335627Z Setting up xfonts-encodings (1:1.0.5-0ubuntu2) ...
2026-10-10T09:00:48.7352165Z Setting up libopus0:amd64 (1.4-1build1) ...
2026-10-10T09:00:48.7368662Z Setting up libjxl0.7:amd64 (0.7.0-10.2ubuntu6.1) ...
2026-10-10T09:00:48.7384045Z Setting up libx265-199:amd64 (3.5-2build1) ...
2026-10-10T09:00:48.7400010Z Setting up libvpx9:amd64 (1.14.0-1ubuntu2.3) ...
2026-10-10T09:00:48.7417210Z Setting up libdav1d7:amd64 (1.4.1-1build1) ...
2026-10-10T09:00:48.7435103Z Setting up libva-drm2:amd64 (2.20.0-2ubuntu0.2) ...
2026-10-10T09:00:48.7486352Z Setting up fonts-ipafont-gothic (00303-21ubuntu1) ...
2026-10-10T09:00:48.7555256Z update-alternatives: using /usr/share/fonts/opentype/ipafont-gothic/ipag.ttf to provide /usr/share/fonts/truetype/fonts-japanese-gothic.ttf (fonts-japanese-gothic.ttf) in auto mode
2026-10-10T09:00:48.7569051Z Setting up ocl-icd-libopencl1:amd64 (2.3.2-1build1) ...
2026-10-10T09:00:48.7587115Z Setting up libvdpau1:amd64 (1.5-2build1) ...
2026-10-10T09:00:48.7614966Z Setting up libtheora0:amd64 (1.1.1+dfsg.1-16.1build3) ...
2026-10-10T09:00:48.7633822Z Setting up libva-x11-2:amd64 (2.20.0-2ubuntu0.2) ...
2026-10-10T09:00:48.7651211Z Setting up libzvbi-common (0.2.42-2) ...
2026-10-10T09:00:48.7667654Z Setting up libmp3lame0:amd64 (3.100-6build1) ...
2026-10-10T09:00:48.7685577Z Setting up libvorbisenc2:amd64 (1.3.7-1build3) ...
2026-10-10T09:00:48.7705214Z Setting up fonts-unifont (1:15.1.01-1build1) ...
2026-10-10T09:00:48.7723495Z Setting up libzvbi0t64:amd64 (0.2.42-2) ...
2026-10-10T09:00:48.7740657Z Setting up libavutil58:amd64 (7:6.1.1-3ubuntu5) ...
2026-10-10T09:00:48.7758832Z Setting up xfonts-utils (1:7.7+6build3) ...
2026-10-10T09:00:48.7808401Z Setting up libswresample4:amd64 (7:6.1.1-3ubuntu5) ...
2026-10-10T09:00:48.7825909Z Setting up libavcodec60:amd64 (7:6.1.1-3ubuntu5) ...
2026-10-10T09:00:48.7844338Z Setting up xfonts-cyrillic (1:1.0.5+nmu1) ...
2026-10-10T09:00:48.8119442Z Setting up xfonts-scalable (1:1.0.3-1.3) ...
2026-10-10T09:00:48.8387167Z Processing triggers for libc-bin (2.39-0ubuntu8.9) ...
2026-10-10T09:00:48.8741301Z Processing triggers for man-db (2.12.0-4build2) ...
2026-10-10T09:00:48.8762647Z Not building database; man-db/auto-update is not 'true'.
2026-10-10T09:00:48.8773275Z Processing triggers for fontconfig (2.15.0-1.1ubuntu2) ...
2026-10-10T09:00:49.5873239Z 
2026-10-10T09:00:49.5874464Z Running kernel seems to be up-to-date.
2026-10-10T09:00:49.5874778Z 
2026-10-10T09:00:49.5874930Z Restarting services...
2026-10-10T09:00:49.5949265Z  systemctl restart php8.3-fpm.service
2026-10-10T09:00:49.6954038Z 
2026-10-10T09:00:49.6955722Z No containers need to be restarted.
2026-10-10T09:00:49.6956182Z 
2026-10-10T09:00:49.6956541Z No user sessions are running outdated binaries.
2026-10-10T09:00:49.6956940Z 
2026-10-10T09:00:49.6957463Z No VM guests are running outdated hypervisor (qemu) binaries on this host.
2026-10-10T09:00:50.6212974Z Downloading Chrome for Testing 153.0.8010.12 (playwright chromium v1243) from https://cdn.playwright.dev/builds/cft/153.0.8010.12/linux64/chrome-linux64.zip
2026-10-10T09:00:51.0563802Z |                                                                                |   0% of 186.8 MiB
2026-10-10T09:00:51.3637113Z |■■■■■■■■                                                                        |  10% of 186.8 MiB
2026-10-10T09:00:51.4451705Z |■■■■■■■■■■■■■■■■                                                                |  20% of 186.8 MiB
2026-10-10T09:00:51.5428331Z |■■■■■■■■■■■■■■■■■■■■■■■■                                                        |  30% of 186.8 MiB
2026-10-10T09:00:51.6174985Z |■■■■■■■■■■■■■■■■■■■■■■■■■■■■■■■■                                                |  40% of 186.8 MiB
2026-10-10T09:00:51.7069488Z |■■■■■■■■■■■■■■■■■■■■■■■■■■■■■■■■■■■■■■■■                                        |  50% of 186.8 MiB
2026-10-10T09:00:51.7714853Z |■■■■■■■■■■■■■■■■■■■■■■■■■■■■■■■■■■■■■■■■■■■■■■■■                                |  60% of 186.8 MiB
2026-10-10T09:00:51.8655426Z |■■■■■■■■■■■■■■■■■■■■■■■■■■■■■■■■■■■■■■■■■■■■■■■■■■■■■■■■                        |  70% of 186.8 MiB
2026-10-10T09:00:51.9573862Z |■■■■■■■■■■■■■■■■■■■■■■■■■■■■■■■■■■■■■■■■■■■■■■■■■■■■■■■■■■■■■■■■                |  80% of 186.8 MiB
2026-10-10T09:00:52.0429748Z |■■■■■■■■■■■■■■■■■■■■■■■■■■■■■■■■■■■■■■■■■■■■■■■■■■■■■■■■■■■■■■■■■■■■■■■■        |  90% of 186.8 MiB
2026-10-10T09:00:52.1324737Z |■■■■■■■■■■■■■■■■■■■■■■■■■■■■■■■■■■■■■■■■■■■■■■■■■■■■■■■■■■■■■■■■■■■■■■■■■■■■■■■■| 100% of 186.8 MiB
2026-10-10T09:00:55.3983121Z Chrome for Testing 153.0.8010.12 (playwright chromium v1243) downloaded to /home/runner/.cache/ms-playwright/chromium-1243
2026-10-10T09:00:55.3987631Z Downloading FFmpeg (playwright ffmpeg v1011) from https://cdn.playwright.dev/dbazure/download/playwright/builds/ffmpeg/1011/ffmpeg-linux.zip
2026-10-10T09:00:55.7496111Z |                                                                                |   0% of 2.3 MiB
2026-10-10T09:00:55.7555107Z |■■■■■■■■                                                                        |  10% of 2.3 MiB
2026-10-10T09:00:55.7583361Z |■■■■■■■■■■■■■■■■                                                                |  20% of 2.3 MiB
2026-10-10T09:00:55.7607259Z |■■■■■■■■■■■■■■■■■■■■■■■■                                                        |  30% of 2.3 MiB
2026-10-10T09:00:55.7631235Z |■■■■■■■■■■■■■■■■■■■■■■■■■■■■■■■■                                                |  40% of 2.3 MiB
2026-10-10T09:00:55.7646855Z |■■■■■■■■■■■■■■■■■■■■■■■■■■■■■■■■■■■■■■■■                                        |  50% of 2.3 MiB
2026-10-10T09:00:55.7672499Z |■■■■■■■■■■■■■■■■■■■■■■■■■■■■■■■■■■■■■■■■■■■■■■■■                                |  60% of 2.3 MiB
2026-10-10T09:00:55.7688643Z |■■■■■■■■■■■■■■■■■■■■■■■■■■■■■■■■■■■■■■■■■■■■■■■■■■■■■■■■                        |  70% of 2.3 MiB
2026-10-10T09:00:55.7707328Z |■■■■■■■■■■■■■■■■■■■■■■■■■■■■■■■■■■■■■■■■■■■■■■■■■■■■■■■■■■■■■■■■                |  80% of 2.3 MiB
2026-10-10T09:00:55.7730956Z |■■■■■■■■■■■■■■■■■■■■■■■■■■■■■■■■■■■■■■■■■■■■■■■■■■■■■■■■■■■■■■■■■■■■■■■■        |  90% of 2.3 MiB
2026-10-10T09:00:55.7749552Z |■■■■■■■■■■■■■■■■■■■■■■■■■■■■■■■■■■■■■■■■■■■■■■■■■■■■■■■■■■■■■■■■■■■■■■■■■■■■■■■■| 100% of 2.3 MiB
2026-10-10T09:00:55.8392985Z FFmpeg (playwright ffmpeg v1011) downloaded to /home/runner/.cache/ms-playwright/ffmpeg-1011
2026-10-10T09:00:55.8396279Z Downloading Chrome Headless Shell 153.0.8010.12 (playwright chromium-headless-shell v1243) from https://cdn.playwright.dev/builds/cft/153.0.8010.12/linux64/chrome-headless-shell-linux64.zip
2026-10-10T09:00:56.2506038Z |                                                                                |   0% of 114.3 MiB
2026-10-10T09:00:56.4747572Z |■■■■■■■■                                                                        |  10% of 114.3 MiB
2026-10-10T09:00:56.5506062Z |■■■■■■■■■■■■■■■■                                                                |  20% of 114.3 MiB
2026-10-10T09:00:56.6047707Z |■■■■■■■■■■■■■■■■■■■■■■■■                                                        |  30% of 114.3 MiB
2026-10-10T09:00:56.6671194Z |■■■■■■■■■■■■■■■■■■■■■■■■■■■■■■■■                                                |  40% of 114.3 MiB
2026-10-10T09:00:56.7305676Z |■■■■■■■■■■■■■■■■■■■■■■■■■■■■■■■■■■■■■■■■                                        |  50% of 114.3 MiB
2026-10-10T09:00:56.7810477Z |■■■■■■■■■■■■■■■■■■■■■■■■■■■■■■■■■■■■■■■■■■■■■■■■                                |  60% of 114.3 MiB
2026-10-10T09:00:56.8338469Z |■■■■■■■■■■■■■■■■■■■■■■■■■■■■■■■■■■■■■■■■■■■■■■■■■■■■■■■■                        |  70% of 114.3 MiB
2026-10-10T09:00:56.8943929Z |■■■■■■■■■■■■■■■■■■■■■■■■■■■■■■■■■■■■■■■■■■■■■■■■■■■■■■■■■■■■■■■■                |  80% of 114.3 MiB
2026-10-10T09:00:56.9420222Z |■■■■■■■■■■■■■■■■■■■■■■■■■■■■■■■■■■■■■■■■■■■■■■■■■■■■■■■■■■■■■■■■■■■■■■■■        |  90% of 114.3 MiB
2026-10-10T09:00:57.0202983Z |■■■■■■■■■■■■■■■■■■■■■■■■■■■■■■■■■■■■■■■■■■■■■■■■■■■■■■■■■■■■■■■■■■■■■■■■■■■■■■■■| 100% of 114.3 MiB
2026-10-10T09:00:59.3512492Z Chrome Headless Shell 153.0.8010.12 (playwright chromium-headless-shell v1243) downloaded to /home/runner/.cache/ms-playwright/chromium_headless_shell-1243
2026-10-10T09:00:59.3517553Z Downloading Firefox 155.0 (playwright firefox v1543) from https://cdn.playwright.dev/dbazure/download/playwright/builds/firefox/1543/firefox-ubuntu-24.04.zip
2026-10-10T09:00:59.7438939Z |                                                                                |   0% of 109.5 MiB
2026-10-10T09:00:59.8186553Z |■■■■■■■■                                                                        |  10% of 109.5 MiB
2026-10-10T09:00:59.8917453Z |■■■■■■■■■■■■■■■■                                                                |  20% of 109.5 MiB
2026-10-10T09:00:59.9602224Z |■■■■■■■■■■■■■■■■■■■■■■■■                                                        |  30% of 109.5 MiB
2026-10-10T09:01:00.0194797Z |■■■■■■■■■■■■■■■■■■■■■■■■■■■■■■■■                                                |  40% of 109.5 MiB
2026-10-10T09:01:00.0849141Z |■■■■■■■■■■■■■■■■■■■■■■■■■■■■■■■■■■■■■■■■                                        |  50% of 109.5 MiB
2026-10-10T09:01:00.1305614Z |■■■■■■■■■■■■■■■■■■■■■■■■■■■■■■■■■■■■■■■■■■■■■■■■                                |  60% of 109.5 MiB
2026-10-10T09:01:00.1766501Z |■■■■■■■■■■■■■■■■■■■■■■■■■■■■■■■■■■■■■■■■■■■■■■■■■■■■■■■■                        |  70% of 109.5 MiB
2026-10-10T09:01:00.2322505Z |■■■■■■■■■■■■■■■■■■■■■■■■■■■■■■■■■■■■■■■■■■■■■■■■■■■■■■■■■■■■■■■■                |  80% of 109.5 MiB
2026-10-10T09:01:00.2660615Z |■■■■■■■■■■■■■■■■■■■■■■■■■■■■■■■■■■■■■■■■■■■■■■■■■■■■■■■■■■■■■■■■■■■■■■■■        |  90% of 109.5 MiB
2026-10-10T09:01:00.3041644Z |■■■■■■■■■■■■■■■■■■■■■■■■■■■■■■■■■■■■■■■■■■■■■■■■■■■■■■■■■■■■■■■■■■■■■■■■■■■■■■■■| 100% of 109.5 MiB
2026-10-10T09:01:02.4787248Z Firefox 155.0 (playwright firefox v1543) downloaded to /home/runner/.cache/ms-playwright/firefox-1543
2026-10-10T09:01:02.6121534Z ##[group]Run npm run verify
2026-10-10T09:01:02.6121859Z [36;1mnpm run verify[0m
2026-10-10T09:01:02.6184517Z shell: /usr/bin/bash -e {0}
2026-10-10T09:01:02.6184793Z ##[endgroup]
2026-10-10T09:01:02.7274581Z 
2026-10-10T09:01:02.7275408Z > botsales-frontend@0.1.0 verify
2026-10-10T09:01:02.7277739Z > npm run generate:check && npm run test:source && npm run boundaries && npm run lint && npm run typecheck && npm run test:domain && npm test && npm run build && npm run test:layout && npm run test:visual-tokens && npm run test:ui-composition && npm run test:evidence
2026-10-10T09:01:02.7279442Z 
2026-10-10T09:01:02.8320698Z 
2026-10-10T09:01:02.8321106Z > botsales-frontend@0.1.0 generate:check
2026-10-10T09:01:02.8321769Z > node scripts/generate.mjs --check
2026-10-10T09:01:02.8322009Z 
2026-10-10T09:01:03.0279422Z {"status":"PASS","outputs":15,"schemas":346,"operations":245,"routes":61}
2026-10-10T09:01:03.1400949Z 
2026-10-10T09:01:03.1401664Z > botsales-frontend@0.1.0 test:source
2026-10-10T09:01:03.1402357Z > node scripts/check-source.mjs && node --test tests/source-checker.test.mjs
2026-10-10T09:01:03.1402766Z 
2026-10-10T09:01:03.6881358Z {
2026-10-10T09:01:03.6881896Z   "checkedAt": "2026-10-10T09:01:03.685Z",
2026-10-10T09:01:03.6883202Z   "scope": "Syntax, operation identifiers, route-source mapping, permissions and token adoption. NOT React typecheck, build or browser test.",
2026-10-10T09:01:03.6884537Z   "compiler": "5.9.2",
2026-10-10T09:01:03.6885060Z   "compilerSource": "project dependency",
2026-10-10T09:01:03.6885420Z   "files": 85,
2026-10-10T09:01:03.6886142Z   "operationCalls": 262,
2026-10-10T09:01:03.6886538Z   "routes": 61,
2026-10-10T09:01:03.6886871Z   "issues": [],
2026-10-10T09:01:03.6887193Z   "status": "PASS"
2026-10-10T09:01:03.6887519Z }
2026-10-10T09:01:04.2162902Z ✔ module path classification accepts Windows and POSIX spellings, but excludes app files (1.248843ms)
2026-10-10T09:01:04.2165409Z ✔ the source-checker CLI rejects a prohibited color literal in a module (215.893814ms)
2026-10-10T09:01:04.2167870Z ✔ the source-checker CLI accepts a token-based module and leaves app-level colors outside the rule (212.06945ms)
2026-10-10T09:01:04.2269498Z ℹ tests 3
2026-10-10T09:01:04.2269936Z ℹ suites 0
2026-10-10T09:01:04.2270315Z ℹ pass 3
2026-10-10T09:01:04.2270672Z ℹ fail 0
2026-10-10T09:01:04.2271044Z ℹ cancelled 0
2026-10-10T09:01:04.2271438Z ℹ skipped 0
2026-10-10T09:01:04.2271812Z ℹ todo 0
2026-10-10T09:01:04.2272240Z ℹ duration_ms 492.03565
2026-10-10T09:01:04.3360219Z 
2026-10-10T09:01:04.3360860Z > botsales-frontend@0.1.0 boundaries
2026-10-10T09:01:04.3361490Z > node scripts/check-boundaries.mjs
2026-10-10T09:01:04.3361722Z 
2026-10-10T09:01:07.0700699Z {
2026-10-10T09:01:07.0701041Z   "checkedAt": "2026-10-10T09:01:07.068Z",
2026-10-10T09:01:07.0701751Z   "scope": "AST imports resolve aliases/relative paths, module boundaries and cycles; parser diagnostics are errors",
2026-10-10T09:01:07.0702328Z   "files": 85,
2026-10-10T09:01:07.0702581Z   "imports": 722,
2026-10-10T09:01:07.0703453Z   "negativeFixtures": "Boundary fixtures: PASS 10/10 scenarios (allowed shared/public imports, alias, relative, app deep import, type-only, dynamic, unresolved, cycle, parser error).",
2026-10-10T09:01:07.0704672Z   "status": "PASS",
2026-10-10T09:01:07.0704913Z   "issues": []
2026-10-10T09:01:07.0705121Z }
2026-10-10T09:01:07.1917295Z 
2026-10-10T09:01:07.1917847Z > botsales-frontend@0.1.0 lint
2026-10-10T09:01:07.1918352Z > eslint apps/web/src --max-warnings 0
2026-10-10T09:01:07.1918617Z 
2026-10-10T09:01:10.7476269Z 
2026-10-10T09:01:10.7477042Z > botsales-frontend@0.1.0 typecheck
2026-10-10T09:01:10.7477806Z > tsc -p apps/web/tsconfig.json --noEmit
2026-10-10T09:01:10.7478128Z 
2026-10-10T09:01:18.1986146Z 
2026-10-10T09:01:18.1986777Z > botsales-frontend@0.1.0 test:domain
2026-10-10T09:01:18.1987477Z > node scripts/test-domain.mjs
2026-10-10T09:01:18.1987815Z 
2026-10-10T09:01:26.0992845Z {"status":"PASS","simulatorChecks":86,"networkChecks":31,"networkHandlers":245,"passed":117,"operations":100,"node":"v24.21.0","typescript":"5.9.2"}
2026-10-10T09:01:26.2557134Z 
2026-10-10T09:01:26.2557646Z > botsales-frontend@0.1.0 test
2026-10-10T09:01:26.2558146Z > vitest run --config apps/web/vitest.config.ts
2026-10-10T09:01:26.2558429Z 
2026-10-10T09:01:26.5382636Z 
2026-10-10T09:01:26.5385817Z [1m[30m[46m RUN [49m[39m[22m [36mv5.0.3 [39m[90m/home/runner/work/Bot-AI-Ban-hang-FB/Bot-AI-Ban-hang-FB/BotSalesAI_Frontend[39m
2026-10-10T09:01:26.5386959Z 
2026-10-10T09:01:28.7095484Z  [32m✓[39m apps/web/tests/api-client.test.tsx [2m([22m[2m25 tests[22m[2m)[22m[33m 919[2mms[22m[39m
2026-10-10T09:01:28.7104796Z    [32m✓[39m typed HTTP boundary [2m(25)[22m
2026-10-10T09:01:28.7165575Z      [33m[2m✓[22m[39m waits for command completion after HTTP 202 before resolving useCommand[33m 434[2mms[22m[39m
2026-10-10T09:01:28.7167783Z      [33m[2m✓[22m[39m keeps an accepted command unresolved when command status polling fails[33m 410[2mms[22m[39m
2026-10-10T09:01:30.3307962Z  [32m✓[39m apps/web/tests/purchase-delegation.test.ts [2m([22m[2m7 tests[22m[2m)[22m[32m 176[2mms[22m[39m
2026-10-10T09:01:31.1424891Z [90mstderr[2m | apps/web/tests/shared-ui-render-contract.test.tsx[2m > [22m[2mS10 shared component rendered-slot contract[2m > [22m[2mEditDialog guards custom actions and the Escape close path for dirty and busy states
2026-10-10T09:01:31.1427788Z [22m[39mAn update to ForwardRef(FormControl) inside a test was not wrapped in act(...).
2026-10-10T09:01:31.1462742Z 
2026-10-10T09:01:31.1493176Z When testing, code that causes React state updates should be wrapped into act(...):
2026-10-10T09:01:31.1494468Z 
2026-10-10T09:01:31.1494650Z act(() => {
2026-10-10T09:01:31.1495089Z   /* fire events that update state */
2026-10-10T09:01:31.1495564Z });
2026-10-10T09:01:31.1495979Z /* assert on the output */
2026-10-10T09:01:31.1496262Z 
2026-10-10T09:01:31.1497290Z This ensures that you're testing the behavior the user would see in the browser. Learn more at https://react.dev/link/wrap-tests-with-act
2026-10-10T09:01:31.1498761Z An update to ForwardRef(FormControl) inside a test was not wrapped in act(...).
2026-10-10T09:01:31.1499331Z 
2026-10-10T09:01:31.1499959Z When testing, code that causes React state updates should be wrapped into act(...):
2026-10-10T09:01:31.1500563Z 
2026-10-10T09:01:31.1500718Z act(() => {
2026-10-10T09:01:31.1501168Z   /* fire events that update state */
2026-10-10T09:01:31.1501629Z });
2026-10-10T09:01:31.1502021Z /* assert on the output */
2026-10-10T09:01:31.1502291Z 
2026-10-10T09:01:31.1503283Z This ensures that you're testing the behavior the user would see in the browser. Learn more at https://react.dev/link/wrap-tests-with-act
2026-10-10T09:01:31.1504427Z 
2026-10-10T09:01:31.1506630Z [90mstderr[2m | apps/web/tests/shared-ui-render-contract.test.tsx[2m > [22m[2mS10 shared component rendered-slot contract[2m > [22m[2mEditDialog guards custom actions and the Escape close path for dirty and busy states
2026-10-10T09:01:31.1509548Z [22m[39mA component suspended inside an `act` scope, but the `act` call was not awaited. When testing React components that depend on asynchronous data, you must await the result:
2026-10-10T09:01:31.1510584Z 
2026-10-10T09:01:31.1510763Z await act(() => ...)
2026-10-10T09:01:31.1511005Z 
2026-10-10T09:01:31.3064296Z  [32m✓[39m apps/web/tests/privacy-consent.test.ts [2m([22m[2m6 tests[22m[2m)[22m[32m 142[2mms[22m[39m
2026-10-10T09:01:31.7325044Z [90mstderr[2m | apps/web/tests/shared-ui-render-contract.test.tsx[2m > [22m[2mS10 shared component rendered-slot contract[2m > [22m[2mEditDialog guards custom actions and the backdrop close path for dirty and busy states
2026-10-10T09:01:31.7335095Z [22m[39mAn update to ForwardRef(FormControl) inside a test was not wrapped in act(...).
2026-10-10T09:01:31.7350501Z 
2026-10-10T09:01:31.7374736Z When testing, code that causes React state updates should be wrapped into act(...):
2026-10-10T09:01:31.7404257Z 
2026-10-10T09:01:31.7414573Z act(() => {
2026-10-10T09:01:31.7422250Z   /* fire events that update state */
2026-10-10T09:01:31.7430698Z });
2026-10-10T09:01:31.7431392Z /* assert on the output */
2026-10-10T09:01:31.7432166Z 
2026-10-10T09:01:31.7433404Z This ensures that you're testing the behavior the user would see in the browser. Learn more at https://react.dev/link/wrap-tests-with-act
2026-10-10T09:01:31.7442350Z An update to ForwardRef(FormControl) inside a test was not wrapped in act(...).
2026-10-10T09:01:31.7443722Z 
2026-10-10T09:01:31.7444913Z When testing, code that causes React state updates should be wrapped into act(...):
2026-10-10T09:01:31.7446053Z 
2026-10-10T09:01:31.7446393Z act(() => {
2026-10-10T09:01:31.7447339Z   /* fire events that update state */
2026-10-10T09:01:31.7448319Z });
2026-10-10T09:01:31.7449160Z /* assert on the output */
2026-10-10T09:01:31.7449660Z 
2026-10-10T09:01:31.7451188Z This ensures that you're testing the behavior the user would see in the browser. Learn more at https://react.dev/link/wrap-tests-with-act
2026-10-10T09:01:31.7453039Z 
2026-10-10T09:01:32.8065827Z  [32m✓[39m apps/web/tests/command-lifetime.test.tsx [2m([22m[2m11 tests[22m[2m)[22m[32m 232[2mms[22m[39m
2026-10-10T09:01:34.3505881Z  [32m✓[39m apps/web/tests/media-inbox.test.ts [2m([22m[2m6 tests[22m[2m)[22m[32m 140[2mms[22m[39m
2026-10-10T09:01:34.6482759Z  [32m✓[39m apps/web/tests/shared-ui-render-contract.test.tsx [2m([22m[2m54 tests[22m[2m)[22m[33m 6309[2mms[22m[39m
2026-10-10T09:01:34.6484995Z    [32m✓[39m S10 shared component rendered-slot contract [2m(30)[22m
2026-10-10T09:01:34.6487826Z      [33m[2m✓[22m[39m DraftConflict requires a two-sided choice, excludes hidden data, and applies only to the draft[33m 769[2mms[22m[39m
2026-10-10T09:01:34.6490194Z      [33m[2m✓[22m[39m EditDialog guards custom actions and the footer close path for dirty and busy states[33m 580[2mms[22m[39m
2026-10-10T09:01:34.6492476Z      [33m[2m✓[22m[39m EditDialog guards custom actions and the icon close path for dirty and busy states[33m 523[2mms[22m[39m
2026-10-10T09:01:34.6495282Z      [33m[2m✓[22m[39m EditDialog guards custom actions and the Escape close path for dirty and busy states[33m 553[2mms[22m[39m
2026-10-10T09:01:34.6497463Z      [33m[2m✓[22m[39m EditDialog guards custom actions and the backdrop close path for dirty and busy states[33m 505[2mms[22m[39m
2026-10-10T09:01:34.6501846Z      [33m[2m✓[22m[39m ConfirmDialog validates the reason and keeps a rejected action visible[33m 1440[2mms[22m[39m
2026-10-10T09:01:36.6613183Z  [32m✓[39m apps/web/tests/scope-events.test.tsx [2m([22m[2m18 tests[22m[2m)[22m[32m 84[2mms[22m[39m
2026-10-10T09:01:37.6260900Z  [32m✓[39m apps/web/tests/versioned-draft.test.tsx [2m([22m[2m7 tests[22m[2m)[22m[32m 59[2mms[22m[39m
2026-10-10T09:01:37.9106074Z  [32m✓[39m apps/web/tests/states/fe023-state.test.tsx [2m([22m[2m12 tests[22m[2m)[22m[33m 1733[2mms[22m[39m
2026-10-10T09:01:37.9144968Z    [32m✓[39m FE023 shared state and form behavior [2m(12)[22m
2026-10-10T09:01:37.9156538Z      [33m[2m✓[22m[39m asks before closing a dialog with a dirty field and keeps the field until discard is chosen[33m 1186[2mms[22m[39m
2026-10-10T09:01:38.3570351Z  [32m✓[39m apps/web/tests/fe021-source-map.test.ts [2m([22m[2m3 tests[22m[2m)[22m[32m 15[2mms[22m[39m
2026-10-10T09:01:38.8055263Z  [32m✓[39m apps/web/tests/marketing-report.test.ts [2m([22m[2m11 tests[22m[2m)[22m[32m 63[2mms[22m[39m
2026-10-10T09:01:39.6269300Z  [32m✓[39m apps/web/tests/timezone.test.ts [2m([22m[2m10 tests[22m[2m)[22m[32m 36[2mms[22m[39m
2026-10-10T09:01:40.1429764Z [BABEL] Note: The code generator has deoptimised the styling of /tmp/botsales-vite-cache/2fbc71299afedf720605/direct-vite/3985/deps/react-dom_client.js?v=45219dfe as it exceeds the max of 500KB.
2026-10-10T09:01:40.1596645Z  [32m✓[39m apps/web/tests/components.test.tsx [2m([22m[2m25 tests[22m[2m)[22m[33m 11771[2mms[22m[39m
2026-10-10T09:01:40.1619319Z    [32m✓[39m Accessible shared presentation [2m(19)[22m
2026-10-10T09:01:40.1785595Z      [33m[2m✓[22m[39m clears search, cursor, and returns focus while preserving other filters[33m 400[2mms[22m[39m
2026-10-10T09:01:40.1816984Z      [33m[2m✓[22m[39m associates form errors with the visible label and returns focus after dialog close[33m 351[2mms[22m[39m
2026-10-10T09:01:40.1819129Z      [33m[2m✓[22m[39m reflows the real mock application from 320px to 1440px and passes browser axe[33m 9597[2mms[22m[39m
2026-10-10T09:01:40.5915795Z  [32m✓[39m apps/web/tests/confirmation.test.tsx [2m([22m[2m4 tests[22m[2m)[22m[33m 748[2mms[22m[39m
2026-10-10T09:01:41.2198556Z  [32m✓[39m apps/web/tests/format.test.ts [2m([22m[2m12 tests[22m[2m)[22m[32m 76[2mms[22m[39m
2026-10-10T09:01:41.3574838Z  [32m✓[39m apps/web/tests/report-utils.test.ts [2m([22m[2m6 tests[22m[2m)[22m[32m 28[2mms[22m[39m
2026-10-10T09:01:41.7162627Z  [32m✓[39m apps/web/tests/composition.test.tsx [2m([22m[2m3 tests[22m[2m)[22m[33m 468[2mms[22m[39m
2026-10-10T09:01:42.0606528Z  [32m✓[39m apps/web/tests/domain-labels.test.ts [2m([22m[2m3 tests[22m[2m)[22m[32m 23[2mms[22m[39m
2026-10-10T09:01:42.0767304Z  [32m✓[39m apps/web/tests/catalog-import-file.test.ts [2m([22m[2m5 tests[22m[2m)[22m[32m 7[2mms[22m[39m
2026-10-10T09:01:42.4899338Z  [32m✓[39m apps/web/tests/push-capabilities.test.ts [2m([22m[2m2 tests[22m[2m)[22m[32m 7[2mms[22m[39m
2026-10-10T09:01:42.9338845Z  [32m✓[39m apps/web/tests/list-return.test.ts [2m([22m[2m3 tests[22m[2m)[22m[32m 7[2mms[22m[39m
2026-10-10T09:01:43.1998727Z  [32m✓[39m apps/web/tests/route-metadata.test.ts [2m([22m[2m2 tests[22m[2m)[22m[32m 43[2mms[22m[39m
2026-10-10T09:01:43.4921810Z  [32m✓[39m apps/web/tests/dashboard-labels.test.ts [2m([22m[2m3 tests[22m[2m)[22m[32m 5[2mms[22m[39m
2026-10-10T09:01:43.4963979Z 
2026-10-10T09:01:43.4972122Z [2m Test Files [22m [1m[32m23 passed[39m[22m[90m (23)[39m
2026-10-10T09:01:43.4973486Z [2m      Tests [22m [1m[32m238 passed[39m[22m[90m (238)[39m
2026-10-10T09:01:43.4974657Z [2m   Start at [22m 09:01:26
2026-10-10T09:01:43.4979219Z [2m   Duration [22m 16.95s[2m (tests 50%, environment 25%, import 17%, setup 4%, transform 3%)[22m
2026-10-10T09:01:43.4986487Z 
2026-10-10T09:01:43.4988432Z [2mEnvironment [22m [33mjsdom was created 23 times[39m[2m · 11.78s total, 25% of tracked time[22m
2026-10-10T09:01:43.4989757Z [2m            [22m [2mcreate it once per worker with [22m[33mpool: 'vmThreads'[39m[2m (keeps per-file isolation) or [22m[33misolate: false[39m[2m (shares it across files)[22m
2026-10-10T09:01:43.4990915Z [2m            [22m [2mlearn more: https://vitest.dev/guide/improving-performance#test-environments[22m
2026-10-10T09:01:43.4991410Z 
2026-10-10T09:01:43.6419458Z 
2026-10-10T09:01:43.6420071Z > botsales-frontend@0.1.0 build
2026-10-10T09:01:43.6420860Z > npm run generate:check && npm run typecheck && npm run build --workspace @botsales/web
2026-10-10T09:01:43.6421317Z 
2026-10-10T09:01:43.7409751Z 
2026-10-10T09:01:43.7410433Z > botsales-frontend@0.1.0 generate:check
2026-10-10T09:01:43.7411186Z > node scripts/generate.mjs --check
2026-10-10T09:01:43.7411542Z 
2026-10-10T09:01:43.9315875Z {"status":"PASS","outputs":15,"schemas":346,"operations":245,"routes":61}
2026-10-10T09:01:44.0451233Z 
2026-10-10T09:01:44.0451909Z > botsales-frontend@0.1.0 typecheck
2026-10-10T09:01:44.0452543Z > tsc -p apps/web/tsconfig.json --noEmit
2026-10-10T09:01:44.0452796Z 
2026-10-10T09:01:51.6097313Z 
2026-10-10T09:01:51.6097862Z > @botsales/web@0.1.0 build
2026-10-10T09:01:51.6098386Z > vite build --mode production
2026-10-10T09:01:51.6098604Z 
2026-10-10T09:01:51.8119690Z [36mvite v7.3.6 [32mbuilding client environment for production...[36m[39m
2026-10-10T09:01:51.8875693Z transforming...
2026-10-10T09:01:57.4471918Z [32m✓[39m 2077 modules transformed.
2026-10-10T09:01:57.9725986Z rendering chunks...
2026-10-10T09:01:58.2191442Z computing gzip size...
2026-10-10T09:01:58.2459370Z [2mdist/[22m[32mindex.html                            [39m[1m[2m  1.23 kB[22m[1m[22m[2m │ gzip:   0.61 kB[22m
2026-10-10T09:01:58.2461071Z [2mdist/[22m[2massets/[22m[35mindex-BQPx7lJM.css             [39m[1m[2m  3.56 kB[22m[1m[22m[2m │ gzip:   1.33 kB[22m
2026-10-10T09:01:58.2462680Z [2mdist/[22m[2massets/[22m[36mdownload-8lJFmiSZ.js           [39m[1m[2m  0.23 kB[22m[1m[22m[2m │ gzip:   0.17 kB[22m
2026-10-10T09:01:58.2464694Z [2mdist/[22m[2massets/[22m[36mfilters-CM07jGKE.js            [39m[1m[2m  0.32 kB[22m[1m[22m[2m │ gzip:   0.25 kB[22m
2026-10-10T09:01:58.2466454Z [2mdist/[22m[2massets/[22m[36mhooks-L2nh8X7I.js              [39m[1m[2m  4.59 kB[22m[1m[22m[2m │ gzip:   2.15 kB[22m
2026-10-10T09:01:58.2468158Z [2mdist/[22m[2massets/[22m[36mdraft-conflict-CQUoJQ4o.js     [39m[1m[2m  5.37 kB[22m[1m[22m[2m │ gzip:   2.49 kB[22m
2026-10-10T09:01:58.2469878Z [2mdist/[22m[2massets/[22m[36mindex-mquMxiPF.js              [39m[1m[2m  8.25 kB[22m[1m[22m[2m │ gzip:   3.27 kB[22m
2026-10-10T09:01:58.2471519Z [2mdist/[22m[2massets/[22m[36mindex-CiWOs-TV.js              [39m[1m[2m  9.42 kB[22m[1m[22m[2m │ gzip:   3.73 kB[22m
2026-10-10T09:01:58.2473172Z [2mdist/[22m[2massets/[22m[36mindex-DQGrQuEv.js              [39m[1m[2m 13.14 kB[22m[1m[22m[2m │ gzip:   5.19 kB[22m
2026-10-10T09:01:58.2475116Z [2mdist/[22m[2massets/[22m[36mindex-OVGPogNo.js              [39m[1m[2m 15.39 kB[22m[1m[22m[2m │ gzip:   5.90 kB[22m
2026-10-10T09:01:58.2477201Z [2mdist/[22m[2massets/[22m[36mindex-Bd9mcE3C.js              [39m[1m[2m 16.98 kB[22m[1m[22m[2m │ gzip:   5.58 kB[22m
2026-10-10T09:01:58.2478203Z [2mdist/[22m[2massets/[22m[36mindex-Bg61UgeK.js              [39m[1m[2m 16.99 kB[22m[1m[22m[2m │ gzip:   5.81 kB[22m
2026-10-10T09:01:58.2479177Z [2mdist/[22m[2massets/[22m[36mindex-PCRh2M1X.js              [39m[1m[2m 18.85 kB[22m[1m[22m[2m │ gzip:   6.33 kB[22m
2026-10-10T09:01:58.2480167Z [2mdist/[22m[2massets/[22m[36mindex-BUtDDvPf.js              [39m[1m[2m 19.08 kB[22m[1m[22m[2m │ gzip:   7.02 kB[22m
2026-10-10T09:01:58.2481125Z [2mdist/[22m[2massets/[22m[36mindex-CvmCKMdV.js              [39m[1m[2m 20.90 kB[22m[1m[22m[2m │ gzip:   6.92 kB[22m
2026-10-10T09:01:58.2482093Z [2mdist/[22m[2massets/[22m[36mindex-Dzt3sNfY.js              [39m[1m[2m 21.23 kB[22m[1m[22m[2m │ gzip:   7.65 kB[22m
2026-10-10T09:01:58.2483027Z [2mdist/[22m[2massets/[22m[36mindex-RfTtRmBG.js              [39m[1m[2m 24.80 kB[22m[1m[22m[2m │ gzip:   8.25 kB[22m
2026-10-10T09:01:58.2484825Z [2mdist/[22m[2massets/[22m[36mindex-DWs4xu4k.js              [39m[1m[2m 25.06 kB[22m[1m[22m[2m │ gzip:   8.46 kB[22m
2026-10-10T09:01:58.2486463Z [2mdist/[22m[2massets/[22m[36mindex-BSXDucyP.js              [39m[1m[2m 30.93 kB[22m[1m[22m[2m │ gzip:   9.93 kB[22m
2026-10-10T09:01:58.2488078Z [2mdist/[22m[2massets/[22m[36mindex-DattA6PL.js              [39m[1m[2m 32.48 kB[22m[1m[22m[2m │ gzip:  10.82 kB[22m
2026-10-10T09:01:58.2489639Z [2mdist/[22m[2massets/[22m[36mquery-Df7VyXaF.js              [39m[1m[2m 33.15 kB[22m[1m[22m[2m │ gzip:   9.92 kB[22m
2026-10-10T09:01:58.2491209Z [2mdist/[22m[2massets/[22m[36mindex-WDyY7fx-.js              [39m[1m[2m 42.03 kB[22m[1m[22m[2m │ gzip:  11.49 kB[22m
2026-10-10T09:01:58.2492770Z [2mdist/[22m[2massets/[22m[36mi18n-D4N_7Z3Q.js               [39m[1m[2m 46.14 kB[22m[1m[22m[2m │ gzip:  15.12 kB[22m
2026-10-10T09:01:58.2494602Z [2mdist/[22m[2massets/[22m[36mindex-BeRebE9w.js              [39m[1m[2m 64.28 kB[22m[1m[22m[2m │ gzip:  17.67 kB[22m
2026-10-10T09:01:58.2496256Z [2mdist/[22m[2massets/[22m[36mschemas-CoWCwirf.js            [39m[1m[2m 85.75 kB[22m[1m[22m[2m │ gzip:  25.72 kB[22m
2026-10-10T09:01:58.2498136Z [2mdist/[22m[2massets/[22m[36mindex-DgXyZ4_1.js              [39m[1m[2m100.89 kB[22m[1m[22m[2m │ gzip:  32.02 kB[22m
2026-10-10T09:01:58.2499732Z [2mdist/[22m[2massets/[22m[36mschema-validation-B78jEm7B.js  [39m[1m[2m149.80 kB[22m[1m[22m[2m │ gzip:  45.12 kB[22m
2026-10-10T09:01:58.2501432Z [2mdist/[22m[2massets/[22m[36mreact-runtime-gLMyUIL2.js      [39m[1m[2m279.79 kB[22m[1m[22m[2m │ gzip:  90.28 kB[22m
2026-10-10T09:01:58.2503131Z [2mdist/[22m[2massets/[22m[36mcharts-BwhaRlrs.js             [39m[1m[2m320.23 kB[22m[1m[22m[2m │ gzip:  96.79 kB[22m
2026-10-10T09:01:58.2505041Z [2mdist/[22m[2massets/[22m[36mmui-CJj7QyVx.js                [39m[1m[2m328.77 kB[22m[1m[22m[2m │ gzip: 100.20 kB[22m
2026-10-10T09:01:58.2506765Z [2mdist/[22m[2massets/[22m[36mcontract-data-BRT-TOMX.js      [39m[1m[2m368.62 kB[22m[1m[22m[2m │ gzip:  42.83 kB[22m
2026-10-10T09:01:58.2507841Z [32m✓ built in 6.41s[39m
2026-10-10T09:01:58.4454492Z 
2026-10-10T09:01:58.4455584Z > botsales-frontend@0.1.0 test:layout
2026-10-10T09:01:58.4456382Z > node --test tests/layout-checker.test.mjs tests/ui-layout-binding-gates.test.mjs && node scripts/check-layout.mjs
2026-10-10T09:01:58.4456872Z 
2026-10-10T09:02:48.3176657Z ✔ CSS label gap accepts the canonical direct pixel constructor and its exact owner/property (2200.172408ms)
2026-10-10T09:02:48.3180668Z ✔ CSS label gap cannot be used as an unrelated spacing property (2264.807881ms)
2026-10-10T09:02:48.3182177Z ✔ CSS label gap rejects a raw pixel constructor argument (2210.441993ms)
2026-10-10T09:02:48.3184136Z ✔ CSS label gap cannot impersonate a role from another owner (2297.231566ms)
2026-10-10T09:02:48.3186647Z ✔ accepts semantic bridge roles, the closed token-derived factor map, geometry, and reset values (2222.976257ms)
2026-10-10T09:02:48.3188277Z ✔ rejects a CSS spacing role without a declared shared owner (2223.581059ms)
2026-10-10T09:02:48.3225776Z ✔ rejects scale-conforming and off-scale literals in sx, responsive leaves, named and namespace MUI System props (2239.20046ms)
2026-10-10T09:02:48.3227829Z ✔ follows local aliases and style callbacks; rejects theme spacing helpers and preset overrides (2221.281547ms)
2026-10-10T09:02:48.3229791Z ✔ scans nested slotProps but does not confuse event handlers or geometric dimensions with spacing (2317.032819ms)
2026-10-10T09:02:48.3231553Z ✔ keeps Panel geometry inspectable and rejects spacing hidden in its geometry prop (6753.321727ms)
2026-10-10T09:02:48.3233198Z ✔ accepts only an exact CSS exception and reports stale or mismatched exception scope (6818.616086ms)
2026-10-10T09:02:48.3235266Z ✔ rejects malformed TypeScript, malformed CSS, bad exception schema, and raw values in the bridge (9181.298103ms)
2026-10-10T09:02:48.3237060Z ✔ rejects canonical pixel tokens used as MUI factors and an altered bridge factor table (4598.053044ms)
2026-10-10T09:02:48.3238784Z ✔ report mode inventories migration debt without turning findings into PASS (2225.493543ms)
2026-10-10T09:05:09.4277298Z ✔ canonical writes through casts and aliases fail outside style expressions (2360.073902ms)
2026-10-10T09:05:09.4279950Z ✔ Object.assign cannot mutate canonical data but can copy to a fresh object (4754.718595ms)
2026-10-10T09:05:09.4287657Z ✔ layout gate rejects raw spacing on const alias of MUI component (2368.343022ms)
2026-10-10T09:05:09.4290535Z ✔ canonical mutation gate follows global mutator aliases and reflection (2446.524715ms)
2026-10-10T09:05:09.4293060Z ✔ local mutator names do not acquire global mutation identity (2380.429544ms)
2026-10-10T09:05:09.4296461Z ✔ destructured mutators and call/apply retain canonical mutation checks (2507.38253ms)
2026-10-10T09:05:09.4298043Z ✔ global mutator call/apply can copy canonical values into fresh objects (2324.043039ms)
2026-10-10T09:05:09.4306008Z ✔ mutable aliases with possible canonical destinations fail closed (2448.079496ms)
2026-10-10T09:05:09.4317870Z ✔ opaque apply arguments fail closed while unrelated mutable data stays valid (4738.345118ms)
2026-10-10T09:05:09.4320735Z ✔ canonical references inside containers and destructured aliases cannot be mutated (2402.956778ms)
2026-10-10T09:05:09.4322429Z ✔ independent shallow copies of scalar canonical fields remain mutable (2481.707697ms)
2026-10-10T09:05:09.4324505Z ✔ array references and nested destructuring preserve canonical write provenance (2423.325708ms)
2026-10-10T09:05:09.4335281Z ✔ array destinations distinguish independent elements from canonical references (2463.935159ms)
2026-10-10T09:05:09.4358074Z ✔ array destructuring, dynamic indices and spread cannot hide canonical references (2368.94453ms)
2026-10-10T09:05:09.4360121Z ✔ dynamic indices and destructuring of independent arrays stay mutable (2414.926962ms)
2026-10-10T09:05:09.4361991Z ✔ function parameters cannot hide canonical mutation across source files (2455.639645ms)
2026-10-10T09:05:09.4364071Z ✔ read-only helpers and mutations of unrelated arguments remain valid (2323.203178ms)
2026-10-10T09:05:09.4365927Z ✔ returned canonical references remain protected across helper boundaries (2374.822886ms)
2026-10-10T09:05:09.4367917Z ✔ helper returns of fresh scalar copies do not retain canonical destination identity (2238.078111ms)
2026-10-10T09:05:09.4369667Z ✔ destructured object parameters cannot mutate canonical arguments (1796.400451ms)
2026-10-10T09:05:09.4371301Z ✔ destructured object parameters retain independent argument mutability (1764.112341ms)
2026-10-10T09:05:09.4377491Z ✔ default parameter and binding initializers cannot hide canonical mutations (1785.846105ms)
2026-10-10T09:05:09.4379647Z ✔ fresh default parameter and binding copies remain mutable (1792.979495ms)
2026-10-10T09:05:09.4381495Z ✔ rest parameters retain canonical argument write provenance (1783.729634ms)
2026-10-10T09:05:09.4383078Z ✔ rest parameters distinguish independent positions from canonical siblings (1760.553004ms)
2026-10-10T09:05:09.4385394Z ✔ finite spread arguments preserve shifted positional and rest destinations (1769.581596ms)
2026-10-10T09:05:09.4387210Z ✔ finite spread expansion keeps independent argument positions mutable (1801.612351ms)
2026-10-10T09:05:09.4388899Z ✔ opaque spreads keep positional mutation destinations unknown (1780.078356ms)
2026-10-10T09:05:09.4390553Z ✔ opaque spreads into read-only helpers do not invent mutation findings (1760.415486ms)
2026-10-10T09:05:09.4392393Z ✔ array parameter patterns retain canonical positions including nested object arrays (1798.44711ms)
2026-10-10T09:05:09.4394424Z ✔ array parameter patterns retain independent bound element mutability (1795.290953ms)
2026-10-10T09:05:09.4396090Z ✔ layout gate rejects parameter shadow of canonical layout name (1759.975888ms)
2026-10-10T09:05:09.4397595Z ✔ layout gate follows genuine renamed styled factory (1748.547504ms)
2026-10-10T09:05:09.4399235Z ✔ layout gate accepts canonical namespace, element access and barrel alias (1784.470478ms)
2026-10-10T09:05:09.4400925Z ✔ layout gate does not mistake local component named Stack for MUI (1770.146329ms)
2026-10-10T09:05:09.4402454Z ✔ layout gate inspects renamed installed Emotion css tag (1765.832741ms)
2026-10-10T09:05:09.4404265Z ✔ layout gate preserves genuine aliased Controller field forwarding (1783.431008ms)
2026-10-10T09:05:09.4406001Z ✔ a same-named local Controller cannot exempt an unknown prop spread (1752.532248ms)
2026-10-10T09:05:09.4407998Z ✔ genuine useForm registration survives property and destructured aliases (1765.936757ms)
2026-10-10T09:05:09.4409675Z ✔ a function named register cannot exempt injected style props (1748.565674ms)
2026-10-10T09:05:09.4411388Z ✔ a bridge callback parameter cannot impersonate its private factor binding (1764.969143ms)
2026-10-10T09:05:09.4413194Z ✔ opaque namespace component selection remains a strict binding failure (1763.71908ms)
2026-10-10T09:05:09.4415095Z ✔ opaque namespace factory cannot hide style arguments (1755.543094ms)
2026-10-10T09:05:09.4426030Z ✔ MUI re-export cannot hide raw spacing behind a first-party barrel (1755.903087ms)
2026-10-10T09:05:09.4457744Z ✔ destructuring assignments cannot hide canonical write targets (1772.215725ms)
2026-10-10T09:05:09.4464153Z ✔ destructuring assignments can update independent copied destinations (1767.871617ms)
2026-10-10T09:05:09.4465982Z ✔ object rest retains nested canonical references while copying the outer object (1769.299905ms)
2026-10-10T09:05:09.4467745Z ✔ rest scalar copies and replacement of container references stay mutable (1752.682632ms)
2026-10-10T09:05:09.4469231Z ✔ shallow object spread preserves canonical child references and last-writer order (1775.602111ms)
2026-10-10T09:05:09.4470571Z ✔ shallow spread with a later independent override stays mutable (1766.29774ms)
2026-10-10T09:05:09.4471497Z ✔ exported mutable aliases retain assignments from their declaring file (1778.869316ms)
2026-10-10T09:05:09.4472313Z ✔ exported independent mutable data does not acquire canonical provenance (1810.252662ms)
2026-10-10T09:05:09.4473094Z ✔ literal computed keys retain canonical container and parameter provenance (1801.244183ms)
2026-10-10T09:05:09.4474368Z ✔ literal computed keys do not taint independent selected properties (1831.397775ms)
2026-10-10T09:05:09.4475202Z ✔ Object.assign shallow copies retain canonical nested reference provenance (1826.410525ms)
2026-10-10T09:05:09.4476195Z ✔ Object.assign later independent overrides and scalar copies stay mutable (1810.704517ms)
2026-10-10T09:05:09.4477635Z ✔ union and dynamic property selections retain possible canonical destinations (1803.533411ms)
2026-10-10T09:05:09.4479130Z ✔ finite union property selections exclude canonical siblings not in the key set (1810.102838ms)
2026-10-10T09:05:09.4480587Z ✔ union selection over Object.assign output retains canonical child provenance (1771.790636ms)
2026-10-10T09:05:09.4482441Z ✔ union selection over independent Object.assign output remains mutable (1771.373936ms)
2026-10-10T09:05:09.4484192Z ✔ Reflect.set call/apply checks the target argument rather than the assigned value (5422.341761ms)
2026-10-10T09:05:09.4485630Z ✔ aliased React createElement checks MUI and native style objects (1829.601877ms)
2026-10-10T09:05:09.4487054Z ✔ GlobalStyles.styles is checked and local createElement names stay local (3574.436388ms)
2026-10-10T09:05:09.4488424Z ✔ React JSX runtime factories cannot bypass MUI or native style checks (1815.609446ms)
2026-10-10T09:05:09.4489822Z ✔ React cloneElement checks the cloned MUI element and preserves native props (7131.757765ms)
2026-10-10T09:05:09.4491322Z ✔ Emotion css props and object factories are inspected with native CSS semantics (5315.544792ms)
2026-10-10T09:05:09.4495141Z ✔ Inline style elements in JSX, React factories, DOM and the HTML entry fail closed (14164.620875ms)
2026-10-10T09:05:09.4496890Z ✔ DOM CSSOM spacing writes use semantic roles and reject opaque style strings (3524.067257ms)
2026-10-10T09:05:09.4498657Z ✔ HTML parsing and runtime stylesheet mutation cannot bypass the imported CSS boundary (3588.948614ms)
2026-10-10T09:05:09.4500517Z ✔ spacing shorthand values and responsive breakpoints preserve token and unit provenance (17720.058661ms)
2026-10-10T09:05:09.4502236Z ✔ function return producers cannot hide canonical children behind spreads (1820.294235ms)
2026-10-10T09:05:09.4503989Z ✔ producer spreads keep later independent child overrides writable (1766.497237ms)
2026-10-10T09:05:09.4610969Z ℹ tests 86
2026-10-10T09:05:09.4611701Z ℹ suites 0
2026-10-10T09:05:09.4612186Z ℹ pass 86
2026-10-10T09:05:09.4612669Z ℹ fail 0
2026-10-10T09:05:09.4613100Z ℹ cancelled 0
2026-10-10T09:05:09.4614614Z ℹ skipped 0
2026-10-10T09:05:09.4615285Z ℹ todo 0
2026-10-10T09:05:09.4615767Z ℹ duration_ms 190981.738887
2026-10-10T09:05:17.6556908Z layout-check PASS: 93 source files, 0 finding(s), 1 exception(s) used
2026-10-10T09:05:17.8534714Z 
2026-10-10T09:05:17.8535382Z > botsales-frontend@0.1.0 test:visual-tokens
2026-10-10T09:05:17.8536239Z > node --test tests/visual-token-checker.test.mjs && node scripts/check-visual-tokens.mjs
2026-10-10T09:05:17.8536739Z 
2026-10-10T09:05:21.8647276Z ✔ visual checker accepts canonical theme roles, token references, geometry and semantic responsive props (1081.725928ms)
2026-10-10T09:05:21.8649238Z ✔ visual checker rejects raw literals across sx, JSX system props and CSS declarations (624.306581ms)
2026-10-10T09:05:21.8651066Z ✔ visual checker follows local style aliases and callback themes, but fails raw nested values (596.396579ms)
2026-10-10T09:05:21.8652971Z ✔ visual checker reports unresolved spreads and malformed style sources as UNKNOWN or parse errors (539.518979ms)
2026-10-10T09:05:21.8654956Z ✔ visual checker includes newly added TSX files under the source root (571.650727ms)
2026-10-10T09:05:21.9294720Z ℹ tests 5
2026-10-10T09:05:21.9295264Z ℹ suites 0
2026-10-10T09:05:21.9295700Z ℹ pass 5
2026-10-10T09:05:21.9304552Z ℹ fail 0
2026-10-10T09:05:21.9304951Z ℹ cancelled 0
2026-10-10T09:05:21.9305343Z ℹ skipped 0
2026-10-10T09:05:21.9305588Z ℹ todo 0
2026-10-10T09:05:21.9305853Z ℹ duration_ms 4042.9233
2026-10-10T09:05:27.9204748Z visual-token-check PASS: 92 source files, 0 finding(s)
2026-10-10T09:05:28.0861459Z 
2026-10-10T09:05:28.0862202Z > botsales-frontend@0.1.0 test:ui-composition
2026-10-10T09:05:28.0863947Z > node --test tests/ui-composition-checker.test.mjs tests/ui-composition-ancestry.test.mjs tests/ui-shared-api-contract.test.mjs && node scripts/check-ui-composition.mjs
2026-10-10T09:05:28.0864964Z 
2026-10-10T09:05:45.3038753Z ✔ P10/P15 catch alias and neutral-wrapper duplicate insets through fragments and conditionals (1602.153911ms)
2026-10-10T09:05:45.3040700Z ✔ P20 resolves shared composition identities through a barrel and const component aliases (842.660749ms)
2026-10-10T09:05:45.3042416Z ✔ P11/P13 catch static element access roles on every MUI surface, including Paper (768.516792ms)
2026-10-10T09:05:45.3044377Z ✔ P12 checks React createElement and JSX-runtime element factories (713.184121ms)
2026-10-10T09:05:45.3045965Z ✔ P14 resolves bodyMode literal aliases and fails closed when ownership is unknown (2338.241594ms)
2026-10-10T09:05:45.3055913Z ✔ checks Panel ancestry when React elements are created natively (898.553666ms)
2026-10-10T09:05:45.3057258Z ✔ keeps independent nested surfaces and portaled dialogs as separate owners (1315.27226ms)
2026-10-10T09:05:45.3059976Z ✔ accepts finite bodyMode branches and every mode in the public component contracts (1760.482994ms)
2026-10-10T09:05:45.3061609Z ✔ stops inherited gap ownership at Panels and independent bordered surfaces (1044.192223ms)
2026-10-10T09:05:45.3063947Z ✔ tracks gaps through fragments, conditions and ready QueryState, but not inside DOM wrappers (513.159729ms)
2026-10-10T09:05:45.3065140Z ✔ applies the same finite modes and wrapper boundaries to native React factories (1026.156585ms)
2026-10-10T09:05:45.3066604Z ✔ recognizes native outlined Paper and nested Box surface inset boundaries (1013.57862ms)
2026-10-10T09:05:45.3072155Z ✔ fails closed when an unresolved custom wrapper obscures a semantic gap owner (490.043521ms)
2026-10-10T09:05:45.3074375Z ✔ rejects unsupported placement and rhythm values while accepting finite aliases and branches (1043.310953ms)
2026-10-10T09:05:45.3076128Z ✔ rejects unsupported finite values through React element factories (992.192978ms)
2026-10-10T09:05:45.4122542Z ✔ accepts semantic composition, closed geometry and business-specific MUI primitives (15.077482ms)
2026-10-10T09:05:45.4124590Z ✔ rejects rebuilding each shared spacing owner at a consumer (6.241122ms)
2026-10-10T09:05:45.4126299Z ✔ follows aliases, local style variables, object spreads and namespace imports (2.530689ms)
2026-10-10T09:05:45.4128010Z ✔ rejects direct and spread spacing overrides on semantic components (1.809942ms)
2026-10-10T09:05:45.4129519Z ✔ rejects spacing or opaque spreads hidden in geometry (0.912385ms)
2026-10-10T09:05:45.4131182Z ✔ allows the canonical owner implementation and fails closed on malformed source (2.223184ms)
2026-10-10T09:05:45.4132743Z ✔ rejects duplicated parent boundary and duplicated Panel inset (3.312349ms)
2026-10-10T09:05:45.4134491Z ✔ checks default MUI imports and fails closed for opaque geometry (1.574482ms)
2026-10-10T09:05:45.4136242Z ✔ distinguishes content grids from flex flows when reporting the shared owner (0.946077ms)
2026-10-10T09:05:45.4137690Z ✔ rejects page spacing for paired fields and peer Panels without a section gap owner (5.31966ms)
2026-10-10T09:05:45.4139165Z ✔ related sibling gaps belong to ActionGroup comfortable density, not consumer Stack styles (1.386651ms)
2026-10-10T09:05:45.4140008Z ✔ density profiles are finite and new spacing paths retain the shared owner (4.312077ms)
2026-10-10T09:05:45.4140878Z ✔ Amount consumers declare wrapping outside DataTable columns and keep table money unbroken (176.055846ms)
2026-10-10T09:05:45.4141774Z ✔ the shared catalog covers every public React component and supporting Column type (125.944616ms)
2026-10-10T09:05:45.4142579Z ✔ SPC-067 covers discovered public Shared APIs without a fixed export count (1.366884ms)
2026-10-10T09:05:45.4143275Z ✔ every public React API has a direct rendered contract test (2.430842ms)
2026-10-10T09:05:45.4144434Z ✔ catalog declaration lines and stated JSX counts match resolved source symbols (313.852931ms)
2026-10-10T09:05:45.4145379Z ✔ every shared React export has a resolved production consumer or an explicit zero-use lifecycle decision (178.600112ms)
2026-10-10T09:05:45.4146372Z ✔ required UI evidence and regression gates remain wired to root verify and the active parent workflow (0.788864ms)
2026-10-10T09:05:45.4147176Z ✔ composition prop allowlists match the TypeScript owners exactly (0.461773ms)
2026-10-10T09:05:45.4147894Z ✔ QueryState uses only the approved inline and section pending profiles (0.60491ms)
2026-10-10T09:05:45.4149043Z ✔ QueryState consumers reserve section loading for primary content and keep every other state inline by default (138.441356ms)
2026-10-10T09:05:45.4149937Z ✔ body modes, placement roles and geometry keys match the TypeScript contracts (3.05592ms)
2026-10-10T09:05:45.4150659Z ✔ Panel geometry and DataTable columns remain closed public contracts (9.899427ms)
2026-10-10T09:05:45.4151461Z ✔ shared component and composition props expose no arbitrary layout/style escape hatch (0.587086ms)
2026-10-10T09:05:45.4152319Z ✔ layout role types, runtime values, consumers and ownership documentation stay closed (6892.615064ms)
2026-10-10T09:05:45.4152830Z ℹ tests 41
2026-10-10T09:05:45.4153049Z ℹ suites 0
2026-10-10T09:05:45.4153261Z ℹ pass 41
2026-10-10T09:05:45.4153468Z ℹ fail 0
2026-10-10T09:05:45.4153961Z ℹ cancelled 0
2026-10-10T09:05:45.4154192Z ℹ skipped 0
2026-10-10T09:05:45.4154410Z ℹ todo 0
2026-10-10T09:05:45.4154658Z ℹ duration_ms 17292.493267
2026-10-10T09:07:21.4897495Z ui-composition PASS: 91 source files, 0 finding(s)
2026-10-10T09:07:21.4898454Z 
2026-10-10T09:07:21.6821760Z 
2026-10-10T09:07:21.6822386Z > botsales-frontend@0.1.0 test:evidence
2026-10-10T09:07:21.6823877Z > node --test tests/ui-evidence-validator.test.mjs && node scripts/validate-ui-evidence.mjs evidence/frontend-ui-improvements/ui-governance-rollout-20261007/S17-current-evidence.json
2026-10-10T09:07:21.6824769Z 
2026-10-10T09:07:21.7903896Z ✔ accepts current fingerprints, honest open coverage, and explained N/A (4.100692ms)
2026-10-10T09:07:21.7905303Z ✔ rejects a stale source fingerprint (1.928534ms)
2026-10-10T09:07:21.7907526Z ✔ rejects a stale command log (1.053473ms)
2026-10-10T09:07:21.7909675Z ✔ rejects missing, absolute, and escaping source paths (0.983012ms)
2026-10-10T09:07:21.7914085Z ✔ rejects unrun, missing, duplicate, and nonzero command results marked PASS (1.074392ms)
2026-10-10T09:07:21.7916117Z ✔ rejects PASS when expected and observed results differ (0.833813ms)
2026-10-10T09:07:21.7918033Z ✔ rejects inconsistent coverage and N/A without a reason (0.840747ms)
2026-10-10T09:07:21.7920057Z ✔ rejects a baseline falsely dated after implementation started and detects changed baseline artifacts (1.408595ms)
2026-10-10T09:07:21.7925482Z ✔ COMPLETE cannot contain open coverage or failed commands (1.213812ms)
2026-10-10T09:07:21.7927743Z ✔ S19 must explicitly reconcile files, APIs, routes, rendered routes, slots, and states (1.298269ms)
2026-10-10T09:07:21.7929753Z ✔ rejects malformed top-level evidence instead of treating missing fields as success (0.608414ms)
2026-10-10T09:07:21.8027382Z ℹ tests 11
2026-10-10T09:07:21.8027796Z ℹ suites 0
2026-10-10T09:07:21.8028192Z ℹ pass 11
2026-10-10T09:07:21.8028565Z ℹ fail 0
2026-10-10T09:07:21.8028942Z ℹ cancelled 0
2026-10-10T09:07:21.8029336Z ℹ skipped 0
2026-10-10T09:07:21.8029703Z ℹ todo 0
2026-10-10T09:07:21.8030062Z ℹ duration_ms 86.196731
2026-10-10T09:07:21.8746571Z ui-evidence PASS: S17; 3 command/log record(s), 3 coverage row(s), 275 current fingerprint(s); status=COMPLETE
2026-10-10T09:07:21.8982576Z ##[group]Run npm run test:e2e -- --project=chromium --reporter=line
2026-10-10T09:07:21.8983095Z [36;1mnpm run test:e2e -- --project=chromium --reporter=line[0m
2026-10-10T09:07:21.9046069Z shell: /usr/bin/bash -e {0}
2026-10-10T09:07:21.9046343Z ##[endgroup]
2026-10-10T09:07:22.0254100Z 
2026-10-10T09:07:22.0254869Z > botsales-frontend@0.1.0 test:e2e
2026-10-10T09:07:22.0257878Z > node scripts/run-e2e.mjs --project=chromium --reporter=line
2026-10-10T09:07:22.0258706Z 
2026-10-10T09:07:22.0604366Z 
2026-10-10T09:07:22.0605146Z > npm run setup
2026-10-10T09:07:22.1817762Z 
2026-10-10T09:07:22.1818327Z > botsales-frontend@0.1.0 setup
2026-10-10T09:07:22.1818899Z > node scripts/setup.mjs
2026-10-10T09:07:22.1819108Z 
2026-10-10T09:07:22.4208853Z {"status":"PASS","outputs":15,"schemas":346,"operations":245,"routes":61}
2026-10-10T09:07:22.5171965Z Copying the worker script at "/home/runner/work/Bot-AI-Ban-hang-FB/Bot-AI-Ban-hang-FB/BotSalesAI_Frontend/apps/web/public"...
2026-10-10T09:07:22.5217890Z 
2026-10-10T09:07:22.5218576Z [32mWorker script successfully copied![39m
2026-10-10T09:07:22.5219171Z [90m  - public
2026-10-10T09:07:22.5219444Z [39m
2026-10-10T09:07:22.5219842Z Continue by describing the network in your application:
2026-10-10T09:07:22.5220144Z 
2026-10-10T09:07:22.5220150Z 
2026-10-10T09:07:22.5220453Z [31m[1mhttps://mswjs.io/docs/quick-start[22m[39m
2026-10-10T09:07:22.5220722Z 
2026-10-10T09:07:22.5282816Z Thiết lập xong. npm run dev chạy frontend mô phỏng; không kết nối khách hàng hoặc provider thật.
2026-10-10T09:07:22.5397979Z 
2026-10-10T09:07:22.5398393Z > npm run build
2026-10-10T09:07:22.6406844Z 
2026-10-10T09:07:22.6407539Z > botsales-frontend@0.1.0 build
2026-10-10T09:07:22.6408605Z > npm run generate:check && npm run typecheck && npm run build --workspace @botsales/web
2026-10-10T09:07:22.6409268Z 
2026-10-10T09:07:22.7463253Z 
2026-10-10T09:07:22.7464187Z > botsales-frontend@0.1.0 generate:check
2026-10-10T09:07:22.7465081Z > node scripts/generate.mjs --check
2026-10-10T09:07:22.7465551Z 
2026-10-10T09:07:22.9338173Z {"status":"PASS","outputs":15,"schemas":346,"operations":245,"routes":61}
2026-10-10T09:07:23.0460690Z 
2026-10-10T09:07:23.0461346Z > botsales-frontend@0.1.0 typecheck
2026-10-10T09:07:23.0462084Z > tsc -p apps/web/tsconfig.json --noEmit
2026-10-10T09:07:23.0462476Z 
2026-10-10T09:07:30.5852770Z 
2026-10-10T09:07:30.5854068Z > @botsales/web@0.1.0 build
2026-10-10T09:07:30.5854744Z > vite build --mode production
2026-10-10T09:07:30.5854995Z 
2026-10-10T09:07:30.7538537Z [36mvite v7.3.6 [32mbuilding client environment for production...[36m[39m
2026-10-10T09:07:30.8291911Z transforming...
2026-10-10T09:07:36.3922820Z [32m✓[39m 2077 modules transformed.
2026-10-10T09:07:36.9404880Z rendering chunks...
2026-10-10T09:07:37.1862086Z computing gzip size...
2026-10-10T09:07:37.2121069Z [2mdist/[22m[32mindex.html                            [39m[1m[2m  1.23 kB[22m[1m[22m[2m │ gzip:   0.61 kB[22m
2026-10-10T09:07:37.2122969Z [2mdist/[22m[2massets/[22m[35mindex-BQPx7lJM.css             [39m[1m[2m  3.56 kB[22m[1m[22m[2m │ gzip:   1.33 kB[22m
2026-10-10T09:07:37.2125032Z [2mdist/[22m[2massets/[22m[36mdownload-8lJFmiSZ.js           [39m[1m[2m  0.23 kB[22m[1m[22m[2m │ gzip:   0.17 kB[22m
2026-10-10T09:07:37.2126745Z [2mdist/[22m[2massets/[22m[36mfilters-CM07jGKE.js            [39m[1m[2m  0.32 kB[22m[1m[22m[2m │ gzip:   0.25 kB[22m
2026-10-10T09:07:37.2128424Z [2mdist/[22m[2massets/[22m[36mhooks-L2nh8X7I.js              [39m[1m[2m  4.59 kB[22m[1m[22m[2m │ gzip:   2.15 kB[22m
2026-10-10T09:07:37.2130115Z [2mdist/[22m[2massets/[22m[36mdraft-conflict-CQUoJQ4o.js     [39m[1m[2m  5.37 kB[22m[1m[22m[2m │ gzip:   2.49 kB[22m
2026-10-10T09:07:37.2131815Z [2mdist/[22m[2massets/[22m[36mindex-mquMxiPF.js              [39m[1m[2m  8.25 kB[22m[1m[22m[2m │ gzip:   3.27 kB[22m
2026-10-10T09:07:37.2134133Z [2mdist/[22m[2massets/[22m[36mindex-CiWOs-TV.js              [39m[1m[2m  9.42 kB[22m[1m[22m[2m │ gzip:   3.73 kB[22m
2026-10-10T09:07:37.2136579Z [2mdist/[22m[2massets/[22m[36mindex-DQGrQuEv.js              [39m[1m[2m 13.14 kB[22m[1m[22m[2m │ gzip:   5.19 kB[22m
2026-10-10T09:07:37.2137647Z [2mdist/[22m[2massets/[22m[36mindex-OVGPogNo.js              [39m[1m[2m 15.39 kB[22m[1m[22m[2m │ gzip:   5.90 kB[22m
2026-10-10T09:07:37.2138605Z [2mdist/[22m[2massets/[22m[36mindex-Bd9mcE3C.js              [39m[1m[2m 16.98 kB[22m[1m[22m[2m │ gzip:   5.58 kB[22m
2026-10-10T09:07:37.2139573Z [2mdist/[22m[2massets/[22m[36mindex-Bg61UgeK.js              [39m[1m[2m 16.99 kB[22m[1m[22m[2m │ gzip:   5.81 kB[22m
2026-10-10T09:07:37.2140513Z [2mdist/[22m[2massets/[22m[36mindex-PCRh2M1X.js              [39m[1m[2m 18.85 kB[22m[1m[22m[2m │ gzip:   6.33 kB[22m
2026-10-10T09:07:37.2141434Z [2mdist/[22m[2massets/[22m[36mindex-BUtDDvPf.js              [39m[1m[2m 19.08 kB[22m[1m[22m[2m │ gzip:   7.02 kB[22m
2026-10-10T09:07:37.2142597Z [2mdist/[22m[2massets/[22m[36mindex-CvmCKMdV.js              [39m[1m[2m 20.90 kB[22m[1m[22m[2m │ gzip:   6.92 kB[22m
2026-10-10T09:07:37.2143852Z [2mdist/[22m[2massets/[22m[36mindex-Dzt3sNfY.js              [39m[1m[2m 21.23 kB[22m[1m[22m[2m │ gzip:   7.65 kB[22m
2026-10-10T09:07:37.2144974Z [2mdist/[22m[2massets/[22m[36mindex-RfTtRmBG.js              [39m[1m[2m 24.80 kB[22m[1m[22m[2m │ gzip:   8.25 kB[22m
2026-10-10T09:07:37.2145912Z [2mdist/[22m[2massets/[22m[36mindex-DWs4xu4k.js              [39m[1m[2m 25.06 kB[22m[1m[22m[2m │ gzip:   8.46 kB[22m
2026-10-10T09:07:37.2146823Z [2mdist/[22m[2massets/[22m[36mindex-BSXDucyP.js              [39m[1m[2m 30.93 kB[22m[1m[22m[2m │ gzip:   9.93 kB[22m
2026-10-10T09:07:37.2147759Z [2mdist/[22m[2massets/[22m[36mindex-DattA6PL.js              [39m[1m[2m 32.48 kB[22m[1m[22m[2m │ gzip:  10.82 kB[22m
2026-10-10T09:07:37.2148689Z [2mdist/[22m[2massets/[22m[36mquery-Df7VyXaF.js              [39m[1m[2m 33.15 kB[22m[1m[22m[2m │ gzip:   9.92 kB[22m
2026-10-10T09:07:37.2149610Z [2mdist/[22m[2massets/[22m[36mindex-WDyY7fx-.js              [39m[1m[2m 42.03 kB[22m[1m[22m[2m │ gzip:  11.49 kB[22m
2026-10-10T09:07:37.2150542Z [2mdist/[22m[2massets/[22m[36mi18n-D4N_7Z3Q.js               [39m[1m[2m 46.14 kB[22m[1m[22m[2m │ gzip:  15.12 kB[22m
2026-10-10T09:07:37.2151457Z [2mdist/[22m[2massets/[22m[36mindex-BeRebE9w.js              [39m[1m[2m 64.28 kB[22m[1m[22m[2m │ gzip:  17.67 kB[22m
2026-10-10T09:07:37.2152368Z [2mdist/[22m[2massets/[22m[36mschemas-CoWCwirf.js            [39m[1m[2m 85.75 kB[22m[1m[22m[2m │ gzip:  25.72 kB[22m
2026-10-10T09:07:37.2153284Z [2mdist/[22m[2massets/[22m[36mindex-DgXyZ4_1.js              [39m[1m[2m100.89 kB[22m[1m[22m[2m │ gzip:  32.02 kB[22m
2026-10-10T09:07:37.2154552Z [2mdist/[22m[2massets/[22m[36mschema-validation-B78jEm7B.js  [39m[1m[2m149.80 kB[22m[1m[22m[2m │ gzip:  45.12 kB[22m
2026-10-10T09:07:37.2155544Z [2mdist/[22m[2massets/[22m[36mreact-runtime-gLMyUIL2.js      [39m[1m[2m279.79 kB[22m[1m[22m[2m │ gzip:  90.28 kB[22m
2026-10-10T09:07:37.2156493Z [2mdist/[22m[2massets/[22m[36mcharts-BwhaRlrs.js             [39m[1m[2m320.23 kB[22m[1m[22m[2m │ gzip:  96.79 kB[22m
2026-10-10T09:07:37.2157407Z [2mdist/[22m[2massets/[22m[36mmui-CJj7QyVx.js                [39m[1m[2m328.77 kB[22m[1m[22m[2m │ gzip: 100.20 kB[22m
2026-10-10T09:07:37.2158359Z [2mdist/[22m[2massets/[22m[36mcontract-data-BRT-TOMX.js      [39m[1m[2m368.62 kB[22m[1m[22m[2m │ gzip:  42.83 kB[22m
2026-10-10T09:07:37.2158984Z [32m✓ built in 6.44s[39m
2026-10-10T09:07:37.3122631Z 
2026-10-10T09:07:37.3123206Z > npm run build:demo
2026-10-10T09:07:37.4086688Z 
2026-10-10T09:07:37.4087314Z > botsales-frontend@0.1.0 build:demo
2026-10-10T09:07:37.4088026Z > npm run generate:check && npm run typecheck && npm run build:demo --workspace @botsales/web
2026-10-10T09:07:37.4088714Z 
2026-10-10T09:07:37.5090964Z 
2026-10-10T09:07:37.5091687Z > botsales-frontend@0.1.0 generate:check
2026-10-10T09:07:37.5092454Z > node scripts/generate.mjs --check
2026-10-10T09:07:37.5092807Z 
2026-10-10T09:07:37.6894744Z {"status":"PASS","outputs":15,"schemas":346,"operations":245,"routes":61}
2026-10-10T09:07:37.8056300Z 
2026-10-10T09:07:37.8056948Z > botsales-frontend@0.1.0 typecheck
2026-10-10T09:07:37.8057542Z > tsc -p apps/web/tsconfig.json --noEmit
2026-10-10T09:07:37.8057796Z 
2026-10-10T09:07:45.4248019Z 
2026-10-10T09:07:45.4248694Z > @botsales/web@0.1.0 build:demo
2026-10-10T09:07:45.4249398Z > vite build --mode demo --outDir dist-demo
2026-10-10T09:07:45.4249685Z 
2026-10-10T09:07:45.5919713Z [36mvite v7.3.6 [32mbuilding client environment for demo...[36m[39m
2026-10-10T09:07:45.6605799Z transforming...
2026-10-10T09:07:51.8546660Z [32m✓[39m 2293 modules transformed.
2026-10-10T09:07:52.4424973Z rendering chunks...
2026-10-10T09:07:52.7318355Z computing gzip size...
2026-10-10T09:07:52.7627357Z [2mdist-demo/[22m[32mindex.html                            [39m[1m[2m  1.23 kB[22m[1m[22m[2m │ gzip:   0.61 kB[22m
2026-10-10T09:07:52.7629168Z [2mdist-demo/[22m[2massets/[22m[35mindex-BQPx7lJM.css             [39m[1m[2m  3.56 kB[22m[1m[22m[2m │ gzip:   1.33 kB[22m
2026-10-10T09:07:52.7630970Z [2mdist-demo/[22m[2massets/[22m[36mdownload-CWiaXb8A.js           [39m[1m[2m  0.24 kB[22m[1m[22m[2m │ gzip:   0.17 kB[22m
2026-10-10T09:07:52.7632652Z [2mdist-demo/[22m[2massets/[22m[36mfilters-CirfTR7_.js            [39m[1m[2m  0.32 kB[22m[1m[22m[2m │ gzip:   0.25 kB[22m
2026-10-10T09:07:52.7634036Z [2mdist-demo/[22m[2massets/[22m[36mcontrol-Criu5A-7.js            [39m[1m[2m  1.73 kB[22m[1m[22m[2m │ gzip:   0.94 kB[22m
2026-10-10T09:07:52.7635794Z [2mdist-demo/[22m[2massets/[22m[36mhooks-BeC01d3Y.js              [39m[1m[2m  4.59 kB[22m[1m[22m[2m │ gzip:   2.15 kB[22m
2026-10-10T09:07:52.7637624Z [2mdist-demo/[22m[2massets/[22m[36mdraft-conflict-tNpI-HAo.js     [39m[1m[2m  5.37 kB[22m[1m[22m[2m │ gzip:   2.49 kB[22m
2026-10-10T09:07:52.7638773Z [2mdist-demo/[22m[2massets/[22m[36mindex-SkfVeie4.js              [39m[1m[2m  8.79 kB[22m[1m[22m[2m │ gzip:   3.47 kB[22m
2026-10-10T09:07:52.7639776Z [2mdist-demo/[22m[2massets/[22m[36mindex-DH5AOH0G.js              [39m[1m[2m  9.42 kB[22m[1m[22m[2m │ gzip:   3.73 kB[22m
2026-10-10T09:07:52.7641391Z [2mdist-demo/[22m[2massets/[22m[36mindex-B3gGpiMi.js              [39m[1m[2m 13.14 kB[22m[1m[22m[2m │ gzip:   5.18 kB[22m
2026-10-10T09:07:52.7643057Z [2mdist-demo/[22m[2massets/[22m[36mindex-D3UNZ1L-.js              [39m[1m[2m 15.09 kB[22m[1m[22m[2m │ gzip:   5.71 kB[22m
2026-10-10T09:07:52.7644972Z [2mdist-demo/[22m[2massets/[22m[36mindex-BWSxRwQH.js              [39m[1m[2m 17.14 kB[22m[1m[22m[2m │ gzip:   5.61 kB[22m
2026-10-10T09:07:52.7646650Z [2mdist-demo/[22m[2massets/[22m[36mindex-BGP_Ad-y.js              [39m[1m[2m 18.85 kB[22m[1m[22m[2m │ gzip:   6.33 kB[22m
2026-10-10T09:07:52.7648379Z [2mdist-demo/[22m[2massets/[22m[36mindex-01nb5nQj.js              [39m[1m[2m 19.18 kB[22m[1m[22m[2m │ gzip:   6.54 kB[22m
2026-10-10T09:07:52.7650117Z [2mdist-demo/[22m[2massets/[22m[36mindex-DgCh8QFc.js              [39m[1m[2m 19.28 kB[22m[1m[22m[2m │ gzip:   7.08 kB[22m
2026-10-10T09:07:52.7651918Z [2mdist-demo/[22m[2massets/[22m[36mindex-Cco5VbEE.js              [39m[1m[2m 20.90 kB[22m[1m[22m[2m │ gzip:   6.92 kB[22m
2026-10-10T09:07:52.7653924Z [2mdist-demo/[22m[2massets/[22m[36mindex-hYjqNRGb.js              [39m[1m[2m 24.80 kB[22m[1m[22m[2m │ gzip:   8.24 kB[22m
2026-10-10T09:07:52.7655793Z [2mdist-demo/[22m[2massets/[22m[36mindex-BDJDBZpL.js              [39m[1m[2m 25.47 kB[22m[1m[22m[2m │ gzip:   8.62 kB[22m
2026-10-10T09:07:52.7657874Z [2mdist-demo/[22m[2massets/[22m[36mindex-DQbFFBlT.js              [39m[1m[2m 28.10 kB[22m[1m[22m[2m │ gzip:   9.80 kB[22m
2026-10-10T09:07:52.7659861Z [2mdist-demo/[22m[2massets/[22m[36mindex-DX4hKm3W.js              [39m[1m[2m 30.93 kB[22m[1m[22m[2m │ gzip:   9.93 kB[22m
2026-10-10T09:07:52.7661707Z [2mdist-demo/[22m[2massets/[22m[36mindex-f6PQjW3Q.js              [39m[1m[2m 32.93 kB[22m[1m[22m[2m │ gzip:  10.94 kB[22m
2026-10-10T09:07:52.7663770Z [2mdist-demo/[22m[2massets/[22m[36mquery-Df7VyXaF.js              [39m[1m[2m 33.15 kB[22m[1m[22m[2m │ gzip:   9.92 kB[22m
2026-10-10T09:07:52.7665586Z [2mdist-demo/[22m[2massets/[22m[36mindex-D6MJeQeX.js              [39m[1m[2m 42.03 kB[22m[1m[22m[2m │ gzip:  11.49 kB[22m
2026-10-10T09:07:52.7667344Z [2mdist-demo/[22m[2massets/[22m[36mi18n-D4N_7Z3Q.js               [39m[1m[2m 46.14 kB[22m[1m[22m[2m │ gzip:  15.12 kB[22m
2026-10-10T09:07:52.7669101Z [2mdist-demo/[22m[2massets/[22m[36mindex-BoOL50Pn.js              [39m[1m[2m 65.49 kB[22m[1m[22m[2m │ gzip:  18.10 kB[22m
2026-10-10T09:07:52.7670915Z [2mdist-demo/[22m[2massets/[22m[36mschemas-CoWCwirf.js            [39m[1m[2m 85.75 kB[22m[1m[22m[2m │ gzip:  25.72 kB[22m
2026-10-10T09:07:52.7672711Z [2mdist-demo/[22m[2massets/[22m[36mindex-C6ptp12n.js              [39m[1m[2m105.42 kB[22m[1m[22m[2m │ gzip:  33.42 kB[22m
2026-10-10T09:07:52.7674851Z [2mdist-demo/[22m[2massets/[22m[36mschema-validation-B78jEm7B.js  [39m[1m[2m149.80 kB[22m[1m[22m[2m │ gzip:  45.12 kB[22m
2026-10-10T09:07:52.7676738Z [2mdist-demo/[22m[2massets/[22m[36mservice-DOnisuXi.js            [39m[1m[2m233.46 kB[22m[1m[22m[2m │ gzip:  54.15 kB[22m
2026-10-10T09:07:52.7678551Z [2mdist-demo/[22m[2massets/[22m[36mbrowser-CQeKKnYr.js            [39m[1m[2m255.64 kB[22m[1m[22m[2m │ gzip:  87.02 kB[22m
2026-10-10T09:07:52.7680437Z [2mdist-demo/[22m[2massets/[22m[36mreact-runtime-gLMyUIL2.js      [39m[1m[2m279.79 kB[22m[1m[22m[2m │ gzip:  90.28 kB[22m
2026-10-10T09:07:52.7682286Z [2mdist-demo/[22m[2massets/[22m[36mcharts-uDdGNk6t.js             [39m[1m[2m320.23 kB[22m[1m[22m[2m │ gzip:  96.79 kB[22m
2026-10-10T09:07:52.7684143Z [2mdist-demo/[22m[2massets/[22m[36mmui-CUCPJGs1.js                [39m[1m[2m328.77 kB[22m[1m[22m[2m │ gzip: 100.20 kB[22m
2026-10-10T09:07:52.7685910Z [2mdist-demo/[22m[2massets/[22m[36mcontract-data-CJyvN5AM.js      [39m[1m[2m375.47 kB[22m[1m[22m[2m │ gzip:  44.43 kB[22m
2026-10-10T09:07:52.7687024Z [32m✓ built in 7.16s[39m
2026-10-10T09:07:52.8679931Z 
2026-10-10T09:07:52.8680932Z > node node_modules/@playwright/test/cli.js test --project=chromium --reporter=line
2026-10-10T09:07:56.0782448Z 
2026-10-10T09:07:56.0783140Z Running 406 tests using 1 worker
2026-10-10T09:07:56.0783816Z 
2026-10-10T09:07:56.9008875Z [1/406] [chromium] › tests/accessibility/routes.spec.ts:17:1 › all canonical routes pass whole-page WCAG 2.1 A/AA axe checks in the React demo
2026-10-10T09:10:13.8224681Z [2/406] [chromium] › tests/accessibility/routes.spec.ts:84:1 › contained action buttons do not animate between contrasting enabled and disabled color pairs
2026-10-10T09:10:17.5791783Z [3/406] [chromium] › tests/artifacts/demo-preview.spec.ts:40:1 › the built demo artifact serves the React UI and synthetic API through preview
2026-10-10T09:10:18.8189806Z [chromium] › tests/artifacts/demo-preview.spec.ts:40:1 › the built demo artifact serves the React UI and synthetic API through preview
2026-10-10T09:10:18.8210318Z [artifact-preview] {"scope":"FRONTEND_WITH_SYNTHETIC_MOCK_API","artifact":"apps/web/dist-demo","browserMetrics":{"browser":"Mozilla/5.0 (Windows NT 10.0; Win64; x64) AppleWebKit/537.36 (KHTML, like Gecko) Chrome/153.0.8010.12 Safari/537.36","viewport":{"width":1280,"height":720},"route":"/s/shop-demo/overview","domContentLoadedMs":170,"loadEventMs":170,"scriptCount":11,"scriptTransferBytes":482369,"scriptAssets":[{"file":"index-C6ptp12n.js","transferBytes":33723,"decodedBytes":105422,"durationMs":29},{"file":"query-Df7VyXaF.js","transferBytes":10222,"decodedBytes":33154,"durationMs":18},{"file":"react-runtime-gLMyUIL2.js","transferBytes":90583,"decodedBytes":279787,"durationMs":46},{"file":"contract-data-CJyvN5AM.js","transferBytes":44731,"decodedBytes":375469,"durationMs":45},{"file":"mui-CUCPJGs1.js","transferBytes":100504,"decodedBytes":328773,"durationMs":48},{"file":"schema-validation-B78jEm7B.js","transferBytes":45420,"decodedBytes":149800,"durationMs":42},{"file":"i18n-D4N_7Z3Q.js","transferBytes":15416,"decodedBytes":46142,"durationMs":35},{"file":"browser-CQeKKnYr.js","transferBytes":87316,"decodedBytes":255636,"durationMs":18},{"file":"service-DOnisuXi.js","transferBytes":54454,"decodedBytes":233456,"durationMs":16},{"file":"index-DH5AOH0G.js","transferBytes":0,"decodedBytes":9416,"durationMs":92},{"file":"hooks-BeC01d3Y.js","transferBytes":0,"decodedBytes":4585,"durationMs":107}]},"bundles":{"javascriptFiles":32,"totalBytes":2617401,"totalGzipBytes":735870,"initialRouteGzipBytes":485552,"proposedBudgets":{"initialRouteGzipKiB":500,"largestChunkGzipKiB":200,"basis":"Local demo preview limits for the measured Chromium artifact; not a backend or platform SLO."},"largest":[{"file":"apps/web/dist-demo/assets/contract-data-CJyvN5AM.js","bytes":375469,"gzipBytes":44431},{"file":"apps/web/dist-demo/assets/mui-CUCPJGs1.js","bytes":328773,"gzipBytes":100204},{"file":"apps/web/dist-demo/assets/charts-uDdGNk6t.js","bytes":320234,"gzipBytes":96785},{"file":"apps/web/dist-demo/assets/react-runtime-gLMyUIL2.js","bytes":279787,"gzipBytes":90283},{"file":"apps/web/dist-demo/assets/browser-CQeKKnYr.js","bytes":255636,"gzipBytes":87016}]},"observedApi":{"path":"/api/v2/session","status":200,"servedBy":"MSW in the built demo artifact"},"dataSource":"synthetic-msw"}
2026-10-10T09:10:18.8225038Z 
2026-10-10T09:10:18.8340357Z [4/406] [chromium] › tests/artifacts/demo-preview.spec.ts:104:1 › a thousand synthetic customers remain API-paginated in the built demo artifact
2026-10-10T09:10:20.2831237Z [chromium] › tests/artifacts/demo-preview.spec.ts:104:1 › a thousand synthetic customers remain API-paginated in the built demo artifact
2026-10-10T09:10:20.2834208Z [large-dataset-api] {"url":"http://127.0.0.1:44335/api/v2/shops/shop-demo/customers?limit=20","count":20,"page":{"limit":20,"total":1004,"hasMore":true,"nextCursor":"perf-customer-0016"},"firstIds":["c1","c2","c3"]}
2026-10-10T09:10:20.2835115Z 
2026-10-10T09:10:20.3499253Z [large-dataset-preview] {"scope":"FRONTEND_WITH_SYNTHETIC_MOCK_API","artifact":"apps/web/dist-demo","datasetId":"FE025-LARGE-CUSTOMERS-1000-V1","generatedRows":1000,"firstPageIds":["c1","c2","c3","c4","perf-customer-0001","perf-customer-0002","perf-customer-0003","perf-customer-0004","perf-customer-0005","perf-customer-0006","perf-customer-0007","perf-customer-0008","perf-customer-0009","perf-customer-0010","perf-customer-0011","perf-customer-0012","perf-customer-0013","perf-customer-0014","perf-customer-0015","perf-customer-0016"],"api":{"status":200,"pageLimit":20,"total":1004,"hasMore":true,"nextCursor":"perf-customer-0016"},"domRowsIncludingHeader":21,"firstPageReadyMs":305,"browser":"Mozilla/5.0 (Windows NT 10.0; Win64; x64) AppleWebKit/537.36 (KHTML, like Gecko) Chrome/153.0.8010.12 Safari/537.36","viewport":{"width":1280,"height":720},"note":"Synthetic customer identities only; the React screen renders one API page and exposes the next cursor instead of mounting the full collection."}
2026-10-10T09:10:20.3506302Z 
2026-10-10T09:10:20.3644164Z [5/406] [chromium] › tests/artifacts/demo-preview.spec.ts:143:1 › the production artifact contains neither the mock worker asset nor MSW fixtures/runtime
2026-10-10T09:10:20.4059727Z [6/406] [chromium] › tests/fe009.spec.ts:37:1 › workspace onboarding creates a shop with an active membership and returns to its scoped route
2026-10-10T09:10:25.0205544Z [7/406] [chromium] › tests/fe009.spec.ts:59:1 › customer create validates fields, submits through mock HTTP, and preserves edits after a stale version
2026-10-10T09:10:31.8788342Z [8/406] [chromium] › tests/fe009.spec.ts:127:1 › customer detail keeps redacted contact fields read-only and does not overwrite them on save
2026-10-10T09:10:34.4621630Z [9/406] [chromium] › tests/fe009.spec.ts:144:1 › job detail follows an export created in the current synthetic shop and can refetch it
2026-10-10T09:10:37.8233534Z [10/406] [chromium] › tests/fe009.spec.ts:179:1 › FE009.G01 shop setup checklist guides to supported pages and leaves missing contract fields unverified
2026-10-10T09:10:39.8045184Z [11/406] [chromium] › tests/fe009.spec.ts:192:1 › FE009.G05 consent management persists challenges without granting consent before customer action
2026-10-10T09:10:42.4392473Z [12/406] [chromium] › tests/fe009.spec.ts:202:1 › FE009.H06 audit screen distinguishes available fields from missing contract detail
2026-10-10T09:10:44.3144897Z [13/406] [chromium] › tests/fe009.spec.ts:211:1 › FE009.B06 after-sale cases only link orders loaded for the selected customer and customer profile shows their shipment
2026-10-10T09:10:51.5645227Z [14/406] [chromium] › tests/fe009.spec.ts:243:1 › team invitation and membership revoke stay shop-scoped and protect the active owner
2026-10-10T09:10:55.9211502Z [15/406] [chromium] › tests/fe009.spec.ts:279:1 › privacy delete requests remain pending approval with no frontend step-up shortcut
2026-10-10T09:11:00.3228131Z [16/406] [chromium] › tests/fe010.spec.ts:40:1 › product editor validates positive prices, protects image-only drafts, and saves variant payload through mock HTTP
2026-10-10T09:11:08.7266173Z [17/406] [chromium] › tests/fe010.spec.ts:110:1 › product update sends If-Match and keeps edits visible after a 412 conflict
2026-10-10T09:11:12.7433808Z [18/406] [chromium] › tests/fe010.spec.ts:142:1 › warehouse role can read catalog products but cannot edit product fields or price cost data
2026-10-10T09:11:15.6577737Z [19/406] [chromium] › tests/fe010.spec.ts:151:1 › categories create, search, update with a version, and render cursor pagination
2026-10-10T09:11:19.4988922Z [20/406] [chromium] › tests/fe010.spec.ts:180:1 › CSV preview reports row-level errors and commits only valid product rows
2026-10-10T09:11:24.5900669Z [21/406] [chromium] › tests/fe010.spec.ts:252:1 › import validation token is rejected with 412 after catalog changes and the preview remains visible
2026-10-10T09:11:29.9244961Z [22/406] [chromium] › tests/fe010.spec.ts:284:1 › CSV demo row limit is explained and rejects more than 1000 data rows before preview
2026-10-10T09:11:32.2996225Z [23/406] [chromium] › tests/fe010.spec.ts:297:1 › demo upload rejects files over 5 MB before making an upload request
2026-10-10T09:11:34.8635192Z [24/406] [chromium] › tests/fe010.spec.ts:308:1 › product category lookup pages the full collection and preserves the selected category while editing
2026-10-10T09:12:03.4549633Z [chromium] › tests/fe010.spec.ts:308:1 › product category lookup pages the full collection and preserves the selected category while editing
2026-10-10T09:12:03.4554319Z UI005 acceptance: {"categoryTotal":105,"createCategoryId":"cat-2","editCategoryId":"cat-0","categoryRequests":20}
2026-10-10T09:12:03.4555541Z 
2026-10-10T09:12:03.5343441Z [25/406] [chromium] › tests/fe011.spec.ts:37:1 › FE011.AC01 snapshot drives stock totals and the SKU opens its catalog result
2026-10-10T09:12:08.2237971Z [26/406] [chromium] › tests/fe011.spec.ts:56:1 › FE011.AC02 adjustment validates, waits for mock confirmation, and reconciles movement history once
2026-10-10T09:12:15.4451129Z [27/406] [chromium] › tests/fe011.spec.ts:95:1 › FE011.AC03 conflict and insufficient stock preserve the draft and never update optimistically
2026-10-10T09:12:20.9442512Z [28/406] [chromium] › tests/fe011.spec.ts:125:1 › FE011.AC03 forbidden adjustment retains user input and shows no success state
2026-10-10T09:12:25.0722250Z [29/406] [chromium] › tests/fe011.spec.ts:141:1 › FE011.AC03 unknown command blocks duplicate submission until shared recovery reconciles it
2026-10-10T09:12:29.5787724Z [30/406] [chromium] › tests/fe011.spec.ts:159:1 › FE011.AC04 movement contract filters are URL-backed and history exposes actor and permission-gated source
2026-10-10T09:12:32.6034972Z [31/406] [chromium] › tests/fe011.spec.ts:187:1 › FE011.AC05 inventory reflows at mobile widths, passes axe, and restores keyboard focus after adjustment dialog
2026-10-10T09:12:36.1235738Z [32/406] [chromium] › tests/fe011.spec.ts:210:1 › FE011.AC03 unknown shop scope shows no stock from another shop
2026-10-10T09:12:37.1601900Z [33/406] [chromium] › tests/fe012.spec.ts:37:1 › FE012.AC01 searchable customer and product pickers submit contract-shaped draft and reject fractional quantity
2026-10-10T09:12:43.7632821Z [34/406] [chromium] › tests/fe012.spec.ts:95:1 › FE012 canonical customer address choice completes the mock order flow with a versioned snapshot
2026-10-10T09:12:50.8832199Z [35/406] [chromium] › tests/fe012.spec.ts:124:1 › FE012.AC01 editing lines invalidates quote and customer consent; a new quote is required before confirmation
2026-10-10T09:12:58.0682090Z [36/406] [chromium] › tests/fe012.spec.ts:184:1 › FE012.AC03 mock stale-version 412 preserves draft fields and does not show success
2026-10-10T09:13:01.7411936Z [37/406] [chromium] › tests/fe012.spec.ts:201:1 › FE012.AC03 offline state blocks quote mutation while retaining the loaded draft
2026-10-10T09:13:03.8552987Z [38/406] [chromium] › tests/fe012.spec.ts:213:1 › FE012.AC03 unknown confirm outcome blocks duplicate writes until shared command recovery is available
2026-10-10T09:13:07.9087514Z [39/406] [chromium] › tests/fe012.spec.ts:259:1 › FE012.AC03 quote and customer confirmation expiration disable confirmation using API time
2026-10-10T09:13:11.1418321Z [40/406] [chromium] › tests/fe012.spec.ts:279:1 › FE012.AC03 returns reject fractional/over-original quantities locally and preserve data on cumulative mock rejection
2026-10-10T09:13:13.6638672Z [41/406] [chromium] › tests/fe012.spec.ts:303:1 › FE012.AC04 return inspection loads the current case and applies accepted partial quantity to mock stock and refund
2026-10-10T09:13:18.5276608Z [42/406] [chromium] › tests/fe012.spec.ts:356:1 › FE012.AC03 handed-over order routes to returns and exposes no ordinary cancel action
2026-10-10T09:13:20.0729680Z [43/406] [chromium] › tests/fe012.spec.ts:363:1 › FE012.AC05 order drafting remains usable without horizontal page overflow and passes focused axe checks
2026-10-10T09:13:22.9836089Z [44/406] [chromium] › tests/fe013.spec.ts:42:1 › FE013.C04 shipping preview distinguishes missing address, unserviceable zone, and expired mock quote
2026-10-10T09:13:28.1604064Z [45/406] [chromium] › tests/fe013.spec.ts:68:1 › FE013.AC01–AC04 stale claim conflict is visible; pick, pack, dispatch and delivery use current API versions once
2026-10-10T09:13:41.5316357Z [46/406] [chromium] › tests/fe013.spec.ts:212:1 › FE013.AC03 unknown handover cannot be repeated before command reconciliation
2026-10-10T09:13:49.5621582Z [47/406] [chromium] › tests/fe013.spec.ts:259:1 › FE013.AC01 role scope and FE013.AC05 responsive shipment/preparation views remain accessible
2026-10-10T09:13:55.3121664Z [48/406] [chromium] › tests/fe014.spec.ts:27:1 › FE014.AC01 multi-line purchase validates MOQ/pack size and binds approval to the created intent
2026-10-10T09:14:01.7715449Z [49/406] [chromium] › tests/fe014.spec.ts:79:1 › FE027.D02 supplier workspace edits the selected contact through its current version and displays MOQ offers
2026-10-10T09:14:04.7831349Z [50/406] [chromium] › tests/fe014.spec.ts:97:1 › FE014.AC02 approval covers the exact purchase intent; unknown send is blocked from blind retry
2026-10-10T09:14:13.0780927Z [51/406] [chromium] › tests/fe014.spec.ts:156:1 › FE014.S03 auto-send requires an active matching purchase delegation
2026-10-10T09:14:17.1803313Z [52/406] [chromium] › tests/fe014.spec.ts:170:1 › FE014.S04 owner manages a paused purchase delegation only after rechecking the buyer role
2026-10-10T09:14:25.0225361Z [53/406] [chromium] › tests/fe014.spec.ts:217:1 › FE014.S03 manager without procurement.receive cannot open receipt actions
2026-10-10T09:14:29.0898327Z [54/406] [chromium] › tests/fe014.spec.ts:237:1 › FE014.AC03 partial receipt posts only accepted units to synthetic stock and payable once
2026-10-10T09:14:36.4566336Z [55/406] [chromium] › tests/fe014.spec.ts:308:1 › FE014.D03/D04/D07 replenishment uses min-max rules, labels forecast limits, and blocks duplicate proposals
2026-10-10T09:14:40.6177033Z [56/406] [chromium] › tests/fe015.spec.ts:59:1 › FE015.AC01 report filters use exact timezone boundaries and mock API aggregates
2026-10-10T09:14:45.5946813Z [57/406] [chromium] › tests/fe015.spec.ts:109:1 › FE021.E08 report explanation is mock-only, cites the filtered P&L snapshot, and never writes finance data
2026-10-10T09:14:47.6185544Z [58/406] [chromium] › tests/fe015.spec.ts:130:1 › UI003 report timestamps follow the active shop timezone
2026-10-10T09:14:54.1507370Z [59/406] [chromium] › tests/fe015.spec.ts:187:1 › FE015.E02/E03 profit report renders canonical cost, gross-profit and operating-expense values
2026-10-10T09:14:56.0072189Z [60/406] [chromium] › tests/fe015.spec.ts:215:1 › FE015.AC02 journal rejects unbalanced decimal lines before POST and sends exact money strings
2026-10-10T09:15:01.8132105Z [61/406] [chromium] › tests/fe015.spec.ts:250:1 › FE015.AC02 closed accounting period is visible and disables journal draft creation
2026-10-10T09:15:06.1480746Z [62/406] [chromium] › tests/fe015.spec.ts:274:1 › FE015.AC03 CSV import keeps partial row failures visible and deduplicates external transactions
2026-10-10T09:15:11.4668492Z [63/406] [chromium] › tests/fe015.spec.ts:297:1 › UI001 reconciliation cursors stay scoped and dialogs load choices beyond the visible table page
2026-10-10T09:15:29.2686988Z [64/406] [chromium] › tests/fe015.spec.ts:424:1 › FE015.AC03 COD settlement matches net remittance plus documented fee
2026-10-10T09:15:36.5906055Z [65/406] [chromium] › tests/fe015.spec.ts:459:1 › FE015.AC03 partial bank allocation leaves the remaining amount and debt visible
2026-10-10T09:15:41.9386676Z [66/406] [chromium] › tests/fe015.spec.ts:485:1 › FE015.AC03 unknown journal posting is not resent from the same draft
2026-10-10T09:15:49.4992843Z [67/406] [chromium] › tests/fe016.spec.ts:70:1 › UI015 mobile demo tools disclose by keyboard and inbox stays within narrow viewports
2026-10-10T09:15:53.5952586Z [68/406] [chromium] › tests/fe016.spec.ts:103:1 › FE016 conversation keeps its composer visible while long demo context scrolls independently
2026-10-10T09:15:56.1400025Z [69/406] [chromium] › tests/fe016.spec.ts:210:1 › FE016.AC01 inbox filters call canonical query fields and remain bookmarked through conversation details
2026-10-10T09:15:59.5139945Z [70/406] [chromium] › tests/fe016.spec.ts:238:1 › Shared consolidation Inbox preserves selected filters and composer draft through metadata pending error empty and recovery
2026-10-10T09:16:03.5455790Z [71/406] [chromium] › tests/fe016.spec.ts:298:1 › FE016.AC01 list cursor is isolated from message cursor and restored on back navigation
2026-10-10T09:16:05.7346797Z [72/406] [chromium] › tests/fe016.spec.ts:317:1 › UI002 inbox list and message cursors stay independent through paging, conversation switch and shop change
2026-10-10T09:16:11.1346361Z [73/406] [chromium] › tests/fe016.spec.ts:406:1 › UI002 mobile keeps the list page while messages page and Back restores it
2026-10-10T09:16:15.5192846Z [74/406] [chromium] › tests/fe016.spec.ts:450:1 › UI002 Inbox search resets only the list cursor while a message page is open
2026-10-10T09:16:19.4575663Z [75/406] [chromium] › tests/fe016.spec.ts:507:1 › UI002 deep link, refresh and mobile Back preserve their own cursors
2026-10-10T09:16:23.2425688Z [76/406] [chromium] › tests/fe016.spec.ts:561:1 › UI002 list and message panel errors remain isolated
2026-10-10T09:16:30.0813414Z [77/406] [chromium] › tests/fe016.spec.ts:585:1 › UI002 send, invalidation and resync keep both cursors and send only once
2026-10-10T09:16:34.4600138Z [78/406] [chromium] › tests/fe016.spec.ts:645:1 › FE016.AC01 takeover and reply use current versions and show API send state without claiming delivery
2026-10-10T09:16:37.9397487Z [79/406] [chromium] › tests/fe016.spec.ts:672:1 › FE016.AC02 internal notes render HTML-like text inert and feedback creates only a review draft
2026-10-10T09:16:41.2060190Z [80/406] [chromium] › tests/fe016.spec.ts:705:1 › FE016.AC03 unknown send keeps the reply draft, exposes command recovery and never blindly resends
2026-10-10T09:16:44.4863815Z [81/406] [chromium] › tests/fe016.spec.ts:728:1 › FE016.AC04 role without customer/order permissions cannot open those cross-module references
2026-10-10T09:16:47.5840355Z [82/406] [chromium] › tests/fe016.spec.ts:739:1 › FE016.S03 stale takeover preserves reason and reports the version conflict
2026-10-10T09:16:51.6900825Z [83/406] [chromium] › tests/fe016.spec.ts:755:1 › FE016.B05 cross-sell promotion preview shows sample rules without applying a discount
2026-10-10T09:16:53.6598899Z [84/406] [chromium] › tests/fe016.spec.ts:769:1 › FE016.B08 capability-driven image, voice and document media upload and send by scoped file IDs
2026-10-10T09:16:57.8818331Z [85/406] [chromium] › tests/fe016.spec.ts:835:1 › FE016.B09 pending media send preserves newer text and blocks blind retry after unknown outcome
2026-10-10T09:17:04.2412710Z [86/406] [chromium] › tests/fe016.spec.ts:879:1 › FE016.B10 a channel without an explicit media policy keeps text composer and denies attachments
2026-10-10T09:17:06.4830859Z [87/406] [chromium] › tests/fe016.spec.ts:891:1 › FE027.B01 industry sales script preview asks for missing facts and stays a local draft
2026-10-10T09:17:08.9800289Z [88/406] [chromium] › tests/fe016.spec.ts:907:1 › FE027.B02 inbox price and available stock preview uses current canonical mock reads
2026-10-10T09:17:11.0586451Z [89/406] [chromium] › tests/fe016.spec.ts:928:1 › FE027.B03 order capture links the active customer and conversation into the manual order form
2026-10-10T09:17:14.2054486Z [90/406] [chromium] › tests/fe016.spec.ts:938:1 › FE027.B04 automatic order confirmation stays unavailable until policy and customer evidence exist
2026-10-10T09:17:16.2557760Z [91/406] [chromium] › tests/fe017-validation.spec.ts:15:1 › FE017 synthetic 422 keeps the knowledge draft fields and shows field errors
2026-10-10T09:17:20.4312272Z [92/406] [chromium] › tests/fe017.spec.ts:26:1 › FE017.AC01 demo publishing uses the approved permission and lifecycle substitute without an API allowedActions field
2026-10-10T09:17:29.0652934Z [93/406] [chromium] › tests/fe017.spec.ts:117:1 › FE017.AC02 knowledge file upload sends canonical purpose and detail reads processing status
2026-10-10T09:17:32.8142374Z [94/406] [chromium] › tests/fe017.spec.ts:156:1 › FE017 price and stock source preview uses canonical product and timestamped inventory APIs
2026-10-10T09:17:34.6365385Z [95/406] [chromium] › tests/fe017.spec.ts:189:1 › FE017.AC03 missing content, unsupported and oversized files keep creation unavailable
2026-10-10T09:17:37.6656960Z [96/406] [chromium] › tests/fe017.spec.ts:211:1 › FE017.AC04 feedback approval creates inert draft content and its first revision only
2026-10-10T09:17:42.7854944Z [97/406] [chromium] › tests/fe017.spec.ts:244:1 › FE017.AC05 manager sees knowledge read-only and synthetic API rejects purpose-specific upload and publish
2026-10-10T09:17:45.3781077Z [98/406] [chromium] › tests/fe017.spec.ts:265:1 › FE017.AC06 stale review preserves the reason and explains the conflict
2026-10-10T09:17:48.1112104Z [99/406] [chromium] › tests/fe017.spec.ts:280:1 › FE027.G02 product content brief edits source, size, warranty, alternatives, and forbidden claims locally
2026-10-10T09:17:50.1420724Z [100/406] [chromium] › tests/fe017.spec.ts:298:1 › FE027.G03 policy revisions keep the published snapshot immutable when a draft changes
2026-10-10T09:17:52.4397772Z [101/406] [chromium] › tests/fe018.spec.ts:130:1 › FE018.S01 maps routes and operations to the canonical OpenAPI permissions
2026-10-10T09:17:52.9041597Z [102/406] [chromium] › tests/fe018.spec.ts:147:1 › FE018.AC01/04 draft saves use the contract version and keep human order confirmation locked after a conflict
2026-10-10T09:17:59.3413820Z [103/406] [chromium] › tests/fe018.spec.ts:178:1 › FE018.AC03 evaluation is synthetic, revision-bound, and cannot publish a stale draft
2026-10-10T09:18:05.6449956Z [104/406] [chromium] › tests/fe018.spec.ts:202:1 › FE018.AC01/04 successful publish is tied to the tested revision and pause explains its boundary
2026-10-10T09:18:11.6848561Z [105/406] [chromium] › tests/fe018.spec.ts:232:1 › FE018.AC03 playground sends no external message and preserves unknown cost and token values
2026-10-10T09:18:15.3210234Z [106/406] [chromium] › tests/fe018.spec.ts:254:1 › FE018.S03 synthetic budget and tool denials retain the prompt and never show a generated answer
2026-10-10T09:18:20.8571719Z [107/406] [chromium] › tests/fe018.spec.ts:280:1 › FE027.H03 budget and provider failover preview refuses silent provider switching on exhaustion
2026-10-10T09:18:24.3583889Z [108/406] [chromium] › tests/fe018.spec.ts:294:1 › FE018.AC02 role kill switch is versioned, preserves API tools, and does not pause the whole bot
2026-10-10T09:18:31.6754923Z [109/406] [chromium] › tests/fe018.spec.ts:335:1 › FE018.AC02 expired, wrong-scope, and matching approvals produce honest budget results
2026-10-10T09:18:36.2601021Z [110/406] [chromium] › tests/fe018.spec.ts:363:1 › FE018.AC05 manager and bot-admin roles cannot use operations outside their canonical permissions
2026-10-10T09:18:41.8325312Z [111/406] [chromium] › tests/fe018.spec.ts:395:1 › FE018.AC05 unknown role command stays unresolved and does not claim successful resumption
2026-10-10T09:18:47.5836823Z [112/406] [chromium] › tests/fe018.spec.ts:411:1 › UI004 25 evaluations: cursor pages reach the last record and preserve detail, search, and browser Back state
2026-10-10T09:18:55.0515967Z [chromium] › tests/fe018.spec.ts:411:1 › UI004 25 evaluations: cursor pages reach the last record and preserve detail, search, and browser Back state
2026-10-10T09:18:55.0566119Z UI004_25_ACCEPTANCE={"total":25,"pageSizes":[20,5],"cursor":"evaluation-10016","oldestRecord":"evaluation-10001","oldestReachable":true,"detailPreservedCursor":true,"browserBackRestoredFirstPage":true,"searchResetCursor":true}
2026-10-10T09:18:55.0608611Z 
2026-10-10T09:18:55.1557391Z [113/406] [chromium] › tests/fe018.spec.ts:457:1 › UI004 105 evaluations: cursor traversal reaches every record and retains the failing cursor for retry
2026-10-10T09:19:12.0901039Z [chromium] › tests/fe018.spec.ts:457:1 › UI004 105 evaluations: cursor traversal reaches every record and retains the failing cursor for retry
2026-10-10T09:19:12.0904955Z UI004_105_ACCEPTANCE={"total":105,"pageSizes":[20,20,20,20,20,5],"pagesVisited":6,"cursorRequests":["evaluation-10256","evaluation-10196","evaluation-10136","evaluation-10076","evaluation-10016"],"uniqueRecords":105,"oldestRecord":"evaluation-10001","oldestReachable":true,"failedCursorRetainedForRetry":"evaluation-10196","errorShowsNoFabricatedRows":true,"retrySucceeded":true}
2026-10-10T09:19:12.0907265Z 
2026-10-10T09:19:12.1646843Z [114/406] [chromium] › tests/fe019.spec.ts:21:1 › FE019.S01 maps integrations and notification routes, actions, schemas, and mock boundaries
2026-10-10T09:19:12.4919548Z [115/406] [chromium] › tests/fe019.spec.ts:70:1 › FE019.AC01 AI secret is write-only, cleared after submit, and absent from stored/read data
2026-10-10T09:19:17.3758483Z [116/406] [chromium] › tests/fe019.spec.ts:117:1 › FE019.AC01 invalid mock credential is rejected, cleared from the form, and not submitted
2026-10-10T09:19:20.1207761Z [117/406] [chromium] › tests/fe019.spec.ts:138:1 › FE019.AC02 channel OAuth failure stays on the page and never marks a channel connected
2026-10-10T09:19:22.4076319Z [118/406] [chromium] › tests/fe019.spec.ts:172:1 › FE019.AC03/04 device, Telegram, and PWA checks stay synthetic and do not request OS permission
2026-10-10T09:19:26.9999897Z [119/406] [chromium] › tests/fe019.spec.ts:251:1 › FE019.AC05 notification policy validates canonical numeric bounds before sending and acknowledges only allowed work
2026-10-10T09:19:30.9924700Z [120/406] [chromium] › tests/fe019.spec.ts:273:1 › FE019.A03 notification order link stays within the active shop scope
2026-10-10T09:19:34.0146160Z [121/406] [chromium] › tests/fe019.spec.ts:282:1 › FE019.A05 reminder policy saves shop-local schedule and quiet hours through the synthetic API
2026-10-10T09:19:36.5937801Z [122/406] [chromium] › tests/fe019.spec.ts:309:1 › FE027.A02/A07 preparation notification keeps order evidence and separates queued, opened, and acknowledged states
2026-10-10T09:19:38.1575300Z [123/406] [chromium] › tests/fe019.spec.ts:334:1 › FE027.A08 notification settings disclose server-only deduplication and callback safeguards
2026-10-10T09:19:40.1608811Z [124/406] [chromium] › tests/fe020.spec.ts:43:1 › FE020.AC01 approval detail is fetched and a changed source resource rejects the stale decision
2026-10-10T09:19:47.6413817Z [125/406] [chromium] › tests/fe020.spec.ts:89:1 › FE020.AC02/03 work-item actions follow allowedActions and operations health stays explicitly synthetic
2026-10-10T09:19:52.2969352Z [126/406] [chromium] › tests/fe020.spec.ts:140:1 › FE020.AC03 role pause control uses the canonical versioned mock and never claims readiness
2026-10-10T09:19:54.9188103Z [127/406] [chromium] › tests/fe020.spec.ts:157:1 › FE020.F03 operations exception filter groups overdue, blocked, and unclaimed synthetic work
2026-10-10T09:19:56.8681921Z [128/406] [chromium] › tests/fe020.spec.ts:178:1 › FE020.F05 purchase delegation is bounded, saved paused, and requires a separate activation decision
2026-10-10T09:20:02.5622123Z [129/406] [chromium] › tests/fe020.spec.ts:209:1 › FE020.F06/H01 digest and dependency health panels show synthetic history without claiming workers are ready
2026-10-10T09:20:04.2838768Z [130/406] [chromium] › tests/fe020.spec.ts:242:1 › FE027.H08 restore and release readiness stay unknown without a verified rehearsal or deployment gate
2026-10-10T09:20:05.9761798Z [131/406] [chromium] › tests/fe021.spec.ts:34:1 › FE021 dashboard keeps independent panels usable and hides finance fields without finance.read
2026-10-10T09:20:10.3347787Z [132/406] [chromium] › tests/fe021.spec.ts:46:1 › FE021 timezone and privacy validation waits for interaction and blocks invalid writes
2026-10-10T09:20:15.7595148Z [133/406] [chromium] › tests/fe021.spec.ts:82:1 › FE021 approval and shipment work queues appear before sample previews
2026-10-10T09:20:19.8724417Z [134/406] [chromium] › tests/fe021.spec.ts:104:1 › FE021 marketing filters preserve API-side aggregates, URL context and missing actual spend
2026-10-10T09:20:26.7793321Z [135/406] [chromium] › tests/fe021.spec.ts:170:5 › FE021 marketing filters preserve edits while the default period response is pending
2026-10-10T09:20:34.3116865Z [136/406] [chromium] › tests/fe021.spec.ts:170:5 › FE021 marketing filters preserve edits while the canonical period response is pending
2026-10-10T09:20:41.9729006Z [137/406] [chromium] › tests/fe021.spec.ts:234:1 › FE021 invalid marketing deep links mark the responsible field and never send the invalid range
2026-10-10T09:20:43.9999615Z [138/406] [chromium] › tests/fe021.spec.ts:248:1 › FE021 export uses inclusive shop-local boundaries, safe CSV, API jobs and cursor pagination
2026-10-10T09:20:50.9058677Z [139/406] [chromium] › tests/fe021.spec.ts:303:1 › FE021 mock rejects an export when reports.export lacks the source permission
2026-10-10T09:20:53.7809300Z [140/406] [chromium] › tests/fe021.spec.ts:323:1 › FE021 mock rejects an invalid report timezone before creating an export job
2026-10-10T09:20:55.7065764Z [141/406] [chromium] › tests/fe021.spec.ts:343:1 › FE021 ambiguous export result preserves the selected dates and never exposes a download
2026-10-10T09:20:59.1709238Z [142/406] [chromium] › tests/fe021.spec.ts:356:1 › FE021 empty report and marketing payloads render explicit empty states
2026-10-10T09:21:03.9894674Z [143/406] [chromium] › tests/fe021.spec.ts:375:1 › FE021 stale export conflict preserves dates and never exposes a download
2026-10-10T09:21:07.4261494Z [144/406] [chromium] › tests/frontend-corrections.spec.ts:18:1 › F01 preserves a customer draft, compares three snapshots, and PATCHes only chosen changes
2026-10-10T09:21:13.1637787Z [145/406] [chromium] › tests/frontend-corrections.spec.ts:46:1 › F01 requires an explicit choice for a field changed by both editors
2026-10-10T09:21:16.4905651Z [146/406] [chromium] › tests/frontend-corrections.spec.ts:62:1 › F06 detects an order draft and blocks navigation until explicit discard
2026-10-10T09:21:20.4426183Z [147/406] [chromium] › tests/frontend-corrections.spec.ts:75:1 › F02 retains an unsaved product image through an unrelated refetch
2026-10-10T09:21:23.2645087Z [148/406] [chromium] › tests/frontend-corrections.spec.ts:87:1 › F03 retains notification-policy inputs through a background resync and navigation
2026-10-10T09:21:25.4607829Z [149/406] [chromium] › tests/frontend-corrections.spec.ts:98:1 › F05 keeps text typed while a previous internal note is pending
2026-10-10T09:21:28.5828322Z [150/406] [chromium] › tests/frontend-corrections.spec.ts:113:1 › F08 validates 4001 customer-note characters at the field and accepts 4000
2026-10-10T09:21:32.2401229Z [151/406] [chromium] › tests/frontend-corrections.spec.ts:147:1 › F07 routes the fulfillment footer close through the shared discard guard
2026-10-10T09:21:34.4428499Z [152/406] [chromium] › tests/frontend-corrections.spec.ts:161:1 › F09 refreshes new Inbox messages without refetching the visible product and stock snapshots
2026-10-10T09:21:36.7796249Z [153/406] [chromium] › tests/frontend-corrections.spec.ts:191:1 › F01 shop settings merges a server-only locale change and preserves edits typed during save
2026-10-10T09:21:40.4991977Z [154/406] [chromium] › tests/frontend-corrections.spec.ts:219:1 › F03 privacy policy preserves refetch drafts and compares before applying the newest version
2026-10-10T09:21:43.4794082Z [155/406] [chromium] › tests/frontend-corrections.spec.ts:236:1 › F01 category keeps a late edit after saving, and reopens with a clean current baseline
2026-10-10T09:21:47.8034110Z [156/406] [chromium] › tests/frontend-corrections.spec.ts:257:1 › F01 supplier preserves a concurrent server-only term and PATCHes the local name
2026-10-10T09:21:51.2072910Z [157/406] [chromium] › tests/frontend-corrections.spec.ts:274:1 › F08 customer update enforces 4000/4001 before HTTP and retains a 422 draft
2026-10-10T09:21:54.7114131Z [158/406] [chromium] › tests/frontend-corrections.spec.ts:302:1 › F05 keeps mode changes and unknown sends, locks another send, and observes recovery-registry completion
2026-10-10T09:21:57.9790835Z [159/406] [chromium] › tests/frontend-corrections.spec.ts:328:1 › F01 order editor keeps its original version and compares whole line lists before PATCH
2026-10-10T09:22:02.3606195Z [160/406] [chromium] › tests/frontend-corrections.spec.ts:350:1 › F06 guards added order rows, shop switch, logout and native reload; successful creation leaves no false guard
2026-10-10T09:22:19.9096945Z [161/406] [chromium] › tests/frontend-corrections.spec.ts:375:1 › F01 analogous return-inspection draft does not adopt a refetched version without comparison
2026-10-10T09:22:23.3543506Z [162/406] [chromium] › tests/frontend-corrections.spec.ts:399:1 › F01 comparison supports keyboard choices, server changes again, axe and 320px reflow with long content
2026-10-10T09:22:27.6249085Z [163/406] [chromium] › tests/frontend-corrections.spec.ts:428:1 › F08 privacy bounds reject invalid days and long jurisdiction before HTTP
2026-10-10T09:22:31.6338351Z [164/406] [chromium] › tests/frontend-corrections.spec.ts:458:1 › F06 order custom close respects the draft guard and busy editors remain protected
2026-10-10T09:22:37.0077838Z [165/406] [chromium] › tests/frontend.spec.ts:41:1 › catalog create uses the HTTP mock and successful save clears the draft guard
2026-10-10T09:22:43.5124301Z [166/406] [chromium] › tests/frontend.spec.ts:73:1 › dirty drafts block in-app navigation and preserve input until the user decides
2026-10-10T09:22:48.0494030Z [167/406] [chromium] › tests/frontend.spec.ts:91:1 › all canonical routes render inside the real React demo application
2026-10-10T09:24:10.1296388Z [168/406] [chromium] › tests/frontend.spec.ts:116:1 › switching shops cancels a delayed request and loads only the new shop scope
2026-10-10T09:24:18.1105415Z [169/406] [chromium] › tests/frontend.spec.ts:134:1 › role changes remove restricted navigation and the route guard explains denied access
2026-10-10T09:24:21.0498709Z [170/406] [chromium] › tests/frontend.spec.ts:147:1 › deep links survive browser refresh and logout clears the mock session
2026-10-10T09:24:25.0658028Z [171/406] [chromium] › tests/frontend.spec.ts:160:1 › logout asks before discarding a draft and retains the session when logout fails
2026-10-10T09:24:28.3481732Z [172/406] [chromium] › tests/frontend.spec.ts:217:1 › mobile navigation opens, routes, and closes without viewport overflow
2026-10-10T09:24:31.4061002Z [173/406] [chromium] › tests/frontend.spec.ts:231:1 › chunk loading errors use the route recovery boundary
2026-10-10T09:24:33.1141429Z [174/406] [chromium] › tests/frontend.spec.ts:270:1 › live mode reports an unavailable session API without enabling mock data
2026-10-10T09:24:33.9711344Z [175/406] [chromium] › tests/route-role-matrix.spec.ts:44:1 › route read access matches canonical permissions for every demo role
2026-10-10T09:25:19.3917467Z [chromium] › tests/route-role-matrix.spec.ts:44:1 › route read access matches canonical permissions for every demo role
2026-10-10T09:25:19.3919273Z ROUTE_ROLE_MATRIX_CASES=399 ROLES=7 PRIVATE_ROUTES=57 RESULT=PASS
2026-10-10T09:25:19.3920092Z 
2026-10-10T09:25:19.4892833Z [176/406] [chromium] › tests/security.spec.ts:36:1 › untrusted product text renders as text without activating markup
2026-10-10T09:25:24.2785578Z [177/406] [chromium] › tests/security.spec.ts:54:1 › catalog import rejects a non-CSV file before an upload request
2026-10-10T09:25:26.2629022Z [178/406] [chromium] › tests/security.spec.ts:72:1 › catalog import rejects files above the demo size limit before upload
2026-10-10T09:25:28.8508422Z [179/406] [chromium] › tests/security.spec.ts:90:1 › mock uploads require a purpose, enforce its role, and fingerprint file content for retries
2026-10-10T09:25:33.7131829Z [180/406] [chromium] › tests/session/demo-server-cache-isolation.spec.ts:7:1 › concurrent demo servers use isolated Vite caches and load the React app
2026-10-10T09:25:34.3495776Z [chromium] › tests/session/demo-server-cache-isolation.spec.ts:7:1 › concurrent demo servers use isolated Vite caches and load the React app
2026-10-10T09:25:34.3587253Z VITE_CACHE_ISOLATION=PASS rootA=/tmp/botsales-vite-cache/2fbc71299afedf720605/test-demo/playwright-5825-af067890-e1eb-4af0-adc7-bf38430fe363-parallel-a rootB=/tmp/botsales-vite-cache/2fbc71299afedf720605/test-demo/playwright-5825-af067890-e1eb-4af0-adc7-bf38430fe363-parallel-b otherCheckout=true
2026-10-10T09:25:34.3589527Z 
2026-10-10T09:25:39.8128990Z [181/406] [chromium] › tests/session/demo-worker-startup.spec.ts:17:1 › demo conditional module requests return complete exports without changing live or non-asset caching
2026-10-10T09:25:46.3860236Z [182/406] [chromium] › tests/session/demo-worker-startup.spec.ts:80:1 › demo startup explains the required setup when the browser blocks Service Workers
2026-10-10T09:25:47.2733321Z [183/406] [chromium] › tests/session/session-revocation.spec.ts:20:1 › session.revoked SSE closes the stream and clears the active shop session
2026-10-10T09:25:51.1147894Z [184/406] [chromium] › tests/session/session-unauthorized.spec.ts:17:1 › expired live session redirects to login and preserves the requested shop route
2026-10-10T09:25:54.4032258Z [185/406] [chromium] › tests/states/fe023.spec.ts:18:1 › FE023.S04 a dirty dialog keeps the form value until the user confirms discard
2026-10-10T09:25:58.6354236Z [186/406] [chromium] › tests/states/fe023.spec.ts:36:1 › FE023.S03 a customer lookup loads the next cursor page without dropping earlier choices
2026-10-10T09:26:02.2929814Z [187/406] [chromium] › tests/states/fe023.spec.ts:77:1 › FE023.S04 delayed requests show loading and failed refresh keeps a retry path
2026-10-10T09:26:11.9537161Z [188/406] [chromium] › tests/states/fe023.spec.ts:107:1 › FE023 unsaved shop settings are preserved when navigation switches shop scope
2026-10-10T09:26:15.8765107Z [189/406] [chromium] › tests/states/fe023.spec.ts:125:1 › FE023 a saved shop form resets its dirty baseline and reports success
2026-10-10T09:26:18.5570330Z [190/406] [chromium] › tests/states/route-empty-composition.spec.ts:29:1 › empty collection responses render accessible empty states on canonical list routes
2026-10-10T09:26:23.4425000Z [chromium] › tests/states/route-empty-composition.spec.ts:29:1 › empty collection responses render accessible empty states on canonical list routes
2026-10-10T09:26:23.4427194Z ROUTE_EMPTY_COMPOSITION_PROGRESS=3/11
2026-10-10T09:26:23.4427914Z 
2026-10-10T09:26:24.2395295Z ROUTE_EMPTY_COMPOSITION_PROGRESS=6/11
2026-10-10T09:26:24.2395882Z 
2026-10-10T09:26:25.4722812Z ROUTE_EMPTY_COMPOSITION_PROGRESS=9/11
2026-10-10T09:26:25.4725718Z 
2026-10-10T09:26:25.6343953Z ROUTE_EMPTY_COMPOSITION=11/11 RESULT=PASS
2026-10-10T09:26:25.6344482Z 
2026-10-10T09:26:25.7050397Z [191/406] [chromium] › tests/states/route-error-composition.spec.ts:44:9 › every shop route composes the shared API error state with its page content › R04 /s/:shopId/overview
2026-10-10T09:26:32.2686797Z [chromium] › tests/states/route-error-composition.spec.ts:44:9 › every shop route composes the shared API error state with its page content › R04 /s/:shopId/overview
2026-10-10T09:26:32.2688965Z ROUTE_ERROR_COMPOSITION_ROUTE=R04 RESULT=PASS
2026-10-10T09:26:32.2689815Z 
2026-10-10T09:26:32.2881991Z [192/406] [chromium] › tests/states/route-error-composition.spec.ts:44:9 › every shop route composes the shared API error state with its page content › R05 /s/:shopId/inbox
2026-10-10T09:26:37.5138395Z [chromium] › tests/states/route-error-composition.spec.ts:44:9 › every shop route composes the shared API error state with its page content › R05 /s/:shopId/inbox
2026-10-10T09:26:37.5139656Z ROUTE_ERROR_COMPOSITION_ROUTE=R05 RESULT=PASS
2026-10-10T09:26:37.5139891Z 
2026-10-10T09:26:37.5271785Z [193/406] [chromium] › tests/states/route-error-composition.spec.ts:44:9 › every shop route composes the shared API error state with its page content › R06 /s/:shopId/inbox/:conversationId
2026-10-10T09:26:42.6796993Z [chromium] › tests/states/route-error-composition.spec.ts:44:9 › every shop route composes the shared API error state with its page content › R06 /s/:shopId/inbox/:conversationId
2026-10-10T09:26:42.6797925Z ROUTE_ERROR_COMPOSITION_ROUTE=R06 RESULT=PASS
2026-10-10T09:26:42.6798166Z 
2026-10-10T09:26:42.6935574Z [194/406] [chromium] › tests/states/route-error-composition.spec.ts:44:9 › every shop route composes the shared API error state with its page content › R07 /s/:shopId/customers
2026-10-10T09:26:47.6639213Z [chromium] › tests/states/route-error-composition.spec.ts:44:9 › every shop route composes the shared API error state with its page content › R07 /s/:shopId/customers
2026-10-10T09:26:47.6640656Z ROUTE_ERROR_COMPOSITION_ROUTE=R07 RESULT=PASS
2026-10-10T09:26:47.6641064Z 
2026-10-10T09:26:47.6784521Z [195/406] [chromium] › tests/states/route-error-composition.spec.ts:44:9 › every shop route composes the shared API error state with its page content › R08 /s/:shopId/customers/:customerId
2026-10-10T09:26:52.6630032Z [chromium] › tests/states/route-error-composition.spec.ts:44:9 › every shop route composes the shared API error state with its page content › R08 /s/:shopId/customers/:customerId
2026-10-10T09:26:52.6631582Z ROUTE_ERROR_COMPOSITION_ROUTE=R08 RESULT=PASS
2026-10-10T09:26:52.6631960Z 
2026-10-10T09:26:52.6766713Z [196/406] [chromium] › tests/states/route-error-composition.spec.ts:44:9 › every shop route composes the shared API error state with its page content › R09 /s/:shopId/products
2026-10-10T09:26:57.6139669Z [chromium] › tests/states/route-error-composition.spec.ts:44:9 › every shop route composes the shared API error state with its page content › R09 /s/:shopId/products
2026-10-10T09:26:57.6141122Z ROUTE_ERROR_COMPOSITION_ROUTE=R09 RESULT=PASS
2026-10-10T09:26:57.6141981Z 
2026-10-10T09:26:57.6293810Z [197/406] [chromium] › tests/states/route-error-composition.spec.ts:44:9 › every shop route composes the shared API error state with its page content › R10 /s/:shopId/products/new
2026-10-10T09:27:03.0510743Z [chromium] › tests/states/route-error-composition.spec.ts:44:9 › every shop route composes the shared API error state with its page content › R10 /s/:shopId/products/new
2026-10-10T09:27:03.0511632Z ROUTE_ERROR_COMPOSITION_ROUTE=R10 RESULT=PASS
2026-10-10T09:27:03.0512052Z 
2026-10-10T09:27:03.0649769Z [198/406] [chromium] › tests/states/route-error-composition.spec.ts:44:9 › every shop route composes the shared API error state with its page content › R11 /s/:shopId/products/:productId
2026-10-10T09:27:07.9917943Z [chromium] › tests/states/route-error-composition.spec.ts:44:9 › every shop route composes the shared API error state with its page content › R11 /s/:shopId/products/:productId
2026-10-10T09:27:07.9919824Z ROUTE_ERROR_COMPOSITION_ROUTE=R11 RESULT=PASS
2026-10-10T09:27:07.9920640Z 
2026-10-10T09:27:08.0052505Z [199/406] [chromium] › tests/states/route-error-composition.spec.ts:44:9 › every shop route composes the shared API error state with its page content › R12 /s/:shopId/categories
2026-10-10T09:27:13.0525209Z [chromium] › tests/states/route-error-composition.spec.ts:44:9 › every shop route composes the shared API error state with its page content › R12 /s/:shopId/categories
2026-10-10T09:27:13.0526729Z ROUTE_ERROR_COMPOSITION_ROUTE=R12 RESULT=PASS
2026-10-10T09:27:13.0527147Z 
2026-10-10T09:27:13.0698821Z [200/406] [chromium] › tests/states/route-error-composition.spec.ts:44:9 › every shop route composes the shared API error state with its page content › R13 /s/:shopId/imports
2026-10-10T09:27:18.1803755Z [chromium] › tests/states/route-error-composition.spec.ts:44:9 › every shop route composes the shared API error state with its page content › R13 /s/:shopId/imports
2026-10-10T09:27:18.1805022Z ROUTE_ERROR_COMPOSITION_ROUTE=R13 RESULT=PASS
2026-10-10T09:27:18.1805544Z 
2026-10-10T09:27:18.1974731Z [201/406] [chromium] › tests/states/route-error-composition.spec.ts:44:9 › every shop route composes the shared API error state with its page content › R14 /s/:shopId/imports/:jobId
2026-10-10T09:27:23.1940236Z [chromium] › tests/states/route-error-composition.spec.ts:44:9 › every shop route composes the shared API error state with its page content › R14 /s/:shopId/imports/:jobId
2026-10-10T09:27:23.1941137Z ROUTE_ERROR_COMPOSITION_ROUTE=R14 RESULT=PASS
2026-10-10T09:27:23.1941551Z 
2026-10-10T09:27:23.2085223Z [202/406] [chromium] › tests/states/route-error-composition.spec.ts:44:9 › every shop route composes the shared API error state with its page content › R15 /s/:shopId/inventory
2026-10-10T09:27:28.0404192Z [chromium] › tests/states/route-error-composition.spec.ts:44:9 › every shop route composes the shared API error state with its page content › R15 /s/:shopId/inventory
2026-10-10T09:27:28.0405076Z ROUTE_ERROR_COMPOSITION_ROUTE=R15 RESULT=PASS
2026-10-10T09:27:28.0405786Z 
2026-10-10T09:27:28.0537613Z [203/406] [chromium] › tests/states/route-error-composition.spec.ts:44:9 › every shop route composes the shared API error state with its page content › R16 /s/:shopId/inventory/movements
2026-10-10T09:27:33.3536868Z [chromium] › tests/states/route-error-composition.spec.ts:44:9 › every shop route composes the shared API error state with its page content › R16 /s/:shopId/inventory/movements
2026-10-10T09:27:33.3542213Z ROUTE_ERROR_COMPOSITION_ROUTE=R16 RESULT=PASS
2026-10-10T09:27:33.3542873Z 
2026-10-10T09:27:33.3692548Z [204/406] [chromium] › tests/states/route-error-composition.spec.ts:44:9 › every shop route composes the shared API error state with its page content › R17 /s/:shopId/orders
2026-10-10T09:27:37.8682415Z [chromium] › tests/states/route-error-composition.spec.ts:44:9 › every shop route composes the shared API error state with its page content › R17 /s/:shopId/orders
2026-10-10T09:27:37.8684703Z ROUTE_ERROR_COMPOSITION_ROUTE=R17 RESULT=PASS
2026-10-10T09:27:37.8686330Z 
2026-10-10T09:27:37.8856447Z [205/406] [chromium] › tests/states/route-error-composition.spec.ts:44:9 › every shop route composes the shared API error state with its page content › R18 /s/:shopId/orders/new
2026-10-10T09:27:42.7410164Z [chromium] › tests/states/route-error-composition.spec.ts:44:9 › every shop route composes the shared API error state with its page content › R18 /s/:shopId/orders/new
2026-10-10T09:27:42.7411652Z ROUTE_ERROR_COMPOSITION_ROUTE=R18 RESULT=PASS
2026-10-10T09:27:42.7412580Z 
2026-10-10T09:27:42.7548683Z [206/406] [chromium] › tests/states/route-error-composition.spec.ts:44:9 › every shop route composes the shared API error state with its page content › R19 /s/:shopId/orders/:orderId
2026-10-10T09:27:47.1960485Z [chromium] › tests/states/route-error-composition.spec.ts:44:9 › every shop route composes the shared API error state with its page content › R19 /s/:shopId/orders/:orderId
2026-10-10T09:27:47.1962422Z ROUTE_ERROR_COMPOSITION_ROUTE=R19 RESULT=PASS
2026-10-10T09:27:47.1963233Z 
2026-10-10T09:27:47.2106534Z [207/406] [chromium] › tests/states/route-error-composition.spec.ts:44:9 › every shop route composes the shared API error state with its page content › R20 /s/:shopId/finance
2026-10-10T09:27:52.2641696Z [chromium] › tests/states/route-error-composition.spec.ts:44:9 › every shop route composes the shared API error state with its page content › R20 /s/:shopId/finance
2026-10-10T09:27:52.2643430Z ROUTE_ERROR_COMPOSITION_ROUTE=R20 RESULT=PASS
2026-10-10T09:27:52.2644222Z 
2026-10-10T09:27:52.2819911Z [208/406] [chromium] › tests/states/route-error-composition.spec.ts:44:9 › every shop route composes the shared API error state with its page content › R21 /s/:shopId/finance/entries
2026-10-10T09:27:57.2211943Z [chromium] › tests/states/route-error-composition.spec.ts:44:9 › every shop route composes the shared API error state with its page content › R21 /s/:shopId/finance/entries
2026-10-10T09:27:57.2215448Z ROUTE_ERROR_COMPOSITION_ROUTE=R21 RESULT=PASS
2026-10-10T09:27:57.2218286Z 
2026-10-10T09:27:57.2377573Z [209/406] [chromium] › tests/states/route-error-composition.spec.ts:44:9 › every shop route composes the shared API error state with its page content › R22 /s/:shopId/finance/profit-loss
2026-10-10T09:28:02.1546060Z [chromium] › tests/states/route-error-composition.spec.ts:44:9 › every shop route composes the shared API error state with its page content › R22 /s/:shopId/finance/profit-loss
2026-10-10T09:28:02.1547450Z ROUTE_ERROR_COMPOSITION_ROUTE=R22 RESULT=PASS
2026-10-10T09:28:02.1548165Z 
2026-10-10T09:28:02.1726387Z [210/406] [chromium] › tests/states/route-error-composition.spec.ts:44:9 › every shop route composes the shared API error state with its page content › R23 /s/:shopId/knowledge
2026-10-10T09:28:06.7630720Z [chromium] › tests/states/route-error-composition.spec.ts:44:9 › every shop route composes the shared API error state with its page content › R23 /s/:shopId/knowledge
2026-10-10T09:28:06.7632414Z ROUTE_ERROR_COMPOSITION_ROUTE=R23 RESULT=PASS
2026-10-10T09:28:06.7634247Z 
2026-10-10T09:28:06.7805187Z [211/406] [chromium] › tests/states/route-error-composition.spec.ts:44:9 › every shop route composes the shared API error state with its page content › R24 /s/:shopId/knowledge/:knowledgeId
2026-10-10T09:28:11.2726584Z [chromium] › tests/states/route-error-composition.spec.ts:44:9 › every shop route composes the shared API error state with its page content › R24 /s/:shopId/knowledge/:knowledgeId
2026-10-10T09:28:11.2728476Z ROUTE_ERROR_COMPOSITION_ROUTE=R24 RESULT=PASS
2026-10-10T09:28:11.2729068Z 
2026-10-10T09:28:11.2895933Z [212/406] [chromium] › tests/states/route-error-composition.spec.ts:44:9 › every shop route composes the shared API error state with its page content › R25 /s/:shopId/knowledge/review
2026-10-10T09:28:15.6781718Z [chromium] › tests/states/route-error-composition.spec.ts:44:9 › every shop route composes the shared API error state with its page content › R25 /s/:shopId/knowledge/review
2026-10-10T09:28:15.6782647Z ROUTE_ERROR_COMPOSITION_ROUTE=R25 RESULT=PASS
2026-10-10T09:28:15.6782900Z 
2026-10-10T09:28:15.6932455Z [213/406] [chromium] › tests/states/route-error-composition.spec.ts:44:9 › every shop route composes the shared API error state with its page content › R26 /s/:shopId/bot
2026-10-10T09:28:20.2298112Z [chromium] › tests/states/route-error-composition.spec.ts:44:9 › every shop route composes the shared API error state with its page content › R26 /s/:shopId/bot
2026-10-10T09:28:20.2298985Z ROUTE_ERROR_COMPOSITION_ROUTE=R26 RESULT=PASS
2026-10-10T09:28:20.2299211Z 
2026-10-10T09:28:20.2464203Z [214/406] [chromium] › tests/states/route-error-composition.spec.ts:44:9 › every shop route composes the shared API error state with its page content › R27 /s/:shopId/bot/playground
2026-10-10T09:28:24.8051437Z [chromium] › tests/states/route-error-composition.spec.ts:44:9 › every shop route composes the shared API error state with its page content › R27 /s/:shopId/bot/playground
2026-10-10T09:28:24.8054379Z ROUTE_ERROR_COMPOSITION_ROUTE=R27 RESULT=PASS
2026-10-10T09:28:24.8054663Z 
2026-10-10T09:28:24.8202909Z [215/406] [chromium] › tests/states/route-error-composition.spec.ts:44:9 › every shop route composes the shared API error state with its page content › R28 /s/:shopId/bot/evaluations
2026-10-10T09:28:29.2528812Z [chromium] › tests/states/route-error-composition.spec.ts:44:9 › every shop route composes the shared API error state with its page content › R28 /s/:shopId/bot/evaluations
2026-10-10T09:28:29.2529736Z ROUTE_ERROR_COMPOSITION_ROUTE=R28 RESULT=PASS
2026-10-10T09:28:29.2529968Z 
2026-10-10T09:28:29.2735422Z [216/406] [chromium] › tests/states/route-error-composition.spec.ts:44:9 › every shop route composes the shared API error state with its page content › R29 /s/:shopId/integrations/channels
2026-10-10T09:28:34.1617533Z [chromium] › tests/states/route-error-composition.spec.ts:44:9 › every shop route composes the shared API error state with its page content › R29 /s/:shopId/integrations/channels
2026-10-10T09:28:34.1619622Z ROUTE_ERROR_COMPOSITION_ROUTE=R29 RESULT=PASS
2026-10-10T09:28:34.1620207Z 
2026-10-10T09:28:34.1766891Z [217/406] [chromium] › tests/states/route-error-composition.spec.ts:44:9 › every shop route composes the shared API error state with its page content › R30 /s/:shopId/integrations/ai
2026-10-10T09:28:38.6240731Z [chromium] › tests/states/route-error-composition.spec.ts:44:9 › every shop route composes the shared API error state with its page content › R30 /s/:shopId/integrations/ai
2026-10-10T09:28:38.6241642Z ROUTE_ERROR_COMPOSITION_ROUTE=R30 RESULT=PASS
2026-10-10T09:28:38.6242048Z 
2026-10-10T09:28:38.6406174Z [218/406] [chromium] › tests/states/route-error-composition.spec.ts:44:9 › every shop route composes the shared API error state with its page content › R31 /s/:shopId/reports
2026-10-10T09:28:43.5974486Z [chromium] › tests/states/route-error-composition.spec.ts:44:9 › every shop route composes the shared API error state with its page content › R31 /s/:shopId/reports
2026-10-10T09:28:43.5976642Z ROUTE_ERROR_COMPOSITION_ROUTE=R31 RESULT=PASS
2026-10-10T09:28:43.5977075Z 
2026-10-10T09:28:43.6159149Z [219/406] [chromium] › tests/states/route-error-composition.spec.ts:44:9 › every shop route composes the shared API error state with its page content › R32 /s/:shopId/settings/team
2026-10-10T09:28:48.0824658Z [chromium] › tests/states/route-error-composition.spec.ts:44:9 › every shop route composes the shared API error state with its page content › R32 /s/:shopId/settings/team
2026-10-10T09:28:48.0829485Z ROUTE_ERROR_COMPOSITION_ROUTE=R32 RESULT=PASS
2026-10-10T09:28:48.0830140Z 
2026-10-10T09:28:48.0978308Z [220/406] [chromium] › tests/states/route-error-composition.spec.ts:44:9 › every shop route composes the shared API error state with its page content › R33 /s/:shopId/settings/shop
2026-10-10T09:28:51.8451214Z [chromium] › tests/states/route-error-composition.spec.ts:44:9 › every shop route composes the shared API error state with its page content › R33 /s/:shopId/settings/shop
2026-10-10T09:28:51.8463124Z ROUTE_ERROR_COMPOSITION_ROUTE=R33 RESULT=PASS
2026-10-10T09:28:51.8464029Z 
2026-10-10T09:28:51.8620191Z [221/406] [chromium] › tests/states/route-error-composition.spec.ts:44:9 › every shop route composes the shared API error state with its page content › R34 /s/:shopId/settings/audit
2026-10-10T09:28:56.2603865Z [chromium] › tests/states/route-error-composition.spec.ts:44:9 › every shop route composes the shared API error state with its page content › R34 /s/:shopId/settings/audit
2026-10-10T09:28:56.2604874Z ROUTE_ERROR_COMPOSITION_ROUTE=R34 RESULT=PASS
2026-10-10T09:28:56.2605111Z 
2026-10-10T09:28:56.2771503Z [222/406] [chromium] › tests/states/route-error-composition.spec.ts:44:9 › every shop route composes the shared API error state with its page content › R35 /s/:shopId/settings/privacy
2026-10-10T09:29:01.5166669Z [chromium] › tests/states/route-error-composition.spec.ts:44:9 › every shop route composes the shared API error state with its page content › R35 /s/:shopId/settings/privacy
2026-10-10T09:29:01.5167620Z ROUTE_ERROR_COMPOSITION_ROUTE=R35 RESULT=PASS
2026-10-10T09:29:01.5168054Z 
2026-10-10T09:29:01.5313001Z [223/406] [chromium] › tests/states/route-error-composition.spec.ts:44:9 › every shop route composes the shared API error state with its page content › R36 /s/:shopId/jobs/:jobId
2026-10-10T09:29:05.9606901Z [chromium] › tests/states/route-error-composition.spec.ts:44:9 › every shop route composes the shared API error state with its page content › R36 /s/:shopId/jobs/:jobId
2026-10-10T09:29:05.9607787Z ROUTE_ERROR_COMPOSITION_ROUTE=R36 RESULT=PASS
2026-10-10T09:29:05.9608038Z 
2026-10-10T09:29:05.9757630Z [224/406] [chromium] › tests/states/route-error-composition.spec.ts:44:9 › every shop route composes the shared API error state with its page content › R37 /s/:shopId/operations
2026-10-10T09:29:10.8019033Z [chromium] › tests/states/route-error-composition.spec.ts:44:9 › every shop route composes the shared API error state with its page content › R37 /s/:shopId/operations
2026-10-10T09:29:10.8023335Z ROUTE_ERROR_COMPOSITION_ROUTE=R37 RESULT=PASS
2026-10-10T09:29:10.8024473Z 
2026-10-10T09:29:10.8173890Z [225/406] [chromium] › tests/states/route-error-composition.spec.ts:44:9 › every shop route composes the shared API error state with its page content › R38 /s/:shopId/approvals
2026-10-10T09:29:15.6650517Z [chromium] › tests/states/route-error-composition.spec.ts:44:9 › every shop route composes the shared API error state with its page content › R38 /s/:shopId/approvals
2026-10-10T09:29:15.6652171Z ROUTE_ERROR_COMPOSITION_ROUTE=R38 RESULT=PASS
2026-10-10T09:29:15.6652585Z 
2026-10-10T09:29:15.6822751Z [226/406] [chromium] › tests/states/route-error-composition.spec.ts:44:9 › every shop route composes the shared API error state with its page content › R39 /s/:shopId/notifications
2026-10-10T09:29:20.2281845Z [chromium] › tests/states/route-error-composition.spec.ts:44:9 › every shop route composes the shared API error state with its page content › R39 /s/:shopId/notifications
2026-10-10T09:29:20.2284788Z ROUTE_ERROR_COMPOSITION_ROUTE=R39 RESULT=PASS
2026-10-10T09:29:20.2285531Z 
2026-10-10T09:29:20.2492730Z [227/406] [chromium] › tests/states/route-error-composition.spec.ts:44:9 › every shop route composes the shared API error state with its page content › R40 /s/:shopId/notifications/devices
2026-10-10T09:29:25.3571642Z [chromium] › tests/states/route-error-composition.spec.ts:44:9 › every shop route composes the shared API error state with its page content › R40 /s/:shopId/notifications/devices
2026-10-10T09:29:25.3573226Z ROUTE_ERROR_COMPOSITION_ROUTE=R40 RESULT=PASS
2026-10-10T09:29:25.3573922Z 
2026-10-10T09:29:25.3710359Z [228/406] [chromium] › tests/states/route-error-composition.spec.ts:44:9 › every shop route composes the shared API error state with its page content › R41 /s/:shopId/fulfillment
2026-10-10T09:29:29.9783830Z [chromium] › tests/states/route-error-composition.spec.ts:44:9 › every shop route composes the shared API error state with its page content › R41 /s/:shopId/fulfillment
2026-10-10T09:29:29.9785391Z ROUTE_ERROR_COMPOSITION_ROUTE=R41 RESULT=PASS
2026-10-10T09:29:29.9785812Z 
2026-10-10T09:29:29.9929439Z [229/406] [chromium] › tests/states/route-error-composition.spec.ts:44:9 › every shop route composes the shared API error state with its page content › R42 /s/:shopId/shipments
2026-10-10T09:29:35.0747679Z [chromium] › tests/states/route-error-composition.spec.ts:44:9 › every shop route composes the shared API error state with its page content › R42 /s/:shopId/shipments
2026-10-10T09:29:35.0749550Z ROUTE_ERROR_COMPOSITION_ROUTE=R42 RESULT=PASS
2026-10-10T09:29:35.0750186Z 
2026-10-10T09:29:35.0885711Z [230/406] [chromium] › tests/states/route-error-composition.spec.ts:44:9 › every shop route composes the shared API error state with its page content › R43 /s/:shopId/returns
2026-10-10T09:29:39.9486846Z [chromium] › tests/states/route-error-composition.spec.ts:44:9 › every shop route composes the shared API error state with its page content › R43 /s/:shopId/returns
2026-10-10T09:29:39.9489687Z ROUTE_ERROR_COMPOSITION_ROUTE=R43 RESULT=PASS
2026-10-10T09:29:39.9490268Z 
2026-10-10T09:29:39.9642485Z [231/406] [chromium] › tests/states/route-error-composition.spec.ts:44:9 › every shop route composes the shared API error state with its page content › R44 /s/:shopId/suppliers
2026-10-10T09:29:44.8391595Z [chromium] › tests/states/route-error-composition.spec.ts:44:9 › every shop route composes the shared API error state with its page content › R44 /s/:shopId/suppliers
2026-10-10T09:29:44.8393123Z ROUTE_ERROR_COMPOSITION_ROUTE=R44 RESULT=PASS
2026-10-10T09:29:44.8393823Z 
2026-10-10T09:29:44.8556113Z [232/406] [chromium] › tests/states/route-error-composition.spec.ts:44:9 › every shop route composes the shared API error state with its page content › R45 /s/:shopId/replenishment
2026-10-10T09:29:50.0540849Z [chromium] › tests/states/route-error-composition.spec.ts:44:9 › every shop route composes the shared API error state with its page content › R45 /s/:shopId/replenishment
2026-10-10T09:29:50.0542565Z ROUTE_ERROR_COMPOSITION_ROUTE=R45 RESULT=PASS
2026-10-10T09:29:50.0543205Z 
2026-10-10T09:29:50.0709839Z [233/406] [chromium] › tests/states/route-error-composition.spec.ts:44:9 › every shop route composes the shared API error state with its page content › R46 /s/:shopId/purchases
2026-10-10T09:29:54.9836002Z [chromium] › tests/states/route-error-composition.spec.ts:44:9 › every shop route composes the shared API error state with its page content › R46 /s/:shopId/purchases
2026-10-10T09:29:54.9837660Z ROUTE_ERROR_COMPOSITION_ROUTE=R46 RESULT=PASS
2026-10-10T09:29:54.9839158Z 
2026-10-10T09:29:54.9995247Z [234/406] [chromium] › tests/states/route-error-composition.spec.ts:44:9 › every shop route composes the shared API error state with its page content › R47 /s/:shopId/receipts
2026-10-10T09:30:00.0059880Z [chromium] › tests/states/route-error-composition.spec.ts:44:9 › every shop route composes the shared API error state with its page content › R47 /s/:shopId/receipts
2026-10-10T09:30:00.0062036Z ROUTE_ERROR_COMPOSITION_ROUTE=R47 RESULT=PASS
2026-10-10T09:30:00.0062499Z 
2026-10-10T09:30:00.0217956Z [235/406] [chromium] › tests/states/route-error-composition.spec.ts:44:9 › every shop route composes the shared API error state with its page content › R48 /s/:shopId/finance/journals
2026-10-10T09:30:05.1907097Z [chromium] › tests/states/route-error-composition.spec.ts:44:9 › every shop route composes the shared API error state with its page content › R48 /s/:shopId/finance/journals
2026-10-10T09:30:05.1907999Z ROUTE_ERROR_COMPOSITION_ROUTE=R48 RESULT=PASS
2026-10-10T09:30:05.1908407Z 
2026-10-10T09:30:05.2085811Z [236/406] [chromium] › tests/states/route-error-composition.spec.ts:44:9 › every shop route composes the shared API error state with its page content › R49 /s/:shopId/finance/reconciliation
2026-10-10T09:30:10.1729820Z [chromium] › tests/states/route-error-composition.spec.ts:44:9 › every shop route composes the shared API error state with its page content › R49 /s/:shopId/finance/reconciliation
2026-10-10T09:30:10.1731395Z ROUTE_ERROR_COMPOSITION_ROUTE=R49 RESULT=PASS
2026-10-10T09:30:10.1731767Z 
2026-10-10T09:30:10.1914031Z [237/406] [chromium] › tests/states/route-error-composition.spec.ts:44:9 › every shop route composes the shared API error state with its page content › R50 /s/:shopId/finance/debts-periods
2026-10-10T09:30:15.0710665Z [chromium] › tests/states/route-error-composition.spec.ts:44:9 › every shop route composes the shared API error state with its page content › R50 /s/:shopId/finance/debts-periods
2026-10-10T09:30:15.0711947Z ROUTE_ERROR_COMPOSITION_ROUTE=R50 RESULT=PASS
2026-10-10T09:30:15.0712400Z 
2026-10-10T09:30:15.0866125Z [238/406] [chromium] › tests/states/route-error-composition.spec.ts:44:9 › every shop route composes the shared API error state with its page content › R51 /s/:shopId/bot/team
2026-10-10T09:30:19.6326490Z [chromium] › tests/states/route-error-composition.spec.ts:44:9 › every shop route composes the shared API error state with its page content › R51 /s/:shopId/bot/team
2026-10-10T09:30:19.6328017Z ROUTE_ERROR_COMPOSITION_ROUTE=R51 RESULT=PASS
2026-10-10T09:30:19.6328438Z 
2026-10-10T09:30:19.6495713Z [239/406] [chromium] › tests/states/route-error-composition.spec.ts:44:9 › every shop route composes the shared API error state with its page content › R52 /s/:shopId/operations/digests
2026-10-10T09:30:24.2481173Z [chromium] › tests/states/route-error-composition.spec.ts:44:9 › every shop route composes the shared API error state with its page content › R52 /s/:shopId/operations/digests
2026-10-10T09:30:24.2482103Z ROUTE_ERROR_COMPOSITION_ROUTE=R52 RESULT=PASS
2026-10-10T09:30:24.2482341Z 
2026-10-10T09:30:24.2645234Z [240/406] [chromium] › tests/states/route-error-composition.spec.ts:44:9 › every shop route composes the shared API error state with its page content › R53 /s/:shopId/reports/marketing
2026-10-10T09:30:29.2534116Z [chromium] › tests/states/route-error-composition.spec.ts:44:9 › every shop route composes the shared API error state with its page content › R53 /s/:shopId/reports/marketing
2026-10-10T09:30:29.2535799Z ROUTE_ERROR_COMPOSITION_ROUTE=R53 RESULT=PASS
2026-10-10T09:30:29.2537015Z 
2026-10-10T09:30:29.2667623Z [241/406] [chromium] › tests/states/route-error-composition.spec.ts:44:9 › every shop route composes the shared API error state with its page content › R54 /s/:shopId/service-cases
2026-10-10T09:30:34.2103212Z [chromium] › tests/states/route-error-composition.spec.ts:44:9 › every shop route composes the shared API error state with its page content › R54 /s/:shopId/service-cases
2026-10-10T09:30:34.2105335Z ROUTE_ERROR_COMPOSITION_ROUTE=R54 RESULT=PASS
2026-10-10T09:30:34.2106333Z 
2026-10-10T09:30:34.2279519Z [242/406] [chromium] › tests/states/route-error-composition.spec.ts:44:9 › every shop route composes the shared API error state with its page content › R55 /s/:shopId/settings/warehouses
2026-10-10T09:30:39.0700660Z [chromium] › tests/states/route-error-composition.spec.ts:44:9 › every shop route composes the shared API error state with its page content › R55 /s/:shopId/settings/warehouses
2026-10-10T09:30:39.0702152Z ROUTE_ERROR_COMPOSITION_ROUTE=R55 RESULT=PASS
2026-10-10T09:30:39.0702828Z 
2026-10-10T09:30:39.0848767Z [243/406] [chromium] › tests/states/route-error-composition.spec.ts:44:9 › every shop route composes the shared API error state with its page content › R56 /s/:shopId/finance/accounts
2026-10-10T09:30:44.0692344Z [chromium] › tests/states/route-error-composition.spec.ts:44:9 › every shop route composes the shared API error state with its page content › R56 /s/:shopId/finance/accounts
2026-10-10T09:30:44.0694443Z ROUTE_ERROR_COMPOSITION_ROUTE=R56 RESULT=PASS
2026-10-10T09:30:44.0694895Z 
2026-10-10T09:30:44.0848134Z [244/406] [chromium] › tests/states/route-error-composition.spec.ts:44:9 › every shop route composes the shared API error state with its page content › R57 /s/:shopId/finance/opening-balances
2026-10-10T09:30:49.1949273Z [chromium] › tests/states/route-error-composition.spec.ts:44:9 › every shop route composes the shared API error state with its page content › R57 /s/:shopId/finance/opening-balances
2026-10-10T09:30:49.1952502Z ROUTE_ERROR_COMPOSITION_ROUTE=R57 RESULT=PASS
2026-10-10T09:30:49.1953142Z 
2026-10-10T09:30:49.2119693Z [245/406] [chromium] › tests/states/route-error-composition.spec.ts:44:9 › every shop route composes the shared API error state with its page content › R58 /s/:shopId/finance/ledger
2026-10-10T09:30:54.0316140Z [chromium] › tests/states/route-error-composition.spec.ts:44:9 › every shop route composes the shared API error state with its page content › R58 /s/:shopId/finance/ledger
2026-10-10T09:30:54.0317729Z ROUTE_ERROR_COMPOSITION_ROUTE=R58 RESULT=PASS
2026-10-10T09:30:54.0318466Z 
2026-10-10T09:30:54.0476655Z [246/406] [chromium] › tests/states/route-error-composition.spec.ts:44:9 › every shop route composes the shared API error state with its page content › R59 /s/:shopId/finance/trial-balance
2026-10-10T09:30:58.8646543Z [chromium] › tests/states/route-error-composition.spec.ts:44:9 › every shop route composes the shared API error state with its page content › R59 /s/:shopId/finance/trial-balance
2026-10-10T09:30:58.8648020Z ROUTE_ERROR_COMPOSITION_ROUTE=R59 RESULT=PASS
2026-10-10T09:30:58.8648426Z 
2026-10-10T09:30:58.8815803Z [247/406] [chromium] › tests/states/route-error-composition.spec.ts:44:9 › every shop route composes the shared API error state with its page content › R60 /s/:shopId/finance/balance-sheet
2026-10-10T09:31:03.9284881Z [chromium] › tests/states/route-error-composition.spec.ts:44:9 › every shop route composes the shared API error state with its page content › R60 /s/:shopId/finance/balance-sheet
2026-10-10T09:31:03.9286674Z ROUTE_ERROR_COMPOSITION_ROUTE=R60 RESULT=PASS
2026-10-10T09:31:03.9287264Z 
2026-10-10T09:31:03.9987836Z [248/406] [chromium] › tests/ui-bot-layout.spec.ts:42:1 › Bot routes R26/R27/R28/R51 fit the supported page-width boundaries
2026-10-10T09:31:38.2003148Z [249/406] [chromium] › tests/ui-bot-layout.spec.ts:52:1 › Bot config, evaluation, role and budget dialogs stay inside mobile and desktop viewports
2026-10-10T09:32:01.6748956Z [250/406] [chromium] › tests/ui-catalog-layout.spec.ts:15:1 › catalog R09-R14 keeps shared gutters, inset ownership and dry-run flow at mobile and desktop
2026-10-10T09:32:25.0836864Z [251/406] [chromium] › tests/ui-catalog-layout.spec.ts:67:1 › Imports review notice and demo controls keep the measured shared disclosure boundary at 806x884
2026-10-10T09:32:27.4863411Z [252/406] [chromium] › tests/ui-component-layout.spec.ts:40:1 › A01 order lines keep intrinsic remove actions with clean and invalid quantities
2026-10-10T09:32:36.7261165Z [253/406] [chromium] › tests/ui-component-layout.spec.ts:61:1 › A02 product editors align category and status faces independently from lookup metadata
2026-10-10T09:32:50.2326764Z [254/406] [chromium] › tests/ui-component-layout.spec.ts:84:1 › Shared outlined labels focus empty and populated native controls
2026-10-10T09:32:52.7745701Z [255/406] [chromium] › tests/ui-component-layout.spec.ts:99:1 › A02 variant fields retain readable widths when text doubles
2026-10-10T09:33:09.2521178Z [256/406] [chromium] › tests/ui-component-layout.spec.ts:130:1 › A03 import mapping preserves natural remove actions and editable mappings
2026-10-10T09:33:16.0110112Z [257/406] [chromium] › tests/ui-component-layout.spec.ts:150:1 › A04 full precision money wraps outside tables and remains unbroken in the named scroll region
2026-10-10T09:33:22.5133136Z [258/406] [chromium] › tests/ui-component-layout.spec.ts:176:1 › A05 status height follows its own label while long labels remain fully readable
2026-10-10T09:33:29.0571139Z [259/406] [chromium] › tests/ui-component-layout.spec.ts:196:1 › A06 Empty wraps unbroken reference text and retains its keyboard action
2026-10-10T09:33:35.8539913Z [260/406] [chromium] › tests/ui-component-layout.spec.ts:209:1 › A07 canonical order address selection exposes full text and edit lines retain intrinsic actions
2026-10-10T09:33:51.3300126Z [261/406] [chromium] › tests/ui-composition-layout.spec.ts:13:1 › SPC-061/062 shared compositions own their gap and child boundaries on every canonical route
2026-10-10T09:37:00.4144268Z [262/406] [chromium] › tests/ui-composition-positive-ancestry.spec.ts:62:1 › S15 Dashboard conditional content keeps an independently bordered surface inside its Panel owner
2026-10-10T09:37:06.8366559Z [263/406] [chromium] › tests/ui-composition-positive-ancestry.spec.ts:103:1 › S15 catalog QueryState fragment keeps DataTable and Pager as peer children of one Panel
2026-10-10T09:37:12.4051206Z [264/406] [chromium] › tests/ui-composition-positive-ancestry.spec.ts:137:1 › S15 Knowledge action group wraps children without losing its shared action owner
2026-10-10T09:37:17.7826599Z [265/406] [chromium] › tests/ui-consent-management.spec.ts:16:1 › R35 creates a pending challenge from API and shows consent history without local opt-out state
2026-10-10T09:37:21.8784825Z [266/406] [chromium] › tests/ui-consent-management.spec.ts:36:1 › R61 confirms an opt-out through POST body, removes the token from URL and leaves service messages available
2026-10-10T09:37:23.4508442Z [267/406] [chromium] › tests/ui-consent-management.spec.ts:74:1 › R61 public confirmation remains keyboard-accessible and reflows at 320px
2026-10-10T09:37:25.3874670Z [268/406] [chromium] › tests/ui-customers-layout.spec.ts:30:1 › Customers R07/R08/R54 layouts fit the shell at every responsive boundary
2026-10-10T09:37:52.3798494Z [269/406] [chromium] › tests/ui-customers-layout.spec.ts:59:1 › Customer create and service-case dialogs stay in the viewport without submitting
2026-10-10T09:38:00.9167344Z [270/406] [chromium] › tests/ui-dashboard-layout.spec.ts:17:1 › Shared consolidation Dashboard primary link respects all eight permission tuples and native anchor interactions
2026-10-10T09:38:09.7545559Z [271/406] [chromium] › tests/ui-dashboard-layout.spec.ts:69:1 › dashboard hierarchy, CTA targets, and page width hold across supported breakpoints
2026-10-10T09:38:12.5077466Z [272/406] [chromium] › tests/ui-density-layout.spec.ts:10:1 › density table saves row space while preserving action target and data
2026-10-10T09:38:20.8247955Z [273/406] [chromium] › tests/ui-density-layout.spec.ts:22:1 › density divided facts list has one row inset and no additional inter-row gap
2026-10-10T09:38:24.6521166Z [274/406] [chromium] › tests/ui-density-layout.spec.ts:33:1 › density demo disclosure retains state and always shows the synthetic warning
2026-10-10T09:38:34.6172469Z [275/406] [chromium] › tests/ui-density-layout.spec.ts:48:1 › density operational Panel uses 12px boundary while complex form and reading Panel keep comfortable rhythm
2026-10-10T09:38:44.8424630Z [276/406] [chromium] › tests/ui-density-layout.spec.ts:60:1 › density simple category editor keeps labels, errors and keyboard reflow usable
2026-10-10T09:38:57.5265510Z [277/406] [chromium] › tests/ui-finance-layout.spec.ts:30:1 › Finance R20/R21/R22/R48/R49/R50 route layouts retain shell gutter without horizontal overflow from 320–1440px
2026-10-10T09:39:43.5600921Z [278/406] [chromium] › tests/ui-finance-layout.spec.ts:62:1 › titled Finance Panels keep one 12px header-to-first-content boundary
2026-10-10T09:39:59.6484999Z [279/406] [chromium] › tests/ui-finance-layout.spec.ts:129:1 › Finance report, entry, journal, reconciliation and period dialogs remain in the viewport without submitting
2026-10-10T09:40:25.1332546Z [280/406] [chromium] › tests/ui-finance-management.spec.ts:14:1 › C06 opening validates before HTTP and preserves added/removed list drafts through every close guard
2026-10-10T09:40:31.3517089Z [281/406] [chromium] › tests/ui-finance-management.spec.ts:19:1 › C06 opening UI posts only its reviewed version and reports/ledger drill down to real journal IDs
2026-10-10T09:40:41.1324577Z [282/406] [chromium] › tests/ui-finance-management.spec.ts:25:1 › C06 opening conflict retains whole lists and reconciles two changing server versions without forced retry
2026-10-10T09:40:50.7977219Z [283/406] [chromium] › tests/ui-finance-management.spec.ts:31:1 › C06 finance entry validation and refetch conflict keep the saved baseline and draft
2026-10-10T09:40:55.1985037Z [284/406] [chromium] › tests/ui-finance-management.spec.ts:35:1 › C06 all new financial routes and dialog use keyboard/axe and reflow at required widths
2026-10-10T09:41:50.9190805Z [285/406] [chromium] › tests/ui-fulfillment-layout.spec.ts:30:1 › Fulfillment R41/R42 preserve shell gutter and contain responsive route layouts from 320-1440px
2026-10-10T09:42:10.4800868Z [286/406] [chromium] › tests/ui-fulfillment-layout.spec.ts:59:1 › Fulfillment prep, shipment-create, detail and event dialogs fit mobile and desktop without submitting
2026-10-10T09:42:19.6145888Z [287/406] [chromium] › tests/ui-integrations-layout.spec.ts:40:1 › Integrations routes R29/R30 fit the supported page-width boundaries
2026-10-10T09:42:37.3309989Z [288/406] [chromium] › tests/ui-integrations-layout.spec.ts:50:1 › R29 disconnect and R30 create/edit credential dialogs stay inside mobile and desktop viewports
2026-10-10T09:42:51.6501666Z [289/406] [chromium] › tests/ui-inventory-layout.spec.ts:15:1 › Inventory R15/R16 preserve shared gutter and contain table overflow at 320-1440px
2026-10-10T09:43:09.0573884Z [290/406] [chromium] › tests/ui-inventory-layout.spec.ts:55:1 › Inventory filters reset cursor and preserve other URL state; adjustment validation sends no command
2026-10-10T09:43:18.5647288Z [291/406] [chromium] › tests/ui-knowledge-layout.spec.ts:67:1 › Knowledge routes R23/R24/R25 fit every supported layout boundary
2026-10-10T09:43:49.6142415Z [292/406] [chromium] › tests/ui-knowledge-layout.spec.ts:87:1 › Knowledge create, edit, and feedback-review dialogs remain inside mobile and desktop viewports
2026-10-10T09:44:07.8164773Z [293/406] [chromium] › tests/ui-master-resources.spec.ts:13:1 › C05 warehouses validate before HTTP, protect drafts and create/update/archive with visible results
2026-10-10T09:44:15.8799528Z [294/406] [chromium] › tests/ui-master-resources.spec.ts:26:1 › C05 warehouse conflicts keep the draft across two concurrent versions and require explicit reconciliation
2026-10-10T09:44:20.0791575Z [295/406] [chromium] › tests/ui-master-resources.spec.ts:34:1 › C05 accounts create and protect used fields; journal choices come from the same API lookup
2026-10-10T09:44:24.6419238Z [296/406] [chromium] › tests/ui-master-resources.spec.ts:40:1 › C05 customer address UI never replays a masked phone and orders load per-customer addresses
2026-10-10T09:44:30.5514324Z [297/406] [chromium] › tests/ui-master-resources.spec.ts:46:1 › C05 new management routes and address dialog reflow at all required widths with keyboard and axe
2026-10-10T09:45:09.6084668Z [298/406] [chromium] › tests/ui-master-resources.spec.ts:58:1 › C05 complete customer addresses create/archive through HTTP; masked mandatory fields prevent creation
2026-10-10T09:45:14.7969598Z [299/406] [chromium] › tests/ui-master-resources.spec.ts:77:1 › C05 an unknown warehouse creation keeps the draft and prevents a second request
2026-10-10T09:45:17.3777281Z [300/406] [chromium] › tests/ui-notifications-layout.spec.ts:40:1 › R39/R40 Notifications routes fit the supported page-width boundaries
2026-10-10T09:45:36.0198837Z [301/406] [chromium] › tests/ui-notifications-layout.spec.ts:50:1 › R40 revoke-device confirmation stays inside mobile and desktop viewports
2026-10-10T09:45:43.6822832Z [302/406] [chromium] › tests/ui-operations-layout.spec.ts:41:1 › R37/R38/R52 Operations routes fit the supported page-width boundaries
2026-10-10T09:46:10.0196449Z [303/406] [chromium] › tests/ui-operations-layout.spec.ts:51:1 › R52 role-control confirmation stays inside mobile and desktop viewports
2026-10-10T09:46:17.4161323Z [304/406] [chromium] › tests/ui-orders-layout.spec.ts:15:1 › Orders R17/R18/R19/R43 preserve responsive page geometry at 320-1440px
2026-10-10T09:46:52.9245910Z [305/406] [chromium] › tests/ui-orders-layout.spec.ts:46:1 › Orders draft, versioned quote, canonical address snapshot and return dialogs keep their behavior without writes
2026-10-10T09:47:08.0387831Z [306/406] [chromium] › tests/ui-panel-layout.spec.ts:15:1 › the titled Fulfillment Panel owns its body inset and keeps one 12px header boundary
2026-10-10T09:47:16.5909169Z [307/406] [chromium] › tests/ui-procurement-layout.spec.ts:38:1 › Procurement R44-R47 preserve shared page gutter and contain responsive tables at 320-1440px
2026-10-10T09:47:52.7018060Z [308/406] [chromium] › tests/ui-procurement-layout.spec.ts:69:1 › Procurement supplier, offer, rule, purchase and receipt dialogs fit narrow and desktop viewports without writes
2026-10-10T09:48:12.0566471Z [309/406] [chromium] › tests/ui-query-state-layout.spec.ts:68:5 › S12 R09 QueryState section profile preserves pending and ready layout
2026-10-10T09:48:26.3099218Z [310/406] [chromium] › tests/ui-query-state-layout.spec.ts:68:5 › S12 R11 QueryState inline profile preserves pending and ready layout
2026-10-10T09:48:38.3356290Z [311/406] [chromium] › tests/ui-shell-layout.spec.ts:45:1 › Shell keeps header, banner, main and footer on one responsive gutter
2026-10-10T09:48:42.3199233Z [312/406] [chromium] › tests/ui-shell-layout.spec.ts:106:1 › demo controls stay discoverable on mobile and usable on desktop
2026-10-10T09:48:44.2195514Z [313/406] [chromium] › tests/ui-shell-layout.spec.ts:124:1 › SPC-055/057 demo-control labels keep a clear gap on every Shell route consumer
2026-10-10T09:50:04.4886961Z [314/406] [chromium] › tests/ui-shell-layout.spec.ts:149:1 › unmatched route fallback owns its page gutter without horizontal overflow
2026-10-10T09:50:05.8630677Z [315/406] [chromium] › tests/ui-toolbar-layout.spec.ts:33:1 › Shared Toolbar and demo tools keep labels clear when text doubles
2026-10-10T09:50:16.4332484Z [316/406] [chromium] › tests/ui-toolbar-layout.spec.ts:61:1 › Toolbar geometry: multiline category lookup cannot stretch the search button
2026-10-10T09:50:19.3760353Z [317/406] [chromium] › tests/ui-toolbar-layout.spec.ts:78:1 › Shared consolidation Inbox filters share Toolbar ownership and stay outside search across pane widths
2026-10-10T09:50:39.0711343Z [318/406] [chromium] › tests/ui-toolbar-layout.spec.ts:121:1 › Toolbar affected routes keep intrinsic actions, capability branches and 320px reflow
2026-10-10T09:52:03.4205480Z [319/406] [chromium] › tests/ui-toolbar-layout.spec.ts:146:1 › Toolbar public extra slot cannot stretch a single-line submit action
2026-10-10T09:52:05.5625801Z [320/406] [chromium] › tests/ui-toolbar-layout.spec.ts:163:1 › Toolbar preserves Products URL filters, search submit, clear and independent category lookup
2026-10-10T09:52:10.5930706Z [321/406] [chromium] › tests/ui-toolbar-layout.spec.ts:199:1 › Toolbar keeps Inventory apply/reset separate from search submission
2026-10-10T09:52:17.6709060Z [322/406] [chromium] › tests/ui-toolbar-layout.spec.ts:219:1 › Toolbar category more/busy/error/retry branches preserve search geometry and actual pagination
2026-10-10T09:52:22.8709205Z [323/406] [chromium] › tests/ui-ux-completion.spec.ts:9:1 › UX01 setup feedback CTA reaches review workflow rather than dynamic knowledge detail
2026-10-10T09:52:28.3556459Z [324/406] [chromium] › tests/ui-ux-completion.spec.ts:15:1 › UX02 stock warnings describe low/zero stock without implying a server block
2026-10-10T09:52:30.5084651Z [325/406] [chromium] › tests/ui-ux-completion.spec.ts:22:1 › UX02 inventory receipts and accounting open periods have domain-specific names
2026-10-10T09:52:34.6950667Z [326/406] [chromium] › tests/ui-ux-completion.spec.ts:31:1 › UX04 onboarding protects the whole draft on leave and reload
2026-10-10T09:52:47.0049917Z [327/406] [chromium] › tests/ui-ux-completion.spec.ts:52:1 › UX04 acknowledged shop creation leaves without a false dirty warning
2026-10-10T09:52:48.8048583Z [328/406] [chromium] › tests/ui-ux-completion.spec.ts:60:1 › UX05 product detail returns to committed filters; direct links use the list fallback
2026-10-10T09:52:53.4521209Z [329/406] [chromium] › tests/ui-ux-completion.spec.ts:70:60 › UX05 customers list returns to its own filter context
2026-10-10T09:52:58.0691357Z [330/406] [chromium] › tests/ui-ux-completion.spec.ts:70:60 › UX05 orders list returns to its own filter context
2026-10-10T09:53:02.3203457Z [331/406] [chromium] › tests/ui-ux-completion.spec.ts:70:60 › UX05 knowledge list returns to its own filter context
2026-10-10T09:53:06.3184804Z [332/406] [chromium] › tests/ui-ux-completion.spec.ts:86:1 › UX03 category, member and AI deletion confirmations name the selected object and consequence
2026-10-10T09:53:11.8580689Z [333/406] [chromium] › tests/ui-ux-completion.spec.ts:108:1 › UX07 titles and breadcrumb distinguish create/detail/review; menu empty state clears with focus
2026-10-10T09:53:16.5139762Z [334/406] [chromium] › tests/ui-ux-completion.spec.ts:126:1 › UX10 multi-table pages have distinct business names
2026-10-10T09:53:20.2748131Z [335/406] [chromium] › tests/ui-ux-completion.spec.ts:136:1 › UX06 AI capability names and states are readable in Vietnamese
2026-10-10T09:53:22.0977611Z [336/406] [chromium] › tests/ui-ux-completion.spec.ts:143:1 › UX15 detail captions reflow without splitting short words across all required viewports
2026-10-10T09:53:25.5939353Z [337/406] [chromium] › tests/ui-width-layout.spec.ts:29:1 › W01 AI single connection fills its collection at breakpoint edges and wide viewports
2026-10-10T09:53:37.0604332Z [338/406] [chromium] › tests/ui-width-layout.spec.ts:42:1 › W01 AI keeps two-column collection for two/three items and refetch preserves the new count
2026-10-10T09:53:41.0222849Z [339/406] [chromium] › tests/ui-width-layout.spec.ts:63:1 › W01 AI empty result keeps one accessible create action and no empty grid
2026-10-10T09:53:43.3428938Z [340/406] [chromium] › tests/ui-width-layout.spec.ts:72:35 › W01 workspace collection handles 0 visible shops
2026-10-10T09:53:51.4122083Z [341/406] [chromium] › tests/ui-width-layout.spec.ts:72:35 › W01 workspace collection handles 1 visible shops
2026-10-10T09:53:59.4585834Z [342/406] [chromium] › tests/ui-width-layout.spec.ts:72:35 › W01 workspace collection handles 2 visible shops
2026-10-10T09:54:07.6750548Z [343/406] [chromium] › tests/ui-width-layout.spec.ts:72:35 › W01 workspace collection handles 3 visible shops
2026-10-10T09:54:15.8166333Z [344/406] [chromium] › tests/ui-width-layout.spec.ts:104:1 › W02 full-width form groups fill their panel and retain input/mapping/shipping behavior
2026-10-10T09:54:44.0367117Z [345/406] [chromium] › tests/ui-width-layout.spec.ts:144:1 › W03 notification protection notice occupies the full page row after the two panes
2026-10-10T09:54:50.7383354Z [346/406] [chromium] › tests/ui-width-layout.spec.ts:163:1 › W04 detail rows stay atomic in divided rhythm and plain containers
2026-10-10T09:54:57.2766737Z [347/406] [chromium] › tests/ui-workspace-layout.spec.ts:60:1 › workspace routes stay within the supported page-width boundaries
2026-10-10T09:55:57.9305988Z [348/406] [chromium] › tests/ui-workspace-layout.spec.ts:72:1 › team invite and privacy request dialogs remain usable without submitting
2026-10-10T09:56:11.3451113Z [349/406] [chromium] › tests/ui006-lookups.spec.ts:69:1 › UI006.C05 lookup and table cursors reach records after 150 synthetic suppliers, offers, and orders
2026-10-10T09:56:57.3461307Z [350/406] [chromium] › tests/ui006-lookups.spec.ts:215:1 › UI006.C04 bounded previews disclose their sample and link to full collections
2026-10-10T09:57:03.3038841Z [351/406] [chromium] › tests/ui006-lookups.spec.ts:232:1 › UI006.C02 selected order identity survives a failed search and cursor retry
2026-10-10T09:57:06.8641213Z [352/406] [chromium] › tests/ui007-query-states.spec.ts:30:1 › UI007 secondary order query loads independently while the customer profile remains available
2026-10-10T09:57:11.9906453Z [353/406] [chromium] › tests/ui007-query-states.spec.ts:60:1 › UI007 order query 503 is isolated from the primary customer query and retries only that query
2026-10-10T09:57:16.2123026Z [354/406] [chromium] › tests/ui007-query-states.spec.ts:94:1 › UI007 forbidden order query is an access state and a successful empty query is distinct
2026-10-10T09:57:20.2168972Z [355/406] [chromium] › tests/ui007-query-states.spec.ts:114:1 › UI007 supplier and offer failures keep purchase suggestions visible and have operation-specific recovery
2026-10-10T09:57:24.1795768Z [356/406] [chromium] › tests/ui007-query-states.spec.ts:150:1 › UI007 auto-send budget query is lazy, permission-aware, and blocks an unverified budget
2026-10-10T09:57:28.1221536Z [357/406] [chromium] › tests/ui008-integration-empty.spec.ts:57:1 › UI008 R29 successful empty collection exposes an accessible state and one permission-guarded connect CTA
2026-10-10T09:57:31.8998630Z [358/406] [chromium] › tests/ui008-integration-empty.spec.ts:75:1 › UI008 R29 read-only bot_admin sees the empty state without a manage action
2026-10-10T09:57:34.9045423Z [359/406] [chromium] › tests/ui008-integration-empty.spec.ts:90:1 › UI008 R29 pending channel query stays loading until its response arrives
2026-10-10T09:57:38.0571900Z [360/406] [chromium] › tests/ui008-integration-empty.spec.ts:109:1 › UI008 R29 forbidden channel query is not presented as empty or retryable
2026-10-10T09:57:40.0475689Z [361/406] [chromium] › tests/ui008-integration-empty.spec.ts:123:1 › UI008 R29 503 remains an error and recovers through its retry control
2026-10-10T09:57:43.4968686Z [362/406] [chromium] › tests/ui008-integration-empty.spec.ts:144:1 › UI008 R30 successful empty AI connection cards show a first-use state and one add CTA
2026-10-10T09:57:45.7509994Z [363/406] [chromium] › tests/ui008-integration-empty.spec.ts:162:1 › UI008 R30 read-only bot_admin sees the empty state without an add action
2026-10-10T09:57:48.8881811Z [364/406] [chromium] › tests/ui009-scope-regression.spec.ts:23:1 › UI009 delayed customer orders from the previous shop cannot leak into the new shop profile
2026-10-10T09:57:55.1387604Z [365/406] [chromium] › tests/ui010-dialog-draft.spec.ts:15:1 › UI010 a discarded confirmation reason is cleared before the dialog opens again
2026-10-10T09:58:00.1053349Z [366/406] [chromium] › tests/ui011-date-time.spec.ts:16:1 › UI011 report defaults use the active shop calendar month at a UTC month boundary
2026-10-10T09:58:04.0574898Z [367/406] [chromium] › tests/ui011-date-time.spec.ts:29:1 › UI011 journal effective date defaults to the active shop calendar date
2026-10-10T09:58:06.5514599Z [368/406] [chromium] › tests/ui011-date-time.spec.ts:41:1 › UI011 shipment event input and API instant use the shop timezone, not browser timezone
2026-10-10T09:58:09.4520762Z [369/406] [chromium] › tests/ui012-keyboard.spec.ts:42:1 › UI012 keyboard-only finance edit handles select, discard warning and focus return
2026-10-10T09:58:15.1005856Z [370/406] [chromium] › tests/ui012-keyboard.spec.ts:103:1 › UI012 keyboard validation focuses the field named by a synthetic 422 response
2026-10-10T09:58:21.8855327Z [371/406] [chromium] › tests/ui012-keyboard.spec.ts:160:1 › UI012 keyboard activates the CSV chooser and discards its selected file without upload
2026-10-10T09:58:25.1784364Z [372/406] [chromium] › tests/ui012-keyboard.spec.ts:200:1 › UI012 keyboard can reach and horizontally scroll the marketing chart data alternative
2026-10-10T09:58:28.4691018Z [373/406] [chromium] › tests/ui012-keyboard.spec.ts:227:1 › UI012 marketing chart keeps every category label visible beside its data table
2026-10-10T09:58:33.6224033Z [374/406] [chromium] › tests/ui012-keyboard.spec.ts:276:1 › UI012 inbox feedback actions identify their message and return focus after Escape
2026-10-10T09:58:38.6645557Z [375/406] [chromium] › tests/ui012-keyboard.spec.ts:309:1 › UI012 order draft does not announce an untouched required customer as invalid
2026-10-10T09:58:40.5268042Z [376/406] [chromium] › tests/ui012-keyboard.spec.ts:322:1 › UI012 human-confirmation policy copy wraps inside its alert at a 320 CSS-pixel viewport
2026-10-10T09:58:42.4407266Z [377/406] [chromium] › tests/ui012-keyboard.spec.ts:356:1 › UI012 dashboard CTA separates hover and pressed feedback while keeping keyboard focus visible
2026-10-10T09:58:48.1828797Z [378/406] [chromium] › tests/ui013-url-state.spec.ts:19:1 › UI013 reconciliation tab deep links and survives refresh; malformed tab safely falls back
2026-10-10T09:58:56.4366323Z [379/406] [chromium] › tests/ui013-url-state.spec.ts:39:1 › UI013 finance date range deep link, edit, refresh and Back use shop-local filter state
2026-10-10T09:59:02.8706090Z [380/406] [chromium] › tests/ui013-url-state.spec.ts:70:1 › UI013 report type and export date filters are deep-linkable, refreshable and malformed values fall back safely
2026-10-10T09:59:09.5353278Z [381/406] [chromium] › tests/ui021-permission-edge.spec.ts:4:1 › privacy page keeps the customers link when the destination permission is present
2026-10-10T09:59:13.3134867Z [382/406] [chromium] › tests/ui021-permission-edge.spec.ts:19:1 › privacy page hides the customers link when the destination permission is missing
2026-10-10T09:59:18.0262437Z [383/406] [chromium] › tests/ui028-w24-inbox-layout.spec.ts:15:1 › UI028.W24 Inbox spacing roles remain consistent across breakpoints without losing draft state
2026-10-10T09:59:30.9440148Z [384/406] [chromium] › tests/ui028-w25-reports-layout.spec.ts:16:1 › UI028.W25 Reports semantic spacing stays stable at mobile, tablet and desktop widths
2026-10-10T09:59:55.2404072Z [385/406] [chromium] › tests/ui028-w25-reports-layout.spec.ts:123:1 › UI028.W25 authorized report download link retains its 44px hit target
2026-10-10T09:59:59.7646749Z [386/406] [chromium] › tests/ui028-w28-routes.spec.ts:47:5 › UI028.W28 61 canonical routes render with measured 390px layout geometry
2026-10-10T10:01:38.2278350Z [chromium] › tests/ui028-w28-routes.spec.ts:47:5 › UI028.W28 61 canonical routes render with measured 390px layout geometry
2026-10-10T10:01:38.2280360Z [w28-route-geometry] {"browser":"chromium","width":390,"routes":61,"issues":0,"pageErrors":0,"evidence":"evidence/frontend-ui-improvements/UI028/W28/route-geometry-chromium-390-current-20261010-091017-5825.json"}
2026-10-10T10:01:38.2281323Z 
2026-10-10T10:01:38.2561967Z [387/406] [chromium] › tests/ui028-w28-routes.spec.ts:47:5 › UI028.W28 61 canonical routes render with measured 1440px layout geometry
2026-10-10T10:03:02.7193071Z [chromium] › tests/ui028-w28-routes.spec.ts:47:5 › UI028.W28 61 canonical routes render with measured 1440px layout geometry
2026-10-10T10:03:02.7194847Z [w28-route-geometry] {"browser":"chromium","width":1440,"routes":61,"issues":0,"pageErrors":0,"evidence":"evidence/frontend-ui-improvements/UI028/W28/route-geometry-chromium-1440-current-20261010-091017-5825.json"}
2026-10-10T10:03:02.7196223Z 
2026-10-10T10:03:02.8126835Z [388/406] [chromium] › tests/ui028-w29-reflow.spec.ts:30:5 › UI028.W29 320px reflow retains representative actions and contains overflow
2026-10-10T10:03:16.8254056Z [chromium] › tests/ui028-w29-reflow.spec.ts:30:5 › UI028.W29 320px reflow retains representative actions and contains overflow
2026-10-10T10:03:16.8256047Z [w29-responsive-profile] {"browser":"chromium","width":320,"profiles":7,"issues":0,"pageErrors":0,"evidence":"evidence/frontend-ui-improvements/UI028/W29/responsive-profile-chromium-320-current-20261010-091017-5825.json"}
2026-10-10T10:03:16.8257023Z 
2026-10-10T10:03:16.8417010Z [389/406] [chromium] › tests/ui028-w29-reflow.spec.ts:30:5 › UI028.W29 390px reflow retains representative actions and contains overflow
2026-10-10T10:03:28.8894319Z [chromium] › tests/ui028-w29-reflow.spec.ts:30:5 › UI028.W29 390px reflow retains representative actions and contains overflow
2026-10-10T10:03:28.8896220Z [w29-responsive-profile] {"browser":"chromium","width":390,"profiles":7,"issues":0,"pageErrors":0,"evidence":"evidence/frontend-ui-improvements/UI028/W29/responsive-profile-chromium-390-current-20261010-091017-5825.json"}
2026-10-10T10:03:28.8897240Z 
2026-10-10T10:03:28.9129479Z [390/406] [chromium] › tests/ui028-w29-reflow.spec.ts:30:5 › UI028.W29 767px reflow retains representative actions and contains overflow
2026-10-10T10:03:41.4839931Z [chromium] › tests/ui028-w29-reflow.spec.ts:30:5 › UI028.W29 767px reflow retains representative actions and contains overflow
2026-10-10T10:03:41.4842628Z [w29-responsive-profile] {"browser":"chromium","width":767,"profiles":7,"issues":0,"pageErrors":0,"evidence":"evidence/frontend-ui-improvements/UI028/W29/responsive-profile-chromium-767-current-20261010-091017-5825.json"}
2026-10-10T10:03:41.4844323Z 
2026-10-10T10:03:41.5056095Z [391/406] [chromium] › tests/ui028-w29-reflow.spec.ts:30:5 › UI028.W29 768px reflow retains representative actions and contains overflow
2026-10-10T10:03:54.1729779Z [chromium] › tests/ui028-w29-reflow.spec.ts:30:5 › UI028.W29 768px reflow retains representative actions and contains overflow
2026-10-10T10:03:54.1731316Z [w29-responsive-profile] {"browser":"chromium","width":768,"profiles":7,"issues":0,"pageErrors":0,"evidence":"evidence/frontend-ui-improvements/UI028/W29/responsive-profile-chromium-768-current-20261010-091017-5825.json"}
2026-10-10T10:03:54.1732169Z 
2026-10-10T10:03:54.1931971Z [392/406] [chromium] › tests/ui028-w29-reflow.spec.ts:30:5 › UI028.W29 1024px reflow retains representative actions and contains overflow
2026-10-10T10:04:06.8673220Z [chromium] › tests/ui028-w29-reflow.spec.ts:30:5 › UI028.W29 1024px reflow retains representative actions and contains overflow
2026-10-10T10:04:06.8676579Z [w29-responsive-profile] {"browser":"chromium","width":1024,"profiles":7,"issues":0,"pageErrors":0,"evidence":"evidence/frontend-ui-improvements/UI028/W29/responsive-profile-chromium-1024-current-20261010-091017-5825.json"}
2026-10-10T10:04:06.8678578Z 
2026-10-10T10:04:06.8881687Z [393/406] [chromium] › tests/ui028-w29-reflow.spec.ts:30:5 › UI028.W29 1279px reflow retains representative actions and contains overflow
2026-10-10T10:04:19.5492064Z [chromium] › tests/ui028-w29-reflow.spec.ts:30:5 › UI028.W29 1279px reflow retains representative actions and contains overflow
2026-10-10T10:04:19.5495729Z [w29-responsive-profile] {"browser":"chromium","width":1279,"profiles":7,"issues":0,"pageErrors":0,"evidence":"evidence/frontend-ui-improvements/UI028/W29/responsive-profile-chromium-1279-current-20261010-091017-5825.json"}
2026-10-10T10:04:19.5497882Z 
2026-10-10T10:04:19.5660029Z [394/406] [chromium] › tests/ui028-w29-reflow.spec.ts:30:5 › UI028.W29 1280px reflow retains representative actions and contains overflow
2026-10-10T10:04:30.6884561Z [chromium] › tests/ui028-w29-reflow.spec.ts:30:5 › UI028.W29 1280px reflow retains representative actions and contains overflow
2026-10-10T10:04:30.6887212Z [w29-responsive-profile] {"browser":"chromium","width":1280,"profiles":7,"issues":0,"pageErrors":0,"evidence":"evidence/frontend-ui-improvements/UI028/W29/responsive-profile-chromium-1280-current-20261010-091017-5825.json"}
2026-10-10T10:04:30.6888687Z 
2026-10-10T10:04:30.7085930Z [395/406] [chromium] › tests/ui028-w29-reflow.spec.ts:30:5 › UI028.W29 1440px reflow retains representative actions and contains overflow
2026-10-10T10:04:42.3968533Z [chromium] › tests/ui028-w29-reflow.spec.ts:30:5 › UI028.W29 1440px reflow retains representative actions and contains overflow
2026-10-10T10:04:42.3970482Z [w29-responsive-profile] {"browser":"chromium","width":1440,"profiles":7,"issues":0,"pageErrors":0,"evidence":"evidence/frontend-ui-improvements/UI028/W29/responsive-profile-chromium-1440-current-20261010-091017-5825.json"}
2026-10-10T10:04:42.3971902Z 
2026-10-10T10:04:42.4179324Z [396/406] [chromium] › tests/ui028-w29-reflow.spec.ts:30:5 › UI028.W29 1920px reflow retains representative actions and contains overflow
2026-10-10T10:04:53.7018928Z [chromium] › tests/ui028-w29-reflow.spec.ts:30:5 › UI028.W29 1920px reflow retains representative actions and contains overflow
2026-10-10T10:04:53.7020465Z [w29-responsive-profile] {"browser":"chromium","width":1920,"profiles":7,"issues":0,"pageErrors":0,"evidence":"evidence/frontend-ui-improvements/UI028/W29/responsive-profile-chromium-1920-current-20261010-091017-5825.json"}
2026-10-10T10:04:53.7021316Z 
2026-10-10T10:04:53.7943143Z [397/406] [chromium] › tests/ui028-w30-stress.spec.ts:75:5 › UI028.W30 form-error-short: 200% text and spacing stress at 320x480
2026-10-10T10:04:57.8932031Z [chromium] › tests/ui028-w30-stress.spec.ts:75:5 › UI028.W30 form-error-short: 200% text and spacing stress at 320x480
2026-10-10T10:04:57.8935623Z [w30-stress] {"browser":"chromium","scenario":"form-error-short","viewport":{"width":320,"height":480},"scaledTextElements":55,"issues":0,"pageErrors":0,"evidence":"evidence/frontend-ui-improvements/UI028/W30/stress-chromium-form-error-short-current-20261010-091017-5825.json"}
2026-10-10T10:04:57.8946281Z 
2026-10-10T10:04:57.9085359Z [398/406] [chromium] › tests/ui028-w30-stress.spec.ts:75:5 › UI028.W30 mobile-menu-long-label: 200% text and spacing stress at 390x560
2026-10-10T10:05:00.3805228Z [chromium] › tests/ui028-w30-stress.spec.ts:75:5 › UI028.W30 mobile-menu-long-label: 200% text and spacing stress at 390x560
2026-10-10T10:05:00.3807732Z [w30-stress] {"browser":"chromium","scenario":"mobile-menu-long-label","viewport":{"width":390,"height":560},"scaledTextElements":148,"issues":0,"pageErrors":0,"evidence":"evidence/frontend-ui-improvements/UI028/W30/stress-chromium-mobile-menu-long-label-current-20261010-091017-5825.json"}
2026-10-10T10:05:00.3809221Z 
2026-10-10T10:05:00.3961862Z [399/406] [chromium] › tests/ui028-w30-stress.spec.ts:75:5 › UI028.W30 report-long-id: 200% text and spacing stress at 640x450
2026-10-10T10:05:02.9414548Z [chromium] › tests/ui028-w30-stress.spec.ts:75:5 › UI028.W30 report-long-id: 200% text and spacing stress at 640x450
2026-10-10T10:05:02.9417859Z [w30-stress] {"browser":"chromium","scenario":"report-long-id","viewport":{"width":640,"height":450},"scaledTextElements":244,"issues":0,"pageErrors":0,"evidence":"evidence/frontend-ui-improvements/UI028/W30/stress-chromium-report-long-id-current-20261010-091017-5825.json"}
2026-10-10T10:05:02.9420153Z 
2026-10-10T10:05:02.9652983Z [400/406] [chromium] › tests/ui028-w30-stress.spec.ts:75:5 › UI028.W30 inbox-long-composer: 200% text and spacing stress at 390x560
2026-10-10T10:05:04.9052372Z [chromium] › tests/ui028-w30-stress.spec.ts:75:5 › UI028.W30 inbox-long-composer: 200% text and spacing stress at 390x560
2026-10-10T10:05:04.9056738Z [w30-stress] {"browser":"chromium","scenario":"inbox-long-composer","viewport":{"width":390,"height":560},"scaledTextElements":71,"issues":0,"pageErrors":0,"evidence":"evidence/frontend-ui-improvements/UI028/W30/stress-chromium-inbox-long-composer-current-20261010-091017-5825.json"}
2026-10-10T10:05:04.9058880Z 
2026-10-10T10:05:04.9192517Z [401/406] [chromium] › tests/ui028-w30-stress.spec.ts:75:5 › UI028.W30 dialog-long-reason: 200% text and spacing stress at 320x480
2026-10-10T10:05:07.2691769Z [chromium] › tests/ui028-w30-stress.spec.ts:75:5 › UI028.W30 dialog-long-reason: 200% text and spacing stress at 320x480
2026-10-10T10:05:07.2695301Z [w30-stress] {"browser":"chromium","scenario":"dialog-long-reason","viewport":{"width":320,"height":480},"scaledTextElements":80,"issues":0,"pageErrors":0,"evidence":"evidence/frontend-ui-improvements/UI028/W30/stress-chromium-dialog-long-reason-current-20261010-091017-5825.json"}
2026-10-10T10:05:07.2697149Z 
2026-10-10T10:05:07.3501847Z [402/406] [chromium] › tests/vertical-slices/fe022-flows.spec.ts:38:1 › FE022.VS01 catalog → stock → order → prep keeps product, reservation, and order references linked
2026-10-10T10:05:15.4922371Z [403/406] [chromium] › tests/vertical-slices/fe022-flows.spec.ts:92:1 › FE022.VS02 procurement → approval → receipt → stock and payable preserves the purchase identity
2026-10-10T10:05:25.2836776Z [404/406] [chromium] › tests/vertical-slices/fe022-flows.spec.ts:168:1 › FE022.VS03 finance → reconciliation retains bank transaction and partial debt allocation
2026-10-10T10:05:30.4738464Z [405/406] [chromium] › tests/vertical-slices/fe022-flows.spec.ts:210:1 › FE022.VS04 inbox → knowledge draft → bot evaluation preserves feedback and revision source IDs
2026-10-10T10:05:37.0597325Z [406/406] [chromium] › tests/vertical-slices/fe022-flows.spec.ts:252:1 › FE022.S05 route and feature matrix covers canonical IDs with executed cases or explicit frontend gaps
2026-10-10T10:05:40.2040481Z   406 passed (57.8m)
2026-10-10T10:05:40.2690239Z ##[group]Run npx playwright test --config playwright.built-demo.config.ts --output test-results/built-demo --project=chromium-built-demo --reporter=line
2026-10-10T10:05:40.2691356Z [36;1mnpx playwright test --config playwright.built-demo.config.ts --output test-results/built-demo --project=chromium-built-demo --reporter=line[0m
2026-10-10T10:05:40.2769313Z shell: /usr/bin/bash -e {0}
2026-10-10T10:05:40.2769588Z ##[endgroup]
2026-10-10T10:05:41.6360908Z 
2026-10-10T10:05:41.6361538Z Running 3 tests using 1 worker
2026-10-10T10:05:41.6361902Z 
2026-10-10T10:05:42.0396621Z [1/3] [chromium-built-demo] › tests/built-demo-regression.spec.ts:44:1 › built demo artifact loads React and its synthetic API from the isolated Vite preview
2026-10-10T10:05:43.2569174Z [chromium-built-demo] › tests/built-demo-regression.spec.ts:44:1 › built demo artifact loads React and its synthetic API from the isolated Vite preview
2026-10-10T10:05:43.2585460Z [built-demo-artifact] {"browser":"chromium","baseURL":"http://127.0.0.1:4174","route":"/s/shop-demo/overview","artifact":{"sha256":"09405e36f634fb68bf0baceb8ea501d73d13baa5e917668e9fe1c576789c25dc","fileCount":39,"files":["app-icon.svg","app-sw.js","assets/browser-CQeKKnYr.js","assets/charts-uDdGNk6t.js","assets/contract-data-CJyvN5AM.js","assets/control-Criu5A-7.js","assets/download-CWiaXb8A.js","assets/draft-conflict-tNpI-HAo.js","assets/filters-CirfTR7_.js","assets/hooks-BeC01d3Y.js","assets/i18n-D4N_7Z3Q.js","assets/index-01nb5nQj.js","assets/index-B3gGpiMi.js","assets/index-BDJDBZpL.js","assets/index-BGP_Ad-y.js","assets/index-BoOL50Pn.js","assets/index-BQPx7lJM.css","assets/index-BWSxRwQH.js","assets/index-C6ptp12n.js","assets/index-Cco5VbEE.js","assets/index-D3UNZ1L-.js","assets/index-D6MJeQeX.js","assets/index-DgCh8QFc.js","assets/index-DH5AOH0G.js","assets/index-DQbFFBlT.js","assets/index-DX4hKm3W.js","assets/index-f6PQjW3Q.js","assets/index-hYjqNRGb.js","assets/index-SkfVeie4.js","assets/mui-CUCPJGs1.js","assets/query-Df7VyXaF.js","assets/react-runtime-gLMyUIL2.js","assets/schema-validation-B78jEm7B.js","assets/schemas-CoWCwirf.js","assets/service-DOnisuXi.js","index.html","manifest.webmanifest","mockServiceWorker.js","samples/products.csv"]},"browserAssets":["/assets/browser-CQeKKnYr.js","/assets/contract-data-CJyvN5AM.js","/assets/hooks-BeC01d3Y.js","/assets/i18n-D4N_7Z3Q.js","/assets/index-BQPx7lJM.css","/assets/index-C6ptp12n.js","/assets/index-DH5AOH0G.js","/assets/mui-CUCPJGs1.js","/assets/query-Df7VyXaF.js","/assets/react-runtime-gLMyUIL2.js","/assets/schema-validation-B78jEm7B.js","/assets/service-DOnisuXi.js"],"sessionStatus":200,"workerStatus":200,"pageErrors":0,"apiWrites":0}
2026-10-10T10:05:43.2597069Z 
2026-10-10T10:05:43.2832944Z [2/3] [chromium-built-demo] › tests/built-demo-regression.spec.ts:74:5 › built demo serves all 61 manifest routes at 390px without shell overflow
2026-10-10T10:06:48.7278359Z [chromium-built-demo] › tests/built-demo-regression.spec.ts:74:5 › built demo serves all 61 manifest routes at 390px without shell overflow
2026-10-10T10:06:48.7280411Z [built-demo-routes] {"browser":"chromium","width":390,"routes":61,"issues":0,"pageErrors":0,"artifactSha256":"09405e36f634fb68bf0baceb8ea501d73d13baa5e917668e9fe1c576789c25dc","evidence":"evidence/frontend-ui-improvements/UI028/W32/built-demo-routes-chromium-390-current-20261007.json"}
2026-10-10T10:06:48.7281656Z 
2026-10-10T10:06:48.7490522Z [3/3] [chromium-built-demo] › tests/built-demo-regression.spec.ts:74:5 › built demo serves all 61 manifest routes at 1440px without shell overflow
2026-10-10T10:07:31.8902034Z [chromium-built-demo] › tests/built-demo-regression.spec.ts:74:5 › built demo serves all 61 manifest routes at 1440px without shell overflow
2026-10-10T10:07:31.8904810Z [built-demo-routes] {"browser":"chromium","width":1440,"routes":61,"issues":0,"pageErrors":0,"artifactSha256":"09405e36f634fb68bf0baceb8ea501d73d13baa5e917668e9fe1c576789c25dc","evidence":"evidence/frontend-ui-improvements/UI028/W32/built-demo-routes-chromium-1440-current-20261007.json"}
2026-10-10T10:07:31.8906298Z 
2026-10-10T10:07:32.1336355Z   3 passed (1.8m)
2026-10-10T10:07:32.1633236Z ##[group]Run actions/upload-artifact@043fb46d1a93c77aae656e7c1c64a875d1fc6a0a
2026-10-10T10:07:32.1633947Z with:
2026-10-10T10:07:32.1634301Z   name: frontend-chromium-38039816312-1-31e129221935f45e73ea51a780148a97c23e336a
2026-10-10T10:07:32.1634993Z   path: BotSalesAI_Frontend/apps/web/dist/
BotSalesAI_Frontend/apps/web/dist-demo/
BotSalesAI_Frontend/test-results/

2026-10-10T10:07:32.1635542Z   if-no-files-found: ignore
2026-10-10T10:07:32.1635786Z   retention-days: 14
2026-10-10T10:07:32.1636008Z   compression-level: 6
2026-10-10T10:07:32.1636245Z   overwrite: false
2026-10-10T10:07:32.1636464Z   include-hidden-files: false
2026-10-10T10:07:32.1636706Z   archive: true
2026-10-10T10:07:32.1636907Z ##[endgroup]
2026-10-10T10:07:32.3432036Z Multiple search paths detected. Calculating the least common ancestor of all paths
2026-10-10T10:07:32.3448531Z The least common ancestor is /home/runner/work/Bot-AI-Ban-hang-FB/Bot-AI-Ban-hang-FB/BotSalesAI_Frontend. This will be the root directory of the artifact
2026-10-10T10:07:32.3450247Z With the provided path, there will be 75 files uploaded
2026-10-10T10:07:32.3451498Z Artifact name is valid!
2026-10-10T10:07:32.3452189Z Root directory input is valid!
2026-10-10T10:07:32.5337931Z Uploading artifact: frontend-chromium-38039816312-1-31e129221935f45e73ea51a780148a97c23e336a.zip
2026-10-10T10:07:32.5381728Z Beginning upload of artifact content to blob storage
2026-10-10T10:07:32.8069055Z Uploaded bytes 1378081
2026-10-10T10:07:32.8213997Z Finished uploading artifact content to blob storage!
2026-10-10T10:07:32.8216812Z SHA256 digest of uploaded artifact is 428887ee512863abb6b153afe848b249fb5f72802b296e970f7ed80b490fbfaa
2026-10-10T10:07:32.8217688Z Finalizing artifact upload
2026-10-10T10:07:33.0171175Z Artifact frontend-chromium-38039816312-1-31e129221935f45e73ea51a780148a97c23e336a successfully finalized. Artifact ID 11667555250
2026-10-10T10:07:33.0172861Z Artifact frontend-chromium-38039816312-1-31e129221935f45e73ea51a780148a97c23e336a has been successfully uploaded! Final size is 1378081 bytes. Artifact ID is 11667555250
2026-10-10T10:07:33.0175365Z Artifact download URL: https://github.com/LonelyTraderBay/Bot-AI-Ban-hang-FB/actions/runs/38039816312/artifacts/11667555250
2026-10-10T10:07:33.0372225Z Post job cleanup.
2026-10-10T10:07:33.1534434Z Cache hit occurred on the primary key node-cache-Linux-x64-npm-59940755336ccebfb01608b4b67032f886f15c0a5419cadf1ab2b1b289ed121c, not saving cache.
2026-10-10T10:07:33.1681832Z Post job cleanup.
2026-10-10T10:07:33.2660518Z [command]/usr/bin/git version
2026-10-10T10:07:33.2727714Z git version 2.55.0
2026-10-10T10:07:33.2777987Z Temporarily overriding HOME='/home/runner/work/_temp/9056a4a9-7147-42ee-bf53-0a087a4163eb' before making global git config changes
2026-10-10T10:07:33.2779626Z Adding repository directory to the temporary git global config as a safe directory
2026-10-10T10:07:33.2781203Z [command]/usr/bin/git config --global --add safe.directory /home/runner/work/Bot-AI-Ban-hang-FB/Bot-AI-Ban-hang-FB
2026-10-10T10:07:33.2848179Z Removing SSH command configuration
2026-10-10T10:07:33.2854663Z [command]/usr/bin/git config --local --name-only --get-regexp core\.sshCommand
2026-10-10T10:07:33.2892002Z [command]/usr/bin/git submodule foreach --recursive sh -c "git config --local --name-only --get-regexp 'core\.sshCommand' && git config --local --unset-all 'core.sshCommand' || :"
2026-10-10T10:07:33.3238175Z Removing HTTP extra header
2026-10-10T10:07:33.3247171Z [command]/usr/bin/git config --local --name-only --get-regexp http\.https\:\/\/github\.com\/\.extraheader
2026-10-10T10:07:33.3312843Z [command]/usr/bin/git submodule foreach --recursive sh -c "git config --local --name-only --get-regexp 'http\.https\:\/\/github\.com\/\.extraheader' && git config --local --unset-all 'http.https://github.com/.extraheader' || :"
2026-10-10T10:07:33.3669024Z Removing includeIf entries pointing to credentials config files
2026-10-10T10:07:33.3677888Z [command]/usr/bin/git config --local --name-only --get-regexp ^includeIf\.gitdir:
2026-10-10T10:07:33.3721972Z includeif.gitdir:/home/runner/work/Bot-AI-Ban-hang-FB/Bot-AI-Ban-hang-FB/.git.path
2026-10-10T10:07:33.3749358Z includeif.gitdir:/home/runner/work/Bot-AI-Ban-hang-FB/Bot-AI-Ban-hang-FB/.git/worktrees/*.path
2026-10-10T10:07:33.3750861Z includeif.gitdir:/github/workspace/.git.path
2026-10-10T10:07:33.3751884Z includeif.gitdir:/github/workspace/.git/worktrees/*.path
2026-10-10T10:07:33.3755006Z [command]/usr/bin/git config --local --get-all includeif.gitdir:/home/runner/work/Bot-AI-Ban-hang-FB/Bot-AI-Ban-hang-FB/.git.path
2026-10-10T10:07:33.3783287Z /home/runner/work/_temp/git-credentials-0bbc3393-dd69-4699-ae04-020420a66f31.config
2026-10-10T10:07:33.3802768Z [command]/usr/bin/git config --local --unset includeif.gitdir:/home/runner/work/Bot-AI-Ban-hang-FB/Bot-AI-Ban-hang-FB/.git.path \/home\/runner\/work\/_temp\/git\-credentials\-0bbc3393\-dd69\-4699\-ae04\-020420a66f31\.config
2026-10-10T10:07:33.3863140Z [command]/usr/bin/git config --local --get-all includeif.gitdir:/home/runner/work/Bot-AI-Ban-hang-FB/Bot-AI-Ban-hang-FB/.git/worktrees/*.path
2026-10-10T10:07:33.3902041Z /home/runner/work/_temp/git-credentials-0bbc3393-dd69-4699-ae04-020420a66f31.config
2026-10-10T10:07:33.3924449Z [command]/usr/bin/git config --local --unset includeif.gitdir:/home/runner/work/Bot-AI-Ban-hang-FB/Bot-AI-Ban-hang-FB/.git/worktrees/*.path \/home\/runner\/work\/_temp\/git\-credentials\-0bbc3393\-dd69\-4699\-ae04\-020420a66f31\.config
2026-10-10T10:07:33.3966045Z [command]/usr/bin/git config --local --get-all includeif.gitdir:/github/workspace/.git.path
2026-10-10T10:07:33.3992058Z /github/runner_temp/git-credentials-0bbc3393-dd69-4699-ae04-020420a66f31.config
2026-10-10T10:07:33.4005454Z [command]/usr/bin/git config --local --unset includeif.gitdir:/github/workspace/.git.path \/github\/runner_temp\/git\-credentials\-0bbc3393\-dd69\-4699\-ae04\-020420a66f31\.config
2026-10-10T10:07:33.4038159Z [command]/usr/bin/git config --local --get-all includeif.gitdir:/github/workspace/.git/worktrees/*.path
2026-10-10T10:07:33.4065658Z /github/runner_temp/git-credentials-0bbc3393-dd69-4699-ae04-020420a66f31.config
2026-10-10T10:07:33.4072994Z [command]/usr/bin/git config --local --unset includeif.gitdir:/github/workspace/.git/worktrees/*.path \/github\/runner_temp\/git\-credentials\-0bbc3393\-dd69\-4699\-ae04\-020420a66f31\.config
2026-10-10T10:07:33.4111745Z [command]/usr/bin/git submodule foreach --recursive git config --local --show-origin --name-only --get-regexp remote.origin.url
2026-10-10T10:07:33.4349076Z Removing credentials config '/home/runner/work/_temp/git-credentials-0bbc3393-dd69-4699-ae04-020420a66f31.config'
2026-10-10T10:07:33.4513372Z Cleaning up orphan processes
