2026-10-10T07:56:54.0834344Z Current runner version: '2.337.0'
2026-10-10T07:56:54.0852194Z ##[group]Runner Image Provisioner
2026-10-10T07:56:54.0853030Z Hosted Compute Agent
2026-10-10T07:56:54.0853787Z Version: 20261002.596
2026-10-10T07:56:54.0854181Z Commit: c3d12f3313a95f25162a1503be624f3b0617f8c0
2026-10-10T07:56:54.0854611Z Build Date: 2026-10-02T22:28:27Z
2026-10-10T07:56:54.0855058Z Worker ID: {ec4f147b-0a2a-4771-9f55-dfeff87f2468}
2026-10-10T07:56:54.0855538Z Region: centralus
2026-10-10T07:56:54.0855901Z Cloud: Azure
2026-10-10T07:56:54.0856245Z ##[endgroup]
2026-10-10T07:56:54.0857157Z ##[group]Operating System
2026-10-10T07:56:54.0857563Z Ubuntu
2026-10-10T07:56:54.0857914Z 24.04.5
2026-10-10T07:56:54.0858220Z LTS
2026-10-10T07:56:54.0858584Z ##[endgroup]
2026-10-10T07:56:54.0858922Z ##[group]Runner Image
2026-10-10T07:56:54.0859315Z Image: ubuntu-24.04
2026-10-10T07:56:54.0859735Z Version: 20261004.327.1
2026-10-10T07:56:54.0860507Z Included Software: https://github.com/actions/runner-images/blob/ubuntu24/20261004.327/images/ubuntu/Ubuntu2404-Readme.md
2026-10-10T07:56:54.0861416Z Image Release: https://github.com/actions/runner-images/releases/tag/ubuntu24%2F20261004.327
2026-10-10T07:56:54.0862042Z ##[endgroup]
2026-10-10T07:56:54.0862842Z ##[group]GITHUB_TOKEN Permissions
2026-10-10T07:56:54.0864099Z Contents: read
2026-10-10T07:56:54.0864449Z Metadata: read
2026-10-10T07:56:54.0864781Z ##[endgroup]
2026-10-10T07:56:54.0866177Z Secret source: Actions
2026-10-10T07:56:54.0866717Z Cache mode: write
2026-10-10T07:56:54.0867253Z Prepare workflow directory
2026-10-10T07:56:54.1129935Z Prepare all required actions
2026-10-10T07:56:54.1161259Z Getting action download info
2026-10-10T07:56:54.3240515Z Download action repository 'actions/checkout@3d3c42e5aac5ba805825da76410c181273ba90b1' (SHA:3d3c42e5aac5ba805825da76410c181273ba90b1)
2026-10-10T07:56:54.4284832Z Download action repository 'actions/setup-node@820762786026740c76f36085b0efc47a31fe5020' (SHA:820762786026740c76f36085b0efc47a31fe5020)
2026-10-10T07:56:54.5417774Z Download action repository 'actions/upload-artifact@043fb46d1a93c77aae656e7c1c64a875d1fc6a0a' (SHA:043fb46d1a93c77aae656e7c1c64a875d1fc6a0a)
2026-10-10T07:56:54.7043247Z Complete job name: verify (firefox)
2026-10-10T07:56:54.7528979Z ##[group]Run actions/checkout@3d3c42e5aac5ba805825da76410c181273ba90b1
2026-10-10T07:56:54.7529624Z with:
2026-10-10T07:56:54.7529908Z   repository: LonelyTraderBay/Bot-AI-Ban-hang-FB
2026-10-10T07:56:54.7532251Z   token: ***
2026-10-10T07:56:54.7532602Z   ssh-strict: true
2026-10-10T07:56:54.7532933Z   ssh-user: git
2026-10-10T07:56:54.7533186Z   persist-credentials: true
2026-10-10T07:56:54.7533521Z   clean: true
2026-10-10T07:56:54.7533804Z   sparse-checkout-cone-mode: true
2026-10-10T07:56:54.7534097Z   fetch-depth: 1
2026-10-10T07:56:54.7534420Z   fetch-tags: false
2026-10-10T07:56:54.7534667Z   show-progress: true
2026-10-10T07:56:54.7534922Z   lfs: false
2026-10-10T07:56:54.7535241Z   submodules: false
2026-10-10T07:56:54.7535494Z   set-safe-directory: true
2026-10-10T07:56:54.7535804Z   allow-unsafe-pr-checkout: false
2026-10-10T07:56:54.7536273Z ##[endgroup]
2026-10-10T07:56:54.8250216Z Syncing repository: LonelyTraderBay/Bot-AI-Ban-hang-FB
2026-10-10T07:56:54.8252019Z ##[group]Getting Git version info
2026-10-10T07:56:54.8252890Z Working directory is '/home/runner/work/Bot-AI-Ban-hang-FB/Bot-AI-Ban-hang-FB'
2026-10-10T07:56:54.8253942Z [command]/usr/bin/git version
2026-10-10T07:56:54.8319927Z git version 2.55.0
2026-10-10T07:56:54.8336778Z ##[endgroup]
2026-10-10T07:56:54.8348352Z Temporarily overriding HOME='/home/runner/work/_temp/a74654cc-9d88-4e3e-b269-ff783462602a' before making global git config changes
2026-10-10T07:56:54.8349224Z Adding repository directory to the temporary git global config as a safe directory
2026-10-10T07:56:54.8352445Z [command]/usr/bin/git config --global --add safe.directory /home/runner/work/Bot-AI-Ban-hang-FB/Bot-AI-Ban-hang-FB
2026-10-10T07:56:54.8402250Z Deleting the contents of '/home/runner/work/Bot-AI-Ban-hang-FB/Bot-AI-Ban-hang-FB'
2026-10-10T07:56:54.8405882Z ##[group]Determining repository object format
2026-10-10T07:56:54.8407149Z ##[endgroup]
2026-10-10T07:56:54.8407738Z ##[group]Initializing the repository
2026-10-10T07:56:54.8411038Z [command]/usr/bin/git init /home/runner/work/Bot-AI-Ban-hang-FB/Bot-AI-Ban-hang-FB
2026-10-10T07:56:54.8511768Z hint: Using 'master' as the name for the initial branch. This default branch name
2026-10-10T07:56:54.8512839Z hint: will change to "main" in Git 3.0. To configure the initial branch name
2026-10-10T07:56:54.8513387Z hint: to use in all of your new repositories, which will suppress this warning,
2026-10-10T07:56:54.8513798Z hint: call:
2026-10-10T07:56:54.8514025Z hint:
2026-10-10T07:56:54.8514315Z hint: 	git config --global init.defaultBranch <name>
2026-10-10T07:56:54.8514654Z hint:
2026-10-10T07:56:54.8514969Z hint: Names commonly chosen instead of 'master' are 'main', 'trunk' and
2026-10-10T07:56:54.8515474Z hint: 'development'. The just-created branch can be renamed via this command:
2026-10-10T07:56:54.8515915Z hint:
2026-10-10T07:56:54.8516148Z hint: 	git branch -m <name>
2026-10-10T07:56:54.8516408Z hint:
2026-10-10T07:56:54.8516763Z hint: Disable this message with "git config set advice.defaultBranchName false"
2026-10-10T07:56:54.8521447Z Initialized empty Git repository in /home/runner/work/Bot-AI-Ban-hang-FB/Bot-AI-Ban-hang-FB/.git/
2026-10-10T07:56:54.8530545Z [command]/usr/bin/git remote add origin https://github.com/LonelyTraderBay/Bot-AI-Ban-hang-FB
2026-10-10T07:56:54.8579749Z ##[endgroup]
2026-10-10T07:56:54.8580437Z ##[group]Disabling automatic garbage collection
2026-10-10T07:56:54.8582732Z [command]/usr/bin/git config --local gc.auto 0
2026-10-10T07:56:54.8614267Z ##[endgroup]
2026-10-10T07:56:54.8615355Z ##[group]Setting up auth
2026-10-10T07:56:54.8619709Z Removing SSH command configuration
2026-10-10T07:56:54.8626592Z [command]/usr/bin/git config --local --name-only --get-regexp core\.sshCommand
2026-10-10T07:56:54.8653849Z [command]/usr/bin/git submodule foreach --recursive sh -c "git config --local --name-only --get-regexp 'core\.sshCommand' && git config --local --unset-all 'core.sshCommand' || :"
2026-10-10T07:56:54.8960005Z Removing HTTP extra header
2026-10-10T07:56:54.8965395Z [command]/usr/bin/git config --local --name-only --get-regexp http\.https\:\/\/github\.com\/\.extraheader
2026-10-10T07:56:54.8996401Z [command]/usr/bin/git submodule foreach --recursive sh -c "git config --local --name-only --get-regexp 'http\.https\:\/\/github\.com\/\.extraheader' && git config --local --unset-all 'http.https://github.com/.extraheader' || :"
2026-10-10T07:56:54.9173646Z Removing includeIf entries pointing to credentials config files
2026-10-10T07:56:54.9177714Z [command]/usr/bin/git config --local --name-only --get-regexp ^includeIf\.gitdir:
2026-10-10T07:56:54.9207796Z [command]/usr/bin/git submodule foreach --recursive git config --local --show-origin --name-only --get-regexp remote.origin.url
2026-10-10T07:56:54.9388638Z [command]/usr/bin/git config --file /home/runner/work/_temp/git-credentials-de576943-29dc-4607-823b-65ee157bcb77.config http.https://github.com/.extraheader AUTHORIZATION: basic ***
2026-10-10T07:56:54.9422572Z [command]/usr/bin/git config --local includeIf.gitdir:/home/runner/work/Bot-AI-Ban-hang-FB/Bot-AI-Ban-hang-FB/.git.path /home/runner/work/_temp/git-credentials-de576943-29dc-4607-823b-65ee157bcb77.config
2026-10-10T07:56:54.9452210Z [command]/usr/bin/git config --local includeIf.gitdir:/home/runner/work/Bot-AI-Ban-hang-FB/Bot-AI-Ban-hang-FB/.git/worktrees/*.path /home/runner/work/_temp/git-credentials-de576943-29dc-4607-823b-65ee157bcb77.config
2026-10-10T07:56:54.9484427Z [command]/usr/bin/git config --local includeIf.gitdir:/github/workspace/.git.path /github/runner_temp/git-credentials-de576943-29dc-4607-823b-65ee157bcb77.config
2026-10-10T07:56:54.9515165Z [command]/usr/bin/git config --local includeIf.gitdir:/github/workspace/.git/worktrees/*.path /github/runner_temp/git-credentials-de576943-29dc-4607-823b-65ee157bcb77.config
2026-10-10T07:56:54.9542445Z ##[endgroup]
2026-10-10T07:56:54.9543176Z ##[group]Fetching the repository
2026-10-10T07:56:54.9547093Z [command]/usr/bin/git -c protocol.version=2 fetch --no-tags --prune --no-recurse-submodules --depth=1 origin +8ddfd1d8b5597e92ea70a8823f1027413f0b3bc3:refs/remotes/origin/main
2026-10-10T07:57:06.9911633Z From https://github.com/LonelyTraderBay/Bot-AI-Ban-hang-FB
2026-10-10T07:57:06.9912119Z  * [new ref]         8ddfd1d8b5597e92ea70a8823f1027413f0b3bc3 -> origin/main
2026-10-10T07:57:06.9918338Z [command]/usr/bin/git branch --list --remote origin/main
2026-10-10T07:57:06.9945384Z   origin/main
2026-10-10T07:57:06.9952081Z [command]/usr/bin/git rev-parse refs/remotes/origin/main
2026-10-10T07:57:06.9975354Z 8ddfd1d8b5597e92ea70a8823f1027413f0b3bc3
2026-10-10T07:57:06.9978141Z ##[endgroup]
2026-10-10T07:57:06.9978517Z ##[group]Determining the checkout info
2026-10-10T07:57:06.9979004Z ##[endgroup]
2026-10-10T07:57:06.9981521Z [command]/usr/bin/git sparse-checkout disable
2026-10-10T07:57:07.0075823Z [command]/usr/bin/git config --local --unset-all extensions.worktreeConfig
2026-10-10T07:57:07.0273272Z ##[group]Checking out the ref
2026-10-10T07:57:07.0276841Z [command]/usr/bin/git checkout --progress --force -B main refs/remotes/origin/main
2026-10-10T07:57:08.0459996Z Updating files:  29% (6258/20875)
2026-10-10T07:57:08.1031907Z Updating files:  30% (6263/20875)
2026-10-10T07:57:08.1447322Z Updating files:  31% (6472/20875)
2026-10-10T07:57:08.1601316Z Updating files:  32% (6680/20875)
2026-10-10T07:57:08.2069407Z Updating files:  33% (6889/20875)
2026-10-10T07:57:08.3120012Z Updating files:  34% (7098/20875)
2026-10-10T07:57:08.3339871Z Updating files:  35% (7307/20875)
2026-10-10T07:57:08.3710556Z Updating files:  36% (7515/20875)
2026-10-10T07:57:08.4102787Z Updating files:  37% (7724/20875)
2026-10-10T07:57:08.4487923Z Updating files:  38% (7933/20875)
2026-10-10T07:57:08.4948915Z Updating files:  39% (8142/20875)
2026-10-10T07:57:08.5190558Z Updating files:  40% (8350/20875)
2026-10-10T07:57:08.5429217Z Updating files:  41% (8559/20875)
2026-10-10T07:57:08.5808605Z Updating files:  42% (8768/20875)
2026-10-10T07:57:08.6129936Z Updating files:  43% (8977/20875)
2026-10-10T07:57:08.6520493Z Updating files:  44% (9185/20875)
2026-10-10T07:57:08.6876176Z Updating files:  45% (9394/20875)
2026-10-10T07:57:08.6942089Z Updating files:  46% (9603/20875)
2026-10-10T07:57:08.6997865Z Updating files:  47% (9812/20875)
2026-10-10T07:57:08.7261193Z Updating files:  48% (10020/20875)
2026-10-10T07:57:08.7379519Z Updating files:  49% (10229/20875)
2026-10-10T07:57:08.7684842Z Updating files:  50% (10438/20875)
2026-10-10T07:57:08.7838454Z Updating files:  51% (10647/20875)
2026-10-10T07:57:08.7861832Z Updating files:  52% (10855/20875)
2026-10-10T07:57:08.7923381Z Updating files:  53% (11064/20875)
2026-10-10T07:57:08.8439383Z Updating files:  54% (11273/20875)
2026-10-10T07:57:08.8626565Z Updating files:  55% (11482/20875)
2026-10-10T07:57:08.8885879Z Updating files:  56% (11690/20875)
2026-10-10T07:57:08.9343194Z Updating files:  57% (11899/20875)
2026-10-10T07:57:08.9738554Z Updating files:  58% (12108/20875)
2026-10-10T07:57:09.0043050Z Updating files:  59% (12317/20875)
2026-10-10T07:57:09.0556906Z Updating files:  60% (12525/20875)
2026-10-10T07:57:09.1582510Z Updating files:  60% (12551/20875)
2026-10-10T07:57:09.2434348Z Updating files:  61% (12734/20875)
2026-10-10T07:57:09.2583180Z Updating files:  62% (12943/20875)
2026-10-10T07:57:09.2741982Z Updating files:  63% (13152/20875)
2026-10-10T07:57:09.2851878Z Updating files:  64% (13360/20875)
2026-10-10T07:57:09.2949070Z Updating files:  65% (13569/20875)
2026-10-10T07:57:09.3057540Z Updating files:  66% (13778/20875)
2026-10-10T07:57:09.3143494Z Updating files:  67% (13987/20875)
2026-10-10T07:57:09.3233144Z Updating files:  68% (14195/20875)
2026-10-10T07:57:09.3311817Z Updating files:  69% (14404/20875)
2026-10-10T07:57:09.3403146Z Updating files:  70% (14613/20875)
2026-10-10T07:57:09.3504564Z Updating files:  71% (14822/20875)
2026-10-10T07:57:09.3709669Z Updating files:  72% (15030/20875)
2026-10-10T07:57:09.3851477Z Updating files:  73% (15239/20875)
2026-10-10T07:57:09.3966302Z Updating files:  74% (15448/20875)
2026-10-10T07:57:09.4090644Z Updating files:  75% (15657/20875)
2026-10-10T07:57:09.4193171Z Updating files:  76% (15865/20875)
2026-10-10T07:57:09.4297014Z Updating files:  77% (16074/20875)
2026-10-10T07:57:09.5293067Z Updating files:  78% (16283/20875)
2026-10-10T07:57:09.5386711Z Updating files:  79% (16492/20875)
2026-10-10T07:57:09.5473500Z Updating files:  80% (16700/20875)
2026-10-10T07:57:09.5559829Z Updating files:  81% (16909/20875)
2026-10-10T07:57:09.5647025Z Updating files:  82% (17118/20875)
2026-10-10T07:57:09.5741206Z Updating files:  83% (17327/20875)
2026-10-10T07:57:09.5841827Z Updating files:  84% (17535/20875)
2026-10-10T07:57:09.5929137Z Updating files:  85% (17744/20875)
2026-10-10T07:57:09.6023004Z Updating files:  86% (17953/20875)
2026-10-10T07:57:09.6115144Z Updating files:  87% (18162/20875)
2026-10-10T07:57:09.6201751Z Updating files:  88% (18370/20875)
2026-10-10T07:57:09.6284368Z Updating files:  89% (18579/20875)
2026-10-10T07:57:09.6370914Z Updating files:  90% (18788/20875)
2026-10-10T07:57:09.6457787Z Updating files:  91% (18997/20875)
2026-10-10T07:57:09.6552611Z Updating files:  92% (19205/20875)
2026-10-10T07:57:09.6637140Z Updating files:  93% (19414/20875)
2026-10-10T07:57:09.6764216Z Updating files:  94% (19623/20875)
2026-10-10T07:57:09.6854094Z Updating files:  95% (19832/20875)
2026-10-10T07:57:09.6955687Z Updating files:  96% (20040/20875)
2026-10-10T07:57:09.7264263Z Updating files:  97% (20249/20875)
2026-10-10T07:57:09.7383952Z Updating files:  98% (20458/20875)
2026-10-10T07:57:09.7732287Z Updating files:  99% (20667/20875)
2026-10-10T07:57:09.7733160Z Updating files: 100% (20875/20875)
2026-10-10T07:57:09.7733447Z Updating files: 100% (20875/20875), done.
2026-10-10T07:57:09.8134277Z Switched to a new branch 'main'
2026-10-10T07:57:09.8137908Z branch 'main' set up to track 'origin/main'.
2026-10-10T07:57:09.8244462Z ##[endgroup]
2026-10-10T07:57:09.8289678Z [command]/usr/bin/git log -1 --format=%H
2026-10-10T07:57:09.8317695Z 8ddfd1d8b5597e92ea70a8823f1027413f0b3bc3
2026-10-10T07:57:09.8755505Z ##[group]Run actions/setup-node@820762786026740c76f36085b0efc47a31fe5020
2026-10-10T07:57:09.8755746Z with:
2026-10-10T07:57:09.8755862Z   node-version: 24
2026-10-10T07:57:09.8755982Z   cache: npm
2026-10-10T07:57:09.8756148Z   cache-dependency-path: BotSalesAI_Frontend/package-lock.json
2026-10-10T07:57:09.8756346Z   check-latest: false
2026-10-10T07:57:09.8757575Z   token: ***
2026-10-10T07:57:09.8757702Z   package-manager-cache: true
2026-10-10T07:57:09.8757847Z ##[endgroup]
2026-10-10T07:57:09.9650494Z Found in cache @ /opt/hostedtoolcache/node/24.21.0/x64
2026-10-10T07:57:09.9660688Z ##[group]Environment details
2026-10-10T07:57:10.3068074Z node: v24.21.0
2026-10-10T07:57:10.3068285Z npm: 11.19.0
2026-10-10T07:57:10.3068410Z yarn: 1.22.22
2026-10-10T07:57:10.3069310Z ##[endgroup]
2026-10-10T07:57:10.3080704Z [command]/opt/hostedtoolcache/node/24.21.0/x64/bin/npm config get cache
2026-10-10T07:57:10.3922708Z /home/runner/.npm
2026-10-10T07:57:10.5396927Z Cache hit for: node-cache-Linux-x64-npm-59940755336ccebfb01608b4b67032f886f15c0a5419cadf1ab2b1b289ed121c
2026-10-10T07:57:11.4736022Z Received 47017133 of 47017133 (100.0%), 56.9 MBs/sec
2026-10-10T07:57:11.4736369Z Cache Size: ~45 MB (47017133 B)
2026-10-10T07:57:11.4758274Z [command]/usr/bin/tar -xf /home/runner/work/_temp/37a5869b-f5d1-48d4-80be-1333feb81f35/cache.tzst -P -C /home/runner/work/Bot-AI-Ban-hang-FB/Bot-AI-Ban-hang-FB --use-compress-program unzstd
2026-10-10T07:57:11.5938802Z Cache restored successfully
2026-10-10T07:57:11.5965346Z Cache restored from key: node-cache-Linux-x64-npm-59940755336ccebfb01608b4b67032f886f15c0a5419cadf1ab2b1b289ed121c
2026-10-10T07:57:11.7078852Z ##[group]Run npm install --global npm@11.17.0
2026-10-10T07:57:11.7079136Z [36;1mnpm install --global npm@11.17.0[0m
2026-10-10T07:57:11.7598755Z shell: /usr/bin/bash -e {0}
2026-10-10T07:57:11.7599199Z ##[endgroup]
2026-10-10T07:57:13.3743159Z 
2026-10-10T07:57:13.3749277Z changed 19 packages in 2s
2026-10-10T07:57:13.3749539Z 
2026-10-10T07:57:13.3749737Z 15 packages are looking for funding
2026-10-10T07:57:13.3750022Z   run `npm fund` for details
2026-10-10T07:57:13.4582699Z ##[group]Run test -f package-lock.json || (echo 'Run npm install on an authorized online machine and commit the generated lockfile.' && exit 1)
2026-10-10T07:57:13.4583392Z [36;1mtest -f package-lock.json || (echo 'Run npm install on an authorized online machine and commit the generated lockfile.' && exit 1)[0m
2026-10-10T07:57:13.4639795Z shell: /usr/bin/bash -e {0}
2026-10-10T07:57:13.4639980Z ##[endgroup]
2026-10-10T07:57:13.6395736Z ##[group]Run npm ci
2026-10-10T07:57:13.6395975Z [36;1mnpm ci[0m
2026-10-10T07:57:13.6453323Z shell: /usr/bin/bash -e {0}
2026-10-10T07:57:13.6453502Z ##[endgroup]
2026-10-10T07:57:15.3274207Z npm warn deprecated whatwg-encoding@3.1.1: Use @exodus/bytes instead for a more spec-conformant and faster implementation
2026-10-10T07:57:16.7348595Z npm warn deprecated eslint@9.34.0: This version is no longer supported. Please see https://eslint.org/version-support for other options.
2026-10-10T07:57:21.4597387Z 
2026-10-10T07:57:21.4598143Z added 411 packages, and audited 413 packages in 8s
2026-10-10T07:57:21.4598429Z 
2026-10-10T07:57:21.4598586Z 86 packages are looking for funding
2026-10-10T07:57:21.4598873Z   run `npm fund` for details
2026-10-10T07:57:21.4606653Z 
2026-10-10T07:57:21.4607162Z found 0 vulnerabilities
2026-10-10T07:57:21.4615166Z npm warn allow-scripts 2 packages have install scripts not yet covered by allowScripts:
2026-10-10T07:57:21.4615951Z npm warn allow-scripts   esbuild@0.28.2 (postinstall: node install.js)
2026-10-10T07:57:21.4616706Z npm warn allow-scripts   msw@2.11.1 (postinstall: node -e "import('./config/scripts/postinstall.js').catch(() => void 0)")
2026-10-10T07:57:21.4617256Z npm warn allow-scripts
2026-10-10T07:57:21.4617904Z npm warn allow-scripts Run `npm approve-scripts --allow-scripts-pending` to review, or `npm approve-scripts <pkg>` to allow.
2026-10-10T07:57:21.5257841Z ##[group]Run npm audit --audit-level=low
2026-10-10T07:57:21.5258062Z [36;1mnpm audit --audit-level=low[0m
2026-10-10T07:57:21.5325805Z shell: /usr/bin/bash -e {0}
2026-10-10T07:57:21.5326001Z ##[endgroup]
2026-10-10T07:57:21.8910582Z found 0 vulnerabilities
2026-10-10T07:57:21.9023716Z ##[group]Run npm run setup
2026-10-10T07:57:21.9023929Z [36;1mnpm run setup[0m
2026-10-10T07:57:21.9080756Z shell: /usr/bin/bash -e {0}
2026-10-10T07:57:21.9080974Z ##[endgroup]
2026-10-10T07:57:21.9943239Z 
2026-10-10T07:57:21.9944194Z > botsales-frontend@0.1.0 setup
2026-10-10T07:57:21.9944614Z > node scripts/setup.mjs
2026-10-10T07:57:21.9944779Z 
2026-10-10T07:57:22.1509667Z {"status":"PASS","outputs":15,"schemas":346,"operations":245,"routes":61}
2026-10-10T07:57:22.2147447Z Copying the worker script at "/home/runner/work/Bot-AI-Ban-hang-FB/Bot-AI-Ban-hang-FB/BotSalesAI_Frontend/apps/web/public"...
2026-10-10T07:57:22.2176378Z 
2026-10-10T07:57:22.2177243Z [32mWorker script successfully copied![39m
2026-10-10T07:57:22.2177646Z [90m  - public
2026-10-10T07:57:22.2177859Z [39m
2026-10-10T07:57:22.2178172Z Continue by describing the network in your application:
2026-10-10T07:57:22.2178402Z 
2026-10-10T07:57:22.2178410Z 
2026-10-10T07:57:22.2178752Z [31m[1mhttps://mswjs.io/docs/quick-start[22m[39m
2026-10-10T07:57:22.2178978Z 
2026-10-10T07:57:22.2233709Z Thiết lập xong. npm run dev chạy frontend mô phỏng; không kết nối khách hàng hoặc provider thật.
2026-10-10T07:57:22.2364057Z ##[group]Run npx playwright install --with-deps chromium firefox
2026-10-10T07:57:22.2364349Z [36;1mnpx playwright install --with-deps chromium firefox[0m
2026-10-10T07:57:22.2417811Z shell: /usr/bin/bash -e {0}
2026-10-10T07:57:22.2417975Z ##[endgroup]
2026-10-10T07:57:22.7419863Z Installing dependencies...
2026-10-10T07:57:22.7482978Z Switching to root user to install dependencies...
2026-10-10T07:57:22.8232068Z Get:1 file:/etc/apt/apt-mirrors.txt Mirrorlist [144 B]
2026-10-10T07:57:22.8783355Z Hit:2 http://azure.archive.ubuntu.com/ubuntu noble InRelease
2026-10-10T07:57:22.8784568Z Get:6 https://packages.microsoft.com/ubuntu/24.04/prod noble InRelease [3600 B]
2026-10-10T07:57:22.8796694Z Get:3 http://azure.archive.ubuntu.com/ubuntu noble-updates InRelease [126 kB]
2026-10-10T07:57:22.8826842Z Get:4 http://azure.archive.ubuntu.com/ubuntu noble-backports InRelease [126 kB]
2026-10-10T07:57:22.8846690Z Get:5 http://azure.archive.ubuntu.com/ubuntu noble-security InRelease [126 kB]
2026-10-10T07:57:22.9725147Z Get:7 https://packages.microsoft.com/ubuntu/24.04/prod noble/main armhf Packages [12.3 kB]
2026-10-10T07:57:22.9823918Z Get:8 https://packages.microsoft.com/ubuntu/24.04/prod noble/main arm64 Packages [492 kB]
2026-10-10T07:57:22.9904364Z Get:9 https://packages.microsoft.com/ubuntu/24.04/prod noble/main all Packages [640 B]
2026-10-10T07:57:22.9934966Z Get:10 https://packages.microsoft.com/ubuntu/24.04/prod noble/main amd64 Packages [548 kB]
2026-10-10T07:57:23.0138412Z Get:11 http://azure.archive.ubuntu.com/ubuntu noble-updates/main amd64 Packages [1375 kB]
2026-10-10T07:57:23.0193096Z Get:12 http://azure.archive.ubuntu.com/ubuntu noble-updates/main Translation-en [306 kB]
2026-10-10T07:57:23.0211408Z Get:13 http://azure.archive.ubuntu.com/ubuntu noble-updates/universe amd64 Packages [1702 kB]
2026-10-10T07:57:23.0277299Z Get:14 http://azure.archive.ubuntu.com/ubuntu noble-updates/universe Translation-en [342 kB]
2026-10-10T07:57:23.0298375Z Get:15 http://azure.archive.ubuntu.com/ubuntu noble-updates/restricted amd64 Packages [1761 kB]
2026-10-10T07:57:23.0375209Z Get:16 http://azure.archive.ubuntu.com/ubuntu noble-updates/restricted Translation-en [401 kB]
2026-10-10T07:57:23.0388292Z Get:17 http://azure.archive.ubuntu.com/ubuntu noble-updates/multiverse amd64 Packages [55.0 kB]
2026-10-10T07:57:23.0399817Z Get:18 http://azure.archive.ubuntu.com/ubuntu noble-updates/multiverse Translation-en [14.3 kB]
2026-10-10T07:57:23.1079866Z Get:19 http://azure.archive.ubuntu.com/ubuntu noble-security/main amd64 Packages [1121 kB]
2026-10-10T07:57:23.1133223Z Get:20 http://azure.archive.ubuntu.com/ubuntu noble-security/main Translation-en [228 kB]
2026-10-10T07:57:23.1564338Z Get:21 http://azure.archive.ubuntu.com/ubuntu noble-security/universe amd64 Packages [1220 kB]
2026-10-10T07:57:23.1622747Z Get:22 http://azure.archive.ubuntu.com/ubuntu noble-security/universe Translation-en [245 kB]
2026-10-10T07:57:23.1641753Z Get:23 http://azure.archive.ubuntu.com/ubuntu noble-security/restricted amd64 Packages [1669 kB]
2026-10-10T07:57:23.1719115Z Get:24 http://azure.archive.ubuntu.com/ubuntu noble-security/restricted Translation-en [383 kB]
2026-10-10T07:57:23.1739609Z Get:25 http://azure.archive.ubuntu.com/ubuntu noble-security/multiverse amd64 Packages [49.8 kB]
2026-10-10T07:57:23.1749794Z Get:26 http://azure.archive.ubuntu.com/ubuntu noble-security/multiverse Translation-en [12.4 kB]
2026-10-10T07:57:28.6811108Z Fetched 12.3 MB in 1s (12.3 MB/s)
2026-10-10T07:57:29.3004477Z Reading package lists...
2026-10-10T07:57:29.3210107Z Reading package lists...
2026-10-10T07:57:29.5233178Z Building dependency tree...
2026-10-10T07:57:29.5239633Z Reading state information...
2026-10-10T07:57:29.6803237Z libasound2t64 is already the newest version (1.2.11-1ubuntu0.3).
2026-10-10T07:57:29.6803675Z libasound2t64 set to manually installed.
2026-10-10T07:57:29.6804063Z libatk-bridge2.0-0t64 is already the newest version (2.52.0-1build1).
2026-10-10T07:57:29.6804898Z libatk-bridge2.0-0t64 set to manually installed.
2026-10-10T07:57:29.6805294Z libatk1.0-0t64 is already the newest version (2.52.0-1build1).
2026-10-10T07:57:29.6805519Z libatk1.0-0t64 set to manually installed.
2026-10-10T07:57:29.6805755Z libatspi2.0-0t64 is already the newest version (2.52.0-1build1).
2026-10-10T07:57:29.6805979Z libatspi2.0-0t64 set to manually installed.
2026-10-10T07:57:29.6806200Z libcairo2 is already the newest version (1.18.0-3build1).
2026-10-10T07:57:29.6806412Z libcairo2 set to manually installed.
2026-10-10T07:57:29.6806783Z libcups2t64 is already the newest version (2.4.7-1.2ubuntu7.14).
2026-10-10T07:57:29.6807002Z libcups2t64 set to manually installed.
2026-10-10T07:57:29.6807228Z libdbus-1-3 is already the newest version (1.14.10-4ubuntu4.1).
2026-10-10T07:57:29.6807444Z libdbus-1-3 set to manually installed.
2026-10-10T07:57:29.6807738Z libdrm2 is already the newest version (2.4.125-1ubuntu0.1~24.04.2).
2026-10-10T07:57:29.6807968Z libdrm2 set to manually installed.
2026-10-10T07:57:29.6808197Z libgbm1 is already the newest version (25.2.8-0ubuntu0.24.04.4).
2026-10-10T07:57:29.6808411Z libgbm1 set to manually installed.
2026-10-10T07:57:29.6808668Z libglib2.0-0t64 is already the newest version (2.80.0-6ubuntu3.9).
2026-10-10T07:57:29.6808893Z libglib2.0-0t64 set to manually installed.
2026-10-10T07:57:29.6809125Z libnspr4 is already the newest version (2:4.35-1.1build1).
2026-10-10T07:57:29.6809334Z libnspr4 set to manually installed.
2026-10-10T07:57:29.6809545Z libnss3 is already the newest version (2:3.98-1ubuntu0.2).
2026-10-10T07:57:29.6809754Z libnss3 set to manually installed.
2026-10-10T07:57:29.6809982Z libpango-1.0-0 is already the newest version (1.52.1+ds-1build1).
2026-10-10T07:57:29.6810203Z libpango-1.0-0 set to manually installed.
2026-10-10T07:57:29.6810424Z libx11-6 is already the newest version (2:1.8.7-1build1).
2026-10-10T07:57:29.6810623Z libx11-6 set to manually installed.
2026-10-10T07:57:29.6810829Z libxcb1 is already the newest version (1.15-1ubuntu2).
2026-10-10T07:57:29.6811028Z libxcb1 set to manually installed.
2026-10-10T07:57:29.6811249Z libxcomposite1 is already the newest version (1:0.4.5-1build3).
2026-10-10T07:57:29.6811472Z libxcomposite1 set to manually installed.
2026-10-10T07:57:29.6811700Z libxdamage1 is already the newest version (1:1.1.6-1build1).
2026-10-10T07:57:29.6811911Z libxdamage1 set to manually installed.
2026-10-10T07:57:29.6812124Z libxext6 is already the newest version (2:1.3.4-1build2).
2026-10-10T07:57:29.6812481Z libxext6 set to manually installed.
2026-10-10T07:57:29.6812739Z libxfixes3 is already the newest version (1:6.0.0-2build1).
2026-10-10T07:57:29.6812951Z libxfixes3 set to manually installed.
2026-10-10T07:57:29.6813272Z libxkbcommon0 is already the newest version (1.6.0-1build1).
2026-10-10T07:57:29.6813515Z libxkbcommon0 set to manually installed.
2026-10-10T07:57:29.6813735Z libxrandr2 is already the newest version (2:1.5.2-2build1).
2026-10-10T07:57:29.6813940Z libxrandr2 set to manually installed.
2026-10-10T07:57:29.6814154Z xvfb is already the newest version (2:21.1.12-1ubuntu1.8).
2026-10-10T07:57:29.6814441Z fonts-noto-color-emoji is already the newest version (2.047-0ubuntu0.24.04.1).
2026-10-10T07:57:29.6814740Z libfontconfig1 is already the newest version (2.15.0-1.1ubuntu2).
2026-10-10T07:57:29.6814964Z libfontconfig1 set to manually installed.
2026-10-10T07:57:29.6815189Z fonts-liberation is already the newest version (1:2.1.5-3).
2026-10-10T07:57:29.6815410Z fonts-liberation set to manually installed.
2026-10-10T07:57:29.6815652Z libcairo-gobject2 is already the newest version (1.18.0-3build1).
2026-10-10T07:57:29.6815882Z libcairo-gobject2 set to manually installed.
2026-10-10T07:57:29.6816148Z libgdk-pixbuf-2.0-0 is already the newest version (2.42.10+dfsg-3ubuntu3.3).
2026-10-10T07:57:29.6816404Z libgdk-pixbuf-2.0-0 set to manually installed.
2026-10-10T07:57:29.6816646Z libgtk-3-0t64 is already the newest version (3.24.41-4ubuntu1.3).
2026-10-10T07:57:29.6816866Z libgtk-3-0t64 set to manually installed.
2026-10-10T07:57:29.6817255Z libpangocairo-1.0-0 is already the newest version (1.52.1+ds-1build1).
2026-10-10T07:57:29.6817494Z libpangocairo-1.0-0 set to manually installed.
2026-10-10T07:57:29.6817727Z libx11-xcb1 is already the newest version (2:1.8.7-1build1).
2026-10-10T07:57:29.6817933Z libx11-xcb1 set to manually installed.
2026-10-10T07:57:29.6818145Z libxcb-shm0 is already the newest version (1.15-1ubuntu2).
2026-10-10T07:57:29.6818353Z libxcb-shm0 set to manually installed.
2026-10-10T07:57:29.6818659Z libxcursor1 is already the newest version (1:1.2.1-1build1).
2026-10-10T07:57:29.6818866Z libxcursor1 set to manually installed.
2026-10-10T07:57:29.6819070Z libxi6 is already the newest version (2:1.8.1-1build1).
2026-10-10T07:57:29.6819271Z libxi6 set to manually installed.
2026-10-10T07:57:29.6819491Z libxrender1 is already the newest version (1:0.9.10-1.1build1).
2026-10-10T07:57:29.6819813Z libxrender1 set to manually installed.
2026-10-10T07:57:29.6820044Z The following additional packages will be installed:
2026-10-10T07:57:29.6820319Z   libavutil58 libcodec2-1.2 libdav1d7 libgsm1 libhwy1t64 libjxl0.7 libmp3lame0
2026-10-10T07:57:29.6820629Z   libopus0 librav1e0 librsvg2-2 libshine3 libsoxr0 libspeex1 libsvtav1enc1d1
2026-10-10T07:57:29.6820916Z   libswresample4 libtheora0 libtwolame0 libva-drm2 libva-x11-2 libva2
2026-10-10T07:57:29.6821205Z   libvdpau1 libvorbisenc2 libvpl2 libvpx9 libx264-164 libx265-199 libxvidcore4
2026-10-10T07:57:29.6821510Z   libzvbi-common libzvbi0t64 ocl-icd-libopencl1 xfonts-encodings xfonts-utils
2026-10-10T07:57:29.6821908Z Suggested packages:
2026-10-10T07:57:29.6822279Z   libcuda1 libnvcuvid1 libnvidia-encode1 opus-tools librsvg2-bin speex
2026-10-10T07:57:29.6822761Z   opencl-icd
2026-10-10T07:57:29.6823029Z Recommended packages:
2026-10-10T07:57:29.6823379Z   fonts-ipafont-mincho fonts-tlwg-loma librsvg2-common va-driver-all
2026-10-10T07:57:29.6823765Z   | va-driver vdpau-driver-all | vdpau-driver
2026-10-10T07:57:29.7049942Z The following NEW packages will be installed:
2026-10-10T07:57:29.7050639Z   fonts-freefont-ttf fonts-ipafont-gothic fonts-tlwg-loma-otf fonts-unifont
2026-10-10T07:57:29.7051432Z   fonts-wqy-zenhei libavcodec60 libavutil58 libcodec2-1.2 libdav1d7 libgsm1
2026-10-10T07:57:29.7055163Z   libhwy1t64 libjxl0.7 libmp3lame0 libopus0 librav1e0 librsvg2-2 libshine3
2026-10-10T07:57:29.7055493Z   libsoxr0 libspeex1 libsvtav1enc1d1 libswresample4 libtheora0 libtwolame0
2026-10-10T07:57:29.7055785Z   libva-drm2 libva-x11-2 libva2 libvdpau1 libvorbisenc2 libvpl2 libvpx9
2026-10-10T07:57:29.7056073Z   libx264-164 libx265-199 libxvidcore4 libzvbi-common libzvbi0t64
2026-10-10T07:57:29.7056347Z   ocl-icd-libopencl1 xfonts-cyrillic xfonts-encodings xfonts-scalable
2026-10-10T07:57:29.7056555Z   xfonts-utils
2026-10-10T07:57:29.7056856Z The following packages will be upgraded:
2026-10-10T07:57:29.7059560Z   libfreetype6
2026-10-10T07:57:29.7198172Z 1 upgraded, 40 newly installed, 0 to remove and 22 not upgraded.
2026-10-10T07:57:29.7198570Z Need to get 49.2 MB of archives.
2026-10-10T07:57:29.7198979Z After this operation, 168 MB of additional disk space will be used.
2026-10-10T07:57:29.7199408Z Get:1 file:/etc/apt/apt-mirrors.txt Mirrorlist [144 B]
2026-10-10T07:57:29.7988419Z Get:2 http://azure.archive.ubuntu.com/ubuntu noble/universe amd64 fonts-ipafont-gothic all 00303-21ubuntu1 [3513 kB]
2026-10-10T07:57:29.8638641Z Get:3 http://azure.archive.ubuntu.com/ubuntu noble/main amd64 fonts-freefont-ttf all 20211204+svn4273-2 [5641 kB]
2026-10-10T07:57:29.9331828Z Get:4 http://azure.archive.ubuntu.com/ubuntu noble/universe amd64 fonts-tlwg-loma-otf all 1:0.7.3-1 [107 kB]
2026-10-10T07:57:29.9612742Z Get:5 http://azure.archive.ubuntu.com/ubuntu noble/universe amd64 fonts-unifont all 1:15.1.01-1build1 [2993 kB]
2026-10-10T07:57:30.0008561Z Get:6 http://azure.archive.ubuntu.com/ubuntu noble/universe amd64 fonts-wqy-zenhei all 0.9.45-8 [7472 kB]
2026-10-10T07:57:30.0904349Z Get:7 http://azure.archive.ubuntu.com/ubuntu noble-updates/universe amd64 libva2 amd64 2.20.0-2ubuntu0.2 [66.4 kB]
2026-10-10T07:57:30.1185018Z Get:8 http://azure.archive.ubuntu.com/ubuntu noble-updates/universe amd64 libva-drm2 amd64 2.20.0-2ubuntu0.2 [7124 B]
2026-10-10T07:57:30.1461836Z Get:9 http://azure.archive.ubuntu.com/ubuntu noble-updates/universe amd64 libva-x11-2 amd64 2.20.0-2ubuntu0.2 [12.0 kB]
2026-10-10T07:57:30.1737772Z Get:10 http://azure.archive.ubuntu.com/ubuntu noble/main amd64 libvdpau1 amd64 1.5-2build1 [27.8 kB]
2026-10-10T07:57:30.2015500Z Get:11 http://azure.archive.ubuntu.com/ubuntu noble/universe amd64 libvpl2 amd64 2023.3.0-1build1 [99.8 kB]
2026-10-10T07:57:30.2295544Z Get:12 http://azure.archive.ubuntu.com/ubuntu noble/universe amd64 ocl-icd-libopencl1 amd64 2.3.2-1build1 [38.5 kB]
2026-10-10T07:57:30.2575923Z Get:13 http://azure.archive.ubuntu.com/ubuntu noble/universe amd64 libavutil58 amd64 7:6.1.1-3ubuntu5 [401 kB]
2026-10-10T07:57:30.2872045Z Get:14 http://azure.archive.ubuntu.com/ubuntu noble/universe amd64 libcodec2-1.2 amd64 1.2.0-2build1 [8998 kB]
2026-10-10T07:57:30.3931634Z Get:15 http://azure.archive.ubuntu.com/ubuntu noble/universe amd64 libdav1d7 amd64 1.4.1-1build1 [604 kB]
2026-10-10T07:57:30.4249962Z Get:16 http://azure.archive.ubuntu.com/ubuntu noble/universe amd64 libgsm1 amd64 1.0.22-1build1 [27.8 kB]
2026-10-10T07:57:30.4529952Z Get:17 http://azure.archive.ubuntu.com/ubuntu noble/universe amd64 libhwy1t64 amd64 1.0.7-8.1build1 [584 kB]
2026-10-10T07:57:30.4850051Z Get:18 http://azure.archive.ubuntu.com/ubuntu noble-updates/universe amd64 libjxl0.7 amd64 0.7.0-10.2ubuntu6.1 [1001 kB]
2026-10-10T07:57:30.5315112Z Get:19 http://azure.archive.ubuntu.com/ubuntu noble/main amd64 libmp3lame0 amd64 3.100-6build1 [142 kB]
2026-10-10T07:57:30.6071650Z Get:20 http://azure.archive.ubuntu.com/ubuntu noble/main amd64 libopus0 amd64 1.4-1build1 [208 kB]
2026-10-10T07:57:30.6446949Z Get:21 http://azure.archive.ubuntu.com/ubuntu noble/universe amd64 librav1e0 amd64 0.7.1-2 [1022 kB]
2026-10-10T07:57:30.6907781Z Get:22 http://azure.archive.ubuntu.com/ubuntu noble-updates/main amd64 librsvg2-2 amd64 2.58.0+dfsg-1ubuntu0.1 [2141 kB]
2026-10-10T07:57:30.8111327Z Get:23 http://azure.archive.ubuntu.com/ubuntu noble/universe amd64 libshine3 amd64 3.1.1-2build1 [23.2 kB]
2026-10-10T07:57:30.8394491Z Get:24 http://azure.archive.ubuntu.com/ubuntu noble-updates/main amd64 libspeex1 amd64 1.2.1-2ubuntu2.24.04.1 [59.6 kB]
2026-10-10T07:57:30.8678485Z Get:25 http://azure.archive.ubuntu.com/ubuntu noble/universe amd64 libsvtav1enc1d1 amd64 1.7.0+dfsg-2build1 [2425 kB]
2026-10-10T07:57:30.9166214Z Get:26 http://azure.archive.ubuntu.com/ubuntu noble/universe amd64 libsoxr0 amd64 0.1.3-4build3 [80.0 kB]
2026-10-10T07:57:30.9449270Z Get:27 http://azure.archive.ubuntu.com/ubuntu noble/universe amd64 libswresample4 amd64 7:6.1.1-3ubuntu5 [63.8 kB]
2026-10-10T07:57:30.9731889Z Get:28 http://azure.archive.ubuntu.com/ubuntu noble/main amd64 libtheora0 amd64 1.1.1+dfsg.1-16.1build3 [211 kB]
2026-10-10T07:57:31.0025967Z Get:29 http://azure.archive.ubuntu.com/ubuntu noble/main amd64 libtwolame0 amd64 0.4.0-2build3 [52.3 kB]
2026-10-10T07:57:31.0305944Z Get:30 http://azure.archive.ubuntu.com/ubuntu noble/main amd64 libvorbisenc2 amd64 1.3.7-1build3 [80.8 kB]
2026-10-10T07:57:31.0588602Z Get:31 http://azure.archive.ubuntu.com/ubuntu noble-updates/main amd64 libvpx9 amd64 1.14.0-1ubuntu2.3 [1143 kB]
2026-10-10T07:57:31.0913718Z Get:32 http://azure.archive.ubuntu.com/ubuntu noble/universe amd64 libx264-164 amd64 2:0.164.3108+git31e19f9-1 [604 kB]
2026-10-10T07:57:31.1212251Z Get:33 http://azure.archive.ubuntu.com/ubuntu noble/universe amd64 libx265-199 amd64 3.5-2build1 [1226 kB]
2026-10-10T07:57:31.1547767Z Get:34 http://azure.archive.ubuntu.com/ubuntu noble/universe amd64 libxvidcore4 amd64 2:1.3.7-1build1 [219 kB]
2026-10-10T07:57:31.1831669Z Get:35 http://azure.archive.ubuntu.com/ubuntu noble/universe amd64 libzvbi-common all 0.2.42-2 [42.4 kB]
2026-10-10T07:57:31.2111130Z Get:36 http://azure.archive.ubuntu.com/ubuntu noble/universe amd64 libzvbi0t64 amd64 0.2.42-2 [261 kB]
2026-10-10T07:57:31.2399632Z Get:37 http://azure.archive.ubuntu.com/ubuntu noble/universe amd64 libavcodec60 amd64 7:6.1.1-3ubuntu5 [5851 kB]
2026-10-10T07:57:31.3044336Z Get:38 http://azure.archive.ubuntu.com/ubuntu noble-updates/main amd64 libfreetype6 amd64 2.13.2+dfsg-1ubuntu0.2 [403 kB]
2026-10-10T07:57:31.3752292Z Get:39 http://azure.archive.ubuntu.com/ubuntu noble/main amd64 xfonts-encodings all 1:1.0.5-0ubuntu2 [578 kB]
2026-10-10T07:57:31.4070482Z Get:40 http://azure.archive.ubuntu.com/ubuntu noble/main amd64 xfonts-utils amd64 1:7.7+6build3 [94.4 kB]
2026-10-10T07:57:31.4353252Z Get:41 http://azure.archive.ubuntu.com/ubuntu noble/universe amd64 xfonts-cyrillic all 1:1.0.5+nmu1 [384 kB]
2026-10-10T07:57:31.4657276Z Get:42 http://azure.archive.ubuntu.com/ubuntu noble/main amd64 xfonts-scalable all 1:1.0.3-1.3 [304 kB]
2026-10-10T07:57:31.7030613Z Fetched 49.2 MB in 2s (28.0 MB/s)
2026-10-10T07:57:31.7219229Z Selecting previously unselected package fonts-ipafont-gothic.
2026-10-10T07:57:31.7470635Z (Reading database ... 
2026-10-10T07:57:31.7470947Z (Reading database ... 5%
2026-10-10T07:57:31.7471242Z (Reading database ... 10%
2026-10-10T07:57:31.7471491Z (Reading database ... 15%
2026-10-10T07:57:31.7471653Z (Reading database ... 20%
2026-10-10T07:57:31.7471814Z (Reading database ... 25%
2026-10-10T07:57:31.7471973Z (Reading database ... 30%
2026-10-10T07:57:31.7472125Z (Reading database ... 35%
2026-10-10T07:57:31.7472288Z (Reading database ... 40%
2026-10-10T07:57:31.7472609Z (Reading database ... 45%
2026-10-10T07:57:31.7472787Z (Reading database ... 50%
2026-10-10T07:57:31.7512983Z (Reading database ... 55%
2026-10-10T07:57:31.8327263Z (Reading database ... 60%
2026-10-10T07:57:32.0255605Z (Reading database ... 65%
2026-10-10T07:57:32.2285450Z (Reading database ... 70%
2026-10-10T07:57:32.4294604Z (Reading database ... 75%
2026-10-10T07:57:32.5316040Z (Reading database ... 80%
2026-10-10T07:57:32.6851503Z (Reading database ... 85%
2026-10-10T07:57:32.8272856Z (Reading database ... 90%
2026-10-10T07:57:32.9794673Z (Reading database ... 95%
2026-10-10T07:57:32.9795063Z (Reading database ... 100%
2026-10-10T07:57:32.9795455Z (Reading database ... 203191 files and directories currently installed.)
2026-10-10T07:57:32.9833452Z Preparing to unpack .../00-fonts-ipafont-gothic_00303-21ubuntu1_all.deb ...
2026-10-10T07:57:32.9907898Z Unpacking fonts-ipafont-gothic (00303-21ubuntu1) ...
2026-10-10T07:57:33.2327166Z Selecting previously unselected package fonts-freefont-ttf.
2026-10-10T07:57:33.2428321Z Preparing to unpack .../01-fonts-freefont-ttf_20211204+svn4273-2_all.deb ...
2026-10-10T07:57:33.2434416Z Unpacking fonts-freefont-ttf (20211204+svn4273-2) ...
2026-10-10T07:57:33.3465129Z Selecting previously unselected package fonts-tlwg-loma-otf.
2026-10-10T07:57:33.3587011Z Preparing to unpack .../02-fonts-tlwg-loma-otf_1%3a0.7.3-1_all.deb ...
2026-10-10T07:57:33.3594024Z Unpacking fonts-tlwg-loma-otf (1:0.7.3-1) ...
2026-10-10T07:57:33.3784662Z Selecting previously unselected package fonts-unifont.
2026-10-10T07:57:33.3884578Z Preparing to unpack .../03-fonts-unifont_1%3a15.1.01-1build1_all.deb ...
2026-10-10T07:57:33.3890307Z Unpacking fonts-unifont (1:15.1.01-1build1) ...
2026-10-10T07:57:33.5938922Z Selecting previously unselected package fonts-wqy-zenhei.
2026-10-10T07:57:33.6039886Z Preparing to unpack .../04-fonts-wqy-zenhei_0.9.45-8_all.deb ...
2026-10-10T07:57:33.6126559Z Unpacking fonts-wqy-zenhei (0.9.45-8) ...
2026-10-10T07:57:34.0742024Z Selecting previously unselected package libva2:amd64.
2026-10-10T07:57:34.0840615Z Preparing to unpack .../05-libva2_2.20.0-2ubuntu0.2_amd64.deb ...
2026-10-10T07:57:34.0856824Z Unpacking libva2:amd64 (2.20.0-2ubuntu0.2) ...
2026-10-10T07:57:34.1040904Z Selecting previously unselected package libva-drm2:amd64.
2026-10-10T07:57:34.1143506Z Preparing to unpack .../06-libva-drm2_2.20.0-2ubuntu0.2_amd64.deb ...
2026-10-10T07:57:34.1150235Z Unpacking libva-drm2:amd64 (2.20.0-2ubuntu0.2) ...
2026-10-10T07:57:34.1331559Z Selecting previously unselected package libva-x11-2:amd64.
2026-10-10T07:57:34.1434129Z Preparing to unpack .../07-libva-x11-2_2.20.0-2ubuntu0.2_amd64.deb ...
2026-10-10T07:57:34.1440303Z Unpacking libva-x11-2:amd64 (2.20.0-2ubuntu0.2) ...
2026-10-10T07:57:34.1626102Z Selecting previously unselected package libvdpau1:amd64.
2026-10-10T07:57:34.1726809Z Preparing to unpack .../08-libvdpau1_1.5-2build1_amd64.deb ...
2026-10-10T07:57:34.1732483Z Unpacking libvdpau1:amd64 (1.5-2build1) ...
2026-10-10T07:57:34.1911532Z Selecting previously unselected package libvpl2.
2026-10-10T07:57:34.2011497Z Preparing to unpack .../09-libvpl2_2023.3.0-1build1_amd64.deb ...
2026-10-10T07:57:34.2017417Z Unpacking libvpl2 (2023.3.0-1build1) ...
2026-10-10T07:57:34.2211525Z Selecting previously unselected package ocl-icd-libopencl1:amd64.
2026-10-10T07:57:34.2310927Z Preparing to unpack .../10-ocl-icd-libopencl1_2.3.2-1build1_amd64.deb ...
2026-10-10T07:57:34.2317677Z Unpacking ocl-icd-libopencl1:amd64 (2.3.2-1build1) ...
2026-10-10T07:57:34.2537889Z Selecting previously unselected package libavutil58:amd64.
2026-10-10T07:57:34.2637800Z Preparing to unpack .../11-libavutil58_7%3a6.1.1-3ubuntu5_amd64.deb ...
2026-10-10T07:57:34.2644106Z Unpacking libavutil58:amd64 (7:6.1.1-3ubuntu5) ...
2026-10-10T07:57:34.3040198Z Selecting previously unselected package libcodec2-1.2:amd64.
2026-10-10T07:57:34.3138095Z Preparing to unpack .../12-libcodec2-1.2_1.2.0-2build1_amd64.deb ...
2026-10-10T07:57:34.3144922Z Unpacking libcodec2-1.2:amd64 (1.2.0-2build1) ...
2026-10-10T07:57:34.4433316Z Selecting previously unselected package libdav1d7:amd64.
2026-10-10T07:57:34.4532079Z Preparing to unpack .../13-libdav1d7_1.4.1-1build1_amd64.deb ...
2026-10-10T07:57:34.4537647Z Unpacking libdav1d7:amd64 (1.4.1-1build1) ...
2026-10-10T07:57:34.4754790Z Selecting previously unselected package libgsm1:amd64.
2026-10-10T07:57:34.4852682Z Preparing to unpack .../14-libgsm1_1.0.22-1build1_amd64.deb ...
2026-10-10T07:57:34.4859461Z Unpacking libgsm1:amd64 (1.0.22-1build1) ...
2026-10-10T07:57:34.5218134Z Selecting previously unselected package libhwy1t64:amd64.
2026-10-10T07:57:34.5317505Z Preparing to unpack .../15-libhwy1t64_1.0.7-8.1build1_amd64.deb ...
2026-10-10T07:57:34.5323459Z Unpacking libhwy1t64:amd64 (1.0.7-8.1build1) ...
2026-10-10T07:57:34.5638460Z Selecting previously unselected package libjxl0.7:amd64.
2026-10-10T07:57:34.5735957Z Preparing to unpack .../16-libjxl0.7_0.7.0-10.2ubuntu6.1_amd64.deb ...
2026-10-10T07:57:34.5741602Z Unpacking libjxl0.7:amd64 (0.7.0-10.2ubuntu6.1) ...
2026-10-10T07:57:34.6044303Z Selecting previously unselected package libmp3lame0:amd64.
2026-10-10T07:57:34.6143644Z Preparing to unpack .../17-libmp3lame0_3.100-6build1_amd64.deb ...
2026-10-10T07:57:34.6150189Z Unpacking libmp3lame0:amd64 (3.100-6build1) ...
2026-10-10T07:57:34.6345669Z Selecting previously unselected package libopus0:amd64.
2026-10-10T07:57:34.6444162Z Preparing to unpack .../18-libopus0_1.4-1build1_amd64.deb ...
2026-10-10T07:57:34.6449327Z Unpacking libopus0:amd64 (1.4-1build1) ...
2026-10-10T07:57:34.6633024Z Selecting previously unselected package librav1e0:amd64.
2026-10-10T07:57:34.6732620Z Preparing to unpack .../19-librav1e0_0.7.1-2_amd64.deb ...
2026-10-10T07:57:34.6737946Z Unpacking librav1e0:amd64 (0.7.1-2) ...
2026-10-10T07:57:34.7047612Z Selecting previously unselected package librsvg2-2:amd64.
2026-10-10T07:57:34.7145494Z Preparing to unpack .../20-librsvg2-2_2.58.0+dfsg-1ubuntu0.1_amd64.deb ...
2026-10-10T07:57:34.7151026Z Unpacking librsvg2-2:amd64 (2.58.0+dfsg-1ubuntu0.1) ...
2026-10-10T07:57:34.7846363Z Selecting previously unselected package libshine3:amd64.
2026-10-10T07:57:34.7945841Z Preparing to unpack .../21-libshine3_3.1.1-2build1_amd64.deb ...
2026-10-10T07:57:34.7951760Z Unpacking libshine3:amd64 (3.1.1-2build1) ...
2026-10-10T07:57:34.8129153Z Selecting previously unselected package libspeex1:amd64.
2026-10-10T07:57:34.8243439Z Preparing to unpack .../22-libspeex1_1.2.1-2ubuntu2.24.04.1_amd64.deb ...
2026-10-10T07:57:34.8250127Z Unpacking libspeex1:amd64 (1.2.1-2ubuntu2.24.04.1) ...
2026-10-10T07:57:34.8430488Z Selecting previously unselected package libsvtav1enc1d1:amd64.
2026-10-10T07:57:34.8554630Z Preparing to unpack .../23-libsvtav1enc1d1_1.7.0+dfsg-2build1_amd64.deb ...
2026-10-10T07:57:34.8562070Z Unpacking libsvtav1enc1d1:amd64 (1.7.0+dfsg-2build1) ...
2026-10-10T07:57:34.9277955Z Selecting previously unselected package libsoxr0:amd64.
2026-10-10T07:57:34.9576455Z Preparing to unpack .../24-libsoxr0_0.1.3-4build3_amd64.deb ...
2026-10-10T07:57:34.9717777Z Unpacking libsoxr0:amd64 (0.1.3-4build3) ...
2026-10-10T07:57:34.9967830Z Selecting previously unselected package libswresample4:amd64.
2026-10-10T07:57:35.0071070Z Preparing to unpack .../25-libswresample4_7%3a6.1.1-3ubuntu5_amd64.deb ...
2026-10-10T07:57:35.0078359Z Unpacking libswresample4:amd64 (7:6.1.1-3ubuntu5) ...
2026-10-10T07:57:35.0270229Z Selecting previously unselected package libtheora0:amd64.
2026-10-10T07:57:35.0373856Z Preparing to unpack .../26-libtheora0_1.1.1+dfsg.1-16.1build3_amd64.deb ...
2026-10-10T07:57:35.0380236Z Unpacking libtheora0:amd64 (1.1.1+dfsg.1-16.1build3) ...
2026-10-10T07:57:35.0590315Z Selecting previously unselected package libtwolame0:amd64.
2026-10-10T07:57:35.0694139Z Preparing to unpack .../27-libtwolame0_0.4.0-2build3_amd64.deb ...
2026-10-10T07:57:35.0700866Z Unpacking libtwolame0:amd64 (0.4.0-2build3) ...
2026-10-10T07:57:35.0890539Z Selecting previously unselected package libvorbisenc2:amd64.
2026-10-10T07:57:35.0996963Z Preparing to unpack .../28-libvorbisenc2_1.3.7-1build3_amd64.deb ...
2026-10-10T07:57:35.1005459Z Unpacking libvorbisenc2:amd64 (1.3.7-1build3) ...
2026-10-10T07:57:35.1222978Z Selecting previously unselected package libvpx9:amd64.
2026-10-10T07:57:35.1331317Z Preparing to unpack .../29-libvpx9_1.14.0-1ubuntu2.3_amd64.deb ...
2026-10-10T07:57:35.1344171Z Unpacking libvpx9:amd64 (1.14.0-1ubuntu2.3) ...
2026-10-10T07:57:35.1677432Z Selecting previously unselected package libx264-164:amd64.
2026-10-10T07:57:35.1787108Z Preparing to unpack .../30-libx264-164_2%3a0.164.3108+git31e19f9-1_amd64.deb ...
2026-10-10T07:57:35.1794314Z Unpacking libx264-164:amd64 (2:0.164.3108+git31e19f9-1) ...
2026-10-10T07:57:35.2272150Z Selecting previously unselected package libx265-199:amd64.
2026-10-10T07:57:35.2379071Z Preparing to unpack .../31-libx265-199_3.5-2build1_amd64.deb ...
2026-10-10T07:57:35.2386230Z Unpacking libx265-199:amd64 (3.5-2build1) ...
2026-10-10T07:57:35.3575015Z Selecting previously unselected package libxvidcore4:amd64.
2026-10-10T07:57:35.3675567Z Preparing to unpack .../32-libxvidcore4_2%3a1.3.7-1build1_amd64.deb ...
2026-10-10T07:57:35.3681825Z Unpacking libxvidcore4:amd64 (2:1.3.7-1build1) ...
2026-10-10T07:57:35.3886644Z Selecting previously unselected package libzvbi-common.
2026-10-10T07:57:35.3988503Z Preparing to unpack .../33-libzvbi-common_0.2.42-2_all.deb ...
2026-10-10T07:57:35.3995448Z Unpacking libzvbi-common (0.2.42-2) ...
2026-10-10T07:57:35.4435463Z Selecting previously unselected package libzvbi0t64:amd64.
2026-10-10T07:57:35.4537386Z Preparing to unpack .../34-libzvbi0t64_0.2.42-2_amd64.deb ...
2026-10-10T07:57:35.4545884Z Unpacking libzvbi0t64:amd64 (0.2.42-2) ...
2026-10-10T07:57:35.4758559Z Selecting previously unselected package libavcodec60:amd64.
2026-10-10T07:57:35.4857004Z Preparing to unpack .../35-libavcodec60_7%3a6.1.1-3ubuntu5_amd64.deb ...
2026-10-10T07:57:35.4863876Z Unpacking libavcodec60:amd64 (7:6.1.1-3ubuntu5) ...
2026-10-10T07:57:35.6275522Z Preparing to unpack .../36-libfreetype6_2.13.2+dfsg-1ubuntu0.2_amd64.deb ...
2026-10-10T07:57:35.6295039Z Unpacking libfreetype6:amd64 (2.13.2+dfsg-1ubuntu0.2) over (2.13.2+dfsg-1ubuntu0.1) ...
2026-10-10T07:57:35.6517462Z Selecting previously unselected package xfonts-encodings.
2026-10-10T07:57:35.6618994Z Preparing to unpack .../37-xfonts-encodings_1%3a1.0.5-0ubuntu2_all.deb ...
2026-10-10T07:57:35.6726446Z Unpacking xfonts-encodings (1:1.0.5-0ubuntu2) ...
2026-10-10T07:57:35.6965186Z Selecting previously unselected package xfonts-utils.
2026-10-10T07:57:35.7064970Z Preparing to unpack .../38-xfonts-utils_1%3a7.7+6build3_amd64.deb ...
2026-10-10T07:57:35.7071808Z Unpacking xfonts-utils (1:7.7+6build3) ...
2026-10-10T07:57:35.7368463Z Selecting previously unselected package xfonts-cyrillic.
2026-10-10T07:57:35.7465990Z Preparing to unpack .../39-xfonts-cyrillic_1%3a1.0.5+nmu1_all.deb ...
2026-10-10T07:57:35.7473619Z Unpacking xfonts-cyrillic (1:1.0.5+nmu1) ...
2026-10-10T07:57:35.7748977Z Selecting previously unselected package xfonts-scalable.
2026-10-10T07:57:35.7847689Z Preparing to unpack .../40-xfonts-scalable_1%3a1.0.3-1.3_all.deb ...
2026-10-10T07:57:35.7854653Z Unpacking xfonts-scalable (1:1.0.3-1.3) ...
2026-10-10T07:57:35.8343896Z Setting up libhwy1t64:amd64 (1.0.7-8.1build1) ...
2026-10-10T07:57:35.8363114Z Setting up libspeex1:amd64 (1.2.1-2ubuntu2.24.04.1) ...
2026-10-10T07:57:35.8376396Z Setting up libshine3:amd64 (3.1.1-2build1) ...
2026-10-10T07:57:35.8390189Z Setting up libvpl2 (2023.3.0-1build1) ...
2026-10-10T07:57:35.8405030Z Setting up libx264-164:amd64 (2:0.164.3108+git31e19f9-1) ...
2026-10-10T07:57:35.8419410Z Setting up libtwolame0:amd64 (0.4.0-2build3) ...
2026-10-10T07:57:35.8433961Z Setting up libgsm1:amd64 (1.0.22-1build1) ...
2026-10-10T07:57:35.8448209Z Setting up libsoxr0:amd64 (0.1.3-4build3) ...
2026-10-10T07:57:35.8462824Z Setting up libcodec2-1.2:amd64 (1.2.0-2build1) ...
2026-10-10T07:57:35.8476538Z Setting up fonts-wqy-zenhei (0.9.45-8) ...
2026-10-10T07:57:35.8575078Z Setting up fonts-freefont-ttf (20211204+svn4273-2) ...
2026-10-10T07:57:35.8589989Z Setting up libsvtav1enc1d1:amd64 (1.7.0+dfsg-2build1) ...
2026-10-10T07:57:35.8605268Z Setting up libxvidcore4:amd64 (2:1.3.7-1build1) ...
2026-10-10T07:57:35.8619715Z Setting up librav1e0:amd64 (0.7.1-2) ...
2026-10-10T07:57:35.8636460Z Setting up librsvg2-2:amd64 (2.58.0+dfsg-1ubuntu0.1) ...
2026-10-10T07:57:35.8650443Z Setting up fonts-tlwg-loma-otf (1:0.7.3-1) ...
2026-10-10T07:57:35.8665023Z Setting up libva2:amd64 (2.20.0-2ubuntu0.2) ...
2026-10-10T07:57:35.8679148Z Setting up libfreetype6:amd64 (2.13.2+dfsg-1ubuntu0.2) ...
2026-10-10T07:57:35.8693687Z Setting up xfonts-encodings (1:1.0.5-0ubuntu2) ...
2026-10-10T07:57:35.8707591Z Setting up libopus0:amd64 (1.4-1build1) ...
2026-10-10T07:57:35.8723374Z Setting up libjxl0.7:amd64 (0.7.0-10.2ubuntu6.1) ...
2026-10-10T07:57:35.8738210Z Setting up libx265-199:amd64 (3.5-2build1) ...
2026-10-10T07:57:35.8753919Z Setting up libvpx9:amd64 (1.14.0-1ubuntu2.3) ...
2026-10-10T07:57:35.8768456Z Setting up libdav1d7:amd64 (1.4.1-1build1) ...
2026-10-10T07:57:35.8946134Z Setting up libva-drm2:amd64 (2.20.0-2ubuntu0.2) ...
2026-10-10T07:57:35.8961049Z Setting up fonts-ipafont-gothic (00303-21ubuntu1) ...
2026-10-10T07:57:35.9014554Z update-alternatives: using /usr/share/fonts/opentype/ipafont-gothic/ipag.ttf to provide /usr/share/fonts/truetype/fonts-japanese-gothic.ttf (fonts-japanese-gothic.ttf) in auto mode
2026-10-10T07:57:35.9027369Z Setting up ocl-icd-libopencl1:amd64 (2.3.2-1build1) ...
2026-10-10T07:57:35.9043424Z Setting up libvdpau1:amd64 (1.5-2build1) ...
2026-10-10T07:57:35.9063462Z Setting up libtheora0:amd64 (1.1.1+dfsg.1-16.1build3) ...
2026-10-10T07:57:35.9078301Z Setting up libva-x11-2:amd64 (2.20.0-2ubuntu0.2) ...
2026-10-10T07:57:35.9092685Z Setting up libzvbi-common (0.2.42-2) ...
2026-10-10T07:57:35.9106035Z Setting up libmp3lame0:amd64 (3.100-6build1) ...
2026-10-10T07:57:35.9119572Z Setting up libvorbisenc2:amd64 (1.3.7-1build3) ...
2026-10-10T07:57:35.9136162Z Setting up fonts-unifont (1:15.1.01-1build1) ...
2026-10-10T07:57:35.9150798Z Setting up libzvbi0t64:amd64 (0.2.42-2) ...
2026-10-10T07:57:35.9165196Z Setting up libavutil58:amd64 (7:6.1.1-3ubuntu5) ...
2026-10-10T07:57:35.9179281Z Setting up xfonts-utils (1:7.7+6build3) ...
2026-10-10T07:57:35.9216419Z Setting up libswresample4:amd64 (7:6.1.1-3ubuntu5) ...
2026-10-10T07:57:35.9232969Z Setting up libavcodec60:amd64 (7:6.1.1-3ubuntu5) ...
2026-10-10T07:57:35.9247128Z Setting up xfonts-cyrillic (1:1.0.5+nmu1) ...
2026-10-10T07:57:35.9479815Z Setting up xfonts-scalable (1:1.0.3-1.3) ...
2026-10-10T07:57:35.9696559Z Processing triggers for libc-bin (2.39-0ubuntu8.9) ...
2026-10-10T07:57:36.1573246Z Processing triggers for man-db (2.12.0-4build2) ...
2026-10-10T07:57:36.1592166Z Not building database; man-db/auto-update is not 'true'.
2026-10-10T07:57:36.1604075Z Processing triggers for fontconfig (2.15.0-1.1ubuntu2) ...
2026-10-10T07:57:36.8215624Z 
2026-10-10T07:57:36.8216305Z Running kernel seems to be up-to-date.
2026-10-10T07:57:36.8216566Z 
2026-10-10T07:57:36.8216674Z Restarting services...
2026-10-10T07:57:36.8280082Z  systemctl restart php8.3-fpm.service
2026-10-10T07:57:36.9802803Z 
2026-10-10T07:57:36.9803575Z No containers need to be restarted.
2026-10-10T07:57:36.9804013Z 
2026-10-10T07:57:36.9804458Z No user sessions are running outdated binaries.
2026-10-10T07:57:36.9804793Z 
2026-10-10T07:57:36.9805236Z No VM guests are running outdated hypervisor (qemu) binaries on this host.
2026-10-10T07:57:38.2764006Z Downloading Chrome for Testing 153.0.8010.12 (playwright chromium v1243) from https://cdn.playwright.dev/builds/cft/153.0.8010.12/linux64/chrome-linux64.zip
2026-10-10T07:57:38.6479211Z |                                                                                |   0% of 186.8 MiB
2026-10-10T07:57:38.8939075Z |■■■■■■■■                                                                        |  10% of 186.8 MiB
2026-10-10T07:57:38.9401798Z |■■■■■■■■■■■■■■■■                                                                |  20% of 186.8 MiB
2026-10-10T07:57:39.0061582Z |■■■■■■■■■■■■■■■■■■■■■■■■                                                        |  30% of 186.8 MiB
2026-10-10T07:57:39.0387212Z |■■■■■■■■■■■■■■■■■■■■■■■■■■■■■■■■                                                |  40% of 186.8 MiB
2026-10-10T07:57:39.1056043Z |■■■■■■■■■■■■■■■■■■■■■■■■■■■■■■■■■■■■■■■■                                        |  50% of 186.8 MiB
2026-10-10T07:57:39.1615172Z |■■■■■■■■■■■■■■■■■■■■■■■■■■■■■■■■■■■■■■■■■■■■■■■■                                |  60% of 186.8 MiB
2026-10-10T07:57:39.2204318Z |■■■■■■■■■■■■■■■■■■■■■■■■■■■■■■■■■■■■■■■■■■■■■■■■■■■■■■■■                        |  70% of 186.8 MiB
2026-10-10T07:57:39.2802597Z |■■■■■■■■■■■■■■■■■■■■■■■■■■■■■■■■■■■■■■■■■■■■■■■■■■■■■■■■■■■■■■■■                |  80% of 186.8 MiB
2026-10-10T07:57:39.3456994Z |■■■■■■■■■■■■■■■■■■■■■■■■■■■■■■■■■■■■■■■■■■■■■■■■■■■■■■■■■■■■■■■■■■■■■■■■        |  90% of 186.8 MiB
2026-10-10T07:57:39.3956459Z |■■■■■■■■■■■■■■■■■■■■■■■■■■■■■■■■■■■■■■■■■■■■■■■■■■■■■■■■■■■■■■■■■■■■■■■■■■■■■■■■| 100% of 186.8 MiB
2026-10-10T07:57:41.9934575Z Chrome for Testing 153.0.8010.12 (playwright chromium v1243) downloaded to /home/runner/.cache/ms-playwright/chromium-1243
2026-10-10T07:57:41.9938571Z Downloading FFmpeg (playwright ffmpeg v1011) from https://cdn.playwright.dev/dbazure/download/playwright/builds/ffmpeg/1011/ffmpeg-linux.zip
2026-10-10T07:57:42.2941954Z |                                                                                |   0% of 2.3 MiB
2026-10-10T07:57:42.3207782Z |■■■■■■■■                                                                        |  10% of 2.3 MiB
2026-10-10T07:57:42.3396452Z |■■■■■■■■■■■■■■■■                                                                |  20% of 2.3 MiB
2026-10-10T07:57:42.3510627Z |■■■■■■■■■■■■■■■■■■■■■■■■                                                        |  30% of 2.3 MiB
2026-10-10T07:57:42.3573221Z |■■■■■■■■■■■■■■■■■■■■■■■■■■■■■■■■                                                |  40% of 2.3 MiB
2026-10-10T07:57:42.3649892Z |■■■■■■■■■■■■■■■■■■■■■■■■■■■■■■■■■■■■■■■■                                        |  50% of 2.3 MiB
2026-10-10T07:57:42.3684420Z |■■■■■■■■■■■■■■■■■■■■■■■■■■■■■■■■■■■■■■■■■■■■■■■■                                |  60% of 2.3 MiB
2026-10-10T07:57:42.3761676Z |■■■■■■■■■■■■■■■■■■■■■■■■■■■■■■■■■■■■■■■■■■■■■■■■■■■■■■■■                        |  70% of 2.3 MiB
2026-10-10T07:57:42.3788554Z |■■■■■■■■■■■■■■■■■■■■■■■■■■■■■■■■■■■■■■■■■■■■■■■■■■■■■■■■■■■■■■■■                |  80% of 2.3 MiB
2026-10-10T07:57:42.3820599Z |■■■■■■■■■■■■■■■■■■■■■■■■■■■■■■■■■■■■■■■■■■■■■■■■■■■■■■■■■■■■■■■■■■■■■■■■        |  90% of 2.3 MiB
2026-10-10T07:57:42.3885947Z |■■■■■■■■■■■■■■■■■■■■■■■■■■■■■■■■■■■■■■■■■■■■■■■■■■■■■■■■■■■■■■■■■■■■■■■■■■■■■■■■| 100% of 2.3 MiB
2026-10-10T07:57:42.4306894Z FFmpeg (playwright ffmpeg v1011) downloaded to /home/runner/.cache/ms-playwright/ffmpeg-1011
2026-10-10T07:57:42.4309682Z Downloading Chrome Headless Shell 153.0.8010.12 (playwright chromium-headless-shell v1243) from https://cdn.playwright.dev/builds/cft/153.0.8010.12/linux64/chrome-headless-shell-linux64.zip
2026-10-10T07:57:42.7527171Z |                                                                                |   0% of 114.3 MiB
2026-10-10T07:57:42.8835365Z |■■■■■■■■                                                                        |  10% of 114.3 MiB
2026-10-10T07:57:42.9329890Z |■■■■■■■■■■■■■■■■                                                                |  20% of 114.3 MiB
2026-10-10T07:57:42.9833692Z |■■■■■■■■■■■■■■■■■■■■■■■■                                                        |  30% of 114.3 MiB
2026-10-10T07:57:43.0371687Z |■■■■■■■■■■■■■■■■■■■■■■■■■■■■■■■■                                                |  40% of 114.3 MiB
2026-10-10T07:57:43.0880136Z |■■■■■■■■■■■■■■■■■■■■■■■■■■■■■■■■■■■■■■■■                                        |  50% of 114.3 MiB
2026-10-10T07:57:43.1425102Z |■■■■■■■■■■■■■■■■■■■■■■■■■■■■■■■■■■■■■■■■■■■■■■■■                                |  60% of 114.3 MiB
2026-10-10T07:57:43.1967247Z |■■■■■■■■■■■■■■■■■■■■■■■■■■■■■■■■■■■■■■■■■■■■■■■■■■■■■■■■                        |  70% of 114.3 MiB
2026-10-10T07:57:43.2541355Z |■■■■■■■■■■■■■■■■■■■■■■■■■■■■■■■■■■■■■■■■■■■■■■■■■■■■■■■■■■■■■■■■                |  80% of 114.3 MiB
2026-10-10T07:57:43.3139321Z |■■■■■■■■■■■■■■■■■■■■■■■■■■■■■■■■■■■■■■■■■■■■■■■■■■■■■■■■■■■■■■■■■■■■■■■■        |  90% of 114.3 MiB
2026-10-10T07:57:43.3797563Z |■■■■■■■■■■■■■■■■■■■■■■■■■■■■■■■■■■■■■■■■■■■■■■■■■■■■■■■■■■■■■■■■■■■■■■■■■■■■■■■■| 100% of 114.3 MiB
2026-10-10T07:57:44.9608351Z Chrome Headless Shell 153.0.8010.12 (playwright chromium-headless-shell v1243) downloaded to /home/runner/.cache/ms-playwright/chromium_headless_shell-1243
2026-10-10T07:57:44.9612113Z Downloading Firefox 155.0 (playwright firefox v1543) from https://cdn.playwright.dev/dbazure/download/playwright/builds/firefox/1543/firefox-ubuntu-24.04.zip
2026-10-10T07:57:45.2589730Z |                                                                                |   0% of 109.5 MiB
2026-10-10T07:57:45.4333457Z |■■■■■■■■                                                                        |  10% of 109.5 MiB
2026-10-10T07:57:45.4785639Z |■■■■■■■■■■■■■■■■                                                                |  20% of 109.5 MiB
2026-10-10T07:57:45.5046581Z |■■■■■■■■■■■■■■■■■■■■■■■■                                                        |  30% of 109.5 MiB
2026-10-10T07:57:45.5316471Z |■■■■■■■■■■■■■■■■■■■■■■■■■■■■■■■■                                                |  40% of 109.5 MiB
2026-10-10T07:57:45.5676014Z |■■■■■■■■■■■■■■■■■■■■■■■■■■■■■■■■■■■■■■■■                                        |  50% of 109.5 MiB
2026-10-10T07:57:45.5862047Z |■■■■■■■■■■■■■■■■■■■■■■■■■■■■■■■■■■■■■■■■■■■■■■■■                                |  60% of 109.5 MiB
2026-10-10T07:57:45.6157539Z |■■■■■■■■■■■■■■■■■■■■■■■■■■■■■■■■■■■■■■■■■■■■■■■■■■■■■■■■                        |  70% of 109.5 MiB
2026-10-10T07:57:45.6518608Z |■■■■■■■■■■■■■■■■■■■■■■■■■■■■■■■■■■■■■■■■■■■■■■■■■■■■■■■■■■■■■■■■                |  80% of 109.5 MiB
2026-10-10T07:57:45.6883709Z |■■■■■■■■■■■■■■■■■■■■■■■■■■■■■■■■■■■■■■■■■■■■■■■■■■■■■■■■■■■■■■■■■■■■■■■■        |  90% of 109.5 MiB
2026-10-10T07:57:45.7246527Z |■■■■■■■■■■■■■■■■■■■■■■■■■■■■■■■■■■■■■■■■■■■■■■■■■■■■■■■■■■■■■■■■■■■■■■■■■■■■■■■■| 100% of 109.5 MiB
2026-10-10T07:57:47.1890157Z Firefox 155.0 (playwright firefox v1543) downloaded to /home/runner/.cache/ms-playwright/firefox-1543
2026-10-10T07:57:47.2892592Z ##[group]Run npm run verify
2026-10-10T07:57:47.2892785Z [36;1mnpm run verify[0m
2026-10-10T07:57:47.2947667Z shell: /usr/bin/bash -e {0}
2026-10-10T07:57:47.2947820Z ##[endgroup]
2026-10-10T07:57:47.3692873Z 
2026-10-10T07:57:47.3693406Z > botsales-frontend@0.1.0 verify
2026-10-10T07:57:47.3694184Z > npm run generate:check && npm run test:source && npm run boundaries && npm run lint && npm run typecheck && npm run test:domain && npm test && npm run build && npm run test:layout && npm run test:visual-tokens && npm run test:ui-composition && npm run test:evidence
2026-10-10T07:57:47.3694665Z 
2026-10-10T07:57:47.4335508Z 
2026-10-10T07:57:47.4336183Z > botsales-frontend@0.1.0 generate:check
2026-10-10T07:57:47.4336630Z > node scripts/generate.mjs --check
2026-10-10T07:57:47.4336872Z 
2026-10-10T07:57:47.5537507Z {"status":"PASS","outputs":15,"schemas":346,"operations":245,"routes":61}
2026-10-10T07:57:47.6347050Z 
2026-10-10T07:57:47.6347898Z > botsales-frontend@0.1.0 test:source
2026-10-10T07:57:47.6348482Z > node scripts/check-source.mjs && node --test tests/source-checker.test.mjs
2026-10-10T07:57:47.6348790Z 
2026-10-10T07:57:48.0020086Z {
2026-10-10T07:57:48.0020408Z   "checkedAt": "2026-10-10T07:57:47.996Z",
2026-10-10T07:57:48.0020880Z   "scope": "Syntax, operation identifiers, route-source mapping, permissions and token adoption. NOT React typecheck, build or browser test.",
2026-10-10T07:57:48.0021230Z   "compiler": "5.9.2",
2026-10-10T07:57:48.0021399Z   "compilerSource": "project dependency",
2026-10-10T07:57:48.0021563Z   "files": 85,
2026-10-10T07:57:48.0021691Z   "operationCalls": 262,
2026-10-10T07:57:48.0021830Z   "routes": 61,
2026-10-10T07:57:48.0021946Z   "issues": [],
2026-10-10T07:57:48.0022067Z   "status": "PASS"
2026-10-10T07:57:48.0022690Z }
2026-10-10T07:57:48.3729526Z ✔ module path classification accepts Windows and POSIX spellings, but excludes app files (0.855098ms)
2026-10-10T07:57:48.3730748Z ✔ the source-checker CLI rejects a prohibited color literal in a module (146.877849ms)
2026-10-10T07:57:48.3731740Z ✔ the source-checker CLI accepts a token-based module and leaves app-level colors outside the rule (141.159964ms)
2026-10-10T07:57:48.3804244Z ℹ tests 3
2026-10-10T07:57:48.3804469Z ℹ suites 0
2026-10-10T07:57:48.3804662Z ℹ pass 3
2026-10-10T07:57:48.3804851Z ℹ fail 0
2026-10-10T07:57:48.3804983Z ℹ cancelled 0
2026-10-10T07:57:48.3805145Z ℹ skipped 0
2026-10-10T07:57:48.3805272Z ℹ todo 0
2026-10-10T07:57:48.3805427Z ℹ duration_ms 337.556553
2026-10-10T07:57:48.4522241Z 
2026-10-10T07:57:48.4522966Z > botsales-frontend@0.1.0 boundaries
2026-10-10T07:57:48.4523320Z > node scripts/check-boundaries.mjs
2026-10-10T07:57:48.4523431Z 
2026-10-10T07:57:50.2857661Z {
2026-10-10T07:57:50.2857997Z   "checkedAt": "2026-10-10T07:57:50.284Z",
2026-10-10T07:57:50.2858649Z   "scope": "AST imports resolve aliases/relative paths, module boundaries and cycles; parser diagnostics are errors",
2026-10-10T07:57:50.2859114Z   "files": 85,
2026-10-10T07:57:50.2859321Z   "imports": 722,
2026-10-10T07:57:50.2860014Z   "negativeFixtures": "Boundary fixtures: PASS 10/10 scenarios (allowed shared/public imports, alias, relative, app deep import, type-only, dynamic, unresolved, cycle, parser error).",
2026-10-10T07:57:50.2860678Z   "status": "PASS",
2026-10-10T07:57:50.2860871Z   "issues": []
2026-10-10T07:57:50.2861048Z }
2026-10-10T07:57:50.3720581Z 
2026-10-10T07:57:50.3721301Z > botsales-frontend@0.1.0 lint
2026-10-10T07:57:50.3721597Z > eslint apps/web/src --max-warnings 0
2026-10-10T07:57:50.3721722Z 
2026-10-10T07:57:52.8987523Z 
2026-10-10T07:57:52.8988186Z > botsales-frontend@0.1.0 typecheck
2026-10-10T07:57:52.8988626Z > tsc -p apps/web/tsconfig.json --noEmit
2026-10-10T07:57:52.8988823Z 
2026-10-10T07:57:57.9192040Z 
2026-10-10T07:57:57.9192846Z > botsales-frontend@0.1.0 test:domain
2026-10-10T07:57:57.9193315Z > node scripts/test-domain.mjs
2026-10-10T07:57:57.9193488Z 
2026-10-10T07:58:03.4341573Z {"status":"PASS","simulatorChecks":86,"networkChecks":31,"networkHandlers":245,"passed":117,"operations":100,"node":"v24.21.0","typescript":"5.9.2"}
2026-10-10T07:58:03.5543629Z 
2026-10-10T07:58:03.5544152Z > botsales-frontend@0.1.0 test
2026-10-10T07:58:03.5544448Z > vitest run --config apps/web/vitest.config.ts
2026-10-10T07:58:03.5544586Z 
2026-10-10T07:58:03.7503422Z 
2026-10-10T07:58:03.7514377Z [1m[30m[46m RUN [49m[39m[22m [36mv5.0.3 [39m[90m/home/runner/work/Bot-AI-Ban-hang-FB/Bot-AI-Ban-hang-FB/BotSalesAI_Frontend[39m
2026-10-10T07:58:03.7514877Z 
2026-10-10T07:58:05.4884377Z  [32m✓[39m apps/web/tests/api-client.test.tsx [2m([22m[2m25 tests[22m[2m)[22m[33m 883[2mms[22m[39m
2026-10-10T07:58:05.4885177Z    [32m✓[39m typed HTTP boundary [2m(25)[22m
2026-10-10T07:58:05.4886048Z      [33m[2m✓[22m[39m waits for command completion after HTTP 202 before resolving useCommand[33m 418[2mms[22m[39m
2026-10-10T07:58:05.4903778Z      [33m[2m✓[22m[39m keeps an accepted command unresolved when command status polling fails[33m 407[2mms[22m[39m
2026-10-10T07:58:06.2954634Z  [32m✓[39m apps/web/tests/purchase-delegation.test.ts [2m([22m[2m7 tests[22m[2m)[22m[32m 109[2mms[22m[39m
2026-10-10T07:58:06.7967461Z [90mstderr[2m | apps/web/tests/shared-ui-render-contract.test.tsx[2m > [22m[2mS10 shared component rendered-slot contract[2m > [22m[2mEditDialog guards custom actions and the Escape close path for dirty and busy states
2026-10-10T07:58:06.7973774Z [22m[39mAn update to ForwardRef(FormControl) inside a test was not wrapped in act(...).
2026-10-10T07:58:06.7992079Z 
2026-10-10T07:58:06.7993118Z When testing, code that causes React state updates should be wrapped into act(...):
2026-10-10T07:58:06.7993732Z 
2026-10-10T07:58:06.7993972Z act(() => {
2026-10-10T07:58:06.7994438Z   /* fire events that update state */
2026-10-10T07:58:06.7995266Z });
2026-10-10T07:58:06.7995618Z /* assert on the output */
2026-10-10T07:58:06.7995903Z 
2026-10-10T07:58:06.7996607Z This ensures that you're testing the behavior the user would see in the browser. Learn more at https://react.dev/link/wrap-tests-with-act
2026-10-10T07:58:06.8034687Z An update to ForwardRef(FormControl) inside a test was not wrapped in act(...).
2026-10-10T07:58:06.8063037Z 
2026-10-10T07:58:06.8067500Z When testing, code that causes React state updates should be wrapped into act(...):
2026-10-10T07:58:06.8070446Z 
2026-10-10T07:58:06.8070903Z act(() => {
2026-10-10T07:58:06.8071305Z   /* fire events that update state */
2026-10-10T07:58:06.8071780Z });
2026-10-10T07:58:06.8072122Z /* assert on the output */
2026-10-10T07:58:06.8072657Z 
2026-10-10T07:58:06.8073295Z This ensures that you're testing the behavior the user would see in the browser. Learn more at https://react.dev/link/wrap-tests-with-act
2026-10-10T07:58:06.8074003Z 
2026-10-10T07:58:06.8075301Z [90mstderr[2m | apps/web/tests/shared-ui-render-contract.test.tsx[2m > [22m[2mS10 shared component rendered-slot contract[2m > [22m[2mEditDialog guards custom actions and the Escape close path for dirty and busy states
2026-10-10T07:58:06.8076991Z [22m[39mA component suspended inside an `act` scope, but the `act` call was not awaited. When testing React components that depend on asynchronous data, you must await the result:
2026-10-10T07:58:06.8077685Z 
2026-10-10T07:58:06.8077935Z await act(() => ...)
2026-10-10T07:58:06.8078300Z 
2026-10-10T07:58:06.9866929Z  [32m✓[39m apps/web/tests/privacy-consent.test.ts [2m([22m[2m6 tests[22m[2m)[22m[32m 62[2mms[22m[39m
2026-10-10T07:58:07.3085192Z [90mstderr[2m | apps/web/tests/shared-ui-render-contract.test.tsx[2m > [22m[2mS10 shared component rendered-slot contract[2m > [22m[2mEditDialog guards custom actions and the backdrop close path for dirty and busy states
2026-10-10T07:58:07.3116003Z [22m[39mAn update to ForwardRef(FormControl) inside a test was not wrapped in act(...).
2026-10-10T07:58:07.3116655Z 
2026-10-10T07:58:07.3117358Z When testing, code that causes React state updates should be wrapped into act(...):
2026-10-10T07:58:07.3117794Z 
2026-10-10T07:58:07.3118534Z act(() => {
2026-10-10T07:58:07.3118951Z   /* fire events that update state */
2026-10-10T07:58:07.3119344Z });
2026-10-10T07:58:07.3119692Z /* assert on the output */
2026-10-10T07:58:07.3119969Z 
2026-10-10T07:58:07.3120620Z This ensures that you're testing the behavior the user would see in the browser. Learn more at https://react.dev/link/wrap-tests-with-act
2026-10-10T07:58:07.3122120Z An update to ForwardRef(FormControl) inside a test was not wrapped in act(...).
2026-10-10T07:58:07.3133015Z 
2026-10-10T07:58:07.3133628Z When testing, code that causes React state updates should be wrapped into act(...):
2026-10-10T07:58:07.3134085Z 
2026-10-10T07:58:07.3134311Z act(() => {
2026-10-10T07:58:07.3134680Z   /* fire events that update state */
2026-10-10T07:58:07.3135077Z });
2026-10-10T07:58:07.3135415Z /* assert on the output */
2026-10-10T07:58:07.3135685Z 
2026-10-10T07:58:07.3136331Z This ensures that you're testing the behavior the user would see in the browser. Learn more at https://react.dev/link/wrap-tests-with-act
2026-10-10T07:58:07.3136981Z 
2026-10-10T07:58:07.8695393Z  [32m✓[39m apps/web/tests/command-lifetime.test.tsx [2m([22m[2m11 tests[22m[2m)[22m[32m 122[2mms[22m[39m
2026-10-10T07:58:08.6888714Z  [32m✓[39m apps/web/tests/media-inbox.test.ts [2m([22m[2m6 tests[22m[2m)[22m[32m 88[2mms[22m[39m
2026-10-10T07:58:09.4589913Z  [32m✓[39m apps/web/tests/shared-ui-render-contract.test.tsx [2m([22m[2m54 tests[22m[2m)[22m[33m 4571[2mms[22m[39m
2026-10-10T07:58:09.4592118Z    [32m✓[39m S10 shared component rendered-slot contract [2m(30)[22m
2026-10-10T07:58:09.4593386Z      [33m[2m✓[22m[39m DraftConflict requires a two-sided choice, excludes hidden data, and applies only to the draft[33m 429[2mms[22m[39m
2026-10-10T07:58:09.4597266Z      [33m[2m✓[22m[39m EditDialog guards custom actions and the footer close path for dirty and busy states[33m 413[2mms[22m[39m
2026-10-10T07:58:09.4598328Z      [33m[2m✓[22m[39m EditDialog guards custom actions and the icon close path for dirty and busy states[33m 400[2mms[22m[39m
2026-10-10T07:58:09.4599313Z      [33m[2m✓[22m[39m EditDialog guards custom actions and the Escape close path for dirty and busy states[33m 523[2mms[22m[39m
2026-10-10T07:58:09.4600350Z      [33m[2m✓[22m[39m EditDialog guards custom actions and the backdrop close path for dirty and busy states[33m 429[2mms[22m[39m
2026-10-10T07:58:09.4602623Z      [33m[2m✓[22m[39m ConfirmDialog validates the reason and keeps a rejected action visible[33m 940[2mms[22m[39m
2026-10-10T07:58:10.6102660Z  [32m✓[39m apps/web/tests/scope-events.test.tsx [2m([22m[2m18 tests[22m[2m)[22m[32m 46[2mms[22m[39m
2026-10-10T07:58:11.0558860Z  [32m✓[39m apps/web/tests/versioned-draft.test.tsx [2m([22m[2m7 tests[22m[2m)[22m[32m 30[2mms[22m[39m
2026-10-10T07:58:11.1375449Z  [32m✓[39m apps/web/tests/states/fe023-state.test.tsx [2m([22m[2m12 tests[22m[2m)[22m[33m 1302[2mms[22m[39m
2026-10-10T07:58:11.1415734Z    [32m✓[39m FE023 shared state and form behavior [2m(12)[22m
2026-10-10T07:58:11.1425308Z      [33m[2m✓[22m[39m asks before closing a dialog with a dirty field and keeps the field until discard is chosen[33m 962[2mms[22m[39m
2026-10-10T07:58:11.5414425Z  [32m✓[39m apps/web/tests/fe021-source-map.test.ts [2m([22m[2m3 tests[22m[2m)[22m[32m 6[2mms[22m[39m
2026-10-10T07:58:11.7042005Z  [32m✓[39m apps/web/tests/marketing-report.test.ts [2m([22m[2m11 tests[22m[2m)[22m[32m 36[2mms[22m[39m
2026-10-10T07:58:12.2332758Z  [32m✓[39m apps/web/tests/timezone.test.ts [2m([22m[2m10 tests[22m[2m)[22m[32m 27[2mms[22m[39m
2026-10-10T07:58:12.8256651Z [BABEL] Note: The code generator has deoptimised the styling of /tmp/botsales-vite-cache/2fbc71299afedf720605/direct-vite/3753/deps/react-dom_client.js?v=d615bbb4 as it exceeds the max of 500KB.
2026-10-10T07:58:12.8273641Z  [32m✓[39m apps/web/tests/components.test.tsx [2m([22m[2m25 tests[22m[2m)[22m[33m 7938[2mms[22m[39m
2026-10-10T07:58:12.8277455Z    [32m✓[39m Accessible shared presentation [2m(19)[22m
2026-10-10T07:58:12.8293917Z      [33m[2m✓[22m[39m reflows the real mock application from 320px to 1440px and passes browser axe[33m 6663[2mms[22m[39m
2026-10-10T07:58:13.0184790Z  [32m✓[39m apps/web/tests/confirmation.test.tsx [2m([22m[2m4 tests[22m[2m)[22m[33m 501[2mms[22m[39m
2026-10-10T07:58:13.4054104Z  [32m✓[39m apps/web/tests/format.test.ts [2m([22m[2m12 tests[22m[2m)[22m[32m 31[2mms[22m[39m
2026-10-10T07:58:13.5386877Z  [32m✓[39m apps/web/tests/report-utils.test.ts [2m([22m[2m6 tests[22m[2m)[22m[32m 24[2mms[22m[39m
2026-10-10T07:58:13.5464532Z  [32m✓[39m apps/web/tests/composition.test.tsx [2m([22m[2m3 tests[22m[2m)[22m[32m 298[2mms[22m[39m
2026-10-10T07:58:13.9125836Z  [32m✓[39m apps/web/tests/domain-labels.test.ts [2m([22m[2m3 tests[22m[2m)[22m[32m 10[2mms[22m[39m
2026-10-10T07:58:14.0091080Z  [32m✓[39m apps/web/tests/push-capabilities.test.ts [2m([22m[2m2 tests[22m[2m)[22m[32m 4[2mms[22m[39m
2026-10-10T07:58:14.0092660Z  [32m✓[39m apps/web/tests/catalog-import-file.test.ts [2m([22m[2m5 tests[22m[2m)[22m[32m 4[2mms[22m[39m
2026-10-10T07:58:14.4907864Z  [32m✓[39m apps/web/tests/list-return.test.ts [2m([22m[2m3 tests[22m[2m)[22m[32m 3[2mms[22m[39m
2026-10-10T07:58:14.4917749Z  [32m✓[39m apps/web/tests/route-metadata.test.ts [2m([22m[2m2 tests[22m[2m)[22m[32m 35[2mms[22m[39m
2026-10-10T07:58:14.7748776Z  [32m✓[39m apps/web/tests/dashboard-labels.test.ts [2m([22m[2m3 tests[22m[2m)[22m[32m 3[2mms[22m[39m
2026-10-10T07:58:14.7836913Z 
2026-10-10T07:58:14.7839121Z [2m Test Files [22m [1m[32m23 passed[39m[22m[90m (23)[39m
2026-10-10T07:58:14.7839640Z [2m      Tests [22m [1m[32m238 passed[39m[22m[90m (238)[39m
2026-10-10T07:58:14.7840477Z [2m   Start at [22m 07:58:03
2026-10-10T07:58:14.7841031Z [2m   Duration [22m 11.02s[2m (tests 54%, environment 23%, import 15%, setup 4%, transform 4%)[22m
2026-10-10T07:58:14.7841440Z 
2026-10-10T07:58:14.7842084Z [2m    Isolate [22m [33m23 workers spawned[39m[2m · ~402ms startup each (spawn + environment, per file)[22m
2026-10-10T07:58:14.7843252Z [2m            [22m [2mat least ~2.68s faster with [22m[33misolate: false[39m[2m — reuses workers across files instead of one per file[22m
2026-10-10T07:58:14.7843633Z 
2026-10-10T07:58:14.8949049Z 
2026-10-10T07:58:14.8949633Z > botsales-frontend@0.1.0 build
2026-10-10T07:58:14.8950094Z > npm run generate:check && npm run typecheck && npm run build --workspace @botsales/web
2026-10-10T07:58:14.8950330Z 
2026-10-10T07:58:14.9676301Z 
2026-10-10T07:58:14.9677021Z > botsales-frontend@0.1.0 generate:check
2026-10-10T07:58:14.9677407Z > node scripts/generate.mjs --check
2026-10-10T07:58:14.9677584Z 
2026-10-10T07:58:15.1035898Z {"status":"PASS","outputs":15,"schemas":346,"operations":245,"routes":61}
2026-10-10T07:58:15.1867079Z 
2026-10-10T07:58:15.1867716Z > botsales-frontend@0.1.0 typecheck
2026-10-10T07:58:15.1868035Z > tsc -p apps/web/tsconfig.json --noEmit
2026-10-10T07:58:15.1868162Z 
2026-10-10T07:58:20.3413561Z 
2026-10-10T07:58:20.3414223Z > @botsales/web@0.1.0 build
2026-10-10T07:58:20.3414636Z > vite build --mode production
2026-10-10T07:58:20.3414845Z 
2026-10-10T07:58:20.4869321Z [36mvite v7.3.6 [32mbuilding client environment for production...[36m[39m
2026-10-10T07:58:20.5427341Z transforming...
2026-10-10T07:58:24.5615644Z [32m✓[39m 2077 modules transformed.
2026-10-10T07:58:24.9993771Z rendering chunks...
2026-10-10T07:58:25.1647516Z computing gzip size...
2026-10-10T07:58:25.1828793Z [2mdist/[22m[32mindex.html                            [39m[1m[2m  1.23 kB[22m[1m[22m[2m │ gzip:   0.61 kB[22m
2026-10-10T07:58:25.1829774Z [2mdist/[22m[2massets/[22m[35mindex-BQPx7lJM.css             [39m[1m[2m  3.56 kB[22m[1m[22m[2m │ gzip:   1.33 kB[22m
2026-10-10T07:58:25.1831325Z [2mdist/[22m[2massets/[22m[36mdownload-8lJFmiSZ.js           [39m[1m[2m  0.23 kB[22m[1m[22m[2m │ gzip:   0.17 kB[22m
2026-10-10T07:58:25.1832265Z [2mdist/[22m[2massets/[22m[36mfilters-CM07jGKE.js            [39m[1m[2m  0.32 kB[22m[1m[22m[2m │ gzip:   0.25 kB[22m
2026-10-10T07:58:25.1833231Z [2mdist/[22m[2massets/[22m[36mhooks-L2nh8X7I.js              [39m[1m[2m  4.59 kB[22m[1m[22m[2m │ gzip:   2.15 kB[22m
2026-10-10T07:58:25.1834066Z [2mdist/[22m[2massets/[22m[36mdraft-conflict-CQUoJQ4o.js     [39m[1m[2m  5.37 kB[22m[1m[22m[2m │ gzip:   2.49 kB[22m
2026-10-10T07:58:25.1834892Z [2mdist/[22m[2massets/[22m[36mindex-mquMxiPF.js              [39m[1m[2m  8.25 kB[22m[1m[22m[2m │ gzip:   3.27 kB[22m
2026-10-10T07:58:25.1835676Z [2mdist/[22m[2massets/[22m[36mindex-CiWOs-TV.js              [39m[1m[2m  9.42 kB[22m[1m[22m[2m │ gzip:   3.73 kB[22m
2026-10-10T07:58:25.1836461Z [2mdist/[22m[2massets/[22m[36mindex-DQGrQuEv.js              [39m[1m[2m 13.14 kB[22m[1m[22m[2m │ gzip:   5.19 kB[22m
2026-10-10T07:58:25.1837238Z [2mdist/[22m[2massets/[22m[36mindex-OVGPogNo.js              [39m[1m[2m 15.39 kB[22m[1m[22m[2m │ gzip:   5.90 kB[22m
2026-10-10T07:58:25.1838043Z [2mdist/[22m[2massets/[22m[36mindex-Bd9mcE3C.js              [39m[1m[2m 16.98 kB[22m[1m[22m[2m │ gzip:   5.58 kB[22m
2026-10-10T07:58:25.1838859Z [2mdist/[22m[2massets/[22m[36mindex-Bg61UgeK.js              [39m[1m[2m 16.99 kB[22m[1m[22m[2m │ gzip:   5.81 kB[22m
2026-10-10T07:58:25.1839617Z [2mdist/[22m[2massets/[22m[36mindex-PCRh2M1X.js              [39m[1m[2m 18.85 kB[22m[1m[22m[2m │ gzip:   6.33 kB[22m
2026-10-10T07:58:25.1840368Z [2mdist/[22m[2massets/[22m[36mindex-BUtDDvPf.js              [39m[1m[2m 19.08 kB[22m[1m[22m[2m │ gzip:   7.02 kB[22m
2026-10-10T07:58:25.1841459Z [2mdist/[22m[2massets/[22m[36mindex-CvmCKMdV.js              [39m[1m[2m 20.90 kB[22m[1m[22m[2m │ gzip:   6.92 kB[22m
2026-10-10T07:58:25.1842223Z [2mdist/[22m[2massets/[22m[36mindex-Dzt3sNfY.js              [39m[1m[2m 21.23 kB[22m[1m[22m[2m │ gzip:   7.65 kB[22m
2026-10-10T07:58:25.1843230Z [2mdist/[22m[2massets/[22m[36mindex-RfTtRmBG.js              [39m[1m[2m 24.80 kB[22m[1m[22m[2m │ gzip:   8.25 kB[22m
2026-10-10T07:58:25.1844026Z [2mdist/[22m[2massets/[22m[36mindex-DWs4xu4k.js              [39m[1m[2m 25.06 kB[22m[1m[22m[2m │ gzip:   8.46 kB[22m
2026-10-10T07:58:25.1844821Z [2mdist/[22m[2massets/[22m[36mindex-BSXDucyP.js              [39m[1m[2m 30.93 kB[22m[1m[22m[2m │ gzip:   9.93 kB[22m
2026-10-10T07:58:25.1845630Z [2mdist/[22m[2massets/[22m[36mindex-DattA6PL.js              [39m[1m[2m 32.48 kB[22m[1m[22m[2m │ gzip:  10.82 kB[22m
2026-10-10T07:58:25.1846444Z [2mdist/[22m[2massets/[22m[36mquery-Df7VyXaF.js              [39m[1m[2m 33.15 kB[22m[1m[22m[2m │ gzip:   9.92 kB[22m
2026-10-10T07:58:25.1847252Z [2mdist/[22m[2massets/[22m[36mindex-WDyY7fx-.js              [39m[1m[2m 42.03 kB[22m[1m[22m[2m │ gzip:  11.49 kB[22m
2026-10-10T07:58:25.1848061Z [2mdist/[22m[2massets/[22m[36mi18n-D4N_7Z3Q.js               [39m[1m[2m 46.14 kB[22m[1m[22m[2m │ gzip:  15.12 kB[22m
2026-10-10T07:58:25.1848875Z [2mdist/[22m[2massets/[22m[36mindex-BeRebE9w.js              [39m[1m[2m 64.28 kB[22m[1m[22m[2m │ gzip:  17.67 kB[22m
2026-10-10T07:58:25.1849715Z [2mdist/[22m[2massets/[22m[36mschemas-CoWCwirf.js            [39m[1m[2m 85.75 kB[22m[1m[22m[2m │ gzip:  25.72 kB[22m
2026-10-10T07:58:25.1850611Z [2mdist/[22m[2massets/[22m[36mindex-DgXyZ4_1.js              [39m[1m[2m100.89 kB[22m[1m[22m[2m │ gzip:  32.02 kB[22m
2026-10-10T07:58:25.1851485Z [2mdist/[22m[2massets/[22m[36mschema-validation-B78jEm7B.js  [39m[1m[2m149.80 kB[22m[1m[22m[2m │ gzip:  45.12 kB[22m
2026-10-10T07:58:25.1884511Z [2mdist/[22m[2massets/[22m[36mreact-runtime-gLMyUIL2.js      [39m[1m[2m279.79 kB[22m[1m[22m[2m │ gzip:  90.28 kB[22m
2026-10-10T07:58:25.1885861Z [2mdist/[22m[2massets/[22m[36mcharts-BwhaRlrs.js             [39m[1m[2m320.23 kB[22m[1m[22m[2m │ gzip:  96.79 kB[22m
2026-10-10T07:58:25.1886664Z [2mdist/[22m[2massets/[22m[36mmui-CJj7QyVx.js                [39m[1m[2m328.77 kB[22m[1m[22m[2m │ gzip: 100.20 kB[22m
2026-10-10T07:58:25.1887473Z [2mdist/[22m[2massets/[22m[36mcontract-data-BRT-TOMX.js      [39m[1m[2m368.62 kB[22m[1m[22m[2m │ gzip:  42.83 kB[22m
2026-10-10T07:58:25.1888047Z [32m✓ built in 4.68s[39m
2026-10-10T07:58:25.3559107Z 
2026-10-10T07:58:25.3559695Z > botsales-frontend@0.1.0 test:layout
2026-10-10T07:58:25.3560170Z > node --test tests/layout-checker.test.mjs tests/ui-layout-binding-gates.test.mjs && node scripts/check-layout.mjs
2026-10-10T07:58:25.3560434Z 
2026-10-10T07:58:58.5489921Z ✔ CSS label gap accepts the canonical direct pixel constructor and its exact owner/property (1654.991264ms)
2026-10-10T07:58:58.5490819Z ✔ CSS label gap cannot be used as an unrelated spacing property (1577.697384ms)
2026-10-10T07:58:58.5491421Z ✔ CSS label gap rejects a raw pixel constructor argument (1562.987834ms)
2026-10-10T07:58:58.5491971Z ✔ CSS label gap cannot impersonate a role from another owner (1524.129309ms)
2026-10-10T07:58:58.5494998Z ✔ accepts semantic bridge roles, the closed token-derived factor map, geometry, and reset values (1461.018732ms)
2026-10-10T07:58:58.5495698Z ✔ rejects a CSS spacing role without a declared shared owner (1516.056664ms)
2026-10-10T07:58:58.5496493Z ✔ rejects scale-conforming and off-scale literals in sx, responsive leaves, named and namespace MUI System props (1450.374992ms)
2026-10-10T07:58:58.5497374Z ✔ follows local aliases and style callbacks; rejects theme spacing helpers and preset overrides (1455.879342ms)
2026-10-10T07:58:58.5506421Z ✔ scans nested slotProps but does not confuse event handlers or geometric dimensions with spacing (1528.365991ms)
2026-10-10T07:58:58.5557451Z ✔ keeps Panel geometry inspectable and rejects spacing hidden in its geometry prop (4489.559134ms)
2026-10-10T07:58:58.5558269Z ✔ accepts only an exact CSS exception and reports stale or mismatched exception scope (4513.088325ms)
2026-10-10T07:58:58.5559050Z ✔ rejects malformed TypeScript, malformed CSS, bad exception schema, and raw values in the bridge (5956.420778ms)
2026-10-10T07:58:58.5559812Z ✔ rejects canonical pixel tokens used as MUI factors and an altered bridge factor table (2909.132309ms)
2026-10-10T07:58:58.5560342Z ✔ report mode inventories migration debt without turning findings into PASS (1523.837524ms)
2026-10-10T08:00:29.5104928Z ✔ canonical writes through casts and aliases fail outside style expressions (1656.107306ms)
2026-10-10T08:00:29.5107227Z ✔ Object.assign cannot mutate canonical data but can copy to a fresh object (3192.94859ms)
2026-10-10T08:00:29.5107872Z ✔ layout gate rejects raw spacing on const alias of MUI component (1527.963719ms)
2026-10-10T08:00:29.5108469Z ✔ canonical mutation gate follows global mutator aliases and reflection (1523.127784ms)
2026-10-10T08:00:29.5109088Z ✔ local mutator names do not acquire global mutation identity (1571.581833ms)
2026-10-10T08:00:29.5109679Z ✔ destructured mutators and call/apply retain canonical mutation checks (1548.079375ms)
2026-10-10T08:00:29.5110368Z ✔ global mutator call/apply can copy canonical values into fresh objects (1566.379789ms)
2026-10-10T08:00:29.5111286Z ✔ mutable aliases with possible canonical destinations fail closed (1541.203219ms)
2026-10-10T08:00:29.5114035Z ✔ opaque apply arguments fail closed while unrelated mutable data stays valid (3082.580989ms)
2026-10-10T08:00:29.5119684Z ✔ canonical references inside containers and destructured aliases cannot be mutated (1548.430183ms)
2026-10-10T08:00:29.5120335Z ✔ independent shallow copies of scalar canonical fields remain mutable (1537.420807ms)
2026-10-10T08:00:29.5120934Z ✔ array references and nested destructuring preserve canonical write provenance (1541.814167ms)
2026-10-10T08:00:29.5130692Z ✔ array destinations distinguish independent elements from canonical references (1525.095786ms)
2026-10-10T08:00:29.5144125Z ✔ array destructuring, dynamic indices and spread cannot hide canonical references (1707.513989ms)
2026-10-10T08:00:29.5145913Z ✔ dynamic indices and destructuring of independent arrays stay mutable (1496.491378ms)
2026-10-10T08:00:29.5146636Z ✔ function parameters cannot hide canonical mutation across source files (1473.995936ms)
2026-10-10T08:00:29.5147335Z ✔ read-only helpers and mutations of unrelated arguments remain valid (1599.0554ms)
2026-10-10T08:00:29.5148040Z ✔ returned canonical references remain protected across helper boundaries (1609.56592ms)
2026-10-10T08:00:29.5148805Z ✔ helper returns of fresh scalar copies do not retain canonical destination identity (1523.551219ms)
2026-10-10T08:00:29.5149507Z ✔ destructured object parameters cannot mutate canonical arguments (1199.282796ms)
2026-10-10T08:00:29.5150192Z ✔ destructured object parameters retain independent argument mutability (1115.922378ms)
2026-10-10T08:00:29.5150944Z ✔ default parameter and binding initializers cannot hide canonical mutations (1211.115572ms)
2026-10-10T08:00:29.5151619Z ✔ fresh default parameter and binding copies remain mutable (1138.708171ms)
2026-10-10T08:00:29.5152248Z ✔ rest parameters retain canonical argument write provenance (1185.205606ms)
2026-10-10T08:00:29.5153292Z ✔ rest parameters distinguish independent positions from canonical siblings (1137.871211ms)
2026-10-10T08:00:29.5153988Z ✔ finite spread arguments preserve shifted positional and rest destinations (1165.828429ms)
2026-10-10T08:00:29.5154648Z ✔ finite spread expansion keeps independent argument positions mutable (1173.64794ms)
2026-10-10T08:00:29.5155268Z ✔ opaque spreads keep positional mutation destinations unknown (1155.58295ms)
2026-10-10T08:00:29.5155898Z ✔ opaque spreads into read-only helpers do not invent mutation findings (1125.29054ms)
2026-10-10T08:00:29.5156897Z ✔ array parameter patterns retain canonical positions including nested object arrays (1155.032521ms)
2026-10-10T08:00:29.5157587Z ✔ array parameter patterns retain independent bound element mutability (1148.282815ms)
2026-10-10T08:00:29.5158212Z ✔ layout gate rejects parameter shadow of canonical layout name (1186.303911ms)
2026-10-10T08:00:29.5158773Z ✔ layout gate follows genuine renamed styled factory (1106.947518ms)
2026-10-10T08:00:29.5159403Z ✔ layout gate accepts canonical namespace, element access and barrel alias (1116.551589ms)
2026-10-10T08:00:29.5160049Z ✔ layout gate does not mistake local component named Stack for MUI (1136.763424ms)
2026-10-10T08:00:29.5160690Z ✔ layout gate inspects renamed installed Emotion css tag (1156.395638ms)
2026-10-10T08:00:29.5161301Z ✔ layout gate preserves genuine aliased Controller field forwarding (1241.578119ms)
2026-10-10T08:00:29.5161935Z ✔ a same-named local Controller cannot exempt an unknown prop spread (1148.708591ms)
2026-10-10T08:00:29.5162551Z ✔ genuine useForm registration survives property and destructured aliases (1162.765377ms)
2026-10-10T08:00:29.5163193Z ✔ a function named register cannot exempt injected style props (1162.441884ms)
2026-10-10T08:00:29.5163830Z ✔ a bridge callback parameter cannot impersonate its private factor binding (1166.112026ms)
2026-10-10T08:00:29.5164620Z ✔ opaque namespace component selection remains a strict binding failure (1165.23542ms)
2026-10-10T08:00:29.5165177Z ✔ opaque namespace factory cannot hide style arguments (1193.468552ms)
2026-10-10T08:00:29.5165700Z ✔ MUI re-export cannot hide raw spacing behind a first-party barrel (1166.126421ms)
2026-10-10T08:00:29.5187227Z ✔ destructuring assignments cannot hide canonical write targets (1133.993191ms)
2026-10-10T08:00:29.5187889Z ✔ destructuring assignments can update independent copied destinations (1129.075253ms)
2026-10-10T08:00:29.5188384Z ✔ object rest retains nested canonical references while copying the outer object (1139.165661ms)
2026-10-10T08:00:29.5188831Z ✔ rest scalar copies and replacement of container references stay mutable (1165.051598ms)
2026-10-10T08:00:29.5189515Z ✔ shallow object spread preserves canonical child references and last-writer order (1138.539933ms)
2026-10-10T08:00:29.5189919Z ✔ shallow spread with a later independent override stays mutable (1147.267026ms)
2026-10-10T08:00:29.5190306Z ✔ exported mutable aliases retain assignments from their declaring file (1126.438296ms)
2026-10-10T08:00:29.5190709Z ✔ exported independent mutable data does not acquire canonical provenance (1096.351059ms)
2026-10-10T08:00:29.5191122Z ✔ literal computed keys retain canonical container and parameter provenance (1158.759218ms)
2026-10-10T08:00:29.5191519Z ✔ literal computed keys do not taint independent selected properties (1145.087684ms)
2026-10-10T08:00:29.5191920Z ✔ Object.assign shallow copies retain canonical nested reference provenance (1124.146335ms)
2026-10-10T08:00:29.5192503Z ✔ Object.assign later independent overrides and scalar copies stay mutable (1123.270564ms)
2026-10-10T08:00:29.5192940Z ✔ union and dynamic property selections retain possible canonical destinations (1104.325219ms)
2026-10-10T08:00:29.5193375Z ✔ finite union property selections exclude canonical siblings not in the key set (1135.701698ms)
2026-10-10T08:00:29.5193802Z ✔ union selection over Object.assign output retains canonical child provenance (1164.010074ms)
2026-10-10T08:00:29.5194207Z ✔ union selection over independent Object.assign output remains mutable (1179.546138ms)
2026-10-10T08:00:29.5194626Z ✔ Reflect.set call/apply checks the target argument rather than the assigned value (3379.922678ms)
2026-10-10T08:00:29.5195022Z ✔ aliased React createElement checks MUI and native style objects (1129.081503ms)
2026-10-10T08:00:29.5195409Z ✔ GlobalStyles.styles is checked and local createElement names stay local (2260.929626ms)
2026-10-10T08:00:29.5197482Z ✔ React JSX runtime factories cannot bypass MUI or native style checks (1143.458818ms)
2026-10-10T08:00:29.5214054Z ✔ React cloneElement checks the cloned MUI element and preserves native props (4538.127648ms)
2026-10-10T08:00:29.5214743Z ✔ Emotion css props and object factories are inspected with native CSS semantics (3474.868085ms)
2026-10-10T08:00:29.5215265Z ✔ Inline style elements in JSX, React factories, DOM and the HTML entry fail closed (9100.583727ms)
2026-10-10T08:00:29.5215776Z ✔ DOM CSSOM spacing writes use semantic roles and reject opaque style strings (2293.77783ms)
2026-10-10T08:00:29.5216303Z ✔ HTML parsing and runtime stylesheet mutation cannot bypass the imported CSS boundary (2388.616156ms)
2026-10-10T08:00:29.5216861Z ✔ spacing shorthand values and responsive breakpoints preserve token and unit provenance (12000.787822ms)
2026-10-10T08:00:29.5217364Z ✔ function return producers cannot hide canonical children behind spreads (1213.918027ms)
2026-10-10T08:00:29.5217820Z ✔ producer spreads keep later independent child overrides writable (1150.600296ms)
2026-10-10T08:00:29.5293909Z ℹ tests 86
2026-10-10T08:00:29.5294166Z ℹ suites 0
2026-10-10T08:00:29.5297508Z ℹ pass 86
2026-10-10T08:00:29.5297913Z ℹ fail 0
2026-10-10T08:00:29.5298052Z ℹ cancelled 0
2026-10-10T08:00:29.5298196Z ℹ skipped 0
2026-10-10T08:00:29.5298341Z ℹ todo 0
2026-10-10T08:00:29.5298490Z ℹ duration_ms 124146.934161
2026-10-10T08:00:34.9859668Z layout-check PASS: 93 source files, 0 finding(s), 1 exception(s) used
2026-10-10T08:00:35.1394237Z 
2026-10-10T08:00:35.1394901Z > botsales-frontend@0.1.0 test:visual-tokens
2026-10-10T08:00:35.1395517Z > node --test tests/visual-token-checker.test.mjs && node scripts/check-visual-tokens.mjs
2026-10-10T08:00:35.1395863Z 
2026-10-10T08:00:37.8182262Z ✔ visual checker accepts canonical theme roles, token references, geometry and semantic responsive props (683.69897ms)
2026-10-10T08:00:37.8183637Z ✔ visual checker rejects raw literals across sx, JSX system props and CSS declarations (419.66037ms)
2026-10-10T08:00:37.8184305Z ✔ visual checker follows local style aliases and callback themes, but fails raw nested values (415.775701ms)
2026-10-10T08:00:37.8185109Z ✔ visual checker reports unresolved spreads and malformed style sources as UNKNOWN or parse errors (382.613496ms)
2026-10-10T08:00:37.8186227Z ✔ visual checker includes newly added TSX files under the source root (410.198744ms)
2026-10-10T08:00:37.8828289Z ℹ tests 5
2026-10-10T08:00:37.8828574Z ℹ suites 0
2026-10-10T08:00:37.8828781Z ℹ pass 5
2026-10-10T08:00:37.8829145Z ℹ fail 0
2026-10-10T08:00:37.8829380Z ℹ cancelled 0
2026-10-10T08:00:37.8829642Z ℹ skipped 0
2026-10-10T08:00:37.8829866Z ℹ todo 0
2026-10-10T08:00:37.8830121Z ℹ duration_ms 2720.75009
2026-10-10T08:00:41.8436915Z visual-token-check PASS: 92 source files, 0 finding(s)
2026-10-10T08:00:41.9713360Z 
2026-10-10T08:00:41.9713988Z > botsales-frontend@0.1.0 test:ui-composition
2026-10-10T08:00:41.9714622Z > node --test tests/ui-composition-checker.test.mjs tests/ui-composition-ancestry.test.mjs tests/ui-shared-api-contract.test.mjs && node scripts/check-ui-composition.mjs
2026-10-10T08:00:41.9715029Z 
2026-10-10T08:00:54.5752125Z ✔ P10/P15 catch alias and neutral-wrapper duplicate insets through fragments and conditionals (1092.832424ms)
2026-10-10T08:00:54.5754221Z ✔ P20 resolves shared composition identities through a barrel and const component aliases (641.024409ms)
2026-10-10T08:00:54.5754990Z ✔ P11/P13 catch static element access roles on every MUI surface, including Paper (527.404869ms)
2026-10-10T08:00:54.5755697Z ✔ P12 checks React createElement and JSX-runtime element factories (540.418081ms)
2026-10-10T08:00:54.5756453Z ✔ P14 resolves bodyMode literal aliases and fails closed when ownership is unknown (1748.731993ms)
2026-10-10T08:00:54.5758940Z ✔ checks Panel ancestry when React elements are created natively (522.018688ms)
2026-10-10T08:00:54.5759583Z ✔ keeps independent nested surfaces and portaled dialogs as separate owners (1034.891578ms)
2026-10-10T08:00:54.5760054Z ✔ accepts finite bodyMode branches and every mode in the public component contracts (1374.120001ms)
2026-10-10T08:00:54.5761148Z ✔ stops inherited gap ownership at Panels and independent bordered surfaces (777.491007ms)
2026-10-10T08:00:54.5761880Z ✔ tracks gaps through fragments, conditions and ready QueryState, but not inside DOM wrappers (374.293788ms)
2026-10-10T08:00:54.5762759Z ✔ applies the same finite modes and wrapper boundaries to native React factories (758.898583ms)
2026-10-10T08:00:54.5763425Z ✔ recognizes native outlined Paper and nested Box surface inset boundaries (768.689145ms)
2026-10-10T08:00:54.5764093Z ✔ fails closed when an unresolved custom wrapper obscures a semantic gap owner (375.371281ms)
2026-10-10T08:00:54.5764726Z ✔ rejects unsupported placement and rhythm values while accepting finite aliases and branches (721.714087ms)
2026-10-10T08:00:54.5765152Z ✔ rejects unsupported finite values through React element factories (771.352478ms)
2026-10-10T08:00:54.6741864Z ✔ accepts semantic composition, closed geometry and business-specific MUI primitives (8.603914ms)
2026-10-10T08:00:54.6743003Z ✔ rejects rebuilding each shared spacing owner at a consumer (6.190551ms)
2026-10-10T08:00:54.6743800Z ✔ follows aliases, local style variables, object spreads and namespace imports (1.879139ms)
2026-10-10T08:00:54.6744506Z ✔ rejects direct and spread spacing overrides on semantic components (2.858604ms)
2026-10-10T08:00:54.6745048Z ✔ rejects spacing or opaque spreads hidden in geometry (0.795567ms)
2026-10-10T08:00:54.6745660Z ✔ allows the canonical owner implementation and fails closed on malformed source (1.648793ms)
2026-10-10T08:00:54.6746291Z ✔ rejects duplicated parent boundary and duplicated Panel inset (1.059746ms)
2026-10-10T08:00:54.6746892Z ✔ checks default MUI imports and fails closed for opaque geometry (1.066566ms)
2026-10-10T08:00:54.6747594Z ✔ distinguishes content grids from flex flows when reporting the shared owner (0.656999ms)
2026-10-10T08:00:54.6748323Z ✔ rejects page spacing for paired fields and peer Panels without a section gap owner (3.695083ms)
2026-10-10T08:00:54.6749111Z ✔ related sibling gaps belong to ActionGroup comfortable density, not consumer Stack styles (1.027933ms)
2026-10-10T08:00:54.6750347Z ✔ density profiles are finite and new spacing paths retain the shared owner (3.100101ms)
2026-10-10T08:00:54.6751077Z ✔ Amount consumers declare wrapping outside DataTable columns and keep table money unbroken (138.115779ms)
2026-10-10T08:00:54.6751804Z ✔ the shared catalog covers every public React component and supporting Column type (85.788462ms)
2026-10-10T08:00:54.6752693Z ✔ SPC-067 covers discovered public Shared APIs without a fixed export count (1.081809ms)
2026-10-10T08:00:54.6753284Z ✔ every public React API has a direct rendered contract test (1.888383ms)
2026-10-10T08:00:54.6753910Z ✔ catalog declaration lines and stated JSX counts match resolved source symbols (246.251199ms)
2026-10-10T08:00:54.6754743Z ✔ every shared React export has a resolved production consumer or an explicit zero-use lifecycle decision (111.616198ms)
2026-10-10T08:00:54.6755606Z ✔ required UI evidence and regression gates remain wired to root verify and the active parent workflow (0.7367ms)
2026-10-10T08:00:54.6756326Z ✔ composition prop allowlists match the TypeScript owners exactly (0.348064ms)
2026-10-10T08:00:54.6756973Z ✔ QueryState uses only the approved inline and section pending profiles (0.486352ms)
2026-10-10T08:00:54.6757831Z ✔ QueryState consumers reserve section loading for primary content and keep every other state inline by default (89.976957ms)
2026-10-10T08:00:54.6758606Z ✔ body modes, placement roles and geometry keys match the TypeScript contracts (2.407045ms)
2026-10-10T08:00:54.6759264Z ✔ Panel geometry and DataTable columns remain closed public contracts (7.545493ms)
2026-10-10T08:00:54.6759972Z ✔ shared component and composition props expose no arbitrary layout/style escape hatch (0.4514ms)
2026-10-10T08:00:54.6760730Z ✔ layout role types, runtime values, consumers and ownership documentation stay closed (5005.998769ms)
2026-10-10T08:00:54.6761169Z ℹ tests 41
2026-10-10T08:00:54.6761626Z ℹ suites 0
2026-10-10T08:00:54.6761806Z ℹ pass 41
2026-10-10T08:00:54.6761986Z ℹ fail 0
2026-10-10T08:00:54.6762166Z ℹ cancelled 0
2026-10-10T08:00:54.6763416Z ℹ skipped 0
2026-10-10T08:00:54.6763614Z ℹ todo 0
2026-10-10T08:00:54.6763828Z ℹ duration_ms 12677.388778
2026-10-10T08:01:53.1518163Z ui-composition PASS: 91 source files, 0 finding(s)
2026-10-10T08:01:53.1518473Z 
2026-10-10T08:01:53.3051701Z 
2026-10-10T08:01:53.3052262Z > botsales-frontend@0.1.0 test:evidence
2026-10-10T08:01:53.3053430Z > node --test tests/ui-evidence-validator.test.mjs && node scripts/validate-ui-evidence.mjs evidence/frontend-ui-improvements/ui-governance-rollout-20261007/S17-current-evidence.json
2026-10-10T08:01:53.3053892Z 
2026-10-10T08:01:53.3788035Z ✔ accepts current fingerprints, honest open coverage, and explained N/A (2.614067ms)
2026-10-10T08:01:53.3789025Z ✔ rejects a stale source fingerprint (1.472087ms)
2026-10-10T08:01:53.3789557Z ✔ rejects a stale command log (0.688016ms)
2026-10-10T08:01:53.3790582Z ✔ rejects missing, absolute, and escaping source paths (0.595266ms)
2026-10-10T08:01:53.3791303Z ✔ rejects unrun, missing, duplicate, and nonzero command results marked PASS (0.700645ms)
2026-10-10T08:01:53.3792718Z ✔ rejects PASS when expected and observed results differ (0.585171ms)
2026-10-10T08:01:53.3793653Z ✔ rejects inconsistent coverage and N/A without a reason (3.656496ms)
2026-10-10T08:01:53.3794414Z ✔ rejects a baseline falsely dated after implementation started and detects changed baseline artifacts (0.782188ms)
2026-10-10T08:01:53.3795098Z ✔ COMPLETE cannot contain open coverage or failed commands (0.761908ms)
2026-10-10T08:01:53.3795776Z ✔ S19 must explicitly reconcile files, APIs, routes, rendered routes, slots, and states (0.784962ms)
2026-10-10T08:01:53.3796550Z ✔ rejects malformed top-level evidence instead of treating missing fields as success (0.426032ms)
2026-10-10T08:01:53.3863436Z ℹ tests 11
2026-10-10T08:01:53.3863659Z ℹ suites 0
2026-10-10T08:01:53.3863850Z ℹ pass 11
2026-10-10T08:01:53.3864074Z ℹ fail 0
2026-10-10T08:01:53.3864270Z ℹ cancelled 0
2026-10-10T08:01:53.3864474Z ℹ skipped 0
2026-10-10T08:01:53.3864662Z ℹ todo 0
2026-10-10T08:01:53.3864880Z ℹ duration_ms 58.211477
2026-10-10T08:01:53.4337280Z ui-evidence PASS: S17; 3 command/log record(s), 3 coverage row(s), 275 current fingerprint(s); status=COMPLETE
2026-10-10T08:01:53.4526978Z ##[group]Run npm run test:e2e -- --project=firefox --reporter=line
2026-10-10T08:01:53.4527271Z [36;1mnpm run test:e2e -- --project=firefox --reporter=line[0m
2026-10-10T08:01:53.4580748Z shell: /usr/bin/bash -e {0}
2026-10-10T08:01:53.4580904Z ##[endgroup]
2026-10-10T08:01:53.5293967Z 
2026-10-10T08:01:53.5294581Z > botsales-frontend@0.1.0 test:e2e
2026-10-10T08:01:53.5295127Z > node scripts/run-e2e.mjs --project=firefox --reporter=line
2026-10-10T08:01:53.5295386Z 
2026-10-10T08:01:53.5509865Z 
2026-10-10T08:01:53.5510569Z > npm run setup
2026-10-10T08:01:53.6118567Z 
2026-10-10T08:01:53.6119203Z > botsales-frontend@0.1.0 setup
2026-10-10T08:01:53.6119613Z > node scripts/setup.mjs
2026-10-10T08:01:53.6119765Z 
2026-10-10T08:01:53.7560110Z {"status":"PASS","outputs":15,"schemas":346,"operations":245,"routes":61}
2026-10-10T08:01:53.8218409Z Copying the worker script at "/home/runner/work/Bot-AI-Ban-hang-FB/Bot-AI-Ban-hang-FB/BotSalesAI_Frontend/apps/web/public"...
2026-10-10T08:01:53.8246306Z 
2026-10-10T08:01:53.8257398Z [32mWorker script successfully copied![39m
2026-10-10T08:01:53.8257771Z [90m  - public
2026-10-10T08:01:53.8257933Z [39m
2026-10-10T08:01:53.8258156Z Continue by describing the network in your application:
2026-10-10T08:01:53.8258308Z 
2026-10-10T08:01:53.8258313Z 
2026-10-10T08:01:53.8258495Z [31m[1mhttps://mswjs.io/docs/quick-start[22m[39m
2026-10-10T08:01:53.8258633Z 
2026-10-10T08:01:53.8302254Z Thiết lập xong. npm run dev chạy frontend mô phỏng; không kết nối khách hàng hoặc provider thật.
2026-10-10T08:01:53.8397852Z 
2026-10-10T08:01:53.8398152Z > npm run build
2026-10-10T08:01:53.9049784Z 
2026-10-10T08:01:53.9050587Z > botsales-frontend@0.1.0 build
2026-10-10T08:01:53.9051155Z > npm run generate:check && npm run typecheck && npm run build --workspace @botsales/web
2026-10-10T08:01:53.9051458Z 
2026-10-10T08:01:53.9688638Z 
2026-10-10T08:01:53.9689491Z > botsales-frontend@0.1.0 generate:check
2026-10-10T08:01:53.9689885Z > node scripts/generate.mjs --check
2026-10-10T08:01:53.9690009Z 
2026-10-10T08:01:54.0860325Z {"status":"PASS","outputs":15,"schemas":346,"operations":245,"routes":61}
2026-10-10T08:01:54.1635768Z 
2026-10-10T08:01:54.1636022Z > botsales-frontend@0.1.0 typecheck
2026-10-10T08:01:54.1636290Z > tsc -p apps/web/tsconfig.json --noEmit
2026-10-10T08:01:54.1636411Z 
2026-10-10T08:01:59.0598926Z 
2026-10-10T08:01:59.0599486Z > @botsales/web@0.1.0 build
2026-10-10T08:01:59.0599850Z > vite build --mode production
2026-10-10T08:01:59.0599954Z 
2026-10-10T08:01:59.1735529Z [36mvite v7.3.6 [32mbuilding client environment for production...[36m[39m
2026-10-10T08:01:59.2161725Z transforming...
2026-10-10T08:02:03.1656875Z [32m✓[39m 2077 modules transformed.
2026-10-10T08:02:03.5923625Z rendering chunks...
2026-10-10T08:02:03.7343233Z computing gzip size...
2026-10-10T08:02:03.7505361Z [2mdist/[22m[32mindex.html                            [39m[1m[2m  1.23 kB[22m[1m[22m[2m │ gzip:   0.61 kB[22m
2026-10-10T08:02:03.7506326Z [2mdist/[22m[2massets/[22m[35mindex-BQPx7lJM.css             [39m[1m[2m  3.56 kB[22m[1m[22m[2m │ gzip:   1.33 kB[22m
2026-10-10T08:02:03.7507243Z [2mdist/[22m[2massets/[22m[36mdownload-8lJFmiSZ.js           [39m[1m[2m  0.23 kB[22m[1m[22m[2m │ gzip:   0.17 kB[22m
2026-10-10T08:02:03.7507992Z [2mdist/[22m[2massets/[22m[36mfilters-CM07jGKE.js            [39m[1m[2m  0.32 kB[22m[1m[22m[2m │ gzip:   0.25 kB[22m
2026-10-10T08:02:03.7508763Z [2mdist/[22m[2massets/[22m[36mhooks-L2nh8X7I.js              [39m[1m[2m  4.59 kB[22m[1m[22m[2m │ gzip:   2.15 kB[22m
2026-10-10T08:02:03.7509559Z [2mdist/[22m[2massets/[22m[36mdraft-conflict-CQUoJQ4o.js     [39m[1m[2m  5.37 kB[22m[1m[22m[2m │ gzip:   2.49 kB[22m
2026-10-10T08:02:03.7510453Z [2mdist/[22m[2massets/[22m[36mindex-mquMxiPF.js              [39m[1m[2m  8.25 kB[22m[1m[22m[2m │ gzip:   3.27 kB[22m
2026-10-10T08:02:03.7511788Z [2mdist/[22m[2massets/[22m[36mindex-CiWOs-TV.js              [39m[1m[2m  9.42 kB[22m[1m[22m[2m │ gzip:   3.73 kB[22m
2026-10-10T08:02:03.7512750Z [2mdist/[22m[2massets/[22m[36mindex-DQGrQuEv.js              [39m[1m[2m 13.14 kB[22m[1m[22m[2m │ gzip:   5.19 kB[22m
2026-10-10T08:02:03.7513558Z [2mdist/[22m[2massets/[22m[36mindex-OVGPogNo.js              [39m[1m[2m 15.39 kB[22m[1m[22m[2m │ gzip:   5.90 kB[22m
2026-10-10T08:02:03.7514369Z [2mdist/[22m[2massets/[22m[36mindex-Bd9mcE3C.js              [39m[1m[2m 16.98 kB[22m[1m[22m[2m │ gzip:   5.58 kB[22m
2026-10-10T08:02:03.7515180Z [2mdist/[22m[2massets/[22m[36mindex-Bg61UgeK.js              [39m[1m[2m 16.99 kB[22m[1m[22m[2m │ gzip:   5.81 kB[22m
2026-10-10T08:02:03.7515958Z [2mdist/[22m[2massets/[22m[36mindex-PCRh2M1X.js              [39m[1m[2m 18.85 kB[22m[1m[22m[2m │ gzip:   6.33 kB[22m
2026-10-10T08:02:03.7516468Z [2mdist/[22m[2massets/[22m[36mindex-BUtDDvPf.js              [39m[1m[2m 19.08 kB[22m[1m[22m[2m │ gzip:   7.02 kB[22m
2026-10-10T08:02:03.7516987Z [2mdist/[22m[2massets/[22m[36mindex-CvmCKMdV.js              [39m[1m[2m 20.90 kB[22m[1m[22m[2m │ gzip:   6.92 kB[22m
2026-10-10T08:02:03.7517549Z [2mdist/[22m[2massets/[22m[36mindex-Dzt3sNfY.js              [39m[1m[2m 21.23 kB[22m[1m[22m[2m │ gzip:   7.65 kB[22m
2026-10-10T08:02:03.7518057Z [2mdist/[22m[2massets/[22m[36mindex-RfTtRmBG.js              [39m[1m[2m 24.80 kB[22m[1m[22m[2m │ gzip:   8.25 kB[22m
2026-10-10T08:02:03.7518571Z [2mdist/[22m[2massets/[22m[36mindex-DWs4xu4k.js              [39m[1m[2m 25.06 kB[22m[1m[22m[2m │ gzip:   8.46 kB[22m
2026-10-10T08:02:03.7519075Z [2mdist/[22m[2massets/[22m[36mindex-BSXDucyP.js              [39m[1m[2m 30.93 kB[22m[1m[22m[2m │ gzip:   9.93 kB[22m
2026-10-10T08:02:03.7519590Z [2mdist/[22m[2massets/[22m[36mindex-DattA6PL.js              [39m[1m[2m 32.48 kB[22m[1m[22m[2m │ gzip:  10.82 kB[22m
2026-10-10T08:02:03.7520124Z [2mdist/[22m[2massets/[22m[36mquery-Df7VyXaF.js              [39m[1m[2m 33.15 kB[22m[1m[22m[2m │ gzip:   9.92 kB[22m
2026-10-10T08:02:03.7520637Z [2mdist/[22m[2massets/[22m[36mindex-WDyY7fx-.js              [39m[1m[2m 42.03 kB[22m[1m[22m[2m │ gzip:  11.49 kB[22m
2026-10-10T08:02:03.7521150Z [2mdist/[22m[2massets/[22m[36mi18n-D4N_7Z3Q.js               [39m[1m[2m 46.14 kB[22m[1m[22m[2m │ gzip:  15.12 kB[22m
2026-10-10T08:02:03.7521652Z [2mdist/[22m[2massets/[22m[36mindex-BeRebE9w.js              [39m[1m[2m 64.28 kB[22m[1m[22m[2m │ gzip:  17.67 kB[22m
2026-10-10T08:02:03.7522197Z [2mdist/[22m[2massets/[22m[36mschemas-CoWCwirf.js            [39m[1m[2m 85.75 kB[22m[1m[22m[2m │ gzip:  25.72 kB[22m
2026-10-10T08:02:03.7522872Z [2mdist/[22m[2massets/[22m[36mindex-DgXyZ4_1.js              [39m[1m[2m100.89 kB[22m[1m[22m[2m │ gzip:  32.02 kB[22m
2026-10-10T08:02:03.7523429Z [2mdist/[22m[2massets/[22m[36mschema-validation-B78jEm7B.js  [39m[1m[2m149.80 kB[22m[1m[22m[2m │ gzip:  45.12 kB[22m
2026-10-10T08:02:03.7524158Z [2mdist/[22m[2massets/[22m[36mreact-runtime-gLMyUIL2.js      [39m[1m[2m279.79 kB[22m[1m[22m[2m │ gzip:  90.28 kB[22m
2026-10-10T08:02:03.7524686Z [2mdist/[22m[2massets/[22m[36mcharts-BwhaRlrs.js             [39m[1m[2m320.23 kB[22m[1m[22m[2m │ gzip:  96.79 kB[22m
2026-10-10T08:02:03.7525196Z [2mdist/[22m[2massets/[22m[36mmui-CJj7QyVx.js                [39m[1m[2m328.77 kB[22m[1m[22m[2m │ gzip: 100.20 kB[22m
2026-10-10T08:02:03.7525723Z [2mdist/[22m[2massets/[22m[36mcontract-data-BRT-TOMX.js      [39m[1m[2m368.62 kB[22m[1m[22m[2m │ gzip:  42.83 kB[22m
2026-10-10T08:02:03.7526090Z [32m✓ built in 4.57s[39m
2026-10-10T08:02:03.8460397Z 
2026-10-10T08:02:03.8460775Z > npm run build:demo
2026-10-10T08:02:03.9105568Z 
2026-10-10T08:02:03.9106173Z > botsales-frontend@0.1.0 build:demo
2026-10-10T08:02:03.9106829Z > npm run generate:check && npm run typecheck && npm run build:demo --workspace @botsales/web
2026-10-10T08:02:03.9107169Z 
2026-10-10T08:02:03.9817574Z 
2026-10-10T08:02:03.9818241Z > botsales-frontend@0.1.0 generate:check
2026-10-10T08:02:03.9818672Z > node scripts/generate.mjs --check
2026-10-10T08:02:03.9818856Z 
2026-10-10T08:02:04.0967378Z {"status":"PASS","outputs":15,"schemas":346,"operations":245,"routes":61}
2026-10-10T08:02:04.1749773Z 
2026-10-10T08:02:04.1750445Z > botsales-frontend@0.1.0 typecheck
2026-10-10T08:02:04.1750888Z > tsc -p apps/web/tsconfig.json --noEmit
2026-10-10T08:02:04.1751084Z 
2026-10-10T08:02:09.2363398Z 
2026-10-10T08:02:09.2364124Z > @botsales/web@0.1.0 build:demo
2026-10-10T08:02:09.2364577Z > vite build --mode demo --outDir dist-demo
2026-10-10T08:02:09.2365211Z 
2026-10-10T08:02:09.3584132Z [36mvite v7.3.6 [32mbuilding client environment for demo...[36m[39m
2026-10-10T08:02:09.4006909Z transforming...
2026-10-10T08:02:13.8239519Z [32m✓[39m 2293 modules transformed.
2026-10-10T08:02:14.2704395Z rendering chunks...
2026-10-10T08:02:14.4553771Z computing gzip size...
2026-10-10T08:02:14.4740713Z [2mdist-demo/[22m[32mindex.html                            [39m[1m[2m  1.23 kB[22m[1m[22m[2m │ gzip:   0.61 kB[22m
2026-10-10T08:02:14.4741651Z [2mdist-demo/[22m[2massets/[22m[35mindex-BQPx7lJM.css             [39m[1m[2m  3.56 kB[22m[1m[22m[2m │ gzip:   1.33 kB[22m
2026-10-10T08:02:14.4742198Z [2mdist-demo/[22m[2massets/[22m[36mdownload-CWiaXb8A.js           [39m[1m[2m  0.24 kB[22m[1m[22m[2m │ gzip:   0.17 kB[22m
2026-10-10T08:02:14.4743084Z [2mdist-demo/[22m[2massets/[22m[36mfilters-CirfTR7_.js            [39m[1m[2m  0.32 kB[22m[1m[22m[2m │ gzip:   0.25 kB[22m
2026-10-10T08:02:14.4743632Z [2mdist-demo/[22m[2massets/[22m[36mcontrol-Criu5A-7.js            [39m[1m[2m  1.73 kB[22m[1m[22m[2m │ gzip:   0.94 kB[22m
2026-10-10T08:02:14.4744170Z [2mdist-demo/[22m[2massets/[22m[36mhooks-BeC01d3Y.js              [39m[1m[2m  4.59 kB[22m[1m[22m[2m │ gzip:   2.15 kB[22m
2026-10-10T08:02:14.4744857Z [2mdist-demo/[22m[2massets/[22m[36mdraft-conflict-tNpI-HAo.js     [39m[1m[2m  5.37 kB[22m[1m[22m[2m │ gzip:   2.49 kB[22m
2026-10-10T08:02:14.4745388Z [2mdist-demo/[22m[2massets/[22m[36mindex-SkfVeie4.js              [39m[1m[2m  8.79 kB[22m[1m[22m[2m │ gzip:   3.47 kB[22m
2026-10-10T08:02:14.4745899Z [2mdist-demo/[22m[2massets/[22m[36mindex-DH5AOH0G.js              [39m[1m[2m  9.42 kB[22m[1m[22m[2m │ gzip:   3.73 kB[22m
2026-10-10T08:02:14.4746412Z [2mdist-demo/[22m[2massets/[22m[36mindex-B3gGpiMi.js              [39m[1m[2m 13.14 kB[22m[1m[22m[2m │ gzip:   5.18 kB[22m
2026-10-10T08:02:14.4747196Z [2mdist-demo/[22m[2massets/[22m[36mindex-D3UNZ1L-.js              [39m[1m[2m 15.09 kB[22m[1m[22m[2m │ gzip:   5.71 kB[22m
2026-10-10T08:02:14.4747790Z [2mdist-demo/[22m[2massets/[22m[36mindex-BWSxRwQH.js              [39m[1m[2m 17.14 kB[22m[1m[22m[2m │ gzip:   5.61 kB[22m
2026-10-10T08:02:14.4748305Z [2mdist-demo/[22m[2massets/[22m[36mindex-BGP_Ad-y.js              [39m[1m[2m 18.85 kB[22m[1m[22m[2m │ gzip:   6.33 kB[22m
2026-10-10T08:02:14.4748815Z [2mdist-demo/[22m[2massets/[22m[36mindex-01nb5nQj.js              [39m[1m[2m 19.18 kB[22m[1m[22m[2m │ gzip:   6.54 kB[22m
2026-10-10T08:02:14.4749326Z [2mdist-demo/[22m[2massets/[22m[36mindex-DgCh8QFc.js              [39m[1m[2m 19.28 kB[22m[1m[22m[2m │ gzip:   7.08 kB[22m
2026-10-10T08:02:14.4749837Z [2mdist-demo/[22m[2massets/[22m[36mindex-Cco5VbEE.js              [39m[1m[2m 20.90 kB[22m[1m[22m[2m │ gzip:   6.92 kB[22m
2026-10-10T08:02:14.4750350Z [2mdist-demo/[22m[2massets/[22m[36mindex-hYjqNRGb.js              [39m[1m[2m 24.80 kB[22m[1m[22m[2m │ gzip:   8.24 kB[22m
2026-10-10T08:02:14.4750866Z [2mdist-demo/[22m[2massets/[22m[36mindex-BDJDBZpL.js              [39m[1m[2m 25.47 kB[22m[1m[22m[2m │ gzip:   8.62 kB[22m
2026-10-10T08:02:14.4751601Z [2mdist-demo/[22m[2massets/[22m[36mindex-DQbFFBlT.js              [39m[1m[2m 28.10 kB[22m[1m[22m[2m │ gzip:   9.80 kB[22m
2026-10-10T08:02:14.4752164Z [2mdist-demo/[22m[2massets/[22m[36mindex-DX4hKm3W.js              [39m[1m[2m 30.93 kB[22m[1m[22m[2m │ gzip:   9.93 kB[22m
2026-10-10T08:02:14.4752859Z [2mdist-demo/[22m[2massets/[22m[36mindex-f6PQjW3Q.js              [39m[1m[2m 32.93 kB[22m[1m[22m[2m │ gzip:  10.94 kB[22m
2026-10-10T08:02:14.4753371Z [2mdist-demo/[22m[2massets/[22m[36mquery-Df7VyXaF.js              [39m[1m[2m 33.15 kB[22m[1m[22m[2m │ gzip:   9.92 kB[22m
2026-10-10T08:02:14.4753880Z [2mdist-demo/[22m[2massets/[22m[36mindex-D6MJeQeX.js              [39m[1m[2m 42.03 kB[22m[1m[22m[2m │ gzip:  11.49 kB[22m
2026-10-10T08:02:14.4754538Z [2mdist-demo/[22m[2massets/[22m[36mi18n-D4N_7Z3Q.js               [39m[1m[2m 46.14 kB[22m[1m[22m[2m │ gzip:  15.12 kB[22m
2026-10-10T08:02:14.4755052Z [2mdist-demo/[22m[2massets/[22m[36mindex-BoOL50Pn.js              [39m[1m[2m 65.49 kB[22m[1m[22m[2m │ gzip:  18.10 kB[22m
2026-10-10T08:02:14.4755575Z [2mdist-demo/[22m[2massets/[22m[36mschemas-CoWCwirf.js            [39m[1m[2m 85.75 kB[22m[1m[22m[2m │ gzip:  25.72 kB[22m
2026-10-10T08:02:14.4756125Z [2mdist-demo/[22m[2massets/[22m[36mindex-C6ptp12n.js              [39m[1m[2m105.42 kB[22m[1m[22m[2m │ gzip:  33.42 kB[22m
2026-10-10T08:02:14.4756665Z [2mdist-demo/[22m[2massets/[22m[36mschema-validation-B78jEm7B.js  [39m[1m[2m149.80 kB[22m[1m[22m[2m │ gzip:  45.12 kB[22m
2026-10-10T08:02:14.4757201Z [2mdist-demo/[22m[2massets/[22m[36mservice-DOnisuXi.js            [39m[1m[2m233.46 kB[22m[1m[22m[2m │ gzip:  54.15 kB[22m
2026-10-10T08:02:14.4757720Z [2mdist-demo/[22m[2massets/[22m[36mbrowser-CQeKKnYr.js            [39m[1m[2m255.64 kB[22m[1m[22m[2m │ gzip:  87.02 kB[22m
2026-10-10T08:02:14.4758255Z [2mdist-demo/[22m[2massets/[22m[36mreact-runtime-gLMyUIL2.js      [39m[1m[2m279.79 kB[22m[1m[22m[2m │ gzip:  90.28 kB[22m
2026-10-10T08:02:14.4758787Z [2mdist-demo/[22m[2massets/[22m[36mcharts-uDdGNk6t.js             [39m[1m[2m320.23 kB[22m[1m[22m[2m │ gzip:  96.79 kB[22m
2026-10-10T08:02:14.4759325Z [2mdist-demo/[22m[2massets/[22m[36mmui-CUCPJGs1.js                [39m[1m[2m328.77 kB[22m[1m[22m[2m │ gzip: 100.20 kB[22m
2026-10-10T08:02:14.4759848Z [2mdist-demo/[22m[2massets/[22m[36mcontract-data-CJyvN5AM.js      [39m[1m[2m375.47 kB[22m[1m[22m[2m │ gzip:  44.43 kB[22m
2026-10-10T08:02:14.4760186Z [32m✓ built in 5.11s[39m
2026-10-10T08:02:14.5704467Z 
2026-10-10T08:02:14.5705250Z > node node_modules/@playwright/test/cli.js test --project=firefox --reporter=line
2026-10-10T08:02:16.7333005Z 
2026-10-10T08:02:16.7333627Z Running 406 tests using 1 worker
2026-10-10T08:02:16.7333919Z 
2026-10-10T08:02:17.2263807Z [1/406] [firefox] › tests/accessibility/routes.spec.ts:17:1 › all canonical routes pass whole-page WCAG 2.1 A/AA axe checks in the React demo
2026-10-10T08:04:15.4395092Z [2/406] [firefox] › tests/accessibility/routes.spec.ts:84:1 › contained action buttons do not animate between contrasting enabled and disabled color pairs
2026-10-10T08:04:18.1388095Z [3/406] [firefox] › tests/artifacts/demo-preview.spec.ts:40:1 › the built demo artifact serves the React UI and synthetic API through preview
2026-10-10T08:04:19.2186033Z [firefox] › tests/artifacts/demo-preview.spec.ts:40:1 › the built demo artifact serves the React UI and synthetic API through preview
2026-10-10T08:04:19.2198352Z [artifact-preview] {"scope":"FRONTEND_WITH_SYNTHETIC_MOCK_API","artifact":"apps/web/dist-demo","browserMetrics":{"browser":"Mozilla/5.0 (Windows NT 10.0; Win64; x64; rv:155.0) Gecko/20100101 Firefox/155.0","viewport":{"width":1280,"height":720},"route":"/s/shop-demo/overview","domContentLoadedMs":132,"loadEventMs":133,"scriptCount":11,"scriptTransferBytes":482369,"scriptAssets":[{"file":"query-Df7VyXaF.js","transferBytes":10222,"decodedBytes":33154,"durationMs":16},{"file":"index-C6ptp12n.js","transferBytes":33723,"decodedBytes":105422,"durationMs":17},{"file":"mui-CUCPJGs1.js","transferBytes":100504,"decodedBytes":328773,"durationMs":32},{"file":"react-runtime-gLMyUIL2.js","transferBytes":90583,"decodedBytes":279787,"durationMs":31},{"file":"contract-data-CJyvN5AM.js","transferBytes":44731,"decodedBytes":375469,"durationMs":31},{"file":"schema-validation-B78jEm7B.js","transferBytes":45420,"decodedBytes":149800,"durationMs":29},{"file":"i18n-D4N_7Z3Q.js","transferBytes":15416,"decodedBytes":46142,"durationMs":29},{"file":"service-DOnisuXi.js","transferBytes":54454,"decodedBytes":233456,"durationMs":22},{"file":"browser-CQeKKnYr.js","transferBytes":87316,"decodedBytes":255636,"durationMs":26},{"file":"index-DH5AOH0G.js","transferBytes":0,"decodedBytes":0,"durationMs":0},{"file":"hooks-BeC01d3Y.js","transferBytes":0,"decodedBytes":0,"durationMs":0}]},"bundles":{"javascriptFiles":32,"totalBytes":2617401,"totalGzipBytes":735870,"initialRouteGzipBytes":485552,"proposedBudgets":{"initialRouteGzipKiB":500,"largestChunkGzipKiB":200,"basis":"Local demo preview limits for the measured Chromium artifact; not a backend or platform SLO."},"largest":[{"file":"apps/web/dist-demo/assets/contract-data-CJyvN5AM.js","bytes":375469,"gzipBytes":44431},{"file":"apps/web/dist-demo/assets/mui-CUCPJGs1.js","bytes":328773,"gzipBytes":100204},{"file":"apps/web/dist-demo/assets/charts-uDdGNk6t.js","bytes":320234,"gzipBytes":96785},{"file":"apps/web/dist-demo/assets/react-runtime-gLMyUIL2.js","bytes":279787,"gzipBytes":90283},{"file":"apps/web/dist-demo/assets/browser-CQeKKnYr.js","bytes":255636,"gzipBytes":87016}]},"observedApi":{"path":"/api/v2/session","status":200,"servedBy":"MSW in the built demo artifact"},"dataSource":"synthetic-msw"}
2026-10-10T08:04:19.2205233Z 
2026-10-10T08:04:19.2333983Z [4/406] [firefox] › tests/artifacts/demo-preview.spec.ts:104:1 › a thousand synthetic customers remain API-paginated in the built demo artifact
2026-10-10T08:04:20.7954238Z [firefox] › tests/artifacts/demo-preview.spec.ts:104:1 › a thousand synthetic customers remain API-paginated in the built demo artifact
2026-10-10T08:04:20.7955360Z [large-dataset-api] {"url":"http://127.0.0.1:44417/api/v2/shops/shop-demo/customers?limit=20","count":20,"page":{"limit":20,"total":1004,"hasMore":true,"nextCursor":"perf-customer-0016"},"firstIds":["c1","c2","c3"]}
2026-10-10T08:04:20.7955755Z 
2026-10-10T08:04:20.8626309Z [large-dataset-preview] {"scope":"FRONTEND_WITH_SYNTHETIC_MOCK_API","artifact":"apps/web/dist-demo","datasetId":"FE025-LARGE-CUSTOMERS-1000-V1","generatedRows":1000,"firstPageIds":["c1","c2","c3","c4","perf-customer-0001","perf-customer-0002","perf-customer-0003","perf-customer-0004","perf-customer-0005","perf-customer-0006","perf-customer-0007","perf-customer-0008","perf-customer-0009","perf-customer-0010","perf-customer-0011","perf-customer-0012","perf-customer-0013","perf-customer-0014","perf-customer-0015","perf-customer-0016"],"api":{"status":200,"pageLimit":20,"total":1004,"hasMore":true,"nextCursor":"perf-customer-0016"},"domRowsIncludingHeader":21,"firstPageReadyMs":289,"browser":"Mozilla/5.0 (Windows NT 10.0; Win64; x64; rv:155.0) Gecko/20100101 Firefox/155.0","viewport":{"width":1280,"height":720},"note":"Synthetic customer identities only; the React screen renders one API page and exposes the next cursor instead of mounting the full collection."}
2026-10-10T08:04:20.8628176Z 
2026-10-10T08:04:20.8758524Z [5/406] [firefox] › tests/artifacts/demo-preview.spec.ts:143:1 › the production artifact contains neither the mock worker asset nor MSW fixtures/runtime
2026-10-10T08:04:20.9105395Z [6/406] [firefox] › tests/fe009.spec.ts:37:1 › workspace onboarding creates a shop with an active membership and returns to its scoped route
2026-10-10T08:04:24.7078744Z [7/406] [firefox] › tests/fe009.spec.ts:59:1 › customer create validates fields, submits through mock HTTP, and preserves edits after a stale version
2026-10-10T08:04:30.3221038Z [8/406] [firefox] › tests/fe009.spec.ts:127:1 › customer detail keeps redacted contact fields read-only and does not overwrite them on save
2026-10-10T08:04:32.3124672Z [9/406] [firefox] › tests/fe009.spec.ts:144:1 › job detail follows an export created in the current synthetic shop and can refetch it
2026-10-10T08:04:34.6958645Z [10/406] [firefox] › tests/fe009.spec.ts:179:1 › FE009.G01 shop setup checklist guides to supported pages and leaves missing contract fields unverified
2026-10-10T08:04:36.2827131Z [11/406] [firefox] › tests/fe009.spec.ts:192:1 › FE009.G05 consent management persists challenges without granting consent before customer action
2026-10-10T08:04:39.7023226Z [12/406] [firefox] › tests/fe009.spec.ts:202:1 › FE009.H06 audit screen distinguishes available fields from missing contract detail
2026-10-10T08:04:41.0034565Z [13/406] [firefox] › tests/fe009.spec.ts:211:1 › FE009.B06 after-sale cases only link orders loaded for the selected customer and customer profile shows their shipment
2026-10-10T08:04:47.7623839Z [14/406] [firefox] › tests/fe009.spec.ts:243:1 › team invitation and membership revoke stay shop-scoped and protect the active owner
2026-10-10T08:04:51.4609279Z [15/406] [firefox] › tests/fe009.spec.ts:279:1 › privacy delete requests remain pending approval with no frontend step-up shortcut
2026-10-10T08:04:55.5860080Z [16/406] [firefox] › tests/fe010.spec.ts:40:1 › product editor validates positive prices, protects image-only drafts, and saves variant payload through mock HTTP
2026-10-10T08:05:02.5021947Z [17/406] [firefox] › tests/fe010.spec.ts:110:1 › product update sends If-Match and keeps edits visible after a 412 conflict
2026-10-10T08:05:05.4784951Z [18/406] [firefox] › tests/fe010.spec.ts:142:1 › warehouse role can read catalog products but cannot edit product fields or price cost data
2026-10-10T08:05:07.6820833Z [19/406] [firefox] › tests/fe010.spec.ts:151:1 › categories create, search, update with a version, and render cursor pagination
2026-10-10T08:05:10.6424157Z [20/406] [firefox] › tests/fe010.spec.ts:180:1 › CSV preview reports row-level errors and commits only valid product rows
2026-10-10T08:05:14.6926905Z [21/406] [firefox] › tests/fe010.spec.ts:252:1 › import validation token is rejected with 412 after catalog changes and the preview remains visible
2026-10-10T08:05:19.9702897Z [22/406] [firefox] › tests/fe010.spec.ts:284:1 › CSV demo row limit is explained and rejects more than 1000 data rows before preview
2026-10-10T08:05:21.5536370Z [23/406] [firefox] › tests/fe010.spec.ts:297:1 › demo upload rejects files over 5 MB before making an upload request
2026-10-10T08:05:23.0237552Z [24/406] [firefox] › tests/fe010.spec.ts:308:1 › product category lookup pages the full collection and preserves the selected category while editing
2026-10-10T08:05:47.2826902Z [firefox] › tests/fe010.spec.ts:308:1 › product category lookup pages the full collection and preserves the selected category while editing
2026-10-10T08:05:47.2827835Z UI005 acceptance: {"categoryTotal":105,"createCategoryId":"cat-2","editCategoryId":"cat-0","categoryRequests":19}
2026-10-10T08:05:47.2828200Z 
2026-10-10T08:05:47.3630827Z [25/406] [firefox] › tests/fe011.spec.ts:37:1 › FE011.AC01 snapshot drives stock totals and the SKU opens its catalog result
2026-10-10T08:05:50.5064793Z [26/406] [firefox] › tests/fe011.spec.ts:56:1 › FE011.AC02 adjustment validates, waits for mock confirmation, and reconciles movement history once
2026-10-10T08:05:56.3283979Z [27/406] [firefox] › tests/fe011.spec.ts:95:1 › FE011.AC03 conflict and insufficient stock preserve the draft and never update optimistically
2026-10-10T08:06:00.8227806Z [28/406] [firefox] › tests/fe011.spec.ts:125:1 › FE011.AC03 forbidden adjustment retains user input and shows no success state
2026-10-10T08:06:03.9114153Z [29/406] [firefox] › tests/fe011.spec.ts:141:1 › FE011.AC03 unknown command blocks duplicate submission until shared recovery reconciles it
2026-10-10T08:06:07.3364515Z [30/406] [firefox] › tests/fe011.spec.ts:159:1 › FE011.AC04 movement contract filters are URL-backed and history exposes actor and permission-gated source
2026-10-10T08:06:09.7624936Z [31/406] [firefox] › tests/fe011.spec.ts:187:1 › FE011.AC05 inventory reflows at mobile widths, passes axe, and restores keyboard focus after adjustment dialog
2026-10-10T08:06:14.1781122Z [32/406] [firefox] › tests/fe011.spec.ts:210:1 › FE011.AC03 unknown shop scope shows no stock from another shop
2026-10-10T08:06:14.9220942Z [33/406] [firefox] › tests/fe012.spec.ts:37:1 › FE012.AC01 searchable customer and product pickers submit contract-shaped draft and reject fractional quantity
2026-10-10T08:06:20.7708636Z [34/406] [firefox] › tests/fe012.spec.ts:95:1 › FE012 canonical customer address choice completes the mock order flow with a versioned snapshot
2026-10-10T08:06:27.2266862Z [35/406] [firefox] › tests/fe012.spec.ts:124:1 › FE012.AC01 editing lines invalidates quote and customer consent; a new quote is required before confirmation
2026-10-10T08:06:33.4291445Z [36/406] [firefox] › tests/fe012.spec.ts:184:1 › FE012.AC03 mock stale-version 412 preserves draft fields and does not show success
2026-10-10T08:06:36.3146799Z [37/406] [firefox] › tests/fe012.spec.ts:201:1 › FE012.AC03 offline state blocks quote mutation while retaining the loaded draft
2026-10-10T08:06:37.5972081Z [38/406] [firefox] › tests/fe012.spec.ts:213:1 › FE012.AC03 unknown confirm outcome blocks duplicate writes until shared command recovery is available
2026-10-10T08:06:41.1907023Z [39/406] [firefox] › tests/fe012.spec.ts:259:1 › FE012.AC03 quote and customer confirmation expiration disable confirmation using API time
2026-10-10T08:06:44.1374587Z [40/406] [firefox] › tests/fe012.spec.ts:279:1 › FE012.AC03 returns reject fractional/over-original quantities locally and preserve data on cumulative mock rejection
2026-10-10T08:06:46.2475364Z [41/406] [firefox] › tests/fe012.spec.ts:303:1 › FE012.AC04 return inspection loads the current case and applies accepted partial quantity to mock stock and refund
2026-10-10T08:06:52.0225925Z [42/406] [firefox] › tests/fe012.spec.ts:356:1 › FE012.AC03 handed-over order routes to returns and exposes no ordinary cancel action
2026-10-10T08:06:53.3494850Z [43/406] [firefox] › tests/fe012.spec.ts:363:1 › FE012.AC05 order drafting remains usable without horizontal page overflow and passes focused axe checks
2026-10-10T08:06:55.9719202Z [44/406] [firefox] › tests/fe013.spec.ts:42:1 › FE013.C04 shipping preview distinguishes missing address, unserviceable zone, and expired mock quote
2026-10-10T08:07:00.0825026Z [45/406] [firefox] › tests/fe013.spec.ts:68:1 › FE013.AC01–AC04 stale claim conflict is visible; pick, pack, dispatch and delivery use current API versions once
2026-10-10T08:07:13.8521044Z [46/406] [firefox] › tests/fe013.spec.ts:212:1 › FE013.AC03 unknown handover cannot be repeated before command reconciliation
2026-10-10T08:07:21.4064811Z [47/406] [firefox] › tests/fe013.spec.ts:259:1 › FE013.AC01 role scope and FE013.AC05 responsive shipment/preparation views remain accessible
2026-10-10T08:07:26.5167208Z [48/406] [firefox] › tests/fe014.spec.ts:27:1 › FE014.AC01 multi-line purchase validates MOQ/pack size and binds approval to the created intent
2026-10-10T08:07:32.1334890Z [49/406] [firefox] › tests/fe014.spec.ts:79:1 › FE027.D02 supplier workspace edits the selected contact through its current version and displays MOQ offers
2026-10-10T08:07:34.7236343Z [50/406] [firefox] › tests/fe014.spec.ts:97:1 › FE014.AC02 approval covers the exact purchase intent; unknown send is blocked from blind retry
2026-10-10T08:07:42.8074647Z [51/406] [firefox] › tests/fe014.spec.ts:156:1 › FE014.S03 auto-send requires an active matching purchase delegation
2026-10-10T08:07:48.4772140Z [52/406] [firefox] › tests/fe014.spec.ts:170:1 › FE014.S04 owner manages a paused purchase delegation only after rechecking the buyer role
2026-10-10T08:07:56.4281030Z [53/406] [firefox] › tests/fe014.spec.ts:217:1 › FE014.S03 manager without procurement.receive cannot open receipt actions
2026-10-10T08:08:00.3234360Z [54/406] [firefox] › tests/fe014.spec.ts:237:1 › FE014.AC03 partial receipt posts only accepted units to synthetic stock and payable once
2026-10-10T08:08:07.0889071Z [55/406] [firefox] › tests/fe014.spec.ts:308:1 › FE014.D03/D04/D07 replenishment uses min-max rules, labels forecast limits, and blocks duplicate proposals
2026-10-10T08:08:10.8302068Z [56/406] [firefox] › tests/fe015.spec.ts:59:1 › FE015.AC01 report filters use exact timezone boundaries and mock API aggregates
2026-10-10T08:08:14.5166185Z [57/406] [firefox] › tests/fe015.spec.ts:109:1 › FE021.E08 report explanation is mock-only, cites the filtered P&L snapshot, and never writes finance data
2026-10-10T08:08:16.3493886Z [58/406] [firefox] › tests/fe015.spec.ts:130:1 › UI003 report timestamps follow the active shop timezone
2026-10-10T08:08:21.9622737Z [59/406] [firefox] › tests/fe015.spec.ts:187:1 › FE015.E02/E03 profit report renders canonical cost, gross-profit and operating-expense values
2026-10-10T08:08:23.6194728Z [60/406] [firefox] › tests/fe015.spec.ts:215:1 › FE015.AC02 journal rejects unbalanced decimal lines before POST and sends exact money strings
2026-10-10T08:08:28.6846334Z [61/406] [firefox] › tests/fe015.spec.ts:250:1 › FE015.AC02 closed accounting period is visible and disables journal draft creation
2026-10-10T08:08:34.6169907Z [62/406] [firefox] › tests/fe015.spec.ts:274:1 › FE015.AC03 CSV import keeps partial row failures visible and deduplicates external transactions
2026-10-10T08:08:39.5223926Z [63/406] [firefox] › tests/fe015.spec.ts:297:1 › UI001 reconciliation cursors stay scoped and dialogs load choices beyond the visible table page
2026-10-10T08:08:56.6394096Z [64/406] [firefox] › tests/fe015.spec.ts:424:1 › FE015.AC03 COD settlement matches net remittance plus documented fee
2026-10-10T08:09:03.9786095Z [65/406] [firefox] › tests/fe015.spec.ts:459:1 › FE015.AC03 partial bank allocation leaves the remaining amount and debt visible
2026-10-10T08:09:09.8192653Z [66/406] [firefox] › tests/fe015.spec.ts:485:1 › FE015.AC03 unknown journal posting is not resent from the same draft
2026-10-10T08:09:16.4191266Z [67/406] [firefox] › tests/fe016.spec.ts:70:1 › UI015 mobile demo tools disclose by keyboard and inbox stays within narrow viewports
2026-10-10T08:09:19.8979247Z [68/406] [firefox] › tests/fe016.spec.ts:103:1 › FE016 conversation keeps its composer visible while long demo context scrolls independently
2026-10-10T08:09:21.9922863Z [69/406] [firefox] › tests/fe016.spec.ts:210:1 › FE016.AC01 inbox filters call canonical query fields and remain bookmarked through conversation details
2026-10-10T08:09:25.0071138Z [70/406] [firefox] › tests/fe016.spec.ts:238:1 › Shared consolidation Inbox preserves selected filters and composer draft through metadata pending error empty and recovery
2026-10-10T08:09:28.7514334Z [71/406] [firefox] › tests/fe016.spec.ts:298:1 › FE016.AC01 list cursor is isolated from message cursor and restored on back navigation
2026-10-10T08:09:33.0946055Z [72/406] [firefox] › tests/fe016.spec.ts:317:1 › UI002 inbox list and message cursors stay independent through paging, conversation switch and shop change
2026-10-10T08:09:38.0071853Z [73/406] [firefox] › tests/fe016.spec.ts:406:1 › UI002 mobile keeps the list page while messages page and Back restores it
2026-10-10T08:09:41.4449171Z [74/406] [firefox] › tests/fe016.spec.ts:450:1 › UI002 Inbox search resets only the list cursor while a message page is open
2026-10-10T08:09:44.1715717Z [75/406] [firefox] › tests/fe016.spec.ts:507:1 › UI002 deep link, refresh and mobile Back preserve their own cursors
2026-10-10T08:09:47.0471023Z [76/406] [firefox] › tests/fe016.spec.ts:561:1 › UI002 list and message panel errors remain isolated
2026-10-10T08:09:53.3556994Z [77/406] [firefox] › tests/fe016.spec.ts:585:1 › UI002 send, invalidation and resync keep both cursors and send only once
2026-10-10T08:09:56.4899131Z [78/406] [firefox] › tests/fe016.spec.ts:645:1 › FE016.AC01 takeover and reply use current versions and show API send state without claiming delivery
2026-10-10T08:09:59.6276344Z [79/406] [firefox] › tests/fe016.spec.ts:672:1 › FE016.AC02 internal notes render HTML-like text inert and feedback creates only a review draft
2026-10-10T08:10:02.4191874Z [80/406] [firefox] › tests/fe016.spec.ts:705:1 › FE016.AC03 unknown send keeps the reply draft, exposes command recovery and never blindly resends
2026-10-10T08:10:05.2274710Z [81/406] [firefox] › tests/fe016.spec.ts:728:1 › FE016.AC04 role without customer/order permissions cannot open those cross-module references
2026-10-10T08:10:10.6240904Z [82/406] [firefox] › tests/fe016.spec.ts:739:1 › FE016.S03 stale takeover preserves reason and reports the version conflict
2026-10-10T08:10:14.0690141Z [83/406] [firefox] › tests/fe016.spec.ts:755:1 › FE016.B05 cross-sell promotion preview shows sample rules without applying a discount
2026-10-10T08:10:15.6779180Z [84/406] [firefox] › tests/fe016.spec.ts:769:1 › FE016.B08 capability-driven image, voice and document media upload and send by scoped file IDs
2026-10-10T08:10:19.6007814Z [85/406] [firefox] › tests/fe016.spec.ts:835:1 › FE016.B09 pending media send preserves newer text and blocks blind retry after unknown outcome
2026-10-10T08:10:25.9086691Z [86/406] [firefox] › tests/fe016.spec.ts:879:1 › FE016.B10 a channel without an explicit media policy keeps text composer and denies attachments
2026-10-10T08:10:27.7904208Z [87/406] [firefox] › tests/fe016.spec.ts:891:1 › FE027.B01 industry sales script preview asks for missing facts and stays a local draft
2026-10-10T08:10:29.8827398Z [88/406] [firefox] › tests/fe016.spec.ts:907:1 › FE027.B02 inbox price and available stock preview uses current canonical mock reads
2026-10-10T08:10:31.5994378Z [89/406] [firefox] › tests/fe016.spec.ts:928:1 › FE027.B03 order capture links the active customer and conversation into the manual order form
2026-10-10T08:10:33.9891024Z [90/406] [firefox] › tests/fe016.spec.ts:938:1 › FE027.B04 automatic order confirmation stays unavailable until policy and customer evidence exist
2026-10-10T08:10:35.8059579Z [91/406] [firefox] › tests/fe017-validation.spec.ts:15:1 › FE017 synthetic 422 keeps the knowledge draft fields and shows field errors
2026-10-10T08:10:42.9486310Z [92/406] [firefox] › tests/fe017.spec.ts:26:1 › FE017.AC01 demo publishing uses the approved permission and lifecycle substitute without an API allowedActions field
2026-10-10T08:10:50.2144637Z [93/406] [firefox] › tests/fe017.spec.ts:117:1 › FE017.AC02 knowledge file upload sends canonical purpose and detail reads processing status
2026-10-10T08:10:53.4967615Z [94/406] [firefox] › tests/fe017.spec.ts:156:1 › FE017 price and stock source preview uses canonical product and timestamped inventory APIs
2026-10-10T08:10:54.9993898Z [95/406] [firefox] › tests/fe017.spec.ts:189:1 › FE017.AC03 missing content, unsupported and oversized files keep creation unavailable
2026-10-10T08:10:57.3707371Z [96/406] [firefox] › tests/fe017.spec.ts:211:1 › FE017.AC04 feedback approval creates inert draft content and its first revision only
2026-10-10T08:11:02.3607156Z [97/406] [firefox] › tests/fe017.spec.ts:244:1 › FE017.AC05 manager sees knowledge read-only and synthetic API rejects purpose-specific upload and publish
2026-10-10T08:11:04.2864457Z [98/406] [firefox] › tests/fe017.spec.ts:265:1 › FE017.AC06 stale review preserves the reason and explains the conflict
2026-10-10T08:11:06.8229382Z [99/406] [firefox] › tests/fe017.spec.ts:280:1 › FE027.G02 product content brief edits source, size, warranty, alternatives, and forbidden claims locally
2026-10-10T08:11:08.4964423Z [100/406] [firefox] › tests/fe017.spec.ts:298:1 › FE027.G03 policy revisions keep the published snapshot immutable when a draft changes
2026-10-10T08:11:10.4199768Z [101/406] [firefox] › tests/fe018.spec.ts:130:1 › FE018.S01 maps routes and operations to the canonical OpenAPI permissions
2026-10-10T08:11:10.7563023Z [102/406] [firefox] › tests/fe018.spec.ts:147:1 › FE018.AC01/04 draft saves use the contract version and keep human order confirmation locked after a conflict
2026-10-10T08:11:18.6688915Z [103/406] [firefox] › tests/fe018.spec.ts:178:1 › FE018.AC03 evaluation is synthetic, revision-bound, and cannot publish a stale draft
2026-10-10T08:11:23.6774994Z [104/406] [firefox] › tests/fe018.spec.ts:202:1 › FE018.AC01/04 successful publish is tied to the tested revision and pause explains its boundary
2026-10-10T08:11:28.9614436Z [105/406] [firefox] › tests/fe018.spec.ts:232:1 › FE018.AC03 playground sends no external message and preserves unknown cost and token values
2026-10-10T08:11:32.1112588Z [106/406] [firefox] › tests/fe018.spec.ts:254:1 › FE018.S03 synthetic budget and tool denials retain the prompt and never show a generated answer
2026-10-10T08:11:37.1563856Z [107/406] [firefox] › tests/fe018.spec.ts:280:1 › FE027.H03 budget and provider failover preview refuses silent provider switching on exhaustion
2026-10-10T08:11:40.0062787Z [108/406] [firefox] › tests/fe018.spec.ts:294:1 › FE018.AC02 role kill switch is versioned, preserves API tools, and does not pause the whole bot
2026-10-10T08:11:45.9704288Z [109/406] [firefox] › tests/fe018.spec.ts:335:1 › FE018.AC02 expired, wrong-scope, and matching approvals produce honest budget results
2026-10-10T08:11:49.7224376Z [110/406] [firefox] › tests/fe018.spec.ts:363:1 › FE018.AC05 manager and bot-admin roles cannot use operations outside their canonical permissions
2026-10-10T08:11:54.1560889Z [111/406] [firefox] › tests/fe018.spec.ts:395:1 › FE018.AC05 unknown role command stays unresolved and does not claim successful resumption
2026-10-10T08:11:58.5962919Z [112/406] [firefox] › tests/fe018.spec.ts:411:1 › UI004 25 evaluations: cursor pages reach the last record and preserve detail, search, and browser Back state
2026-10-10T08:12:04.5106724Z [firefox] › tests/fe018.spec.ts:411:1 › UI004 25 evaluations: cursor pages reach the last record and preserve detail, search, and browser Back state
2026-10-10T08:12:04.5108290Z UI004_25_ACCEPTANCE={"total":25,"pageSizes":[20,5],"cursor":"evaluation-10016","oldestRecord":"evaluation-10001","oldestReachable":true,"detailPreservedCursor":true,"browserBackRestoredFirstPage":true,"searchResetCursor":true}
2026-10-10T08:12:04.5108979Z 
2026-10-10T08:12:07.6541970Z [113/406] [firefox] › tests/fe018.spec.ts:457:1 › UI004 105 evaluations: cursor traversal reaches every record and retains the failing cursor for retry
2026-10-10T08:12:21.6194890Z [firefox] › tests/fe018.spec.ts:457:1 › UI004 105 evaluations: cursor traversal reaches every record and retains the failing cursor for retry
2026-10-10T08:12:21.6196468Z UI004_105_ACCEPTANCE={"total":105,"pageSizes":[20,20,20,20,20,5],"pagesVisited":6,"cursorRequests":["evaluation-10256","evaluation-10196","evaluation-10136","evaluation-10076","evaluation-10016"],"uniqueRecords":105,"oldestRecord":"evaluation-10001","oldestReachable":true,"failedCursorRetainedForRetry":"evaluation-10196","errorShowsNoFabricatedRows":true,"retrySucceeded":true}
2026-10-10T08:12:21.6197571Z 
2026-10-10T08:12:21.6952913Z [114/406] [firefox] › tests/fe019.spec.ts:21:1 › FE019.S01 maps integrations and notification routes, actions, schemas, and mock boundaries
2026-10-10T08:12:21.9492048Z [115/406] [firefox] › tests/fe019.spec.ts:70:1 › FE019.AC01 AI secret is write-only, cleared after submit, and absent from stored/read data
2026-10-10T08:12:26.2965168Z [116/406] [firefox] › tests/fe019.spec.ts:117:1 › FE019.AC01 invalid mock credential is rejected, cleared from the form, and not submitted
2026-10-10T08:12:28.7227347Z [117/406] [firefox] › tests/fe019.spec.ts:138:1 › FE019.AC02 channel OAuth failure stays on the page and never marks a channel connected
2026-10-10T08:12:30.7399507Z [118/406] [firefox] › tests/fe019.spec.ts:172:1 › FE019.AC03/04 device, Telegram, and PWA checks stay synthetic and do not request OS permission
2026-10-10T08:12:34.9534790Z [119/406] [firefox] › tests/fe019.spec.ts:251:1 › FE019.AC05 notification policy validates canonical numeric bounds before sending and acknowledges only allowed work
2026-10-10T08:12:38.4194211Z [120/406] [firefox] › tests/fe019.spec.ts:273:1 › FE019.A03 notification order link stays within the active shop scope
2026-10-10T08:12:40.7742231Z [121/406] [firefox] › tests/fe019.spec.ts:282:1 › FE019.A05 reminder policy saves shop-local schedule and quiet hours through the synthetic API
2026-10-10T08:12:43.1418734Z [122/406] [firefox] › tests/fe019.spec.ts:309:1 › FE027.A02/A07 preparation notification keeps order evidence and separates queued, opened, and acknowledged states
2026-10-10T08:12:44.5853613Z [123/406] [firefox] › tests/fe019.spec.ts:334:1 › FE027.A08 notification settings disclose server-only deduplication and callback safeguards
2026-10-10T08:12:50.9614083Z [124/406] [firefox] › tests/fe020.spec.ts:43:1 › FE020.AC01 approval detail is fetched and a changed source resource rejects the stale decision
2026-10-10T08:12:57.2270002Z [125/406] [firefox] › tests/fe020.spec.ts:89:1 › FE020.AC02/03 work-item actions follow allowedActions and operations health stays explicitly synthetic
2026-10-10T08:13:01.5306997Z [126/406] [firefox] › tests/fe020.spec.ts:140:1 › FE020.AC03 role pause control uses the canonical versioned mock and never claims readiness
2026-10-10T08:13:03.9035761Z [127/406] [firefox] › tests/fe020.spec.ts:157:1 › FE020.F03 operations exception filter groups overdue, blocked, and unclaimed synthetic work
2026-10-10T08:13:05.5124174Z [128/406] [firefox] › tests/fe020.spec.ts:178:1 › FE020.F05 purchase delegation is bounded, saved paused, and requires a separate activation decision
2026-10-10T08:13:11.3759194Z [129/406] [firefox] › tests/fe020.spec.ts:209:1 › FE020.F06/H01 digest and dependency health panels show synthetic history without claiming workers are ready
2026-10-10T08:13:13.0023939Z [130/406] [firefox] › tests/fe020.spec.ts:242:1 › FE027.H08 restore and release readiness stay unknown without a verified rehearsal or deployment gate
2026-10-10T08:13:14.4474744Z [131/406] [firefox] › tests/fe021.spec.ts:34:1 › FE021 dashboard keeps independent panels usable and hides finance fields without finance.read
2026-10-10T08:13:17.6324729Z [132/406] [firefox] › tests/fe021.spec.ts:46:1 › FE021 timezone and privacy validation waits for interaction and blocks invalid writes
2026-10-10T08:13:22.5700046Z [133/406] [firefox] › tests/fe021.spec.ts:82:1 › FE021 approval and shipment work queues appear before sample previews
2026-10-10T08:13:30.2338012Z [134/406] [firefox] › tests/fe021.spec.ts:104:1 › FE021 marketing filters preserve API-side aggregates, URL context and missing actual spend
2026-10-10T08:13:35.8530579Z [135/406] [firefox] › tests/fe021.spec.ts:170:5 › FE021 marketing filters preserve edits while the default period response is pending
2026-10-10T08:13:41.8439341Z [136/406] [firefox] › tests/fe021.spec.ts:170:5 › FE021 marketing filters preserve edits while the canonical period response is pending
2026-10-10T08:13:47.9677547Z [137/406] [firefox] › tests/fe021.spec.ts:234:1 › FE021 invalid marketing deep links mark the responsible field and never send the invalid range
2026-10-10T08:13:49.1979230Z [138/406] [firefox] › tests/fe021.spec.ts:248:1 › FE021 export uses inclusive shop-local boundaries, safe CSV, API jobs and cursor pagination
2026-10-10T08:13:54.8276833Z [139/406] [firefox] › tests/fe021.spec.ts:303:1 › FE021 mock rejects an export when reports.export lacks the source permission
2026-10-10T08:13:57.3340082Z [140/406] [firefox] › tests/fe021.spec.ts:323:1 › FE021 mock rejects an invalid report timezone before creating an export job
2026-10-10T08:13:58.9409967Z [141/406] [firefox] › tests/fe021.spec.ts:343:1 › FE021 ambiguous export result preserves the selected dates and never exposes a download
2026-10-10T08:14:01.8569943Z [142/406] [firefox] › tests/fe021.spec.ts:356:1 › FE021 empty report and marketing payloads render explicit empty states
2026-10-10T08:14:06.1657094Z [143/406] [firefox] › tests/fe021.spec.ts:375:1 › FE021 stale export conflict preserves dates and never exposes a download
2026-10-10T08:14:12.6847827Z [144/406] [firefox] › tests/frontend-corrections.spec.ts:18:1 › F01 preserves a customer draft, compares three snapshots, and PATCHes only chosen changes
2026-10-10T08:14:17.0376838Z [145/406] [firefox] › tests/frontend-corrections.spec.ts:46:1 › F01 requires an explicit choice for a field changed by both editors
2026-10-10T08:14:19.9839011Z [146/406] [firefox] › tests/frontend-corrections.spec.ts:62:1 › F06 detects an order draft and blocks navigation until explicit discard
2026-10-10T08:14:22.6507258Z [147/406] [firefox] › tests/frontend-corrections.spec.ts:75:1 › F02 retains an unsaved product image through an unrelated refetch
2026-10-10T08:14:24.8863748Z [148/406] [firefox] › tests/frontend-corrections.spec.ts:87:1 › F03 retains notification-policy inputs through a background resync and navigation
2026-10-10T08:14:26.8394388Z [149/406] [firefox] › tests/frontend-corrections.spec.ts:98:1 › F05 keeps text typed while a previous internal note is pending
2026-10-10T08:14:29.8737424Z [150/406] [firefox] › tests/frontend-corrections.spec.ts:113:1 › F08 validates 4001 customer-note characters at the field and accepts 4000
2026-10-10T08:14:33.2269838Z [151/406] [firefox] › tests/frontend-corrections.spec.ts:147:1 › F07 routes the fulfillment footer close through the shared discard guard
2026-10-10T08:14:35.1304200Z [152/406] [firefox] › tests/frontend-corrections.spec.ts:161:1 › F09 refreshes new Inbox messages without refetching the visible product and stock snapshots
2026-10-10T08:14:37.1812583Z [153/406] [firefox] › tests/frontend-corrections.spec.ts:191:1 › F01 shop settings merges a server-only locale change and preserves edits typed during save
2026-10-10T08:14:45.1206488Z [154/406] [firefox] › tests/frontend-corrections.spec.ts:219:1 › F03 privacy policy preserves refetch drafts and compares before applying the newest version
2026-10-10T08:14:47.6445637Z [155/406] [firefox] › tests/frontend-corrections.spec.ts:236:1 › F01 category keeps a late edit after saving, and reopens with a clean current baseline
2026-10-10T08:14:51.5998794Z [156/406] [firefox] › tests/frontend-corrections.spec.ts:257:1 › F01 supplier preserves a concurrent server-only term and PATCHes the local name
2026-10-10T08:14:54.5119841Z [157/406] [firefox] › tests/frontend-corrections.spec.ts:274:1 › F08 customer update enforces 4000/4001 before HTTP and retains a 422 draft
2026-10-10T08:14:57.6071108Z [158/406] [firefox] › tests/frontend-corrections.spec.ts:302:1 › F05 keeps mode changes and unknown sends, locks another send, and observes recovery-registry completion
2026-10-10T08:15:00.8060820Z [159/406] [firefox] › tests/frontend-corrections.spec.ts:328:1 › F01 order editor keeps its original version and compares whole line lists before PATCH
2026-10-10T08:15:04.3675803Z [160/406] [firefox] › tests/frontend-corrections.spec.ts:350:1 › F06 guards added order rows, shop switch, logout and native reload; successful creation leaves no false guard
2026-10-10T08:15:20.2799535Z [161/406] [firefox] › tests/frontend-corrections.spec.ts:375:1 › F01 analogous return-inspection draft does not adopt a refetched version without comparison
2026-10-10T08:15:23.6128617Z [162/406] [firefox] › tests/frontend-corrections.spec.ts:399:1 › F01 comparison supports keyboard choices, server changes again, axe and 320px reflow with long content
2026-10-10T08:15:26.7413195Z [163/406] [firefox] › tests/frontend-corrections.spec.ts:428:1 › F08 privacy bounds reject invalid days and long jurisdiction before HTTP
2026-10-10T08:15:34.7164529Z [164/406] [firefox] › tests/frontend-corrections.spec.ts:458:1 › F06 order custom close respects the draft guard and busy editors remain protected
2026-10-10T08:15:39.1115812Z [165/406] [firefox] › tests/frontend.spec.ts:41:1 › catalog create uses the HTTP mock and successful save clears the draft guard
2026-10-10T08:15:43.8373426Z [166/406] [firefox] › tests/frontend.spec.ts:73:1 › dirty drafts block in-app navigation and preserve input until the user decides
2026-10-10T08:15:46.5508396Z [167/406] [firefox] › tests/frontend.spec.ts:91:1 › all canonical routes render inside the real React demo application
2026-10-10T08:17:01.7314442Z [168/406] [firefox] › tests/frontend.spec.ts:116:1 › switching shops cancels a delayed request and loads only the new shop scope
2026-10-10T08:17:09.0468925Z [169/406] [firefox] › tests/frontend.spec.ts:134:1 › role changes remove restricted navigation and the route guard explains denied access
2026-10-10T08:17:11.4000253Z [170/406] [firefox] › tests/frontend.spec.ts:147:1 › deep links survive browser refresh and logout clears the mock session
2026-10-10T08:17:14.7794500Z [171/406] [firefox] › tests/frontend.spec.ts:160:1 › logout asks before discarding a draft and retains the session when logout fails
2026-10-10T08:17:17.9302853Z [172/406] [firefox] › tests/frontend.spec.ts:217:1 › mobile navigation opens, routes, and closes without viewport overflow
2026-10-10T08:17:20.8566390Z [173/406] [firefox] › tests/frontend.spec.ts:231:1 › chunk loading errors use the route recovery boundary
2026-10-10T08:17:27.3265182Z [174/406] [firefox] › tests/frontend.spec.ts:270:1 › live mode reports an unavailable session API without enabling mock data
2026-10-10T08:17:28.3163526Z [175/406] [firefox] › tests/route-role-matrix.spec.ts:44:1 › route read access matches canonical permissions for every demo role
2026-10-10T08:18:12.3105636Z [firefox] › tests/route-role-matrix.spec.ts:44:1 › route read access matches canonical permissions for every demo role
2026-10-10T08:18:12.3106299Z ROUTE_ROLE_MATRIX_CASES=399 ROLES=7 PRIVATE_ROUTES=57 RESULT=PASS
2026-10-10T08:18:12.3106543Z 
2026-10-10T08:18:12.4077187Z [176/406] [firefox] › tests/security.spec.ts:36:1 › untrusted product text renders as text without activating markup
2026-10-10T08:18:16.6332725Z [177/406] [firefox] › tests/security.spec.ts:54:1 › catalog import rejects a non-CSV file before an upload request
2026-10-10T08:18:18.0268031Z [178/406] [firefox] › tests/security.spec.ts:72:1 › catalog import rejects files above the demo size limit before upload
2026-10-10T08:18:20.2143760Z [179/406] [firefox] › tests/security.spec.ts:90:1 › mock uploads require a purpose, enforce its role, and fingerprint file content for retries
2026-10-10T08:18:24.2363638Z [180/406] [firefox] › tests/session/demo-server-cache-isolation.spec.ts:7:1 › concurrent demo servers use isolated Vite caches and load the React app
2026-10-10T08:18:25.0379993Z [firefox] › tests/session/demo-server-cache-isolation.spec.ts:7:1 › concurrent demo servers use isolated Vite caches and load the React app
2026-10-10T08:18:25.0387929Z VITE_CACHE_ISOLATION=PASS rootA=/tmp/botsales-vite-cache/2fbc71299afedf720605/test-demo/playwright-5575-794e1103-554e-4201-a102-2424dbea5134-parallel-a rootB=/tmp/botsales-vite-cache/2fbc71299afedf720605/test-demo/playwright-5575-794e1103-554e-4201-a102-2424dbea5134-parallel-b otherCheckout=true
2026-10-10T08:18:25.0389718Z 
2026-10-10T08:18:29.4026174Z [181/406] [firefox] › tests/session/demo-worker-startup.spec.ts:17:1 › demo conditional module requests return complete exports without changing live or non-asset caching
2026-10-10T08:18:39.5627620Z [182/406] [firefox] › tests/session/demo-worker-startup.spec.ts:80:1 › demo startup explains the required setup when the browser blocks Service Workers
2026-10-10T08:18:40.5647609Z [183/406] [firefox] › tests/session/session-revocation.spec.ts:20:1 › session.revoked SSE closes the stream and clears the active shop session
2026-10-10T08:18:43.6298857Z [184/406] [firefox] › tests/session/session-unauthorized.spec.ts:17:1 › expired live session redirects to login and preserves the requested shop route
2026-10-10T08:18:45.8375353Z [185/406] [firefox] › tests/states/fe023.spec.ts:18:1 › FE023.S04 a dirty dialog keeps the form value until the user confirms discard
2026-10-10T08:18:49.5534404Z [186/406] [firefox] › tests/states/fe023.spec.ts:36:1 › FE023.S03 a customer lookup loads the next cursor page without dropping earlier choices
2026-10-10T08:18:52.7314051Z [187/406] [firefox] › tests/states/fe023.spec.ts:77:1 › FE023.S04 delayed requests show loading and failed refresh keeps a retry path
2026-10-10T08:19:01.4143678Z [188/406] [firefox] › tests/states/fe023.spec.ts:107:1 › FE023 unsaved shop settings are preserved when navigation switches shop scope
2026-10-10T08:19:04.8501665Z [189/406] [firefox] › tests/states/fe023.spec.ts:125:1 › FE023 a saved shop form resets its dirty baseline and reports success
2026-10-10T08:19:07.9305763Z [190/406] [firefox] › tests/states/route-empty-composition.spec.ts:29:1 › empty collection responses render accessible empty states on canonical list routes
2026-10-10T08:19:12.3620545Z [firefox] › tests/states/route-empty-composition.spec.ts:29:1 › empty collection responses render accessible empty states on canonical list routes
2026-10-10T08:19:12.3621548Z ROUTE_EMPTY_COMPOSITION_PROGRESS=3/11
2026-10-10T08:19:12.3621859Z 
2026-10-10T08:19:13.1468502Z ROUTE_EMPTY_COMPOSITION_PROGRESS=6/11
2026-10-10T08:19:13.1468784Z 
2026-10-10T08:19:14.2925624Z ROUTE_EMPTY_COMPOSITION_PROGRESS=9/11
2026-10-10T08:19:14.2925824Z 
2026-10-10T08:19:14.7901264Z ROUTE_EMPTY_COMPOSITION=11/11 RESULT=PASS
2026-10-10T08:19:14.7901746Z 
2026-10-10T08:19:14.8785318Z [191/406] [firefox] › tests/states/route-error-composition.spec.ts:44:9 › every shop route composes the shared API error state with its page content › R04 /s/:shopId/overview
2026-10-10T08:19:20.0523739Z [firefox] › tests/states/route-error-composition.spec.ts:44:9 › every shop route composes the shared API error state with its page content › R04 /s/:shopId/overview
2026-10-10T08:19:20.0524932Z ROUTE_ERROR_COMPOSITION_ROUTE=R04 RESULT=PASS
2026-10-10T08:19:20.0525266Z 
2026-10-10T08:19:25.2753456Z [192/406] [firefox] › tests/states/route-error-composition.spec.ts:44:9 › every shop route composes the shared API error state with its page content › R05 /s/:shopId/inbox
2026-10-10T08:19:29.8052524Z [firefox] › tests/states/route-error-composition.spec.ts:44:9 › every shop route composes the shared API error state with its page content › R05 /s/:shopId/inbox
2026-10-10T08:19:29.8053274Z ROUTE_ERROR_COMPOSITION_ROUTE=R05 RESULT=PASS
2026-10-10T08:19:29.8053678Z 
2026-10-10T08:19:29.8506238Z [193/406] [firefox] › tests/states/route-error-composition.spec.ts:44:9 › every shop route composes the shared API error state with its page content › R06 /s/:shopId/inbox/:conversationId
2026-10-10T08:19:34.3744368Z [firefox] › tests/states/route-error-composition.spec.ts:44:9 › every shop route composes the shared API error state with its page content › R06 /s/:shopId/inbox/:conversationId
2026-10-10T08:19:34.3745090Z ROUTE_ERROR_COMPOSITION_ROUTE=R06 RESULT=PASS
2026-10-10T08:19:34.3745298Z 
2026-10-10T08:19:34.4041318Z [194/406] [firefox] › tests/states/route-error-composition.spec.ts:44:9 › every shop route composes the shared API error state with its page content › R07 /s/:shopId/customers
2026-10-10T08:19:39.0132435Z [firefox] › tests/states/route-error-composition.spec.ts:44:9 › every shop route composes the shared API error state with its page content › R07 /s/:shopId/customers
2026-10-10T08:19:39.0133049Z ROUTE_ERROR_COMPOSITION_ROUTE=R07 RESULT=PASS
2026-10-10T08:19:39.0133224Z 
2026-10-10T08:19:39.0428272Z [195/406] [firefox] › tests/states/route-error-composition.spec.ts:44:9 › every shop route composes the shared API error state with its page content › R08 /s/:shopId/customers/:customerId
2026-10-10T08:19:43.6998564Z [firefox] › tests/states/route-error-composition.spec.ts:44:9 › every shop route composes the shared API error state with its page content › R08 /s/:shopId/customers/:customerId
2026-10-10T08:19:43.6999370Z ROUTE_ERROR_COMPOSITION_ROUTE=R08 RESULT=PASS
2026-10-10T08:19:43.6999577Z 
2026-10-10T08:19:43.7369012Z [196/406] [firefox] › tests/states/route-error-composition.spec.ts:44:9 › every shop route composes the shared API error state with its page content › R09 /s/:shopId/products
2026-10-10T08:19:48.2026368Z [firefox] › tests/states/route-error-composition.spec.ts:44:9 › every shop route composes the shared API error state with its page content › R09 /s/:shopId/products
2026-10-10T08:19:48.2027086Z ROUTE_ERROR_COMPOSITION_ROUTE=R09 RESULT=PASS
2026-10-10T08:19:48.2027338Z 
2026-10-10T08:19:48.2346058Z [197/406] [firefox] › tests/states/route-error-composition.spec.ts:44:9 › every shop route composes the shared API error state with its page content › R10 /s/:shopId/products/new
2026-10-10T08:19:53.2609294Z [firefox] › tests/states/route-error-composition.spec.ts:44:9 › every shop route composes the shared API error state with its page content › R10 /s/:shopId/products/new
2026-10-10T08:19:53.2610146Z ROUTE_ERROR_COMPOSITION_ROUTE=R10 RESULT=PASS
2026-10-10T08:19:53.2610338Z 
2026-10-10T08:19:53.2877719Z [198/406] [firefox] › tests/states/route-error-composition.spec.ts:44:9 › every shop route composes the shared API error state with its page content › R11 /s/:shopId/products/:productId
2026-10-10T08:19:57.7290928Z [firefox] › tests/states/route-error-composition.spec.ts:44:9 › every shop route composes the shared API error state with its page content › R11 /s/:shopId/products/:productId
2026-10-10T08:19:57.7291401Z ROUTE_ERROR_COMPOSITION_ROUTE=R11 RESULT=PASS
2026-10-10T08:19:57.7291768Z 
2026-10-10T08:19:57.7574652Z [199/406] [firefox] › tests/states/route-error-composition.spec.ts:44:9 › every shop route composes the shared API error state with its page content › R12 /s/:shopId/categories
2026-10-10T08:20:02.1692645Z [firefox] › tests/states/route-error-composition.spec.ts:44:9 › every shop route composes the shared API error state with its page content › R12 /s/:shopId/categories
2026-10-10T08:20:02.1693504Z ROUTE_ERROR_COMPOSITION_ROUTE=R12 RESULT=PASS
2026-10-10T08:20:02.1693740Z 
2026-10-10T08:20:02.1946780Z [200/406] [firefox] › tests/states/route-error-composition.spec.ts:44:9 › every shop route composes the shared API error state with its page content › R13 /s/:shopId/imports
2026-10-10T08:20:06.1162211Z [firefox] › tests/states/route-error-composition.spec.ts:44:9 › every shop route composes the shared API error state with its page content › R13 /s/:shopId/imports
2026-10-10T08:20:06.1162856Z ROUTE_ERROR_COMPOSITION_ROUTE=R13 RESULT=PASS
2026-10-10T08:20:06.1163031Z 
2026-10-10T08:20:06.1501499Z [201/406] [firefox] › tests/states/route-error-composition.spec.ts:44:9 › every shop route composes the shared API error state with its page content › R14 /s/:shopId/imports/:jobId
2026-10-10T08:20:10.8346244Z [firefox] › tests/states/route-error-composition.spec.ts:44:9 › every shop route composes the shared API error state with its page content › R14 /s/:shopId/imports/:jobId
2026-10-10T08:20:10.8347076Z ROUTE_ERROR_COMPOSITION_ROUTE=R14 RESULT=PASS
2026-10-10T08:20:10.8347285Z 
2026-10-10T08:20:15.5950933Z [202/406] [firefox] › tests/states/route-error-composition.spec.ts:44:9 › every shop route composes the shared API error state with its page content › R15 /s/:shopId/inventory
2026-10-10T08:20:20.5473217Z [firefox] › tests/states/route-error-composition.spec.ts:44:9 › every shop route composes the shared API error state with its page content › R15 /s/:shopId/inventory
2026-10-10T08:20:20.5474188Z ROUTE_ERROR_COMPOSITION_ROUTE=R15 RESULT=PASS
2026-10-10T08:20:20.5474558Z 
2026-10-10T08:20:20.5966256Z [203/406] [firefox] › tests/states/route-error-composition.spec.ts:44:9 › every shop route composes the shared API error state with its page content › R16 /s/:shopId/inventory/movements
2026-10-10T08:20:25.2927364Z [firefox] › tests/states/route-error-composition.spec.ts:44:9 › every shop route composes the shared API error state with its page content › R16 /s/:shopId/inventory/movements
2026-10-10T08:20:25.2928272Z ROUTE_ERROR_COMPOSITION_ROUTE=R16 RESULT=PASS
2026-10-10T08:20:25.2928469Z 
2026-10-10T08:20:25.3248186Z [204/406] [firefox] › tests/states/route-error-composition.spec.ts:44:9 › every shop route composes the shared API error state with its page content › R17 /s/:shopId/orders
2026-10-10T08:20:29.5449263Z [firefox] › tests/states/route-error-composition.spec.ts:44:9 › every shop route composes the shared API error state with its page content › R17 /s/:shopId/orders
2026-10-10T08:20:29.5450177Z ROUTE_ERROR_COMPOSITION_ROUTE=R17 RESULT=PASS
2026-10-10T08:20:29.5450907Z 
2026-10-10T08:20:29.5784547Z [205/406] [firefox] › tests/states/route-error-composition.spec.ts:44:9 › every shop route composes the shared API error state with its page content › R18 /s/:shopId/orders/new
2026-10-10T08:20:33.7477970Z [firefox] › tests/states/route-error-composition.spec.ts:44:9 › every shop route composes the shared API error state with its page content › R18 /s/:shopId/orders/new
2026-10-10T08:20:33.7479895Z ROUTE_ERROR_COMPOSITION_ROUTE=R18 RESULT=PASS
2026-10-10T08:20:33.7480258Z 
2026-10-10T08:20:33.7893221Z [206/406] [firefox] › tests/states/route-error-composition.spec.ts:44:9 › every shop route composes the shared API error state with its page content › R19 /s/:shopId/orders/:orderId
2026-10-10T08:20:37.6566189Z [firefox] › tests/states/route-error-composition.spec.ts:44:9 › every shop route composes the shared API error state with its page content › R19 /s/:shopId/orders/:orderId
2026-10-10T08:20:37.6566683Z ROUTE_ERROR_COMPOSITION_ROUTE=R19 RESULT=PASS
2026-10-10T08:20:37.6566877Z 
2026-10-10T08:20:37.6927897Z [207/406] [firefox] › tests/states/route-error-composition.spec.ts:44:9 › every shop route composes the shared API error state with its page content › R20 /s/:shopId/finance
2026-10-10T08:20:42.2346568Z [firefox] › tests/states/route-error-composition.spec.ts:44:9 › every shop route composes the shared API error state with its page content › R20 /s/:shopId/finance
2026-10-10T08:20:42.2347033Z ROUTE_ERROR_COMPOSITION_ROUTE=R20 RESULT=PASS
2026-10-10T08:20:42.2347156Z 
2026-10-10T08:20:42.2630864Z [208/406] [firefox] › tests/states/route-error-composition.spec.ts:44:9 › every shop route composes the shared API error state with its page content › R21 /s/:shopId/finance/entries
2026-10-10T08:20:46.7431948Z [firefox] › tests/states/route-error-composition.spec.ts:44:9 › every shop route composes the shared API error state with its page content › R21 /s/:shopId/finance/entries
2026-10-10T08:20:46.7432573Z ROUTE_ERROR_COMPOSITION_ROUTE=R21 RESULT=PASS
2026-10-10T08:20:46.7432753Z 
2026-10-10T08:20:46.7797230Z [209/406] [firefox] › tests/states/route-error-composition.spec.ts:44:9 › every shop route composes the shared API error state with its page content › R22 /s/:shopId/finance/profit-loss
2026-10-10T08:20:51.2776373Z [firefox] › tests/states/route-error-composition.spec.ts:44:9 › every shop route composes the shared API error state with its page content › R22 /s/:shopId/finance/profit-loss
2026-10-10T08:20:51.2777275Z ROUTE_ERROR_COMPOSITION_ROUTE=R22 RESULT=PASS
2026-10-10T08:20:51.2777518Z 
2026-10-10T08:20:51.3126123Z [210/406] [firefox] › tests/states/route-error-composition.spec.ts:44:9 › every shop route composes the shared API error state with its page content › R23 /s/:shopId/knowledge
2026-10-10T08:20:55.3083857Z [firefox] › tests/states/route-error-composition.spec.ts:44:9 › every shop route composes the shared API error state with its page content › R23 /s/:shopId/knowledge
2026-10-10T08:20:55.3084627Z ROUTE_ERROR_COMPOSITION_ROUTE=R23 RESULT=PASS
2026-10-10T08:20:55.3084861Z 
2026-10-10T08:20:55.3393468Z [211/406] [firefox] › tests/states/route-error-composition.spec.ts:44:9 › every shop route composes the shared API error state with its page content › R24 /s/:shopId/knowledge/:knowledgeId
2026-10-10T08:20:59.2452678Z [firefox] › tests/states/route-error-composition.spec.ts:44:9 › every shop route composes the shared API error state with its page content › R24 /s/:shopId/knowledge/:knowledgeId
2026-10-10T08:20:59.2453192Z ROUTE_ERROR_COMPOSITION_ROUTE=R24 RESULT=PASS
2026-10-10T08:20:59.2453316Z 
2026-10-10T08:21:04.7232238Z [212/406] [firefox] › tests/states/route-error-composition.spec.ts:44:9 › every shop route composes the shared API error state with its page content › R25 /s/:shopId/knowledge/review
2026-10-10T08:21:08.6384218Z [firefox] › tests/states/route-error-composition.spec.ts:44:9 › every shop route composes the shared API error state with its page content › R25 /s/:shopId/knowledge/review
2026-10-10T08:21:08.6385136Z ROUTE_ERROR_COMPOSITION_ROUTE=R25 RESULT=PASS
2026-10-10T08:21:08.6385268Z 
2026-10-10T08:21:08.6728575Z [213/406] [firefox] › tests/states/route-error-composition.spec.ts:44:9 › every shop route composes the shared API error state with its page content › R26 /s/:shopId/bot
2026-10-10T08:21:12.7739220Z [firefox] › tests/states/route-error-composition.spec.ts:44:9 › every shop route composes the shared API error state with its page content › R26 /s/:shopId/bot
2026-10-10T08:21:12.7739668Z ROUTE_ERROR_COMPOSITION_ROUTE=R26 RESULT=PASS
2026-10-10T08:21:12.7739794Z 
2026-10-10T08:21:12.8034103Z [214/406] [firefox] › tests/states/route-error-composition.spec.ts:44:9 › every shop route composes the shared API error state with its page content › R27 /s/:shopId/bot/playground
2026-10-10T08:21:16.8668093Z [firefox] › tests/states/route-error-composition.spec.ts:44:9 › every shop route composes the shared API error state with its page content › R27 /s/:shopId/bot/playground
2026-10-10T08:21:16.8670055Z ROUTE_ERROR_COMPOSITION_ROUTE=R27 RESULT=PASS
2026-10-10T08:21:16.8670576Z 
2026-10-10T08:21:16.9023968Z [215/406] [firefox] › tests/states/route-error-composition.spec.ts:44:9 › every shop route composes the shared API error state with its page content › R28 /s/:shopId/bot/evaluations
2026-10-10T08:21:21.0598804Z [firefox] › tests/states/route-error-composition.spec.ts:44:9 › every shop route composes the shared API error state with its page content › R28 /s/:shopId/bot/evaluations
2026-10-10T08:21:21.0610612Z ROUTE_ERROR_COMPOSITION_ROUTE=R28 RESULT=PASS
2026-10-10T08:21:21.0610972Z 
2026-10-10T08:21:21.0985004Z [216/406] [firefox] › tests/states/route-error-composition.spec.ts:44:9 › every shop route composes the shared API error state with its page content › R29 /s/:shopId/integrations/channels
2026-10-10T08:21:24.9842947Z [firefox] › tests/states/route-error-composition.spec.ts:44:9 › every shop route composes the shared API error state with its page content › R29 /s/:shopId/integrations/channels
2026-10-10T08:21:24.9843479Z ROUTE_ERROR_COMPOSITION_ROUTE=R29 RESULT=PASS
2026-10-10T08:21:24.9843604Z 
2026-10-10T08:21:25.0190187Z [217/406] [firefox] › tests/states/route-error-composition.spec.ts:44:9 › every shop route composes the shared API error state with its page content › R30 /s/:shopId/integrations/ai
2026-10-10T08:21:28.9937838Z [firefox] › tests/states/route-error-composition.spec.ts:44:9 › every shop route composes the shared API error state with its page content › R30 /s/:shopId/integrations/ai
2026-10-10T08:21:28.9938532Z ROUTE_ERROR_COMPOSITION_ROUTE=R30 RESULT=PASS
2026-10-10T08:21:28.9938720Z 
2026-10-10T08:21:29.0269180Z [218/406] [firefox] › tests/states/route-error-composition.spec.ts:44:9 › every shop route composes the shared API error state with its page content › R31 /s/:shopId/reports
2026-10-10T08:21:33.0300970Z [firefox] › tests/states/route-error-composition.spec.ts:44:9 › every shop route composes the shared API error state with its page content › R31 /s/:shopId/reports
2026-10-10T08:21:33.0301899Z ROUTE_ERROR_COMPOSITION_ROUTE=R31 RESULT=PASS
2026-10-10T08:21:33.0302090Z 
2026-10-10T08:21:33.0611092Z [219/406] [firefox] › tests/states/route-error-composition.spec.ts:44:9 › every shop route composes the shared API error state with its page content › R32 /s/:shopId/settings/team
2026-10-10T08:21:37.0708507Z [firefox] › tests/states/route-error-composition.spec.ts:44:9 › every shop route composes the shared API error state with its page content › R32 /s/:shopId/settings/team
2026-10-10T08:21:37.0709993Z ROUTE_ERROR_COMPOSITION_ROUTE=R32 RESULT=PASS
2026-10-10T08:21:37.0710603Z 
2026-10-10T08:21:37.1039605Z [220/406] [firefox] › tests/states/route-error-composition.spec.ts:44:9 › every shop route composes the shared API error state with its page content › R33 /s/:shopId/settings/shop
2026-10-10T08:21:40.3092759Z [firefox] › tests/states/route-error-composition.spec.ts:44:9 › every shop route composes the shared API error state with its page content › R33 /s/:shopId/settings/shop
2026-10-10T08:21:40.3095745Z ROUTE_ERROR_COMPOSITION_ROUTE=R33 RESULT=PASS
2026-10-10T08:21:40.3095943Z 
2026-10-10T08:21:40.3385277Z [221/406] [firefox] › tests/states/route-error-composition.spec.ts:44:9 › every shop route composes the shared API error state with its page content › R34 /s/:shopId/settings/audit
2026-10-10T08:21:44.3736014Z [firefox] › tests/states/route-error-composition.spec.ts:44:9 › every shop route composes the shared API error state with its page content › R34 /s/:shopId/settings/audit
2026-10-10T08:21:44.3736846Z ROUTE_ERROR_COMPOSITION_ROUTE=R34 RESULT=PASS
2026-10-10T08:21:44.3737109Z 
2026-10-10T08:21:50.1878399Z [222/406] [firefox] › tests/states/route-error-composition.spec.ts:44:9 › every shop route composes the shared API error state with its page content › R35 /s/:shopId/settings/privacy
2026-10-10T08:21:55.1576008Z [firefox] › tests/states/route-error-composition.spec.ts:44:9 › every shop route composes the shared API error state with its page content › R35 /s/:shopId/settings/privacy
2026-10-10T08:21:55.1577147Z ROUTE_ERROR_COMPOSITION_ROUTE=R35 RESULT=PASS
2026-10-10T08:21:55.1577371Z 
2026-10-10T08:21:55.2210547Z [223/406] [firefox] › tests/states/route-error-composition.spec.ts:44:9 › every shop route composes the shared API error state with its page content › R36 /s/:shopId/jobs/:jobId
2026-10-10T08:21:59.2235455Z [firefox] › tests/states/route-error-composition.spec.ts:44:9 › every shop route composes the shared API error state with its page content › R36 /s/:shopId/jobs/:jobId
2026-10-10T08:21:59.2236612Z ROUTE_ERROR_COMPOSITION_ROUTE=R36 RESULT=PASS
2026-10-10T08:21:59.2239530Z 
2026-10-10T08:21:59.2565369Z [224/406] [firefox] › tests/states/route-error-composition.spec.ts:44:9 › every shop route composes the shared API error state with its page content › R37 /s/:shopId/operations
2026-10-10T08:22:03.4378442Z [firefox] › tests/states/route-error-composition.spec.ts:44:9 › every shop route composes the shared API error state with its page content › R37 /s/:shopId/operations
2026-10-10T08:22:03.4378950Z ROUTE_ERROR_COMPOSITION_ROUTE=R37 RESULT=PASS
2026-10-10T08:22:03.4379074Z 
2026-10-10T08:22:03.4645748Z [225/406] [firefox] › tests/states/route-error-composition.spec.ts:44:9 › every shop route composes the shared API error state with its page content › R38 /s/:shopId/approvals
2026-10-10T08:22:07.8027744Z [firefox] › tests/states/route-error-composition.spec.ts:44:9 › every shop route composes the shared API error state with its page content › R38 /s/:shopId/approvals
2026-10-10T08:22:07.8028239Z ROUTE_ERROR_COMPOSITION_ROUTE=R38 RESULT=PASS
2026-10-10T08:22:07.8028368Z 
2026-10-10T08:22:07.8376252Z [226/406] [firefox] › tests/states/route-error-composition.spec.ts:44:9 › every shop route composes the shared API error state with its page content › R39 /s/:shopId/notifications
2026-10-10T08:22:12.1138001Z [firefox] › tests/states/route-error-composition.spec.ts:44:9 › every shop route composes the shared API error state with its page content › R39 /s/:shopId/notifications
2026-10-10T08:22:12.1139167Z ROUTE_ERROR_COMPOSITION_ROUTE=R39 RESULT=PASS
2026-10-10T08:22:12.1139510Z 
2026-10-10T08:22:12.1564571Z [227/406] [firefox] › tests/states/route-error-composition.spec.ts:44:9 › every shop route composes the shared API error state with its page content › R40 /s/:shopId/notifications/devices
2026-10-10T08:22:16.1869644Z [firefox] › tests/states/route-error-composition.spec.ts:44:9 › every shop route composes the shared API error state with its page content › R40 /s/:shopId/notifications/devices
2026-10-10T08:22:16.1870529Z ROUTE_ERROR_COMPOSITION_ROUTE=R40 RESULT=PASS
2026-10-10T08:22:16.1870754Z 
2026-10-10T08:22:16.2282657Z [228/406] [firefox] › tests/states/route-error-composition.spec.ts:44:9 › every shop route composes the shared API error state with its page content › R41 /s/:shopId/fulfillment
2026-10-10T08:22:20.3196083Z [firefox] › tests/states/route-error-composition.spec.ts:44:9 › every shop route composes the shared API error state with its page content › R41 /s/:shopId/fulfillment
2026-10-10T08:22:20.3197224Z ROUTE_ERROR_COMPOSITION_ROUTE=R41 RESULT=PASS
2026-10-10T08:22:20.3197417Z 
2026-10-10T08:22:20.3614219Z [229/406] [firefox] › tests/states/route-error-composition.spec.ts:44:9 › every shop route composes the shared API error state with its page content › R42 /s/:shopId/shipments
2026-10-10T08:22:24.4684107Z [firefox] › tests/states/route-error-composition.spec.ts:44:9 › every shop route composes the shared API error state with its page content › R42 /s/:shopId/shipments
2026-10-10T08:22:24.4684679Z ROUTE_ERROR_COMPOSITION_ROUTE=R42 RESULT=PASS
2026-10-10T08:22:24.4684871Z 
2026-10-10T08:22:24.5005479Z [230/406] [firefox] › tests/states/route-error-composition.spec.ts:44:9 › every shop route composes the shared API error state with its page content › R43 /s/:shopId/returns
2026-10-10T08:22:28.8029714Z [firefox] › tests/states/route-error-composition.spec.ts:44:9 › every shop route composes the shared API error state with its page content › R43 /s/:shopId/returns
2026-10-10T08:22:28.8030552Z ROUTE_ERROR_COMPOSITION_ROUTE=R43 RESULT=PASS
2026-10-10T08:22:28.8030792Z 
2026-10-10T08:22:28.8349900Z [231/406] [firefox] › tests/states/route-error-composition.spec.ts:44:9 › every shop route composes the shared API error state with its page content › R44 /s/:shopId/suppliers
2026-10-10T08:22:33.5225030Z [firefox] › tests/states/route-error-composition.spec.ts:44:9 › every shop route composes the shared API error state with its page content › R44 /s/:shopId/suppliers
2026-10-10T08:22:33.5227802Z ROUTE_ERROR_COMPOSITION_ROUTE=R44 RESULT=PASS
2026-10-10T08:22:33.5228284Z 
2026-10-10T08:22:39.0124850Z [232/406] [firefox] › tests/states/route-error-composition.spec.ts:44:9 › every shop route composes the shared API error state with its page content › R45 /s/:shopId/replenishment
2026-10-10T08:22:43.2943622Z [firefox] › tests/states/route-error-composition.spec.ts:44:9 › every shop route composes the shared API error state with its page content › R45 /s/:shopId/replenishment
2026-10-10T08:22:43.2970263Z ROUTE_ERROR_COMPOSITION_ROUTE=R45 RESULT=PASS
2026-10-10T08:22:43.2970864Z 
2026-10-10T08:22:43.3296033Z [233/406] [firefox] › tests/states/route-error-composition.spec.ts:44:9 › every shop route composes the shared API error state with its page content › R46 /s/:shopId/purchases
2026-10-10T08:22:47.7346384Z [firefox] › tests/states/route-error-composition.spec.ts:44:9 › every shop route composes the shared API error state with its page content › R46 /s/:shopId/purchases
2026-10-10T08:22:47.7346931Z ROUTE_ERROR_COMPOSITION_ROUTE=R46 RESULT=PASS
2026-10-10T08:22:47.7347061Z 
2026-10-10T08:22:47.7685866Z [234/406] [firefox] › tests/states/route-error-composition.spec.ts:44:9 › every shop route composes the shared API error state with its page content › R47 /s/:shopId/receipts
2026-10-10T08:22:51.8966447Z [firefox] › tests/states/route-error-composition.spec.ts:44:9 › every shop route composes the shared API error state with its page content › R47 /s/:shopId/receipts
2026-10-10T08:22:51.8967408Z ROUTE_ERROR_COMPOSITION_ROUTE=R47 RESULT=PASS
2026-10-10T08:22:51.8967724Z 
2026-10-10T08:22:51.9267954Z [235/406] [firefox] › tests/states/route-error-composition.spec.ts:44:9 › every shop route composes the shared API error state with its page content › R48 /s/:shopId/finance/journals
2026-10-10T08:22:56.5319269Z [firefox] › tests/states/route-error-composition.spec.ts:44:9 › every shop route composes the shared API error state with its page content › R48 /s/:shopId/finance/journals
2026-10-10T08:22:56.5320560Z ROUTE_ERROR_COMPOSITION_ROUTE=R48 RESULT=PASS
2026-10-10T08:22:56.5320956Z 
2026-10-10T08:22:56.5627262Z [236/406] [firefox] › tests/states/route-error-composition.spec.ts:44:9 › every shop route composes the shared API error state with its page content › R49 /s/:shopId/finance/reconciliation
2026-10-10T08:23:01.2564215Z [firefox] › tests/states/route-error-composition.spec.ts:44:9 › every shop route composes the shared API error state with its page content › R49 /s/:shopId/finance/reconciliation
2026-10-10T08:23:01.2565439Z ROUTE_ERROR_COMPOSITION_ROUTE=R49 RESULT=PASS
2026-10-10T08:23:01.2565648Z 
2026-10-10T08:23:01.2915060Z [237/406] [firefox] › tests/states/route-error-composition.spec.ts:44:9 › every shop route composes the shared API error state with its page content › R50 /s/:shopId/finance/debts-periods
2026-10-10T08:23:06.0183031Z [firefox] › tests/states/route-error-composition.spec.ts:44:9 › every shop route composes the shared API error state with its page content › R50 /s/:shopId/finance/debts-periods
2026-10-10T08:23:06.0183687Z ROUTE_ERROR_COMPOSITION_ROUTE=R50 RESULT=PASS
2026-10-10T08:23:06.0183820Z 
2026-10-10T08:23:06.0519815Z [238/406] [firefox] › tests/states/route-error-composition.spec.ts:44:9 › every shop route composes the shared API error state with its page content › R51 /s/:shopId/bot/team
2026-10-10T08:23:10.2554994Z [firefox] › tests/states/route-error-composition.spec.ts:44:9 › every shop route composes the shared API error state with its page content › R51 /s/:shopId/bot/team
2026-10-10T08:23:10.2555567Z ROUTE_ERROR_COMPOSITION_ROUTE=R51 RESULT=PASS
2026-10-10T08:23:10.2555741Z 
2026-10-10T08:23:10.2919843Z [239/406] [firefox] › tests/states/route-error-composition.spec.ts:44:9 › every shop route composes the shared API error state with its page content › R52 /s/:shopId/operations/digests
2026-10-10T08:23:14.5070533Z [firefox] › tests/states/route-error-composition.spec.ts:44:9 › every shop route composes the shared API error state with its page content › R52 /s/:shopId/operations/digests
2026-10-10T08:23:14.5071028Z ROUTE_ERROR_COMPOSITION_ROUTE=R52 RESULT=PASS
2026-10-10T08:23:14.5071155Z 
2026-10-10T08:23:14.5364532Z [240/406] [firefox] › tests/states/route-error-composition.spec.ts:44:9 › every shop route composes the shared API error state with its page content › R53 /s/:shopId/reports/marketing
2026-10-10T08:23:19.0589369Z [firefox] › tests/states/route-error-composition.spec.ts:44:9 › every shop route composes the shared API error state with its page content › R53 /s/:shopId/reports/marketing
2026-10-10T08:23:19.0590185Z ROUTE_ERROR_COMPOSITION_ROUTE=R53 RESULT=PASS
2026-10-10T08:23:19.0590377Z 
2026-10-10T08:23:19.1010567Z [241/406] [firefox] › tests/states/route-error-composition.spec.ts:44:9 › every shop route composes the shared API error state with its page content › R54 /s/:shopId/service-cases
2026-10-10T08:23:24.0140071Z [firefox] › tests/states/route-error-composition.spec.ts:44:9 › every shop route composes the shared API error state with its page content › R54 /s/:shopId/service-cases
2026-10-10T08:23:24.0140847Z ROUTE_ERROR_COMPOSITION_ROUTE=R54 RESULT=PASS
2026-10-10T08:23:24.0141025Z 
2026-10-10T08:23:30.1901043Z [242/406] [firefox] › tests/states/route-error-composition.spec.ts:44:9 › every shop route composes the shared API error state with its page content › R55 /s/:shopId/settings/warehouses
2026-10-10T08:23:34.8777717Z [firefox] › tests/states/route-error-composition.spec.ts:44:9 › every shop route composes the shared API error state with its page content › R55 /s/:shopId/settings/warehouses
2026-10-10T08:23:34.8779389Z ROUTE_ERROR_COMPOSITION_ROUTE=R55 RESULT=PASS
2026-10-10T08:23:34.8779819Z 
2026-10-10T08:23:34.9296856Z [243/406] [firefox] › tests/states/route-error-composition.spec.ts:44:9 › every shop route composes the shared API error state with its page content › R56 /s/:shopId/finance/accounts
2026-10-10T08:23:39.7666226Z [firefox] › tests/states/route-error-composition.spec.ts:44:9 › every shop route composes the shared API error state with its page content › R56 /s/:shopId/finance/accounts
2026-10-10T08:23:39.7666726Z ROUTE_ERROR_COMPOSITION_ROUTE=R56 RESULT=PASS
2026-10-10T08:23:39.7666854Z 
2026-10-10T08:23:39.8086751Z [244/406] [firefox] › tests/states/route-error-composition.spec.ts:44:9 › every shop route composes the shared API error state with its page content › R57 /s/:shopId/finance/opening-balances
2026-10-10T08:23:44.5863369Z [firefox] › tests/states/route-error-composition.spec.ts:44:9 › every shop route composes the shared API error state with its page content › R57 /s/:shopId/finance/opening-balances
2026-10-10T08:23:44.5864517Z ROUTE_ERROR_COMPOSITION_ROUTE=R57 RESULT=PASS
2026-10-10T08:23:44.5864655Z 
2026-10-10T08:23:44.6257788Z [245/406] [firefox] › tests/states/route-error-composition.spec.ts:44:9 › every shop route composes the shared API error state with its page content › R58 /s/:shopId/finance/ledger
2026-10-10T08:23:49.2103432Z [firefox] › tests/states/route-error-composition.spec.ts:44:9 › every shop route composes the shared API error state with its page content › R58 /s/:shopId/finance/ledger
2026-10-10T08:23:49.2104144Z ROUTE_ERROR_COMPOSITION_ROUTE=R58 RESULT=PASS
2026-10-10T08:23:49.2104329Z 
2026-10-10T08:23:49.2555126Z [246/406] [firefox] › tests/states/route-error-composition.spec.ts:44:9 › every shop route composes the shared API error state with its page content › R59 /s/:shopId/finance/trial-balance
2026-10-10T08:23:53.8223683Z [firefox] › tests/states/route-error-composition.spec.ts:44:9 › every shop route composes the shared API error state with its page content › R59 /s/:shopId/finance/trial-balance
2026-10-10T08:23:53.8224799Z ROUTE_ERROR_COMPOSITION_ROUTE=R59 RESULT=PASS
2026-10-10T08:23:53.8225104Z 
2026-10-10T08:23:53.8621728Z [247/406] [firefox] › tests/states/route-error-composition.spec.ts:44:9 › every shop route composes the shared API error state with its page content › R60 /s/:shopId/finance/balance-sheet
2026-10-10T08:23:58.2861139Z [firefox] › tests/states/route-error-composition.spec.ts:44:9 › every shop route composes the shared API error state with its page content › R60 /s/:shopId/finance/balance-sheet
2026-10-10T08:23:58.2861615Z ROUTE_ERROR_COMPOSITION_ROUTE=R60 RESULT=PASS
2026-10-10T08:23:58.2861736Z 
2026-10-10T08:23:58.3905736Z [248/406] [firefox] › tests/ui-bot-layout.spec.ts:42:1 › Bot routes R26/R27/R28/R51 fit the supported page-width boundaries
2026-10-10T08:24:28.4626726Z [249/406] [firefox] › tests/ui-bot-layout.spec.ts:52:1 › Bot config, evaluation, role and budget dialogs stay inside mobile and desktop viewports
2026-10-10T08:24:48.3556567Z [250/406] [firefox] › tests/ui-catalog-layout.spec.ts:15:1 › catalog R09-R14 keeps shared gutters, inset ownership and dry-run flow at mobile and desktop
2026-10-10T08:25:09.0739755Z [251/406] [firefox] › tests/ui-catalog-layout.spec.ts:67:1 › Imports review notice and demo controls keep the measured shared disclosure boundary at 806x884
2026-10-10T08:25:17.2345431Z [252/406] [firefox] › tests/ui-component-layout.spec.ts:40:1 › A01 order lines keep intrinsic remove actions with clean and invalid quantities
2026-10-10T08:25:24.4140963Z [253/406] [firefox] › tests/ui-component-layout.spec.ts:61:1 › A02 product editors align category and status faces independently from lookup metadata
2026-10-10T08:25:37.1313867Z [254/406] [firefox] › tests/ui-component-layout.spec.ts:84:1 › Shared outlined labels focus empty and populated native controls
2026-10-10T08:25:39.3289138Z [255/406] [firefox] › tests/ui-component-layout.spec.ts:99:1 › A02 variant fields retain readable widths when text doubles
2026-10-10T08:25:55.2463904Z [256/406] [firefox] › tests/ui-component-layout.spec.ts:130:1 › A03 import mapping preserves natural remove actions and editable mappings
2026-10-10T08:26:00.7614938Z [257/406] [firefox] › tests/ui-component-layout.spec.ts:150:1 › A04 full precision money wraps outside tables and remains unbroken in the named scroll region
2026-10-10T08:26:06.6980249Z [258/406] [firefox] › tests/ui-component-layout.spec.ts:176:1 › A05 status height follows its own label while long labels remain fully readable
2026-10-10T08:26:12.1814426Z [259/406] [firefox] › tests/ui-component-layout.spec.ts:196:1 › A06 Empty wraps unbroken reference text and retains its keyboard action
2026-10-10T08:26:18.2678014Z [260/406] [firefox] › tests/ui-component-layout.spec.ts:209:1 › A07 canonical order address selection exposes full text and edit lines retain intrinsic actions
2026-10-10T08:26:32.3802957Z [261/406] [firefox] › tests/ui-composition-layout.spec.ts:13:1 › SPC-061/062 shared compositions own their gap and child boundaries on every canonical route
2026-10-10T08:29:34.4191882Z [262/406] [firefox] › tests/ui-composition-positive-ancestry.spec.ts:62:1 › S15 Dashboard conditional content keeps an independently bordered surface inside its Panel owner
2026-10-10T08:29:39.8997130Z [263/406] [firefox] › tests/ui-composition-positive-ancestry.spec.ts:103:1 › S15 catalog QueryState fragment keeps DataTable and Pager as peer children of one Panel
2026-10-10T08:29:44.9112253Z [264/406] [firefox] › tests/ui-composition-positive-ancestry.spec.ts:137:1 › S15 Knowledge action group wraps children without losing its shared action owner
2026-10-10T08:29:49.6035121Z [265/406] [firefox] › tests/ui-consent-management.spec.ts:16:1 › R35 creates a pending challenge from API and shows consent history without local opt-out state
2026-10-10T08:29:52.6334795Z [266/406] [firefox] › tests/ui-consent-management.spec.ts:36:1 › R61 confirms an opt-out through POST body, removes the token from URL and leaves service messages available
2026-10-10T08:29:53.8436970Z [267/406] [firefox] › tests/ui-consent-management.spec.ts:74:1 › R61 public confirmation remains keyboard-accessible and reflows at 320px
2026-10-10T08:29:55.5164138Z [268/406] [firefox] › tests/ui-customers-layout.spec.ts:30:1 › Customers R07/R08/R54 layouts fit the shell at every responsive boundary
2026-10-10T08:30:19.0917519Z [269/406] [firefox] › tests/ui-customers-layout.spec.ts:59:1 › Customer create and service-case dialogs stay in the viewport without submitting
2026-10-10T08:30:27.5600211Z [270/406] [firefox] › tests/ui-dashboard-layout.spec.ts:17:1 › Shared consolidation Dashboard primary link respects all eight permission tuples and native anchor interactions
2026-10-10T08:30:35.4823614Z [271/406] [firefox] › tests/ui-dashboard-layout.spec.ts:69:1 › dashboard hierarchy, CTA targets, and page width hold across supported breakpoints
2026-10-10T08:30:45.4532782Z [272/406] [firefox] › tests/ui-density-layout.spec.ts:10:1 › density table saves row space while preserving action target and data
2026-10-10T08:30:51.4043613Z [273/406] [firefox] › tests/ui-density-layout.spec.ts:22:1 › density divided facts list has one row inset and no additional inter-row gap
2026-10-10T08:30:54.8311948Z [274/406] [firefox] › tests/ui-density-layout.spec.ts:33:1 › density demo disclosure retains state and always shows the synthetic warning
2026-10-10T08:31:03.3018076Z [275/406] [firefox] › tests/ui-density-layout.spec.ts:48:1 › density operational Panel uses 12px boundary while complex form and reading Panel keep comfortable rhythm
2026-10-10T08:31:12.9187394Z [276/406] [firefox] › tests/ui-density-layout.spec.ts:60:1 › density simple category editor keeps labels, errors and keyboard reflow usable
2026-10-10T08:31:24.5844360Z [277/406] [firefox] › tests/ui-finance-layout.spec.ts:30:1 › Finance R20/R21/R22/R48/R49/R50 route layouts retain shell gutter without horizontal overflow from 320–1440px
2026-10-10T08:32:14.5784490Z [278/406] [firefox] › tests/ui-finance-layout.spec.ts:62:1 › titled Finance Panels keep one 12px header-to-first-content boundary
2026-10-10T08:32:30.3931945Z [279/406] [firefox] › tests/ui-finance-layout.spec.ts:129:1 › Finance report, entry, journal, reconciliation and period dialogs remain in the viewport without submitting
2026-10-10T08:35:44.4384386Z   1) [firefox] › tests/ui-finance-layout.spec.ts:129:1 › Finance report, entry, journal, reconciliation and period dialogs remain in the viewport without submitting 
2026-10-10T08:35:44.4384774Z 
2026-10-10T08:35:44.4384867Z     Test timeout of 180000ms exceeded.
2026-10-10T08:35:44.4384979Z 
2026-10-10T08:35:44.4385096Z     Error: page.goto: Test timeout of 180000ms exceeded.
2026-10-10T08:35:44.4385288Z     Call log:
2026-10-10T08:35:44.4385582Z       - navigating to "http://127.0.0.1:42605/s/shop-demo/finance/debts-periods", waiting until "load"
2026-10-10T08:35:44.4385805Z 
2026-10-10T08:35:44.4385809Z 
2026-10-10T08:35:44.4385862Z       14 |
2026-10-10T08:35:44.4386095Z       15 | async function gotoDemo(page: import('@playwright/test').Page, route: string) {
2026-10-10T08:35:44.4386542Z     > 16 |     await page.goto(new URL(route, demoUrl).toString());
2026-10-10T08:35:44.4386741Z          |                ^
2026-10-10T08:35:44.4386879Z       17 | }
2026-10-10T08:35:44.4386992Z       18 |
2026-10-10T08:35:44.4387392Z       19 | async function expectDialogWithinViewport(page: import('@playwright/test').Page, dialog: import('@playwright/test').Locator, width: number, height: number) {
2026-10-10T08:35:44.4387983Z         at gotoDemo (/home/runner/work/Bot-AI-Ban-hang-FB/Bot-AI-Ban-hang-FB/BotSalesAI_Frontend/tests/ui-finance-layout.spec.ts:16:16)
2026-10-10T08:35:44.4388496Z         at /home/runner/work/Bot-AI-Ban-hang-FB/Bot-AI-Ban-hang-FB/BotSalesAI_Frontend/tests/ui-finance-layout.spec.ts:181:15
2026-10-10T08:35:44.4388748Z 
2026-10-10T08:35:44.4389138Z     Error Context: test-results/playwright-5575-794e1103-554e-4201-a102-2424dbea5134/ui-finance-layout-Finance--21674-viewport-without-submitting-firefox/error-context.md
2026-10-10T08:35:44.4389530Z 
2026-10-10T08:35:44.4389899Z     Error Context: test-results/playwright-5575-794e1103-554e-4201-a102-2424dbea5134/ui-finance-layout-Finance--21674-viewport-without-submitting-firefox/error-context.md
2026-10-10T08:35:44.4390264Z 
2026-10-10T08:35:44.4390531Z     attachment #3: trace (application/zip) ─────────────────────────────────────────────────────────
2026-10-10T08:35:44.4391048Z     test-results/playwright-5575-794e1103-554e-4201-a102-2424dbea5134/ui-finance-layout-Finance--21674-viewport-without-submitting-firefox/trace.zip
2026-10-10T08:35:44.4391434Z     Usage:
2026-10-10T08:35:44.4391495Z 
2026-10-10T08:35:44.4391866Z         npx playwright show-trace test-results/playwright-5575-794e1103-554e-4201-a102-2424dbea5134/ui-finance-layout-Finance--21674-viewport-without-submitting-firefox/trace.zip
2026-10-10T08:35:44.4392245Z 
2026-10-10T08:35:44.4392631Z     ────────────────────────────────────────────────────────────────────────────────────────────────
2026-10-10T08:35:44.4392801Z 
2026-10-10T08:35:44.4392805Z 
2026-10-10T08:35:46.5002868Z [280/406] [firefox] › tests/ui-finance-management.spec.ts:14:1 › C06 opening validates before HTTP and preserves added/removed list drafts through every close guard
2026-10-10T08:35:52.2185573Z [281/406] [firefox] › tests/ui-finance-management.spec.ts:19:1 › C06 opening UI posts only its reviewed version and reports/ledger drill down to real journal IDs
2026-10-10T08:36:01.2675875Z [282/406] [firefox] › tests/ui-finance-management.spec.ts:25:1 › C06 opening conflict retains whole lists and reconciles two changing server versions without forced retry
2026-10-10T08:36:10.5288394Z [283/406] [firefox] › tests/ui-finance-management.spec.ts:31:1 › C06 finance entry validation and refetch conflict keep the saved baseline and draft
2026-10-10T08:36:14.8370096Z [284/406] [firefox] › tests/ui-finance-management.spec.ts:35:1 › C06 all new financial routes and dialog use keyboard/axe and reflow at required widths
2026-10-10T08:37:10.7439398Z [285/406] [firefox] › tests/ui-fulfillment-layout.spec.ts:30:1 › Fulfillment R41/R42 preserve shell gutter and contain responsive route layouts from 320-1440px
2026-10-10T08:37:26.4664902Z [286/406] [firefox] › tests/ui-fulfillment-layout.spec.ts:59:1 › Fulfillment prep, shipment-create, detail and event dialogs fit mobile and desktop without submitting
2026-10-10T08:37:33.7696136Z [287/406] [firefox] › tests/ui-integrations-layout.spec.ts:40:1 › Integrations routes R29/R30 fit the supported page-width boundaries
2026-10-10T08:37:48.6862709Z [288/406] [firefox] › tests/ui-integrations-layout.spec.ts:50:1 › R29 disconnect and R30 create/edit credential dialogs stay inside mobile and desktop viewports
2026-10-10T08:38:00.0353121Z [289/406] [firefox] › tests/ui-inventory-layout.spec.ts:15:1 › Inventory R15/R16 preserve shared gutter and contain table overflow at 320-1440px
2026-10-10T08:38:13.0455763Z [290/406] [firefox] › tests/ui-inventory-layout.spec.ts:55:1 › Inventory filters reset cursor and preserve other URL state; adjustment validation sends no command
2026-10-10T08:38:21.2725173Z [291/406] [firefox] › tests/ui-knowledge-layout.spec.ts:67:1 › Knowledge routes R23/R24/R25 fit every supported layout boundary
2026-10-10T08:38:46.1764974Z [292/406] [firefox] › tests/ui-knowledge-layout.spec.ts:87:1 › Knowledge create, edit, and feedback-review dialogs remain inside mobile and desktop viewports
2026-10-10T08:39:01.8504287Z [293/406] [firefox] › tests/ui-master-resources.spec.ts:13:1 › C05 warehouses validate before HTTP, protect drafts and create/update/archive with visible results
2026-10-10T08:39:07.7000334Z [294/406] [firefox] › tests/ui-master-resources.spec.ts:26:1 › C05 warehouse conflicts keep the draft across two concurrent versions and require explicit reconciliation
2026-10-10T08:39:11.2358866Z [295/406] [firefox] › tests/ui-master-resources.spec.ts:34:1 › C05 accounts create and protect used fields; journal choices come from the same API lookup
2026-10-10T08:39:14.7577414Z [296/406] [firefox] › tests/ui-master-resources.spec.ts:40:1 › C05 customer address UI never replays a masked phone and orders load per-customer addresses
2026-10-10T08:39:19.2767307Z [297/406] [firefox] › tests/ui-master-resources.spec.ts:46:1 › C05 new management routes and address dialog reflow at all required widths with keyboard and axe
2026-10-10T08:39:54.4145331Z [298/406] [firefox] › tests/ui-master-resources.spec.ts:58:1 › C05 complete customer addresses create/archive through HTTP; masked mandatory fields prevent creation
2026-10-10T08:39:58.5581970Z [299/406] [firefox] › tests/ui-master-resources.spec.ts:77:1 › C05 an unknown warehouse creation keeps the draft and prevents a second request
2026-10-10T08:40:01.8513506Z [300/406] [firefox] › tests/ui-notifications-layout.spec.ts:40:1 › R39/R40 Notifications routes fit the supported page-width boundaries
2026-10-10T08:40:16.1772571Z [301/406] [firefox] › tests/ui-notifications-layout.spec.ts:50:1 › R40 revoke-device confirmation stays inside mobile and desktop viewports
2026-10-10T08:40:21.7777484Z [302/406] [firefox] › tests/ui-operations-layout.spec.ts:41:1 › R37/R38/R52 Operations routes fit the supported page-width boundaries
2026-10-10T08:40:42.7654533Z [303/406] [firefox] › tests/ui-operations-layout.spec.ts:51:1 › R52 role-control confirmation stays inside mobile and desktop viewports
2026-10-10T08:40:48.3217115Z [304/406] [firefox] › tests/ui-orders-layout.spec.ts:15:1 › Orders R17/R18/R19/R43 preserve responsive page geometry at 320-1440px
2026-10-10T08:41:16.8560661Z [305/406] [firefox] › tests/ui-orders-layout.spec.ts:46:1 › Orders draft, versioned quote, canonical address snapshot and return dialogs keep their behavior without writes
2026-10-10T08:41:29.7346300Z [306/406] [firefox] › tests/ui-panel-layout.spec.ts:15:1 › the titled Fulfillment Panel owns its body inset and keeps one 12px header boundary
2026-10-10T08:41:36.0355469Z [307/406] [firefox] › tests/ui-procurement-layout.spec.ts:38:1 › Procurement R44-R47 preserve shared page gutter and contain responsive tables at 320-1440px
2026-10-10T08:42:04.5525408Z [308/406] [firefox] › tests/ui-procurement-layout.spec.ts:69:1 › Procurement supplier, offer, rule, purchase and receipt dialogs fit narrow and desktop viewports without writes
2026-10-10T08:42:21.4900551Z [309/406] [firefox] › tests/ui-query-state-layout.spec.ts:68:5 › S12 R09 QueryState section profile preserves pending and ready layout
2026-10-10T08:42:35.3378058Z [310/406] [firefox] › tests/ui-query-state-layout.spec.ts:68:5 › S12 R11 QueryState inline profile preserves pending and ready layout
2026-10-10T08:42:45.9573357Z [311/406] [firefox] › tests/ui-shell-layout.spec.ts:45:1 › Shell keeps header, banner, main and footer on one responsive gutter
2026-10-10T08:42:48.7475327Z [312/406] [firefox] › tests/ui-shell-layout.spec.ts:106:1 › demo controls stay discoverable on mobile and usable on desktop
2026-10-10T08:42:50.0039511Z [313/406] [firefox] › tests/ui-shell-layout.spec.ts:124:1 › SPC-055/057 demo-control labels keep a clear gap on every Shell route consumer
2026-10-10T08:43:40.6313183Z [314/406] [firefox] › tests/ui-shell-layout.spec.ts:149:1 › unmatched route fallback owns its page gutter without horizontal overflow
2026-10-10T08:43:41.6867192Z [315/406] [firefox] › tests/ui-toolbar-layout.spec.ts:33:1 › Shared Toolbar and demo tools keep labels clear when text doubles
2026-10-10T08:43:50.3719212Z [316/406] [firefox] › tests/ui-toolbar-layout.spec.ts:61:1 › Toolbar geometry: multiline category lookup cannot stretch the search button
2026-10-10T08:43:52.6995101Z [317/406] [firefox] › tests/ui-toolbar-layout.spec.ts:78:1 › Shared consolidation Inbox filters share Toolbar ownership and stay outside search across pane widths
2026-10-10T08:44:09.7257065Z [318/406] [firefox] › tests/ui-toolbar-layout.spec.ts:121:1 › Toolbar affected routes keep intrinsic actions, capability branches and 320px reflow
2026-10-10T08:45:21.0180938Z [319/406] [firefox] › tests/ui-toolbar-layout.spec.ts:146:1 › Toolbar public extra slot cannot stretch a single-line submit action
2026-10-10T08:45:24.4436540Z [320/406] [firefox] › tests/ui-toolbar-layout.spec.ts:163:1 › Toolbar preserves Products URL filters, search submit, clear and independent category lookup
2026-10-10T08:45:28.0974504Z [321/406] [firefox] › tests/ui-toolbar-layout.spec.ts:199:1 › Toolbar keeps Inventory apply/reset separate from search submission
2026-10-10T08:45:34.3207085Z [322/406] [firefox] › tests/ui-toolbar-layout.spec.ts:219:1 › Toolbar category more/busy/error/retry branches preserve search geometry and actual pagination
2026-10-10T08:45:38.6728036Z [323/406] [firefox] › tests/ui-ux-completion.spec.ts:9:1 › UX01 setup feedback CTA reaches review workflow rather than dynamic knowledge detail
2026-10-10T08:45:42.2416946Z [324/406] [firefox] › tests/ui-ux-completion.spec.ts:15:1 › UX02 stock warnings describe low/zero stock without implying a server block
2026-10-10T08:45:43.9854331Z [325/406] [firefox] › tests/ui-ux-completion.spec.ts:22:1 › UX02 inventory receipts and accounting open periods have domain-specific names
2026-10-10T08:45:47.1157444Z [326/406] [firefox] › tests/ui-ux-completion.spec.ts:31:1 › UX04 onboarding protects the whole draft on leave and reload
2026-10-10T08:45:59.1926833Z [327/406] [firefox] › tests/ui-ux-completion.spec.ts:52:1 › UX04 acknowledged shop creation leaves without a false dirty warning
2026-10-10T08:46:00.7294790Z [328/406] [firefox] › tests/ui-ux-completion.spec.ts:60:1 › UX05 product detail returns to committed filters; direct links use the list fallback
2026-10-10T08:46:03.8420877Z [329/406] [firefox] › tests/ui-ux-completion.spec.ts:70:60 › UX05 customers list returns to its own filter context
2026-10-10T08:46:09.6273352Z [330/406] [firefox] › tests/ui-ux-completion.spec.ts:70:60 › UX05 orders list returns to its own filter context
2026-10-10T08:46:12.8976338Z [331/406] [firefox] › tests/ui-ux-completion.spec.ts:70:60 › UX05 knowledge list returns to its own filter context
2026-10-10T08:46:16.0409178Z [332/406] [firefox] › tests/ui-ux-completion.spec.ts:86:1 › UX03 category, member and AI deletion confirmations name the selected object and consequence
2026-10-10T08:46:20.5537033Z [333/406] [firefox] › tests/ui-ux-completion.spec.ts:108:1 › UX07 titles and breadcrumb distinguish create/detail/review; menu empty state clears with focus
2026-10-10T08:46:23.3554837Z [334/406] [firefox] › tests/ui-ux-completion.spec.ts:126:1 › UX10 multi-table pages have distinct business names
2026-10-10T08:46:26.3063082Z [335/406] [firefox] › tests/ui-ux-completion.spec.ts:136:1 › UX06 AI capability names and states are readable in Vietnamese
2026-10-10T08:46:27.9606656Z [336/406] [firefox] › tests/ui-ux-completion.spec.ts:143:1 › UX15 detail captions reflow without splitting short words across all required viewports
2026-10-10T08:46:30.8740504Z [337/406] [firefox] › tests/ui-width-layout.spec.ts:29:1 › W01 AI single connection fills its collection at breakpoint edges and wide viewports
2026-10-10T08:46:40.3123077Z [338/406] [firefox] › tests/ui-width-layout.spec.ts:42:1 › W01 AI keeps two-column collection for two/three items and refetch preserves the new count
2026-10-10T08:46:43.5544537Z [339/406] [firefox] › tests/ui-width-layout.spec.ts:63:1 › W01 AI empty result keeps one accessible create action and no empty grid
2026-10-10T08:46:48.2860459Z [340/406] [firefox] › tests/ui-width-layout.spec.ts:72:35 › W01 workspace collection handles 0 visible shops
2026-10-10T08:46:55.2477172Z [341/406] [firefox] › tests/ui-width-layout.spec.ts:72:35 › W01 workspace collection handles 1 visible shops
2026-10-10T08:47:02.0162571Z [342/406] [firefox] › tests/ui-width-layout.spec.ts:72:35 › W01 workspace collection handles 2 visible shops
2026-10-10T08:47:08.8283465Z [343/406] [firefox] › tests/ui-width-layout.spec.ts:72:35 › W01 workspace collection handles 3 visible shops
2026-10-10T08:47:15.6785971Z [344/406] [firefox] › tests/ui-width-layout.spec.ts:104:1 › W02 full-width form groups fill their panel and retain input/mapping/shipping behavior
2026-10-10T08:47:38.2568070Z [345/406] [firefox] › tests/ui-width-layout.spec.ts:144:1 › W03 notification protection notice occupies the full page row after the two panes
2026-10-10T08:47:43.7952166Z [346/406] [firefox] › tests/ui-width-layout.spec.ts:163:1 › W04 detail rows stay atomic in divided rhythm and plain containers
2026-10-10T08:47:49.4119256Z [347/406] [firefox] › tests/ui-workspace-layout.spec.ts:60:1 › workspace routes stay within the supported page-width boundaries
2026-10-10T08:48:39.6771242Z [348/406] [firefox] › tests/ui-workspace-layout.spec.ts:72:1 › team invite and privacy request dialogs remain usable without submitting
2026-10-10T08:48:50.4584425Z [349/406] [firefox] › tests/ui006-lookups.spec.ts:69:1 › UI006.C05 lookup and table cursors reach records after 150 synthetic suppliers, offers, and orders
2026-10-10T08:49:31.4158296Z [350/406] [firefox] › tests/ui006-lookups.spec.ts:215:1 › UI006.C04 bounded previews disclose their sample and link to full collections
2026-10-10T08:49:36.1952006Z [351/406] [firefox] › tests/ui006-lookups.spec.ts:232:1 › UI006.C02 selected order identity survives a failed search and cursor retry
2026-10-10T08:49:39.2336855Z [352/406] [firefox] › tests/ui007-query-states.spec.ts:30:1 › UI007 secondary order query loads independently while the customer profile remains available
2026-10-10T08:49:42.9341759Z [353/406] [firefox] › tests/ui007-query-states.spec.ts:60:1 › UI007 order query 503 is isolated from the primary customer query and retries only that query
2026-10-10T08:49:45.9899667Z [354/406] [firefox] › tests/ui007-query-states.spec.ts:94:1 › UI007 forbidden order query is an access state and a successful empty query is distinct
2026-10-10T08:49:48.4904083Z [355/406] [firefox] › tests/ui007-query-states.spec.ts:114:1 › UI007 supplier and offer failures keep purchase suggestions visible and have operation-specific recovery
2026-10-10T08:49:51.8961896Z [356/406] [firefox] › tests/ui007-query-states.spec.ts:150:1 › UI007 auto-send budget query is lazy, permission-aware, and blocks an unverified budget
2026-10-10T08:49:54.4354833Z [357/406] [firefox] › tests/ui008-integration-empty.spec.ts:57:1 › UI008 R29 successful empty collection exposes an accessible state and one permission-guarded connect CTA
2026-10-10T08:49:56.7537199Z [358/406] [firefox] › tests/ui008-integration-empty.spec.ts:75:1 › UI008 R29 read-only bot_admin sees the empty state without a manage action
2026-10-10T08:49:59.0317016Z [359/406] [firefox] › tests/ui008-integration-empty.spec.ts:90:1 › UI008 R29 pending channel query stays loading until its response arrives
2026-10-10T08:50:04.7171383Z [360/406] [firefox] › tests/ui008-integration-empty.spec.ts:109:1 › UI008 R29 forbidden channel query is not presented as empty or retryable
2026-10-10T08:50:06.0194408Z [361/406] [firefox] › tests/ui008-integration-empty.spec.ts:123:1 › UI008 R29 503 remains an error and recovers through its retry control
2026-10-10T08:50:08.6896964Z [362/406] [firefox] › tests/ui008-integration-empty.spec.ts:144:1 › UI008 R30 successful empty AI connection cards show a first-use state and one add CTA
2026-10-10T08:50:09.8485909Z [363/406] [firefox] › tests/ui008-integration-empty.spec.ts:162:1 › UI008 R30 read-only bot_admin sees the empty state without an add action
2026-10-10T08:50:11.9595574Z [364/406] [firefox] › tests/ui009-scope-regression.spec.ts:23:1 › UI009 delayed customer orders from the previous shop cannot leak into the new shop profile
2026-10-10T08:50:16.5475655Z [365/406] [firefox] › tests/ui010-dialog-draft.spec.ts:15:1 › UI010 a discarded confirmation reason is cleared before the dialog opens again
2026-10-10T08:50:20.9161924Z [366/406] [firefox] › tests/ui011-date-time.spec.ts:16:1 › UI011 report defaults use the active shop calendar month at a UTC month boundary
2026-10-10T08:50:23.8167761Z [367/406] [firefox] › tests/ui011-date-time.spec.ts:29:1 › UI011 journal effective date defaults to the active shop calendar date
2026-10-10T08:50:25.7954883Z [368/406] [firefox] › tests/ui011-date-time.spec.ts:41:1 › UI011 shipment event input and API instant use the shop timezone, not browser timezone
2026-10-10T08:50:28.2029652Z [369/406] [firefox] › tests/ui012-keyboard.spec.ts:42:1 › UI012 keyboard-only finance edit handles select, discard warning and focus return
2026-10-10T08:50:36.2135676Z [370/406] [firefox] › tests/ui012-keyboard.spec.ts:103:1 › UI012 keyboard validation focuses the field named by a synthetic 422 response
2026-10-10T08:50:41.0769741Z [371/406] [firefox] › tests/ui012-keyboard.spec.ts:160:1 › UI012 keyboard activates the CSV chooser and discards its selected file without upload
2026-10-10T08:50:43.7934326Z [372/406] [firefox] › tests/ui012-keyboard.spec.ts:200:1 › UI012 keyboard can reach and horizontally scroll the marketing chart data alternative
2026-10-10T08:50:46.2913873Z [373/406] [firefox] › tests/ui012-keyboard.spec.ts:227:1 › UI012 marketing chart keeps every category label visible beside its data table
2026-10-10T08:50:50.0019886Z [374/406] [firefox] › tests/ui012-keyboard.spec.ts:276:1 › UI012 inbox feedback actions identify their message and return focus after Escape
2026-10-10T08:50:53.9948399Z [375/406] [firefox] › tests/ui012-keyboard.spec.ts:309:1 › UI012 order draft does not announce an untouched required customer as invalid
2026-10-10T08:50:55.7604494Z [376/406] [firefox] › tests/ui012-keyboard.spec.ts:322:1 › UI012 human-confirmation policy copy wraps inside its alert at a 320 CSS-pixel viewport
2026-10-10T08:50:57.4340230Z [377/406] [firefox] › tests/ui012-keyboard.spec.ts:356:1 › UI012 dashboard CTA separates hover and pressed feedback while keeping keyboard focus visible
2026-10-10T08:51:02.1097361Z [378/406] [firefox] › tests/ui013-url-state.spec.ts:19:1 › UI013 reconciliation tab deep links and survives refresh; malformed tab safely falls back
2026-10-10T08:51:09.6194376Z [379/406] [firefox] › tests/ui013-url-state.spec.ts:39:1 › UI013 finance date range deep link, edit, refresh and Back use shop-local filter state
2026-10-10T08:51:18.9486189Z [380/406] [firefox] › tests/ui013-url-state.spec.ts:70:1 › UI013 report type and export date filters are deep-linkable, refreshable and malformed values fall back safely
2026-10-10T08:51:23.9515372Z [381/406] [firefox] › tests/ui021-permission-edge.spec.ts:4:1 › privacy page keeps the customers link when the destination permission is present
2026-10-10T08:51:26.6815159Z [382/406] [firefox] › tests/ui021-permission-edge.spec.ts:19:1 › privacy page hides the customers link when the destination permission is missing
2026-10-10T08:51:30.4576925Z [383/406] [firefox] › tests/ui028-w24-inbox-layout.spec.ts:15:1 › UI028.W24 Inbox spacing roles remain consistent across breakpoints without losing draft state
2026-10-10T08:51:40.8648011Z [384/406] [firefox] › tests/ui028-w25-reports-layout.spec.ts:16:1 › UI028.W25 Reports semantic spacing stays stable at mobile, tablet and desktop widths
2026-10-10T08:52:01.7944246Z [385/406] [firefox] › tests/ui028-w25-reports-layout.spec.ts:123:1 › UI028.W25 authorized report download link retains its 44px hit target
2026-10-10T08:52:05.2119698Z [386/406] [firefox] › tests/ui028-w28-routes.spec.ts:47:5 › UI028.W28 61 canonical routes render with measured 390px layout geometry
2026-10-10T08:53:35.6164591Z [firefox] › tests/ui028-w28-routes.spec.ts:47:5 › UI028.W28 61 canonical routes render with measured 390px layout geometry
2026-10-10T08:53:35.6165432Z [w28-route-geometry] {"browser":"firefox","width":390,"routes":61,"issues":0,"pageErrors":0,"evidence":"evidence/frontend-ui-improvements/UI028/W28/route-geometry-firefox-390-current-20261010-084221-24994.json"}
2026-10-10T08:53:35.6165880Z 
2026-10-10T08:53:35.6558981Z [387/406] [firefox] › tests/ui028-w28-routes.spec.ts:47:5 › UI028.W28 61 canonical routes render with measured 1440px layout geometry
2026-10-10T08:54:49.5098664Z [firefox] › tests/ui028-w28-routes.spec.ts:47:5 › UI028.W28 61 canonical routes render with measured 1440px layout geometry
2026-10-10T08:54:49.5100608Z [w28-route-geometry] {"browser":"firefox","width":1440,"routes":61,"issues":0,"pageErrors":0,"evidence":"evidence/frontend-ui-improvements/UI028/W28/route-geometry-firefox-1440-current-20261010-084221-24994.json"}
2026-10-10T08:54:49.5101336Z 
2026-10-10T08:54:49.6120404Z [388/406] [firefox] › tests/ui028-w29-reflow.spec.ts:30:5 › UI028.W29 320px reflow retains representative actions and contains overflow
2026-10-10T08:55:01.6777464Z [firefox] › tests/ui028-w29-reflow.spec.ts:30:5 › UI028.W29 320px reflow retains representative actions and contains overflow
2026-10-10T08:55:01.6779033Z [w29-responsive-profile] {"browser":"firefox","width":320,"profiles":7,"issues":0,"pageErrors":0,"evidence":"evidence/frontend-ui-improvements/UI028/W29/responsive-profile-firefox-320-current-20261010-084221-24994.json"}
2026-10-10T08:55:01.6779455Z 
2026-10-10T08:55:01.7087785Z [389/406] [firefox] › tests/ui028-w29-reflow.spec.ts:30:5 › UI028.W29 390px reflow retains representative actions and contains overflow
2026-10-10T08:55:12.0827343Z [firefox] › tests/ui028-w29-reflow.spec.ts:30:5 › UI028.W29 390px reflow retains representative actions and contains overflow
2026-10-10T08:55:12.0828630Z [w29-responsive-profile] {"browser":"firefox","width":390,"profiles":7,"issues":0,"pageErrors":0,"evidence":"evidence/frontend-ui-improvements/UI028/W29/responsive-profile-firefox-390-current-20261010-084221-24994.json"}
2026-10-10T08:55:12.0829434Z 
2026-10-10T08:55:16.3995253Z [390/406] [firefox] › tests/ui028-w29-reflow.spec.ts:30:5 › UI028.W29 767px reflow retains representative actions and contains overflow
2026-10-10T08:55:26.7627781Z [firefox] › tests/ui028-w29-reflow.spec.ts:30:5 › UI028.W29 767px reflow retains representative actions and contains overflow
2026-10-10T08:55:26.7628583Z [w29-responsive-profile] {"browser":"firefox","width":767,"profiles":7,"issues":0,"pageErrors":0,"evidence":"evidence/frontend-ui-improvements/UI028/W29/responsive-profile-firefox-767-current-20261010-084221-24994.json"}
2026-10-10T08:55:26.7629016Z 
2026-10-10T08:55:26.7970607Z [391/406] [firefox] › tests/ui028-w29-reflow.spec.ts:30:5 › UI028.W29 768px reflow retains representative actions and contains overflow
2026-10-10T08:55:37.3343108Z [firefox] › tests/ui028-w29-reflow.spec.ts:30:5 › UI028.W29 768px reflow retains representative actions and contains overflow
2026-10-10T08:55:37.3344323Z [w29-responsive-profile] {"browser":"firefox","width":768,"profiles":7,"issues":0,"pageErrors":0,"evidence":"evidence/frontend-ui-improvements/UI028/W29/responsive-profile-firefox-768-current-20261010-084221-24994.json"}
2026-10-10T08:55:37.3344779Z 
2026-10-10T08:55:37.3617424Z [392/406] [firefox] › tests/ui028-w29-reflow.spec.ts:30:5 › UI028.W29 1024px reflow retains representative actions and contains overflow
2026-10-10T08:55:48.1287029Z [firefox] › tests/ui028-w29-reflow.spec.ts:30:5 › UI028.W29 1024px reflow retains representative actions and contains overflow
2026-10-10T08:55:48.1288824Z [w29-responsive-profile] {"browser":"firefox","width":1024,"profiles":7,"issues":0,"pageErrors":0,"evidence":"evidence/frontend-ui-improvements/UI028/W29/responsive-profile-firefox-1024-current-20261010-084221-24994.json"}
2026-10-10T08:55:48.1289673Z 
2026-10-10T08:55:48.1687985Z [393/406] [firefox] › tests/ui028-w29-reflow.spec.ts:30:5 › UI028.W29 1279px reflow retains representative actions and contains overflow
2026-10-10T08:55:59.8206638Z [firefox] › tests/ui028-w29-reflow.spec.ts:30:5 › UI028.W29 1279px reflow retains representative actions and contains overflow
2026-10-10T08:55:59.8207557Z [w29-responsive-profile] {"browser":"firefox","width":1279,"profiles":7,"issues":0,"pageErrors":0,"evidence":"evidence/frontend-ui-improvements/UI028/W29/responsive-profile-firefox-1279-current-20261010-084221-24994.json"}
2026-10-10T08:55:59.8208024Z 
2026-10-10T08:55:59.8534240Z [394/406] [firefox] › tests/ui028-w29-reflow.spec.ts:30:5 › UI028.W29 1280px reflow retains representative actions and contains overflow
2026-10-10T08:56:10.1936642Z [firefox] › tests/ui028-w29-reflow.spec.ts:30:5 › UI028.W29 1280px reflow retains representative actions and contains overflow
2026-10-10T08:56:10.1937999Z [w29-responsive-profile] {"browser":"firefox","width":1280,"profiles":7,"issues":0,"pageErrors":0,"evidence":"evidence/frontend-ui-improvements/UI028/W29/responsive-profile-firefox-1280-current-20261010-084221-24994.json"}
2026-10-10T08:56:10.1938845Z 
2026-10-10T08:56:10.2287010Z [395/406] [firefox] › tests/ui028-w29-reflow.spec.ts:30:5 › UI028.W29 1440px reflow retains representative actions and contains overflow
2026-10-10T08:56:20.5961049Z [firefox] › tests/ui028-w29-reflow.spec.ts:30:5 › UI028.W29 1440px reflow retains representative actions and contains overflow
2026-10-10T08:56:20.5963134Z [w29-responsive-profile] {"browser":"firefox","width":1440,"profiles":7,"issues":0,"pageErrors":0,"evidence":"evidence/frontend-ui-improvements/UI028/W29/responsive-profile-firefox-1440-current-20261010-084221-24994.json"}
2026-10-10T08:56:20.5964323Z 
2026-10-10T08:56:20.6580124Z [396/406] [firefox] › tests/ui028-w29-reflow.spec.ts:30:5 › UI028.W29 1920px reflow retains representative actions and contains overflow
2026-10-10T08:56:30.6395329Z [firefox] › tests/ui028-w29-reflow.spec.ts:30:5 › UI028.W29 1920px reflow retains representative actions and contains overflow
2026-10-10T08:56:30.6396702Z [w29-responsive-profile] {"browser":"firefox","width":1920,"profiles":7,"issues":0,"pageErrors":0,"evidence":"evidence/frontend-ui-improvements/UI028/W29/responsive-profile-firefox-1920-current-20261010-084221-24994.json"}
2026-10-10T08:56:30.6397789Z 
2026-10-10T08:56:30.7418594Z [397/406] [firefox] › tests/ui028-w30-stress.spec.ts:75:5 › UI028.W30 form-error-short: 200% text and spacing stress at 320x480
2026-10-10T08:56:33.9635524Z [firefox] › tests/ui028-w30-stress.spec.ts:75:5 › UI028.W30 form-error-short: 200% text and spacing stress at 320x480
2026-10-10T08:56:33.9636980Z [w30-stress] {"browser":"firefox","scenario":"form-error-short","viewport":{"width":320,"height":480},"scaledTextElements":55,"issues":0,"pageErrors":0,"evidence":"evidence/frontend-ui-improvements/UI028/W30/stress-firefox-form-error-short-current-20261010-084221-24994.json"}
2026-10-10T08:56:33.9637886Z 
2026-10-10T08:56:34.0017469Z [398/406] [firefox] › tests/ui028-w30-stress.spec.ts:75:5 › UI028.W30 mobile-menu-long-label: 200% text and spacing stress at 390x560
2026-10-10T08:56:36.6514660Z [firefox] › tests/ui028-w30-stress.spec.ts:75:5 › UI028.W30 mobile-menu-long-label: 200% text and spacing stress at 390x560
2026-10-10T08:56:36.6515920Z [w30-stress] {"browser":"firefox","scenario":"mobile-menu-long-label","viewport":{"width":390,"height":560},"scaledTextElements":148,"issues":0,"pageErrors":0,"evidence":"evidence/frontend-ui-improvements/UI028/W30/stress-firefox-mobile-menu-long-label-current-20261010-084221-24994.json"}
2026-10-10T08:56:36.6517100Z 
2026-10-10T08:56:36.6818310Z [399/406] [firefox] › tests/ui028-w30-stress.spec.ts:75:5 › UI028.W30 report-long-id: 200% text and spacing stress at 640x450
2026-10-10T08:56:38.7110731Z [firefox] › tests/ui028-w30-stress.spec.ts:75:5 › UI028.W30 report-long-id: 200% text and spacing stress at 640x450
2026-10-10T08:56:38.7112212Z [w30-stress] {"browser":"firefox","scenario":"report-long-id","viewport":{"width":640,"height":450},"scaledTextElements":244,"issues":0,"pageErrors":0,"evidence":"evidence/frontend-ui-improvements/UI028/W30/stress-firefox-report-long-id-current-20261010-084221-24994.json"}
2026-10-10T08:56:38.7113047Z 
2026-10-10T08:56:44.7950369Z [400/406] [firefox] › tests/ui028-w30-stress.spec.ts:75:5 › UI028.W30 inbox-long-composer: 200% text and spacing stress at 390x560
2026-10-10T08:56:46.7847186Z [firefox] › tests/ui028-w30-stress.spec.ts:75:5 › UI028.W30 inbox-long-composer: 200% text and spacing stress at 390x560
2026-10-10T08:56:46.7848260Z [w30-stress] {"browser":"firefox","scenario":"inbox-long-composer","viewport":{"width":390,"height":560},"scaledTextElements":71,"issues":0,"pageErrors":0,"evidence":"evidence/frontend-ui-improvements/UI028/W30/stress-firefox-inbox-long-composer-current-20261010-084221-24994.json"}
2026-10-10T08:56:46.7848902Z 
2026-10-10T08:56:46.8104348Z [401/406] [firefox] › tests/ui028-w30-stress.spec.ts:75:5 › UI028.W30 dialog-long-reason: 200% text and spacing stress at 320x480
2026-10-10T08:56:48.8355497Z [firefox] › tests/ui028-w30-stress.spec.ts:75:5 › UI028.W30 dialog-long-reason: 200% text and spacing stress at 320x480
2026-10-10T08:56:48.8375785Z [w30-stress] {"browser":"firefox","scenario":"dialog-long-reason","viewport":{"width":320,"height":480},"scaledTextElements":80,"issues":0,"pageErrors":0,"evidence":"evidence/frontend-ui-improvements/UI028/W30/stress-firefox-dialog-long-reason-current-20261010-084221-24994.json"}
2026-10-10T08:56:48.8376953Z 
2026-10-10T08:56:48.9609957Z [402/406] [firefox] › tests/vertical-slices/fe022-flows.spec.ts:38:1 › FE022.VS01 catalog → stock → order → prep keeps product, reservation, and order references linked
2026-10-10T08:56:56.1804335Z [403/406] [firefox] › tests/vertical-slices/fe022-flows.spec.ts:92:1 › FE022.VS02 procurement → approval → receipt → stock and payable preserves the purchase identity
2026-10-10T08:57:07.1058533Z [404/406] [firefox] › tests/vertical-slices/fe022-flows.spec.ts:168:1 › FE022.VS03 finance → reconciliation retains bank transaction and partial debt allocation
2026-10-10T08:57:11.8231175Z [405/406] [firefox] › tests/vertical-slices/fe022-flows.spec.ts:210:1 › FE022.VS04 inbox → knowledge draft → bot evaluation preserves feedback and revision source IDs
2026-10-10T08:57:17.0982893Z [406/406] [firefox] › tests/vertical-slices/fe022-flows.spec.ts:252:1 › FE022.S05 route and feature matrix covers canonical IDs with executed cases or explicit frontend gaps
2026-10-10T08:57:32.1914472Z   1 failed
2026-10-10T08:57:32.1915860Z     [firefox] › tests/ui-finance-layout.spec.ts:129:1 › Finance report, entry, journal, reconciliation and period dialogs remain in the viewport without submitting 
2026-10-10T08:57:32.1916783Z   405 passed (55.3m)
2026-10-10T08:57:32.2438600Z ##[error]Process completed with exit code 1.
2026-10-10T08:57:32.2597819Z ##[group]Run actions/upload-artifact@043fb46d1a93c77aae656e7c1c64a875d1fc6a0a
2026-10-10T08:57:32.2598112Z with:
2026-10-10T08:57:32.2598342Z   name: frontend-firefox-38036173350-1-8ddfd1d8b5597e92ea70a8823f1027413f0b3bc3
2026-10-10T08:57:32.2598993Z   path: BotSalesAI_Frontend/apps/web/dist/
BotSalesAI_Frontend/apps/web/dist-demo/
BotSalesAI_Frontend/test-results/

2026-10-10T08:57:32.2599345Z   if-no-files-found: ignore
2026-10-10T08:57:32.2599484Z   retention-days: 14
2026-10-10T08:57:32.2599610Z   compression-level: 6
2026-10-10T08:57:32.2599734Z   overwrite: false
2026-10-10T08:57:32.2599861Z   include-hidden-files: false
2026-10-10T08:57:32.2600002Z   archive: true
2026-10-10T08:57:32.2600130Z ##[endgroup]
2026-10-10T08:57:32.5685210Z Multiple search paths detected. Calculating the least common ancestor of all paths
2026-10-10T08:57:32.5687501Z The least common ancestor is /home/runner/work/Bot-AI-Ban-hang-FB/Bot-AI-Ban-hang-FB/BotSalesAI_Frontend. This will be the root directory of the artifact
2026-10-10T08:57:32.5688265Z With the provided path, there will be 77 files uploaded
2026-10-10T08:57:32.5702893Z Artifact name is valid!
2026-10-10T08:57:32.5703397Z Root directory input is valid!
2026-10-10T08:57:32.8394469Z Uploading artifact: frontend-firefox-38036173350-1-8ddfd1d8b5597e92ea70a8823f1027413f0b3bc3.zip
2026-10-10T08:57:32.8425431Z Beginning upload of artifact content to blob storage
2026-10-10T08:57:33.5347871Z Uploaded bytes 2991109
2026-10-10T08:57:33.6054180Z Finished uploading artifact content to blob storage!
2026-10-10T08:57:33.6054993Z SHA256 digest of uploaded artifact is 30a51369ae89129f6980801e0a3a7ed6d7e89bfe5fca50f12fe546838581f44a
2026-10-10T08:57:33.6055555Z Finalizing artifact upload
2026-10-10T08:57:33.8842586Z Artifact frontend-firefox-38036173350-1-8ddfd1d8b5597e92ea70a8823f1027413f0b3bc3 successfully finalized. Artifact ID 11664733738
2026-10-10T08:57:33.8843753Z Artifact frontend-firefox-38036173350-1-8ddfd1d8b5597e92ea70a8823f1027413f0b3bc3 has been successfully uploaded! Final size is 2991109 bytes. Artifact ID is 11664733738
2026-10-10T08:57:33.8846006Z Artifact download URL: https://github.com/LonelyTraderBay/Bot-AI-Ban-hang-FB/actions/runs/38036173350/artifacts/11664733738
2026-10-10T08:57:33.9033168Z Post job cleanup.
2026-10-10T08:57:33.9706957Z [command]/usr/bin/git version
2026-10-10T08:57:33.9757164Z git version 2.55.0
2026-10-10T08:57:33.9784941Z Temporarily overriding HOME='/home/runner/work/_temp/5df9ff03-c529-4e7a-babb-c232a56e41a9' before making global git config changes
2026-10-10T08:57:33.9785730Z Adding repository directory to the temporary git global config as a safe directory
2026-10-10T08:57:33.9786425Z [command]/usr/bin/git config --global --add safe.directory /home/runner/work/Bot-AI-Ban-hang-FB/Bot-AI-Ban-hang-FB
2026-10-10T08:57:33.9831210Z Removing SSH command configuration
2026-10-10T08:57:33.9837397Z [command]/usr/bin/git config --local --name-only --get-regexp core\.sshCommand
2026-10-10T08:57:33.9896245Z [command]/usr/bin/git submodule foreach --recursive sh -c "git config --local --name-only --get-regexp 'core\.sshCommand' && git config --local --unset-all 'core.sshCommand' || :"
2026-10-10T08:57:34.0221779Z Removing HTTP extra header
2026-10-10T08:57:34.0227178Z [command]/usr/bin/git config --local --name-only --get-regexp http\.https\:\/\/github\.com\/\.extraheader
2026-10-10T08:57:34.0267341Z [command]/usr/bin/git submodule foreach --recursive sh -c "git config --local --name-only --get-regexp 'http\.https\:\/\/github\.com\/\.extraheader' && git config --local --unset-all 'http.https://github.com/.extraheader' || :"
2026-10-10T08:57:34.0481090Z Removing includeIf entries pointing to credentials config files
2026-10-10T08:57:34.0486381Z [command]/usr/bin/git config --local --name-only --get-regexp ^includeIf\.gitdir:
2026-10-10T08:57:34.0522730Z includeif.gitdir:/home/runner/work/Bot-AI-Ban-hang-FB/Bot-AI-Ban-hang-FB/.git.path
2026-10-10T08:57:34.0523318Z includeif.gitdir:/home/runner/work/Bot-AI-Ban-hang-FB/Bot-AI-Ban-hang-FB/.git/worktrees/*.path
2026-10-10T08:57:34.0523639Z includeif.gitdir:/github/workspace/.git.path
2026-10-10T08:57:34.0523888Z includeif.gitdir:/github/workspace/.git/worktrees/*.path
2026-10-10T08:57:34.0530584Z [command]/usr/bin/git config --local --get-all includeif.gitdir:/home/runner/work/Bot-AI-Ban-hang-FB/Bot-AI-Ban-hang-FB/.git.path
2026-10-10T08:57:34.0555651Z /home/runner/work/_temp/git-credentials-de576943-29dc-4607-823b-65ee157bcb77.config
2026-10-10T08:57:34.0578363Z [command]/usr/bin/git config --local --unset includeif.gitdir:/home/runner/work/Bot-AI-Ban-hang-FB/Bot-AI-Ban-hang-FB/.git.path \/home\/runner\/work\/_temp\/git\-credentials\-de576943\-29dc\-4607\-823b\-65ee157bcb77\.config
2026-10-10T08:57:34.0603110Z [command]/usr/bin/git config --local --get-all includeif.gitdir:/home/runner/work/Bot-AI-Ban-hang-FB/Bot-AI-Ban-hang-FB/.git/worktrees/*.path
2026-10-10T08:57:34.0629725Z /home/runner/work/_temp/git-credentials-de576943-29dc-4607-823b-65ee157bcb77.config
2026-10-10T08:57:34.0637745Z [command]/usr/bin/git config --local --unset includeif.gitdir:/home/runner/work/Bot-AI-Ban-hang-FB/Bot-AI-Ban-hang-FB/.git/worktrees/*.path \/home\/runner\/work\/_temp\/git\-credentials\-de576943\-29dc\-4607\-823b\-65ee157bcb77\.config
2026-10-10T08:57:34.0677571Z [command]/usr/bin/git config --local --get-all includeif.gitdir:/github/workspace/.git.path
2026-10-10T08:57:34.0703454Z /github/runner_temp/git-credentials-de576943-29dc-4607-823b-65ee157bcb77.config
2026-10-10T08:57:34.0709847Z [command]/usr/bin/git config --local --unset includeif.gitdir:/github/workspace/.git.path \/github\/runner_temp\/git\-credentials\-de576943\-29dc\-4607\-823b\-65ee157bcb77\.config
2026-10-10T08:57:34.0742286Z [command]/usr/bin/git config --local --get-all includeif.gitdir:/github/workspace/.git/worktrees/*.path
2026-10-10T08:57:34.0783677Z /github/runner_temp/git-credentials-de576943-29dc-4607-823b-65ee157bcb77.config
2026-10-10T08:57:34.0798621Z [command]/usr/bin/git config --local --unset includeif.gitdir:/github/workspace/.git/worktrees/*.path \/github\/runner_temp\/git\-credentials\-de576943\-29dc\-4607\-823b\-65ee157bcb77\.config
2026-10-10T08:57:34.0837277Z [command]/usr/bin/git submodule foreach --recursive git config --local --show-origin --name-only --get-regexp remote.origin.url
2026-10-10T08:57:34.1066746Z Removing credentials config '/home/runner/work/_temp/git-credentials-de576943-29dc-4607-823b-65ee157bcb77.config'
2026-10-10T08:57:34.1218561Z Cleaning up orphan processes
