2026-10-10T07:56:54.0791342Z Current runner version: '2.337.0'
2026-10-10T07:56:54.0808418Z ##[group]Runner Image Provisioner
2026-10-10T07:56:54.0809529Z Hosted Compute Agent
2026-10-10T07:56:54.0809910Z Version: 20261002.596
2026-10-10T07:56:54.0810269Z Commit: c3d12f3313a95f25162a1503be624f3b0617f8c0
2026-10-10T07:56:54.0810707Z Build Date: 2026-10-02T22:28:27Z
2026-10-10T07:56:54.0811094Z Worker ID: {b74a5aa5-e582-493b-9408-cd3dca8b5a36}
2026-10-10T07:56:54.0811480Z Region: centralus
2026-10-10T07:56:54.0811891Z Cloud: Azure
2026-10-10T07:56:54.0812198Z ##[endgroup]
2026-10-10T07:56:54.0813012Z ##[group]Operating System
2026-10-10T07:56:54.0813361Z Ubuntu
2026-10-10T07:56:54.0813653Z 24.04.5
2026-10-10T07:56:54.0814031Z LTS
2026-10-10T07:56:54.0814326Z ##[endgroup]
2026-10-10T07:56:54.0814669Z ##[group]Runner Image
2026-10-10T07:56:54.0815028Z Image: ubuntu-24.04
2026-10-10T07:56:54.0815357Z Version: 20261004.327.1
2026-10-10T07:56:54.0816147Z Included Software: https://github.com/actions/runner-images/blob/ubuntu24/20261004.327/images/ubuntu/Ubuntu2404-Readme.md
2026-10-10T07:56:54.0817048Z Image Release: https://github.com/actions/runner-images/releases/tag/ubuntu24%2F20261004.327
2026-10-10T07:56:54.0817594Z ##[endgroup]
2026-10-10T07:56:54.0818280Z ##[group]GITHUB_TOKEN Permissions
2026-10-10T07:56:54.0819531Z Contents: read
2026-10-10T07:56:54.0819854Z Metadata: read
2026-10-10T07:56:54.0820233Z ##[endgroup]
2026-10-10T07:56:54.0821499Z Secret source: Actions
2026-10-10T07:56:54.0822076Z Cache mode: write
2026-10-10T07:56:54.0822514Z Prepare workflow directory
2026-10-10T07:56:54.1054145Z Prepare all required actions
2026-10-10T07:56:54.1087813Z Getting action download info
2026-10-10T07:56:54.3255507Z Download action repository 'actions/checkout@3d3c42e5aac5ba805825da76410c181273ba90b1' (SHA:3d3c42e5aac5ba805825da76410c181273ba90b1)
2026-10-10T07:56:54.4332112Z Download action repository 'actions/setup-node@820762786026740c76f36085b0efc47a31fe5020' (SHA:820762786026740c76f36085b0efc47a31fe5020)
2026-10-10T07:56:54.5297823Z Download action repository 'actions/upload-artifact@043fb46d1a93c77aae656e7c1c64a875d1fc6a0a' (SHA:043fb46d1a93c77aae656e7c1c64a875d1fc6a0a)
2026-10-10T07:56:54.7284477Z Complete job name: verify (chromium)
2026-10-10T07:56:54.7697402Z ##[group]Run actions/checkout@3d3c42e5aac5ba805825da76410c181273ba90b1
2026-10-10T07:56:54.7697929Z with:
2026-10-10T07:56:54.7698181Z   repository: LonelyTraderBay/Bot-AI-Ban-hang-FB
2026-10-10T07:56:54.7700414Z   token: ***
2026-10-10T07:56:54.7700634Z   ssh-strict: true
2026-10-10T07:56:54.7700859Z   ssh-user: git
2026-10-10T07:56:54.7701087Z   persist-credentials: true
2026-10-10T07:56:54.7701336Z   clean: true
2026-10-10T07:56:54.7701571Z   sparse-checkout-cone-mode: true
2026-10-10T07:56:54.7701838Z   fetch-depth: 1
2026-10-10T07:56:54.7702059Z   fetch-tags: false
2026-10-10T07:56:54.7702290Z   show-progress: true
2026-10-10T07:56:54.7702523Z   lfs: false
2026-10-10T07:56:54.7702735Z   submodules: false
2026-10-10T07:56:54.7702971Z   set-safe-directory: true
2026-10-10T07:56:54.7703245Z   allow-unsafe-pr-checkout: false
2026-10-10T07:56:54.7703589Z ##[endgroup]
2026-10-10T07:56:54.8318272Z Syncing repository: LonelyTraderBay/Bot-AI-Ban-hang-FB
2026-10-10T07:56:54.8320022Z ##[group]Getting Git version info
2026-10-10T07:56:54.8320451Z Working directory is '/home/runner/work/Bot-AI-Ban-hang-FB/Bot-AI-Ban-hang-FB'
2026-10-10T07:56:54.8321018Z [command]/usr/bin/git version
2026-10-10T07:56:54.8394256Z git version 2.55.0
2026-10-10T07:56:54.8407901Z ##[endgroup]
2026-10-10T07:56:54.8416169Z Temporarily overriding HOME='/home/runner/work/_temp/9dd93a19-4de3-4fd8-85fc-e90c9e57bd45' before making global git config changes
2026-10-10T07:56:54.8417812Z Adding repository directory to the temporary git global config as a safe directory
2026-10-10T07:56:54.8425237Z [command]/usr/bin/git config --global --add safe.directory /home/runner/work/Bot-AI-Ban-hang-FB/Bot-AI-Ban-hang-FB
2026-10-10T07:56:54.8464667Z Deleting the contents of '/home/runner/work/Bot-AI-Ban-hang-FB/Bot-AI-Ban-hang-FB'
2026-10-10T07:56:54.8467104Z ##[group]Determining repository object format
2026-10-10T07:56:54.8468021Z ##[endgroup]
2026-10-10T07:56:54.8468572Z ##[group]Initializing the repository
2026-10-10T07:56:54.8470805Z [command]/usr/bin/git init /home/runner/work/Bot-AI-Ban-hang-FB/Bot-AI-Ban-hang-FB
2026-10-10T07:56:54.8582866Z hint: Using 'master' as the name for the initial branch. This default branch name
2026-10-10T07:56:54.8583719Z hint: will change to "main" in Git 3.0. To configure the initial branch name
2026-10-10T07:56:54.8584578Z hint: to use in all of your new repositories, which will suppress this warning,
2026-10-10T07:56:54.8585195Z hint: call:
2026-10-10T07:56:54.8585518Z hint:
2026-10-10T07:56:54.8585934Z hint: 	git config --global init.defaultBranch <name>
2026-10-10T07:56:54.8586455Z hint:
2026-10-10T07:56:54.8586932Z hint: Names commonly chosen instead of 'master' are 'main', 'trunk' and
2026-10-10T07:56:54.8587732Z hint: 'development'. The just-created branch can be renamed via this command:
2026-10-10T07:56:54.8588376Z hint:
2026-10-10T07:56:54.8588713Z hint: 	git branch -m <name>
2026-10-10T07:56:54.8589203Z hint:
2026-10-10T07:56:54.8589730Z hint: Disable this message with "git config set advice.defaultBranchName false"
2026-10-10T07:56:54.8590688Z Initialized empty Git repository in /home/runner/work/Bot-AI-Ban-hang-FB/Bot-AI-Ban-hang-FB/.git/
2026-10-10T07:56:54.8599649Z [command]/usr/bin/git remote add origin https://github.com/LonelyTraderBay/Bot-AI-Ban-hang-FB
2026-10-10T07:56:54.8695218Z ##[endgroup]
2026-10-10T07:56:54.8695679Z ##[group]Disabling automatic garbage collection
2026-10-10T07:56:54.8696071Z [command]/usr/bin/git config --local gc.auto 0
2026-10-10T07:56:54.8725404Z ##[endgroup]
2026-10-10T07:56:54.8726399Z ##[group]Setting up auth
2026-10-10T07:56:54.8726865Z Removing SSH command configuration
2026-10-10T07:56:54.8729915Z [command]/usr/bin/git config --local --name-only --get-regexp core\.sshCommand
2026-10-10T07:56:54.8758295Z [command]/usr/bin/git submodule foreach --recursive sh -c "git config --local --name-only --get-regexp 'core\.sshCommand' && git config --local --unset-all 'core.sshCommand' || :"
2026-10-10T07:56:54.9028848Z Removing HTTP extra header
2026-10-10T07:56:54.9032643Z [command]/usr/bin/git config --local --name-only --get-regexp http\.https\:\/\/github\.com\/\.extraheader
2026-10-10T07:56:54.9056565Z [command]/usr/bin/git submodule foreach --recursive sh -c "git config --local --name-only --get-regexp 'http\.https\:\/\/github\.com\/\.extraheader' && git config --local --unset-all 'http.https://github.com/.extraheader' || :"
2026-10-10T07:56:54.9214351Z Removing includeIf entries pointing to credentials config files
2026-10-10T07:56:54.9217407Z [command]/usr/bin/git config --local --name-only --get-regexp ^includeIf\.gitdir:
2026-10-10T07:56:54.9243192Z [command]/usr/bin/git submodule foreach --recursive git config --local --show-origin --name-only --get-regexp remote.origin.url
2026-10-10T07:56:54.9407514Z [command]/usr/bin/git config --file /home/runner/work/_temp/git-credentials-9f96b10b-16af-4b7c-9dd1-7df36e9bb01d.config http.https://github.com/.extraheader AUTHORIZATION: basic ***
2026-10-10T07:56:54.9436301Z [command]/usr/bin/git config --local includeIf.gitdir:/home/runner/work/Bot-AI-Ban-hang-FB/Bot-AI-Ban-hang-FB/.git.path /home/runner/work/_temp/git-credentials-9f96b10b-16af-4b7c-9dd1-7df36e9bb01d.config
2026-10-10T07:56:54.9462288Z [command]/usr/bin/git config --local includeIf.gitdir:/home/runner/work/Bot-AI-Ban-hang-FB/Bot-AI-Ban-hang-FB/.git/worktrees/*.path /home/runner/work/_temp/git-credentials-9f96b10b-16af-4b7c-9dd1-7df36e9bb01d.config
2026-10-10T07:56:54.9490683Z [command]/usr/bin/git config --local includeIf.gitdir:/github/workspace/.git.path /github/runner_temp/git-credentials-9f96b10b-16af-4b7c-9dd1-7df36e9bb01d.config
2026-10-10T07:56:54.9516860Z [command]/usr/bin/git config --local includeIf.gitdir:/github/workspace/.git/worktrees/*.path /github/runner_temp/git-credentials-9f96b10b-16af-4b7c-9dd1-7df36e9bb01d.config
2026-10-10T07:56:54.9541288Z ##[endgroup]
2026-10-10T07:56:54.9541854Z ##[group]Fetching the repository
2026-10-10T07:56:54.9545192Z [command]/usr/bin/git -c protocol.version=2 fetch --no-tags --prune --no-recurse-submodules --depth=1 origin +8ddfd1d8b5597e92ea70a8823f1027413f0b3bc3:refs/remotes/origin/main
2026-10-10T07:57:06.6282075Z From https://github.com/LonelyTraderBay/Bot-AI-Ban-hang-FB
2026-10-10T07:57:06.6283670Z  * [new ref]         8ddfd1d8b5597e92ea70a8823f1027413f0b3bc3 -> origin/main
2026-10-10T07:57:06.6287708Z [command]/usr/bin/git branch --list --remote origin/main
2026-10-10T07:57:06.6312861Z   origin/main
2026-10-10T07:57:06.6318319Z [command]/usr/bin/git rev-parse refs/remotes/origin/main
2026-10-10T07:57:06.6338729Z 8ddfd1d8b5597e92ea70a8823f1027413f0b3bc3
2026-10-10T07:57:06.6342244Z ##[endgroup]
2026-10-10T07:57:06.6343346Z ##[group]Determining the checkout info
2026-10-10T07:57:06.6345104Z ##[endgroup]
2026-10-10T07:57:06.6345768Z [command]/usr/bin/git sparse-checkout disable
2026-10-10T07:57:06.6389830Z [command]/usr/bin/git config --local --unset-all extensions.worktreeConfig
2026-10-10T07:57:06.6417112Z ##[group]Checking out the ref
2026-10-10T07:57:06.6418795Z [command]/usr/bin/git checkout --progress --force -B main refs/remotes/origin/main
2026-10-10T07:57:07.6937184Z Updating files:  31% (6475/20875)
2026-10-10T07:57:07.7085870Z Updating files:  32% (6680/20875)
2026-10-10T07:57:07.7531628Z Updating files:  33% (6889/20875)
2026-10-10T07:57:07.8498204Z Updating files:  34% (7098/20875)
2026-10-10T07:57:07.8702345Z Updating files:  35% (7307/20875)
2026-10-10T07:57:07.9062332Z Updating files:  36% (7515/20875)
2026-10-10T07:57:07.9442979Z Updating files:  37% (7724/20875)
2026-10-10T07:57:07.9853663Z Updating files:  38% (7933/20875)
2026-10-10T07:57:08.0320974Z Updating files:  39% (8142/20875)
2026-10-10T07:57:08.0559649Z Updating files:  40% (8350/20875)
2026-10-10T07:57:08.0792132Z Updating files:  41% (8559/20875)
2026-10-10T07:57:08.1157507Z Updating files:  42% (8768/20875)
2026-10-10T07:57:08.1477086Z Updating files:  43% (8977/20875)
2026-10-10T07:57:08.1842018Z Updating files:  44% (9185/20875)
2026-10-10T07:57:08.2176597Z Updating files:  45% (9394/20875)
2026-10-10T07:57:08.2238179Z Updating files:  46% (9603/20875)
2026-10-10T07:57:08.2291687Z Updating files:  47% (9812/20875)
2026-10-10T07:57:08.2539569Z Updating files:  48% (10020/20875)
2026-10-10T07:57:08.2651734Z Updating files:  49% (10229/20875)
2026-10-10T07:57:08.2941528Z Updating files:  50% (10438/20875)
2026-10-10T07:57:08.3030740Z Updating files:  51% (10647/20875)
2026-10-10T07:57:08.3100994Z Updating files:  52% (10855/20875)
2026-10-10T07:57:08.3160018Z Updating files:  53% (11064/20875)
2026-10-10T07:57:08.3654436Z Updating files:  54% (11273/20875)
2026-10-10T07:57:08.3832576Z Updating files:  55% (11482/20875)
2026-10-10T07:57:08.4077713Z Updating files:  56% (11690/20875)
2026-10-10T07:57:08.4513490Z Updating files:  57% (11899/20875)
2026-10-10T07:57:08.4851990Z Updating files:  58% (12108/20875)
2026-10-10T07:57:08.5135959Z Updating files:  59% (12317/20875)
2026-10-10T07:57:08.6554699Z Updating files:  60% (12525/20875)
2026-10-10T07:57:08.6556258Z Updating files:  60% (12719/20875)
2026-10-10T07:57:08.7346603Z Updating files:  61% (12734/20875)
2026-10-10T07:57:08.7483719Z Updating files:  62% (12943/20875)
2026-10-10T07:57:08.7630473Z Updating files:  63% (13152/20875)
2026-10-10T07:57:08.7737929Z Updating files:  64% (13360/20875)
2026-10-10T07:57:08.7828673Z Updating files:  65% (13569/20875)
2026-10-10T07:57:08.7931505Z Updating files:  66% (13778/20875)
2026-10-10T07:57:08.8013602Z Updating files:  67% (13987/20875)
2026-10-10T07:57:08.8098499Z Updating files:  68% (14195/20875)
2026-10-10T07:57:08.8172485Z Updating files:  69% (14404/20875)
2026-10-10T07:57:08.8258663Z Updating files:  70% (14613/20875)
2026-10-10T07:57:08.8352461Z Updating files:  71% (14822/20875)
2026-10-10T07:57:08.8543331Z Updating files:  72% (15030/20875)
2026-10-10T07:57:08.8671544Z Updating files:  73% (15239/20875)
2026-10-10T07:57:08.8776723Z Updating files:  74% (15448/20875)
2026-10-10T07:57:08.8894331Z Updating files:  75% (15657/20875)
2026-10-10T07:57:08.8988684Z Updating files:  76% (15865/20875)
2026-10-10T07:57:08.9082518Z Updating files:  77% (16074/20875)
2026-10-10T07:57:08.9172022Z Updating files:  78% (16283/20875)
2026-10-10T07:57:08.9263643Z Updating files:  79% (16492/20875)
2026-10-10T07:57:08.9349405Z Updating files:  80% (16700/20875)
2026-10-10T07:57:08.9433846Z Updating files:  81% (16909/20875)
2026-10-10T07:57:08.9517317Z Updating files:  82% (17118/20875)
2026-10-10T07:57:08.9607048Z Updating files:  83% (17327/20875)
2026-10-10T07:57:08.9701548Z Updating files:  84% (17535/20875)
2026-10-10T07:57:08.9784011Z Updating files:  85% (17744/20875)
2026-10-10T07:57:08.9898473Z Updating files:  86% (17953/20875)
2026-10-10T07:57:09.0000860Z Updating files:  87% (18162/20875)
2026-10-10T07:57:09.0086634Z Updating files:  88% (18370/20875)
2026-10-10T07:57:09.0168539Z Updating files:  89% (18579/20875)
2026-10-10T07:57:09.0255499Z Updating files:  90% (18788/20875)
2026-10-10T07:57:09.0341660Z Updating files:  91% (18997/20875)
2026-10-10T07:57:09.0435178Z Updating files:  92% (19205/20875)
2026-10-10T07:57:09.0519416Z Updating files:  93% (19414/20875)
2026-10-10T07:57:09.0652956Z Updating files:  94% (19623/20875)
2026-10-10T07:57:09.0744078Z Updating files:  95% (19832/20875)
2026-10-10T07:57:09.0846419Z Updating files:  96% (20040/20875)
2026-10-10T07:57:09.1148098Z Updating files:  97% (20249/20875)
2026-10-10T07:57:09.1262755Z Updating files:  98% (20458/20875)
2026-10-10T07:57:09.1586410Z Updating files:  99% (20667/20875)
2026-10-10T07:57:09.1586647Z Updating files: 100% (20875/20875)
2026-10-10T07:57:09.1586802Z Updating files: 100% (20875/20875), done.
2026-10-10T07:57:09.1725133Z Switched to a new branch 'main'
2026-10-10T07:57:09.1730141Z branch 'main' set up to track 'origin/main'.
2026-10-10T07:57:09.1832240Z ##[endgroup]
2026-10-10T07:57:09.1873542Z [command]/usr/bin/git log -1 --format=%H
2026-10-10T07:57:09.1897471Z 8ddfd1d8b5597e92ea70a8823f1027413f0b3bc3
2026-10-10T07:57:09.2078715Z ##[group]Run actions/setup-node@820762786026740c76f36085b0efc47a31fe5020
2026-10-10T07:57:09.2078926Z with:
2026-10-10T07:57:09.2079039Z   node-version: 24
2026-10-10T07:57:09.2079328Z   cache: npm
2026-10-10T07:57:09.2079484Z   cache-dependency-path: BotSalesAI_Frontend/package-lock.json
2026-10-10T07:57:09.2079673Z   check-latest: false
2026-10-10T07:57:09.2080943Z   token: ***
2026-10-10T07:57:09.2081065Z   package-manager-cache: true
2026-10-10T07:57:09.2081204Z ##[endgroup]
2026-10-10T07:57:09.3350269Z Found in cache @ /opt/hostedtoolcache/node/24.21.0/x64
2026-10-10T07:57:09.3351222Z ##[group]Environment details
2026-10-10T07:57:11.7607966Z node: v24.21.0
2026-10-10T07:57:11.7608234Z npm: 11.19.0
2026-10-10T07:57:11.7608366Z yarn: 1.22.22
2026-10-10T07:57:11.7610111Z ##[endgroup]
2026-10-10T07:57:11.7619390Z [command]/opt/hostedtoolcache/node/24.21.0/x64/bin/npm config get cache
2026-10-10T07:57:11.9994379Z /home/runner/.npm
2026-10-10T07:57:12.1543071Z Cache hit for: node-cache-Linux-x64-npm-59940755336ccebfb01608b4b67032f886f15c0a5419cadf1ab2b1b289ed121c
2026-10-10T07:57:13.0690393Z Received 47017133 of 47017133 (100.0%), 58.8 MBs/sec
2026-10-10T07:57:13.0691519Z Cache Size: ~45 MB (47017133 B)
2026-10-10T07:57:13.0764546Z [command]/usr/bin/tar -xf /home/runner/work/_temp/fa446018-1093-4371-9a5c-3d06eff26c38/cache.tzst -P -C /home/runner/work/Bot-AI-Ban-hang-FB/Bot-AI-Ban-hang-FB --use-compress-program unzstd
2026-10-10T07:57:13.2467156Z Cache restored successfully
2026-10-10T07:57:13.2490834Z Cache restored from key: node-cache-Linux-x64-npm-59940755336ccebfb01608b4b67032f886f15c0a5419cadf1ab2b1b289ed121c
2026-10-10T07:57:13.2740858Z ##[group]Run npm install --global npm@11.17.0
2026-10-10T07:57:13.2741133Z [36;1mnpm install --global npm@11.17.0[0m
2026-10-10T07:57:13.3366836Z shell: /usr/bin/bash -e {0}
2026-10-10T07:57:13.3367040Z ##[endgroup]
2026-10-10T07:57:15.7148356Z 
2026-10-10T07:57:15.7155249Z changed 19 packages in 2s
2026-10-10T07:57:15.7155885Z 
2026-10-10T07:57:15.7156107Z 15 packages are looking for funding
2026-10-10T07:57:15.7156413Z   run `npm fund` for details
2026-10-10T07:57:15.7721483Z ##[group]Run test -f package-lock.json || (echo 'Run npm install on an authorized online machine and commit the generated lockfile.' && exit 1)
2026-10-10T07:57:15.7722254Z [36;1mtest -f package-lock.json || (echo 'Run npm install on an authorized online machine and commit the generated lockfile.' && exit 1)[0m
2026-10-10T07:57:15.7777539Z shell: /usr/bin/bash -e {0}
2026-10-10T07:57:15.7777688Z ##[endgroup]
2026-10-10T07:57:15.8415848Z ##[group]Run npm ci
2026-10-10T07:57:15.8416038Z [36;1mnpm ci[0m
2026-10-10T07:57:15.8471027Z shell: /usr/bin/bash -e {0}
2026-10-10T07:57:15.8471176Z ##[endgroup]
2026-10-10T07:57:17.3187409Z npm warn deprecated whatwg-encoding@3.1.1: Use @exodus/bytes instead for a more spec-conformant and faster implementation
2026-10-10T07:57:18.6549669Z npm warn deprecated eslint@9.34.0: This version is no longer supported. Please see https://eslint.org/version-support for other options.
2026-10-10T07:57:22.9702551Z 
2026-10-10T07:57:22.9703536Z added 411 packages, and audited 413 packages in 7s
2026-10-10T07:57:22.9704125Z 
2026-10-10T07:57:22.9704484Z 86 packages are looking for funding
2026-10-10T07:57:22.9705019Z   run `npm fund` for details
2026-10-10T07:57:22.9710851Z 
2026-10-10T07:57:22.9711097Z found 0 vulnerabilities
2026-10-10T07:57:22.9717593Z npm warn allow-scripts 2 packages have install scripts not yet covered by allowScripts:
2026-10-10T07:57:22.9718424Z npm warn allow-scripts   esbuild@0.28.2 (postinstall: node install.js)
2026-10-10T07:57:22.9719352Z npm warn allow-scripts   msw@2.11.1 (postinstall: node -e "import('./config/scripts/postinstall.js').catch(() => void 0)")
2026-10-10T07:57:22.9720029Z npm warn allow-scripts
2026-10-10T07:57:22.9720764Z npm warn allow-scripts Run `npm approve-scripts --allow-scripts-pending` to review, or `npm approve-scripts <pkg>` to allow.
2026-10-10T07:57:23.0282799Z ##[group]Run npm audit --audit-level=low
2026-10-10T07:57:23.0283026Z [36;1mnpm audit --audit-level=low[0m
2026-10-10T07:57:23.0336464Z shell: /usr/bin/bash -e {0}
2026-10-10T07:57:23.0336613Z ##[endgroup]
2026-10-10T07:57:23.3694274Z found 0 vulnerabilities
2026-10-10T07:57:23.3797572Z ##[group]Run npm run setup
2026-10-10T07:57:23.3797824Z [36;1mnpm run setup[0m
2026-10-10T07:57:23.3863407Z shell: /usr/bin/bash -e {0}
2026-10-10T07:57:23.3863648Z ##[endgroup]
2026-10-10T07:57:23.4725463Z 
2026-10-10T07:57:23.4726130Z > botsales-frontend@0.1.0 setup
2026-10-10T07:57:23.4726487Z > node scripts/setup.mjs
2026-10-10T07:57:23.4726639Z 
2026-10-10T07:57:23.6290694Z {"status":"PASS","outputs":15,"schemas":346,"operations":245,"routes":61}
2026-10-10T07:57:23.6916940Z Copying the worker script at "/home/runner/work/Bot-AI-Ban-hang-FB/Bot-AI-Ban-hang-FB/BotSalesAI_Frontend/apps/web/public"...
2026-10-10T07:57:23.6941831Z 
2026-10-10T07:57:23.6942570Z [32mWorker script successfully copied![39m
2026-10-10T07:57:23.6942962Z [90m  - public
2026-10-10T07:57:23.6943166Z [39m
2026-10-10T07:57:23.6943463Z Continue by describing the network in your application:
2026-10-10T07:57:23.6943683Z 
2026-10-10T07:57:23.6943689Z 
2026-10-10T07:57:23.6944569Z [31m[1mhttps://mswjs.io/docs/quick-start[22m[39m
2026-10-10T07:57:23.6944773Z 
2026-10-10T07:57:23.6995438Z Thiết lập xong. npm run dev chạy frontend mô phỏng; không kết nối khách hàng hoặc provider thật.
2026-10-10T07:57:23.7125145Z ##[group]Run npx playwright install --with-deps chromium firefox
2026-10-10T07:57:23.7125549Z [36;1mnpx playwright install --with-deps chromium firefox[0m
2026-10-10T07:57:23.7195940Z shell: /usr/bin/bash -e {0}
2026-10-10T07:57:23.7196169Z ##[endgroup]
2026-10-10T07:57:24.1626351Z Installing dependencies...
2026-10-10T07:57:24.1684261Z Switching to root user to install dependencies...
2026-10-10T07:57:24.2880794Z Get:1 file:/etc/apt/apt-mirrors.txt Mirrorlist [144 B]
2026-10-10T07:57:24.3219832Z Get:6 https://packages.microsoft.com/ubuntu/24.04/prod noble InRelease [3600 B]
2026-10-10T07:57:24.3391660Z Hit:2 http://azure.archive.ubuntu.com/ubuntu noble InRelease
2026-10-10T07:57:24.3398762Z Get:3 http://azure.archive.ubuntu.com/ubuntu noble-updates InRelease [126 kB]
2026-10-10T07:57:24.3465309Z Get:4 http://azure.archive.ubuntu.com/ubuntu noble-backports InRelease [126 kB]
2026-10-10T07:57:24.3531418Z Get:5 http://azure.archive.ubuntu.com/ubuntu noble-security InRelease [126 kB]
2026-10-10T07:57:24.4151062Z Get:7 https://packages.microsoft.com/ubuntu/24.04/prod noble/main armhf Packages [12.3 kB]
2026-10-10T07:57:24.4278886Z Get:8 https://packages.microsoft.com/ubuntu/24.04/prod noble/main all Packages [640 B]
2026-10-10T07:57:24.4325858Z Get:9 https://packages.microsoft.com/ubuntu/24.04/prod noble/main arm64 Packages [492 kB]
2026-10-10T07:57:24.4400439Z Get:10 https://packages.microsoft.com/ubuntu/24.04/prod noble/main amd64 Packages [548 kB]
2026-10-10T07:57:24.5071340Z Get:11 http://azure.archive.ubuntu.com/ubuntu noble-updates/main amd64 Packages [1375 kB]
2026-10-10T07:57:24.5123327Z Get:12 http://azure.archive.ubuntu.com/ubuntu noble-updates/main Translation-en [306 kB]
2026-10-10T07:57:24.5139241Z Get:13 http://azure.archive.ubuntu.com/ubuntu noble-updates/universe amd64 Packages [1702 kB]
2026-10-10T07:57:24.5200917Z Get:14 http://azure.archive.ubuntu.com/ubuntu noble-updates/universe Translation-en [342 kB]
2026-10-10T07:57:24.5221166Z Get:15 http://azure.archive.ubuntu.com/ubuntu noble-updates/restricted amd64 Packages [1761 kB]
2026-10-10T07:57:24.5281470Z Get:16 http://azure.archive.ubuntu.com/ubuntu noble-updates/restricted Translation-en [401 kB]
2026-10-10T07:57:24.5300380Z Get:17 http://azure.archive.ubuntu.com/ubuntu noble-updates/multiverse amd64 Packages [55.0 kB]
2026-10-10T07:57:24.5310797Z Get:18 http://azure.archive.ubuntu.com/ubuntu noble-updates/multiverse Translation-en [14.3 kB]
2026-10-10T07:57:24.5856032Z Get:19 http://azure.archive.ubuntu.com/ubuntu noble-security/main amd64 Packages [1121 kB]
2026-10-10T07:57:24.5931978Z Get:20 http://azure.archive.ubuntu.com/ubuntu noble-security/main Translation-en [228 kB]
2026-10-10T07:57:24.6355287Z Get:21 http://azure.archive.ubuntu.com/ubuntu noble-security/universe amd64 Packages [1220 kB]
2026-10-10T07:57:24.6405106Z Get:22 http://azure.archive.ubuntu.com/ubuntu noble-security/universe Translation-en [245 kB]
2026-10-10T07:57:24.6422131Z Get:23 http://azure.archive.ubuntu.com/ubuntu noble-security/restricted amd64 Packages [1669 kB]
2026-10-10T07:57:24.6502476Z Get:24 http://azure.archive.ubuntu.com/ubuntu noble-security/restricted Translation-en [383 kB]
2026-10-10T07:57:24.6515948Z Get:25 http://azure.archive.ubuntu.com/ubuntu noble-security/multiverse amd64 Packages [49.8 kB]
2026-10-10T07:57:24.6526285Z Get:26 http://azure.archive.ubuntu.com/ubuntu noble-security/multiverse Translation-en [12.4 kB]
2026-10-10T07:57:31.8769902Z Fetched 12.3 MB in 1s (12.5 MB/s)
2026-10-10T07:57:32.3662534Z Reading package lists...
2026-10-10T07:57:32.3860607Z Reading package lists...
2026-10-10T07:57:32.5648944Z Building dependency tree...
2026-10-10T07:57:32.5654725Z Reading state information...
2026-10-10T07:57:32.6943937Z libasound2t64 is already the newest version (1.2.11-1ubuntu0.3).
2026-10-10T07:57:32.6944514Z libasound2t64 set to manually installed.
2026-10-10T07:57:32.6945013Z libatk-bridge2.0-0t64 is already the newest version (2.52.0-1build1).
2026-10-10T07:57:32.6946217Z libatk-bridge2.0-0t64 set to manually installed.
2026-10-10T07:57:32.6946809Z libatk1.0-0t64 is already the newest version (2.52.0-1build1).
2026-10-10T07:57:32.6947297Z libatk1.0-0t64 set to manually installed.
2026-10-10T07:57:32.6947804Z libatspi2.0-0t64 is already the newest version (2.52.0-1build1).
2026-10-10T07:57:32.6948273Z libatspi2.0-0t64 set to manually installed.
2026-10-10T07:57:32.6948687Z libcairo2 is already the newest version (1.18.0-3build1).
2026-10-10T07:57:32.6949294Z libcairo2 set to manually installed.
2026-10-10T07:57:32.6949792Z libcups2t64 is already the newest version (2.4.7-1.2ubuntu7.14).
2026-10-10T07:57:32.6950526Z libcups2t64 set to manually installed.
2026-10-10T07:57:32.6950946Z libdbus-1-3 is already the newest version (1.14.10-4ubuntu4.1).
2026-10-10T07:57:32.6951354Z libdbus-1-3 set to manually installed.
2026-10-10T07:57:32.6951793Z libdrm2 is already the newest version (2.4.125-1ubuntu0.1~24.04.2).
2026-10-10T07:57:32.6952186Z libdrm2 set to manually installed.
2026-10-10T07:57:32.6952600Z libgbm1 is already the newest version (25.2.8-0ubuntu0.24.04.4).
2026-10-10T07:57:32.6953017Z libgbm1 set to manually installed.
2026-10-10T07:57:32.6953430Z libglib2.0-0t64 is already the newest version (2.80.0-6ubuntu3.9).
2026-10-10T07:57:32.6953846Z libglib2.0-0t64 set to manually installed.
2026-10-10T07:57:32.6954190Z libnspr4 is already the newest version (2:4.35-1.1build1).
2026-10-10T07:57:32.6954494Z libnspr4 set to manually installed.
2026-10-10T07:57:32.6954798Z libnss3 is already the newest version (2:3.98-1ubuntu0.2).
2026-10-10T07:57:32.6955064Z libnss3 set to manually installed.
2026-10-10T07:57:32.6955293Z libpango-1.0-0 is already the newest version (1.52.1+ds-1build1).
2026-10-10T07:57:32.6955512Z libpango-1.0-0 set to manually installed.
2026-10-10T07:57:32.6955722Z libx11-6 is already the newest version (2:1.8.7-1build1).
2026-10-10T07:57:32.6955923Z libx11-6 set to manually installed.
2026-10-10T07:57:32.6956119Z libxcb1 is already the newest version (1.15-1ubuntu2).
2026-10-10T07:57:32.6956315Z libxcb1 set to manually installed.
2026-10-10T07:57:32.6956534Z libxcomposite1 is already the newest version (1:0.4.5-1build3).
2026-10-10T07:57:32.6956752Z libxcomposite1 set to manually installed.
2026-10-10T07:57:32.6956969Z libxdamage1 is already the newest version (1:1.1.6-1build1).
2026-10-10T07:57:32.6957293Z libxdamage1 set to manually installed.
2026-10-10T07:57:32.6957569Z libxext6 is already the newest version (2:1.3.4-1build2).
2026-10-10T07:57:32.6957765Z libxext6 set to manually installed.
2026-10-10T07:57:32.6957969Z libxfixes3 is already the newest version (1:6.0.0-2build1).
2026-10-10T07:57:32.6958179Z libxfixes3 set to manually installed.
2026-10-10T07:57:32.6958392Z libxkbcommon0 is already the newest version (1.6.0-1build1).
2026-10-10T07:57:32.6958601Z libxkbcommon0 set to manually installed.
2026-10-10T07:57:32.6958820Z libxrandr2 is already the newest version (2:1.5.2-2build1).
2026-10-10T07:57:32.6959023Z libxrandr2 set to manually installed.
2026-10-10T07:57:32.6959443Z xvfb is already the newest version (2:21.1.12-1ubuntu1.8).
2026-10-10T07:57:32.6959890Z fonts-noto-color-emoji is already the newest version (2.047-0ubuntu0.24.04.1).
2026-10-10T07:57:32.6960293Z libfontconfig1 is already the newest version (2.15.0-1.1ubuntu2).
2026-10-10T07:57:32.6960513Z libfontconfig1 set to manually installed.
2026-10-10T07:57:32.6960736Z fonts-liberation is already the newest version (1:2.1.5-3).
2026-10-10T07:57:32.6960950Z fonts-liberation set to manually installed.
2026-10-10T07:57:32.6961182Z libcairo-gobject2 is already the newest version (1.18.0-3build1).
2026-10-10T07:57:32.6961415Z libcairo-gobject2 set to manually installed.
2026-10-10T07:57:32.6961671Z libgdk-pixbuf-2.0-0 is already the newest version (2.42.10+dfsg-3ubuntu3.3).
2026-10-10T07:57:32.6961924Z libgdk-pixbuf-2.0-0 set to manually installed.
2026-10-10T07:57:32.6962174Z libgtk-3-0t64 is already the newest version (3.24.41-4ubuntu1.3).
2026-10-10T07:57:32.6962386Z libgtk-3-0t64 set to manually installed.
2026-10-10T07:57:32.6962800Z libpangocairo-1.0-0 is already the newest version (1.52.1+ds-1build1).
2026-10-10T07:57:32.6963036Z libpangocairo-1.0-0 set to manually installed.
2026-10-10T07:57:32.6963259Z libx11-xcb1 is already the newest version (2:1.8.7-1build1).
2026-10-10T07:57:32.6963461Z libx11-xcb1 set to manually installed.
2026-10-10T07:57:32.6963667Z libxcb-shm0 is already the newest version (1.15-1ubuntu2).
2026-10-10T07:57:32.6963871Z libxcb-shm0 set to manually installed.
2026-10-10T07:57:32.6964080Z libxcursor1 is already the newest version (1:1.2.1-1build1).
2026-10-10T07:57:32.6964284Z libxcursor1 set to manually installed.
2026-10-10T07:57:32.6964566Z libxi6 is already the newest version (2:1.8.1-1build1).
2026-10-10T07:57:32.6964758Z libxi6 set to manually installed.
2026-10-10T07:57:32.6964969Z libxrender1 is already the newest version (1:0.9.10-1.1build1).
2026-10-10T07:57:32.6965264Z libxrender1 set to manually installed.
2026-10-10T07:57:32.6965492Z The following additional packages will be installed:
2026-10-10T07:57:32.6965763Z   libavutil58 libcodec2-1.2 libdav1d7 libgsm1 libhwy1t64 libjxl0.7 libmp3lame0
2026-10-10T07:57:32.6966080Z   libopus0 librav1e0 librsvg2-2 libshine3 libsoxr0 libspeex1 libsvtav1enc1d1
2026-10-10T07:57:32.6966361Z   libswresample4 libtheora0 libtwolame0 libva-drm2 libva-x11-2 libva2
2026-10-10T07:57:32.6966644Z   libvdpau1 libvorbisenc2 libvpl2 libvpx9 libx264-164 libx265-199 libxvidcore4
2026-10-10T07:57:32.6966945Z   libzvbi-common libzvbi0t64 ocl-icd-libopencl1 xfonts-encodings xfonts-utils
2026-10-10T07:57:32.6967170Z Suggested packages:
2026-10-10T07:57:32.6967370Z   libcuda1 libnvcuvid1 libnvidia-encode1 opus-tools librsvg2-bin speex
2026-10-10T07:57:32.6967573Z   opencl-icd
2026-10-10T07:57:32.6967701Z Recommended packages:
2026-10-10T07:57:32.6967933Z   fonts-ipafont-mincho fonts-tlwg-loma librsvg2-common va-driver-all
2026-10-10T07:57:32.6968165Z   | va-driver vdpau-driver-all | vdpau-driver
2026-10-10T07:57:32.7460572Z The following NEW packages will be installed:
2026-10-10T07:57:32.7461090Z   fonts-freefont-ttf fonts-ipafont-gothic fonts-tlwg-loma-otf fonts-unifont
2026-10-10T07:57:32.7461637Z   fonts-wqy-zenhei libavcodec60 libavutil58 libcodec2-1.2 libdav1d7 libgsm1
2026-10-10T07:57:32.7461939Z   libhwy1t64 libjxl0.7 libmp3lame0 libopus0 librav1e0 librsvg2-2 libshine3
2026-10-10T07:57:32.7462262Z   libsoxr0 libspeex1 libsvtav1enc1d1 libswresample4 libtheora0 libtwolame0
2026-10-10T07:57:32.7462570Z   libva-drm2 libva-x11-2 libva2 libvdpau1 libvorbisenc2 libvpl2 libvpx9
2026-10-10T07:57:32.7462835Z   libx264-164 libx265-199 libxvidcore4 libzvbi-common libzvbi0t64
2026-10-10T07:57:32.7463252Z   ocl-icd-libopencl1 xfonts-cyrillic xfonts-encodings xfonts-scalable
2026-10-10T07:57:32.7463461Z   xfonts-utils
2026-10-10T07:57:32.7465830Z The following packages will be upgraded:
2026-10-10T07:57:32.7468415Z   libfreetype6
2026-10-10T07:57:32.7599264Z 1 upgraded, 40 newly installed, 0 to remove and 22 not upgraded.
2026-10-10T07:57:32.7599543Z Need to get 49.2 MB of archives.
2026-10-10T07:57:32.7599795Z After this operation, 168 MB of additional disk space will be used.
2026-10-10T07:57:32.7600115Z Get:1 file:/etc/apt/apt-mirrors.txt Mirrorlist [144 B]
2026-10-10T07:57:32.8176566Z Get:2 http://azure.archive.ubuntu.com/ubuntu noble/universe amd64 fonts-ipafont-gothic all 00303-21ubuntu1 [3513 kB]
2026-10-10T07:57:32.8848355Z Get:3 http://azure.archive.ubuntu.com/ubuntu noble/main amd64 fonts-freefont-ttf all 20211204+svn4273-2 [5641 kB]
2026-10-10T07:57:32.9731805Z Get:4 http://azure.archive.ubuntu.com/ubuntu noble/universe amd64 fonts-tlwg-loma-otf all 1:0.7.3-1 [107 kB]
2026-10-10T07:57:33.0056177Z Get:5 http://azure.archive.ubuntu.com/ubuntu noble/universe amd64 fonts-unifont all 1:15.1.01-1build1 [2993 kB]
2026-10-10T07:57:33.0689779Z Get:6 http://azure.archive.ubuntu.com/ubuntu noble/universe amd64 fonts-wqy-zenhei all 0.9.45-8 [7472 kB]
2026-10-10T07:57:33.1740894Z Get:7 http://azure.archive.ubuntu.com/ubuntu noble-updates/universe amd64 libva2 amd64 2.20.0-2ubuntu0.2 [66.4 kB]
2026-10-10T07:57:33.2062365Z Get:8 http://azure.archive.ubuntu.com/ubuntu noble-updates/universe amd64 libva-drm2 amd64 2.20.0-2ubuntu0.2 [7124 B]
2026-10-10T07:57:33.2380473Z Get:9 http://azure.archive.ubuntu.com/ubuntu noble-updates/universe amd64 libva-x11-2 amd64 2.20.0-2ubuntu0.2 [12.0 kB]
2026-10-10T07:57:33.2700482Z Get:10 http://azure.archive.ubuntu.com/ubuntu noble/main amd64 libvdpau1 amd64 1.5-2build1 [27.8 kB]
2026-10-10T07:57:33.3019815Z Get:11 http://azure.archive.ubuntu.com/ubuntu noble/universe amd64 libvpl2 amd64 2023.3.0-1build1 [99.8 kB]
2026-10-10T07:57:33.3346398Z Get:12 http://azure.archive.ubuntu.com/ubuntu noble/universe amd64 ocl-icd-libopencl1 amd64 2.3.2-1build1 [38.5 kB]
2026-10-10T07:57:33.3668849Z Get:13 http://azure.archive.ubuntu.com/ubuntu noble/universe amd64 libavutil58 amd64 7:6.1.1-3ubuntu5 [401 kB]
2026-10-10T07:57:33.4028806Z Get:14 http://azure.archive.ubuntu.com/ubuntu noble/universe amd64 libcodec2-1.2 amd64 1.2.0-2build1 [8998 kB]
2026-10-10T07:57:33.5213449Z Get:15 http://azure.archive.ubuntu.com/ubuntu noble/universe amd64 libdav1d7 amd64 1.4.1-1build1 [604 kB]
2026-10-10T07:57:33.5542662Z Get:16 http://azure.archive.ubuntu.com/ubuntu noble/universe amd64 libgsm1 amd64 1.0.22-1build1 [27.8 kB]
2026-10-10T07:57:33.5821435Z Get:17 http://azure.archive.ubuntu.com/ubuntu noble/universe amd64 libhwy1t64 amd64 1.0.7-8.1build1 [584 kB]
2026-10-10T07:57:33.6145926Z Get:18 http://azure.archive.ubuntu.com/ubuntu noble-updates/universe amd64 libjxl0.7 amd64 0.7.0-10.2ubuntu6.1 [1001 kB]
2026-10-10T07:57:33.6516503Z Get:19 http://azure.archive.ubuntu.com/ubuntu noble/main amd64 libmp3lame0 amd64 3.100-6build1 [142 kB]
2026-10-10T07:57:33.7234107Z Get:20 http://azure.archive.ubuntu.com/ubuntu noble/main amd64 libopus0 amd64 1.4-1build1 [208 kB]
2026-10-10T07:57:33.7524322Z Get:21 http://azure.archive.ubuntu.com/ubuntu noble/universe amd64 librav1e0 amd64 0.7.1-2 [1022 kB]
2026-10-10T07:57:33.7886521Z Get:22 http://azure.archive.ubuntu.com/ubuntu noble-updates/main amd64 librsvg2-2 amd64 2.58.0+dfsg-1ubuntu0.1 [2141 kB]
2026-10-10T07:57:33.8765604Z Get:23 http://azure.archive.ubuntu.com/ubuntu noble/universe amd64 libshine3 amd64 3.1.1-2build1 [23.2 kB]
2026-10-10T07:57:33.9046288Z Get:24 http://azure.archive.ubuntu.com/ubuntu noble-updates/main amd64 libspeex1 amd64 1.2.1-2ubuntu2.24.04.1 [59.6 kB]
2026-10-10T07:57:33.9325964Z Get:25 http://azure.archive.ubuntu.com/ubuntu noble/universe amd64 libsvtav1enc1d1 amd64 1.7.0+dfsg-2build1 [2425 kB]
2026-10-10T07:57:33.9834488Z Get:26 http://azure.archive.ubuntu.com/ubuntu noble/universe amd64 libsoxr0 amd64 0.1.3-4build3 [80.0 kB]
2026-10-10T07:57:34.0115996Z Get:27 http://azure.archive.ubuntu.com/ubuntu noble/universe amd64 libswresample4 amd64 7:6.1.1-3ubuntu5 [63.8 kB]
2026-10-10T07:57:34.0399985Z Get:28 http://azure.archive.ubuntu.com/ubuntu noble/main amd64 libtheora0 amd64 1.1.1+dfsg.1-16.1build3 [211 kB]
2026-10-10T07:57:34.0691320Z Get:29 http://azure.archive.ubuntu.com/ubuntu noble/main amd64 libtwolame0 amd64 0.4.0-2build3 [52.3 kB]
2026-10-10T07:57:34.0971941Z Get:30 http://azure.archive.ubuntu.com/ubuntu noble/main amd64 libvorbisenc2 amd64 1.3.7-1build3 [80.8 kB]
2026-10-10T07:57:34.1253993Z Get:31 http://azure.archive.ubuntu.com/ubuntu noble-updates/main amd64 libvpx9 amd64 1.14.0-1ubuntu2.3 [1143 kB]
2026-10-10T07:57:34.1630349Z Get:32 http://azure.archive.ubuntu.com/ubuntu noble/universe amd64 libx264-164 amd64 2:0.164.3108+git31e19f9-1 [604 kB]
2026-10-10T07:57:34.1957775Z Get:33 http://azure.archive.ubuntu.com/ubuntu noble/universe amd64 libx265-199 amd64 3.5-2build1 [1226 kB]
2026-10-10T07:57:34.2340085Z Get:34 http://azure.archive.ubuntu.com/ubuntu noble/universe amd64 libxvidcore4 amd64 2:1.3.7-1build1 [219 kB]
2026-10-10T07:57:34.2697771Z Get:35 http://azure.archive.ubuntu.com/ubuntu noble/universe amd64 libzvbi-common all 0.2.42-2 [42.4 kB]
2026-10-10T07:57:34.3458707Z Get:36 http://azure.archive.ubuntu.com/ubuntu noble/universe amd64 libzvbi0t64 amd64 0.2.42-2 [261 kB]
2026-10-10T07:57:34.4653920Z Get:37 http://azure.archive.ubuntu.com/ubuntu noble/universe amd64 libavcodec60 amd64 7:6.1.1-3ubuntu5 [5851 kB]
2026-10-10T07:57:34.6603675Z Get:38 http://azure.archive.ubuntu.com/ubuntu noble-updates/main amd64 libfreetype6 amd64 2.13.2+dfsg-1ubuntu0.2 [403 kB]
2026-10-10T07:57:34.7354816Z Get:39 http://azure.archive.ubuntu.com/ubuntu noble/main amd64 xfonts-encodings all 1:1.0.5-0ubuntu2 [578 kB]
2026-10-10T07:57:34.7675989Z Get:40 http://azure.archive.ubuntu.com/ubuntu noble/main amd64 xfonts-utils amd64 1:7.7+6build3 [94.4 kB]
2026-10-10T07:57:34.7958233Z Get:41 http://azure.archive.ubuntu.com/ubuntu noble/universe amd64 xfonts-cyrillic all 1:1.0.5+nmu1 [384 kB]
2026-10-10T07:57:34.8266373Z Get:42 http://azure.archive.ubuntu.com/ubuntu noble/main amd64 xfonts-scalable all 1:1.0.3-1.3 [304 kB]
2026-10-10T07:57:35.0374524Z Fetched 49.2 MB in 2s (23.7 MB/s)
2026-10-10T07:57:35.0710480Z Selecting previously unselected package fonts-ipafont-gothic.
2026-10-10T07:57:35.1111524Z (Reading database ... 
2026-10-10T07:57:35.1111884Z (Reading database ... 5%
2026-10-10T07:57:35.1112188Z (Reading database ... 10%
2026-10-10T07:57:35.1112466Z (Reading database ... 15%
2026-10-10T07:57:35.1112713Z (Reading database ... 20%
2026-10-10T07:57:35.1112953Z (Reading database ... 25%
2026-10-10T07:57:35.1113183Z (Reading database ... 30%
2026-10-10T07:57:35.1113417Z (Reading database ... 35%
2026-10-10T07:57:35.1113652Z (Reading database ... 40%
2026-10-10T07:57:35.1113886Z (Reading database ... 45%
2026-10-10T07:57:35.1114139Z (Reading database ... 50%
2026-10-10T07:57:35.1491510Z (Reading database ... 55%
2026-10-10T07:57:35.4898874Z (Reading database ... 60%
2026-10-10T07:57:35.7317464Z (Reading database ... 65%
2026-10-10T07:57:36.0012915Z (Reading database ... 70%
2026-10-10T07:57:36.3169721Z (Reading database ... 75%
2026-10-10T07:57:36.6757907Z (Reading database ... 80%
2026-10-10T07:57:37.2896481Z (Reading database ... 85%
2026-10-10T07:57:37.8640593Z (Reading database ... 90%
2026-10-10T07:57:38.4764601Z (Reading database ... 95%
2026-10-10T07:57:38.4764865Z (Reading database ... 100%
2026-10-10T07:57:38.4765106Z (Reading database ... 203191 files and directories currently installed.)
2026-10-10T07:57:38.4801336Z Preparing to unpack .../00-fonts-ipafont-gothic_00303-21ubuntu1_all.deb ...
2026-10-10T07:57:38.4874493Z Unpacking fonts-ipafont-gothic (00303-21ubuntu1) ...
2026-10-10T07:57:38.6971738Z Selecting previously unselected package fonts-freefont-ttf.
2026-10-10T07:57:38.7063285Z Preparing to unpack .../01-fonts-freefont-ttf_20211204+svn4273-2_all.deb ...
2026-10-10T07:57:38.7069429Z Unpacking fonts-freefont-ttf (20211204+svn4273-2) ...
2026-10-10T07:57:38.8104140Z Selecting previously unselected package fonts-tlwg-loma-otf.
2026-10-10T07:57:38.8200775Z Preparing to unpack .../02-fonts-tlwg-loma-otf_1%3a0.7.3-1_all.deb ...
2026-10-10T07:57:38.8207686Z Unpacking fonts-tlwg-loma-otf (1:0.7.3-1) ...
2026-10-10T07:57:38.8427316Z Selecting previously unselected package fonts-unifont.
2026-10-10T07:57:38.8521071Z Preparing to unpack .../03-fonts-unifont_1%3a15.1.01-1build1_all.deb ...
2026-10-10T07:57:38.8526869Z Unpacking fonts-unifont (1:15.1.01-1build1) ...
2026-10-10T07:57:39.0626239Z Selecting previously unselected package fonts-wqy-zenhei.
2026-10-10T07:57:39.0748130Z Preparing to unpack .../04-fonts-wqy-zenhei_0.9.45-8_all.deb ...
2026-10-10T07:57:39.0932476Z Unpacking fonts-wqy-zenhei (0.9.45-8) ...
2026-10-10T07:57:39.5402745Z Selecting previously unselected package libva2:amd64.
2026-10-10T07:57:39.5494701Z Preparing to unpack .../05-libva2_2.20.0-2ubuntu0.2_amd64.deb ...
2026-10-10T07:57:39.5507059Z Unpacking libva2:amd64 (2.20.0-2ubuntu0.2) ...
2026-10-10T07:57:39.5670082Z Selecting previously unselected package libva-drm2:amd64.
2026-10-10T07:57:39.5764418Z Preparing to unpack .../06-libva-drm2_2.20.0-2ubuntu0.2_amd64.deb ...
2026-10-10T07:57:39.5770320Z Unpacking libva-drm2:amd64 (2.20.0-2ubuntu0.2) ...
2026-10-10T07:57:39.5930548Z Selecting previously unselected package libva-x11-2:amd64.
2026-10-10T07:57:39.6021790Z Preparing to unpack .../07-libva-x11-2_2.20.0-2ubuntu0.2_amd64.deb ...
2026-10-10T07:57:39.6027331Z Unpacking libva-x11-2:amd64 (2.20.0-2ubuntu0.2) ...
2026-10-10T07:57:39.6184173Z Selecting previously unselected package libvdpau1:amd64.
2026-10-10T07:57:39.6274223Z Preparing to unpack .../08-libvdpau1_1.5-2build1_amd64.deb ...
2026-10-10T07:57:39.6279499Z Unpacking libvdpau1:amd64 (1.5-2build1) ...
2026-10-10T07:57:39.6435354Z Selecting previously unselected package libvpl2.
2026-10-10T07:57:39.6524593Z Preparing to unpack .../09-libvpl2_2023.3.0-1build1_amd64.deb ...
2026-10-10T07:57:39.6692922Z Unpacking libvpl2 (2023.3.0-1build1) ...
2026-10-10T07:57:39.6858518Z Selecting previously unselected package ocl-icd-libopencl1:amd64.
2026-10-10T07:57:39.6948255Z Preparing to unpack .../10-ocl-icd-libopencl1_2.3.2-1build1_amd64.deb ...
2026-10-10T07:57:39.6953625Z Unpacking ocl-icd-libopencl1:amd64 (2.3.2-1build1) ...
2026-10-10T07:57:39.7208446Z Selecting previously unselected package libavutil58:amd64.
2026-10-10T07:57:39.7297928Z Preparing to unpack .../11-libavutil58_7%3a6.1.1-3ubuntu5_amd64.deb ...
2026-10-10T07:57:39.7303503Z Unpacking libavutil58:amd64 (7:6.1.1-3ubuntu5) ...
2026-10-10T07:57:39.7487197Z Selecting previously unselected package libcodec2-1.2:amd64.
2026-10-10T07:57:39.7576569Z Preparing to unpack .../12-libcodec2-1.2_1.2.0-2build1_amd64.deb ...
2026-10-10T07:57:39.7581510Z Unpacking libcodec2-1.2:amd64 (1.2.0-2build1) ...
2026-10-10T07:57:39.9031876Z Selecting previously unselected package libdav1d7:amd64.
2026-10-10T07:57:39.9125887Z Preparing to unpack .../13-libdav1d7_1.4.1-1build1_amd64.deb ...
2026-10-10T07:57:39.9131420Z Unpacking libdav1d7:amd64 (1.4.1-1build1) ...
2026-10-10T07:57:39.9339892Z Selecting previously unselected package libgsm1:amd64.
2026-10-10T07:57:39.9434760Z Preparing to unpack .../14-libgsm1_1.0.22-1build1_amd64.deb ...
2026-10-10T07:57:39.9441628Z Unpacking libgsm1:amd64 (1.0.22-1build1) ...
2026-10-10T07:57:39.9614402Z Selecting previously unselected package libhwy1t64:amd64.
2026-10-10T07:57:39.9711720Z Preparing to unpack .../15-libhwy1t64_1.0.7-8.1build1_amd64.deb ...
2026-10-10T07:57:39.9718325Z Unpacking libhwy1t64:amd64 (1.0.7-8.1build1) ...
2026-10-10T07:57:40.0050718Z Selecting previously unselected package libjxl0.7:amd64.
2026-10-10T07:57:40.0146818Z Preparing to unpack .../16-libjxl0.7_0.7.0-10.2ubuntu6.1_amd64.deb ...
2026-10-10T07:57:40.0153621Z Unpacking libjxl0.7:amd64 (0.7.0-10.2ubuntu6.1) ...
2026-10-10T07:57:40.0542529Z Selecting previously unselected package libmp3lame0:amd64.
2026-10-10T07:57:40.0639342Z Preparing to unpack .../17-libmp3lame0_3.100-6build1_amd64.deb ...
2026-10-10T07:57:40.0646274Z Unpacking libmp3lame0:amd64 (3.100-6build1) ...
2026-10-10T07:57:40.1040131Z Selecting previously unselected package libopus0:amd64.
2026-10-10T07:57:40.1134642Z Preparing to unpack .../18-libopus0_1.4-1build1_amd64.deb ...
2026-10-10T07:57:40.1140111Z Unpacking libopus0:amd64 (1.4-1build1) ...
2026-10-10T07:57:40.1318026Z Selecting previously unselected package librav1e0:amd64.
2026-10-10T07:57:40.1413945Z Preparing to unpack .../19-librav1e0_0.7.1-2_amd64.deb ...
2026-10-10T07:57:40.1419730Z Unpacking librav1e0:amd64 (0.7.1-2) ...
2026-10-10T07:57:40.1741195Z Selecting previously unselected package librsvg2-2:amd64.
2026-10-10T07:57:40.1837605Z Preparing to unpack .../20-librsvg2-2_2.58.0+dfsg-1ubuntu0.1_amd64.deb ...
2026-10-10T07:57:40.1843830Z Unpacking librsvg2-2:amd64 (2.58.0+dfsg-1ubuntu0.1) ...
2026-10-10T07:57:40.2473284Z Selecting previously unselected package libshine3:amd64.
2026-10-10T07:57:40.2566623Z Preparing to unpack .../21-libshine3_3.1.1-2build1_amd64.deb ...
2026-10-10T07:57:40.2572328Z Unpacking libshine3:amd64 (3.1.1-2build1) ...
2026-10-10T07:57:40.2731298Z Selecting previously unselected package libspeex1:amd64.
2026-10-10T07:57:40.2824106Z Preparing to unpack .../22-libspeex1_1.2.1-2ubuntu2.24.04.1_amd64.deb ...
2026-10-10T07:57:40.3004566Z Unpacking libspeex1:amd64 (1.2.1-2ubuntu2.24.04.1) ...
2026-10-10T07:57:40.3173641Z Selecting previously unselected package libsvtav1enc1d1:amd64.
2026-10-10T07:57:40.3268764Z Preparing to unpack .../23-libsvtav1enc1d1_1.7.0+dfsg-2build1_amd64.deb ...
2026-10-10T07:57:40.3274194Z Unpacking libsvtav1enc1d1:amd64 (1.7.0+dfsg-2build1) ...
2026-10-10T07:57:40.3869797Z Selecting previously unselected package libsoxr0:amd64.
2026-10-10T07:57:40.3962531Z Preparing to unpack .../24-libsoxr0_0.1.3-4build3_amd64.deb ...
2026-10-10T07:57:40.3969525Z Unpacking libsoxr0:amd64 (0.1.3-4build3) ...
2026-10-10T07:57:40.4148163Z Selecting previously unselected package libswresample4:amd64.
2026-10-10T07:57:40.4241180Z Preparing to unpack .../25-libswresample4_7%3a6.1.1-3ubuntu5_amd64.deb ...
2026-10-10T07:57:40.4246352Z Unpacking libswresample4:amd64 (7:6.1.1-3ubuntu5) ...
2026-10-10T07:57:40.4414022Z Selecting previously unselected package libtheora0:amd64.
2026-10-10T07:57:40.4505302Z Preparing to unpack .../26-libtheora0_1.1.1+dfsg.1-16.1build3_amd64.deb ...
2026-10-10T07:57:40.4511655Z Unpacking libtheora0:amd64 (1.1.1+dfsg.1-16.1build3) ...
2026-10-10T07:57:40.4693765Z Selecting previously unselected package libtwolame0:amd64.
2026-10-10T07:57:40.4784888Z Preparing to unpack .../27-libtwolame0_0.4.0-2build3_amd64.deb ...
2026-10-10T07:57:40.4790714Z Unpacking libtwolame0:amd64 (0.4.0-2build3) ...
2026-10-10T07:57:40.5043718Z Selecting previously unselected package libvorbisenc2:amd64.
2026-10-10T07:57:40.5138517Z Preparing to unpack .../28-libvorbisenc2_1.3.7-1build3_amd64.deb ...
2026-10-10T07:57:40.5146001Z Unpacking libvorbisenc2:amd64 (1.3.7-1build3) ...
2026-10-10T07:57:40.5329299Z Selecting previously unselected package libvpx9:amd64.
2026-10-10T07:57:40.5423417Z Preparing to unpack .../29-libvpx9_1.14.0-1ubuntu2.3_amd64.deb ...
2026-10-10T07:57:40.5433726Z Unpacking libvpx9:amd64 (1.14.0-1ubuntu2.3) ...
2026-10-10T07:57:40.5771782Z Selecting previously unselected package libx264-164:amd64.
2026-10-10T07:57:40.5870030Z Preparing to unpack .../30-libx264-164_2%3a0.164.3108+git31e19f9-1_amd64.deb ...
2026-10-10T07:57:40.5876018Z Unpacking libx264-164:amd64 (2:0.164.3108+git31e19f9-1) ...
2026-10-10T07:57:40.6128779Z Selecting previously unselected package libx265-199:amd64.
2026-10-10T07:57:40.6225661Z Preparing to unpack .../31-libx265-199_3.5-2build1_amd64.deb ...
2026-10-10T07:57:40.6231262Z Unpacking libx265-199:amd64 (3.5-2build1) ...
2026-10-10T07:57:40.7577025Z Selecting previously unselected package libxvidcore4:amd64.
2026-10-10T07:57:40.7670583Z Preparing to unpack .../32-libxvidcore4_2%3a1.3.7-1build1_amd64.deb ...
2026-10-10T07:57:40.7677236Z Unpacking libxvidcore4:amd64 (2:1.3.7-1build1) ...
2026-10-10T07:57:40.7845562Z Selecting previously unselected package libzvbi-common.
2026-10-10T07:57:40.7937433Z Preparing to unpack .../33-libzvbi-common_0.2.42-2_all.deb ...
2026-10-10T07:57:40.7943428Z Unpacking libzvbi-common (0.2.42-2) ...
2026-10-10T07:57:40.8424214Z Selecting previously unselected package libzvbi0t64:amd64.
2026-10-10T07:57:40.8516483Z Preparing to unpack .../34-libzvbi0t64_0.2.42-2_amd64.deb ...
2026-10-10T07:57:40.8522444Z Unpacking libzvbi0t64:amd64 (0.2.42-2) ...
2026-10-10T07:57:40.8703014Z Selecting previously unselected package libavcodec60:amd64.
2026-10-10T07:57:40.8796787Z Preparing to unpack .../35-libavcodec60_7%3a6.1.1-3ubuntu5_amd64.deb ...
2026-10-10T07:57:40.8802388Z Unpacking libavcodec60:amd64 (7:6.1.1-3ubuntu5) ...
2026-10-10T07:57:41.0459506Z Preparing to unpack .../36-libfreetype6_2.13.2+dfsg-1ubuntu0.2_amd64.deb ...
2026-10-10T07:57:41.0476169Z Unpacking libfreetype6:amd64 (2.13.2+dfsg-1ubuntu0.2) over (2.13.2+dfsg-1ubuntu0.1) ...
2026-10-10T07:57:41.0668780Z Selecting previously unselected package xfonts-encodings.
2026-10-10T07:57:41.0760730Z Preparing to unpack .../37-xfonts-encodings_1%3a1.0.5-0ubuntu2_all.deb ...
2026-10-10T07:57:41.0768101Z Unpacking xfonts-encodings (1:1.0.5-0ubuntu2) ...
2026-10-10T07:57:41.0978847Z Selecting previously unselected package xfonts-utils.
2026-10-10T07:57:41.1072363Z Preparing to unpack .../38-xfonts-utils_1%3a7.7+6build3_amd64.deb ...
2026-10-10T07:57:41.1078424Z Unpacking xfonts-utils (1:7.7+6build3) ...
2026-10-10T07:57:41.1724105Z Selecting previously unselected package xfonts-cyrillic.
2026-10-10T07:57:41.1817906Z Preparing to unpack .../39-xfonts-cyrillic_1%3a1.0.5+nmu1_all.deb ...
2026-10-10T07:57:41.1823688Z Unpacking xfonts-cyrillic (1:1.0.5+nmu1) ...
2026-10-10T07:57:41.2068360Z Selecting previously unselected package xfonts-scalable.
2026-10-10T07:57:41.2163296Z Preparing to unpack .../40-xfonts-scalable_1%3a1.0.3-1.3_all.deb ...
2026-10-10T07:57:41.2234402Z Unpacking xfonts-scalable (1:1.0.3-1.3) ...
2026-10-10T07:57:41.2694717Z Setting up libhwy1t64:amd64 (1.0.7-8.1build1) ...
2026-10-10T07:57:41.2710383Z Setting up libspeex1:amd64 (1.2.1-2ubuntu2.24.04.1) ...
2026-10-10T07:57:41.2725227Z Setting up libshine3:amd64 (3.1.1-2build1) ...
2026-10-10T07:57:41.2739498Z Setting up libvpl2 (2023.3.0-1build1) ...
2026-10-10T07:57:41.2752883Z Setting up libx264-164:amd64 (2:0.164.3108+git31e19f9-1) ...
2026-10-10T07:57:41.2767307Z Setting up libtwolame0:amd64 (0.4.0-2build3) ...
2026-10-10T07:57:41.2782307Z Setting up libgsm1:amd64 (1.0.22-1build1) ...
2026-10-10T07:57:41.2798020Z Setting up libsoxr0:amd64 (0.1.3-4build3) ...
2026-10-10T07:57:41.2829583Z Setting up libcodec2-1.2:amd64 (1.2.0-2build1) ...
2026-10-10T07:57:41.2830008Z Setting up fonts-wqy-zenhei (0.9.45-8) ...
2026-10-10T07:57:41.2919288Z Setting up fonts-freefont-ttf (20211204+svn4273-2) ...
2026-10-10T07:57:41.2933331Z Setting up libsvtav1enc1d1:amd64 (1.7.0+dfsg-2build1) ...
2026-10-10T07:57:41.2947856Z Setting up libxvidcore4:amd64 (2:1.3.7-1build1) ...
2026-10-10T07:57:41.4343827Z Setting up librav1e0:amd64 (0.7.1-2) ...
2026-10-10T07:57:41.4357313Z Setting up librsvg2-2:amd64 (2.58.0+dfsg-1ubuntu0.1) ...
2026-10-10T07:57:41.4370649Z Setting up fonts-tlwg-loma-otf (1:0.7.3-1) ...
2026-10-10T07:57:41.4383994Z Setting up libva2:amd64 (2.20.0-2ubuntu0.2) ...
2026-10-10T07:57:41.4397434Z Setting up libfreetype6:amd64 (2.13.2+dfsg-1ubuntu0.2) ...
2026-10-10T07:57:41.4410717Z Setting up xfonts-encodings (1:1.0.5-0ubuntu2) ...
2026-10-10T07:57:41.4423898Z Setting up libopus0:amd64 (1.4-1build1) ...
2026-10-10T07:57:41.4436857Z Setting up libjxl0.7:amd64 (0.7.0-10.2ubuntu6.1) ...
2026-10-10T07:57:41.4450010Z Setting up libx265-199:amd64 (3.5-2build1) ...
2026-10-10T07:57:41.4464299Z Setting up libvpx9:amd64 (1.14.0-1ubuntu2.3) ...
2026-10-10T07:57:41.4477211Z Setting up libdav1d7:amd64 (1.4.1-1build1) ...
2026-10-10T07:57:41.4491565Z Setting up libva-drm2:amd64 (2.20.0-2ubuntu0.2) ...
2026-10-10T07:57:41.4506221Z Setting up fonts-ipafont-gothic (00303-21ubuntu1) ...
2026-10-10T07:57:41.4558092Z update-alternatives: using /usr/share/fonts/opentype/ipafont-gothic/ipag.ttf to provide /usr/share/fonts/truetype/fonts-japanese-gothic.ttf (fonts-japanese-gothic.ttf) in auto mode
2026-10-10T07:57:41.4570537Z Setting up ocl-icd-libopencl1:amd64 (2.3.2-1build1) ...
2026-10-10T07:57:41.4585140Z Setting up libvdpau1:amd64 (1.5-2build1) ...
2026-10-10T07:57:41.4605444Z Setting up libtheora0:amd64 (1.1.1+dfsg.1-16.1build3) ...
2026-10-10T07:57:41.4620179Z Setting up libva-x11-2:amd64 (2.20.0-2ubuntu0.2) ...
2026-10-10T07:57:41.4634065Z Setting up libzvbi-common (0.2.42-2) ...
2026-10-10T07:57:41.4647488Z Setting up libmp3lame0:amd64 (3.100-6build1) ...
2026-10-10T07:57:41.4661618Z Setting up libvorbisenc2:amd64 (1.3.7-1build3) ...
2026-10-10T07:57:41.4675816Z Setting up fonts-unifont (1:15.1.01-1build1) ...
2026-10-10T07:57:41.4690261Z Setting up libzvbi0t64:amd64 (0.2.42-2) ...
2026-10-10T07:57:41.4704883Z Setting up libavutil58:amd64 (7:6.1.1-3ubuntu5) ...
2026-10-10T07:57:41.4718806Z Setting up xfonts-utils (1:7.7+6build3) ...
2026-10-10T07:57:41.4750860Z Setting up libswresample4:amd64 (7:6.1.1-3ubuntu5) ...
2026-10-10T07:57:41.4765661Z Setting up libavcodec60:amd64 (7:6.1.1-3ubuntu5) ...
2026-10-10T07:57:41.4780336Z Setting up xfonts-cyrillic (1:1.0.5+nmu1) ...
2026-10-10T07:57:41.5030095Z Setting up xfonts-scalable (1:1.0.3-1.3) ...
2026-10-10T07:57:41.5256800Z Processing triggers for libc-bin (2.39-0ubuntu8.9) ...
2026-10-10T07:57:43.0487090Z Processing triggers for man-db (2.12.0-4build2) ...
2026-10-10T07:57:43.0507078Z Not building database; man-db/auto-update is not 'true'.
2026-10-10T07:57:43.0516950Z Processing triggers for fontconfig (2.15.0-1.1ubuntu2) ...
2026-10-10T07:57:44.3201962Z 
2026-10-10T07:57:44.3202466Z Running kernel seems to be up-to-date.
2026-10-10T07:57:44.3202647Z 
2026-10-10T07:57:44.3202727Z Restarting services...
2026-10-10T07:57:44.3262997Z  systemctl restart php8.3-fpm.service
2026-10-10T07:57:44.4053682Z 
2026-10-10T07:57:44.4055495Z No containers need to be restarted.
2026-10-10T07:57:44.4056127Z 
2026-10-10T07:57:44.4056305Z No user sessions are running outdated binaries.
2026-10-10T07:57:44.4056548Z 
2026-10-10T07:57:44.4056765Z No VM guests are running outdated hypervisor (qemu) binaries on this host.
2026-10-10T07:57:45.1811094Z Downloading Chrome for Testing 153.0.8010.12 (playwright chromium v1243) from https://cdn.playwright.dev/builds/cft/153.0.8010.12/linux64/chrome-linux64.zip
2026-10-10T07:57:45.5046186Z |                                                                                |   0% of 186.8 MiB
2026-10-10T07:57:45.7384637Z |■■■■■■■■                                                                        |  10% of 186.8 MiB
2026-10-10T07:57:45.8087920Z |■■■■■■■■■■■■■■■■                                                                |  20% of 186.8 MiB
2026-10-10T07:57:45.8862618Z |■■■■■■■■■■■■■■■■■■■■■■■■                                                        |  30% of 186.8 MiB
2026-10-10T07:57:45.9634576Z |■■■■■■■■■■■■■■■■■■■■■■■■■■■■■■■■                                                |  40% of 186.8 MiB
2026-10-10T07:57:46.0505724Z |■■■■■■■■■■■■■■■■■■■■■■■■■■■■■■■■■■■■■■■■                                        |  50% of 186.8 MiB
2026-10-10T07:57:46.1323596Z |■■■■■■■■■■■■■■■■■■■■■■■■■■■■■■■■■■■■■■■■■■■■■■■■                                |  60% of 186.8 MiB
2026-10-10T07:57:46.2203261Z |■■■■■■■■■■■■■■■■■■■■■■■■■■■■■■■■■■■■■■■■■■■■■■■■■■■■■■■■                        |  70% of 186.8 MiB
2026-10-10T07:57:46.3194083Z |■■■■■■■■■■■■■■■■■■■■■■■■■■■■■■■■■■■■■■■■■■■■■■■■■■■■■■■■■■■■■■■■                |  80% of 186.8 MiB
2026-10-10T07:57:46.3839279Z |■■■■■■■■■■■■■■■■■■■■■■■■■■■■■■■■■■■■■■■■■■■■■■■■■■■■■■■■■■■■■■■■■■■■■■■■        |  90% of 186.8 MiB
2026-10-10T07:57:46.4598389Z |■■■■■■■■■■■■■■■■■■■■■■■■■■■■■■■■■■■■■■■■■■■■■■■■■■■■■■■■■■■■■■■■■■■■■■■■■■■■■■■■| 100% of 186.8 MiB
2026-10-10T07:57:48.5657953Z Chrome for Testing 153.0.8010.12 (playwright chromium v1243) downloaded to /home/runner/.cache/ms-playwright/chromium-1243
2026-10-10T07:57:48.5661675Z Downloading FFmpeg (playwright ffmpeg v1011) from https://cdn.playwright.dev/dbazure/download/playwright/builds/ffmpeg/1011/ffmpeg-linux.zip
2026-10-10T07:57:48.8720368Z |                                                                                |   0% of 2.3 MiB
2026-10-10T07:57:48.9105941Z |■■■■■■■■                                                                        |  10% of 2.3 MiB
2026-10-10T07:57:48.9253537Z |■■■■■■■■■■■■■■■■                                                                |  20% of 2.3 MiB
2026-10-10T07:57:48.9377547Z |■■■■■■■■■■■■■■■■■■■■■■■■                                                        |  30% of 2.3 MiB
2026-10-10T07:57:48.9503288Z |■■■■■■■■■■■■■■■■■■■■■■■■■■■■■■■■                                                |  40% of 2.3 MiB
2026-10-10T07:57:48.9521430Z |■■■■■■■■■■■■■■■■■■■■■■■■■■■■■■■■■■■■■■■■                                        |  50% of 2.3 MiB
2026-10-10T07:57:48.9637694Z |■■■■■■■■■■■■■■■■■■■■■■■■■■■■■■■■■■■■■■■■■■■■■■■■                                |  60% of 2.3 MiB
2026-10-10T07:57:48.9652959Z |■■■■■■■■■■■■■■■■■■■■■■■■■■■■■■■■■■■■■■■■■■■■■■■■■■■■■■■■                        |  70% of 2.3 MiB
2026-10-10T07:57:48.9670512Z |■■■■■■■■■■■■■■■■■■■■■■■■■■■■■■■■■■■■■■■■■■■■■■■■■■■■■■■■■■■■■■■■                |  80% of 2.3 MiB
2026-10-10T07:57:48.9772313Z |■■■■■■■■■■■■■■■■■■■■■■■■■■■■■■■■■■■■■■■■■■■■■■■■■■■■■■■■■■■■■■■■■■■■■■■■        |  90% of 2.3 MiB
2026-10-10T07:57:48.9782843Z |■■■■■■■■■■■■■■■■■■■■■■■■■■■■■■■■■■■■■■■■■■■■■■■■■■■■■■■■■■■■■■■■■■■■■■■■■■■■■■■■| 100% of 2.3 MiB
2026-10-10T07:57:49.0172180Z FFmpeg (playwright ffmpeg v1011) downloaded to /home/runner/.cache/ms-playwright/ffmpeg-1011
2026-10-10T07:57:49.0173686Z Downloading Chrome Headless Shell 153.0.8010.12 (playwright chromium-headless-shell v1243) from https://cdn.playwright.dev/builds/cft/153.0.8010.12/linux64/chrome-headless-shell-linux64.zip
2026-10-10T07:57:49.3025474Z |                                                                                |   0% of 114.3 MiB
2026-10-10T07:57:49.4424243Z |■■■■■■■■                                                                        |  10% of 114.3 MiB
2026-10-10T07:57:49.4960258Z |■■■■■■■■■■■■■■■■                                                                |  20% of 114.3 MiB
2026-10-10T07:57:49.5504635Z |■■■■■■■■■■■■■■■■■■■■■■■■                                                        |  30% of 114.3 MiB
2026-10-10T07:57:49.6060284Z |■■■■■■■■■■■■■■■■■■■■■■■■■■■■■■■■                                                |  40% of 114.3 MiB
2026-10-10T07:57:49.6568086Z |■■■■■■■■■■■■■■■■■■■■■■■■■■■■■■■■■■■■■■■■                                        |  50% of 114.3 MiB
2026-10-10T07:57:49.7117665Z |■■■■■■■■■■■■■■■■■■■■■■■■■■■■■■■■■■■■■■■■■■■■■■■■                                |  60% of 114.3 MiB
2026-10-10T07:57:49.7812923Z |■■■■■■■■■■■■■■■■■■■■■■■■■■■■■■■■■■■■■■■■■■■■■■■■■■■■■■■■                        |  70% of 114.3 MiB
2026-10-10T07:57:49.8200886Z |■■■■■■■■■■■■■■■■■■■■■■■■■■■■■■■■■■■■■■■■■■■■■■■■■■■■■■■■■■■■■■■■                |  80% of 114.3 MiB
2026-10-10T07:57:49.8735920Z |■■■■■■■■■■■■■■■■■■■■■■■■■■■■■■■■■■■■■■■■■■■■■■■■■■■■■■■■■■■■■■■■■■■■■■■■        |  90% of 114.3 MiB
2026-10-10T07:57:49.9354328Z |■■■■■■■■■■■■■■■■■■■■■■■■■■■■■■■■■■■■■■■■■■■■■■■■■■■■■■■■■■■■■■■■■■■■■■■■■■■■■■■■| 100% of 114.3 MiB
2026-10-10T07:57:51.4000282Z Chrome Headless Shell 153.0.8010.12 (playwright chromium-headless-shell v1243) downloaded to /home/runner/.cache/ms-playwright/chromium_headless_shell-1243
2026-10-10T07:57:51.4003285Z Downloading Firefox 155.0 (playwright firefox v1543) from https://cdn.playwright.dev/dbazure/download/playwright/builds/firefox/1543/firefox-ubuntu-24.04.zip
2026-10-10T07:57:51.8676950Z |                                                                                |   0% of 109.5 MiB
2026-10-10T07:57:52.1547005Z |■■■■■■■■                                                                        |  10% of 109.5 MiB
2026-10-10T07:57:52.3327669Z |■■■■■■■■■■■■■■■■                                                                |  20% of 109.5 MiB
2026-10-10T07:57:52.4867859Z |■■■■■■■■■■■■■■■■■■■■■■■■                                                        |  30% of 109.5 MiB
2026-10-10T07:57:52.5866800Z |■■■■■■■■■■■■■■■■■■■■■■■■■■■■■■■■                                                |  40% of 109.5 MiB
2026-10-10T07:57:52.7062491Z |■■■■■■■■■■■■■■■■■■■■■■■■■■■■■■■■■■■■■■■■                                        |  50% of 109.5 MiB
2026-10-10T07:57:52.8240173Z |■■■■■■■■■■■■■■■■■■■■■■■■■■■■■■■■■■■■■■■■■■■■■■■■                                |  60% of 109.5 MiB
2026-10-10T07:57:52.9245101Z |■■■■■■■■■■■■■■■■■■■■■■■■■■■■■■■■■■■■■■■■■■■■■■■■■■■■■■■■                        |  70% of 109.5 MiB
2026-10-10T07:57:53.0484024Z |■■■■■■■■■■■■■■■■■■■■■■■■■■■■■■■■■■■■■■■■■■■■■■■■■■■■■■■■■■■■■■■■                |  80% of 109.5 MiB
2026-10-10T07:57:53.1527904Z |■■■■■■■■■■■■■■■■■■■■■■■■■■■■■■■■■■■■■■■■■■■■■■■■■■■■■■■■■■■■■■■■■■■■■■■■        |  90% of 109.5 MiB
2026-10-10T07:57:53.2494705Z |■■■■■■■■■■■■■■■■■■■■■■■■■■■■■■■■■■■■■■■■■■■■■■■■■■■■■■■■■■■■■■■■■■■■■■■■■■■■■■■■| 100% of 109.5 MiB
2026-10-10T07:57:54.7240563Z Firefox 155.0 (playwright firefox v1543) downloaded to /home/runner/.cache/ms-playwright/firefox-1543
2026-10-10T07:57:54.8128659Z ##[group]Run npm run verify
2026-10-10T07:57:54.8128832Z [36;1mnpm run verify[0m
2026-10-10T07:57:54.8181293Z shell: /usr/bin/bash -e {0}
2026-10-10T07:57:54.8181441Z ##[endgroup]
2026-10-10T07:57:54.8789929Z 
2026-10-10T07:57:54.8790508Z > botsales-frontend@0.1.0 verify
2026-10-10T07:57:54.8791218Z > npm run generate:check && npm run test:source && npm run boundaries && npm run lint && npm run typecheck && npm run test:domain && npm test && npm run build && npm run test:layout && npm run test:visual-tokens && npm run test:ui-composition && npm run test:evidence
2026-10-10T07:57:54.8791674Z 
2026-10-10T07:57:54.9379834Z 
2026-10-10T07:57:54.9380417Z > botsales-frontend@0.1.0 generate:check
2026-10-10T07:57:54.9380708Z > node scripts/generate.mjs --check
2026-10-10T07:57:54.9380824Z 
2026-10-10T07:57:55.0462724Z {"status":"PASS","outputs":15,"schemas":346,"operations":245,"routes":61}
2026-10-10T07:57:55.1162728Z 
2026-10-10T07:57:55.1163360Z > botsales-frontend@0.1.0 test:source
2026-10-10T07:57:55.1163715Z > node scripts/check-source.mjs && node --test tests/source-checker.test.mjs
2026-10-10T07:57:55.1163895Z 
2026-10-10T07:57:55.4173391Z {
2026-10-10T07:57:55.4173693Z   "checkedAt": "2026-10-10T07:57:55.415Z",
2026-10-10T07:57:55.4174117Z   "scope": "Syntax, operation identifiers, route-source mapping, permissions and token adoption. NOT React typecheck, build or browser test.",
2026-10-10T07:57:55.4174444Z   "compiler": "5.9.2",
2026-10-10T07:57:55.4174606Z   "compilerSource": "project dependency",
2026-10-10T07:57:55.4174760Z   "files": 85,
2026-10-10T07:57:55.4174879Z   "operationCalls": 262,
2026-10-10T07:57:55.4175013Z   "routes": 61,
2026-10-10T07:57:55.4175125Z   "issues": [],
2026-10-10T07:57:55.4175241Z   "status": "PASS"
2026-10-10T07:57:55.4175353Z }
2026-10-10T07:57:55.7535817Z ✔ module path classification accepts Windows and POSIX spellings, but excludes app files (0.702982ms)
2026-10-10T07:57:55.7537942Z ✔ the source-checker CLI rejects a prohibited color literal in a module (125.714213ms)
2026-10-10T07:57:55.7539018Z ✔ the source-checker CLI accepts a token-based module and leaves app-level colors outside the rule (130.56515ms)
2026-10-10T07:57:55.7598054Z ℹ tests 3
2026-10-10T07:57:55.7598286Z ℹ suites 0
2026-10-10T07:57:55.7598575Z ℹ pass 3
2026-10-10T07:57:55.7598758Z ℹ fail 0
2026-10-10T07:57:55.7598944Z ℹ cancelled 0
2026-10-10T07:57:55.7600167Z ℹ skipped 0
2026-10-10T07:57:55.7600683Z ℹ todo 0
2026-10-10T07:57:55.7600910Z ℹ duration_ms 295.853935
2026-10-10T07:57:55.8261253Z 
2026-10-10T07:57:55.8261897Z > botsales-frontend@0.1.0 boundaries
2026-10-10T07:57:55.8262176Z > node scripts/check-boundaries.mjs
2026-10-10T07:57:55.8262283Z 
2026-10-10T07:57:57.5160747Z {
2026-10-10T07:57:57.5161091Z   "checkedAt": "2026-10-10T07:57:57.514Z",
2026-10-10T07:57:57.5161670Z   "scope": "AST imports resolve aliases/relative paths, module boundaries and cycles; parser diagnostics are errors",
2026-10-10T07:57:57.5162155Z   "files": 85,
2026-10-10T07:57:57.5162354Z   "imports": 722,
2026-10-10T07:57:57.5163017Z   "negativeFixtures": "Boundary fixtures: PASS 10/10 scenarios (allowed shared/public imports, alias, relative, app deep import, type-only, dynamic, unresolved, cycle, parser error).",
2026-10-10T07:57:57.5163651Z   "status": "PASS",
2026-10-10T07:57:57.5163838Z   "issues": []
2026-10-10T07:57:57.5164009Z }
2026-10-10T07:57:57.5965821Z 
2026-10-10T07:57:57.5966441Z > botsales-frontend@0.1.0 lint
2026-10-10T07:57:57.5966818Z > eslint apps/web/src --max-warnings 0
2026-10-10T07:57:57.5966991Z 
2026-10-10T07:57:59.9232141Z 
2026-10-10T07:57:59.9232780Z > botsales-frontend@0.1.0 typecheck
2026-10-10T07:57:59.9233143Z > tsc -p apps/web/tsconfig.json --noEmit
2026-10-10T07:57:59.9233264Z 
2026-10-10T07:58:04.4376084Z 
2026-10-10T07:58:04.4376735Z > botsales-frontend@0.1.0 test:domain
2026-10-10T07:58:04.4377155Z > node scripts/test-domain.mjs
2026-10-10T07:58:04.4377316Z 
2026-10-10T07:58:09.7163076Z {"status":"PASS","simulatorChecks":86,"networkChecks":31,"networkHandlers":245,"passed":117,"operations":100,"node":"v24.21.0","typescript":"5.9.2"}
2026-10-10T07:58:09.8281858Z 
2026-10-10T07:58:09.8282474Z > botsales-frontend@0.1.0 test
2026-10-10T07:58:09.8282886Z > vitest run --config apps/web/vitest.config.ts
2026-10-10T07:58:09.8283083Z 
2026-10-10T07:58:10.0076661Z 
2026-10-10T07:58:10.0078042Z [1m[30m[46m RUN [49m[39m[22m [36mv5.0.3 [39m[90m/home/runner/work/Bot-AI-Ban-hang-FB/Bot-AI-Ban-hang-FB/BotSalesAI_Frontend[39m
2026-10-10T07:58:10.0078571Z 
2026-10-10T07:58:11.6862170Z  [32m✓[39m apps/web/tests/api-client.test.tsx [2m([22m[2m25 tests[22m[2m)[22m[33m 886[2mms[22m[39m
2026-10-10T07:58:11.6863021Z    [32m✓[39m typed HTTP boundary [2m(25)[22m
2026-10-10T07:58:11.6863811Z      [33m[2m✓[22m[39m waits for command completion after HTTP 202 before resolving useCommand[33m 411[2mms[22m[39m
2026-10-10T07:58:11.6868414Z      [33m[2m✓[22m[39m keeps an accepted command unresolved when command status polling fails[33m 406[2mms[22m[39m
2026-10-10T07:58:12.4866569Z  [32m✓[39m apps/web/tests/purchase-delegation.test.ts [2m([22m[2m7 tests[22m[2m)[22m[32m 133[2mms[22m[39m
2026-10-10T07:58:13.0125802Z [90mstderr[2m | apps/web/tests/shared-ui-render-contract.test.tsx[2m > [22m[2mS10 shared component rendered-slot contract[2m > [22m[2mEditDialog guards custom actions and the Escape close path for dirty and busy states
2026-10-10T07:58:13.0159772Z [22m[39mAn update to ForwardRef(FormControl) inside a test was not wrapped in act(...).
2026-10-10T07:58:13.0160501Z 
2026-10-10T07:58:13.0160956Z When testing, code that causes React state updates should be wrapped into act(...):
2026-10-10T07:58:13.0161381Z 
2026-10-10T07:58:13.0161575Z act(() => {
2026-10-10T07:58:13.0161916Z   /* fire events that update state */
2026-10-10T07:58:13.0162263Z });
2026-10-10T07:58:13.0162566Z /* assert on the output */
2026-10-10T07:58:13.0162823Z 
2026-10-10T07:58:13.0163970Z This ensures that you're testing the behavior the user would see in the browser. Learn more at https://react.dev/link/wrap-tests-with-act
2026-10-10T07:58:13.0164796Z An update to ForwardRef(FormControl) inside a test was not wrapped in act(...).
2026-10-10T07:58:13.0165179Z 
2026-10-10T07:58:13.0165588Z When testing, code that causes React state updates should be wrapped into act(...):
2026-10-10T07:58:13.0166001Z 
2026-10-10T07:58:13.0166194Z act(() => {
2026-10-10T07:58:13.0166518Z   /* fire events that update state */
2026-10-10T07:58:13.0166876Z });
2026-10-10T07:58:13.0167176Z /* assert on the output */
2026-10-10T07:58:13.0167422Z 
2026-10-10T07:58:13.0168024Z This ensures that you're testing the behavior the user would see in the browser. Learn more at https://react.dev/link/wrap-tests-with-act
2026-10-10T07:58:13.0168616Z 
2026-10-10T07:58:13.0169847Z [90mstderr[2m | apps/web/tests/shared-ui-render-contract.test.tsx[2m > [22m[2mS10 shared component rendered-slot contract[2m > [22m[2mEditDialog guards custom actions and the Escape close path for dirty and busy states
2026-10-10T07:58:13.0171684Z [22m[39mA component suspended inside an `act` scope, but the `act` call was not awaited. When testing React components that depend on asynchronous data, you must await the result:
2026-10-10T07:58:13.0174022Z 
2026-10-10T07:58:13.0174253Z await act(() => ...)
2026-10-10T07:58:13.0174489Z 
2026-10-10T07:58:13.1318078Z  [32m✓[39m apps/web/tests/privacy-consent.test.ts [2m([22m[2m6 tests[22m[2m)[22m[32m 58[2mms[22m[39m
2026-10-10T07:58:13.4904544Z [90mstderr[2m | apps/web/tests/shared-ui-render-contract.test.tsx[2m > [22m[2mS10 shared component rendered-slot contract[2m > [22m[2mEditDialog guards custom actions and the backdrop close path for dirty and busy states
2026-10-10T07:58:13.4954580Z [22m[39mAn update to ForwardRef(FormControl) inside a test was not wrapped in act(...).
2026-10-10T07:58:13.4965318Z 
2026-10-10T07:58:13.5015850Z When testing, code that causes React state updates should be wrapped into act(...):
2026-10-10T07:58:13.5019336Z 
2026-10-10T07:58:13.5023956Z act(() => {
2026-10-10T07:58:13.5024365Z   /* fire events that update state */
2026-10-10T07:58:13.5024741Z });
2026-10-10T07:58:13.5025053Z /* assert on the output */
2026-10-10T07:58:13.5025320Z 
2026-10-10T07:58:13.5025966Z This ensures that you're testing the behavior the user would see in the browser. Learn more at https://react.dev/link/wrap-tests-with-act
2026-10-10T07:58:13.5026860Z An update to ForwardRef(FormControl) inside a test was not wrapped in act(...).
2026-10-10T07:58:13.5030712Z 
2026-10-10T07:58:13.5031184Z When testing, code that causes React state updates should be wrapped into act(...):
2026-10-10T07:58:13.5031604Z 
2026-10-10T07:58:13.5031794Z act(() => {
2026-10-10T07:58:13.5032122Z   /* fire events that update state */
2026-10-10T07:58:13.5032459Z });
2026-10-10T07:58:13.5032753Z /* assert on the output */
2026-10-10T07:58:13.5032999Z 
2026-10-10T07:58:13.5033606Z This ensures that you're testing the behavior the user would see in the browser. Learn more at https://react.dev/link/wrap-tests-with-act
2026-10-10T07:58:13.5034175Z 
2026-10-10T07:58:13.8902095Z  [32m✓[39m apps/web/tests/command-lifetime.test.tsx [2m([22m[2m11 tests[22m[2m)[22m[32m 64[2mms[22m[39m
2026-10-10T07:58:14.6931094Z  [32m✓[39m apps/web/tests/media-inbox.test.ts [2m([22m[2m6 tests[22m[2m)[22m[32m 119[2mms[22m[39m
2026-10-10T07:58:15.1723421Z  [32m✓[39m apps/web/tests/shared-ui-render-contract.test.tsx [2m([22m[2m54 tests[22m[2m)[22m[33m 4093[2mms[22m[39m
2026-10-10T07:58:15.1724568Z    [32m✓[39m S10 shared component rendered-slot contract [2m(30)[22m
2026-10-10T07:58:15.1725483Z      [33m[2m✓[22m[39m DraftConflict requires a two-sided choice, excludes hidden data, and applies only to the draft[33m 398[2mms[22m[39m
2026-10-10T07:58:15.1726501Z      [33m[2m✓[22m[39m EditDialog guards custom actions and the footer close path for dirty and busy states[33m 399[2mms[22m[39m
2026-10-10T07:58:15.1727816Z      [33m[2m✓[22m[39m EditDialog guards custom actions and the icon close path for dirty and busy states[33m 477[2mms[22m[39m
2026-10-10T07:58:15.1728779Z      [33m[2m✓[22m[39m EditDialog guards custom actions and the Escape close path for dirty and busy states[33m 458[2mms[22m[39m
2026-10-10T07:58:15.1729907Z      [33m[2m✓[22m[39m EditDialog guards custom actions and the backdrop close path for dirty and busy states[33m 431[2mms[22m[39m
2026-10-10T07:58:15.1730996Z      [33m[2m✓[22m[39m ConfirmDialog validates the reason and keeps a rejected action visible[33m 712[2mms[22m[39m
2026-10-10T07:58:16.3231420Z  [32m✓[39m apps/web/tests/scope-events.test.tsx [2m([22m[2m18 tests[22m[2m)[22m[32m 53[2mms[22m[39m
2026-10-10T07:58:16.8026096Z  [32m✓[39m apps/web/tests/versioned-draft.test.tsx [2m([22m[2m7 tests[22m[2m)[22m[32m 21[2mms[22m[39m
2026-10-10T07:58:16.9897582Z  [32m✓[39m apps/web/tests/states/fe023-state.test.tsx [2m([22m[2m12 tests[22m[2m)[22m[33m 1279[2mms[22m[39m
2026-10-10T07:58:16.9929885Z    [32m✓[39m FE023 shared state and form behavior [2m(12)[22m
2026-10-10T07:58:16.9931107Z      [33m[2m✓[22m[39m asks before closing a dialog with a dirty field and keeps the field until discard is chosen[33m 888[2mms[22m[39m
2026-10-10T07:58:17.2135263Z  [32m✓[39m apps/web/tests/fe021-source-map.test.ts [2m([22m[2m3 tests[22m[2m)[22m[32m 7[2mms[22m[39m
2026-10-10T07:58:17.4238747Z  [32m✓[39m apps/web/tests/marketing-report.test.ts [2m([22m[2m11 tests[22m[2m)[22m[32m 32[2mms[22m[39m
2026-10-10T07:58:17.8713856Z  [32m✓[39m apps/web/tests/timezone.test.ts [2m([22m[2m10 tests[22m[2m)[22m[32m 22[2mms[22m[39m
2026-10-10T07:58:18.4774944Z  [32m✓[39m apps/web/tests/confirmation.test.tsx [2m([22m[2m4 tests[22m[2m)[22m[33m 447[2mms[22m[39m
2026-10-10T07:58:18.7687761Z [BABEL] Note: The code generator has deoptimised the styling of /tmp/botsales-vite-cache/2fbc71299afedf720605/direct-vite/3792/deps/react-dom_client.js?v=f2f89ae8 as it exceeds the max of 500KB.
2026-10-10T07:58:18.7706637Z  [32m✓[39m apps/web/tests/components.test.tsx [2m([22m[2m25 tests[22m[2m)[22m[33m 7689[2mms[22m[39m
2026-10-10T07:58:18.7721072Z    [32m✓[39m Accessible shared presentation [2m(19)[22m
2026-10-10T07:58:18.7727286Z      [33m[2m✓[22m[39m reflows the real mock application from 320px to 1440px and passes browser axe[33m 6443[2mms[22m[39m
2026-10-10T07:58:19.0445741Z  [32m✓[39m apps/web/tests/composition.test.tsx [2m([22m[2m3 tests[22m[2m)[22m[32m 256[2mms[22m[39m
2026-10-10T07:58:19.0717390Z  [32m✓[39m apps/web/tests/format.test.ts [2m([22m[2m12 tests[22m[2m)[22m[32m 35[2mms[22m[39m
2026-10-10T07:58:19.2082861Z  [32m✓[39m apps/web/tests/report-utils.test.ts [2m([22m[2m6 tests[22m[2m)[22m[32m 17[2mms[22m[39m
2026-10-10T07:58:19.4682439Z  [32m✓[39m apps/web/tests/domain-labels.test.ts [2m([22m[2m3 tests[22m[2m)[22m[32m 11[2mms[22m[39m
2026-10-10T07:58:19.4957205Z  [32m✓[39m apps/web/tests/catalog-import-file.test.ts [2m([22m[2m5 tests[22m[2m)[22m[32m 3[2mms[22m[39m
2026-10-10T07:58:19.7081620Z  [32m✓[39m apps/web/tests/push-capabilities.test.ts [2m([22m[2m2 tests[22m[2m)[22m[32m 5[2mms[22m[39m
2026-10-10T07:58:19.9750256Z  [32m✓[39m apps/web/tests/list-return.test.ts [2m([22m[2m3 tests[22m[2m)[22m[32m 4[2mms[22m[39m
2026-10-10T07:58:20.1291838Z  [32m✓[39m apps/web/tests/route-metadata.test.ts [2m([22m[2m2 tests[22m[2m)[22m[32m 24[2mms[22m[39m
2026-10-10T07:58:20.2756105Z  [32m✓[39m apps/web/tests/dashboard-labels.test.ts [2m([22m[2m3 tests[22m[2m)[22m[32m 3[2mms[22m[39m
2026-10-10T07:58:20.2779746Z 
2026-10-10T07:58:20.2782744Z [2m Test Files [22m [1m[32m23 passed[39m[22m[90m (23)[39m
2026-10-10T07:58:20.2783819Z [2m      Tests [22m [1m[32m238 passed[39m[22m[90m (238)[39m
2026-10-10T07:58:20.2784186Z [2m   Start at [22m 07:58:10
2026-10-10T07:58:20.2786546Z [2m   Duration [22m 10.26s[2m (tests 54%, environment 23%, import 15%, transform 4%, setup 4%)[22m
2026-10-10T07:58:20.2794944Z 
2026-10-10T07:58:20.2795573Z [2m    Isolate [22m [33m23 workers spawned[39m[2m · ~364ms startup each (spawn + environment, per file)[22m
2026-10-10T07:58:20.2796424Z [2m            [22m [2mat least ~2.43s faster with [22m[33misolate: false[39m[2m — reuses workers across files instead of one per file[22m
2026-10-10T07:58:20.2796764Z 
2026-10-10T07:58:20.3769415Z 
2026-10-10T07:58:20.3770074Z > botsales-frontend@0.1.0 build
2026-10-10T07:58:20.3770485Z > npm run generate:check && npm run typecheck && npm run build --workspace @botsales/web
2026-10-10T07:58:20.3770673Z 
2026-10-10T07:58:20.4399060Z 
2026-10-10T07:58:20.4399891Z > botsales-frontend@0.1.0 generate:check
2026-10-10T07:58:20.4400294Z > node scripts/generate.mjs --check
2026-10-10T07:58:20.4400467Z 
2026-10-10T07:58:20.5548927Z {"status":"PASS","outputs":15,"schemas":346,"operations":245,"routes":61}
2026-10-10T07:58:20.6256708Z 
2026-10-10T07:58:20.6257399Z > botsales-frontend@0.1.0 typecheck
2026-10-10T07:58:20.6257816Z > tsc -p apps/web/tsconfig.json --noEmit
2026-10-10T07:58:20.6258003Z 
2026-10-10T07:58:25.1168916Z 
2026-10-10T07:58:25.1169662Z > @botsales/web@0.1.0 build
2026-10-10T07:58:25.1170044Z > vite build --mode production
2026-10-10T07:58:25.1170206Z 
2026-10-10T07:58:25.2425102Z [36mvite v7.3.6 [32mbuilding client environment for production...[36m[39m
2026-10-10T07:58:25.2882237Z transforming...
2026-10-10T07:58:28.8888954Z [32m✓[39m 2077 modules transformed.
2026-10-10T07:58:29.2730238Z rendering chunks...
2026-10-10T07:58:29.4259549Z computing gzip size...
2026-10-10T07:58:29.4418997Z [2mdist/[22m[32mindex.html                            [39m[1m[2m  1.23 kB[22m[1m[22m[2m │ gzip:   0.61 kB[22m
2026-10-10T07:58:29.4419957Z [2mdist/[22m[2massets/[22m[35mindex-BQPx7lJM.css             [39m[1m[2m  3.56 kB[22m[1m[22m[2m │ gzip:   1.33 kB[22m
2026-10-10T07:58:29.4421486Z [2mdist/[22m[2massets/[22m[36mdownload-8lJFmiSZ.js           [39m[1m[2m  0.23 kB[22m[1m[22m[2m │ gzip:   0.17 kB[22m
2026-10-10T07:58:29.4422211Z [2mdist/[22m[2massets/[22m[36mfilters-CM07jGKE.js            [39m[1m[2m  0.32 kB[22m[1m[22m[2m │ gzip:   0.25 kB[22m
2026-10-10T07:58:29.4422921Z [2mdist/[22m[2massets/[22m[36mhooks-L2nh8X7I.js              [39m[1m[2m  4.59 kB[22m[1m[22m[2m │ gzip:   2.15 kB[22m
2026-10-10T07:58:29.4423677Z [2mdist/[22m[2massets/[22m[36mdraft-conflict-CQUoJQ4o.js     [39m[1m[2m  5.37 kB[22m[1m[22m[2m │ gzip:   2.49 kB[22m
2026-10-10T07:58:29.4424410Z [2mdist/[22m[2massets/[22m[36mindex-mquMxiPF.js              [39m[1m[2m  8.25 kB[22m[1m[22m[2m │ gzip:   3.27 kB[22m
2026-10-10T07:58:29.4425134Z [2mdist/[22m[2massets/[22m[36mindex-CiWOs-TV.js              [39m[1m[2m  9.42 kB[22m[1m[22m[2m │ gzip:   3.73 kB[22m
2026-10-10T07:58:29.4425858Z [2mdist/[22m[2massets/[22m[36mindex-DQGrQuEv.js              [39m[1m[2m 13.14 kB[22m[1m[22m[2m │ gzip:   5.19 kB[22m
2026-10-10T07:58:29.4426594Z [2mdist/[22m[2massets/[22m[36mindex-OVGPogNo.js              [39m[1m[2m 15.39 kB[22m[1m[22m[2m │ gzip:   5.90 kB[22m
2026-10-10T07:58:29.4427314Z [2mdist/[22m[2massets/[22m[36mindex-Bd9mcE3C.js              [39m[1m[2m 16.98 kB[22m[1m[22m[2m │ gzip:   5.58 kB[22m
2026-10-10T07:58:29.4428033Z [2mdist/[22m[2massets/[22m[36mindex-Bg61UgeK.js              [39m[1m[2m 16.99 kB[22m[1m[22m[2m │ gzip:   5.81 kB[22m
2026-10-10T07:58:29.4428608Z [2mdist/[22m[2massets/[22m[36mindex-PCRh2M1X.js              [39m[1m[2m 18.85 kB[22m[1m[22m[2m │ gzip:   6.33 kB[22m
2026-10-10T07:58:29.4429215Z [2mdist/[22m[2massets/[22m[36mindex-BUtDDvPf.js              [39m[1m[2m 19.08 kB[22m[1m[22m[2m │ gzip:   7.02 kB[22m
2026-10-10T07:58:29.4429833Z [2mdist/[22m[2massets/[22m[36mindex-CvmCKMdV.js              [39m[1m[2m 20.90 kB[22m[1m[22m[2m │ gzip:   6.92 kB[22m
2026-10-10T07:58:29.4430498Z [2mdist/[22m[2massets/[22m[36mindex-Dzt3sNfY.js              [39m[1m[2m 21.23 kB[22m[1m[22m[2m │ gzip:   7.65 kB[22m
2026-10-10T07:58:29.4430963Z [2mdist/[22m[2massets/[22m[36mindex-RfTtRmBG.js              [39m[1m[2m 24.80 kB[22m[1m[22m[2m │ gzip:   8.25 kB[22m
2026-10-10T07:58:29.4431430Z [2mdist/[22m[2massets/[22m[36mindex-DWs4xu4k.js              [39m[1m[2m 25.06 kB[22m[1m[22m[2m │ gzip:   8.46 kB[22m
2026-10-10T07:58:29.4431896Z [2mdist/[22m[2massets/[22m[36mindex-BSXDucyP.js              [39m[1m[2m 30.93 kB[22m[1m[22m[2m │ gzip:   9.93 kB[22m
2026-10-10T07:58:29.4432361Z [2mdist/[22m[2massets/[22m[36mindex-DattA6PL.js              [39m[1m[2m 32.48 kB[22m[1m[22m[2m │ gzip:  10.82 kB[22m
2026-10-10T07:58:29.4432845Z [2mdist/[22m[2massets/[22m[36mquery-Df7VyXaF.js              [39m[1m[2m 33.15 kB[22m[1m[22m[2m │ gzip:   9.92 kB[22m
2026-10-10T07:58:29.4433311Z [2mdist/[22m[2massets/[22m[36mindex-WDyY7fx-.js              [39m[1m[2m 42.03 kB[22m[1m[22m[2m │ gzip:  11.49 kB[22m
2026-10-10T07:58:29.4433794Z [2mdist/[22m[2massets/[22m[36mi18n-D4N_7Z3Q.js               [39m[1m[2m 46.14 kB[22m[1m[22m[2m │ gzip:  15.12 kB[22m
2026-10-10T07:58:29.4434260Z [2mdist/[22m[2massets/[22m[36mindex-BeRebE9w.js              [39m[1m[2m 64.28 kB[22m[1m[22m[2m │ gzip:  17.67 kB[22m
2026-10-10T07:58:29.4434732Z [2mdist/[22m[2massets/[22m[36mschemas-CoWCwirf.js            [39m[1m[2m 85.75 kB[22m[1m[22m[2m │ gzip:  25.72 kB[22m
2026-10-10T07:58:29.4435206Z [2mdist/[22m[2massets/[22m[36mindex-DgXyZ4_1.js              [39m[1m[2m100.89 kB[22m[1m[22m[2m │ gzip:  32.02 kB[22m
2026-10-10T07:58:29.4435695Z [2mdist/[22m[2massets/[22m[36mschema-validation-B78jEm7B.js  [39m[1m[2m149.80 kB[22m[1m[22m[2m │ gzip:  45.12 kB[22m
2026-10-10T07:58:29.4436197Z [2mdist/[22m[2massets/[22m[36mreact-runtime-gLMyUIL2.js      [39m[1m[2m279.79 kB[22m[1m[22m[2m │ gzip:  90.28 kB[22m
2026-10-10T07:58:29.4436783Z [2mdist/[22m[2massets/[22m[36mcharts-BwhaRlrs.js             [39m[1m[2m320.23 kB[22m[1m[22m[2m │ gzip:  96.79 kB[22m
2026-10-10T07:58:29.4437257Z [2mdist/[22m[2massets/[22m[36mmui-CJj7QyVx.js                [39m[1m[2m328.77 kB[22m[1m[22m[2m │ gzip: 100.20 kB[22m
2026-10-10T07:58:29.4437740Z [2mdist/[22m[2massets/[22m[36mcontract-data-BRT-TOMX.js      [39m[1m[2m368.62 kB[22m[1m[22m[2m │ gzip:  42.83 kB[22m
2026-10-10T07:58:29.4438059Z [32m✓ built in 4.18s[39m
2026-10-10T07:58:29.5903301Z 
2026-10-10T07:58:29.5903891Z > botsales-frontend@0.1.0 test:layout
2026-10-10T07:58:29.5904340Z > node --test tests/layout-checker.test.mjs tests/ui-layout-binding-gates.test.mjs && node scripts/check-layout.mjs
2026-10-10T07:58:29.5904588Z 
2026-10-10T07:59:00.6193094Z ✔ CSS label gap accepts the canonical direct pixel constructor and its exact owner/property (1388.858313ms)
2026-10-10T07:59:00.6193683Z ✔ CSS label gap cannot be used as an unrelated spacing property (1482.283581ms)
2026-10-10T07:59:00.6194081Z ✔ CSS label gap rejects a raw pixel constructor argument (1343.61845ms)
2026-10-10T07:59:00.6194400Z ✔ CSS label gap cannot impersonate a role from another owner (1334.662202ms)
2026-10-10T07:59:00.6204266Z ✔ accepts semantic bridge roles, the closed token-derived factor map, geometry, and reset values (1363.142874ms)
2026-10-10T07:59:00.6213902Z ✔ rejects a CSS spacing role without a declared shared owner (1360.462813ms)
2026-10-10T07:59:00.6214947Z ✔ rejects scale-conforming and off-scale literals in sx, responsive leaves, named and namespace MUI System props (1313.074301ms)
2026-10-10T07:59:00.6216177Z ✔ follows local aliases and style callbacks; rejects theme spacing helpers and preset overrides (1366.617384ms)
2026-10-10T07:59:00.6217188Z ✔ scans nested slotProps but does not confuse event handlers or geometric dimensions with spacing (1416.163472ms)
2026-10-10T07:59:00.6218135Z ✔ keeps Panel geometry inspectable and rejects spacing hidden in its geometry prop (4115.271953ms)
2026-10-10T07:59:00.6219660Z ✔ accepts only an exact CSS exception and reports stale or mismatched exception scope (4251.963221ms)
2026-10-10T07:59:00.6220625Z ✔ rejects malformed TypeScript, malformed CSS, bad exception schema, and raw values in the bridge (5954.910211ms)
2026-10-10T07:59:00.6222978Z ✔ rejects canonical pixel tokens used as MUI factors and an altered bridge factor table (2888.097789ms)
2026-10-10T07:59:00.6224058Z ✔ report mode inventories migration debt without turning findings into PASS (1382.646641ms)
2026-10-10T08:00:24.8446912Z ✔ canonical writes through casts and aliases fail outside style expressions (1453.948915ms)
2026-10-10T08:00:24.8447407Z ✔ Object.assign cannot mutate canonical data but can copy to a fresh object (2996.160652ms)
2026-10-10T08:00:24.8447790Z ✔ layout gate rejects raw spacing on const alias of MUI component (1477.989399ms)
2026-10-10T08:00:24.8449468Z ✔ canonical mutation gate follows global mutator aliases and reflection (1453.812617ms)
2026-10-10T08:00:24.8450365Z ✔ local mutator names do not acquire global mutation identity (1385.097883ms)
2026-10-10T08:00:24.8451575Z ✔ destructured mutators and call/apply retain canonical mutation checks (1452.545918ms)
2026-10-10T08:00:24.8452046Z ✔ global mutator call/apply can copy canonical values into fresh objects (1499.524605ms)
2026-10-10T08:00:24.8452419Z ✔ mutable aliases with possible canonical destinations fail closed (1444.704393ms)
2026-10-10T08:00:24.8452798Z ✔ opaque apply arguments fail closed while unrelated mutable data stays valid (3002.042106ms)
2026-10-10T08:00:24.8453236Z ✔ canonical references inside containers and destructured aliases cannot be mutated (1449.55406ms)
2026-10-10T08:00:24.8458484Z ✔ independent shallow copies of scalar canonical fields remain mutable (1542.580268ms)
2026-10-10T08:00:24.8459366Z ✔ array references and nested destructuring preserve canonical write provenance (1546.867443ms)
2026-10-10T08:00:24.8462518Z ✔ array destinations distinguish independent elements from canonical references (1492.253103ms)
2026-10-10T08:00:24.8463845Z ✔ array destructuring, dynamic indices and spread cannot hide canonical references (1638.292414ms)
2026-10-10T08:00:24.8469939Z ✔ dynamic indices and destructuring of independent arrays stay mutable (1533.478662ms)
2026-10-10T08:00:24.8470804Z ✔ function parameters cannot hide canonical mutation across source files (1550.911624ms)
2026-10-10T08:00:24.8471585Z ✔ read-only helpers and mutations of unrelated arguments remain valid (1518.018602ms)
2026-10-10T08:00:24.8481548Z ✔ returned canonical references remain protected across helper boundaries (1486.922919ms)
2026-10-10T08:00:24.8482463Z ✔ helper returns of fresh scalar copies do not retain canonical destination identity (1347.767522ms)
2026-10-10T08:00:24.8483266Z ✔ destructured object parameters cannot mutate canonical arguments (1062.958811ms)
2026-10-10T08:00:24.8510013Z ✔ destructured object parameters retain independent argument mutability (1063.639519ms)
2026-10-10T08:00:24.8529461Z ✔ default parameter and binding initializers cannot hide canonical mutations (1078.49529ms)
2026-10-10T08:00:24.8530265Z ✔ fresh default parameter and binding copies remain mutable (1115.023669ms)
2026-10-10T08:00:24.8531002Z ✔ rest parameters retain canonical argument write provenance (1089.573178ms)
2026-10-10T08:00:24.8535225Z ✔ rest parameters distinguish independent positions from canonical siblings (1076.301254ms)
2026-10-10T08:00:24.8536087Z ✔ finite spread arguments preserve shifted positional and rest destinations (1079.455685ms)
2026-10-10T08:00:24.8536895Z ✔ finite spread expansion keeps independent argument positions mutable (1054.329025ms)
2026-10-10T08:00:24.8537697Z ✔ opaque spreads keep positional mutation destinations unknown (1039.032844ms)
2026-10-10T08:00:24.8538459Z ✔ opaque spreads into read-only helpers do not invent mutation findings (1034.13992ms)
2026-10-10T08:00:24.8539393Z ✔ array parameter patterns retain canonical positions including nested object arrays (1108.778916ms)
2026-10-10T08:00:24.8540684Z ✔ array parameter patterns retain independent bound element mutability (1041.846694ms)
2026-10-10T08:00:24.8541412Z ✔ layout gate rejects parameter shadow of canonical layout name (1041.53352ms)
2026-10-10T08:00:24.8542056Z ✔ layout gate follows genuine renamed styled factory (1066.101115ms)
2026-10-10T08:00:24.8542729Z ✔ layout gate accepts canonical namespace, element access and barrel alias (1073.245887ms)
2026-10-10T08:00:24.8543422Z ✔ layout gate does not mistake local component named Stack for MUI (1048.224662ms)
2026-10-10T08:00:24.8544055Z ✔ layout gate inspects renamed installed Emotion css tag (1110.406757ms)
2026-10-10T08:00:24.8544714Z ✔ layout gate preserves genuine aliased Controller field forwarding (1041.550469ms)
2026-10-10T08:00:24.8545406Z ✔ a same-named local Controller cannot exempt an unknown prop spread (1058.627611ms)
2026-10-10T08:00:24.8546136Z ✔ genuine useForm registration survives property and destructured aliases (1041.276427ms)
2026-10-10T08:00:24.8546887Z ✔ a function named register cannot exempt injected style props (1151.624359ms)
2026-10-10T08:00:24.8547656Z ✔ a bridge callback parameter cannot impersonate its private factor binding (1125.120098ms)
2026-10-10T08:00:24.8548447Z ✔ opaque namespace component selection remains a strict binding failure (1101.685806ms)
2026-10-10T08:00:24.8549287Z ✔ opaque namespace factory cannot hide style arguments (1152.299231ms)
2026-10-10T08:00:24.8550124Z ✔ MUI re-export cannot hide raw spacing behind a first-party barrel (1119.585357ms)
2026-10-10T08:00:24.8550854Z ✔ destructuring assignments cannot hide canonical write targets (1071.296658ms)
2026-10-10T08:00:24.8551618Z ✔ destructuring assignments can update independent copied destinations (1043.211872ms)
2026-10-10T08:00:24.8552665Z ✔ object rest retains nested canonical references while copying the outer object (1157.070363ms)
2026-10-10T08:00:24.8553459Z ✔ rest scalar copies and replacement of container references stay mutable (1085.808038ms)
2026-10-10T08:00:24.8554555Z ✔ shallow object spread preserves canonical child references and last-writer order (1117.215747ms)
2026-10-10T08:00:24.8555354Z ✔ shallow spread with a later independent override stays mutable (1050.865812ms)
2026-10-10T08:00:24.8556083Z ✔ exported mutable aliases retain assignments from their declaring file (1066.12805ms)
2026-10-10T08:00:24.8556854Z ✔ exported independent mutable data does not acquire canonical provenance (1042.373921ms)
2026-10-10T08:00:24.8557657Z ✔ literal computed keys retain canonical container and parameter provenance (1057.413979ms)
2026-10-10T08:00:24.8558432Z ✔ literal computed keys do not taint independent selected properties (1055.575281ms)
2026-10-10T08:00:24.8559355Z ✔ Object.assign shallow copies retain canonical nested reference provenance (1054.1193ms)
2026-10-10T08:00:24.8560164Z ✔ Object.assign later independent overrides and scalar copies stay mutable (1046.957063ms)
2026-10-10T08:00:24.8560948Z ✔ union and dynamic property selections retain possible canonical destinations (1059.611167ms)
2026-10-10T08:00:24.8561802Z ✔ finite union property selections exclude canonical siblings not in the key set (1049.440221ms)
2026-10-10T08:00:24.8562631Z ✔ union selection over Object.assign output retains canonical child provenance (1133.461651ms)
2026-10-10T08:00:24.8563417Z ✔ union selection over independent Object.assign output remains mutable (1046.026278ms)
2026-10-10T08:00:24.8564216Z ✔ Reflect.set call/apply checks the target argument rather than the assigned value (3196.832295ms)
2026-10-10T08:00:24.8564926Z ✔ aliased React createElement checks MUI and native style objects (1052.545761ms)
2026-10-10T08:00:24.8565651Z ✔ GlobalStyles.styles is checked and local createElement names stay local (2010.958946ms)
2026-10-10T08:00:24.8566370Z ✔ React JSX runtime factories cannot bypass MUI or native style checks (1020.861162ms)
2026-10-10T08:00:24.8567068Z ✔ React cloneElement checks the cloned MUI element and preserves native props (4042.389868ms)
2026-10-10T08:00:24.8568108Z ✔ Emotion css props and object factories are inspected with native CSS semantics (3119.175473ms)
2026-10-10T08:00:24.8568934Z ✔ Inline style elements in JSX, React factories, DOM and the HTML entry fail closed (8411.302446ms)
2026-10-10T08:00:24.8569923Z ✔ DOM CSSOM spacing writes use semantic roles and reject opaque style strings (2128.819111ms)
2026-10-10T08:00:24.8570831Z ✔ HTML parsing and runtime stylesheet mutation cannot bypass the imported CSS boundary (2134.496928ms)
2026-10-10T08:00:24.8571730Z ✔ spacing shorthand values and responsive breakpoints preserve token and unit provenance (10499.011462ms)
2026-10-10T08:00:24.8572592Z ✔ function return producers cannot hide canonical children behind spreads (1055.650893ms)
2026-10-10T08:00:24.8573387Z ✔ producer spreads keep later independent child overrides writable (1131.957873ms)
2026-10-10T08:00:24.8617713Z ℹ tests 86
2026-10-10T08:00:24.8617934Z ℹ suites 0
2026-10-10T08:00:24.8618115Z ℹ pass 86
2026-10-10T08:00:24.8618290Z ℹ fail 0
2026-10-10T08:00:24.8618485Z ℹ cancelled 0
2026-10-10T08:00:24.8618679Z ℹ skipped 0
2026-10-10T08:00:24.8618823Z ℹ todo 0
2026-10-10T08:00:24.8618960Z ℹ duration_ms 115249.766651
2026-10-10T08:00:29.7990986Z layout-check PASS: 93 source files, 0 finding(s), 1 exception(s) used
2026-10-10T08:00:29.9360929Z 
2026-10-10T08:00:29.9361597Z > botsales-frontend@0.1.0 test:visual-tokens
2026-10-10T08:00:29.9362185Z > node --test tests/visual-token-checker.test.mjs && node scripts/check-visual-tokens.mjs
2026-10-10T08:00:29.9362508Z 
2026-10-10T08:00:32.3301192Z ✔ visual checker accepts canonical theme roles, token references, geometry and semantic responsive props (617.594556ms)
2026-10-10T08:00:32.3305624Z ✔ visual checker rejects raw literals across sx, JSX system props and CSS declarations (378.985411ms)
2026-10-10T08:00:32.3306693Z ✔ visual checker follows local style aliases and callback themes, but fails raw nested values (367.365129ms)
2026-10-10T08:00:32.3307785Z ✔ visual checker reports unresolved spreads and malformed style sources as UNKNOWN or parse errors (334.570187ms)
2026-10-10T08:00:32.3309217Z ✔ visual checker includes newly added TSX files under the source root (354.412852ms)
2026-10-10T08:00:32.4084063Z ℹ tests 5
2026-10-10T08:00:32.4084320Z ℹ suites 0
2026-10-10T08:00:32.4084460Z ℹ pass 5
2026-10-10T08:00:32.4084582Z ℹ fail 0
2026-10-10T08:00:32.4084854Z ℹ cancelled 0
2026-10-10T08:00:32.4085007Z ℹ skipped 0
2026-10-10T08:00:32.4085130Z ℹ todo 0
2026-10-10T08:00:32.4085287Z ℹ duration_ms 2448.917417
2026-10-10T08:00:36.0432022Z visual-token-check PASS: 92 source files, 0 finding(s)
2026-10-10T08:00:36.1650422Z 
2026-10-10T08:00:36.1651017Z > botsales-frontend@0.1.0 test:ui-composition
2026-10-10T08:00:36.1651916Z > node --test tests/ui-composition-checker.test.mjs tests/ui-composition-ancestry.test.mjs tests/ui-shared-api-contract.test.mjs && node scripts/check-ui-composition.mjs
2026-10-10T08:00:36.1652450Z 
2026-10-10T08:00:47.6587984Z ✔ P10/P15 catch alias and neutral-wrapper duplicate insets through fragments and conditionals (1023.962689ms)
2026-10-10T08:00:47.6590863Z ✔ P20 resolves shared composition identities through a barrel and const component aliases (537.240978ms)
2026-10-10T08:00:47.6591525Z ✔ P11/P13 catch static element access roles on every MUI surface, including Paper (488.333891ms)
2026-10-10T08:00:47.6592103Z ✔ P12 checks React createElement and JSX-runtime element factories (517.445172ms)
2026-10-10T08:00:47.6592697Z ✔ P14 resolves bodyMode literal aliases and fails closed when ownership is unknown (1745.348416ms)
2026-10-10T08:00:47.6593246Z ✔ checks Panel ancestry when React elements are created natively (447.542097ms)
2026-10-10T08:00:47.6593794Z ✔ keeps independent nested surfaces and portaled dialogs as separate owners (964.389325ms)
2026-10-10T08:00:47.6594273Z ✔ accepts finite bodyMode branches and every mode in the public component contracts (1141.695419ms)
2026-10-10T08:00:47.6594672Z ✔ stops inherited gap ownership at Panels and independent bordered surfaces (669.086629ms)
2026-10-10T08:00:47.6595408Z ✔ tracks gaps through fragments, conditions and ready QueryState, but not inside DOM wrappers (328.386711ms)
2026-10-10T08:00:47.6595837Z ✔ applies the same finite modes and wrapper boundaries to native React factories (697.623406ms)
2026-10-10T08:00:47.6596226Z ✔ recognizes native outlined Paper and nested Box surface inset boundaries (666.833577ms)
2026-10-10T08:00:47.6596617Z ✔ fails closed when an unresolved custom wrapper obscures a semantic gap owner (345.876743ms)
2026-10-10T08:00:47.6597046Z ✔ rejects unsupported placement and rhythm values while accepting finite aliases and branches (676.513254ms)
2026-10-10T08:00:47.6599960Z ✔ rejects unsupported finite values through React element factories (680.173767ms)
2026-10-10T08:00:47.7544588Z ✔ accepts semantic composition, closed geometry and business-specific MUI primitives (11.979562ms)
2026-10-10T08:00:47.7545323Z ✔ rejects rebuilding each shared spacing owner at a consumer (8.220631ms)
2026-10-10T08:00:47.7545973Z ✔ follows aliases, local style variables, object spreads and namespace imports (2.871292ms)
2026-10-10T08:00:47.7546752Z ✔ rejects direct and spread spacing overrides on semantic components (2.0482ms)
2026-10-10T08:00:47.7547085Z ✔ rejects spacing or opaque spreads hidden in geometry (1.389847ms)
2026-10-10T08:00:47.7547447Z ✔ allows the canonical owner implementation and fails closed on malformed source (3.736216ms)
2026-10-10T08:00:47.7547814Z ✔ rejects duplicated parent boundary and duplicated Panel inset (1.357158ms)
2026-10-10T08:00:47.7548152Z ✔ checks default MUI imports and fails closed for opaque geometry (1.437158ms)
2026-10-10T08:00:47.7548517Z ✔ distinguishes content grids from flex flows when reporting the shared owner (1.06066ms)
2026-10-10T08:00:47.7548922Z ✔ rejects page spacing for paired fields and peer Panels without a section gap owner (5.546087ms)
2026-10-10T08:00:47.7550277Z ✔ related sibling gaps belong to ActionGroup comfortable density, not consumer Stack styles (0.975622ms)
2026-10-10T08:00:47.7551085Z ✔ density profiles are finite and new spacing paths retain the shared owner (8.046469ms)
2026-10-10T08:00:47.7551514Z ✔ Amount consumers declare wrapping outside DataTable columns and keep table money unbroken (127.100264ms)
2026-10-10T08:00:47.7551947Z ✔ the shared catalog covers every public React component and supporting Column type (64.621943ms)
2026-10-10T08:00:47.7552350Z ✔ SPC-067 covers discovered public Shared APIs without a fixed export count (1.143885ms)
2026-10-10T08:00:47.7552696Z ✔ every public React API has a direct rendered contract test (1.914688ms)
2026-10-10T08:00:47.7553062Z ✔ catalog declaration lines and stated JSX counts match resolved source symbols (180.301252ms)
2026-10-10T08:00:47.7553529Z ✔ every shared React export has a resolved production consumer or an explicit zero-use lifecycle decision (105.575047ms)
2026-10-10T08:00:47.7554023Z ✔ required UI evidence and regression gates remain wired to root verify and the active parent workflow (0.703872ms)
2026-10-10T08:00:47.7554429Z ✔ composition prop allowlists match the TypeScript owners exactly (0.320864ms)
2026-10-10T08:00:47.7554789Z ✔ QueryState uses only the approved inline and section pending profiles (0.504761ms)
2026-10-10T08:00:47.7555244Z ✔ QueryState consumers reserve section loading for primary content and keep every other state inline by default (63.841319ms)
2026-10-10T08:00:47.7555685Z ✔ body modes, placement roles and geometry keys match the TypeScript contracts (1.850171ms)
2026-10-10T08:00:47.7556064Z ✔ Panel geometry and DataTable columns remain closed public contracts (6.248296ms)
2026-10-10T08:00:47.7556459Z ✔ shared component and composition props expose no arbitrary layout/style escape hatch (6.703323ms)
2026-10-10T08:00:47.7556885Z ✔ layout role types, runtime values, consumers and ownership documentation stay closed (4584.38603ms)
2026-10-10T08:00:47.7557145Z ℹ tests 41
2026-10-10T08:00:47.7557263Z ℹ suites 0
2026-10-10T08:00:47.7557417Z ℹ pass 41
2026-10-10T08:00:47.7557593Z ℹ fail 0
2026-10-10T08:00:47.7557961Z ℹ cancelled 0
2026-10-10T08:00:47.7558147Z ℹ skipped 0
2026-10-10T08:00:47.7558333Z ℹ todo 0
2026-10-10T08:00:47.7558554Z ℹ duration_ms 11567.323672
2026-10-10T08:01:42.1350062Z ui-composition PASS: 91 source files, 0 finding(s)
2026-10-10T08:01:42.1350386Z 
2026-10-10T08:01:42.2855338Z 
2026-10-10T08:01:42.2855963Z > botsales-frontend@0.1.0 test:evidence
2026-10-10T08:01:42.2856730Z > node --test tests/ui-evidence-validator.test.mjs && node scripts/validate-ui-evidence.mjs evidence/frontend-ui-improvements/ui-governance-rollout-20261007/S17-current-evidence.json
2026-10-10T08:01:42.2857352Z 
2026-10-10T08:01:42.3565778Z ✔ accepts current fingerprints, honest open coverage, and explained N/A (2.433731ms)
2026-10-10T08:01:42.3566536Z ✔ rejects a stale source fingerprint (1.419441ms)
2026-10-10T08:01:42.3567422Z ✔ rejects a stale command log (0.653246ms)
2026-10-10T08:01:42.3567967Z ✔ rejects missing, absolute, and escaping source paths (0.538813ms)
2026-10-10T08:01:42.3568556Z ✔ rejects unrun, missing, duplicate, and nonzero command results marked PASS (0.648779ms)
2026-10-10T08:01:42.3569430Z ✔ rejects PASS when expected and observed results differ (0.520835ms)
2026-10-10T08:01:42.3570971Z ✔ rejects inconsistent coverage and N/A without a reason (3.641873ms)
2026-10-10T08:01:42.3571796Z ✔ rejects a baseline falsely dated after implementation started and detects changed baseline artifacts (0.750992ms)
2026-10-10T08:01:42.3572559Z ✔ COMPLETE cannot contain open coverage or failed commands (0.692604ms)
2026-10-10T08:01:42.3573280Z ✔ S19 must explicitly reconcile files, APIs, routes, rendered routes, slots, and states (0.721649ms)
2026-10-10T08:01:42.3574052Z ✔ rejects malformed top-level evidence instead of treating missing fields as success (0.407444ms)
2026-10-10T08:01:42.3635835Z ℹ tests 11
2026-10-10T08:01:42.3636033Z ℹ suites 0
2026-10-10T08:01:42.3637438Z ℹ pass 11
2026-10-10T08:01:42.3637628Z ℹ fail 0
2026-10-10T08:01:42.3637816Z ℹ cancelled 0
2026-10-10T08:01:42.3637942Z ℹ skipped 0
2026-10-10T08:01:42.3638078Z ℹ todo 0
2026-10-10T08:01:42.3638209Z ℹ duration_ms 55.545837
2026-10-10T08:01:42.4102735Z ui-evidence PASS: S17; 3 command/log record(s), 3 coverage row(s), 275 current fingerprint(s); status=COMPLETE
2026-10-10T08:01:42.4280180Z ##[group]Run npm run test:e2e -- --project=chromium --reporter=line
2026-10-10T08:01:42.4280452Z [36;1mnpm run test:e2e -- --project=chromium --reporter=line[0m
2026-10-10T08:01:42.4330921Z shell: /usr/bin/bash -e {0}
2026-10-10T08:01:42.4331069Z ##[endgroup]
2026-10-10T08:01:42.4965604Z 
2026-10-10T08:01:42.4966203Z > botsales-frontend@0.1.0 test:e2e
2026-10-10T08:01:42.4966666Z > node scripts/run-e2e.mjs --project=chromium --reporter=line
2026-10-10T08:01:42.4966899Z 
2026-10-10T08:01:42.5167733Z 
2026-10-10T08:01:42.5168295Z > npm run setup
2026-10-10T08:01:42.5754022Z 
2026-10-10T08:01:42.5754655Z > botsales-frontend@0.1.0 setup
2026-10-10T08:01:42.5754904Z > node scripts/setup.mjs
2026-10-10T08:01:42.5754998Z 
2026-10-10T08:01:42.7085978Z {"status":"PASS","outputs":15,"schemas":346,"operations":245,"routes":61}
2026-10-10T08:01:42.7705472Z Copying the worker script at "/home/runner/work/Bot-AI-Ban-hang-FB/Bot-AI-Ban-hang-FB/BotSalesAI_Frontend/apps/web/public"...
2026-10-10T08:01:42.7732702Z 
2026-10-10T08:01:42.7733494Z [32mWorker script successfully copied![39m
2026-10-10T08:01:42.7733747Z [90m  - public
2026-10-10T08:01:42.7733881Z [39m
2026-10-10T08:01:42.7734075Z Continue by describing the network in your application:
2026-10-10T08:01:42.7734221Z 
2026-10-10T08:01:42.7734225Z 
2026-10-10T08:01:42.7734388Z [31m[1mhttps://mswjs.io/docs/quick-start[22m[39m
2026-10-10T08:01:42.7745151Z 
2026-10-10T08:01:42.7784952Z Thiết lập xong. npm run dev chạy frontend mô phỏng; không kết nối khách hàng hoặc provider thật.
2026-10-10T08:01:42.7885170Z 
2026-10-10T08:01:42.7885410Z > npm run build
2026-10-10T08:01:42.8501744Z 
2026-10-10T08:01:42.8502204Z > botsales-frontend@0.1.0 build
2026-10-10T08:01:42.8502660Z > npm run generate:check && npm run typecheck && npm run build --workspace @botsales/web
2026-10-10T08:01:42.8503173Z 
2026-10-10T08:01:42.9164242Z 
2026-10-10T08:01:42.9164789Z > botsales-frontend@0.1.0 generate:check
2026-10-10T08:01:42.9165158Z > node scripts/generate.mjs --check
2026-10-10T08:01:42.9165277Z 
2026-10-10T08:01:43.0359612Z {"status":"PASS","outputs":15,"schemas":346,"operations":245,"routes":61}
2026-10-10T08:01:43.1120356Z 
2026-10-10T08:01:43.1120802Z > botsales-frontend@0.1.0 typecheck
2026-10-10T08:01:43.1121116Z > tsc -p apps/web/tsconfig.json --noEmit
2026-10-10T08:01:43.1121248Z 
2026-10-10T08:01:47.7176135Z 
2026-10-10T08:01:47.7176838Z > @botsales/web@0.1.0 build
2026-10-10T08:01:47.7177263Z > vite build --mode production
2026-10-10T08:01:47.7177429Z 
2026-10-10T08:01:47.8201313Z [36mvite v7.3.6 [32mbuilding client environment for production...[36m[39m
2026-10-10T08:01:47.8614947Z transforming...
2026-10-10T08:01:51.5673106Z [32m✓[39m 2077 modules transformed.
2026-10-10T08:01:51.9530884Z rendering chunks...
2026-10-10T08:01:52.1155324Z computing gzip size...
2026-10-10T08:01:52.1321808Z [2mdist/[22m[32mindex.html                            [39m[1m[2m  1.23 kB[22m[1m[22m[2m │ gzip:   0.61 kB[22m
2026-10-10T08:01:52.1322817Z [2mdist/[22m[2massets/[22m[35mindex-BQPx7lJM.css             [39m[1m[2m  3.56 kB[22m[1m[22m[2m │ gzip:   1.33 kB[22m
2026-10-10T08:01:52.1323694Z [2mdist/[22m[2massets/[22m[36mdownload-8lJFmiSZ.js           [39m[1m[2m  0.23 kB[22m[1m[22m[2m │ gzip:   0.17 kB[22m
2026-10-10T08:01:52.1324518Z [2mdist/[22m[2massets/[22m[36mfilters-CM07jGKE.js            [39m[1m[2m  0.32 kB[22m[1m[22m[2m │ gzip:   0.25 kB[22m
2026-10-10T08:01:52.1325335Z [2mdist/[22m[2massets/[22m[36mhooks-L2nh8X7I.js              [39m[1m[2m  4.59 kB[22m[1m[22m[2m │ gzip:   2.15 kB[22m
2026-10-10T08:01:52.1326163Z [2mdist/[22m[2massets/[22m[36mdraft-conflict-CQUoJQ4o.js     [39m[1m[2m  5.37 kB[22m[1m[22m[2m │ gzip:   2.49 kB[22m
2026-10-10T08:01:52.1326971Z [2mdist/[22m[2massets/[22m[36mindex-mquMxiPF.js              [39m[1m[2m  8.25 kB[22m[1m[22m[2m │ gzip:   3.27 kB[22m
2026-10-10T08:01:52.1328299Z [2mdist/[22m[2massets/[22m[36mindex-CiWOs-TV.js              [39m[1m[2m  9.42 kB[22m[1m[22m[2m │ gzip:   3.73 kB[22m
2026-10-10T08:01:52.1328812Z [2mdist/[22m[2massets/[22m[36mindex-DQGrQuEv.js              [39m[1m[2m 13.14 kB[22m[1m[22m[2m │ gzip:   5.19 kB[22m
2026-10-10T08:01:52.1329623Z [2mdist/[22m[2massets/[22m[36mindex-OVGPogNo.js              [39m[1m[2m 15.39 kB[22m[1m[22m[2m │ gzip:   5.90 kB[22m
2026-10-10T08:01:52.1330405Z [2mdist/[22m[2massets/[22m[36mindex-Bd9mcE3C.js              [39m[1m[2m 16.98 kB[22m[1m[22m[2m │ gzip:   5.58 kB[22m
2026-10-10T08:01:52.1331185Z [2mdist/[22m[2massets/[22m[36mindex-Bg61UgeK.js              [39m[1m[2m 16.99 kB[22m[1m[22m[2m │ gzip:   5.81 kB[22m
2026-10-10T08:01:52.1332037Z [2mdist/[22m[2massets/[22m[36mindex-PCRh2M1X.js              [39m[1m[2m 18.85 kB[22m[1m[22m[2m │ gzip:   6.33 kB[22m
2026-10-10T08:01:52.1332990Z [2mdist/[22m[2massets/[22m[36mindex-BUtDDvPf.js              [39m[1m[2m 19.08 kB[22m[1m[22m[2m │ gzip:   7.02 kB[22m
2026-10-10T08:01:52.1333780Z [2mdist/[22m[2massets/[22m[36mindex-CvmCKMdV.js              [39m[1m[2m 20.90 kB[22m[1m[22m[2m │ gzip:   6.92 kB[22m
2026-10-10T08:01:52.1334605Z [2mdist/[22m[2massets/[22m[36mindex-Dzt3sNfY.js              [39m[1m[2m 21.23 kB[22m[1m[22m[2m │ gzip:   7.65 kB[22m
2026-10-10T08:01:52.1335381Z [2mdist/[22m[2massets/[22m[36mindex-RfTtRmBG.js              [39m[1m[2m 24.80 kB[22m[1m[22m[2m │ gzip:   8.25 kB[22m
2026-10-10T08:01:52.1336203Z [2mdist/[22m[2massets/[22m[36mindex-DWs4xu4k.js              [39m[1m[2m 25.06 kB[22m[1m[22m[2m │ gzip:   8.46 kB[22m
2026-10-10T08:01:52.1336997Z [2mdist/[22m[2massets/[22m[36mindex-BSXDucyP.js              [39m[1m[2m 30.93 kB[22m[1m[22m[2m │ gzip:   9.93 kB[22m
2026-10-10T08:01:52.1337820Z [2mdist/[22m[2massets/[22m[36mindex-DattA6PL.js              [39m[1m[2m 32.48 kB[22m[1m[22m[2m │ gzip:  10.82 kB[22m
2026-10-10T08:01:52.1338618Z [2mdist/[22m[2massets/[22m[36mquery-Df7VyXaF.js              [39m[1m[2m 33.15 kB[22m[1m[22m[2m │ gzip:   9.92 kB[22m
2026-10-10T08:01:52.1339518Z [2mdist/[22m[2massets/[22m[36mindex-WDyY7fx-.js              [39m[1m[2m 42.03 kB[22m[1m[22m[2m │ gzip:  11.49 kB[22m
2026-10-10T08:01:52.1340305Z [2mdist/[22m[2massets/[22m[36mi18n-D4N_7Z3Q.js               [39m[1m[2m 46.14 kB[22m[1m[22m[2m │ gzip:  15.12 kB[22m
2026-10-10T08:01:52.1341090Z [2mdist/[22m[2massets/[22m[36mindex-BeRebE9w.js              [39m[1m[2m 64.28 kB[22m[1m[22m[2m │ gzip:  17.67 kB[22m
2026-10-10T08:01:52.1341880Z [2mdist/[22m[2massets/[22m[36mschemas-CoWCwirf.js            [39m[1m[2m 85.75 kB[22m[1m[22m[2m │ gzip:  25.72 kB[22m
2026-10-10T08:01:52.1342679Z [2mdist/[22m[2massets/[22m[36mindex-DgXyZ4_1.js              [39m[1m[2m100.89 kB[22m[1m[22m[2m │ gzip:  32.02 kB[22m
2026-10-10T08:01:52.1343545Z [2mdist/[22m[2massets/[22m[36mschema-validation-B78jEm7B.js  [39m[1m[2m149.80 kB[22m[1m[22m[2m │ gzip:  45.12 kB[22m
2026-10-10T08:01:52.1344375Z [2mdist/[22m[2massets/[22m[36mreact-runtime-gLMyUIL2.js      [39m[1m[2m279.79 kB[22m[1m[22m[2m │ gzip:  90.28 kB[22m
2026-10-10T08:01:52.1345218Z [2mdist/[22m[2massets/[22m[36mcharts-BwhaRlrs.js             [39m[1m[2m320.23 kB[22m[1m[22m[2m │ gzip:  96.79 kB[22m
2026-10-10T08:01:52.1346071Z [2mdist/[22m[2massets/[22m[36mmui-CJj7QyVx.js                [39m[1m[2m328.77 kB[22m[1m[22m[2m │ gzip: 100.20 kB[22m
2026-10-10T08:01:52.1346904Z [2mdist/[22m[2massets/[22m[36mcontract-data-BRT-TOMX.js      [39m[1m[2m368.62 kB[22m[1m[22m[2m │ gzip:  42.83 kB[22m
2026-10-10T08:01:52.1347442Z [32m✓ built in 4.30s[39m
2026-10-10T08:01:52.2226706Z 
2026-10-10T08:01:52.2227215Z > npm run build:demo
2026-10-10T08:01:52.2892544Z 
2026-10-10T08:01:52.2893186Z > botsales-frontend@0.1.0 build:demo
2026-10-10T08:01:52.2893619Z > npm run generate:check && npm run typecheck && npm run build:demo --workspace @botsales/web
2026-10-10T08:01:52.2893827Z 
2026-10-10T08:01:52.3556941Z 
2026-10-10T08:01:52.3557543Z > botsales-frontend@0.1.0 generate:check
2026-10-10T08:01:52.3557845Z > node scripts/generate.mjs --check
2026-10-10T08:01:52.3557963Z 
2026-10-10T08:01:52.4773368Z {"status":"PASS","outputs":15,"schemas":346,"operations":245,"routes":61}
2026-10-10T08:01:52.5540063Z 
2026-10-10T08:01:52.5540711Z > botsales-frontend@0.1.0 typecheck
2026-10-10T08:01:52.5541164Z > tsc -p apps/web/tsconfig.json --noEmit
2026-10-10T08:01:52.5541371Z 
2026-10-10T08:01:57.1813989Z 
2026-10-10T08:01:57.1814639Z > @botsales/web@0.1.0 build:demo
2026-10-10T08:01:57.1815091Z > vite build --mode demo --outDir dist-demo
2026-10-10T08:01:57.1815293Z 
2026-10-10T08:01:57.2872305Z [36mvite v7.3.6 [32mbuilding client environment for demo...[36m[39m
2026-10-10T08:01:57.3245595Z transforming...
2026-10-10T08:02:01.3316117Z [32m✓[39m 2293 modules transformed.
2026-10-10T08:02:01.7710383Z rendering chunks...
2026-10-10T08:02:01.9450991Z computing gzip size...
2026-10-10T08:02:01.9633090Z [2mdist-demo/[22m[32mindex.html                            [39m[1m[2m  1.23 kB[22m[1m[22m[2m │ gzip:   0.61 kB[22m
2026-10-10T08:02:01.9634155Z [2mdist-demo/[22m[2massets/[22m[35mindex-BQPx7lJM.css             [39m[1m[2m  3.56 kB[22m[1m[22m[2m │ gzip:   1.33 kB[22m
2026-10-10T08:02:01.9634706Z [2mdist-demo/[22m[2massets/[22m[36mdownload-CWiaXb8A.js           [39m[1m[2m  0.24 kB[22m[1m[22m[2m │ gzip:   0.17 kB[22m
2026-10-10T08:02:01.9635212Z [2mdist-demo/[22m[2massets/[22m[36mfilters-CirfTR7_.js            [39m[1m[2m  0.32 kB[22m[1m[22m[2m │ gzip:   0.25 kB[22m
2026-10-10T08:02:01.9635711Z [2mdist-demo/[22m[2massets/[22m[36mcontrol-Criu5A-7.js            [39m[1m[2m  1.73 kB[22m[1m[22m[2m │ gzip:   0.94 kB[22m
2026-10-10T08:02:01.9636236Z [2mdist-demo/[22m[2massets/[22m[36mhooks-BeC01d3Y.js              [39m[1m[2m  4.59 kB[22m[1m[22m[2m │ gzip:   2.15 kB[22m
2026-10-10T08:02:01.9636832Z [2mdist-demo/[22m[2massets/[22m[36mdraft-conflict-tNpI-HAo.js     [39m[1m[2m  5.37 kB[22m[1m[22m[2m │ gzip:   2.49 kB[22m
2026-10-10T08:02:01.9637336Z [2mdist-demo/[22m[2massets/[22m[36mindex-SkfVeie4.js              [39m[1m[2m  8.79 kB[22m[1m[22m[2m │ gzip:   3.47 kB[22m
2026-10-10T08:02:01.9637819Z [2mdist-demo/[22m[2massets/[22m[36mindex-DH5AOH0G.js              [39m[1m[2m  9.42 kB[22m[1m[22m[2m │ gzip:   3.73 kB[22m
2026-10-10T08:02:01.9638535Z [2mdist-demo/[22m[2massets/[22m[36mindex-B3gGpiMi.js              [39m[1m[2m 13.14 kB[22m[1m[22m[2m │ gzip:   5.18 kB[22m
2026-10-10T08:02:01.9639307Z [2mdist-demo/[22m[2massets/[22m[36mindex-D3UNZ1L-.js              [39m[1m[2m 15.09 kB[22m[1m[22m[2m │ gzip:   5.71 kB[22m
2026-10-10T08:02:01.9640080Z [2mdist-demo/[22m[2massets/[22m[36mindex-BWSxRwQH.js              [39m[1m[2m 17.14 kB[22m[1m[22m[2m │ gzip:   5.61 kB[22m
2026-10-10T08:02:01.9640872Z [2mdist-demo/[22m[2massets/[22m[36mindex-BGP_Ad-y.js              [39m[1m[2m 18.85 kB[22m[1m[22m[2m │ gzip:   6.33 kB[22m
2026-10-10T08:02:01.9641639Z [2mdist-demo/[22m[2massets/[22m[36mindex-01nb5nQj.js              [39m[1m[2m 19.18 kB[22m[1m[22m[2m │ gzip:   6.54 kB[22m
2026-10-10T08:02:01.9642415Z [2mdist-demo/[22m[2massets/[22m[36mindex-DgCh8QFc.js              [39m[1m[2m 19.28 kB[22m[1m[22m[2m │ gzip:   7.08 kB[22m
2026-10-10T08:02:01.9643228Z [2mdist-demo/[22m[2massets/[22m[36mindex-Cco5VbEE.js              [39m[1m[2m 20.90 kB[22m[1m[22m[2m │ gzip:   6.92 kB[22m
2026-10-10T08:02:01.9644036Z [2mdist-demo/[22m[2massets/[22m[36mindex-hYjqNRGb.js              [39m[1m[2m 24.80 kB[22m[1m[22m[2m │ gzip:   8.24 kB[22m
2026-10-10T08:02:01.9644820Z [2mdist-demo/[22m[2massets/[22m[36mindex-BDJDBZpL.js              [39m[1m[2m 25.47 kB[22m[1m[22m[2m │ gzip:   8.62 kB[22m
2026-10-10T08:02:01.9645881Z [2mdist-demo/[22m[2massets/[22m[36mindex-DQbFFBlT.js              [39m[1m[2m 28.10 kB[22m[1m[22m[2m │ gzip:   9.80 kB[22m
2026-10-10T08:02:01.9646676Z [2mdist-demo/[22m[2massets/[22m[36mindex-DX4hKm3W.js              [39m[1m[2m 30.93 kB[22m[1m[22m[2m │ gzip:   9.93 kB[22m
2026-10-10T08:02:01.9647496Z [2mdist-demo/[22m[2massets/[22m[36mindex-f6PQjW3Q.js              [39m[1m[2m 32.93 kB[22m[1m[22m[2m │ gzip:  10.94 kB[22m
2026-10-10T08:02:01.9648282Z [2mdist-demo/[22m[2massets/[22m[36mquery-Df7VyXaF.js              [39m[1m[2m 33.15 kB[22m[1m[22m[2m │ gzip:   9.92 kB[22m
2026-10-10T08:02:01.9649199Z [2mdist-demo/[22m[2massets/[22m[36mindex-D6MJeQeX.js              [39m[1m[2m 42.03 kB[22m[1m[22m[2m │ gzip:  11.49 kB[22m
2026-10-10T08:02:01.9649986Z [2mdist-demo/[22m[2massets/[22m[36mi18n-D4N_7Z3Q.js               [39m[1m[2m 46.14 kB[22m[1m[22m[2m │ gzip:  15.12 kB[22m
2026-10-10T08:02:01.9650906Z [2mdist-demo/[22m[2massets/[22m[36mindex-BoOL50Pn.js              [39m[1m[2m 65.49 kB[22m[1m[22m[2m │ gzip:  18.10 kB[22m
2026-10-10T08:02:01.9651724Z [2mdist-demo/[22m[2massets/[22m[36mschemas-CoWCwirf.js            [39m[1m[2m 85.75 kB[22m[1m[22m[2m │ gzip:  25.72 kB[22m
2026-10-10T08:02:01.9652518Z [2mdist-demo/[22m[2massets/[22m[36mindex-C6ptp12n.js              [39m[1m[2m105.42 kB[22m[1m[22m[2m │ gzip:  33.42 kB[22m
2026-10-10T08:02:01.9653351Z [2mdist-demo/[22m[2massets/[22m[36mschema-validation-B78jEm7B.js  [39m[1m[2m149.80 kB[22m[1m[22m[2m │ gzip:  45.12 kB[22m
2026-10-10T08:02:01.9654204Z [2mdist-demo/[22m[2massets/[22m[36mservice-DOnisuXi.js            [39m[1m[2m233.46 kB[22m[1m[22m[2m │ gzip:  54.15 kB[22m
2026-10-10T08:02:01.9655003Z [2mdist-demo/[22m[2massets/[22m[36mbrowser-CQeKKnYr.js            [39m[1m[2m255.64 kB[22m[1m[22m[2m │ gzip:  87.02 kB[22m
2026-10-10T08:02:01.9655872Z [2mdist-demo/[22m[2massets/[22m[36mreact-runtime-gLMyUIL2.js      [39m[1m[2m279.79 kB[22m[1m[22m[2m │ gzip:  90.28 kB[22m
2026-10-10T08:02:01.9656719Z [2mdist-demo/[22m[2massets/[22m[36mcharts-uDdGNk6t.js             [39m[1m[2m320.23 kB[22m[1m[22m[2m │ gzip:  96.79 kB[22m
2026-10-10T08:02:01.9657523Z [2mdist-demo/[22m[2massets/[22m[36mmui-CUCPJGs1.js                [39m[1m[2m328.77 kB[22m[1m[22m[2m │ gzip: 100.20 kB[22m
2026-10-10T08:02:01.9658343Z [2mdist-demo/[22m[2massets/[22m[36mcontract-data-CJyvN5AM.js      [39m[1m[2m375.47 kB[22m[1m[22m[2m │ gzip:  44.43 kB[22m
2026-10-10T08:02:01.9658839Z [32m✓ built in 4.67s[39m
2026-10-10T08:02:02.0532414Z 
2026-10-10T08:02:02.0533239Z > node node_modules/@playwright/test/cli.js test --project=chromium --reporter=line
2026-10-10T08:02:04.0835612Z 
2026-10-10T08:02:04.0836561Z Running 406 tests using 1 worker
2026-10-10T08:02:04.0836830Z 
2026-10-10T08:02:04.5717699Z [1/406] [chromium] › tests/accessibility/routes.spec.ts:17:1 › all canonical routes pass whole-page WCAG 2.1 A/AA axe checks in the React demo
2026-10-10T08:03:31.0776104Z [2/406] [chromium] › tests/accessibility/routes.spec.ts:84:1 › contained action buttons do not animate between contrasting enabled and disabled color pairs
2026-10-10T08:03:33.6953800Z [3/406] [chromium] › tests/artifacts/demo-preview.spec.ts:40:1 › the built demo artifact serves the React UI and synthetic API through preview
2026-10-10T08:03:34.5807233Z [chromium] › tests/artifacts/demo-preview.spec.ts:40:1 › the built demo artifact serves the React UI and synthetic API through preview
2026-10-10T08:03:34.5820665Z [artifact-preview] {"scope":"FRONTEND_WITH_SYNTHETIC_MOCK_API","artifact":"apps/web/dist-demo","browserMetrics":{"browser":"Mozilla/5.0 (Windows NT 10.0; Win64; x64) AppleWebKit/537.36 (KHTML, like Gecko) Chrome/153.0.8010.12 Safari/537.36","viewport":{"width":1280,"height":720},"route":"/s/shop-demo/overview","domContentLoadedMs":108,"loadEventMs":108,"scriptCount":11,"scriptTransferBytes":482369,"scriptAssets":[{"file":"index-C6ptp12n.js","transferBytes":33723,"decodedBytes":105422,"durationMs":17},{"file":"query-Df7VyXaF.js","transferBytes":10222,"decodedBytes":33154,"durationMs":15},{"file":"react-runtime-gLMyUIL2.js","transferBytes":90583,"decodedBytes":279787,"durationMs":32},{"file":"contract-data-CJyvN5AM.js","transferBytes":44731,"decodedBytes":375469,"durationMs":29},{"file":"mui-CUCPJGs1.js","transferBytes":100504,"decodedBytes":328773,"durationMs":32},{"file":"i18n-D4N_7Z3Q.js","transferBytes":15416,"decodedBytes":46142,"durationMs":22},{"file":"schema-validation-B78jEm7B.js","transferBytes":45420,"decodedBytes":149800,"durationMs":28},{"file":"browser-CQeKKnYr.js","transferBytes":87316,"decodedBytes":255636,"durationMs":17},{"file":"service-DOnisuXi.js","transferBytes":54454,"decodedBytes":233456,"durationMs":12},{"file":"index-DH5AOH0G.js","transferBytes":0,"decodedBytes":9416,"durationMs":52},{"file":"hooks-BeC01d3Y.js","transferBytes":0,"decodedBytes":4585,"durationMs":56}]},"bundles":{"javascriptFiles":32,"totalBytes":2617401,"totalGzipBytes":735870,"initialRouteGzipBytes":485552,"proposedBudgets":{"initialRouteGzipKiB":500,"largestChunkGzipKiB":200,"basis":"Local demo preview limits for the measured Chromium artifact; not a backend or platform SLO."},"largest":[{"file":"apps/web/dist-demo/assets/contract-data-CJyvN5AM.js","bytes":375469,"gzipBytes":44431},{"file":"apps/web/dist-demo/assets/mui-CUCPJGs1.js","bytes":328773,"gzipBytes":100204},{"file":"apps/web/dist-demo/assets/charts-uDdGNk6t.js","bytes":320234,"gzipBytes":96785},{"file":"apps/web/dist-demo/assets/react-runtime-gLMyUIL2.js","bytes":279787,"gzipBytes":90283},{"file":"apps/web/dist-demo/assets/browser-CQeKKnYr.js","bytes":255636,"gzipBytes":87016}]},"observedApi":{"path":"/api/v2/session","status":200,"servedBy":"MSW in the built demo artifact"},"dataSource":"synthetic-msw"}
2026-10-10T08:03:34.5824730Z 
2026-10-10T08:03:34.5887259Z [4/406] [chromium] › tests/artifacts/demo-preview.spec.ts:104:1 › a thousand synthetic customers remain API-paginated in the built demo artifact
2026-10-10T08:03:35.6697998Z [chromium] › tests/artifacts/demo-preview.spec.ts:104:1 › a thousand synthetic customers remain API-paginated in the built demo artifact
2026-10-10T08:03:35.6699863Z [large-dataset-api] {"url":"http://127.0.0.1:36439/api/v2/shops/shop-demo/customers?limit=20","count":20,"page":{"limit":20,"total":1004,"hasMore":true,"nextCursor":"perf-customer-0016"},"firstIds":["c1","c2","c3"]}
2026-10-10T08:03:35.6700476Z 
2026-10-10T08:03:35.7136594Z [large-dataset-preview] {"scope":"FRONTEND_WITH_SYNTHETIC_MOCK_API","artifact":"apps/web/dist-demo","datasetId":"FE025-LARGE-CUSTOMERS-1000-V1","generatedRows":1000,"firstPageIds":["c1","c2","c3","c4","perf-customer-0001","perf-customer-0002","perf-customer-0003","perf-customer-0004","perf-customer-0005","perf-customer-0006","perf-customer-0007","perf-customer-0008","perf-customer-0009","perf-customer-0010","perf-customer-0011","perf-customer-0012","perf-customer-0013","perf-customer-0014","perf-customer-0015","perf-customer-0016"],"api":{"status":200,"pageLimit":20,"total":1004,"hasMore":true,"nextCursor":"perf-customer-0016"},"domRowsIncludingHeader":21,"firstPageReadyMs":200,"browser":"Mozilla/5.0 (Windows NT 10.0; Win64; x64) AppleWebKit/537.36 (KHTML, like Gecko) Chrome/153.0.8010.12 Safari/537.36","viewport":{"width":1280,"height":720},"note":"Synthetic customer identities only; the React screen renders one API page and exposes the next cursor instead of mounting the full collection."}
2026-10-10T08:03:35.7139580Z 
2026-10-10T08:03:35.7222237Z [5/406] [chromium] › tests/artifacts/demo-preview.spec.ts:143:1 › the production artifact contains neither the mock worker asset nor MSW fixtures/runtime
2026-10-10T08:03:35.7478389Z [6/406] [chromium] › tests/fe009.spec.ts:37:1 › workspace onboarding creates a shop with an active membership and returns to its scoped route
2026-10-10T08:03:39.1122089Z [7/406] [chromium] › tests/fe009.spec.ts:59:1 › customer create validates fields, submits through mock HTTP, and preserves edits after a stale version
2026-10-10T08:03:44.5005545Z [8/406] [chromium] › tests/fe009.spec.ts:127:1 › customer detail keeps redacted contact fields read-only and does not overwrite them on save
2026-10-10T08:03:46.2910042Z [9/406] [chromium] › tests/fe009.spec.ts:144:1 › job detail follows an export created in the current synthetic shop and can refetch it
2026-10-10T08:03:48.3340389Z [10/406] [chromium] › tests/fe009.spec.ts:179:1 › FE009.G01 shop setup checklist guides to supported pages and leaves missing contract fields unverified
2026-10-10T08:03:49.8133835Z [11/406] [chromium] › tests/fe009.spec.ts:192:1 › FE009.G05 consent management persists challenges without granting consent before customer action
2026-10-10T08:03:51.5747919Z [12/406] [chromium] › tests/fe009.spec.ts:202:1 › FE009.H06 audit screen distinguishes available fields from missing contract detail
2026-10-10T08:03:53.0532507Z [13/406] [chromium] › tests/fe009.spec.ts:211:1 › FE009.B06 after-sale cases only link orders loaded for the selected customer and customer profile shows their shipment
2026-10-10T08:03:59.2377323Z [14/406] [chromium] › tests/fe009.spec.ts:243:1 › team invitation and membership revoke stay shop-scoped and protect the active owner
2026-10-10T08:04:02.2064825Z [15/406] [chromium] › tests/fe009.spec.ts:279:1 › privacy delete requests remain pending approval with no frontend step-up shortcut
2026-10-10T08:04:05.3949731Z [16/406] [chromium] › tests/fe010.spec.ts:40:1 › product editor validates positive prices, protects image-only drafts, and saves variant payload through mock HTTP
2026-10-10T08:04:11.5437424Z [17/406] [chromium] › tests/fe010.spec.ts:110:1 › product update sends If-Match and keeps edits visible after a 412 conflict
2026-10-10T08:04:14.4135128Z [18/406] [chromium] › tests/fe010.spec.ts:142:1 › warehouse role can read catalog products but cannot edit product fields or price cost data
2026-10-10T08:04:16.1476136Z [19/406] [chromium] › tests/fe010.spec.ts:151:1 › categories create, search, update with a version, and render cursor pagination
2026-10-10T08:04:18.7880321Z [20/406] [chromium] › tests/fe010.spec.ts:180:1 › CSV preview reports row-level errors and commits only valid product rows
2026-10-10T08:04:22.0442438Z [21/406] [chromium] › tests/fe010.spec.ts:252:1 › import validation token is rejected with 412 after catalog changes and the preview remains visible
2026-10-10T08:04:25.2159239Z [22/406] [chromium] › tests/fe010.spec.ts:284:1 › CSV demo row limit is explained and rejects more than 1000 data rows before preview
2026-10-10T08:04:26.9656822Z [23/406] [chromium] › tests/fe010.spec.ts:297:1 › demo upload rejects files over 5 MB before making an upload request
2026-10-10T08:04:28.8830023Z [24/406] [chromium] › tests/fe010.spec.ts:308:1 › product category lookup pages the full collection and preserves the selected category while editing
2026-10-10T08:04:46.5811505Z [chromium] › tests/fe010.spec.ts:308:1 › product category lookup pages the full collection and preserves the selected category while editing
2026-10-10T08:04:46.5823687Z UI005 acceptance: {"categoryTotal":105,"createCategoryId":"cat-2","editCategoryId":"cat-0","categoryRequests":19}
2026-10-10T08:04:46.5825630Z 
2026-10-10T08:04:46.6359040Z [25/406] [chromium] › tests/fe011.spec.ts:37:1 › FE011.AC01 snapshot drives stock totals and the SKU opens its catalog result
2026-10-10T08:04:49.5966580Z [26/406] [chromium] › tests/fe011.spec.ts:56:1 › FE011.AC02 adjustment validates, waits for mock confirmation, and reconciles movement history once
2026-10-10T08:04:54.8189865Z [27/406] [chromium] › tests/fe011.spec.ts:95:1 › FE011.AC03 conflict and insufficient stock preserve the draft and never update optimistically
2026-10-10T08:04:58.8588208Z [28/406] [chromium] › tests/fe011.spec.ts:125:1 › FE011.AC03 forbidden adjustment retains user input and shows no success state
2026-10-10T08:05:01.6587316Z [29/406] [chromium] › tests/fe011.spec.ts:141:1 › FE011.AC03 unknown command blocks duplicate submission until shared recovery reconciles it
2026-10-10T08:05:04.6791497Z [30/406] [chromium] › tests/fe011.spec.ts:159:1 › FE011.AC04 movement contract filters are URL-backed and history exposes actor and permission-gated source
2026-10-10T08:05:06.9317393Z [31/406] [chromium] › tests/fe011.spec.ts:187:1 › FE011.AC05 inventory reflows at mobile widths, passes axe, and restores keyboard focus after adjustment dialog
2026-10-10T08:05:09.3486515Z [32/406] [chromium] › tests/fe011.spec.ts:210:1 › FE011.AC03 unknown shop scope shows no stock from another shop
2026-10-10T08:05:09.9927014Z [33/406] [chromium] › tests/fe012.spec.ts:37:1 › FE012.AC01 searchable customer and product pickers submit contract-shaped draft and reject fractional quantity
2026-10-10T08:05:14.8673269Z [34/406] [chromium] › tests/fe012.spec.ts:95:1 › FE012 canonical customer address choice completes the mock order flow with a versioned snapshot
2026-10-10T08:05:20.7020442Z [35/406] [chromium] › tests/fe012.spec.ts:124:1 › FE012.AC01 editing lines invalidates quote and customer consent; a new quote is required before confirmation
2026-10-10T08:05:26.1593889Z [36/406] [chromium] › tests/fe012.spec.ts:184:1 › FE012.AC03 mock stale-version 412 preserves draft fields and does not show success
2026-10-10T08:05:28.3807976Z [37/406] [chromium] › tests/fe012.spec.ts:201:1 › FE012.AC03 offline state blocks quote mutation while retaining the loaded draft
2026-10-10T08:05:29.9312182Z [38/406] [chromium] › tests/fe012.spec.ts:213:1 › FE012.AC03 unknown confirm outcome blocks duplicate writes until shared command recovery is available
2026-10-10T08:05:32.8030826Z [39/406] [chromium] › tests/fe012.spec.ts:259:1 › FE012.AC03 quote and customer confirmation expiration disable confirmation using API time
2026-10-10T08:05:35.7868952Z [40/406] [chromium] › tests/fe012.spec.ts:279:1 › FE012.AC03 returns reject fractional/over-original quantities locally and preserve data on cumulative mock rejection
2026-10-10T08:05:37.4912217Z [41/406] [chromium] › tests/fe012.spec.ts:303:1 › FE012.AC04 return inspection loads the current case and applies accepted partial quantity to mock stock and refund
2026-10-10T08:05:40.9335515Z [42/406] [chromium] › tests/fe012.spec.ts:356:1 › FE012.AC03 handed-over order routes to returns and exposes no ordinary cancel action
2026-10-10T08:05:42.3934102Z [43/406] [chromium] › tests/fe012.spec.ts:363:1 › FE012.AC05 order drafting remains usable without horizontal page overflow and passes focused axe checks
2026-10-10T08:05:44.4197157Z [44/406] [chromium] › tests/fe013.spec.ts:42:1 › FE013.C04 shipping preview distinguishes missing address, unserviceable zone, and expired mock quote
2026-10-10T08:05:48.2840488Z [45/406] [chromium] › tests/fe013.spec.ts:68:1 › FE013.AC01–AC04 stale claim conflict is visible; pick, pack, dispatch and delivery use current API versions once
2026-10-10T08:05:58.1872944Z [46/406] [chromium] › tests/fe013.spec.ts:212:1 › FE013.AC03 unknown handover cannot be repeated before command reconciliation
2026-10-10T08:06:04.0395555Z [47/406] [chromium] › tests/fe013.spec.ts:259:1 › FE013.AC01 role scope and FE013.AC05 responsive shipment/preparation views remain accessible
2026-10-10T08:06:08.2189828Z [48/406] [chromium] › tests/fe014.spec.ts:27:1 › FE014.AC01 multi-line purchase validates MOQ/pack size and binds approval to the created intent
2026-10-10T08:06:13.2112311Z [49/406] [chromium] › tests/fe014.spec.ts:79:1 › FE027.D02 supplier workspace edits the selected contact through its current version and displays MOQ offers
2026-10-10T08:06:15.4376756Z [50/406] [chromium] › tests/fe014.spec.ts:97:1 › FE014.AC02 approval covers the exact purchase intent; unknown send is blocked from blind retry
2026-10-10T08:06:22.3430258Z [51/406] [chromium] › tests/fe014.spec.ts:156:1 › FE014.S03 auto-send requires an active matching purchase delegation
2026-10-10T08:06:25.8160074Z [52/406] [chromium] › tests/fe014.spec.ts:170:1 › FE014.S04 owner manages a paused purchase delegation only after rechecking the buyer role
2026-10-10T08:06:32.3621814Z [53/406] [chromium] › tests/fe014.spec.ts:217:1 › FE014.S03 manager without procurement.receive cannot open receipt actions
2026-10-10T08:06:35.4165739Z [54/406] [chromium] › tests/fe014.spec.ts:237:1 › FE014.AC03 partial receipt posts only accepted units to synthetic stock and payable once
2026-10-10T08:06:41.2027992Z [55/406] [chromium] › tests/fe014.spec.ts:308:1 › FE014.D03/D04/D07 replenishment uses min-max rules, labels forecast limits, and blocks duplicate proposals
2026-10-10T08:06:44.3235863Z [56/406] [chromium] › tests/fe015.spec.ts:59:1 › FE015.AC01 report filters use exact timezone boundaries and mock API aggregates
2026-10-10T08:06:47.3346957Z [57/406] [chromium] › tests/fe015.spec.ts:109:1 › FE021.E08 report explanation is mock-only, cites the filtered P&L snapshot, and never writes finance data
2026-10-10T08:06:48.5619407Z [58/406] [chromium] › tests/fe015.spec.ts:130:1 › UI003 report timestamps follow the active shop timezone
2026-10-10T08:06:52.6662672Z [59/406] [chromium] › tests/fe015.spec.ts:187:1 › FE015.E02/E03 profit report renders canonical cost, gross-profit and operating-expense values
2026-10-10T08:06:53.8151134Z [60/406] [chromium] › tests/fe015.spec.ts:215:1 › FE015.AC02 journal rejects unbalanced decimal lines before POST and sends exact money strings
2026-10-10T08:06:58.3108301Z [61/406] [chromium] › tests/fe015.spec.ts:250:1 › FE015.AC02 closed accounting period is visible and disables journal draft creation
2026-10-10T08:07:01.0929313Z [62/406] [chromium] › tests/fe015.spec.ts:274:1 › FE015.AC03 CSV import keeps partial row failures visible and deduplicates external transactions
2026-10-10T08:07:04.9574176Z [63/406] [chromium] › tests/fe015.spec.ts:297:1 › UI001 reconciliation cursors stay scoped and dialogs load choices beyond the visible table page
2026-10-10T08:07:18.1111507Z [64/406] [chromium] › tests/fe015.spec.ts:424:1 › FE015.AC03 COD settlement matches net remittance plus documented fee
2026-10-10T08:07:23.9114512Z [65/406] [chromium] › tests/fe015.spec.ts:459:1 › FE015.AC03 partial bank allocation leaves the remaining amount and debt visible
2026-10-10T08:07:27.8157662Z [66/406] [chromium] › tests/fe015.spec.ts:485:1 › FE015.AC03 unknown journal posting is not resent from the same draft
2026-10-10T08:07:33.5444556Z [67/406] [chromium] › tests/fe016.spec.ts:70:1 › UI015 mobile demo tools disclose by keyboard and inbox stays within narrow viewports
2026-10-10T08:07:36.2031235Z [68/406] [chromium] › tests/fe016.spec.ts:103:1 › FE016 conversation keeps its composer visible while long demo context scrolls independently
2026-10-10T08:07:37.9589675Z [69/406] [chromium] › tests/fe016.spec.ts:210:1 › FE016.AC01 inbox filters call canonical query fields and remain bookmarked through conversation details
2026-10-10T08:07:40.6724012Z [70/406] [chromium] › tests/fe016.spec.ts:238:1 › Shared consolidation Inbox preserves selected filters and composer draft through metadata pending error empty and recovery
2026-10-10T08:07:43.2221054Z [71/406] [chromium] › tests/fe016.spec.ts:298:1 › FE016.AC01 list cursor is isolated from message cursor and restored on back navigation
2026-10-10T08:07:44.6225548Z [72/406] [chromium] › tests/fe016.spec.ts:317:1 › UI002 inbox list and message cursors stay independent through paging, conversation switch and shop change
2026-10-10T08:07:48.4708903Z [73/406] [chromium] › tests/fe016.spec.ts:406:1 › UI002 mobile keeps the list page while messages page and Back restores it
2026-10-10T08:07:51.5769054Z [74/406] [chromium] › tests/fe016.spec.ts:450:1 › UI002 Inbox search resets only the list cursor while a message page is open
2026-10-10T08:07:54.2837460Z [75/406] [chromium] › tests/fe016.spec.ts:507:1 › UI002 deep link, refresh and mobile Back preserve their own cursors
2026-10-10T08:07:56.7921069Z [76/406] [chromium] › tests/fe016.spec.ts:561:1 › UI002 list and message panel errors remain isolated
2026-10-10T08:08:02.6961673Z [77/406] [chromium] › tests/fe016.spec.ts:585:1 › UI002 send, invalidation and resync keep both cursors and send only once
2026-10-10T08:08:05.7020495Z [78/406] [chromium] › tests/fe016.spec.ts:645:1 › FE016.AC01 takeover and reply use current versions and show API send state without claiming delivery
2026-10-10T08:08:07.9999833Z [79/406] [chromium] › tests/fe016.spec.ts:672:1 › FE016.AC02 internal notes render HTML-like text inert and feedback creates only a review draft
2026-10-10T08:08:10.0996423Z [80/406] [chromium] › tests/fe016.spec.ts:705:1 › FE016.AC03 unknown send keeps the reply draft, exposes command recovery and never blindly resends
2026-10-10T08:08:12.4454019Z [81/406] [chromium] › tests/fe016.spec.ts:728:1 › FE016.AC04 role without customer/order permissions cannot open those cross-module references
2026-10-10T08:08:14.1532329Z [82/406] [chromium] › tests/fe016.spec.ts:739:1 › FE016.S03 stale takeover preserves reason and reports the version conflict
2026-10-10T08:08:17.1272168Z [83/406] [chromium] › tests/fe016.spec.ts:755:1 › FE016.B05 cross-sell promotion preview shows sample rules without applying a discount
2026-10-10T08:08:18.5204234Z [84/406] [chromium] › tests/fe016.spec.ts:769:1 › FE016.B08 capability-driven image, voice and document media upload and send by scoped file IDs
2026-10-10T08:08:21.5939244Z [85/406] [chromium] › tests/fe016.spec.ts:835:1 › FE016.B09 pending media send preserves newer text and blocks blind retry after unknown outcome
2026-10-10T08:08:26.8281308Z [86/406] [chromium] › tests/fe016.spec.ts:879:1 › FE016.B10 a channel without an explicit media policy keeps text composer and denies attachments
2026-10-10T08:08:28.4007613Z [87/406] [chromium] › tests/fe016.spec.ts:891:1 › FE027.B01 industry sales script preview asks for missing facts and stays a local draft
2026-10-10T08:08:30.1458536Z [88/406] [chromium] › tests/fe016.spec.ts:907:1 › FE027.B02 inbox price and available stock preview uses current canonical mock reads
2026-10-10T08:08:31.5355943Z [89/406] [chromium] › tests/fe016.spec.ts:928:1 › FE027.B03 order capture links the active customer and conversation into the manual order form
2026-10-10T08:08:33.3918320Z [90/406] [chromium] › tests/fe016.spec.ts:938:1 › FE027.B04 automatic order confirmation stays unavailable until policy and customer evidence exist
2026-10-10T08:08:34.9476901Z [91/406] [chromium] › tests/fe017-validation.spec.ts:15:1 › FE017 synthetic 422 keeps the knowledge draft fields and shows field errors
2026-10-10T08:08:37.7974113Z [92/406] [chromium] › tests/fe017.spec.ts:26:1 › FE017.AC01 demo publishing uses the approved permission and lifecycle substitute without an API allowedActions field
2026-10-10T08:08:43.3550301Z [93/406] [chromium] › tests/fe017.spec.ts:117:1 › FE017.AC02 knowledge file upload sends canonical purpose and detail reads processing status
2026-10-10T08:08:45.9492762Z [94/406] [chromium] › tests/fe017.spec.ts:156:1 › FE017 price and stock source preview uses canonical product and timestamped inventory APIs
2026-10-10T08:08:47.2293134Z [95/406] [chromium] › tests/fe017.spec.ts:189:1 › FE017.AC03 missing content, unsupported and oversized files keep creation unavailable
2026-10-10T08:08:49.2600785Z [96/406] [chromium] › tests/fe017.spec.ts:211:1 › FE017.AC04 feedback approval creates inert draft content and its first revision only
2026-10-10T08:08:52.6752328Z [97/406] [chromium] › tests/fe017.spec.ts:244:1 › FE017.AC05 manager sees knowledge read-only and synthetic API rejects purpose-specific upload and publish
2026-10-10T08:08:54.2676009Z [98/406] [chromium] › tests/fe017.spec.ts:265:1 › FE017.AC06 stale review preserves the reason and explains the conflict
2026-10-10T08:08:56.2763797Z [99/406] [chromium] › tests/fe017.spec.ts:280:1 › FE027.G02 product content brief edits source, size, warranty, alternatives, and forbidden claims locally
2026-10-10T08:08:57.7838086Z [100/406] [chromium] › tests/fe017.spec.ts:298:1 › FE027.G03 policy revisions keep the published snapshot immutable when a draft changes
2026-10-10T08:08:59.3105027Z [101/406] [chromium] › tests/fe018.spec.ts:130:1 › FE018.S01 maps routes and operations to the canonical OpenAPI permissions
2026-10-10T08:08:59.6534693Z [102/406] [chromium] › tests/fe018.spec.ts:147:1 › FE018.AC01/04 draft saves use the contract version and keep human order confirmation locked after a conflict
2026-10-10T08:09:04.6442334Z [103/406] [chromium] › tests/fe018.spec.ts:178:1 › FE018.AC03 evaluation is synthetic, revision-bound, and cannot publish a stale draft
2026-10-10T08:09:09.3420705Z [104/406] [chromium] › tests/fe018.spec.ts:202:1 › FE018.AC01/04 successful publish is tied to the tested revision and pause explains its boundary
2026-10-10T08:09:13.7648159Z [105/406] [chromium] › tests/fe018.spec.ts:232:1 › FE018.AC03 playground sends no external message and preserves unknown cost and token values
2026-10-10T08:09:16.4680137Z [106/406] [chromium] › tests/fe018.spec.ts:254:1 › FE018.S03 synthetic budget and tool denials retain the prompt and never show a generated answer
2026-10-10T08:09:20.8160161Z [107/406] [chromium] › tests/fe018.spec.ts:280:1 › FE027.H03 budget and provider failover preview refuses silent provider switching on exhaustion
2026-10-10T08:09:23.2766063Z [108/406] [chromium] › tests/fe018.spec.ts:294:1 › FE018.AC02 role kill switch is versioned, preserves API tools, and does not pause the whole bot
2026-10-10T08:09:28.4368572Z [109/406] [chromium] › tests/fe018.spec.ts:335:1 › FE018.AC02 expired, wrong-scope, and matching approvals produce honest budget results
2026-10-10T08:09:31.5843428Z [110/406] [chromium] › tests/fe018.spec.ts:363:1 › FE018.AC05 manager and bot-admin roles cannot use operations outside their canonical permissions
2026-10-10T08:09:35.1094378Z [111/406] [chromium] › tests/fe018.spec.ts:395:1 › FE018.AC05 unknown role command stays unresolved and does not claim successful resumption
2026-10-10T08:09:38.8801368Z [112/406] [chromium] › tests/fe018.spec.ts:411:1 › UI004 25 evaluations: cursor pages reach the last record and preserve detail, search, and browser Back state
2026-10-10T08:09:43.5378747Z [chromium] › tests/fe018.spec.ts:411:1 › UI004 25 evaluations: cursor pages reach the last record and preserve detail, search, and browser Back state
2026-10-10T08:09:43.5380395Z UI004_25_ACCEPTANCE={"total":25,"pageSizes":[20,5],"cursor":"evaluation-10016","oldestRecord":"evaluation-10001","oldestReachable":true,"detailPreservedCursor":true,"browserBackRestoredFirstPage":true,"searchResetCursor":true}
2026-10-10T08:09:43.5381950Z 
2026-10-10T08:09:43.5836301Z [113/406] [chromium] › tests/fe018.spec.ts:457:1 › UI004 105 evaluations: cursor traversal reaches every record and retains the failing cursor for retry
2026-10-10T08:09:54.8212333Z [chromium] › tests/fe018.spec.ts:457:1 › UI004 105 evaluations: cursor traversal reaches every record and retains the failing cursor for retry
2026-10-10T08:09:54.8213755Z UI004_105_ACCEPTANCE={"total":105,"pageSizes":[20,20,20,20,20,5],"pagesVisited":6,"cursorRequests":["evaluation-10256","evaluation-10196","evaluation-10136","evaluation-10076","evaluation-10016"],"uniqueRecords":105,"oldestRecord":"evaluation-10001","oldestReachable":true,"failedCursorRetainedForRetry":"evaluation-10196","errorShowsNoFabricatedRows":true,"retrySucceeded":true}
2026-10-10T08:09:54.8214505Z 
2026-10-10T08:09:54.8812242Z [114/406] [chromium] › tests/fe019.spec.ts:21:1 › FE019.S01 maps integrations and notification routes, actions, schemas, and mock boundaries
2026-10-10T08:09:55.1566575Z [115/406] [chromium] › tests/fe019.spec.ts:70:1 › FE019.AC01 AI secret is write-only, cleared after submit, and absent from stored/read data
2026-10-10T08:09:58.7607930Z [116/406] [chromium] › tests/fe019.spec.ts:117:1 › FE019.AC01 invalid mock credential is rejected, cleared from the form, and not submitted
2026-10-10T08:10:00.9093253Z [117/406] [chromium] › tests/fe019.spec.ts:138:1 › FE019.AC02 channel OAuth failure stays on the page and never marks a channel connected
2026-10-10T08:10:02.6610364Z [118/406] [chromium] › tests/fe019.spec.ts:172:1 › FE019.AC03/04 device, Telegram, and PWA checks stay synthetic and do not request OS permission
2026-10-10T08:10:06.3592683Z [119/406] [chromium] › tests/fe019.spec.ts:251:1 › FE019.AC05 notification policy validates canonical numeric bounds before sending and acknowledges only allowed work
2026-10-10T08:10:09.2494365Z [120/406] [chromium] › tests/fe019.spec.ts:273:1 › FE019.A03 notification order link stays within the active shop scope
2026-10-10T08:10:11.2020584Z [121/406] [chromium] › tests/fe019.spec.ts:282:1 › FE019.A05 reminder policy saves shop-local schedule and quiet hours through the synthetic API
2026-10-10T08:10:13.2065141Z [122/406] [chromium] › tests/fe019.spec.ts:309:1 › FE027.A02/A07 preparation notification keeps order evidence and separates queued, opened, and acknowledged states
2026-10-10T08:10:14.3711134Z [123/406] [chromium] › tests/fe019.spec.ts:334:1 › FE027.A08 notification settings disclose server-only deduplication and callback safeguards
2026-10-10T08:10:15.9706418Z [124/406] [chromium] › tests/fe020.spec.ts:43:1 › FE020.AC01 approval detail is fetched and a changed source resource rejects the stale decision
2026-10-10T08:10:21.2650707Z [125/406] [chromium] › tests/fe020.spec.ts:89:1 › FE020.AC02/03 work-item actions follow allowedActions and operations health stays explicitly synthetic
2026-10-10T08:10:24.7601092Z [126/406] [chromium] › tests/fe020.spec.ts:140:1 › FE020.AC03 role pause control uses the canonical versioned mock and never claims readiness
2026-10-10T08:10:26.6812877Z [127/406] [chromium] › tests/fe020.spec.ts:157:1 › FE020.F03 operations exception filter groups overdue, blocked, and unclaimed synthetic work
2026-10-10T08:10:28.3330819Z [128/406] [chromium] › tests/fe020.spec.ts:178:1 › FE020.F05 purchase delegation is bounded, saved paused, and requires a separate activation decision
2026-10-10T08:10:33.4198492Z [129/406] [chromium] › tests/fe020.spec.ts:209:1 › FE020.F06/H01 digest and dependency health panels show synthetic history without claiming workers are ready
2026-10-10T08:10:34.6492169Z [130/406] [chromium] › tests/fe020.spec.ts:242:1 › FE027.H08 restore and release readiness stay unknown without a verified rehearsal or deployment gate
2026-10-10T08:10:36.2132454Z [131/406] [chromium] › tests/fe021.spec.ts:34:1 › FE021 dashboard keeps independent panels usable and hides finance fields without finance.read
2026-10-10T08:10:39.0661274Z [132/406] [chromium] › tests/fe021.spec.ts:46:1 › FE021 timezone and privacy validation waits for interaction and blocks invalid writes
2026-10-10T08:10:43.2515388Z [133/406] [chromium] › tests/fe021.spec.ts:82:1 › FE021 approval and shipment work queues appear before sample previews
2026-10-10T08:10:46.2005577Z [134/406] [chromium] › tests/fe021.spec.ts:104:1 › FE021 marketing filters preserve API-side aggregates, URL context and missing actual spend
2026-10-10T08:10:50.9711920Z [135/406] [chromium] › tests/fe021.spec.ts:170:5 › FE021 marketing filters preserve edits while the default period response is pending
2026-10-10T08:10:56.1401608Z [136/406] [chromium] › tests/fe021.spec.ts:170:5 › FE021 marketing filters preserve edits while the canonical period response is pending
2026-10-10T08:11:01.4201348Z [137/406] [chromium] › tests/fe021.spec.ts:234:1 › FE021 invalid marketing deep links mark the responsible field and never send the invalid range
2026-10-10T08:11:02.9199835Z [138/406] [chromium] › tests/fe021.spec.ts:248:1 › FE021 export uses inclusive shop-local boundaries, safe CSV, API jobs and cursor pagination
2026-10-10T08:11:07.5957664Z [139/406] [chromium] › tests/fe021.spec.ts:303:1 › FE021 mock rejects an export when reports.export lacks the source permission
2026-10-10T08:11:09.5973019Z [140/406] [chromium] › tests/fe021.spec.ts:323:1 › FE021 mock rejects an invalid report timezone before creating an export job
2026-10-10T08:11:11.1954087Z [141/406] [chromium] › tests/fe021.spec.ts:343:1 › FE021 ambiguous export result preserves the selected dates and never exposes a download
2026-10-10T08:11:13.7074380Z [142/406] [chromium] › tests/fe021.spec.ts:356:1 › FE021 empty report and marketing payloads render explicit empty states
2026-10-10T08:11:16.6785369Z [143/406] [chromium] › tests/fe021.spec.ts:375:1 › FE021 stale export conflict preserves dates and never exposes a download
2026-10-10T08:11:19.1730905Z [144/406] [chromium] › tests/frontend-corrections.spec.ts:18:1 › F01 preserves a customer draft, compares three snapshots, and PATCHes only chosen changes
2026-10-10T08:11:22.9992466Z [145/406] [chromium] › tests/frontend-corrections.spec.ts:46:1 › F01 requires an explicit choice for a field changed by both editors
2026-10-10T08:11:25.2550728Z [146/406] [chromium] › tests/frontend-corrections.spec.ts:62:1 › F06 detects an order draft and blocks navigation until explicit discard
2026-10-10T08:11:27.3411589Z [147/406] [chromium] › tests/frontend-corrections.spec.ts:75:1 › F02 retains an unsaved product image through an unrelated refetch
2026-10-10T08:11:29.1975106Z [148/406] [chromium] › tests/frontend-corrections.spec.ts:87:1 › F03 retains notification-policy inputs through a background resync and navigation
2026-10-10T08:11:30.7786222Z [149/406] [chromium] › tests/frontend-corrections.spec.ts:98:1 › F05 keeps text typed while a previous internal note is pending
2026-10-10T08:11:33.4080987Z [150/406] [chromium] › tests/frontend-corrections.spec.ts:113:1 › F08 validates 4001 customer-note characters at the field and accepts 4000
2026-10-10T08:11:35.9095359Z [151/406] [chromium] › tests/frontend-corrections.spec.ts:147:1 › F07 routes the fulfillment footer close through the shared discard guard
2026-10-10T08:11:37.6322748Z [152/406] [chromium] › tests/frontend-corrections.spec.ts:161:1 › F09 refreshes new Inbox messages without refetching the visible product and stock snapshots
2026-10-10T08:11:39.5832085Z [153/406] [chromium] › tests/frontend-corrections.spec.ts:191:1 › F01 shop settings merges a server-only locale change and preserves edits typed during save
2026-10-10T08:11:42.3851381Z [154/406] [chromium] › tests/frontend-corrections.spec.ts:219:1 › F03 privacy policy preserves refetch drafts and compares before applying the newest version
2026-10-10T08:11:44.7191161Z [155/406] [chromium] › tests/frontend-corrections.spec.ts:236:1 › F01 category keeps a late edit after saving, and reopens with a clean current baseline
2026-10-10T08:11:48.1095803Z [156/406] [chromium] › tests/frontend-corrections.spec.ts:257:1 › F01 supplier preserves a concurrent server-only term and PATCHes the local name
2026-10-10T08:11:50.6146238Z [157/406] [chromium] › tests/frontend-corrections.spec.ts:274:1 › F08 customer update enforces 4000/4001 before HTTP and retains a 422 draft
2026-10-10T08:11:52.8017946Z [158/406] [chromium] › tests/frontend-corrections.spec.ts:302:1 › F05 keeps mode changes and unknown sends, locks another send, and observes recovery-registry completion
2026-10-10T08:11:55.6485652Z [159/406] [chromium] › tests/frontend-corrections.spec.ts:328:1 › F01 order editor keeps its original version and compares whole line lists before PATCH
2026-10-10T08:11:58.3758538Z [160/406] [chromium] › tests/frontend-corrections.spec.ts:350:1 › F06 guards added order rows, shop switch, logout and native reload; successful creation leaves no false guard
2026-10-10T08:12:13.3749642Z [161/406] [chromium] › tests/frontend-corrections.spec.ts:375:1 › F01 analogous return-inspection draft does not adopt a refetched version without comparison
2026-10-10T08:12:16.0103568Z [162/406] [chromium] › tests/frontend-corrections.spec.ts:399:1 › F01 comparison supports keyboard choices, server changes again, axe and 320px reflow with long content
2026-10-10T08:12:18.9321120Z [163/406] [chromium] › tests/frontend-corrections.spec.ts:428:1 › F08 privacy bounds reject invalid days and long jurisdiction before HTTP
2026-10-10T08:12:22.0419240Z [164/406] [chromium] › tests/frontend-corrections.spec.ts:458:1 › F06 order custom close respects the draft guard and busy editors remain protected
2026-10-10T08:12:26.3297850Z [165/406] [chromium] › tests/frontend.spec.ts:41:1 › catalog create uses the HTTP mock and successful save clears the draft guard
2026-10-10T08:12:30.8184345Z [166/406] [chromium] › tests/frontend.spec.ts:73:1 › dirty drafts block in-app navigation and preserve input until the user decides
2026-10-10T08:12:33.5596666Z [167/406] [chromium] › tests/frontend.spec.ts:91:1 › all canonical routes render inside the real React demo application
2026-10-10T08:13:32.0398489Z [168/406] [chromium] › tests/frontend.spec.ts:116:1 › switching shops cancels a delayed request and loads only the new shop scope
2026-10-10T08:13:38.2968737Z [169/406] [chromium] › tests/frontend.spec.ts:134:1 › role changes remove restricted navigation and the route guard explains denied access
2026-10-10T08:13:39.9639445Z [170/406] [chromium] › tests/frontend.spec.ts:147:1 › deep links survive browser refresh and logout clears the mock session
2026-10-10T08:13:43.5259882Z [171/406] [chromium] › tests/frontend.spec.ts:160:1 › logout asks before discarding a draft and retains the session when logout fails
2026-10-10T08:13:46.2431435Z [172/406] [chromium] › tests/frontend.spec.ts:217:1 › mobile navigation opens, routes, and closes without viewport overflow
2026-10-10T08:13:48.1253956Z [173/406] [chromium] › tests/frontend.spec.ts:231:1 › chunk loading errors use the route recovery boundary
2026-10-10T08:13:49.2169879Z [174/406] [chromium] › tests/frontend.spec.ts:270:1 › live mode reports an unavailable session API without enabling mock data
2026-10-10T08:13:49.8324783Z [175/406] [chromium] › tests/route-role-matrix.spec.ts:44:1 › route read access matches canonical permissions for every demo role
2026-10-10T08:14:18.0605168Z [chromium] › tests/route-role-matrix.spec.ts:44:1 › route read access matches canonical permissions for every demo role
2026-10-10T08:14:18.0605915Z ROUTE_ROLE_MATRIX_CASES=399 ROLES=7 PRIVATE_ROUTES=57 RESULT=PASS
2026-10-10T08:14:18.0606218Z 
2026-10-10T08:14:18.1251117Z [176/406] [chromium] › tests/security.spec.ts:36:1 › untrusted product text renders as text without activating markup
2026-10-10T08:14:21.4605958Z [177/406] [chromium] › tests/security.spec.ts:54:1 › catalog import rejects a non-CSV file before an upload request
2026-10-10T08:14:22.8862383Z [178/406] [chromium] › tests/security.spec.ts:72:1 › catalog import rejects files above the demo size limit before upload
2026-10-10T08:14:24.7008764Z [179/406] [chromium] › tests/security.spec.ts:90:1 › mock uploads require a purpose, enforce its role, and fingerprint file content for retries
2026-10-10T08:14:27.7666657Z [180/406] [chromium] › tests/session/demo-server-cache-isolation.spec.ts:7:1 › concurrent demo servers use isolated Vite caches and load the React app
2026-10-10T08:14:28.1324960Z [chromium] › tests/session/demo-server-cache-isolation.spec.ts:7:1 › concurrent demo servers use isolated Vite caches and load the React app
2026-10-10T08:14:28.1352561Z VITE_CACHE_ISOLATION=PASS rootA=/tmp/botsales-vite-cache/2fbc71299afedf720605/test-demo/playwright-5603-61f0a790-e7c7-4e49-ba78-6a9389c5212d-parallel-a rootB=/tmp/botsales-vite-cache/2fbc71299afedf720605/test-demo/playwright-5603-61f0a790-e7c7-4e49-ba78-6a9389c5212d-parallel-b otherCheckout=true
2026-10-10T08:14:28.1380628Z 
2026-10-10T08:14:31.6656658Z [181/406] [chromium] › tests/session/demo-worker-startup.spec.ts:17:1 › demo conditional module requests return complete exports without changing live or non-asset caching
2026-10-10T08:14:36.0218315Z [182/406] [chromium] › tests/session/demo-worker-startup.spec.ts:80:1 › demo startup explains the required setup when the browser blocks Service Workers
2026-10-10T08:14:36.6347704Z [183/406] [chromium] › tests/session/session-revocation.spec.ts:20:1 › session.revoked SSE closes the stream and clears the active shop session
2026-10-10T08:14:39.6045520Z [184/406] [chromium] › tests/session/session-unauthorized.spec.ts:17:1 › expired live session redirects to login and preserves the requested shop route
2026-10-10T08:14:42.0231632Z [185/406] [chromium] › tests/states/fe023.spec.ts:18:1 › FE023.S04 a dirty dialog keeps the form value until the user confirms discard
2026-10-10T08:14:45.1943539Z [186/406] [chromium] › tests/states/fe023.spec.ts:36:1 › FE023.S03 a customer lookup loads the next cursor page without dropping earlier choices
2026-10-10T08:14:47.6891911Z [187/406] [chromium] › tests/states/fe023.spec.ts:77:1 › FE023.S04 delayed requests show loading and failed refresh keeps a retry path
2026-10-10T08:14:55.8633004Z [188/406] [chromium] › tests/states/fe023.spec.ts:107:1 › FE023 unsaved shop settings are preserved when navigation switches shop scope
2026-10-10T08:14:59.0111433Z [189/406] [chromium] › tests/states/fe023.spec.ts:125:1 › FE023 a saved shop form resets its dirty baseline and reports success
2026-10-10T08:15:01.1887097Z [190/406] [chromium] › tests/states/route-empty-composition.spec.ts:29:1 › empty collection responses render accessible empty states on canonical list routes
2026-10-10T08:15:04.4116524Z [chromium] › tests/states/route-empty-composition.spec.ts:29:1 › empty collection responses render accessible empty states on canonical list routes
2026-10-10T08:15:04.4121878Z ROUTE_EMPTY_COMPOSITION_PROGRESS=3/11
2026-10-10T08:15:04.4122334Z 
2026-10-10T08:15:04.9284876Z ROUTE_EMPTY_COMPOSITION_PROGRESS=6/11
2026-10-10T08:15:04.9285482Z 
2026-10-10T08:15:05.7354252Z ROUTE_EMPTY_COMPOSITION_PROGRESS=9/11
2026-10-10T08:15:05.7354547Z 
2026-10-10T08:15:05.8793197Z ROUTE_EMPTY_COMPOSITION=11/11 RESULT=PASS
2026-10-10T08:15:05.8793503Z 
2026-10-10T08:15:05.9421399Z [191/406] [chromium] › tests/states/route-error-composition.spec.ts:44:9 › every shop route composes the shared API error state with its page content › R04 /s/:shopId/overview
2026-10-10T08:15:10.0640643Z [chromium] › tests/states/route-error-composition.spec.ts:44:9 › every shop route composes the shared API error state with its page content › R04 /s/:shopId/overview
2026-10-10T08:15:10.0641578Z ROUTE_ERROR_COMPOSITION_ROUTE=R04 RESULT=PASS
2026-10-10T08:15:10.0644159Z 
2026-10-10T08:15:10.0726475Z [192/406] [chromium] › tests/states/route-error-composition.spec.ts:44:9 › every shop route composes the shared API error state with its page content › R05 /s/:shopId/inbox
2026-10-10T08:15:13.3672026Z [chromium] › tests/states/route-error-composition.spec.ts:44:9 › every shop route composes the shared API error state with its page content › R05 /s/:shopId/inbox
2026-10-10T08:15:13.3672969Z ROUTE_ERROR_COMPOSITION_ROUTE=R05 RESULT=PASS
2026-10-10T08:15:13.3673206Z 
2026-10-10T08:15:13.3762736Z [193/406] [chromium] › tests/states/route-error-composition.spec.ts:44:9 › every shop route composes the shared API error state with its page content › R06 /s/:shopId/inbox/:conversationId
2026-10-10T08:15:16.6952641Z [chromium] › tests/states/route-error-composition.spec.ts:44:9 › every shop route composes the shared API error state with its page content › R06 /s/:shopId/inbox/:conversationId
2026-10-10T08:15:16.6953659Z ROUTE_ERROR_COMPOSITION_ROUTE=R06 RESULT=PASS
2026-10-10T08:15:16.6954000Z 
2026-10-10T08:15:16.7060652Z [194/406] [chromium] › tests/states/route-error-composition.spec.ts:44:9 › every shop route composes the shared API error state with its page content › R07 /s/:shopId/customers
2026-10-10T08:15:20.2421385Z [chromium] › tests/states/route-error-composition.spec.ts:44:9 › every shop route composes the shared API error state with its page content › R07 /s/:shopId/customers
2026-10-10T08:15:20.2422300Z ROUTE_ERROR_COMPOSITION_ROUTE=R07 RESULT=PASS
2026-10-10T08:15:20.2422524Z 
2026-10-10T08:15:20.2531183Z [195/406] [chromium] › tests/states/route-error-composition.spec.ts:44:9 › every shop route composes the shared API error state with its page content › R08 /s/:shopId/customers/:customerId
2026-10-10T08:15:23.6445812Z [chromium] › tests/states/route-error-composition.spec.ts:44:9 › every shop route composes the shared API error state with its page content › R08 /s/:shopId/customers/:customerId
2026-10-10T08:15:23.6449745Z ROUTE_ERROR_COMPOSITION_ROUTE=R08 RESULT=PASS
2026-10-10T08:15:23.6450028Z 
2026-10-10T08:15:23.6541788Z [196/406] [chromium] › tests/states/route-error-composition.spec.ts:44:9 › every shop route composes the shared API error state with its page content › R09 /s/:shopId/products
2026-10-10T08:15:26.9984451Z [chromium] › tests/states/route-error-composition.spec.ts:44:9 › every shop route composes the shared API error state with its page content › R09 /s/:shopId/products
2026-10-10T08:15:26.9985132Z ROUTE_ERROR_COMPOSITION_ROUTE=R09 RESULT=PASS
2026-10-10T08:15:26.9985566Z 
2026-10-10T08:15:27.0106439Z [197/406] [chromium] › tests/states/route-error-composition.spec.ts:44:9 › every shop route composes the shared API error state with its page content › R10 /s/:shopId/products/new
2026-10-10T08:15:30.8039559Z [chromium] › tests/states/route-error-composition.spec.ts:44:9 › every shop route composes the shared API error state with its page content › R10 /s/:shopId/products/new
2026-10-10T08:15:30.8040362Z ROUTE_ERROR_COMPOSITION_ROUTE=R10 RESULT=PASS
2026-10-10T08:15:30.8040557Z 
2026-10-10T08:15:30.8138828Z [198/406] [chromium] › tests/states/route-error-composition.spec.ts:44:9 › every shop route composes the shared API error state with its page content › R11 /s/:shopId/products/:productId
2026-10-10T08:15:34.1432948Z [chromium] › tests/states/route-error-composition.spec.ts:44:9 › every shop route composes the shared API error state with its page content › R11 /s/:shopId/products/:productId
2026-10-10T08:15:34.1434212Z ROUTE_ERROR_COMPOSITION_ROUTE=R11 RESULT=PASS
2026-10-10T08:15:34.1434429Z 
2026-10-10T08:15:34.1530334Z [199/406] [chromium] › tests/states/route-error-composition.spec.ts:44:9 › every shop route composes the shared API error state with its page content › R12 /s/:shopId/categories
2026-10-10T08:15:37.6583898Z [chromium] › tests/states/route-error-composition.spec.ts:44:9 › every shop route composes the shared API error state with its page content › R12 /s/:shopId/categories
2026-10-10T08:15:37.6584460Z ROUTE_ERROR_COMPOSITION_ROUTE=R12 RESULT=PASS
2026-10-10T08:15:37.6584592Z 
2026-10-10T08:15:37.6676958Z [200/406] [chromium] › tests/states/route-error-composition.spec.ts:44:9 › every shop route composes the shared API error state with its page content › R13 /s/:shopId/imports
2026-10-10T08:15:41.1575241Z [chromium] › tests/states/route-error-composition.spec.ts:44:9 › every shop route composes the shared API error state with its page content › R13 /s/:shopId/imports
2026-10-10T08:15:41.1576299Z ROUTE_ERROR_COMPOSITION_ROUTE=R13 RESULT=PASS
2026-10-10T08:15:41.1576645Z 
2026-10-10T08:15:41.1669381Z [201/406] [chromium] › tests/states/route-error-composition.spec.ts:44:9 › every shop route composes the shared API error state with its page content › R14 /s/:shopId/imports/:jobId
2026-10-10T08:15:44.6655707Z [chromium] › tests/states/route-error-composition.spec.ts:44:9 › every shop route composes the shared API error state with its page content › R14 /s/:shopId/imports/:jobId
2026-10-10T08:15:44.6656496Z ROUTE_ERROR_COMPOSITION_ROUTE=R14 RESULT=PASS
2026-10-10T08:15:44.6656783Z 
2026-10-10T08:15:44.6751455Z [202/406] [chromium] › tests/states/route-error-composition.spec.ts:44:9 › every shop route composes the shared API error state with its page content › R15 /s/:shopId/inventory
2026-10-10T08:15:48.0082216Z [chromium] › tests/states/route-error-composition.spec.ts:44:9 › every shop route composes the shared API error state with its page content › R15 /s/:shopId/inventory
2026-10-10T08:15:48.0083028Z ROUTE_ERROR_COMPOSITION_ROUTE=R15 RESULT=PASS
2026-10-10T08:15:48.0083568Z 
2026-10-10T08:15:48.0191245Z [203/406] [chromium] › tests/states/route-error-composition.spec.ts:44:9 › every shop route composes the shared API error state with its page content › R16 /s/:shopId/inventory/movements
2026-10-10T08:15:51.5024530Z [chromium] › tests/states/route-error-composition.spec.ts:44:9 › every shop route composes the shared API error state with its page content › R16 /s/:shopId/inventory/movements
2026-10-10T08:15:51.5025600Z ROUTE_ERROR_COMPOSITION_ROUTE=R16 RESULT=PASS
2026-10-10T08:15:51.5025949Z 
2026-10-10T08:15:51.5143005Z [204/406] [chromium] › tests/states/route-error-composition.spec.ts:44:9 › every shop route composes the shared API error state with its page content › R17 /s/:shopId/orders
2026-10-10T08:15:55.0986475Z [chromium] › tests/states/route-error-composition.spec.ts:44:9 › every shop route composes the shared API error state with its page content › R17 /s/:shopId/orders
2026-10-10T08:15:55.0987300Z ROUTE_ERROR_COMPOSITION_ROUTE=R17 RESULT=PASS
2026-10-10T08:15:55.0987448Z 
2026-10-10T08:15:55.1113215Z [205/406] [chromium] › tests/states/route-error-composition.spec.ts:44:9 › every shop route composes the shared API error state with its page content › R18 /s/:shopId/orders/new
2026-10-10T08:15:58.5568912Z [chromium] › tests/states/route-error-composition.spec.ts:44:9 › every shop route composes the shared API error state with its page content › R18 /s/:shopId/orders/new
2026-10-10T08:15:58.5569821Z ROUTE_ERROR_COMPOSITION_ROUTE=R18 RESULT=PASS
2026-10-10T08:15:58.5570024Z 
2026-10-10T08:15:58.5654426Z [206/406] [chromium] › tests/states/route-error-composition.spec.ts:44:9 › every shop route composes the shared API error state with its page content › R19 /s/:shopId/orders/:orderId
2026-10-10T08:16:01.8662604Z [chromium] › tests/states/route-error-composition.spec.ts:44:9 › every shop route composes the shared API error state with its page content › R19 /s/:shopId/orders/:orderId
2026-10-10T08:16:01.8663457Z ROUTE_ERROR_COMPOSITION_ROUTE=R19 RESULT=PASS
2026-10-10T08:16:01.8663674Z 
2026-10-10T08:16:01.8745955Z [207/406] [chromium] › tests/states/route-error-composition.spec.ts:44:9 › every shop route composes the shared API error state with its page content › R20 /s/:shopId/finance
2026-10-10T08:16:05.7181967Z [chromium] › tests/states/route-error-composition.spec.ts:44:9 › every shop route composes the shared API error state with its page content › R20 /s/:shopId/finance
2026-10-10T08:16:05.7182735Z ROUTE_ERROR_COMPOSITION_ROUTE=R20 RESULT=PASS
2026-10-10T08:16:05.7182946Z 
2026-10-10T08:16:05.7273479Z [208/406] [chromium] › tests/states/route-error-composition.spec.ts:44:9 › every shop route composes the shared API error state with its page content › R21 /s/:shopId/finance/entries
2026-10-10T08:16:09.2616391Z [chromium] › tests/states/route-error-composition.spec.ts:44:9 › every shop route composes the shared API error state with its page content › R21 /s/:shopId/finance/entries
2026-10-10T08:16:09.2617112Z ROUTE_ERROR_COMPOSITION_ROUTE=R21 RESULT=PASS
2026-10-10T08:16:09.2629553Z 
2026-10-10T08:16:09.2717435Z [209/406] [chromium] › tests/states/route-error-composition.spec.ts:44:9 › every shop route composes the shared API error state with its page content › R22 /s/:shopId/finance/profit-loss
2026-10-10T08:16:12.7123268Z [chromium] › tests/states/route-error-composition.spec.ts:44:9 › every shop route composes the shared API error state with its page content › R22 /s/:shopId/finance/profit-loss
2026-10-10T08:16:12.7124112Z ROUTE_ERROR_COMPOSITION_ROUTE=R22 RESULT=PASS
2026-10-10T08:16:12.7124321Z 
2026-10-10T08:16:12.7212790Z [210/406] [chromium] › tests/states/route-error-composition.spec.ts:44:9 › every shop route composes the shared API error state with its page content › R23 /s/:shopId/knowledge
2026-10-10T08:16:16.1205401Z [chromium] › tests/states/route-error-composition.spec.ts:44:9 › every shop route composes the shared API error state with its page content › R23 /s/:shopId/knowledge
2026-10-10T08:16:16.1206188Z ROUTE_ERROR_COMPOSITION_ROUTE=R23 RESULT=PASS
2026-10-10T08:16:16.1206684Z 
2026-10-10T08:16:16.1341550Z [211/406] [chromium] › tests/states/route-error-composition.spec.ts:44:9 › every shop route composes the shared API error state with its page content › R24 /s/:shopId/knowledge/:knowledgeId
2026-10-10T08:16:19.4594333Z [chromium] › tests/states/route-error-composition.spec.ts:44:9 › every shop route composes the shared API error state with its page content › R24 /s/:shopId/knowledge/:knowledgeId
2026-10-10T08:16:19.4595317Z ROUTE_ERROR_COMPOSITION_ROUTE=R24 RESULT=PASS
2026-10-10T08:16:19.4595645Z 
2026-10-10T08:16:19.4708454Z [212/406] [chromium] › tests/states/route-error-composition.spec.ts:44:9 › every shop route composes the shared API error state with its page content › R25 /s/:shopId/knowledge/review
2026-10-10T08:16:23.0122850Z [chromium] › tests/states/route-error-composition.spec.ts:44:9 › every shop route composes the shared API error state with its page content › R25 /s/:shopId/knowledge/review
2026-10-10T08:16:23.0123916Z ROUTE_ERROR_COMPOSITION_ROUTE=R25 RESULT=PASS
2026-10-10T08:16:23.0124220Z 
2026-10-10T08:16:23.0214759Z [213/406] [chromium] › tests/states/route-error-composition.spec.ts:44:9 › every shop route composes the shared API error state with its page content › R26 /s/:shopId/bot
2026-10-10T08:16:26.3408394Z [chromium] › tests/states/route-error-composition.spec.ts:44:9 › every shop route composes the shared API error state with its page content › R26 /s/:shopId/bot
2026-10-10T08:16:26.3409452Z ROUTE_ERROR_COMPOSITION_ROUTE=R26 RESULT=PASS
2026-10-10T08:16:26.3437293Z 
2026-10-10T08:16:26.3535128Z [214/406] [chromium] › tests/states/route-error-composition.spec.ts:44:9 › every shop route composes the shared API error state with its page content › R27 /s/:shopId/bot/playground
2026-10-10T08:16:29.7953093Z [chromium] › tests/states/route-error-composition.spec.ts:44:9 › every shop route composes the shared API error state with its page content › R27 /s/:shopId/bot/playground
2026-10-10T08:16:29.7953971Z ROUTE_ERROR_COMPOSITION_ROUTE=R27 RESULT=PASS
2026-10-10T08:16:29.7954173Z 
2026-10-10T08:16:29.8044057Z [215/406] [chromium] › tests/states/route-error-composition.spec.ts:44:9 › every shop route composes the shared API error state with its page content › R28 /s/:shopId/bot/evaluations
2026-10-10T08:16:33.0751974Z [chromium] › tests/states/route-error-composition.spec.ts:44:9 › every shop route composes the shared API error state with its page content › R28 /s/:shopId/bot/evaluations
2026-10-10T08:16:33.0752953Z ROUTE_ERROR_COMPOSITION_ROUTE=R28 RESULT=PASS
2026-10-10T08:16:33.0753313Z 
2026-10-10T08:16:33.0841896Z [216/406] [chromium] › tests/states/route-error-composition.spec.ts:44:9 › every shop route composes the shared API error state with its page content › R29 /s/:shopId/integrations/channels
2026-10-10T08:16:36.3981134Z [chromium] › tests/states/route-error-composition.spec.ts:44:9 › every shop route composes the shared API error state with its page content › R29 /s/:shopId/integrations/channels
2026-10-10T08:16:36.3981803Z ROUTE_ERROR_COMPOSITION_ROUTE=R29 RESULT=PASS
2026-10-10T08:16:36.3981934Z 
2026-10-10T08:16:36.4080133Z [217/406] [chromium] › tests/states/route-error-composition.spec.ts:44:9 › every shop route composes the shared API error state with its page content › R30 /s/:shopId/integrations/ai
2026-10-10T08:16:39.8133558Z [chromium] › tests/states/route-error-composition.spec.ts:44:9 › every shop route composes the shared API error state with its page content › R30 /s/:shopId/integrations/ai
2026-10-10T08:16:39.8134488Z ROUTE_ERROR_COMPOSITION_ROUTE=R30 RESULT=PASS
2026-10-10T08:16:39.8134756Z 
2026-10-10T08:16:39.8241675Z [218/406] [chromium] › tests/states/route-error-composition.spec.ts:44:9 › every shop route composes the shared API error state with its page content › R31 /s/:shopId/reports
2026-10-10T08:16:43.3944798Z [chromium] › tests/states/route-error-composition.spec.ts:44:9 › every shop route composes the shared API error state with its page content › R31 /s/:shopId/reports
2026-10-10T08:16:43.3946092Z ROUTE_ERROR_COMPOSITION_ROUTE=R31 RESULT=PASS
2026-10-10T08:16:43.3946446Z 
2026-10-10T08:16:43.4050652Z [219/406] [chromium] › tests/states/route-error-composition.spec.ts:44:9 › every shop route composes the shared API error state with its page content › R32 /s/:shopId/settings/team
2026-10-10T08:16:46.8751311Z [chromium] › tests/states/route-error-composition.spec.ts:44:9 › every shop route composes the shared API error state with its page content › R32 /s/:shopId/settings/team
2026-10-10T08:16:46.8752421Z ROUTE_ERROR_COMPOSITION_ROUTE=R32 RESULT=PASS
2026-10-10T08:16:46.8752825Z 
2026-10-10T08:16:46.8872123Z [220/406] [chromium] › tests/states/route-error-composition.spec.ts:44:9 › every shop route composes the shared API error state with its page content › R33 /s/:shopId/settings/shop
2026-10-10T08:16:49.3922924Z [chromium] › tests/states/route-error-composition.spec.ts:44:9 › every shop route composes the shared API error state with its page content › R33 /s/:shopId/settings/shop
2026-10-10T08:16:49.3923589Z ROUTE_ERROR_COMPOSITION_ROUTE=R33 RESULT=PASS
2026-10-10T08:16:49.3923725Z 
2026-10-10T08:16:49.4008648Z [221/406] [chromium] › tests/states/route-error-composition.spec.ts:44:9 › every shop route composes the shared API error state with its page content › R34 /s/:shopId/settings/audit
2026-10-10T08:16:52.8515792Z [chromium] › tests/states/route-error-composition.spec.ts:44:9 › every shop route composes the shared API error state with its page content › R34 /s/:shopId/settings/audit
2026-10-10T08:16:52.8516822Z ROUTE_ERROR_COMPOSITION_ROUTE=R34 RESULT=PASS
2026-10-10T08:16:52.8517198Z 
2026-10-10T08:16:52.8626203Z [222/406] [chromium] › tests/states/route-error-composition.spec.ts:44:9 › every shop route composes the shared API error state with its page content › R35 /s/:shopId/settings/privacy
2026-10-10T08:16:56.3290785Z [chromium] › tests/states/route-error-composition.spec.ts:44:9 › every shop route composes the shared API error state with its page content › R35 /s/:shopId/settings/privacy
2026-10-10T08:16:56.3292796Z ROUTE_ERROR_COMPOSITION_ROUTE=R35 RESULT=PASS
2026-10-10T08:16:56.3300827Z 
2026-10-10T08:16:56.3404759Z [223/406] [chromium] › tests/states/route-error-composition.spec.ts:44:9 › every shop route composes the shared API error state with its page content › R36 /s/:shopId/jobs/:jobId
2026-10-10T08:16:59.8498022Z [chromium] › tests/states/route-error-composition.spec.ts:44:9 › every shop route composes the shared API error state with its page content › R36 /s/:shopId/jobs/:jobId
2026-10-10T08:16:59.8498865Z ROUTE_ERROR_COMPOSITION_ROUTE=R36 RESULT=PASS
2026-10-10T08:16:59.8499215Z 
2026-10-10T08:16:59.8627008Z [224/406] [chromium] › tests/states/route-error-composition.spec.ts:44:9 › every shop route composes the shared API error state with its page content › R37 /s/:shopId/operations
2026-10-10T08:17:03.2374297Z [chromium] › tests/states/route-error-composition.spec.ts:44:9 › every shop route composes the shared API error state with its page content › R37 /s/:shopId/operations
2026-10-10T08:17:03.2375105Z ROUTE_ERROR_COMPOSITION_ROUTE=R37 RESULT=PASS
2026-10-10T08:17:03.2375302Z 
2026-10-10T08:17:03.2467858Z [225/406] [chromium] › tests/states/route-error-composition.spec.ts:44:9 › every shop route composes the shared API error state with its page content › R38 /s/:shopId/approvals
2026-10-10T08:17:06.8391070Z [chromium] › tests/states/route-error-composition.spec.ts:44:9 › every shop route composes the shared API error state with its page content › R38 /s/:shopId/approvals
2026-10-10T08:17:06.8391840Z ROUTE_ERROR_COMPOSITION_ROUTE=R38 RESULT=PASS
2026-10-10T08:17:06.8392154Z 
2026-10-10T08:17:06.8481125Z [226/406] [chromium] › tests/states/route-error-composition.spec.ts:44:9 › every shop route composes the shared API error state with its page content › R39 /s/:shopId/notifications
2026-10-10T08:17:10.4575333Z [chromium] › tests/states/route-error-composition.spec.ts:44:9 › every shop route composes the shared API error state with its page content › R39 /s/:shopId/notifications
2026-10-10T08:17:10.4576128Z ROUTE_ERROR_COMPOSITION_ROUTE=R39 RESULT=PASS
2026-10-10T08:17:10.4576258Z 
2026-10-10T08:17:10.4682273Z [227/406] [chromium] › tests/states/route-error-composition.spec.ts:44:9 › every shop route composes the shared API error state with its page content › R40 /s/:shopId/notifications/devices
2026-10-10T08:17:13.9328888Z [chromium] › tests/states/route-error-composition.spec.ts:44:9 › every shop route composes the shared API error state with its page content › R40 /s/:shopId/notifications/devices
2026-10-10T08:17:13.9329635Z ROUTE_ERROR_COMPOSITION_ROUTE=R40 RESULT=PASS
2026-10-10T08:17:13.9329767Z 
2026-10-10T08:17:13.9423640Z [228/406] [chromium] › tests/states/route-error-composition.spec.ts:44:9 › every shop route composes the shared API error state with its page content › R41 /s/:shopId/fulfillment
2026-10-10T08:17:17.4794157Z [chromium] › tests/states/route-error-composition.spec.ts:44:9 › every shop route composes the shared API error state with its page content › R41 /s/:shopId/fulfillment
2026-10-10T08:17:17.4794972Z ROUTE_ERROR_COMPOSITION_ROUTE=R41 RESULT=PASS
2026-10-10T08:17:17.4795162Z 
2026-10-10T08:17:17.4890744Z [229/406] [chromium] › tests/states/route-error-composition.spec.ts:44:9 › every shop route composes the shared API error state with its page content › R42 /s/:shopId/shipments
2026-10-10T08:17:20.8378384Z [chromium] › tests/states/route-error-composition.spec.ts:44:9 › every shop route composes the shared API error state with its page content › R42 /s/:shopId/shipments
2026-10-10T08:17:20.8380991Z ROUTE_ERROR_COMPOSITION_ROUTE=R42 RESULT=PASS
2026-10-10T08:17:20.8381325Z 
2026-10-10T08:17:20.8493172Z [230/406] [chromium] › tests/states/route-error-composition.spec.ts:44:9 › every shop route composes the shared API error state with its page content › R43 /s/:shopId/returns
2026-10-10T08:17:24.2483144Z [chromium] › tests/states/route-error-composition.spec.ts:44:9 › every shop route composes the shared API error state with its page content › R43 /s/:shopId/returns
2026-10-10T08:17:24.2483800Z ROUTE_ERROR_COMPOSITION_ROUTE=R43 RESULT=PASS
2026-10-10T08:17:24.2483943Z 
2026-10-10T08:17:24.2597734Z [231/406] [chromium] › tests/states/route-error-composition.spec.ts:44:9 › every shop route composes the shared API error state with its page content › R44 /s/:shopId/suppliers
2026-10-10T08:17:27.8604558Z [chromium] › tests/states/route-error-composition.spec.ts:44:9 › every shop route composes the shared API error state with its page content › R44 /s/:shopId/suppliers
2026-10-10T08:17:27.8605322Z ROUTE_ERROR_COMPOSITION_ROUTE=R44 RESULT=PASS
2026-10-10T08:17:27.8605519Z 
2026-10-10T08:17:27.8706327Z [232/406] [chromium] › tests/states/route-error-composition.spec.ts:44:9 › every shop route composes the shared API error state with its page content › R45 /s/:shopId/replenishment
2026-10-10T08:17:31.2064675Z [chromium] › tests/states/route-error-composition.spec.ts:44:9 › every shop route composes the shared API error state with its page content › R45 /s/:shopId/replenishment
2026-10-10T08:17:31.2065524Z ROUTE_ERROR_COMPOSITION_ROUTE=R45 RESULT=PASS
2026-10-10T08:17:31.2065723Z 
2026-10-10T08:17:31.2152243Z [233/406] [chromium] › tests/states/route-error-composition.spec.ts:44:9 › every shop route composes the shared API error state with its page content › R46 /s/:shopId/purchases
2026-10-10T08:17:34.7736325Z [chromium] › tests/states/route-error-composition.spec.ts:44:9 › every shop route composes the shared API error state with its page content › R46 /s/:shopId/purchases
2026-10-10T08:17:34.7737159Z ROUTE_ERROR_COMPOSITION_ROUTE=R46 RESULT=PASS
2026-10-10T08:17:34.7737357Z 
2026-10-10T08:17:34.7838643Z [234/406] [chromium] › tests/states/route-error-composition.spec.ts:44:9 › every shop route composes the shared API error state with its page content › R47 /s/:shopId/receipts
2026-10-10T08:17:38.4511349Z [chromium] › tests/states/route-error-composition.spec.ts:44:9 › every shop route composes the shared API error state with its page content › R47 /s/:shopId/receipts
2026-10-10T08:17:38.4531061Z ROUTE_ERROR_COMPOSITION_ROUTE=R47 RESULT=PASS
2026-10-10T08:17:38.4539677Z 
2026-10-10T08:17:38.4687165Z [235/406] [chromium] › tests/states/route-error-composition.spec.ts:44:9 › every shop route composes the shared API error state with its page content › R48 /s/:shopId/finance/journals
2026-10-10T08:17:41.9727571Z [chromium] › tests/states/route-error-composition.spec.ts:44:9 › every shop route composes the shared API error state with its page content › R48 /s/:shopId/finance/journals
2026-10-10T08:17:41.9728477Z ROUTE_ERROR_COMPOSITION_ROUTE=R48 RESULT=PASS
2026-10-10T08:17:41.9728671Z 
2026-10-10T08:17:41.9826520Z [236/406] [chromium] › tests/states/route-error-composition.spec.ts:44:9 › every shop route composes the shared API error state with its page content › R49 /s/:shopId/finance/reconciliation
2026-10-10T08:17:45.4925471Z [chromium] › tests/states/route-error-composition.spec.ts:44:9 › every shop route composes the shared API error state with its page content › R49 /s/:shopId/finance/reconciliation
2026-10-10T08:17:45.4926470Z ROUTE_ERROR_COMPOSITION_ROUTE=R49 RESULT=PASS
2026-10-10T08:17:45.4926732Z 
2026-10-10T08:17:45.5048533Z [237/406] [chromium] › tests/states/route-error-composition.spec.ts:44:9 › every shop route composes the shared API error state with its page content › R50 /s/:shopId/finance/debts-periods
2026-10-10T08:17:49.0470655Z [chromium] › tests/states/route-error-composition.spec.ts:44:9 › every shop route composes the shared API error state with its page content › R50 /s/:shopId/finance/debts-periods
2026-10-10T08:17:49.0471567Z ROUTE_ERROR_COMPOSITION_ROUTE=R50 RESULT=PASS
2026-10-10T08:17:49.0471779Z 
2026-10-10T08:17:49.0590662Z [238/406] [chromium] › tests/states/route-error-composition.spec.ts:44:9 › every shop route composes the shared API error state with its page content › R51 /s/:shopId/bot/team
2026-10-10T08:17:52.7927692Z [chromium] › tests/states/route-error-composition.spec.ts:44:9 › every shop route composes the shared API error state with its page content › R51 /s/:shopId/bot/team
2026-10-10T08:17:52.7928483Z ROUTE_ERROR_COMPOSITION_ROUTE=R51 RESULT=PASS
2026-10-10T08:17:52.7928698Z 
2026-10-10T08:17:52.8018139Z [239/406] [chromium] › tests/states/route-error-composition.spec.ts:44:9 › every shop route composes the shared API error state with its page content › R52 /s/:shopId/operations/digests
2026-10-10T08:17:56.3064678Z [chromium] › tests/states/route-error-composition.spec.ts:44:9 › every shop route composes the shared API error state with its page content › R52 /s/:shopId/operations/digests
2026-10-10T08:17:56.3065541Z ROUTE_ERROR_COMPOSITION_ROUTE=R52 RESULT=PASS
2026-10-10T08:17:56.3066073Z 
2026-10-10T08:17:56.3171512Z [240/406] [chromium] › tests/states/route-error-composition.spec.ts:44:9 › every shop route composes the shared API error state with its page content › R53 /s/:shopId/reports/marketing
2026-10-10T08:17:59.7581139Z [chromium] › tests/states/route-error-composition.spec.ts:44:9 › every shop route composes the shared API error state with its page content › R53 /s/:shopId/reports/marketing
2026-10-10T08:17:59.7581955Z ROUTE_ERROR_COMPOSITION_ROUTE=R53 RESULT=PASS
2026-10-10T08:17:59.7582231Z 
2026-10-10T08:17:59.7713832Z [241/406] [chromium] › tests/states/route-error-composition.spec.ts:44:9 › every shop route composes the shared API error state with its page content › R54 /s/:shopId/service-cases
2026-10-10T08:18:03.2035219Z [chromium] › tests/states/route-error-composition.spec.ts:44:9 › every shop route composes the shared API error state with its page content › R54 /s/:shopId/service-cases
2026-10-10T08:18:03.2036097Z ROUTE_ERROR_COMPOSITION_ROUTE=R54 RESULT=PASS
2026-10-10T08:18:03.2036305Z 
2026-10-10T08:18:03.2124566Z [242/406] [chromium] › tests/states/route-error-composition.spec.ts:44:9 › every shop route composes the shared API error state with its page content › R55 /s/:shopId/settings/warehouses
2026-10-10T08:18:06.9025051Z [chromium] › tests/states/route-error-composition.spec.ts:44:9 › every shop route composes the shared API error state with its page content › R55 /s/:shopId/settings/warehouses
2026-10-10T08:18:06.9026027Z ROUTE_ERROR_COMPOSITION_ROUTE=R55 RESULT=PASS
2026-10-10T08:18:06.9026280Z 
2026-10-10T08:18:06.9129901Z [243/406] [chromium] › tests/states/route-error-composition.spec.ts:44:9 › every shop route composes the shared API error state with its page content › R56 /s/:shopId/finance/accounts
2026-10-10T08:18:10.6144970Z [chromium] › tests/states/route-error-composition.spec.ts:44:9 › every shop route composes the shared API error state with its page content › R56 /s/:shopId/finance/accounts
2026-10-10T08:18:10.6146270Z ROUTE_ERROR_COMPOSITION_ROUTE=R56 RESULT=PASS
2026-10-10T08:18:10.6146628Z 
2026-10-10T08:18:10.6235616Z [244/406] [chromium] › tests/states/route-error-composition.spec.ts:44:9 › every shop route composes the shared API error state with its page content › R57 /s/:shopId/finance/opening-balances
2026-10-10T08:18:14.5763818Z [chromium] › tests/states/route-error-composition.spec.ts:44:9 › every shop route composes the shared API error state with its page content › R57 /s/:shopId/finance/opening-balances
2026-10-10T08:18:14.5764934Z ROUTE_ERROR_COMPOSITION_ROUTE=R57 RESULT=PASS
2026-10-10T08:18:14.5765272Z 
2026-10-10T08:18:14.5890937Z [245/406] [chromium] › tests/states/route-error-composition.spec.ts:44:9 › every shop route composes the shared API error state with its page content › R58 /s/:shopId/finance/ledger
2026-10-10T08:18:18.1877623Z [chromium] › tests/states/route-error-composition.spec.ts:44:9 › every shop route composes the shared API error state with its page content › R58 /s/:shopId/finance/ledger
2026-10-10T08:18:18.1878864Z ROUTE_ERROR_COMPOSITION_ROUTE=R58 RESULT=PASS
2026-10-10T08:18:18.1879369Z 
2026-10-10T08:18:18.1995935Z [246/406] [chromium] › tests/states/route-error-composition.spec.ts:44:9 › every shop route composes the shared API error state with its page content › R59 /s/:shopId/finance/trial-balance
2026-10-10T08:18:21.7746169Z [chromium] › tests/states/route-error-composition.spec.ts:44:9 › every shop route composes the shared API error state with its page content › R59 /s/:shopId/finance/trial-balance
2026-10-10T08:18:21.7748809Z ROUTE_ERROR_COMPOSITION_ROUTE=R59 RESULT=PASS
2026-10-10T08:18:21.7749332Z 
2026-10-10T08:18:21.7855020Z [247/406] [chromium] › tests/states/route-error-composition.spec.ts:44:9 › every shop route composes the shared API error state with its page content › R60 /s/:shopId/finance/balance-sheet
2026-10-10T08:18:25.3956787Z [chromium] › tests/states/route-error-composition.spec.ts:44:9 › every shop route composes the shared API error state with its page content › R60 /s/:shopId/finance/balance-sheet
2026-10-10T08:18:25.3957343Z ROUTE_ERROR_COMPOSITION_ROUTE=R60 RESULT=PASS
2026-10-10T08:18:25.3957478Z 
2026-10-10T08:18:25.4633720Z [248/406] [chromium] › tests/ui-bot-layout.spec.ts:42:1 › Bot routes R26/R27/R28/R51 fit the supported page-width boundaries
2026-10-10T08:18:53.1593566Z [249/406] [chromium] › tests/ui-bot-layout.spec.ts:52:1 › Bot config, evaluation, role and budget dialogs stay inside mobile and desktop viewports
2026-10-10T08:19:12.0810662Z [250/406] [chromium] › tests/ui-catalog-layout.spec.ts:15:1 › catalog R09-R14 keeps shared gutters, inset ownership and dry-run flow at mobile and desktop
2026-10-10T08:19:31.3477471Z [251/406] [chromium] › tests/ui-catalog-layout.spec.ts:67:1 › Imports review notice and demo controls keep the measured shared disclosure boundary at 806x884
2026-10-10T08:19:33.2728289Z [252/406] [chromium] › tests/ui-component-layout.spec.ts:40:1 › A01 order lines keep intrinsic remove actions with clean and invalid quantities
2026-10-10T08:19:40.4545095Z [253/406] [chromium] › tests/ui-component-layout.spec.ts:61:1 › A02 product editors align category and status faces independently from lookup metadata
2026-10-10T08:19:50.9989870Z [254/406] [chromium] › tests/ui-component-layout.spec.ts:84:1 › Shared outlined labels focus empty and populated native controls
2026-10-10T08:19:53.0020849Z [255/406] [chromium] › tests/ui-component-layout.spec.ts:99:1 › A02 variant fields retain readable widths when text doubles
2026-10-10T08:20:06.7988653Z [256/406] [chromium] › tests/ui-component-layout.spec.ts:130:1 › A03 import mapping preserves natural remove actions and editable mappings
2026-10-10T08:20:11.9889348Z [257/406] [chromium] › tests/ui-component-layout.spec.ts:150:1 › A04 full precision money wraps outside tables and remains unbroken in the named scroll region
2026-10-10T08:20:17.2752664Z [258/406] [chromium] › tests/ui-component-layout.spec.ts:176:1 › A05 status height follows its own label while long labels remain fully readable
2026-10-10T08:20:22.5779486Z [259/406] [chromium] › tests/ui-component-layout.spec.ts:196:1 › A06 Empty wraps unbroken reference text and retains its keyboard action
2026-10-10T08:20:27.9721383Z [260/406] [chromium] › tests/ui-component-layout.spec.ts:209:1 › A07 canonical order address selection exposes full text and edit lines retain intrinsic actions
2026-10-10T08:20:39.4843711Z [261/406] [chromium] › tests/ui-composition-layout.spec.ts:13:1 › SPC-061/062 shared compositions own their gap and child boundaries on every canonical route
2026-10-10T08:23:17.0729869Z [262/406] [chromium] › tests/ui-composition-positive-ancestry.spec.ts:62:1 › S15 Dashboard conditional content keeps an independently bordered surface inside its Panel owner
2026-10-10T08:23:21.8631479Z [263/406] [chromium] › tests/ui-composition-positive-ancestry.spec.ts:103:1 › S15 catalog QueryState fragment keeps DataTable and Pager as peer children of one Panel
2026-10-10T08:23:26.1414446Z [264/406] [chromium] › tests/ui-composition-positive-ancestry.spec.ts:137:1 › S15 Knowledge action group wraps children without losing its shared action owner
2026-10-10T08:23:30.6281003Z [265/406] [chromium] › tests/ui-consent-management.spec.ts:16:1 › R35 creates a pending challenge from API and shows consent history without local opt-out state
2026-10-10T08:23:33.5751504Z [266/406] [chromium] › tests/ui-consent-management.spec.ts:36:1 › R61 confirms an opt-out through POST body, removes the token from URL and leaves service messages available
2026-10-10T08:23:35.2056003Z [267/406] [chromium] › tests/ui-consent-management.spec.ts:74:1 › R61 public confirmation remains keyboard-accessible and reflows at 320px
2026-10-10T08:23:37.0131095Z [268/406] [chromium] › tests/ui-customers-layout.spec.ts:30:1 › Customers R07/R08/R54 layouts fit the shell at every responsive boundary
2026-10-10T08:23:58.8154070Z [269/406] [chromium] › tests/ui-customers-layout.spec.ts:59:1 › Customer create and service-case dialogs stay in the viewport without submitting
2026-10-10T08:24:05.8220966Z [270/406] [chromium] › tests/ui-dashboard-layout.spec.ts:17:1 › Shared consolidation Dashboard primary link respects all eight permission tuples and native anchor interactions
2026-10-10T08:24:12.1026981Z [271/406] [chromium] › tests/ui-dashboard-layout.spec.ts:69:1 › dashboard hierarchy, CTA targets, and page width hold across supported breakpoints
2026-10-10T08:24:14.2618578Z [272/406] [chromium] › tests/ui-density-layout.spec.ts:10:1 › density table saves row space while preserving action target and data
2026-10-10T08:24:20.1384659Z [273/406] [chromium] › tests/ui-density-layout.spec.ts:22:1 › density divided facts list has one row inset and no additional inter-row gap
2026-10-10T08:24:23.1891329Z [274/406] [chromium] › tests/ui-density-layout.spec.ts:33:1 › density demo disclosure retains state and always shows the synthetic warning
2026-10-10T08:24:30.4977000Z [275/406] [chromium] › tests/ui-density-layout.spec.ts:48:1 › density operational Panel uses 12px boundary while complex form and reading Panel keep comfortable rhythm
2026-10-10T08:24:38.8705085Z [276/406] [chromium] › tests/ui-density-layout.spec.ts:60:1 › density simple category editor keeps labels, errors and keyboard reflow usable
2026-10-10T08:24:49.3936990Z [277/406] [chromium] › tests/ui-finance-layout.spec.ts:30:1 › Finance R20/R21/R22/R48/R49/R50 route layouts retain shell gutter without horizontal overflow from 320–1440px
2026-10-10T08:25:30.5425393Z [278/406] [chromium] › tests/ui-finance-layout.spec.ts:62:1 › titled Finance Panels keep one 12px header-to-first-content boundary
2026-10-10T08:25:42.4141705Z [279/406] [chromium] › tests/ui-finance-layout.spec.ts:129:1 › Finance report, entry, journal, reconciliation and period dialogs remain in the viewport without submitting
2026-10-10T08:25:58.8789736Z [280/406] [chromium] › tests/ui-finance-management.spec.ts:14:1 › C06 opening validates before HTTP and preserves added/removed list drafts through every close guard
2026-10-10T08:26:03.2320111Z [281/406] [chromium] › tests/ui-finance-management.spec.ts:19:1 › C06 opening UI posts only its reviewed version and reports/ledger drill down to real journal IDs
2026-10-10T08:26:10.4190422Z [282/406] [chromium] › tests/ui-finance-management.spec.ts:25:1 › C06 opening conflict retains whole lists and reconciles two changing server versions without forced retry
2026-10-10T08:26:18.1256625Z [283/406] [chromium] › tests/ui-finance-management.spec.ts:31:1 › C06 finance entry validation and refetch conflict keep the saved baseline and draft
2026-10-10T08:26:21.4827729Z [284/406] [chromium] › tests/ui-finance-management.spec.ts:35:1 › C06 all new financial routes and dialog use keyboard/axe and reflow at required widths
2026-10-10T08:27:06.6138664Z [285/406] [chromium] › tests/ui-fulfillment-layout.spec.ts:30:1 › Fulfillment R41/R42 preserve shell gutter and contain responsive route layouts from 320-1440px
2026-10-10T08:27:21.8474037Z [286/406] [chromium] › tests/ui-fulfillment-layout.spec.ts:59:1 › Fulfillment prep, shipment-create, detail and event dialogs fit mobile and desktop without submitting
2026-10-10T08:27:29.1484512Z [287/406] [chromium] › tests/ui-integrations-layout.spec.ts:40:1 › Integrations routes R29/R30 fit the supported page-width boundaries
2026-10-10T08:27:43.6630606Z [288/406] [chromium] › tests/ui-integrations-layout.spec.ts:50:1 › R29 disconnect and R30 create/edit credential dialogs stay inside mobile and desktop viewports
2026-10-10T08:27:54.8633663Z [289/406] [chromium] › tests/ui-inventory-layout.spec.ts:15:1 › Inventory R15/R16 preserve shared gutter and contain table overflow at 320-1440px
2026-10-10T08:28:06.9332894Z [290/406] [chromium] › tests/ui-inventory-layout.spec.ts:55:1 › Inventory filters reset cursor and preserve other URL state; adjustment validation sends no command
2026-10-10T08:28:14.8950699Z [291/406] [chromium] › tests/ui-knowledge-layout.spec.ts:67:1 › Knowledge routes R23/R24/R25 fit every supported layout boundary
2026-10-10T08:28:37.5562046Z [292/406] [chromium] › tests/ui-knowledge-layout.spec.ts:87:1 › Knowledge create, edit, and feedback-review dialogs remain inside mobile and desktop viewports
2026-10-10T08:28:51.4833034Z [293/406] [chromium] › tests/ui-master-resources.spec.ts:13:1 › C05 warehouses validate before HTTP, protect drafts and create/update/archive with visible results
2026-10-10T08:28:57.3875530Z [294/406] [chromium] › tests/ui-master-resources.spec.ts:26:1 › C05 warehouse conflicts keep the draft across two concurrent versions and require explicit reconciliation
2026-10-10T08:29:00.5963984Z [295/406] [chromium] › tests/ui-master-resources.spec.ts:34:1 › C05 accounts create and protect used fields; journal choices come from the same API lookup
2026-10-10T08:29:03.7052897Z [296/406] [chromium] › tests/ui-master-resources.spec.ts:40:1 › C05 customer address UI never replays a masked phone and orders load per-customer addresses
2026-10-10T08:29:09.0626741Z [297/406] [chromium] › tests/ui-master-resources.spec.ts:46:1 › C05 new management routes and address dialog reflow at all required widths with keyboard and axe
2026-10-10T08:29:39.5894257Z [298/406] [chromium] › tests/ui-master-resources.spec.ts:58:1 › C05 complete customer addresses create/archive through HTTP; masked mandatory fields prevent creation
2026-10-10T08:29:43.0631292Z [299/406] [chromium] › tests/ui-master-resources.spec.ts:77:1 › C05 an unknown warehouse creation keeps the draft and prevents a second request
2026-10-10T08:29:45.0924209Z [300/406] [chromium] › tests/ui-notifications-layout.spec.ts:40:1 › R39/R40 Notifications routes fit the supported page-width boundaries
2026-10-10T08:29:59.6493898Z [301/406] [chromium] › tests/ui-notifications-layout.spec.ts:50:1 › R40 revoke-device confirmation stays inside mobile and desktop viewports
2026-10-10T08:30:05.1044861Z [302/406] [chromium] › tests/ui-operations-layout.spec.ts:41:1 › R37/R38/R52 Operations routes fit the supported page-width boundaries
2026-10-10T08:30:26.1581746Z [303/406] [chromium] › tests/ui-operations-layout.spec.ts:51:1 › R52 role-control confirmation stays inside mobile and desktop viewports
2026-10-10T08:30:31.7132533Z [304/406] [chromium] › tests/ui-orders-layout.spec.ts:15:1 › Orders R17/R18/R19/R43 preserve responsive page geometry at 320-1440px
2026-10-10T08:30:59.7176174Z [305/406] [chromium] › tests/ui-orders-layout.spec.ts:46:1 › Orders draft, versioned quote, canonical address snapshot and return dialogs keep their behavior without writes
2026-10-10T08:31:12.1931716Z [306/406] [chromium] › tests/ui-panel-layout.spec.ts:15:1 › the titled Fulfillment Panel owns its body inset and keeps one 12px header boundary
2026-10-10T08:31:18.6413009Z [307/406] [chromium] › tests/ui-procurement-layout.spec.ts:38:1 › Procurement R44-R47 preserve shared page gutter and contain responsive tables at 320-1440px
2026-10-10T08:31:46.7711651Z [308/406] [chromium] › tests/ui-procurement-layout.spec.ts:69:1 › Procurement supplier, offer, rule, purchase and receipt dialogs fit narrow and desktop viewports without writes
2026-10-10T08:32:02.4871894Z [309/406] [chromium] › tests/ui-query-state-layout.spec.ts:68:5 › S12 R09 QueryState section profile preserves pending and ready layout
2026-10-10T08:32:14.2691014Z [310/406] [chromium] › tests/ui-query-state-layout.spec.ts:68:5 › S12 R11 QueryState inline profile preserves pending and ready layout
2026-10-10T08:32:24.3557178Z [311/406] [chromium] › tests/ui-shell-layout.spec.ts:45:1 › Shell keeps header, banner, main and footer on one responsive gutter
2026-10-10T08:32:27.0612789Z [312/406] [chromium] › tests/ui-shell-layout.spec.ts:106:1 › demo controls stay discoverable on mobile and usable on desktop
2026-10-10T08:32:28.3006333Z [313/406] [chromium] › tests/ui-shell-layout.spec.ts:124:1 › SPC-055/057 demo-control labels keep a clear gap on every Shell route consumer
2026-10-10T08:33:14.6021422Z [314/406] [chromium] › tests/ui-shell-layout.spec.ts:149:1 › unmatched route fallback owns its page gutter without horizontal overflow
2026-10-10T08:33:15.5096162Z [315/406] [chromium] › tests/ui-toolbar-layout.spec.ts:33:1 › Shared Toolbar and demo tools keep labels clear when text doubles
2026-10-10T08:33:23.6155621Z [316/406] [chromium] › tests/ui-toolbar-layout.spec.ts:61:1 › Toolbar geometry: multiline category lookup cannot stretch the search button
2026-10-10T08:33:25.8018546Z [317/406] [chromium] › tests/ui-toolbar-layout.spec.ts:78:1 › Shared consolidation Inbox filters share Toolbar ownership and stay outside search across pane widths
2026-10-10T08:33:41.6154984Z [318/406] [chromium] › tests/ui-toolbar-layout.spec.ts:121:1 › Toolbar affected routes keep intrinsic actions, capability branches and 320px reflow
2026-10-10T08:34:48.4361207Z [319/406] [chromium] › tests/ui-toolbar-layout.spec.ts:146:1 › Toolbar public extra slot cannot stretch a single-line submit action
2026-10-10T08:34:50.0855281Z [320/406] [chromium] › tests/ui-toolbar-layout.spec.ts:163:1 › Toolbar preserves Products URL filters, search submit, clear and independent category lookup
2026-10-10T08:34:54.0461019Z [321/406] [chromium] › tests/ui-toolbar-layout.spec.ts:199:1 › Toolbar keeps Inventory apply/reset separate from search submission
2026-10-10T08:34:59.8034062Z [322/406] [chromium] › tests/ui-toolbar-layout.spec.ts:219:1 › Toolbar category more/busy/error/retry branches preserve search geometry and actual pagination
2026-10-10T08:35:03.8826423Z [323/406] [chromium] › tests/ui-ux-completion.spec.ts:9:1 › UX01 setup feedback CTA reaches review workflow rather than dynamic knowledge detail
2026-10-10T08:35:07.4166558Z [324/406] [chromium] › tests/ui-ux-completion.spec.ts:15:1 › UX02 stock warnings describe low/zero stock without implying a server block
2026-10-10T08:35:09.0556395Z [325/406] [chromium] › tests/ui-ux-completion.spec.ts:22:1 › UX02 inventory receipts and accounting open periods have domain-specific names
2026-10-10T08:35:11.9761453Z [326/406] [chromium] › tests/ui-ux-completion.spec.ts:31:1 › UX04 onboarding protects the whole draft on leave and reload
2026-10-10T08:35:23.9632178Z [327/406] [chromium] › tests/ui-ux-completion.spec.ts:52:1 › UX04 acknowledged shop creation leaves without a false dirty warning
2026-10-10T08:35:25.5535018Z [328/406] [chromium] › tests/ui-ux-completion.spec.ts:60:1 › UX05 product detail returns to committed filters; direct links use the list fallback
2026-10-10T08:35:28.8735090Z [329/406] [chromium] › tests/ui-ux-completion.spec.ts:70:60 › UX05 customers list returns to its own filter context
2026-10-10T08:35:32.2014624Z [330/406] [chromium] › tests/ui-ux-completion.spec.ts:70:60 › UX05 orders list returns to its own filter context
2026-10-10T08:35:35.2085396Z [331/406] [chromium] › tests/ui-ux-completion.spec.ts:70:60 › UX05 knowledge list returns to its own filter context
2026-10-10T08:35:38.3208970Z [332/406] [chromium] › tests/ui-ux-completion.spec.ts:86:1 › UX03 category, member and AI deletion confirmations name the selected object and consequence
2026-10-10T08:35:42.8124116Z [333/406] [chromium] › tests/ui-ux-completion.spec.ts:108:1 › UX07 titles and breadcrumb distinguish create/detail/review; menu empty state clears with focus
2026-10-10T08:35:46.0326618Z [334/406] [chromium] › tests/ui-ux-completion.spec.ts:126:1 › UX10 multi-table pages have distinct business names
2026-10-10T08:35:48.9426720Z [335/406] [chromium] › tests/ui-ux-completion.spec.ts:136:1 › UX06 AI capability names and states are readable in Vietnamese
2026-10-10T08:35:50.4073792Z [336/406] [chromium] › tests/ui-ux-completion.spec.ts:143:1 › UX15 detail captions reflow without splitting short words across all required viewports
2026-10-10T08:35:53.1424839Z [337/406] [chromium] › tests/ui-width-layout.spec.ts:29:1 › W01 AI single connection fills its collection at breakpoint edges and wide viewports
2026-10-10T08:36:02.2164558Z [338/406] [chromium] › tests/ui-width-layout.spec.ts:42:1 › W01 AI keeps two-column collection for two/three items and refetch preserves the new count
2026-10-10T08:36:05.0913361Z [339/406] [chromium] › tests/ui-width-layout.spec.ts:63:1 › W01 AI empty result keeps one accessible create action and no empty grid
2026-10-10T08:36:06.7609592Z [340/406] [chromium] › tests/ui-width-layout.spec.ts:72:35 › W01 workspace collection handles 0 visible shops
2026-10-10T08:36:13.6853827Z [341/406] [chromium] › tests/ui-width-layout.spec.ts:72:35 › W01 workspace collection handles 1 visible shops
2026-10-10T08:36:20.4947044Z [342/406] [chromium] › tests/ui-width-layout.spec.ts:72:35 › W01 workspace collection handles 2 visible shops
2026-10-10T08:36:27.1090988Z [343/406] [chromium] › tests/ui-width-layout.spec.ts:72:35 › W01 workspace collection handles 3 visible shops
2026-10-10T08:36:33.8816118Z [344/406] [chromium] › tests/ui-width-layout.spec.ts:104:1 › W02 full-width form groups fill their panel and retain input/mapping/shipping behavior
2026-10-10T08:36:55.0862792Z [345/406] [chromium] › tests/ui-width-layout.spec.ts:144:1 › W03 notification protection notice occupies the full page row after the two panes
2026-10-10T08:37:00.3702511Z [346/406] [chromium] › tests/ui-width-layout.spec.ts:163:1 › W04 detail rows stay atomic in divided rhythm and plain containers
2026-10-10T08:37:05.7531191Z [347/406] [chromium] › tests/ui-workspace-layout.spec.ts:60:1 › workspace routes stay within the supported page-width boundaries
2026-10-10T08:37:58.3770227Z [348/406] [chromium] › tests/ui-workspace-layout.spec.ts:72:1 › team invite and privacy request dialogs remain usable without submitting
2026-10-10T08:38:08.7348419Z [349/406] [chromium] › tests/ui006-lookups.spec.ts:69:1 › UI006.C05 lookup and table cursors reach records after 150 synthetic suppliers, offers, and orders
2026-10-10T08:38:39.8483621Z [350/406] [chromium] › tests/ui006-lookups.spec.ts:215:1 › UI006.C04 bounded previews disclose their sample and link to full collections
2026-10-10T08:38:44.1612172Z [351/406] [chromium] › tests/ui006-lookups.spec.ts:232:1 › UI006.C02 selected order identity survives a failed search and cursor retry
2026-10-10T08:38:46.9334016Z [352/406] [chromium] › tests/ui007-query-states.spec.ts:30:1 › UI007 secondary order query loads independently while the customer profile remains available
2026-10-10T08:38:50.8028072Z [353/406] [chromium] › tests/ui007-query-states.spec.ts:60:1 › UI007 order query 503 is isolated from the primary customer query and retries only that query
2026-10-10T08:38:54.2592564Z [354/406] [chromium] › tests/ui007-query-states.spec.ts:94:1 › UI007 forbidden order query is an access state and a successful empty query is distinct
2026-10-10T08:38:56.6654308Z [355/406] [chromium] › tests/ui007-query-states.spec.ts:114:1 › UI007 supplier and offer failures keep purchase suggestions visible and have operation-specific recovery
2026-10-10T08:39:00.1803782Z [356/406] [chromium] › tests/ui007-query-states.spec.ts:150:1 › UI007 auto-send budget query is lazy, permission-aware, and blocks an unverified budget
2026-10-10T08:39:03.0171800Z [357/406] [chromium] › tests/ui008-integration-empty.spec.ts:57:1 › UI008 R29 successful empty collection exposes an accessible state and one permission-guarded connect CTA
2026-10-10T08:39:05.4838919Z [358/406] [chromium] › tests/ui008-integration-empty.spec.ts:75:1 › UI008 R29 read-only bot_admin sees the empty state without a manage action
2026-10-10T08:39:07.6841952Z [359/406] [chromium] › tests/ui008-integration-empty.spec.ts:90:1 › UI008 R29 pending channel query stays loading until its response arrives
2026-10-10T08:39:09.9208444Z [360/406] [chromium] › tests/ui008-integration-empty.spec.ts:109:1 › UI008 R29 forbidden channel query is not presented as empty or retryable
2026-10-10T08:39:11.2611232Z [361/406] [chromium] › tests/ui008-integration-empty.spec.ts:123:1 › UI008 R29 503 remains an error and recovers through its retry control
2026-10-10T08:39:13.8030886Z [362/406] [chromium] › tests/ui008-integration-empty.spec.ts:144:1 › UI008 R30 successful empty AI connection cards show a first-use state and one add CTA
2026-10-10T08:39:14.9854865Z [363/406] [chromium] › tests/ui008-integration-empty.spec.ts:162:1 › UI008 R30 read-only bot_admin sees the empty state without an add action
2026-10-10T08:39:17.2213248Z [364/406] [chromium] › tests/ui009-scope-regression.spec.ts:23:1 › UI009 delayed customer orders from the previous shop cannot leak into the new shop profile
2026-10-10T08:39:21.4056300Z [365/406] [chromium] › tests/ui010-dialog-draft.spec.ts:15:1 › UI010 a discarded confirmation reason is cleared before the dialog opens again
2026-10-10T08:39:25.3174127Z [366/406] [chromium] › tests/ui011-date-time.spec.ts:16:1 › UI011 report defaults use the active shop calendar month at a UTC month boundary
2026-10-10T08:39:28.0409841Z [367/406] [chromium] › tests/ui011-date-time.spec.ts:29:1 › UI011 journal effective date defaults to the active shop calendar date
2026-10-10T08:39:29.7498234Z [368/406] [chromium] › tests/ui011-date-time.spec.ts:41:1 › UI011 shipment event input and API instant use the shop timezone, not browser timezone
2026-10-10T08:39:31.9927094Z [369/406] [chromium] › tests/ui012-keyboard.spec.ts:42:1 › UI012 keyboard-only finance edit handles select, discard warning and focus return
2026-10-10T08:39:36.4197122Z [370/406] [chromium] › tests/ui012-keyboard.spec.ts:103:1 › UI012 keyboard validation focuses the field named by a synthetic 422 response
2026-10-10T08:39:41.0385634Z [371/406] [chromium] › tests/ui012-keyboard.spec.ts:160:1 › UI012 keyboard activates the CSV chooser and discards its selected file without upload
2026-10-10T08:39:43.4303961Z [372/406] [chromium] › tests/ui012-keyboard.spec.ts:200:1 › UI012 keyboard can reach and horizontally scroll the marketing chart data alternative
2026-10-10T08:39:46.0644998Z [373/406] [chromium] › tests/ui012-keyboard.spec.ts:227:1 › UI012 marketing chart keeps every category label visible beside its data table
2026-10-10T08:39:49.5124774Z [374/406] [chromium] › tests/ui012-keyboard.spec.ts:276:1 › UI012 inbox feedback actions identify their message and return focus after Escape
2026-10-10T08:39:53.6612580Z [375/406] [chromium] › tests/ui012-keyboard.spec.ts:309:1 › UI012 order draft does not announce an untouched required customer as invalid
2026-10-10T08:39:55.2048476Z [376/406] [chromium] › tests/ui012-keyboard.spec.ts:322:1 › UI012 human-confirmation policy copy wraps inside its alert at a 320 CSS-pixel viewport
2026-10-10T08:39:56.6990322Z [377/406] [chromium] › tests/ui012-keyboard.spec.ts:356:1 › UI012 dashboard CTA separates hover and pressed feedback while keeping keyboard focus visible
2026-10-10T08:40:01.4132267Z [378/406] [chromium] › tests/ui013-url-state.spec.ts:19:1 › UI013 reconciliation tab deep links and survives refresh; malformed tab safely falls back
2026-10-10T08:40:08.4555176Z [379/406] [chromium] › tests/ui013-url-state.spec.ts:39:1 › UI013 finance date range deep link, edit, refresh and Back use shop-local filter state
2026-10-10T08:40:12.7034106Z [380/406] [chromium] › tests/ui013-url-state.spec.ts:70:1 › UI013 report type and export date filters are deep-linkable, refreshable and malformed values fall back safely
2026-10-10T08:40:17.7763669Z [381/406] [chromium] › tests/ui021-permission-edge.spec.ts:4:1 › privacy page keeps the customers link when the destination permission is present
2026-10-10T08:40:20.6472751Z [382/406] [chromium] › tests/ui021-permission-edge.spec.ts:19:1 › privacy page hides the customers link when the destination permission is missing
2026-10-10T08:40:23.9651436Z [383/406] [chromium] › tests/ui028-w24-inbox-layout.spec.ts:15:1 › UI028.W24 Inbox spacing roles remain consistent across breakpoints without losing draft state
2026-10-10T08:40:33.6575585Z [384/406] [chromium] › tests/ui028-w25-reports-layout.spec.ts:16:1 › UI028.W25 Reports semantic spacing stays stable at mobile, tablet and desktop widths
2026-10-10T08:40:51.4797335Z [385/406] [chromium] › tests/ui028-w25-reports-layout.spec.ts:123:1 › UI028.W25 authorized report download link retains its 44px hit target
2026-10-10T08:40:54.3679506Z [386/406] [chromium] › tests/ui028-w28-routes.spec.ts:47:5 › UI028.W28 61 canonical routes render with measured 390px layout geometry
2026-10-10T08:42:15.4548112Z [chromium] › tests/ui028-w28-routes.spec.ts:47:5 › UI028.W28 61 canonical routes render with measured 390px layout geometry
2026-10-10T08:42:15.4549315Z [w28-route-geometry] {"browser":"chromium","width":390,"routes":61,"issues":0,"pageErrors":0,"evidence":"evidence/frontend-ui-improvements/UI028/W28/route-geometry-chromium-390-current-20261010-080333-5603.json"}
2026-10-10T08:42:15.4549960Z 
2026-10-10T08:42:15.4731623Z [387/406] [chromium] › tests/ui028-w28-routes.spec.ts:47:5 › UI028.W28 61 canonical routes render with measured 1440px layout geometry
2026-10-10T08:43:17.5081662Z [chromium] › tests/ui028-w28-routes.spec.ts:47:5 › UI028.W28 61 canonical routes render with measured 1440px layout geometry
2026-10-10T08:43:17.5082893Z [w28-route-geometry] {"browser":"chromium","width":1440,"routes":61,"issues":0,"pageErrors":0,"evidence":"evidence/frontend-ui-improvements/UI028/W28/route-geometry-chromium-1440-current-20261010-080333-5603.json"}
2026-10-10T08:43:17.5083607Z 
2026-10-10T08:43:17.5857954Z [388/406] [chromium] › tests/ui028-w29-reflow.spec.ts:30:5 › UI028.W29 320px reflow retains representative actions and contains overflow
2026-10-10T08:43:29.1628322Z [chromium] › tests/ui028-w29-reflow.spec.ts:30:5 › UI028.W29 320px reflow retains representative actions and contains overflow
2026-10-10T08:43:29.1629630Z [w29-responsive-profile] {"browser":"chromium","width":320,"profiles":7,"issues":0,"pageErrors":0,"evidence":"evidence/frontend-ui-improvements/UI028/W29/responsive-profile-chromium-320-current-20261010-080333-5603.json"}
2026-10-10T08:43:29.1630109Z 
2026-10-10T08:43:29.1833876Z [389/406] [chromium] › tests/ui028-w29-reflow.spec.ts:30:5 › UI028.W29 390px reflow retains representative actions and contains overflow
2026-10-10T08:43:39.2933116Z [chromium] › tests/ui028-w29-reflow.spec.ts:30:5 › UI028.W29 390px reflow retains representative actions and contains overflow
2026-10-10T08:43:39.2934426Z [w29-responsive-profile] {"browser":"chromium","width":390,"profiles":7,"issues":0,"pageErrors":0,"evidence":"evidence/frontend-ui-improvements/UI028/W29/responsive-profile-chromium-390-current-20261010-080333-5603.json"}
2026-10-10T08:43:39.2935260Z 
2026-10-10T08:43:39.3142026Z [390/406] [chromium] › tests/ui028-w29-reflow.spec.ts:30:5 › UI028.W29 767px reflow retains representative actions and contains overflow
2026-10-10T08:43:49.4988481Z [chromium] › tests/ui028-w29-reflow.spec.ts:30:5 › UI028.W29 767px reflow retains representative actions and contains overflow
2026-10-10T08:43:49.4992494Z [w29-responsive-profile] {"browser":"chromium","width":767,"profiles":7,"issues":0,"pageErrors":0,"evidence":"evidence/frontend-ui-improvements/UI028/W29/responsive-profile-chromium-767-current-20261010-080333-5603.json"}
2026-10-10T08:43:49.4994201Z 
2026-10-10T08:43:49.5171145Z [391/406] [chromium] › tests/ui028-w29-reflow.spec.ts:30:5 › UI028.W29 768px reflow retains representative actions and contains overflow
2026-10-10T08:43:59.4540319Z [chromium] › tests/ui028-w29-reflow.spec.ts:30:5 › UI028.W29 768px reflow retains representative actions and contains overflow
2026-10-10T08:43:59.4541684Z [w29-responsive-profile] {"browser":"chromium","width":768,"profiles":7,"issues":0,"pageErrors":0,"evidence":"evidence/frontend-ui-improvements/UI028/W29/responsive-profile-chromium-768-current-20261010-080333-5603.json"}
2026-10-10T08:43:59.4542488Z 
2026-10-10T08:43:59.4666403Z [392/406] [chromium] › tests/ui028-w29-reflow.spec.ts:30:5 › UI028.W29 1024px reflow retains representative actions and contains overflow
2026-10-10T08:44:09.6484134Z [chromium] › tests/ui028-w29-reflow.spec.ts:30:5 › UI028.W29 1024px reflow retains representative actions and contains overflow
2026-10-10T08:44:09.6484949Z [w29-responsive-profile] {"browser":"chromium","width":1024,"profiles":7,"issues":0,"pageErrors":0,"evidence":"evidence/frontend-ui-improvements/UI028/W29/responsive-profile-chromium-1024-current-20261010-080333-5603.json"}
2026-10-10T08:44:09.6485378Z 
2026-10-10T08:44:09.6624926Z [393/406] [chromium] › tests/ui028-w29-reflow.spec.ts:30:5 › UI028.W29 1279px reflow retains representative actions and contains overflow
2026-10-10T08:44:19.3839912Z [chromium] › tests/ui028-w29-reflow.spec.ts:30:5 › UI028.W29 1279px reflow retains representative actions and contains overflow
2026-10-10T08:44:19.3840846Z [w29-responsive-profile] {"browser":"chromium","width":1279,"profiles":7,"issues":0,"pageErrors":0,"evidence":"evidence/frontend-ui-improvements/UI028/W29/responsive-profile-chromium-1279-current-20261010-080333-5603.json"}
2026-10-10T08:44:19.3841507Z 
2026-10-10T08:44:19.4018342Z [394/406] [chromium] › tests/ui028-w29-reflow.spec.ts:30:5 › UI028.W29 1280px reflow retains representative actions and contains overflow
2026-10-10T08:44:28.0375020Z [chromium] › tests/ui028-w29-reflow.spec.ts:30:5 › UI028.W29 1280px reflow retains representative actions and contains overflow
2026-10-10T08:44:28.0376308Z [w29-responsive-profile] {"browser":"chromium","width":1280,"profiles":7,"issues":0,"pageErrors":0,"evidence":"evidence/frontend-ui-improvements/UI028/W29/responsive-profile-chromium-1280-current-20261010-080333-5603.json"}
2026-10-10T08:44:28.0377052Z 
2026-10-10T08:44:28.0520858Z [395/406] [chromium] › tests/ui028-w29-reflow.spec.ts:30:5 › UI028.W29 1440px reflow retains representative actions and contains overflow
2026-10-10T08:44:36.6739803Z [chromium] › tests/ui028-w29-reflow.spec.ts:30:5 › UI028.W29 1440px reflow retains representative actions and contains overflow
2026-10-10T08:44:36.6741581Z [w29-responsive-profile] {"browser":"chromium","width":1440,"profiles":7,"issues":0,"pageErrors":0,"evidence":"evidence/frontend-ui-improvements/UI028/W29/responsive-profile-chromium-1440-current-20261010-080333-5603.json"}
2026-10-10T08:44:36.6742250Z 
2026-10-10T08:44:36.6957395Z [396/406] [chromium] › tests/ui028-w29-reflow.spec.ts:30:5 › UI028.W29 1920px reflow retains representative actions and contains overflow
2026-10-10T08:44:45.1219958Z [chromium] › tests/ui028-w29-reflow.spec.ts:30:5 › UI028.W29 1920px reflow retains representative actions and contains overflow
2026-10-10T08:44:45.1220795Z [w29-responsive-profile] {"browser":"chromium","width":1920,"profiles":7,"issues":0,"pageErrors":0,"evidence":"evidence/frontend-ui-improvements/UI028/W29/responsive-profile-chromium-1920-current-20261010-080333-5603.json"}
2026-10-10T08:44:45.1221227Z 
2026-10-10T08:44:45.2007872Z [397/406] [chromium] › tests/ui028-w30-stress.spec.ts:75:5 › UI028.W30 form-error-short: 200% text and spacing stress at 320x480
2026-10-10T08:44:48.1406197Z [chromium] › tests/ui028-w30-stress.spec.ts:75:5 › UI028.W30 form-error-short: 200% text and spacing stress at 320x480
2026-10-10T08:44:48.1410235Z [w30-stress] {"browser":"chromium","scenario":"form-error-short","viewport":{"width":320,"height":480},"scaledTextElements":55,"issues":0,"pageErrors":0,"evidence":"evidence/frontend-ui-improvements/UI028/W30/stress-chromium-form-error-short-current-20261010-080333-5603.json"}
2026-10-10T08:44:48.1411160Z 
2026-10-10T08:44:48.1512804Z [398/406] [chromium] › tests/ui028-w30-stress.spec.ts:75:5 › UI028.W30 mobile-menu-long-label: 200% text and spacing stress at 390x560
2026-10-10T08:44:50.0274335Z [chromium] › tests/ui028-w30-stress.spec.ts:75:5 › UI028.W30 mobile-menu-long-label: 200% text and spacing stress at 390x560
2026-10-10T08:44:50.0275946Z [w30-stress] {"browser":"chromium","scenario":"mobile-menu-long-label","viewport":{"width":390,"height":560},"scaledTextElements":148,"issues":0,"pageErrors":0,"evidence":"evidence/frontend-ui-improvements/UI028/W30/stress-chromium-mobile-menu-long-label-current-20261010-080333-5603.json"}
2026-10-10T08:44:50.0276853Z 
2026-10-10T08:44:50.0380915Z [399/406] [chromium] › tests/ui028-w30-stress.spec.ts:75:5 › UI028.W30 report-long-id: 200% text and spacing stress at 640x450
2026-10-10T08:44:51.6271681Z [chromium] › tests/ui028-w30-stress.spec.ts:75:5 › UI028.W30 report-long-id: 200% text and spacing stress at 640x450
2026-10-10T08:44:51.6273133Z [w30-stress] {"browser":"chromium","scenario":"report-long-id","viewport":{"width":640,"height":450},"scaledTextElements":244,"issues":0,"pageErrors":0,"evidence":"evidence/frontend-ui-improvements/UI028/W30/stress-chromium-report-long-id-current-20261010-080333-5603.json"}
2026-10-10T08:44:51.6352142Z 
2026-10-10T08:44:51.6353003Z [400/406] [chromium] › tests/ui028-w30-stress.spec.ts:75:5 › UI028.W30 inbox-long-composer: 200% text and spacing stress at 390x560
2026-10-10T08:44:53.0846130Z [chromium] › tests/ui028-w30-stress.spec.ts:75:5 › UI028.W30 inbox-long-composer: 200% text and spacing stress at 390x560
2026-10-10T08:44:53.0847971Z [w30-stress] {"browser":"chromium","scenario":"inbox-long-composer","viewport":{"width":390,"height":560},"scaledTextElements":71,"issues":0,"pageErrors":0,"evidence":"evidence/frontend-ui-improvements/UI028/W30/stress-chromium-inbox-long-composer-current-20261010-080333-5603.json"}
2026-10-10T08:44:53.0848851Z 
2026-10-10T08:44:53.0941629Z [401/406] [chromium] › tests/ui028-w30-stress.spec.ts:75:5 › UI028.W30 dialog-long-reason: 200% text and spacing stress at 320x480
2026-10-10T08:44:54.6670585Z [chromium] › tests/ui028-w30-stress.spec.ts:75:5 › UI028.W30 dialog-long-reason: 200% text and spacing stress at 320x480
2026-10-10T08:44:54.6671779Z [w30-stress] {"browser":"chromium","scenario":"dialog-long-reason","viewport":{"width":320,"height":480},"scaledTextElements":80,"issues":0,"pageErrors":0,"evidence":"evidence/frontend-ui-improvements/UI028/W30/stress-chromium-dialog-long-reason-current-20261010-080333-5603.json"}
2026-10-10T08:44:54.6672953Z 
2026-10-10T08:44:54.7318863Z [402/406] [chromium] › tests/vertical-slices/fe022-flows.spec.ts:38:1 › FE022.VS01 catalog → stock → order → prep keeps product, reservation, and order references linked
2026-10-10T08:44:59.7407120Z [403/406] [chromium] › tests/vertical-slices/fe022-flows.spec.ts:92:1 › FE022.VS02 procurement → approval → receipt → stock and payable preserves the purchase identity
2026-10-10T08:45:07.1536666Z [404/406] [chromium] › tests/vertical-slices/fe022-flows.spec.ts:168:1 › FE022.VS03 finance → reconciliation retains bank transaction and partial debt allocation
2026-10-10T08:45:10.9859708Z [405/406] [chromium] › tests/vertical-slices/fe022-flows.spec.ts:210:1 › FE022.VS04 inbox → knowledge draft → bot evaluation preserves feedback and revision source IDs
2026-10-10T08:45:14.9306936Z [406/406] [chromium] › tests/vertical-slices/fe022-flows.spec.ts:252:1 › FE022.S05 route and feature matrix covers canonical IDs with executed cases or explicit frontend gaps
2026-10-10T08:45:18.1612509Z   406 passed (43.3m)
2026-10-10T08:45:18.2201978Z ##[group]Run npx playwright test --config playwright.built-demo.config.ts --output test-results/built-demo --project=chromium-built-demo --reporter=line
2026-10-10T08:45:18.2202571Z [36;1mnpx playwright test --config playwright.built-demo.config.ts --output test-results/built-demo --project=chromium-built-demo --reporter=line[0m
2026-10-10T08:45:18.2276184Z shell: /usr/bin/bash -e {0}
2026-10-10T08:45:18.2276357Z ##[endgroup]
2026-10-10T08:45:18.9485119Z 
2026-10-10T08:45:18.9497410Z Running 3 tests using 1 worker
2026-10-10T08:45:18.9497649Z 
2026-10-10T08:45:19.1885464Z [1/3] [chromium-built-demo] › tests/built-demo-regression.spec.ts:44:1 › built demo artifact loads React and its synthetic API from the isolated Vite preview
2026-10-10T08:45:20.0680954Z [chromium-built-demo] › tests/built-demo-regression.spec.ts:44:1 › built demo artifact loads React and its synthetic API from the isolated Vite preview
2026-10-10T08:45:20.0685283Z [built-demo-artifact] {"browser":"chromium","baseURL":"http://127.0.0.1:4174","route":"/s/shop-demo/overview","artifact":{"sha256":"09405e36f634fb68bf0baceb8ea501d73d13baa5e917668e9fe1c576789c25dc","fileCount":39,"files":["app-icon.svg","app-sw.js","assets/browser-CQeKKnYr.js","assets/charts-uDdGNk6t.js","assets/contract-data-CJyvN5AM.js","assets/control-Criu5A-7.js","assets/download-CWiaXb8A.js","assets/draft-conflict-tNpI-HAo.js","assets/filters-CirfTR7_.js","assets/hooks-BeC01d3Y.js","assets/i18n-D4N_7Z3Q.js","assets/index-01nb5nQj.js","assets/index-B3gGpiMi.js","assets/index-BDJDBZpL.js","assets/index-BGP_Ad-y.js","assets/index-BoOL50Pn.js","assets/index-BQPx7lJM.css","assets/index-BWSxRwQH.js","assets/index-C6ptp12n.js","assets/index-Cco5VbEE.js","assets/index-D3UNZ1L-.js","assets/index-D6MJeQeX.js","assets/index-DgCh8QFc.js","assets/index-DH5AOH0G.js","assets/index-DQbFFBlT.js","assets/index-DX4hKm3W.js","assets/index-f6PQjW3Q.js","assets/index-hYjqNRGb.js","assets/index-SkfVeie4.js","assets/mui-CUCPJGs1.js","assets/query-Df7VyXaF.js","assets/react-runtime-gLMyUIL2.js","assets/schema-validation-B78jEm7B.js","assets/schemas-CoWCwirf.js","assets/service-DOnisuXi.js","index.html","manifest.webmanifest","mockServiceWorker.js","samples/products.csv"]},"browserAssets":["/assets/browser-CQeKKnYr.js","/assets/contract-data-CJyvN5AM.js","/assets/hooks-BeC01d3Y.js","/assets/i18n-D4N_7Z3Q.js","/assets/index-BQPx7lJM.css","/assets/index-C6ptp12n.js","/assets/index-DH5AOH0G.js","/assets/mui-CUCPJGs1.js","/assets/query-Df7VyXaF.js","/assets/react-runtime-gLMyUIL2.js","/assets/schema-validation-B78jEm7B.js","/assets/service-DOnisuXi.js"],"sessionStatus":200,"workerStatus":200,"pageErrors":0,"apiWrites":0}
2026-10-10T08:45:20.0688380Z 
2026-10-10T08:45:20.0943583Z [2/3] [chromium-built-demo] › tests/built-demo-regression.spec.ts:74:5 › built demo serves all 61 manifest routes at 390px without shell overflow
2026-10-10T08:46:19.9165002Z [chromium-built-demo] › tests/built-demo-regression.spec.ts:74:5 › built demo serves all 61 manifest routes at 390px without shell overflow
2026-10-10T08:46:19.9166352Z [built-demo-routes] {"browser":"chromium","width":390,"routes":61,"issues":0,"pageErrors":0,"artifactSha256":"09405e36f634fb68bf0baceb8ea501d73d13baa5e917668e9fe1c576789c25dc","evidence":"evidence/frontend-ui-improvements/UI028/W32/built-demo-routes-chromium-390-current-20261007.json"}
2026-10-10T08:46:19.9167334Z 
2026-10-10T08:46:19.9315267Z [3/3] [chromium-built-demo] › tests/built-demo-regression.spec.ts:74:5 › built demo serves all 61 manifest routes at 1440px without shell overflow
2026-10-10T08:46:56.5753936Z [chromium-built-demo] › tests/built-demo-regression.spec.ts:74:5 › built demo serves all 61 manifest routes at 1440px without shell overflow
2026-10-10T08:46:56.5755745Z [built-demo-routes] {"browser":"chromium","width":1440,"routes":61,"issues":0,"pageErrors":0,"artifactSha256":"09405e36f634fb68bf0baceb8ea501d73d13baa5e917668e9fe1c576789c25dc","evidence":"evidence/frontend-ui-improvements/UI028/W32/built-demo-routes-chromium-1440-current-20261007.json"}
2026-10-10T08:46:56.5757117Z 
2026-10-10T08:46:56.7843301Z   3 passed (1.6m)
2026-10-10T08:46:56.8164794Z ##[group]Run actions/upload-artifact@043fb46d1a93c77aae656e7c1c64a875d1fc6a0a
2026-10-10T08:46:56.8165038Z with:
2026-10-10T08:46:56.8165241Z   name: frontend-chromium-38036173350-1-8ddfd1d8b5597e92ea70a8823f1027413f0b3bc3
2026-10-10T08:46:56.8165630Z   path: BotSalesAI_Frontend/apps/web/dist/
BotSalesAI_Frontend/apps/web/dist-demo/
BotSalesAI_Frontend/test-results/

2026-10-10T08:46:56.8165934Z   if-no-files-found: ignore
2026-10-10T08:46:56.8166079Z   retention-days: 14
2026-10-10T08:46:56.8166208Z   compression-level: 6
2026-10-10T08:46:56.8166337Z   overwrite: false
2026-10-10T08:46:56.8166467Z   include-hidden-files: false
2026-10-10T08:46:56.8166610Z   archive: true
2026-10-10T08:46:56.8166732Z ##[endgroup]
2026-10-10T08:46:56.9368810Z Multiple search paths detected. Calculating the least common ancestor of all paths
2026-10-10T08:46:56.9371376Z The least common ancestor is /home/runner/work/Bot-AI-Ban-hang-FB/Bot-AI-Ban-hang-FB/BotSalesAI_Frontend. This will be the root directory of the artifact
2026-10-10T08:46:56.9372222Z With the provided path, there will be 75 files uploaded
2026-10-10T08:46:56.9375820Z Artifact name is valid!
2026-10-10T08:46:56.9376110Z Root directory input is valid!
2026-10-10T08:46:57.1932060Z Uploading artifact: frontend-chromium-38036173350-1-8ddfd1d8b5597e92ea70a8823f1027413f0b3bc3.zip
2026-10-10T08:46:57.1960691Z Beginning upload of artifact content to blob storage
2026-10-10T08:46:57.6261043Z Uploaded bytes 1378081
2026-10-10T08:46:57.6628013Z Finished uploading artifact content to blob storage!
2026-10-10T08:46:57.6628687Z SHA256 digest of uploaded artifact is 594c28745d2ae1d369dd9b495726251c55837c3500d2dc05cf1430f0f576db3a
2026-10-10T08:46:57.6629322Z Finalizing artifact upload
2026-10-10T08:46:57.9580097Z Artifact frontend-chromium-38036173350-1-8ddfd1d8b5597e92ea70a8823f1027413f0b3bc3 successfully finalized. Artifact ID 11664937453
2026-10-10T08:46:57.9581486Z Artifact frontend-chromium-38036173350-1-8ddfd1d8b5597e92ea70a8823f1027413f0b3bc3 has been successfully uploaded! Final size is 1378081 bytes. Artifact ID is 11664937453
2026-10-10T08:46:57.9588820Z Artifact download URL: https://github.com/LonelyTraderBay/Bot-AI-Ban-hang-FB/actions/runs/38036173350/artifacts/11664937453
2026-10-10T08:46:57.9744470Z Post job cleanup.
2026-10-10T08:46:58.0570240Z Cache hit occurred on the primary key node-cache-Linux-x64-npm-59940755336ccebfb01608b4b67032f886f15c0a5419cadf1ab2b1b289ed121c, not saving cache.
2026-10-10T08:46:58.0676107Z Post job cleanup.
2026-10-10T08:46:58.1308833Z [command]/usr/bin/git version
2026-10-10T08:46:58.1351039Z git version 2.55.0
2026-10-10T08:46:58.1380887Z Temporarily overriding HOME='/home/runner/work/_temp/9e759197-5326-40c9-bb0f-ad5c6e50d8e3' before making global git config changes
2026-10-10T08:46:58.1381712Z Adding repository directory to the temporary git global config as a safe directory
2026-10-10T08:46:58.1383944Z [command]/usr/bin/git config --global --add safe.directory /home/runner/work/Bot-AI-Ban-hang-FB/Bot-AI-Ban-hang-FB
2026-10-10T08:46:58.1417746Z Removing SSH command configuration
2026-10-10T08:46:58.1423322Z [command]/usr/bin/git config --local --name-only --get-regexp core\.sshCommand
2026-10-10T08:46:58.1460575Z [command]/usr/bin/git submodule foreach --recursive sh -c "git config --local --name-only --get-regexp 'core\.sshCommand' && git config --local --unset-all 'core.sshCommand' || :"
2026-10-10T08:46:58.1717956Z Removing HTTP extra header
2026-10-10T08:46:58.1724404Z [command]/usr/bin/git config --local --name-only --get-regexp http\.https\:\/\/github\.com\/\.extraheader
2026-10-10T08:46:58.1773312Z [command]/usr/bin/git submodule foreach --recursive sh -c "git config --local --name-only --get-regexp 'http\.https\:\/\/github\.com\/\.extraheader' && git config --local --unset-all 'http.https://github.com/.extraheader' || :"
2026-10-10T08:46:58.1998953Z Removing includeIf entries pointing to credentials config files
2026-10-10T08:46:58.2005924Z [command]/usr/bin/git config --local --name-only --get-regexp ^includeIf\.gitdir:
2026-10-10T08:46:58.2051268Z includeif.gitdir:/home/runner/work/Bot-AI-Ban-hang-FB/Bot-AI-Ban-hang-FB/.git.path
2026-10-10T08:46:58.2054110Z includeif.gitdir:/home/runner/work/Bot-AI-Ban-hang-FB/Bot-AI-Ban-hang-FB/.git/worktrees/*.path
2026-10-10T08:46:58.2054913Z includeif.gitdir:/github/workspace/.git.path
2026-10-10T08:46:58.2055534Z includeif.gitdir:/github/workspace/.git/worktrees/*.path
2026-10-10T08:46:58.2070264Z [command]/usr/bin/git config --local --get-all includeif.gitdir:/home/runner/work/Bot-AI-Ban-hang-FB/Bot-AI-Ban-hang-FB/.git.path
2026-10-10T08:46:58.2096756Z /home/runner/work/_temp/git-credentials-9f96b10b-16af-4b7c-9dd1-7df36e9bb01d.config
2026-10-10T08:46:58.2106087Z [command]/usr/bin/git config --local --unset includeif.gitdir:/home/runner/work/Bot-AI-Ban-hang-FB/Bot-AI-Ban-hang-FB/.git.path \/home\/runner\/work\/_temp\/git\-credentials\-9f96b10b\-16af\-4b7c\-9dd1\-7df36e9bb01d\.config
2026-10-10T08:46:58.2153616Z [command]/usr/bin/git config --local --get-all includeif.gitdir:/home/runner/work/Bot-AI-Ban-hang-FB/Bot-AI-Ban-hang-FB/.git/worktrees/*.path
2026-10-10T08:46:58.2178803Z /home/runner/work/_temp/git-credentials-9f96b10b-16af-4b7c-9dd1-7df36e9bb01d.config
2026-10-10T08:46:58.2193735Z [command]/usr/bin/git config --local --unset includeif.gitdir:/home/runner/work/Bot-AI-Ban-hang-FB/Bot-AI-Ban-hang-FB/.git/worktrees/*.path \/home\/runner\/work\/_temp\/git\-credentials\-9f96b10b\-16af\-4b7c\-9dd1\-7df36e9bb01d\.config
2026-10-10T08:46:58.2230771Z [command]/usr/bin/git config --local --get-all includeif.gitdir:/github/workspace/.git.path
2026-10-10T08:46:58.2256424Z /github/runner_temp/git-credentials-9f96b10b-16af-4b7c-9dd1-7df36e9bb01d.config
2026-10-10T08:46:58.2262125Z [command]/usr/bin/git config --local --unset includeif.gitdir:/github/workspace/.git.path \/github\/runner_temp\/git\-credentials\-9f96b10b\-16af\-4b7c\-9dd1\-7df36e9bb01d\.config
2026-10-10T08:46:58.2296265Z [command]/usr/bin/git config --local --get-all includeif.gitdir:/github/workspace/.git/worktrees/*.path
2026-10-10T08:46:58.2320771Z /github/runner_temp/git-credentials-9f96b10b-16af-4b7c-9dd1-7df36e9bb01d.config
2026-10-10T08:46:58.2326480Z [command]/usr/bin/git config --local --unset includeif.gitdir:/github/workspace/.git/worktrees/*.path \/github\/runner_temp\/git\-credentials\-9f96b10b\-16af\-4b7c\-9dd1\-7df36e9bb01d\.config
2026-10-10T08:46:58.2363255Z [command]/usr/bin/git submodule foreach --recursive git config --local --show-origin --name-only --get-regexp remote.origin.url
2026-10-10T08:46:58.2574793Z Removing credentials config '/home/runner/work/_temp/git-credentials-9f96b10b-16af-4b7c-9dd1-7df36e9bb01d.config'
2026-10-10T08:46:58.2704224Z Cleaning up orphan processes
