
> botsales-frontend@0.1.0 test:e2e
> node scripts/run-e2e.mjs --project=chromium --project=firefox


> npm run setup

> botsales-frontend@0.1.0 setup
> node scripts/setup.mjs

{"status":"PASS","outputs":15,"schemas":346,"operations":245,"routes":61}
Copying the worker script at "C:\Users\Joker-PC\Documents\Projects\Bot-AI-Ban-hang-FB\BotSalesAI_Frontend\apps\web\public"...

Worker script successfully copied!
  - public

Continue by describing the network in your application:


https://mswjs.io/docs/quick-start

Thiết lập xong. npm run dev chạy frontend mô phỏng; không kết nối khách hàng hoặc provider thật.

> npm run build

> botsales-frontend@0.1.0 build
> npm run generate:check && npm run typecheck && npm run build --workspace @botsales/web


> botsales-frontend@0.1.0 generate:check
> node scripts/generate.mjs --check

{"status":"PASS","outputs":15,"schemas":346,"operations":245,"routes":61}

> botsales-frontend@0.1.0 typecheck
> tsc -p apps/web/tsconfig.json --noEmit


> @botsales/web@0.1.0 build
> vite build --mode production

vite v7.3.6 building client environment for production...
transforming...
✓ 2077 modules transformed.
rendering chunks...
computing gzip size...
dist/index.html                              1.23 kB │ gzip:   0.61 kB
dist/assets/index-BQPx7lJM.css               3.56 kB │ gzip:   1.33 kB
dist/assets/download-8lJFmiSZ.js             0.23 kB │ gzip:   0.17 kB
dist/assets/filters-CM07jGKE.js              0.32 kB │ gzip:   0.25 kB
dist/assets/hooks-C3fJXnUp.js                4.59 kB │ gzip:   2.15 kB
dist/assets/draft-conflict-1s1oz0-J.js       5.37 kB │ gzip:   2.49 kB
dist/assets/index-DbvrTVNq.js                8.23 kB │ gzip:   3.26 kB
dist/assets/index-epVjzN4Q.js                9.42 kB │ gzip:   3.73 kB
dist/assets/index-CxaAWRAp.js               13.14 kB │ gzip:   5.19 kB
dist/assets/index-DBw0dnHX.js               15.39 kB │ gzip:   5.89 kB
dist/assets/index-g1kRpxE9.js               16.98 kB │ gzip:   5.57 kB
dist/assets/index-CQYpBsXz.js               16.99 kB │ gzip:   5.81 kB
dist/assets/index-GOCdJjkr.js               18.85 kB │ gzip:   6.33 kB
dist/assets/index-S8_a8xlg.js               19.06 kB │ gzip:   7.04 kB
dist/assets/index-SBgBYP3_.js               20.87 kB │ gzip:   6.91 kB
dist/assets/index-D82VkGg2.js               21.22 kB │ gzip:   7.65 kB
dist/assets/index-CMDh3DRX.js               24.80 kB │ gzip:   8.25 kB
dist/assets/index-BpVtYZt3.js               25.06 kB │ gzip:   8.46 kB
dist/assets/index-B-L2_m3T.js               30.93 kB │ gzip:   9.93 kB
dist/assets/index-CETtjuEP.js               32.45 kB │ gzip:  10.82 kB
dist/assets/query-Df7VyXaF.js               33.15 kB │ gzip:   9.92 kB
dist/assets/index-Ch7x9bqu.js               42.02 kB │ gzip:  11.49 kB
dist/assets/i18n-D4N_7Z3Q.js                46.14 kB │ gzip:  15.12 kB
dist/assets/index-DBIXKmJu.js               64.28 kB │ gzip:  17.67 kB
dist/assets/schemas-CoWCwirf.js             85.75 kB │ gzip:  25.72 kB
dist/assets/index-B0RYT9tb.js              100.69 kB │ gzip:  31.92 kB
dist/assets/schema-validation-B78jEm7B.js  149.80 kB │ gzip:  45.12 kB
dist/assets/react-runtime-gLMyUIL2.js      279.79 kB │ gzip:  90.28 kB
dist/assets/charts-BM7zbxX-.js             320.23 kB │ gzip:  96.78 kB
dist/assets/mui-CJj7QyVx.js                328.77 kB │ gzip: 100.20 kB
dist/assets/contract-data-BRT-TOMX.js      368.62 kB │ gzip:  42.83 kB
✓ built in 2.94s

> npm run build:demo

> botsales-frontend@0.1.0 build:demo
> npm run generate:check && npm run typecheck && npm run build:demo --workspace @botsales/web


> botsales-frontend@0.1.0 generate:check
> node scripts/generate.mjs --check

{"status":"PASS","outputs":15,"schemas":346,"operations":245,"routes":61}

> botsales-frontend@0.1.0 typecheck
> tsc -p apps/web/tsconfig.json --noEmit


> @botsales/web@0.1.0 build:demo
> vite build --mode demo --outDir dist-demo

vite v7.3.6 building client environment for demo...
transforming...
✓ 2293 modules transformed.
rendering chunks...
computing gzip size...
dist-demo/index.html                              1.23 kB │ gzip:   0.61 kB
dist-demo/assets/index-BQPx7lJM.css               3.56 kB │ gzip:   1.33 kB
dist-demo/assets/download-CWiaXb8A.js             0.24 kB │ gzip:   0.17 kB
dist-demo/assets/filters-CirfTR7_.js              0.32 kB │ gzip:   0.25 kB
dist-demo/assets/control-CvjseO7d.js              1.73 kB │ gzip:   0.95 kB
dist-demo/assets/hooks-DwuzOMbO.js                4.59 kB │ gzip:   2.15 kB
dist-demo/assets/draft-conflict-D3HzLx9a.js       5.37 kB │ gzip:   2.49 kB
dist-demo/assets/index-C3tH1_vo.js                8.77 kB │ gzip:   3.46 kB
dist-demo/assets/index-WPBy7D8a.js                9.42 kB │ gzip:   3.73 kB
dist-demo/assets/index-CIF_6xL8.js               13.14 kB │ gzip:   5.19 kB
dist-demo/assets/index-DauJif-G.js               15.09 kB │ gzip:   5.71 kB
dist-demo/assets/index-8aNXZEVk.js               17.14 kB │ gzip:   5.61 kB
dist-demo/assets/index-B24_wiF-.js               18.85 kB │ gzip:   6.33 kB
dist-demo/assets/index-DVu9Sjoi.js               19.18 kB │ gzip:   6.54 kB
dist-demo/assets/index-DfhAXGg-.js               19.25 kB │ gzip:   7.11 kB
dist-demo/assets/index-BEb8ZAEO.js               20.87 kB │ gzip:   6.91 kB
dist-demo/assets/index-fc_BYSCk.js               24.80 kB │ gzip:   8.24 kB
dist-demo/assets/index-ukv7mrew.js               25.47 kB │ gzip:   8.62 kB
dist-demo/assets/index-DnYiv2Fa.js               28.09 kB │ gzip:   9.80 kB
dist-demo/assets/index-Ch7NABQ5.js               30.93 kB │ gzip:   9.93 kB
dist-demo/assets/index-D9uiyGFG.js               32.91 kB │ gzip:  10.94 kB
dist-demo/assets/query-Df7VyXaF.js               33.15 kB │ gzip:   9.92 kB
dist-demo/assets/index-B3Z32_qC.js               42.02 kB │ gzip:  11.49 kB
dist-demo/assets/i18n-D4N_7Z3Q.js                46.14 kB │ gzip:  15.12 kB
dist-demo/assets/index-BW2PoyzN.js               65.49 kB │ gzip:  18.11 kB
dist-demo/assets/schemas-CoWCwirf.js             85.75 kB │ gzip:  25.72 kB
dist-demo/assets/index-ENd9aFBo.js              105.23 kB │ gzip:  33.32 kB
dist-demo/assets/schema-validation-B78jEm7B.js  149.80 kB │ gzip:  45.12 kB
dist-demo/assets/service-BW0iUZV7.js            233.20 kB │ gzip:  54.11 kB
dist-demo/assets/browser-CIVqIDo4.js            255.64 kB │ gzip:  87.02 kB
dist-demo/assets/react-runtime-gLMyUIL2.js      279.79 kB │ gzip:  90.28 kB
dist-demo/assets/charts-B_cZ5ZyS.js             320.23 kB │ gzip:  96.78 kB
dist-demo/assets/mui-CUCPJGs1.js                328.77 kB │ gzip: 100.20 kB
dist-demo/assets/contract-data-CJyvN5AM.js      375.47 kB │ gzip:  44.43 kB
✓ built in 3.39s

> node node_modules\@playwright\test\cli.js test --project=chromium --project=firefox
✔ canonical contracts validate and generate the API base path from OpenAPI (67.4779ms)
✔ rejects drift in OpenAPI YAML and operation index projections (102.1116ms)
✔ generated operation registry preserves required and optional query parameter metadata (28.5073ms)
✔ rejects unresolved schema references before generation (46.3565ms)
✔ rejects missing API version and a server URL outside same-origin path form (47.0634ms)
✔ rejects route-to-operation drift without rewriting the canonical manifest (41.4753ms)
✔ detects a stale generated file and accepts it after regeneration (4.2633ms)
{
  "taskId": "FE011",
  "scope": "FRONTEND_WITH_SYNTHETIC_MOCK_API",
  "routes": [
    {
      "id": "R15",
      "path": "/s/:shopId/inventory",
      "permission": "inventory.read",
      "reads": [
        "listStockSnapshots",
        "getShop"
      ],
      "action": {
        "label": "Điều chỉnh tồn",
        "operationId": "createInventoryAdjustment",
        "permission": "inventory.adjust"
      }
    },
    {
      "id": "R16",
      "path": "/s/:shopId/inventory/movements",
      "permission": "inventory.read",
      "reads": [
        "listStockMovements"
      ]
    }
  ],
  "operations": [
    "listStockSnapshots",
    "listStockMovements",
    "createInventoryAdjustment",
    "getShop"
  ],
  "permissionBoundary": "Route reads require inventory.read; adjustment uses inventory.adjust; cost requires finance.read; product and order links are permission-gated.",
  "commandSemantics": "202 CommandResponse; expectedVersion and unitCost are contract-required body properties; the shared client waits for terminal state and handles unknown outcomes.",
  "checks": 17
}
✔ FE011 routes, permissions, operations and DTOs map to canonical contracts and current source (94.897ms)
{
  "taskId": "FE012",
  "scope": "FRONTEND_WITH_SYNTHETIC_MOCK_API",
  "routes": [
    "R17",
    "R18",
    "R19",
    "R43"
  ],
  "operations": [
    "listOrders",
    "getOrder",
    "getShop",
    "listCustomers",
    "listProducts",
    "listConversations",
    "createOrder",
    "updateOrderDraft",
    "quoteOrder",
    "recordCustomerConfirmation",
    "confirmOrder",
    "cancelOrder",
    "listReturnCases",
    "getReturnCase",
    "createReturnCase",
    "inspectReturn",
    "getCommand",
    "handoverShipment",
    "payOrder",
    "refundOrder"
  ],
  "contractEvidence": "OrderDraft carries required IDs and 1..100 lines, integer quantity 1..1000000 and notes up to 2000; confirmation requires quote hash/version and customer message evidence; return inspection is line-scoped.",
  "permissionBoundary": "Customer/product pickers are enabled only with read capability; write actions follow orders.write, orders.confirm, orders.return and inventory.adjust.",
  "limitations": "No address CRUD endpoint is introduced; shippingAddressId remains an external verified ID and mock confirmation is only a demo simulation.",
  "checks": 35
}
✔ FE012 routes, operations, permissions and DTO limits map to canonical contracts and orders source (99.0149ms)
{"taskId":"FE016","scope":"FRONTEND_WITH_SYNTHETIC_MOCK_API","routes":["R05","R06"],"operations":["listConversations","getConversation","listMessages","sendMessage","takeoverConversation","releaseConversation","resolveConversation","assignConversation","listFeedback","createFeedback","reviewFeedback","uploadFile","getFile","listCommands","getCommand","getInboxMetadata"],"knownGap":"Real media provider, antivirus scan, Meta policy and production storage remain outside Frontend/MSW verification.","checks":3}
{"taskId":"FE017","scope":"FRONTEND_WITH_SYNTHETIC_MOCK_API","routes":["R23","R24","R25"],"operations":15,"unresolvedContractField":"Knowledge.allowedActions","checks":4}
{
  "taskId": "FE013",
  "scope": "FRONTEND_WITH_SYNTHETIC_MOCK_API",
  "routes": [
    "R41",
    "R42"
  ],
  "operations": [
    "listPrepJobs",
    "getPrepJob",
    "getWorkItem",
    "claimWorkItem",
    "pickPrepLine",
    "packPrepJob",
    "listShipments",
    "getShipment",
    "createShipment",
    "handoverShipment",
    "recordShipmentEvent"
  ],
  "permissionBoundary": "fulfillment.read gates route data, operations.claim gates WorkItem claim, fulfillment.write gates picks/pack/events/shipment creation, and fulfillment.handover gates stock-consuming handover.",
  "stateBoundary": "Claim/pick/pack/handover/delivery/payment remain separate states; return eligibility continues to come from the order API.",
  "checks": 54
}
✔ FE013 routes, permissions, DTOs and state transitions map to canonical contracts and fulfillment source (138.8903ms)
{"taskId":"FE018","scope":"FRONTEND_WITH_SYNTHETIC_MOCK_API","routes":["R26","R27","R28","R51"],"operations":18,"checks":2,"knownRouteMappingGap":"R51 omits updateBudgetPolicy; UI uses canonical operation permission operations.manage"}
✖ FE014 procurement routes, permissions, DTOs and current source follow canonical contracts (132.6638ms)
✖ FE015 finance routes, capabilities, operations and DTOs follow canonical contracts (153.3283ms)
✔ FE016 maps R05/R06 reads and mutations to canonical permissions and current inbox source (6.8654ms)
✔ FE016 contract bounds list filters, safe message refs and versioned send payloads (10.2449ms)
✔ FE016 uses shell-owned resync and command recovery, and mock takeover enforces current version (9.6975ms)
✔ FE017 R23-R25 operations and action permissions match canonical routes (8.574ms)
✖ FE017 uses the user-approved permission and lifecycle UI substitute without inventing a Knowledge DTO field (12.3131ms)
✔ FE017 price and availability source preview uses separately permissioned canonical APIs (9.0552ms)
✔ FE017 mock keeps published revisions immutable and feedback approval creates a draft revision (10.2322ms)
✔ FE018 R26/R27/R28/R51 actions use canonical routes, operation IDs, and permissions (11.1719ms)
✔ FE018 capability, tool permissions, human confirmation, and evaluation labels stay within declared schemas (10.0734ms)
✖ FE020 source stays mapped to canonical operations, permissions, and safe missing-schedule boundary (13.0589ms)
✔ FE020 mock enforces work-item capabilities and keeps integration readiness unknown (8.5121ms)
✔ CSS label gap accepts the canonical direct pixel constructor and its exact owner/property (974.4974ms)
✔ CSS label gap cannot be used as an unrelated spacing property (962.5817ms)
✔ CSS label gap rejects a raw pixel constructor argument (932.9247ms)
✔ CSS label gap cannot impersonate a role from another owner (918.5583ms)
✔ accepts semantic bridge roles, the closed token-derived factor map, geometry, and reset values (929.1775ms)
✔ rejects a CSS spacing role without a declared shared owner (920.8964ms)
✔ rejects scale-conforming and off-scale literals in sx, responsive leaves, named and namespace MUI System props (931.7338ms)
✔ follows local aliases and style callbacks; rejects theme spacing helpers and preset overrides (932.1728ms)
✔ scans nested slotProps but does not confuse event handlers or geometric dimensions with spacing (926.7922ms)
✔ keeps Panel geometry inspectable and rejects spacing hidden in its geometry prop (2759.8721ms)
✔ accepts only an exact CSS exception and reports stale or mismatched exception scope (2736.6312ms)
✔ rejects malformed TypeScript, malformed CSS, bad exception schema, and raw values in the bridge (3776.9009ms)
✔ rejects canonical pixel tokens used as MUI factors and an altered bridge factor table (1824.0979ms)
✔ report mode inventories migration debt without turning findings into PASS (909.8366ms)
✔ module path classification accepts Windows and POSIX spellings, but excludes app files (5.9179ms)
✔ the source-checker CLI rejects a prohibited color literal in a module (161.1362ms)
✔ the source-checker CLI accepts a token-based module and leaves app-level colors outside the rule (156.9063ms)
✔ uses the installed project compiler and the pinned version in this checkout (106.612ms)
✔ accepts a local compiler whose manifest, module and executable match the project (19.7875ms)
✔ fails closed for missing local compiler without selecting a global fallback (17.0559ms)
✔ fails closed for different installed package version without selecting a global fallback (20.9626ms)
✔ fails closed for module version differs from its manifest without selecting a global fallback (15.0436ms)
✔ fails closed for ancestor compiler silently resolved outside this project without selecting a global fallback (15.2ms)
✔ fails closed for missing compiler executable without selecting a global fallback (16.369ms)
✔ fails closed for unpinned project compiler requirement without selecting a global fallback (16.3418ms)
✔ production composition gate detects const MUI alias and namespace layout role (489.0649ms)
✔ production composition gate closes aliased barrel API props (322.7741ms)
✔ production composition gate does not mistake shadowed local component for shared API (320.133ms)
✔ production composition gate keeps valid canonical barrel consumer (306.0402ms)
✔ production visual gate rejects pretrusted-name spoof and parameter shadow (302.0902ms)
✔ production visual gate rejects a fake canonical module suffix (332.8362ms)
✔ production visual gate inspects renamed genuine styled factory (300.9882ms)
✔ production visual gate preserves canonical barrel aliases and finite palette selection (321.6894ms)
✔ production visual gate rejects raw values hidden in a finite palette (296.8117ms)
✔ production visual gate does not follow a global alias through parameter shadow (319.4697ms)
✔ production composition geometry cannot resolve a shadowed global variable (295.6144ms)
✔ finite semantic prop types do not grant trust to a different same-named parameter (414.5911ms)
✔ opaque namespace composition selection cannot bypass closed props (374.6625ms)
✔ opaque namespace style factory remains a visual binding failure (285.8841ms)
✔ canonical renamed import and constant alias preserve owner and path (285.6582ms)
✔ namespace and literal element access resolve canonical exports (272.8835ms)
✔ barrel re-export resolves original component identity (293.0478ms)
✔ parameter shadow does not inherit canonical import trust (275.1235ms)
✔ fake trusted names and a module named visual are not canonical (317.6381ms)
✔ mutable aliases, opaque keys and cyclic locals are not proven canonical (280.6932ms)
✔ destructured constant and safe type syntax preserve provenance (278.5726ms)
✔ installed MUI renamed styled resolves while local styled does not (285.8033ms)
✔ JavaScript workers remain in the Program import closure (288.036ms)
✔ malformed element access is unproven rather than crashing the resolver (286.5104ms)
✔ a tsconfig alias cannot label another dependency as genuine MUI (303.3451ms)
✔ MUI re-export through a first-party barrel keeps library identity (301.7498ms)
✔ constant property-key aliases preserve canonical element access (294.0737ms)
✔ public layout mapping cannot be written through a direct consumer reference (418.4647ms)
✔ public layout nested aliases remain readonly (398.9999ms)
✔ public visual mapping already rejects consumer writes (222.2105ms)
✔ canonical readonly style maps remain readable by consumers (378.694ms)
✔ canonical token space cannot be overwritten through an alias (121.3575ms)
✔ public color export cannot be overwritten (127.1311ms)
✔ readonly token and color reads retain their public types (131.4057ms)
✔ P10/P15 catch alias and neutral-wrapper duplicate insets through fragments and conditionals (302.6466ms)
✔ P20 resolves shared composition identities through a barrel and const component aliases (402.4777ms)
✔ P11/P13 catch static element access roles on every MUI surface, including Paper (314.7209ms)
✔ P12 checks React createElement and JSX-runtime element factories (288.3574ms)
✔ P14 resolves bodyMode literal aliases and fails closed when ownership is unknown (836.0873ms)
✔ checks Panel ancestry when React elements are created natively (292.4301ms)
✔ keeps independent nested surfaces and portaled dialogs as separate owners (564.3514ms)
✔ accepts finite bodyMode branches and every mode in the public component contracts (978.3153ms)
✔ stops inherited gap ownership at Panels and independent bordered surfaces (544.2687ms)
✔ tracks gaps through fragments, conditions and ready QueryState, but not inside DOM wrappers (406.4297ms)
✔ applies the same finite modes and wrapper boundaries to native React factories (674.3097ms)
✔ recognizes native outlined Paper and nested Box surface inset boundaries (571.4956ms)
✔ fails closed when an unresolved custom wrapper obscures a semantic gap owner (381.5392ms)
✔ rejects unsupported placement and rhythm values while accepting finite aliases and branches (557.9937ms)
✔ rejects unsupported finite values through React element factories (541.1681ms)
✔ accepts semantic composition, closed geometry and business-specific MUI primitives (9.8346ms)
✔ rejects rebuilding each shared spacing owner at a consumer (8.4264ms)
✔ follows aliases, local style variables, object spreads and namespace imports (7.7774ms)
✔ rejects direct and spread spacing overrides on semantic components (8.2964ms)
✔ rejects spacing or opaque spreads hidden in geometry (7.5527ms)
✔ allows the canonical owner implementation and fails closed on malformed source (7.5336ms)
✔ rejects duplicated parent boundary and duplicated Panel inset (8.8166ms)
✔ checks default MUI imports and fails closed for opaque geometry (7.5563ms)
✔ distinguishes content grids from flex flows when reporting the shared owner (8.5259ms)
✔ rejects page spacing for paired fields and peer Panels without a section gap owner (12.6543ms)
✔ related sibling gaps belong to ActionGroup comfortable density, not consumer Stack styles (9.3532ms)
✔ density profiles are finite and new spacing paths retain the shared owner (10.8481ms)
✔ check-layout rejects missing-html at the UI entry boundary (614.6819ms)
✔ check-layout rejects missing-style at the UI entry boundary (629.584ms)
✔ check-layout rejects inline-style at the UI entry boundary (680.5655ms)
✔ check-layout rejects alias-mismatch at the UI entry boundary (736.5737ms)
✔ check-visual-tokens rejects missing-html at the UI entry boundary (595.8374ms)
✔ check-visual-tokens rejects missing-style at the UI entry boundary (614.4573ms)
✔ check-visual-tokens rejects inline-style at the UI entry boundary (614.0053ms)
✔ check-visual-tokens rejects alias-mismatch at the UI entry boundary (608.3251ms)
✔ check-ui-composition rejects missing-html at the UI entry boundary (595.4025ms)
✔ check-ui-composition rejects missing-style at the UI entry boundary (654.9772ms)
✔ check-ui-composition rejects inline-style at the UI entry boundary (603.1225ms)
✔ check-ui-composition rejects alias-mismatch at the UI entry boundary (609.0845ms)
✔ DOM entry inspection never executes an inline script and detects decoded attributes (256.1531ms)
✔ manifest icons are resolved and malformed manifest data fails closed (21.8974ms)
✔ data and remote module sources cannot stand in for a scanned script entry (17.3571ms)
✔ an unused alias map cannot prove the exported Vite configuration (13.262ms)
✔ a Vite HTML generator cannot inject an unscanned stylesheet through a hook (15.9688ms)
✔ accepts current fingerprints, honest open coverage, and explained N/A (13.0911ms)
✔ rejects a stale source fingerprint (10.2777ms)
✔ rejects a stale command log (11.29ms)
✔ rejects missing, absolute, and escaping source paths (10.9304ms)
✔ rejects unrun, missing, duplicate, and nonzero command results marked PASS (11.6785ms)
✔ rejects PASS when expected and observed results differ (10.9371ms)
✔ rejects inconsistent coverage and N/A without a reason (11.8889ms)
✔ rejects a baseline falsely dated after implementation started and detects changed baseline artifacts (13.8603ms)
✔ COMPLETE cannot contain open coverage or failed commands (11.9327ms)
✔ S19 must explicitly reconcile files, APIs, routes, rendered routes, slots, and states (13.8954ms)
✔ rejects malformed top-level evidence instead of treating missing fields as success (9.7347ms)
✔ check-layout fails closed for relative missing import (597.4925ms)
✔ check-layout fails closed for aliased missing import (600.1195ms)
✔ check-layout fails closed for missing CSS import (597.3669ms)
✔ check-layout fails closed for opaque dynamic import (616.1918ms)
✔ check-visual-tokens fails closed for relative missing import (578.3612ms)
✔ check-visual-tokens fails closed for aliased missing import (599.2952ms)
✔ check-visual-tokens fails closed for missing CSS import (591.7491ms)
✔ check-visual-tokens fails closed for opaque dynamic import (593.8514ms)
✔ check-ui-composition fails closed for relative missing import (654.1102ms)
✔ check-ui-composition fails closed for aliased missing import (615.6648ms)
✔ check-ui-composition fails closed for missing CSS import (581.2556ms)
✔ check-ui-composition fails closed for opaque dynamic import (587.37ms)
✔ scope follows a canonical package alias and classifies data assets separately (21.9245ms)
✔ scope follows CSS imports and rejects a missing nested stylesheet (17.1516ms)
✔ missing and malformed tsconfig cannot silently supply default resolution (9.4045ms)
✔ scope rejects discovered script sources omitted by the compiler config (16.7068ms)
✔ config includes are discovered even when a package source has no app import yet (19.3734ms)
✔ a first-party import cannot silently claim source outside the project (18.3694ms)
✔ malformed CSS and unhandled stylesheet languages cannot be classified as harmless data (20.0108ms)
✔ CSS asset URLs resolve with queries and fragments and reject missing files (34.9833ms)
✔ native service worker scripts enter the source closure and missing URLs fail (41.0477ms)
✔ Vite BASE_URL sample downloads enter asset coverage and missing samples fail (28.839ms)
✔ a declared MSW worker has a vendor owner and rejects modifications (43.9627ms)
✔ CommonJS and TypeScript import-equals cannot hide missing first-party modules (38.7332ms)
✔ canonical writes through casts and aliases fail outside style expressions (944.018ms)
✔ Object.assign cannot mutate canonical data but can copy to a fresh object (1852.0098ms)
✔ layout gate rejects raw spacing on const alias of MUI component (938.6759ms)
✔ canonical mutation gate follows global mutator aliases and reflection (921.9009ms)
✔ local mutator names do not acquire global mutation identity (948.4677ms)
✔ destructured mutators and call/apply retain canonical mutation checks (993.8383ms)
✔ global mutator call/apply can copy canonical values into fresh objects (982.7811ms)
✔ mutable aliases with possible canonical destinations fail closed (985.9224ms)
✔ opaque apply arguments fail closed while unrelated mutable data stays valid (1948.4148ms)
✔ canonical references inside containers and destructured aliases cannot be mutated (993.3513ms)
✔ independent shallow copies of scalar canonical fields remain mutable (965.0281ms)
✔ array references and nested destructuring preserve canonical write provenance (968.8067ms)
✔ array destinations distinguish independent elements from canonical references (1247.0435ms)
✔ array destructuring, dynamic indices and spread cannot hide canonical references (1270.6238ms)
✔ dynamic indices and destructuring of independent arrays stay mutable (962.2292ms)
✔ function parameters cannot hide canonical mutation across source files (991.2571ms)
✔ read-only helpers and mutations of unrelated arguments remain valid (1016.7094ms)
✔ returned canonical references remain protected across helper boundaries (1009.1684ms)
✔ helper returns of fresh scalar copies do not retain canonical destination identity (974.0519ms)
✔ destructured object parameters cannot mutate canonical arguments (965.4231ms)
✔ destructured object parameters retain independent argument mutability (963.053ms)
✔ default parameter and binding initializers cannot hide canonical mutations (998.837ms)
✔ fresh default parameter and binding copies remain mutable (1352.156ms)
✔ rest parameters retain canonical argument write provenance (984.2881ms)
✔ rest parameters distinguish independent positions from canonical siblings (994.3619ms)
✔ finite spread arguments preserve shifted positional and rest destinations (976.3869ms)
✔ finite spread expansion keeps independent argument positions mutable (951.3022ms)
✔ opaque spreads keep positional mutation destinations unknown (1020.2219ms)
✔ opaque spreads into read-only helpers do not invent mutation findings (999.3077ms)
✔ array parameter patterns retain canonical positions including nested object arrays (939.4979ms)
✔ array parameter patterns retain independent bound element mutability (936.2653ms)
✔ layout gate rejects parameter shadow of canonical layout name (939.6803ms)
✔ layout gate follows genuine renamed styled factory (927.5611ms)
✔ layout gate accepts canonical namespace, element access and barrel alias (1304.3686ms)
✔ layout gate does not mistake local component named Stack for MUI (929.5854ms)
✔ layout gate inspects renamed installed Emotion css tag (922.7225ms)
✔ layout gate preserves genuine aliased Controller field forwarding (974.1856ms)
✔ a same-named local Controller cannot exempt an unknown prop spread (929.9878ms)
✔ genuine useForm registration survives property and destructured aliases (929.7136ms)
✔ a function named register cannot exempt injected style props (974.1855ms)
✔ a bridge callback parameter cannot impersonate its private factor binding (933.1642ms)
✔ opaque namespace component selection remains a strict binding failure (969.7989ms)
✔ opaque namespace factory cannot hide style arguments (927.0611ms)
✔ MUI re-export cannot hide raw spacing behind a first-party barrel (911.6393ms)
✔ destructuring assignments cannot hide canonical write targets (1319.1002ms)
✔ destructuring assignments can update independent copied destinations (942.4413ms)
✔ object rest retains nested canonical references while copying the outer object (930.9419ms)
✔ rest scalar copies and replacement of container references stay mutable (933.0664ms)
✔ shallow object spread preserves canonical child references and last-writer order (931.575ms)
✔ shallow spread with a later independent override stays mutable (925.5233ms)
✔ exported mutable aliases retain assignments from their declaring file (1201.2935ms)
✔ exported independent mutable data does not acquire canonical provenance (926.8878ms)
✔ literal computed keys retain canonical container and parameter provenance (945.0155ms)
✔ literal computed keys do not taint independent selected properties (942.019ms)
✔ Object.assign shallow copies retain canonical nested reference provenance (962.4711ms)
✔ Object.assign later independent overrides and scalar copies stay mutable (1274.2383ms)
✔ union and dynamic property selections retain possible canonical destinations (938.2557ms)
✔ finite union property selections exclude canonical siblings not in the key set (927.4761ms)
✔ union selection over Object.assign output retains canonical child provenance (963.1925ms)
✔ union selection over independent Object.assign output remains mutable (936.6228ms)
✔ Reflect.set call/apply checks the target argument rather than the assigned value (2788.2955ms)
✔ aliased React createElement checks MUI and native style objects (928.8412ms)
✔ GlobalStyles.styles is checked and local createElement names stay local (1838.8038ms)
✔ React JSX runtime factories cannot bypass MUI or native style checks (936.3904ms)
✔ React cloneElement checks the cloned MUI element and preserves native props (3713.9401ms)
✔ Emotion css props and object factories are inspected with native CSS semantics (2781.6095ms)
✔ Inline style elements in JSX, React factories, DOM and the HTML entry fail closed (7398.3717ms)
✔ DOM CSSOM spacing writes use semantic roles and reject opaque style strings (1865.052ms)
✔ HTML parsing and runtime stylesheet mutation cannot bypass the imported CSS boundary (1824.4036ms)
✔ spacing shorthand values and responsive breakpoints preserve token and unit provenance (9362.7911ms)
✔ function return producers cannot hide canonical children behind spreads (919.622ms)
✔ producer spreads keep later independent child overrides writable (1048.0924ms)
✔ Amount consumers declare wrapping outside DataTable columns and keep table money unbroken (52.6952ms)
✔ the shared catalog covers every public React component and supporting Column type (32.9897ms)
✔ SPC-067 covers discovered public Shared APIs without a fixed export count (8.612ms)
✔ every public React API has a direct rendered contract test (7.4456ms)
✔ catalog declaration lines and stated JSX counts match resolved source symbols (96.5224ms)
✔ every shared React export has a resolved production consumer or an explicit zero-use lifecycle decision (60.443ms)
✔ required UI evidence and regression gates remain wired to root verify and the active parent workflow (7.923ms)
✔ composition prop allowlists match the TypeScript owners exactly (6.358ms)
✔ QueryState uses only the approved inline and section pending profiles (8.2828ms)
✔ QueryState consumers reserve section loading for primary content and keep every other state inline by default (49.2502ms)
✔ body modes, placement roles and geometry keys match the TypeScript contracts (16.9752ms)
✔ Panel geometry and DataTable columns remain closed public contracts (11.3518ms)
✔ shared component and composition props expose no arbitrary layout/style escape hatch (6.8207ms)
✔ layout role types, runtime values, consumers and ownership documentation stay closed (2489.3421ms)
✔ check-layout rejects missing source instead of returning an empty PASS (403.5528ms)
✔ check-layout rejects empty source instead of returning an empty PASS (398.6485ms)
✔ check-layout rejects generated-only source instead of returning an empty PASS (397.8465ms)
✔ check-layout rejects jsx-parse source instead of returning an empty PASS (407.7588ms)
✔ check-visual-tokens rejects missing source instead of returning an empty PASS (401.2819ms)
✔ check-visual-tokens rejects empty source instead of returning an empty PASS (401.4908ms)
✔ check-visual-tokens rejects generated-only source instead of returning an empty PASS (404.8159ms)
✔ check-visual-tokens rejects jsx-parse source instead of returning an empty PASS (441.218ms)
✔ check-ui-composition rejects missing source instead of returning an empty PASS (395.8639ms)
✔ check-ui-composition rejects empty source instead of returning an empty PASS (401.8261ms)
✔ check-ui-composition rejects generated-only source instead of returning an empty PASS (388.1143ms)
✔ check-ui-composition rejects jsx-parse source instead of returning an empty PASS (398.3052ms)
confirmation consumers: 28
✔ UX03 every production confirmation identifies its object and uses an explicit business verb (43.7841ms)
✔ visual checker accepts canonical theme roles, token references, geometry and semantic responsive props (295.1878ms)
✔ visual checker rejects raw literals across sx, JSX system props and CSS declarations (279.2645ms)
✔ visual checker follows local style aliases and callback themes, but fails raw nested values (281.6761ms)
✔ visual checker reports unresolved spreads and malformed style sources as UNKNOWN or parse errors (269.2521ms)
✔ visual checker includes newly added TSX files under the source root (283.7596ms)

Running 692 tests using 1 worker

(node:91852) Warning: The 'NO_COLOR' env is ignored due to the 'FORCE_COLOR' env being set.
(Use `node --trace-warnings ...` to show where the warning was created)
  x    1 [chromium] › tests\accessibility\routes.spec.ts:17:1 › all canonical routes pass whole-page WCAG 2.1 A/AA axe checks in the React demo (1.1m)
(node:82440) Warning: The 'NO_COLOR' env is ignored due to the 'FORCE_COLOR' env being set.
(Use `node --trace-warnings ...` to show where the warning was created)
[artifact-preview] {"scope":"FRONTEND_WITH_SYNTHETIC_MOCK_API","artifact":"apps/web/dist-demo","browserMetrics":{"browser":"Mozilla/5.0 (Windows NT 10.0; Win64; x64) AppleWebKit/537.36 (KHTML, like Gecko) Chrome/153.0.8010.12 Safari/537.36","viewport":{"width":1280,"height":720},"route":"/s/shop-demo/overview","domContentLoadedMs":70,"loadEventMs":70,"scriptCount":11,"scriptTransferBytes":482220,"scriptAssets":[{"file":"index-ENd9aFBo.js","transferBytes":33619,"decodedBytes":105226,"durationMs":9},{"file":"react-runtime-gLMyUIL2.js","transferBytes":90583,"decodedBytes":279787,"durationMs":14},{"file":"query-Df7VyXaF.js","transferBytes":10222,"decodedBytes":33154,"durationMs":8},{"file":"i18n-D4N_7Z3Q.js","transferBytes":15416,"decodedBytes":46142,"durationMs":12},{"file":"contract-data-CJyvN5AM.js","transferBytes":44731,"decodedBytes":375469,"durationMs":12},{"file":"schema-validation-B78jEm7B.js","transferBytes":45420,"decodedBytes":149800,"durationMs":13},{"file":"mui-CUCPJGs1.js","transferBytes":100504,"decodedBytes":328773,"durationMs":14},{"file":"browser-CIVqIDo4.js","transferBytes":87319,"decodedBytes":255636,"durationMs":9},{"file":"service-BW0iUZV7.js","transferBytes":54406,"decodedBytes":233197,"durationMs":7},{"file":"index-WPBy7D8a.js","transferBytes":0,"decodedBytes":9416,"durationMs":49},{"file":"hooks-DwuzOMbO.js","transferBytes":0,"decodedBytes":4585,"durationMs":53}]},"bundles":{"javascriptFiles":32,"totalBytes":2616798,"totalGzipBytes":735738,"initialRouteGzipBytes":485403,"proposedBudgets":{"initialRouteGzipKiB":500,"largestChunkGzipKiB":200,"basis":"Local demo preview limits for the measured Chromium artifact; not a backend or platform SLO."},"largest":[{"file":"apps/web/dist-demo/assets/contract-data-CJyvN5AM.js","bytes":375469,"gzipBytes":44431},{"file":"apps/web/dist-demo/assets/mui-CUCPJGs1.js","bytes":328773,"gzipBytes":100204},{"file":"apps/web/dist-demo/assets/charts-B_cZ5ZyS.js","bytes":320226,"gzipBytes":96780},{"file":"apps/web/dist-demo/assets/react-runtime-gLMyUIL2.js","bytes":279787,"gzipBytes":90283},{"file":"apps/web/dist-demo/assets/browser-CIVqIDo4.js","bytes":255636,"gzipBytes":87019}]},"observedApi":{"path":"/api/v2/session","status":200,"servedBy":"MSW in the built demo artifact"},"dataSource":"synthetic-msw"}
  ok   2 [chromium] › tests\artifacts\demo-preview.spec.ts:40:1 › the built demo artifact serves the React UI and synthetic API through preview (927ms)
  x    3 [chromium] › tests\artifacts\demo-preview.spec.ts:104:1 › a thousand synthetic customers remain API-paginated in the built demo artifact (2.4s)
(node:86620) Warning: The 'NO_COLOR' env is ignored due to the 'FORCE_COLOR' env being set.
(Use `node --trace-warnings ...` to show where the warning was created)
  ok   4 [chromium] › tests\artifacts\demo-preview.spec.ts:143:1 › the production artifact contains neither the mock worker asset nor MSW fixtures/runtime (56ms)
  ok   5 [chromium] › tests\fe009.spec.ts:37:1 › workspace onboarding creates a shop with an active membership and returns to its scoped route (4.3s)
  ok   6 [chromium] › tests\fe009.spec.ts:59:1 › customer create validates fields, submits through mock HTTP, and preserves edits after a stale version (4.7s)
  ok   7 [chromium] › tests\fe009.spec.ts:127:1 › customer detail keeps redacted contact fields read-only and does not overwrite them on save (1.5s)
  ok   8 [chromium] › tests\fe009.spec.ts:144:1 › job detail follows an export created in the current synthetic shop and can refetch it (1.6s)
  ok   9 [chromium] › tests\fe009.spec.ts:179:1 › FE009.G01 shop setup checklist guides to supported pages and leaves missing contract fields unverified (1.2s)
  ok  10 [chromium] › tests\fe009.spec.ts:192:1 › FE009.G05 consent management persists challenges without granting consent before customer action (1.5s)
  ok  11 [chromium] › tests\fe009.spec.ts:202:1 › FE009.H06 audit screen distinguishes available fields from missing contract detail (1.2s)
  x   12 [chromium] › tests\fe009.spec.ts:211:1 › FE009.B06 after-sale cases only link orders loaded for the selected customer and customer profile shows their shipment (3.0m)
(node:60828) Warning: The 'NO_COLOR' env is ignored due to the 'FORCE_COLOR' env being set.
(Use `node --trace-warnings ...` to show where the warning was created)
  x   13 [chromium] › tests\fe009.spec.ts:243:1 › team invitation and membership revoke stay shop-scoped and protect the active owner (6.3s)
(node:80716) Warning: The 'NO_COLOR' env is ignored due to the 'FORCE_COLOR' env being set.
(Use `node --trace-warnings ...` to show where the warning was created)
  ok  14 [chromium] › tests\fe009.spec.ts:279:1 › privacy delete requests remain pending approval with no frontend step-up shortcut (3.8s)
  ok  15 [chromium] › tests\fe010.spec.ts:40:1 › product editor validates positive prices, protects image-only drafts, and saves variant payload through mock HTTP (4.9s)
  ok  16 [chromium] › tests\fe010.spec.ts:110:1 › product update sends If-Match and keeps edits visible after a 412 conflict (2.6s)
  ok  17 [chromium] › tests\fe010.spec.ts:142:1 › warehouse role can read catalog products but cannot edit product fields or price cost data (1.2s)
  ok  18 [chromium] › tests\fe010.spec.ts:151:1 › categories create, search, update with a version, and render cursor pagination (2.2s)
  x   19 [chromium] › tests\fe010.spec.ts:180:1 › CSV preview reports row-level errors and commits only valid product rows (3.0m)
(node:56680) Warning: The 'NO_COLOR' env is ignored due to the 'FORCE_COLOR' env being set.
(Use `node --trace-warnings ...` to show where the warning was created)
  x   20 [chromium] › tests\fe010.spec.ts:252:1 › import validation token is rejected with 412 after catalog changes and the preview remains visible (3.0m)
(node:66704) Warning: The 'NO_COLOR' env is ignored due to the 'FORCE_COLOR' env being set.
(Use `node --trace-warnings ...` to show where the warning was created)
  ok  21 [chromium] › tests\fe010.spec.ts:284:1 › CSV demo row limit is explained and rejects more than 1000 data rows before preview (2.4s)
  ok  22 [chromium] › tests\fe010.spec.ts:297:1 › demo upload rejects files over 5 MB before making an upload request (1.6s)
UI005 acceptance: {"categoryTotal":105,"createCategoryId":"cat-2","editCategoryId":"cat-0","categoryRequests":20}
  ok  23 [chromium] › tests\fe010.spec.ts:308:1 › product category lookup pages the full collection and preserves the selected category while editing (11.4s)
  ok  24 [chromium] › tests\fe011.spec.ts:37:1 › FE011.AC01 snapshot drives stock totals and the SKU opens its catalog result (2.0s)
  ok  25 [chromium] › tests\fe011.spec.ts:56:1 › FE011.AC02 adjustment validates, waits for mock confirmation, and reconciles movement history once (4.5s)
  x   26 [chromium] › tests\fe011.spec.ts:95:1 › FE011.AC03 conflict and insufficient stock preserve the draft and never update optimistically (7.2s)
(node:56708) Warning: The 'NO_COLOR' env is ignored due to the 'FORCE_COLOR' env being set.
(Use `node --trace-warnings ...` to show where the warning was created)
  ok  27 [chromium] › tests\fe011.spec.ts:123:1 › FE011.AC03 forbidden adjustment retains user input and shows no success state (3.0s)
  ok  28 [chromium] › tests\fe011.spec.ts:139:1 › FE011.AC03 unknown command blocks duplicate submission until shared recovery reconciles it (2.3s)
  ok  29 [chromium] › tests\fe011.spec.ts:157:1 › FE011.AC04 movement contract filters are URL-backed and history exposes actor and permission-gated source (2.0s)
  ok  30 [chromium] › tests\fe011.spec.ts:185:1 › FE011.AC05 inventory reflows at mobile widths, passes axe, and restores keyboard focus after adjustment dialog (2.0s)
  ok  31 [chromium] › tests\fe011.spec.ts:208:1 › FE011.AC03 unknown shop scope shows no stock from another shop (402ms)
  ok  32 [chromium] › tests\fe012.spec.ts:37:1 › FE012.AC01 searchable customer and product pickers submit contract-shaped draft and reject fractional quantity (5.0s)
  ok  33 [chromium] › tests\fe012.spec.ts:95:1 › FE012 canonical customer address choice completes the mock order flow with a versioned snapshot (5.3s)
  ok  34 [chromium] › tests\fe012.spec.ts:124:1 › FE012.AC01 editing lines invalidates quote and customer consent; a new quote is required before confirmation (4.8s)
  ok  35 [chromium] › tests\fe012.spec.ts:184:1 › FE012.AC03 mock stale-version 412 preserves draft fields and does not show success (1.9s)
  ok  36 [chromium] › tests\fe012.spec.ts:201:1 › FE012.AC03 offline state blocks quote mutation while retaining the loaded draft (1.3s)
  ok  37 [chromium] › tests\fe012.spec.ts:213:1 › FE012.AC03 unknown confirm outcome blocks duplicate writes until shared command recovery is available (2.7s)
  ok  38 [chromium] › tests\fe012.spec.ts:259:1 › FE012.AC03 quote and customer confirmation expiration disable confirmation using API time (2.8s)
  ok  39 [chromium] › tests\fe012.spec.ts:279:1 › FE012.AC03 returns reject fractional/over-original quantities locally and preserve data on cumulative mock rejection (1.7s)
  ok  40 [chromium] › tests\fe012.spec.ts:303:1 › FE012.AC04 return inspection loads the current case and applies accepted partial quantity to mock stock and refund (3.0s)
  ok  41 [chromium] › tests\fe012.spec.ts:356:1 › FE012.AC03 handed-over order routes to returns and exposes no ordinary cancel action (1.2s)
  ok  42 [chromium] › tests\fe012.spec.ts:363:1 › FE012.AC05 order drafting remains usable without horizontal page overflow and passes focused axe checks (1.6s)
  x   43 [chromium] › tests\fe013.spec.ts:42:1 › FE013.C04 shipping preview distinguishes missing address, unserviceable zone, and expired mock quote (6.9s)
(node:96908) Warning: The 'NO_COLOR' env is ignored due to the 'FORCE_COLOR' env being set.
(Use `node --trace-warnings ...` to show where the warning was created)
  x   44 [chromium] › tests\fe013.spec.ts:67:1 › FE013.AC01–AC04 stale claim conflict is visible; pick, pack, dispatch and delivery use current API versions once (8.8s)
(node:8920) Warning: The 'NO_COLOR' env is ignored due to the 'FORCE_COLOR' env being set.
(Use `node --trace-warnings ...` to show where the warning was created)
  ok  45 [chromium] › tests\fe013.spec.ts:205:1 › FE013.AC03 unknown handover cannot be repeated before command reconciliation (5.8s)
  ok  46 [chromium] › tests\fe013.spec.ts:252:1 › FE013.AC01 role scope and FE013.AC05 responsive shipment/preparation views remain accessible (3.2s)
  ok  47 [chromium] › tests\fe014.spec.ts:27:1 › FE014.AC01 multi-line purchase validates MOQ/pack size and binds approval to the created intent (4.0s)
  ok  48 [chromium] › tests\fe014.spec.ts:79:1 › FE027.D02 supplier workspace edits the selected contact through its current version and displays MOQ offers (1.8s)
  ok  49 [chromium] › tests\fe014.spec.ts:97:1 › FE014.AC02 approval covers the exact purchase intent; unknown send is blocked from blind retry (5.4s)
  ok  50 [chromium] › tests\fe014.spec.ts:156:1 › FE014.S03 auto-send requires an active matching purchase delegation (3.2s)
  ok  51 [chromium] › tests\fe014.spec.ts:170:1 › FE014.S04 owner manages a paused purchase delegation only after rechecking the buyer role (5.6s)
  x   52 [chromium] › tests\fe014.spec.ts:217:1 › FE014.S03 manager without procurement.receive cannot open receipt actions (3.0m)
(node:8720) Warning: The 'NO_COLOR' env is ignored due to the 'FORCE_COLOR' env being set.
(Use `node --trace-warnings ...` to show where the warning was created)
  x   53 [chromium] › tests\fe014.spec.ts:237:1 › FE014.AC03 partial receipt posts only accepted units to synthetic stock and payable once (3.0m)
(node:96980) Warning: The 'NO_COLOR' env is ignored due to the 'FORCE_COLOR' env being set.
(Use `node --trace-warnings ...` to show where the warning was created)
  x   54 [chromium] › tests\fe014.spec.ts:308:1 › FE014.D03/D04/D07 replenishment uses min-max rules, labels forecast limits, and blocks duplicate proposals (2.7s)
(node:45912) Warning: The 'NO_COLOR' env is ignored due to the 'FORCE_COLOR' env being set.
(Use `node --trace-warnings ...` to show where the warning was created)
  ok  55 [chromium] › tests\fe015.spec.ts:56:1 › FE015.AC01 report filters use exact timezone boundaries and mock API aggregates (2.7s)
  ok  56 [chromium] › tests\fe015.spec.ts:106:1 › FE021.E08 report explanation is mock-only, cites the filtered P&L snapshot, and never writes finance data (1.3s)
  ok  57 [chromium] › tests\fe015.spec.ts:127:1 › UI003 report timestamps follow the active shop timezone (3.4s)
  ok  58 [chromium] › tests\fe015.spec.ts:184:1 › FE015.E02/E03 profit report renders canonical cost, gross-profit and operating-expense values (908ms)
  ok  59 [chromium] › tests\fe015.spec.ts:212:1 › FE015.AC02 journal rejects unbalanced decimal lines before POST and sends exact money strings (4.3s)
  x   60 [chromium] › tests\fe015.spec.ts:247:1 › FE015.AC02 closed accounting period is visible and disables journal draft creation (6.2s)
(node:86000) Warning: The 'NO_COLOR' env is ignored due to the 'FORCE_COLOR' env being set.
(Use `node --trace-warnings ...` to show where the warning was created)
  ok  61 [chromium] › tests\fe015.spec.ts:271:1 › FE015.AC03 CSV import keeps partial row failures visible and deduplicates external transactions (4.6s)
  ok  62 [chromium] › tests\fe015.spec.ts:294:1 › UI001 reconciliation cursors stay scoped and dialogs load choices beyond the visible table page (12.0s)
  ok  63 [chromium] › tests\fe015.spec.ts:421:1 › FE015.AC03 COD settlement matches net remittance plus documented fee (5.2s)
  ok  64 [chromium] › tests\fe015.spec.ts:456:1 › FE015.AC03 partial bank allocation leaves the remaining amount and debt visible (3.6s)
  ok  65 [chromium] › tests\fe015.spec.ts:482:1 › FE015.AC03 unknown journal posting is not resent from the same draft (5.4s)
  ok  66 [chromium] › tests\fe016.spec.ts:70:1 › UI015 mobile demo tools disclose by keyboard and inbox stays within narrow viewports (1.5s)
  ok  67 [chromium] › tests\fe016.spec.ts:103:1 › FE016 conversation keeps its composer visible while long demo context scrolls independently (1.5s)
  ok  68 [chromium] › tests\fe016.spec.ts:210:1 › FE016.AC01 inbox filters call canonical query fields and remain bookmarked through conversation details (2.2s)
  ok  69 [chromium] › tests\fe016.spec.ts:238:1 › Shared consolidation Inbox preserves selected filters and composer draft through metadata pending error empty and recovery (2.1s)
  ok  70 [chromium] › tests\fe016.spec.ts:298:1 › FE016.AC01 list cursor is isolated from message cursor and restored on back navigation (1.0s)
  ok  71 [chromium] › tests\fe016.spec.ts:317:1 › UI002 inbox list and message cursors stay independent through paging, conversation switch and shop change (2.9s)
  ok  72 [chromium] › tests\fe016.spec.ts:406:1 › UI002 mobile keeps the list page while messages page and Back restores it (2.4s)
  ok  73 [chromium] › tests\fe016.spec.ts:450:1 › UI002 Inbox search resets only the list cursor while a message page is open (2.0s)
  ok  74 [chromium] › tests\fe016.spec.ts:507:1 › UI002 deep link, refresh and mobile Back preserve their own cursors (1.7s)
  ok  75 [chromium] › tests\fe016.spec.ts:561:1 › UI002 list and message panel errors remain isolated (5.2s)
  ok  76 [chromium] › tests\fe016.spec.ts:585:1 › UI002 send, invalidation and resync keep both cursors and send only once (2.1s)
  x   77 [chromium] › tests\fe016.spec.ts:645:1 › FE016.AC01 takeover and reply use current versions and show API send state without claiming delivery (7.0s)
(node:67428) Warning: The 'NO_COLOR' env is ignored due to the 'FORCE_COLOR' env being set.
(Use `node --trace-warnings ...` to show where the warning was created)
  x   78 [chromium] › tests\fe016.spec.ts:672:1 › FE016.AC02 internal notes render HTML-like text inert and feedback creates only a review draft (8.0s)
(node:49392) Warning: The 'NO_COLOR' env is ignored due to the 'FORCE_COLOR' env being set.
(Use `node --trace-warnings ...` to show where the warning was created)
  ok  79 [chromium] › tests\fe016.spec.ts:703:1 › FE016.AC03 unknown send keeps the reply draft, exposes command recovery and never blindly resends (2.3s)
  x   80 [chromium] › tests\fe016.spec.ts:726:1 › FE016.AC04 role without customer/order permissions cannot open those cross-module references (6.0s)
(node:45040) Warning: The 'NO_COLOR' env is ignored due to the 'FORCE_COLOR' env being set.
(Use `node --trace-warnings ...` to show where the warning was created)
  ok  81 [chromium] › tests\fe016.spec.ts:737:1 › FE016.S03 stale takeover preserves reason and reports the version conflict (3.1s)
  ok  82 [chromium] › tests\fe016.spec.ts:753:1 › FE016.B05 cross-sell promotion preview shows sample rules without applying a discount (1.2s)
  ok  83 [chromium] › tests\fe016.spec.ts:767:1 › FE016.B08 capability-driven image, voice and document media upload and send by scoped file IDs (2.4s)
  ok  84 [chromium] › tests\fe016.spec.ts:833:1 › FE016.B09 pending media send preserves newer text and blocks blind retry after unknown outcome (5.0s)
  ok  85 [chromium] › tests\fe016.spec.ts:877:1 › FE016.B10 a channel without an explicit media policy keeps text composer and denies attachments (1.2s)
  ok  86 [chromium] › tests\fe016.spec.ts:889:1 › FE027.B01 industry sales script preview asks for missing facts and stays a local draft (1.5s)
  ok  87 [chromium] › tests\fe016.spec.ts:905:1 › FE027.B02 inbox price and available stock preview uses current canonical mock reads (998ms)
  ok  88 [chromium] › tests\fe016.spec.ts:926:1 › FE027.B03 order capture links the active customer and conversation into the manual order form (1.6s)
  ok  89 [chromium] › tests\fe016.spec.ts:936:1 › FE027.B04 automatic order confirmation stays unavailable until policy and customer evidence exist (1.2s)
  ok  90 [chromium] › tests\fe017-validation.spec.ts:15:1 › FE017 synthetic 422 keeps the knowledge draft fields and shows field errors (2.0s)
  ok  91 [chromium] › tests\fe017.spec.ts:26:1 › FE017.AC01 demo publishing uses the approved permission and lifecycle substitute without an API allowedActions field (3.9s)
  ok  92 [chromium] › tests\fe017.spec.ts:117:1 › FE017.AC02 knowledge file upload sends canonical purpose and detail reads processing status (2.0s)
  ok  93 [chromium] › tests\fe017.spec.ts:156:1 › FE017 price and stock source preview uses canonical product and timestamped inventory APIs (900ms)
  ok  94 [chromium] › tests\fe017.spec.ts:189:1 › FE017.AC03 missing content, unsupported and oversized files keep creation unavailable (1.8s)
  ok  95 [chromium] › tests\fe017.spec.ts:211:1 › FE017.AC04 feedback approval creates inert draft content and its first revision only (2.7s)
  x   96 [chromium] › tests\fe017.spec.ts:244:1 › FE017.AC05 manager sees knowledge read-only and synthetic API rejects purpose-specific upload and publish (6.0s)
(node:95204) Warning: The 'NO_COLOR' env is ignored due to the 'FORCE_COLOR' env being set.
(Use `node --trace-warnings ...` to show where the warning was created)
  ok  97 [chromium] › tests\fe017.spec.ts:265:1 › FE017.AC06 stale review preserves the reason and explains the conflict (3.2s)
  ok  98 [chromium] › tests\fe017.spec.ts:280:1 › FE027.G02 product content brief edits source, size, warranty, alternatives, and forbidden claims locally (1.3s)
  ok  99 [chromium] › tests\fe017.spec.ts:298:1 › FE027.G03 policy revisions keep the published snapshot immutable when a draft changes (1.1s)
  ok 100 [chromium] › tests\fe018.spec.ts:130:1 › FE018.S01 maps routes and operations to the canonical OpenAPI permissions (446ms)
  x  101 [chromium] › tests\fe018.spec.ts:147:1 › FE018.AC01/04 draft saves use the contract version and keep human order confirmation locked after a conflict (6.3s)
(node:95316) Warning: The 'NO_COLOR' env is ignored due to the 'FORCE_COLOR' env being set.
(Use `node --trace-warnings ...` to show where the warning was created)
  ok 102 [chromium] › tests\fe018.spec.ts:178:1 › FE018.AC03 evaluation is synthetic, revision-bound, and cannot publish a stale draft (4.1s)
  ok 103 [chromium] › tests\fe018.spec.ts:202:1 › FE018.AC01/04 successful publish is tied to the tested revision and pause explains its boundary (3.6s)
  ok 104 [chromium] › tests\fe018.spec.ts:232:1 › FE018.AC03 playground sends no external message and preserves unknown cost and token values (2.3s)
  ok 105 [chromium] › tests\fe018.spec.ts:254:1 › FE018.S03 synthetic budget and tool denials retain the prompt and never show a generated answer (4.0s)
  ok 106 [chromium] › tests\fe018.spec.ts:280:1 › FE027.H03 budget and provider failover preview refuses silent provider switching on exhaustion (2.3s)
  ok 107 [chromium] › tests\fe018.spec.ts:294:1 › FE018.AC02 role kill switch is versioned, preserves API tools, and does not pause the whole bot (4.3s)
  ok 108 [chromium] › tests\fe018.spec.ts:335:1 › FE018.AC02 expired, wrong-scope, and matching approvals produce honest budget results (2.5s)
  ok 109 [chromium] › tests\fe018.spec.ts:363:1 › FE018.AC05 manager and bot-admin roles cannot use operations outside their canonical permissions (2.6s)
  ok 110 [chromium] › tests\fe018.spec.ts:395:1 › FE018.AC05 unknown role command stays unresolved and does not claim successful resumption (3.3s)
UI004_25_ACCEPTANCE={"total":25,"pageSizes":[20,5],"cursor":"evaluation-10016","oldestRecord":"evaluation-10001","oldestReachable":true,"detailPreservedCursor":true,"browserBackRestoredFirstPage":true,"searchResetCursor":true}
  ok 111 [chromium] › tests\fe018.spec.ts:411:1 › UI004 25 evaluations: cursor pages reach the last record and preserve detail, search, and browser Back state (3.8s)
UI004_105_ACCEPTANCE={"total":105,"pageSizes":[20,20,20,20,20,5],"pagesVisited":6,"cursorRequests":["evaluation-10256","evaluation-10196","evaluation-10136","evaluation-10076","evaluation-10016"],"uniqueRecords":105,"oldestRecord":"evaluation-10001","oldestReachable":true,"failedCursorRetainedForRetry":"evaluation-10196","errorShowsNoFabricatedRows":true,"retrySucceeded":true}
  ok 112 [chromium] › tests\fe018.spec.ts:457:1 › UI004 105 evaluations: cursor traversal reaches every record and retains the failing cursor for retry (8.9s)
  ok 113 [chromium] › tests\fe019.spec.ts:21:1 › FE019.S01 maps integrations and notification routes, actions, schemas, and mock boundaries (14ms)
  ok 114 [chromium] › tests\fe019.spec.ts:70:1 › FE019.AC01 AI secret is write-only, cleared after submit, and absent from stored/read data (3.0s)
  ok 115 [chromium] › tests\fe019.spec.ts:117:1 › FE019.AC01 invalid mock credential is rejected, cleared from the form, and not submitted (2.0s)
  ok 116 [chromium] › tests\fe019.spec.ts:138:1 › FE019.AC02 channel OAuth failure stays on the page and never marks a channel connected (1.4s)
  ok 117 [chromium] › tests\fe019.spec.ts:172:1 › FE019.AC03/04 device, Telegram, and PWA checks stay synthetic and do not request OS permission (3.1s)
  ok 118 [chromium] › tests\fe019.spec.ts:251:1 › FE019.AC05 notification policy validates canonical numeric bounds before sending and acknowledges only allowed work (2.5s)
  ok 119 [chromium] › tests\fe019.spec.ts:273:1 › FE019.A03 notification order link stays within the active shop scope (1.5s)
  ok 120 [chromium] › tests\fe019.spec.ts:282:1 › FE019.A05 reminder policy saves shop-local schedule and quiet hours through the synthetic API (1.5s)
  ok 121 [chromium] › tests\fe019.spec.ts:309:1 › FE027.A02/A07 preparation notification keeps order evidence and separates queued, opened, and acknowledged states (775ms)
  ok 122 [chromium] › tests\fe019.spec.ts:334:1 › FE027.A08 notification settings disclose server-only deduplication and callback safeguards (1.2s)
  ok 123 [chromium] › tests\fe020.spec.ts:43:1 › FE020.AC01 approval detail is fetched and a changed source resource rejects the stale decision (3.9s)
  ok 124 [chromium] › tests\fe020.spec.ts:89:1 › FE020.AC02/03 work-item actions follow allowedActions and operations health stays explicitly synthetic (3.0s)
  ok 125 [chromium] › tests\fe020.spec.ts:140:1 › FE020.AC03 role pause control uses the canonical versioned mock and never claims readiness (1.7s)
  ok 126 [chromium] › tests\fe020.spec.ts:157:1 › FE020.F03 operations exception filter groups overdue, blocked, and unclaimed synthetic work (1.3s)
  x  127 [chromium] › tests\fe020.spec.ts:178:1 › FE020.F05 delegation rule preview stays local and grants no API approval capability (3.0m)
(node:44104) Warning: The 'NO_COLOR' env is ignored due to the 'FORCE_COLOR' env being set.
(Use `node --trace-warnings ...` to show where the warning was created)
  ok 128 [chromium] › tests\fe020.spec.ts:195:1 › FE020.F06/H01 digest and dependency health panels show synthetic history without claiming workers are ready (2.0s)
  ok 129 [chromium] › tests\fe020.spec.ts:228:1 › FE027.H08 restore and release readiness stay unknown without a verified rehearsal or deployment gate (1.3s)
  ok 130 [chromium] › tests\fe021.spec.ts:34:1 › FE021 dashboard keeps independent panels usable and hides finance fields without finance.read (1.9s)
  ok 131 [chromium] › tests\fe021.spec.ts:46:1 › FE021 timezone and privacy validation waits for interaction and blocks invalid writes (3.5s)
  ok 132 [chromium] › tests\fe021.spec.ts:82:1 › FE021 approval and shipment work queues appear before sample previews (2.5s)
  ok 133 [chromium] › tests\fe021.spec.ts:104:1 › FE021 marketing filters preserve API-side aggregates, URL context and missing actual spend (3.5s)
  ok 134 [chromium] › tests\fe021.spec.ts:160:1 › FE021 export uses inclusive shop-local boundaries, safe CSV, API jobs and cursor pagination (3.4s)
  ok 135 [chromium] › tests\fe021.spec.ts:215:1 › FE021 mock rejects an export when reports.export lacks the source permission (1.1s)
  ok 136 [chromium] › tests\fe021.spec.ts:235:1 › FE021 mock rejects an invalid report timezone before creating an export job (1.2s)
  ok 137 [chromium] › tests\fe021.spec.ts:255:1 › FE021 ambiguous export result preserves the selected dates and never exposes a download (2.2s)
  ok 138 [chromium] › tests\fe021.spec.ts:268:1 › FE021 empty report and marketing payloads render explicit empty states (2.4s)
  ok 139 [chromium] › tests\fe021.spec.ts:287:1 › FE021 stale export conflict preserves dates and never exposes a download (2.3s)
  ok 140 [chromium] › tests\frontend-corrections.spec.ts:18:1 › F01 preserves a customer draft, compares three snapshots, and PATCHes only chosen changes (2.3s)
  ok 141 [chromium] › tests\frontend-corrections.spec.ts:46:1 › F01 requires an explicit choice for a field changed by both editors (1.8s)
  ok 142 [chromium] › tests\frontend-corrections.spec.ts:62:1 › F06 detects an order draft and blocks navigation until explicit discard (1.5s)
  ok 143 [chromium] › tests\frontend-corrections.spec.ts:75:1 › F02 retains an unsaved product image through an unrelated refetch (1.1s)
  ok 144 [chromium] › tests\frontend-corrections.spec.ts:87:1 › F03 retains notification-policy inputs through a background resync and navigation (1.0s)
  x  145 [chromium] › tests\frontend-corrections.spec.ts:98:1 › F05 keeps text typed while a previous internal note is pending (7.3s)
(node:21984) Warning: The 'NO_COLOR' env is ignored due to the 'FORCE_COLOR' env being set.
(Use `node --trace-warnings ...` to show where the warning was created)
  ok 146 [chromium] › tests\frontend-corrections.spec.ts:113:1 › F08 validates 4001 customer-note characters at the field and accepts 4000 (2.5s)
  ok 147 [chromium] › tests\frontend-corrections.spec.ts:147:1 › F07 routes the fulfillment footer close through the shared discard guard (1.3s)
  ok 148 [chromium] › tests\frontend-corrections.spec.ts:161:1 › F09 refreshes new Inbox messages without refetching the visible product and stock snapshots (1.5s)
  x  149 [chromium] › tests\frontend-corrections.spec.ts:191:1 › F01 shop settings merges a server-only locale change and preserves edits typed during save (6.1s)
(node:85752) Warning: The 'NO_COLOR' env is ignored due to the 'FORCE_COLOR' env being set.
(Use `node --trace-warnings ...` to show where the warning was created)
  ok 150 [chromium] › tests\frontend-corrections.spec.ts:217:1 › F03 privacy policy preserves refetch drafts and compares before applying the newest version (2.8s)
  ok 151 [chromium] › tests\frontend-corrections.spec.ts:234:1 › F01 category keeps a late edit after saving, and reopens with a clean current baseline (2.9s)
  ok 152 [chromium] › tests\frontend-corrections.spec.ts:255:1 › F01 supplier preserves a concurrent server-only term and PATCHes the local name (1.8s)
  ok 153 [chromium] › tests\frontend-corrections.spec.ts:272:1 › F08 customer update enforces 4000/4001 before HTTP and retains a 422 draft (1.9s)
  x  154 [chromium] › tests\frontend-corrections.spec.ts:300:1 › F05 keeps mode changes and unknown sends, locks another send, and observes recovery-registry completion (3.0m)
(node:57764) Warning: The 'NO_COLOR' env is ignored due to the 'FORCE_COLOR' env being set.
(Use `node --trace-warnings ...` to show where the warning was created)
  ok 155 [chromium] › tests\frontend-corrections.spec.ts:326:1 › F01 order editor keeps its original version and compares whole line lists before PATCH (2.9s)
  ok 156 [chromium] › tests\frontend-corrections.spec.ts:348:1 › F06 guards added order rows, shop switch, logout and native reload; successful creation leaves no false guard (14.1s)
  ok 157 [chromium] › tests\frontend-corrections.spec.ts:373:1 › F01 analogous return-inspection draft does not adopt a refetched version without comparison (2.2s)
  ok 158 [chromium] › tests\frontend-corrections.spec.ts:397:1 › F01 comparison supports keyboard choices, server changes again, axe and 320px reflow with long content (2.6s)
  x  159 [chromium] › tests\frontend-corrections.spec.ts:426:1 › F08 privacy bounds reject invalid days and long jurisdiction before HTTP (6.4s)
(node:54200) Warning: The 'NO_COLOR' env is ignored due to the 'FORCE_COLOR' env being set.
(Use `node --trace-warnings ...` to show where the warning was created)
  ok 160 [chromium] › tests\frontend-corrections.spec.ts:451:1 › F06 order custom close respects the draft guard and busy editors remain protected (4.4s)
  ok 161 [chromium] › tests\frontend.spec.ts:41:1 › catalog create uses the HTTP mock and successful save clears the draft guard (2.6s)
  ok 162 [chromium] › tests\frontend.spec.ts:58:1 › dirty drafts block in-app navigation and preserve input until the user decides (2.2s)
  ok 163 [chromium] › tests\frontend.spec.ts:76:1 › all canonical routes render inside the real React demo application (41.4s)
  ok 164 [chromium] › tests\frontend.spec.ts:101:1 › switching shops cancels a delayed request and loads only the new shop scope (5.5s)
  ok 165 [chromium] › tests\frontend.spec.ts:119:1 › role changes remove restricted navigation and the route guard explains denied access (1.2s)
  ok 166 [chromium] › tests\frontend.spec.ts:132:1 › deep links survive browser refresh and logout clears the mock session (2.7s)
  ok 167 [chromium] › tests\frontend.spec.ts:145:1 › logout asks before discarding a draft and retains the session when logout fails (2.1s)
  ok 168 [chromium] › tests\frontend.spec.ts:202:1 › mobile navigation opens, routes, and closes without viewport overflow (1.3s)
  ok 169 [chromium] › tests\frontend.spec.ts:216:1 › chunk loading errors use the route recovery boundary (886ms)
  ok 170 [chromium] › tests\frontend.spec.ts:255:1 › live mode reports an unavailable session API without enabling mock data (368ms)
  x  171 [chromium] › tests\route-role-matrix.spec.ts:44:1 › route read access matches canonical permissions for every demo role (71ms)
(node:33272) Warning: The 'NO_COLOR' env is ignored due to the 'FORCE_COLOR' env being set.
(Use `node --trace-warnings ...` to show where the warning was created)
  ok 172 [chromium] › tests\security.spec.ts:36:1 › untrusted product text renders as text without activating markup (2.7s)
  ok 173 [chromium] › tests\security.spec.ts:54:1 › catalog import rejects a non-CSV file before an upload request (1.3s)
  ok 174 [chromium] › tests\security.spec.ts:72:1 › catalog import rejects files above the demo size limit before upload (1.7s)
  x  175 [chromium] › tests\security.spec.ts:90:1 › mock uploads require a purpose, enforce its role, and fingerprint file content for retries (7.0s)
(node:568) Warning: The 'NO_COLOR' env is ignored due to the 'FORCE_COLOR' env being set.
(Use `node --trace-warnings ...` to show where the warning was created)
VITE_CACHE_ISOLATION=PASS rootA=C:\Users\Joker-PC\AppData\Local\Temp\botsales-vite-cache\ea27c7577456f6009d55\test-demo\playwright-568-e3382e78-2bf3-42f1-9832-a50cd7658f7e-parallel-a rootB=C:\Users\Joker-PC\AppData\Local\Temp\botsales-vite-cache\ea27c7577456f6009d55\test-demo\playwright-568-e3382e78-2bf3-42f1-9832-a50cd7658f7e-parallel-b otherCheckout=true
  ok 176 [chromium] › tests\session\demo-server-cache-isolation.spec.ts:7:1 › concurrent demo servers use isolated Vite caches and load the React app (3.1s)
  ok 177 [chromium] › tests\session\demo-worker-startup.spec.ts:17:1 › demo conditional module requests return complete exports without changing live or non-asset caching (2.4s)
  ok 178 [chromium] › tests\session\demo-worker-startup.spec.ts:80:1 › demo startup explains the required setup when the browser blocks Service Workers (377ms)
  ok 179 [chromium] › tests\session\session-revocation.spec.ts:20:1 › session.revoked SSE closes the stream and clears the active shop session (2.7s)
  ok 180 [chromium] › tests\session\session-unauthorized.spec.ts:17:1 › expired live session redirects to login and preserves the requested shop route (1.7s)
  ok 181 [chromium] › tests\states\fe023.spec.ts:18:1 › FE023.S04 a dirty dialog keeps the form value until the user confirms discard (2.3s)
  ok 182 [chromium] › tests\states\fe023.spec.ts:36:1 › FE023.S03 a customer lookup loads the next cursor page without dropping earlier choices (2.0s)
  ok 183 [chromium] › tests\states\fe023.spec.ts:77:1 › FE023.S04 delayed requests show loading and failed refresh keeps a retry path (7.3s)
  ok 184 [chromium] › tests\states\fe023.spec.ts:107:1 › FE023 unsaved shop settings are preserved when navigation switches shop scope (2.7s)
  ok 185 [chromium] › tests\states\fe023.spec.ts:125:1 › FE023 a saved shop form resets its dirty baseline and reports success (1.8s)
ROUTE_EMPTY_COMPOSITION_PROGRESS=3/11
ROUTE_EMPTY_COMPOSITION_PROGRESS=6/11
ROUTE_EMPTY_COMPOSITION_PROGRESS=9/11
ROUTE_EMPTY_COMPOSITION=11/11 RESULT=PASS
  ok 186 [chromium] › tests\states\route-empty-composition.spec.ts:29:1 › empty collection responses render accessible empty states on canonical list routes (3.7s)
  x  187 [chromium] › tests\states\route-error-composition.spec.ts:28:1 › every shop route composes the shared API error state with its page content (440ms)
(node:75012) Warning: The 'NO_COLOR' env is ignored due to the 'FORCE_COLOR' env being set.
(Use `node --trace-warnings ...` to show where the warning was created)
  ok 188 [chromium] › tests\ui-bot-layout.spec.ts:42:1 › Bot routes R26/R27/R28/R51 fit the supported page-width boundaries (22.9s)
  ok 189 [chromium] › tests\ui-bot-layout.spec.ts:52:1 › Bot config, evaluation, role and budget dialogs stay inside mobile and desktop viewports (14.5s)
  ok 190 [chromium] › tests\ui-catalog-layout.spec.ts:15:1 › catalog R09-R14 keeps shared gutters, inset ownership and dry-run flow at mobile and desktop (13.2s)
  ok 191 [chromium] › tests\ui-catalog-layout.spec.ts:67:1 › Imports review notice and demo controls keep the measured shared disclosure boundary at 806x884 (1.3s)
  ok 192 [chromium] › tests\ui-component-layout.spec.ts:40:1 › A01 order lines keep intrinsic remove actions with clean and invalid quantities (4.9s)
  ok 193 [chromium] › tests\ui-component-layout.spec.ts:61:1 › A02 product editors align category and status faces independently from lookup metadata (8.9s)
  ok 194 [chromium] › tests\ui-component-layout.spec.ts:84:1 › Shared outlined labels focus empty and populated native controls (1.6s)
  ok 195 [chromium] › tests\ui-component-layout.spec.ts:99:1 › A02 variant fields retain readable widths when text doubles (10.7s)
  ok 196 [chromium] › tests\ui-component-layout.spec.ts:130:1 › A03 import mapping preserves natural remove actions and editable mappings (4.2s)
  ok 197 [chromium] › tests\ui-component-layout.spec.ts:150:1 › A04 full precision money wraps outside tables and remains unbroken in the named scroll region (4.7s)
  ok 198 [chromium] › tests\ui-component-layout.spec.ts:176:1 › A05 status height follows its own label while long labels remain fully readable (4.3s)
  ok 199 [chromium] › tests\ui-component-layout.spec.ts:196:1 › A06 Empty wraps unbroken reference text and retains its keyboard action (4.5s)
  ok 200 [chromium] › tests\ui-component-layout.spec.ts:209:1 › A07 canonical order address selection exposes full text and edit lines retain intrinsic actions (9.6s)
  ok 201 [chromium] › tests\ui-composition-layout.spec.ts:13:1 › SPC-061/062 shared compositions own their gap and child boundaries on every canonical route (2.2m)
  ok 202 [chromium] › tests\ui-composition-positive-ancestry.spec.ts:62:1 › S15 Dashboard conditional content keeps an independently bordered surface inside its Panel owner (3.3s)
  ok 203 [chromium] › tests\ui-composition-positive-ancestry.spec.ts:103:1 › S15 catalog QueryState fragment keeps DataTable and Pager as peer children of one Panel (3.4s)
  ok 204 [chromium] › tests\ui-composition-positive-ancestry.spec.ts:137:1 › S15 Knowledge action group wraps children without losing its shared action owner (3.5s)
  ok 205 [chromium] › tests\ui-consent-management.spec.ts:16:1 › R35 creates a pending challenge from API and shows consent history without local opt-out state (1.9s)
  ok 206 [chromium] › tests\ui-consent-management.spec.ts:36:1 › R61 confirms an opt-out through POST body, removes the token from URL and leaves service messages available (1.3s)
  ok 207 [chromium] › tests\ui-consent-management.spec.ts:74:1 › R61 public confirmation remains keyboard-accessible and reflows at 320px (1.5s)
  ok 208 [chromium] › tests\ui-customers-layout.spec.ts:30:1 › Customers R07/R08/R54 layouts fit the shell at every responsive boundary (16.8s)
  ok 209 [chromium] › tests\ui-customers-layout.spec.ts:59:1 › Customer create and service-case dialogs stay in the viewport without submitting (5.7s)
  ok 210 [chromium] › tests\ui-dashboard-layout.spec.ts:17:1 › Shared consolidation Dashboard primary link respects all eight permission tuples and native anchor interactions (4.1s)
  ok 211 [chromium] › tests\ui-dashboard-layout.spec.ts:69:1 › dashboard hierarchy, CTA targets, and page width hold across supported breakpoints (1.7s)
  ok 212 [chromium] › tests\ui-density-layout.spec.ts:10:1 › density table saves row space while preserving action target and data (4.7s)
  x  213 [chromium] › tests\ui-density-layout.spec.ts:22:1 › density divided facts list has one row inset and no additional inter-row gap (6.3s)
(node:21916) Warning: The 'NO_COLOR' env is ignored due to the 'FORCE_COLOR' env being set.
(Use `node --trace-warnings ...` to show where the warning was created)
  ok 214 [chromium] › tests\ui-density-layout.spec.ts:33:1 › density demo disclosure retains state and always shows the synthetic warning (7.9s)
  ok 215 [chromium] › tests\ui-density-layout.spec.ts:48:1 › density operational Panel uses 12px boundary while complex form and reading Panel keep comfortable rhythm (6.1s)
  ok 216 [chromium] › tests\ui-density-layout.spec.ts:60:1 › density simple category editor keeps labels, errors and keyboard reflow usable (9.1s)
  ok 217 [chromium] › tests\ui-finance-layout.spec.ts:30:1 › Finance R20/R21/R22/R48/R49/R50 route layouts retain shell gutter without horizontal overflow from 320–1440px (28.3s)
  ok 218 [chromium] › tests\ui-finance-layout.spec.ts:62:1 › titled Finance Panels keep one 12px header-to-first-content boundary (9.4s)
  ok 219 [chromium] › tests\ui-finance-layout.spec.ts:129:1 › Finance report, entry, journal, reconciliation and period dialogs remain in the viewport without submitting (13.1s)
  ok 220 [chromium] › tests\ui-finance-management.spec.ts:14:1 › C06 opening validates before HTTP and preserves added/removed list drafts through every close guard (3.0s)
  ok 221 [chromium] › tests\ui-finance-management.spec.ts:19:1 › C06 opening UI posts only its reviewed version and reports/ledger drill down to real journal IDs (6.5s)
  ok 222 [chromium] › tests\ui-finance-management.spec.ts:25:1 › C06 opening conflict retains whole lists and reconciles two changing server versions without forced retry (6.8s)
  ok 223 [chromium] › tests\ui-finance-management.spec.ts:31:1 › C06 finance entry validation and refetch conflict keep the saved baseline and draft (2.7s)
  ok 224 [chromium] › tests\ui-finance-management.spec.ts:35:1 › C06 all new financial routes and dialog use keyboard/axe and reflow at required widths (36.8s)
  ok 225 [chromium] › tests\ui-fulfillment-layout.spec.ts:30:1 › Fulfillment R41/R42 preserve shell gutter and contain responsive route layouts from 320-1440px (10.7s)
  ok 226 [chromium] › tests\ui-fulfillment-layout.spec.ts:59:1 › Fulfillment prep, shipment-create, detail and event dialogs fit mobile and desktop without submitting (5.9s)
  ok 227 [chromium] › tests\ui-integrations-layout.spec.ts:40:1 › Integrations routes R29/R30 fit the supported page-width boundaries (11.9s)
  ok 228 [chromium] › tests\ui-integrations-layout.spec.ts:50:1 › R29 disconnect and R30 create/edit credential dialogs stay inside mobile and desktop viewports (9.1s)
  ok 229 [chromium] › tests\ui-inventory-layout.spec.ts:15:1 › Inventory R15/R16 preserve shared gutter and contain table overflow at 320-1440px (10.4s)
  ok 230 [chromium] › tests\ui-inventory-layout.spec.ts:51:1 › Inventory filters reset cursor and preserve other URL state; adjustment validation sends no command (6.7s)
  ok 231 [chromium] › tests\ui-knowledge-layout.spec.ts:56:1 › Knowledge routes R23/R24/R25 fit every supported layout boundary (19.5s)
  ok 232 [chromium] › tests\ui-knowledge-layout.spec.ts:76:1 › Knowledge create, edit, and feedback-review dialogs remain inside mobile and desktop viewports (12.3s)
  ok 233 [chromium] › tests\ui-master-resources.spec.ts:13:1 › C05 warehouses validate before HTTP, protect drafts and create/update/archive with visible results (4.4s)
  ok 234 [chromium] › tests\ui-master-resources.spec.ts:26:1 › C05 warehouse conflicts keep the draft across two concurrent versions and require explicit reconciliation (2.7s)
  ok 235 [chromium] › tests\ui-master-resources.spec.ts:34:1 › C05 accounts create and protect used fields; journal choices come from the same API lookup (2.6s)
  ok 236 [chromium] › tests\ui-master-resources.spec.ts:40:1 › C05 customer address UI never replays a masked phone and orders load per-customer addresses (3.5s)
  ok 237 [chromium] › tests\ui-master-resources.spec.ts:46:1 › C05 new management routes and address dialog reflow at all required widths with keyboard and axe (25.3s)
  ok 238 [chromium] › tests\ui-master-resources.spec.ts:58:1 › C05 complete customer addresses create/archive through HTTP; masked mandatory fields prevent creation (2.8s)
  ok 239 [chromium] › tests\ui-master-resources.spec.ts:77:1 › C05 an unknown warehouse creation keeps the draft and prevents a second request (1.5s)
  ok 240 [chromium] › tests\ui-notifications-layout.spec.ts:40:1 › R39/R40 Notifications routes fit the supported page-width boundaries (11.8s)
  ok 241 [chromium] › tests\ui-notifications-layout.spec.ts:50:1 › R40 revoke-device confirmation stays inside mobile and desktop viewports (4.8s)
  ok 242 [chromium] › tests\ui-operations-layout.spec.ts:41:1 › R37/R38/R52 Operations routes fit the supported page-width boundaries (15.5s)
  ok 243 [chromium] › tests\ui-operations-layout.spec.ts:51:1 › R52 role-control confirmation stays inside mobile and desktop viewports (4.7s)
  ok 244 [chromium] › tests\ui-orders-layout.spec.ts:15:1 › Orders R17/R18/R19/R43 preserve responsive page geometry at 320-1440px (20.4s)
  ok 245 [chromium] › tests\ui-orders-layout.spec.ts:46:1 › Orders draft, versioned quote, canonical address snapshot and return dialogs keep their behavior without writes (11.0s)
  x  246 [chromium] › tests\ui-panel-layout.spec.ts:15:1 › the titled Fulfillment Panel owns its body inset and keeps one 12px header boundary (7.2s)
(node:18656) Warning: The 'NO_COLOR' env is ignored due to the 'FORCE_COLOR' env being set.
(Use `node --trace-warnings ...` to show where the warning was created)
  ok 247 [chromium] › tests\ui-procurement-layout.spec.ts:38:1 › Procurement R44-R47 preserve shared page gutter and contain responsive tables at 320-1440px (21.5s)
  x  248 [chromium] › tests\ui-procurement-layout.spec.ts:69:1 › Procurement supplier, offer, rule, purchase and receipt dialogs fit narrow and desktop viewports without writes (12.1s)
(node:59336) Warning: The 'NO_COLOR' env is ignored due to the 'FORCE_COLOR' env being set.
(Use `node --trace-warnings ...` to show where the warning was created)
  ok 249 [chromium] › tests\ui-query-state-layout.spec.ts:68:5 › S12 R09 QueryState section profile preserves pending and ready layout (9.7s)
  ok 250 [chromium] › tests\ui-query-state-layout.spec.ts:68:5 › S12 R11 QueryState inline profile preserves pending and ready layout (9.1s)
  ok 251 [chromium] › tests\ui-shell-layout.spec.ts:45:1 › Shell keeps header, banner, main and footer on one responsive gutter (1.8s)
  ok 252 [chromium] › tests\ui-shell-layout.spec.ts:106:1 › demo controls stay discoverable on mobile and usable on desktop (687ms)
  ok 253 [chromium] › tests\ui-shell-layout.spec.ts:124:1 › SPC-055/057 demo-control labels keep a clear gap on every Shell route consumer (29.6s)
  ok 254 [chromium] › tests\ui-shell-layout.spec.ts:149:1 › unmatched route fallback owns its page gutter without horizontal overflow (383ms)
  ok 255 [chromium] › tests\ui-toolbar-layout.spec.ts:33:1 › Shared Toolbar and demo tools keep labels clear when text doubles (5.7s)
  ok 256 [chromium] › tests\ui-toolbar-layout.spec.ts:61:1 › Toolbar geometry: multiline category lookup cannot stretch the search button (1.7s)
  ok 257 [chromium] › tests\ui-toolbar-layout.spec.ts:78:1 › Shared consolidation Inbox filters share Toolbar ownership and stay outside search across pane widths (11.4s)
  ok 258 [chromium] › tests\ui-toolbar-layout.spec.ts:121:1 › Toolbar affected routes keep intrinsic actions, capability branches and 320px reflow (48.1s)
  ok 259 [chromium] › tests\ui-toolbar-layout.spec.ts:146:1 › Toolbar public extra slot cannot stretch a single-line submit action (1.3s)
  ok 260 [chromium] › tests\ui-toolbar-layout.spec.ts:163:1 › Toolbar preserves Products URL filters, search submit, clear and independent category lookup (3.3s)
  ok 261 [chromium] › tests\ui-toolbar-layout.spec.ts:199:1 › Toolbar keeps Inventory apply/reset separate from search submission (5.2s)
  ok 262 [chromium] › tests\ui-toolbar-layout.spec.ts:219:1 › Toolbar category more/busy/error/retry branches preserve search geometry and actual pagination (3.5s)
  ok 263 [chromium] › tests\ui-ux-completion.spec.ts:9:1 › UX01 setup feedback CTA reaches review workflow rather than dynamic knowledge detail (2.3s)
  ok 264 [chromium] › tests\ui-ux-completion.spec.ts:15:1 › UX02 stock warnings describe low/zero stock without implying a server block (1.2s)
  ok 265 [chromium] › tests\ui-ux-completion.spec.ts:22:1 › UX02 inventory receipts and accounting open periods have domain-specific names (2.4s)
  ok 266 [chromium] › tests\ui-ux-completion.spec.ts:31:1 › UX04 onboarding protects the whole draft on leave and reload (11.7s)
  ok 267 [chromium] › tests\ui-ux-completion.spec.ts:52:1 › UX04 acknowledged shop creation leaves without a false dirty warning (1.3s)
  ok 268 [chromium] › tests\ui-ux-completion.spec.ts:60:1 › UX05 product detail returns to committed filters; direct links use the list fallback (2.6s)
  ok 269 [chromium] › tests\ui-ux-completion.spec.ts:70:60 › UX05 customers list returns to its own filter context (2.6s)
  ok 270 [chromium] › tests\ui-ux-completion.spec.ts:70:60 › UX05 orders list returns to its own filter context (2.6s)
  ok 271 [chromium] › tests\ui-ux-completion.spec.ts:70:60 › UX05 knowledge list returns to its own filter context (2.5s)
  ok 272 [chromium] › tests\ui-ux-completion.spec.ts:86:1 › UX03 category, member and AI deletion confirmations name the selected object and consequence (3.5s)
  ok 273 [chromium] › tests\ui-ux-completion.spec.ts:108:1 › UX07 titles and breadcrumb distinguish create/detail/review; menu empty state clears with focus (1.6s)
  ok 274 [chromium] › tests\ui-ux-completion.spec.ts:126:1 › UX10 multi-table pages have distinct business names (2.4s)
  ok 275 [chromium] › tests\ui-ux-completion.spec.ts:136:1 › UX06 AI capability names and states are readable in Vietnamese (1.3s)
  ok 276 [chromium] › tests\ui-ux-completion.spec.ts:143:1 › UX15 detail captions reflow without splitting short words across all required viewports (2.0s)
  ok 277 [chromium] › tests\ui-width-layout.spec.ts:29:1 › W01 AI single connection fills its collection at breakpoint edges and wide viewports (7.2s)
  ok 278 [chromium] › tests\ui-width-layout.spec.ts:42:1 › W01 AI keeps two-column collection for two/three items and refetch preserves the new count (2.3s)
  ok 279 [chromium] › tests\ui-width-layout.spec.ts:63:1 › W01 AI empty result keeps one accessible create action and no empty grid (1.5s)
  ok 280 [chromium] › tests\ui-width-layout.spec.ts:72:35 › W01 workspace collection handles 0 visible shops (6.0s)
  ok 281 [chromium] › tests\ui-width-layout.spec.ts:72:35 › W01 workspace collection handles 1 visible shops (6.0s)
  ok 282 [chromium] › tests\ui-width-layout.spec.ts:72:35 › W01 workspace collection handles 2 visible shops (6.0s)
  ok 283 [chromium] › tests\ui-width-layout.spec.ts:72:35 › W01 workspace collection handles 3 visible shops (5.9s)
  x  284 [chromium] › tests\ui-width-layout.spec.ts:104:1 › W02 full-width form groups fill their panel and retain input/mapping/shipping behavior (3.0m)
(node:65544) Warning: The 'NO_COLOR' env is ignored due to the 'FORCE_COLOR' env being set.
(Use `node --trace-warnings ...` to show where the warning was created)
  ok 285 [chromium] › tests\ui-width-layout.spec.ts:143:1 › W03 notification protection notice occupies the full page row after the two panes (6.4s)
  x  286 [chromium] › tests\ui-width-layout.spec.ts:162:1 › W04 detail rows stay atomic in divided rhythm and plain containers (1.4s)
(node:48060) Warning: The 'NO_COLOR' env is ignored due to the 'FORCE_COLOR' env being set.
(Use `node --trace-warnings ...` to show where the warning was created)
  ok 287 [chromium] › tests\ui-workspace-layout.spec.ts:60:1 › workspace routes stay within the supported page-width boundaries (43.8s)
  ok 288 [chromium] › tests\ui-workspace-layout.spec.ts:72:1 › team invite and privacy request dialogs remain usable without submitting (9.9s)
  ok 289 [chromium] › tests\ui006-lookups.spec.ts:69:1 › UI006.C05 lookup and table cursors reach records after 150 synthetic suppliers, offers, and orders (31.0s)
  ok 290 [chromium] › tests\ui006-lookups.spec.ts:215:1 › UI006.C04 bounded previews disclose their sample and link to full collections (3.6s)
  ok 291 [chromium] › tests\ui006-lookups.spec.ts:232:1 › UI006.C02 selected order identity survives a failed search and cursor retry (2.3s)
  ok 292 [chromium] › tests\ui007-query-states.spec.ts:30:1 › UI007 secondary order query loads independently while the customer profile remains available (3.1s)
  ok 293 [chromium] › tests\ui007-query-states.spec.ts:60:1 › UI007 order query 503 is isolated from the primary customer query and retries only that query (3.1s)
  ok 294 [chromium] › tests\ui007-query-states.spec.ts:94:1 › UI007 forbidden order query is an access state and a successful empty query is distinct (1.9s)
  x  295 [chromium] › tests\ui007-query-states.spec.ts:114:1 › UI007 supplier and offer failures keep purchase suggestions visible and have operation-specific recovery (8.1s)
(node:31964) Warning: The 'NO_COLOR' env is ignored due to the 'FORCE_COLOR' env being set.
(Use `node --trace-warnings ...` to show where the warning was created)
  x  296 [chromium] › tests\ui007-query-states.spec.ts:150:1 › UI007 auto-send budget query is lazy, permission-aware, and blocks an unverified budget (8.9s)
(node:86436) Warning: The 'NO_COLOR' env is ignored due to the 'FORCE_COLOR' env being set.
(Use `node --trace-warnings ...` to show where the warning was created)
  ok 297 [chromium] › tests\ui008-integration-empty.spec.ts:57:1 › UI008 R29 successful empty collection exposes an accessible state and one permission-guarded connect CTA (1.8s)
  x  298 [chromium] › tests\ui008-integration-empty.spec.ts:75:1 › UI008 R29 read-only bot_admin sees the empty state without a manage action (6.3s)
(node:81268) Warning: The 'NO_COLOR' env is ignored due to the 'FORCE_COLOR' env being set.
(Use `node --trace-warnings ...` to show where the warning was created)
  ok 299 [chromium] › tests\ui008-integration-empty.spec.ts:90:1 › UI008 R29 pending channel query stays loading until its response arrives (2.6s)
  ok 300 [chromium] › tests\ui008-integration-empty.spec.ts:108:1 › UI008 R29 forbidden channel query is not presented as empty or retryable (760ms)
  ok 301 [chromium] › tests\ui008-integration-empty.spec.ts:122:1 › UI008 R29 503 remains an error and recovers through its retry control (2.2s)
  ok 302 [chromium] › tests\ui008-integration-empty.spec.ts:143:1 › UI008 R30 successful empty AI connection cards show a first-use state and one add CTA (843ms)
  x  303 [chromium] › tests\ui008-integration-empty.spec.ts:161:1 › UI008 R30 read-only bot_admin sees the empty state without an add action (6.1s)
(node:15352) Warning: The 'NO_COLOR' env is ignored due to the 'FORCE_COLOR' env being set.
(Use `node --trace-warnings ...` to show where the warning was created)
  ok 304 [chromium] › tests\ui009-scope-regression.spec.ts:23:1 › UI009 delayed customer orders from the previous shop cannot leak into the new shop profile (3.2s)
  ok 305 [chromium] › tests\ui010-dialog-draft.spec.ts:15:1 › UI010 a discarded confirmation reason is cleared before the dialog opens again (2.9s)
  ok 306 [chromium] › tests\ui011-date-time.spec.ts:16:1 › UI011 report defaults use the active shop calendar month at a UTC month boundary (1.8s)
  ok 307 [chromium] › tests\ui011-date-time.spec.ts:29:1 › UI011 journal effective date defaults to the active shop calendar date (1.4s)
  ok 308 [chromium] › tests\ui011-date-time.spec.ts:41:1 › UI011 shipment event input and API instant use the shop timezone, not browser timezone (1.6s)
  ok 309 [chromium] › tests\ui012-keyboard.spec.ts:42:1 › UI012 keyboard-only finance edit handles select, discard warning and focus return (2.6s)
  ok 310 [chromium] › tests\ui012-keyboard.spec.ts:103:1 › UI012 keyboard validation focuses the field named by a synthetic 422 response (3.1s)
  ok 311 [chromium] › tests\ui012-keyboard.spec.ts:160:1 › UI012 keyboard activates the CSV chooser and discards its selected file without upload (1.9s)
  ok 312 [chromium] › tests\ui012-keyboard.spec.ts:200:1 › UI012 keyboard can reach and horizontally scroll the marketing chart data alternative (1.7s)
  ok 313 [chromium] › tests\ui012-keyboard.spec.ts:227:1 › UI012 marketing chart keeps every category label visible beside its data table (2.6s)
  ok 314 [chromium] › tests\ui012-keyboard.spec.ts:268:1 › UI012 inbox feedback actions identify their message and return focus after Escape (2.8s)
  ok 315 [chromium] › tests\ui012-keyboard.spec.ts:301:1 › UI012 order draft does not announce an untouched required customer as invalid (1.3s)
  x  316 [chromium] › tests\ui012-keyboard.spec.ts:314:1 › UI012 long BotConfig policy literal wraps inside its alert at a 320 CSS-pixel viewport (5.3s)
(node:5884) Warning: The 'NO_COLOR' env is ignored due to the 'FORCE_COLOR' env being set.
(Use `node --trace-warnings ...` to show where the warning was created)
  ok 317 [chromium] › tests\ui012-keyboard.spec.ts:348:1 › UI012 dashboard CTA separates hover and pressed feedback while keeping keyboard focus visible (4.1s)
  ok 318 [chromium] › tests\ui013-url-state.spec.ts:19:1 › UI013 reconciliation tab deep links and survives refresh; malformed tab safely falls back (4.4s)
  ok 319 [chromium] › tests\ui013-url-state.spec.ts:39:1 › UI013 finance date range deep link, edit, refresh and Back use shop-local filter state (3.7s)
  ok 320 [chromium] › tests\ui013-url-state.spec.ts:70:1 › UI013 report type and export date filters are deep-linkable, refreshable and malformed values fall back safely (4.1s)
  x  321 [chromium] › tests\ui021-permission-edge.spec.ts:4:1 › privacy page keeps the customers link when the destination permission is present (6.4s)
(node:72768) Warning: The 'NO_COLOR' env is ignored due to the 'FORCE_COLOR' env being set.
(Use `node --trace-warnings ...` to show where the warning was created)
  x  322 [chromium] › tests\ui021-permission-edge.spec.ts:19:1 › privacy page hides the customers link when the destination permission is missing (7.9s)
(node:43084) Warning: The 'NO_COLOR' env is ignored due to the 'FORCE_COLOR' env being set.
(Use `node --trace-warnings ...` to show where the warning was created)
  ok 323 [chromium] › tests\ui028-w24-inbox-layout.spec.ts:15:1 › UI028.W24 Inbox spacing roles remain consistent across breakpoints without losing draft state (8.0s)
  x  324 [chromium] › tests\ui028-w25-reports-layout.spec.ts:16:1 › UI028.W25 Reports semantic spacing stays stable at mobile, tablet and desktop widths (10.0s)
(node:19000) Warning: The 'NO_COLOR' env is ignored due to the 'FORCE_COLOR' env being set.
(Use `node --trace-warnings ...` to show where the warning was created)
  ok 325 [chromium] › tests\ui028-w25-reports-layout.spec.ts:114:1 › UI028.W25 authorized report download link retains its 44px hit target (3.2s)
[w28-route-geometry] {"browser":"chromium","width":390,"routes":61,"issues":0,"pageErrors":0,"evidence":"evidence\\frontend-ui-improvements\\UI028\\W28\\route-geometry-chromium-390-current-20261009-234334-19000.json"}
  ok 326 [chromium] › tests\ui028-w28-routes.spec.ts:47:5 › UI028.W28 61 canonical routes render with measured 390px layout geometry (1.1m)
[w28-route-geometry] {"browser":"chromium","width":1440,"routes":61,"issues":0,"pageErrors":0,"evidence":"evidence\\frontend-ui-improvements\\UI028\\W28\\route-geometry-chromium-1440-current-20261009-234334-19000.json"}
  ok 327 [chromium] › tests\ui028-w28-routes.spec.ts:47:5 › UI028.W28 61 canonical routes render with measured 1440px layout geometry (46.8s)
[w29-responsive-profile] {"browser":"chromium","width":320,"profiles":7,"issues":0,"pageErrors":0,"evidence":"evidence\\frontend-ui-improvements\\UI028\\W29\\responsive-profile-chromium-320-current-20261009-234334-19000.json"}
  ok 328 [chromium] › tests\ui028-w29-reflow.spec.ts:30:5 › UI028.W29 320px reflow retains representative actions and contains overflow (9.1s)
[w29-responsive-profile] {"browser":"chromium","width":390,"profiles":7,"issues":0,"pageErrors":0,"evidence":"evidence\\frontend-ui-improvements\\UI028\\W29\\responsive-profile-chromium-390-current-20261009-234334-19000.json"}
  ok 329 [chromium] › tests\ui028-w29-reflow.spec.ts:30:5 › UI028.W29 390px reflow retains representative actions and contains overflow (8.3s)
[w29-responsive-profile] {"browser":"chromium","width":767,"profiles":7,"issues":0,"pageErrors":0,"evidence":"evidence\\frontend-ui-improvements\\UI028\\W29\\responsive-profile-chromium-767-current-20261009-234334-19000.json"}
  ok 330 [chromium] › tests\ui028-w29-reflow.spec.ts:30:5 › UI028.W29 767px reflow retains representative actions and contains overflow (8.4s)
[w29-responsive-profile] {"browser":"chromium","width":768,"profiles":7,"issues":0,"pageErrors":0,"evidence":"evidence\\frontend-ui-improvements\\UI028\\W29\\responsive-profile-chromium-768-current-20261009-234334-19000.json"}
  ok 331 [chromium] › tests\ui028-w29-reflow.spec.ts:30:5 › UI028.W29 768px reflow retains representative actions and contains overflow (8.4s)
[w29-responsive-profile] {"browser":"chromium","width":1024,"profiles":7,"issues":0,"pageErrors":0,"evidence":"evidence\\frontend-ui-improvements\\UI028\\W29\\responsive-profile-chromium-1024-current-20261009-234334-19000.json"}
  ok 332 [chromium] › tests\ui028-w29-reflow.spec.ts:30:5 › UI028.W29 1024px reflow retains representative actions and contains overflow (8.3s)
[w29-responsive-profile] {"browser":"chromium","width":1279,"profiles":7,"issues":0,"pageErrors":0,"evidence":"evidence\\frontend-ui-improvements\\UI028\\W29\\responsive-profile-chromium-1279-current-20261009-234334-19000.json"}
  ok 333 [chromium] › tests\ui028-w29-reflow.spec.ts:30:5 › UI028.W29 1279px reflow retains representative actions and contains overflow (8.4s)
[w29-responsive-profile] {"browser":"chromium","width":1280,"profiles":7,"issues":0,"pageErrors":0,"evidence":"evidence\\frontend-ui-improvements\\UI028\\W29\\responsive-profile-chromium-1280-current-20261009-234334-19000.json"}
  ok 334 [chromium] › tests\ui028-w29-reflow.spec.ts:30:5 › UI028.W29 1280px reflow retains representative actions and contains overflow (6.6s)
[w29-responsive-profile] {"browser":"chromium","width":1440,"profiles":7,"issues":0,"pageErrors":0,"evidence":"evidence\\frontend-ui-improvements\\UI028\\W29\\responsive-profile-chromium-1440-current-20261009-234334-19000.json"}
  ok 335 [chromium] › tests\ui028-w29-reflow.spec.ts:30:5 › UI028.W29 1440px reflow retains representative actions and contains overflow (6.7s)
[w29-responsive-profile] {"browser":"chromium","width":1920,"profiles":7,"issues":0,"pageErrors":0,"evidence":"evidence\\frontend-ui-improvements\\UI028\\W29\\responsive-profile-chromium-1920-current-20261009-234334-19000.json"}
  ok 336 [chromium] › tests\ui028-w29-reflow.spec.ts:30:5 › UI028.W29 1920px reflow retains representative actions and contains overflow (6.6s)
[w30-stress] {"browser":"chromium","scenario":"form-error-short","viewport":{"width":320,"height":480},"scaledTextElements":55,"issues":0,"pageErrors":0,"evidence":"evidence\\frontend-ui-improvements\\UI028\\W30\\stress-chromium-form-error-short-current-20261009-234334-19000.json"}
  ok 337 [chromium] › tests\ui028-w30-stress.spec.ts:75:5 › UI028.W30 form-error-short: 200% text and spacing stress at 320x480 (1.9s)
[w30-stress] {"browser":"chromium","scenario":"mobile-menu-long-label","viewport":{"width":390,"height":560},"scaledTextElements":148,"issues":0,"pageErrors":0,"evidence":"evidence\\frontend-ui-improvements\\UI028\\W30\\stress-chromium-mobile-menu-long-label-current-20261009-234334-19000.json"}
  ok 338 [chromium] › tests\ui028-w30-stress.spec.ts:75:5 › UI028.W30 mobile-menu-long-label: 200% text and spacing stress at 390x560 (1.7s)
[w30-stress] {"browser":"chromium","scenario":"report-long-id","viewport":{"width":640,"height":450},"scaledTextElements":249,"issues":0,"pageErrors":0,"evidence":"evidence\\frontend-ui-improvements\\UI028\\W30\\stress-chromium-report-long-id-current-20261009-234334-19000.json"}
  ok 339 [chromium] › tests\ui028-w30-stress.spec.ts:75:5 › UI028.W30 report-long-id: 200% text and spacing stress at 640x450 (1.4s)
[w30-stress] {"browser":"chromium","scenario":"inbox-long-composer","viewport":{"width":390,"height":560},"scaledTextElements":71,"issues":0,"pageErrors":0,"evidence":"evidence\\frontend-ui-improvements\\UI028\\W30\\stress-chromium-inbox-long-composer-current-20261009-234334-19000.json"}
  ok 340 [chromium] › tests\ui028-w30-stress.spec.ts:75:5 › UI028.W30 inbox-long-composer: 200% text and spacing stress at 390x560 (1.4s)
[w30-stress] {"browser":"chromium","scenario":"dialog-long-reason","viewport":{"width":320,"height":480},"scaledTextElements":80,"issues":0,"pageErrors":0,"evidence":"evidence\\frontend-ui-improvements\\UI028\\W30\\stress-chromium-dialog-long-reason-current-20261009-234334-19000.json"}
  ok 341 [chromium] › tests\ui028-w30-stress.spec.ts:75:5 › UI028.W30 dialog-long-reason: 200% text and spacing stress at 320x480 (1.4s)
  ok 342 [chromium] › tests\vertical-slices\fe022-flows.spec.ts:38:1 › FE022.VS01 catalog → stock → order → prep keeps product, reservation, and order references linked (3.6s)
  x  343 [chromium] › tests\vertical-slices\fe022-flows.spec.ts:92:1 › FE022.VS02 procurement → approval → receipt → stock and payable preserves the purchase identity (3.0m)
(node:87640) Warning: The 'NO_COLOR' env is ignored due to the 'FORCE_COLOR' env being set.
(Use `node --trace-warnings ...` to show where the warning was created)
  x  344 [chromium] › tests\vertical-slices\fe022-flows.spec.ts:168:1 › FE022.VS03 finance → reconciliation retains bank transaction and partial debt allocation (3.0m)
(node:47728) Warning: The 'NO_COLOR' env is ignored due to the 'FORCE_COLOR' env being set.
(Use `node --trace-warnings ...` to show where the warning was created)
  ok 345 [chromium] › tests\vertical-slices\fe022-flows.spec.ts:204:1 › FE022.VS04 inbox → knowledge draft → bot evaluation preserves feedback and revision source IDs (4.1s)
  x  346 [chromium] › tests\vertical-slices\fe022-flows.spec.ts:246:1 › FE022.S05 route and feature matrix covers canonical IDs with executed cases or explicit frontend gaps (6ms)
(node:23380) Warning: The 'NO_COLOR' env is ignored due to the 'FORCE_COLOR' env being set.
(Use `node --trace-warnings ...` to show where the warning was created)
  x  347 [firefox] › tests\accessibility\routes.spec.ts:17:1 › all canonical routes pass whole-page WCAG 2.1 A/AA axe checks in the React demo (1.6m)
(node:70072) Warning: The 'NO_COLOR' env is ignored due to the 'FORCE_COLOR' env being set.
(Use `node --trace-warnings ...` to show where the warning was created)
[artifact-preview] {"scope":"FRONTEND_WITH_SYNTHETIC_MOCK_API","artifact":"apps/web/dist-demo","browserMetrics":{"browser":"Mozilla/5.0 (Windows NT 10.0; Win64; x64; rv:155.0) Gecko/20100101 Firefox/155.0","viewport":{"width":1280,"height":720},"route":"/s/shop-demo/overview","domContentLoadedMs":4397,"loadEventMs":4397,"scriptCount":11,"scriptTransferBytes":482220,"scriptAssets":[{"file":"index-ENd9aFBo.js","transferBytes":33619,"decodedBytes":105226,"durationMs":77},{"file":"react-runtime-gLMyUIL2.js","transferBytes":90583,"decodedBytes":279787,"durationMs":83},{"file":"query-Df7VyXaF.js","transferBytes":10222,"decodedBytes":33154,"durationMs":72},{"file":"i18n-D4N_7Z3Q.js","transferBytes":15416,"decodedBytes":46142,"durationMs":77},{"file":"schema-validation-B78jEm7B.js","transferBytes":45420,"decodedBytes":149800,"durationMs":78},{"file":"mui-CUCPJGs1.js","transferBytes":100504,"decodedBytes":328773,"durationMs":82},{"file":"contract-data-CJyvN5AM.js","transferBytes":44731,"decodedBytes":375469,"durationMs":79},{"file":"service-BW0iUZV7.js","transferBytes":54406,"decodedBytes":233197,"durationMs":30},{"file":"browser-CIVqIDo4.js","transferBytes":87319,"decodedBytes":255636,"durationMs":33},{"file":"index-WPBy7D8a.js","transferBytes":0,"decodedBytes":0,"durationMs":0},{"file":"hooks-DwuzOMbO.js","transferBytes":0,"decodedBytes":0,"durationMs":0}]},"bundles":{"javascriptFiles":32,"totalBytes":2616798,"totalGzipBytes":735738,"initialRouteGzipBytes":485403,"proposedBudgets":{"initialRouteGzipKiB":500,"largestChunkGzipKiB":200,"basis":"Local demo preview limits for the measured Chromium artifact; not a backend or platform SLO."},"largest":[{"file":"apps/web/dist-demo/assets/contract-data-CJyvN5AM.js","bytes":375469,"gzipBytes":44431},{"file":"apps/web/dist-demo/assets/mui-CUCPJGs1.js","bytes":328773,"gzipBytes":100204},{"file":"apps/web/dist-demo/assets/charts-B_cZ5ZyS.js","bytes":320226,"gzipBytes":96780},{"file":"apps/web/dist-demo/assets/react-runtime-gLMyUIL2.js","bytes":279787,"gzipBytes":90283},{"file":"apps/web/dist-demo/assets/browser-CIVqIDo4.js","bytes":255636,"gzipBytes":87019}]},"observedApi":{"path":"/api/v2/session","status":200,"servedBy":"MSW in the built demo artifact"},"dataSource":"synthetic-msw"}
  ok 348 [firefox] › tests\artifacts\demo-preview.spec.ts:40:1 › the built demo artifact serves the React UI and synthetic API through preview (7.8s)
  x  349 [firefox] › tests\artifacts\demo-preview.spec.ts:104:1 › a thousand synthetic customers remain API-paginated in the built demo artifact (1.3s)
(node:79148) Warning: The 'NO_COLOR' env is ignored due to the 'FORCE_COLOR' env being set.
(Use `node --trace-warnings ...` to show where the warning was created)
  ok 350 [firefox] › tests\artifacts\demo-preview.spec.ts:143:1 › the production artifact contains neither the mock worker asset nor MSW fixtures/runtime (13ms)
  ok 351 [firefox] › tests\fe009.spec.ts:37:1 › workspace onboarding creates a shop with an active membership and returns to its scoped route (4.0s)
  ok 352 [firefox] › tests\fe009.spec.ts:59:1 › customer create validates fields, submits through mock HTTP, and preserves edits after a stale version (4.8s)
  ok 353 [firefox] › tests\fe009.spec.ts:127:1 › customer detail keeps redacted contact fields read-only and does not overwrite them on save (1.8s)
  ok 354 [firefox] › tests\fe009.spec.ts:144:1 › job detail follows an export created in the current synthetic shop and can refetch it (2.2s)
  ok 355 [firefox] › tests\fe009.spec.ts:179:1 › FE009.G01 shop setup checklist guides to supported pages and leaves missing contract fields unverified (1.5s)
  ok 356 [firefox] › tests\fe009.spec.ts:192:1 › FE009.G05 consent management persists challenges without granting consent before customer action (1.9s)
  ok 357 [firefox] › tests\fe009.spec.ts:202:1 › FE009.H06 audit screen distinguishes available fields from missing contract detail (1.5s)
  x  358 [firefox] › tests\fe009.spec.ts:211:1 › FE009.B06 after-sale cases only link orders loaded for the selected customer and customer profile shows their shipment (3.0m)
(node:83772) Warning: The 'NO_COLOR' env is ignored due to the 'FORCE_COLOR' env being set.
(Use `node --trace-warnings ...` to show where the warning was created)
  x  359 [firefox] › tests\fe009.spec.ts:243:1 › team invitation and membership revoke stay shop-scoped and protect the active owner (6.1s)
(node:96876) Warning: The 'NO_COLOR' env is ignored due to the 'FORCE_COLOR' env being set.
(Use `node --trace-warnings ...` to show where the warning was created)
  ok 360 [firefox] › tests\fe009.spec.ts:279:1 › privacy delete requests remain pending approval with no frontend step-up shortcut (4.6s)
  ok 361 [firefox] › tests\fe010.spec.ts:40:1 › product editor validates positive prices, protects image-only drafts, and saves variant payload through mock HTTP (5.2s)
  ok 362 [firefox] › tests\fe010.spec.ts:110:1 › product update sends If-Match and keeps edits visible after a 412 conflict (2.9s)
  ok 363 [firefox] › tests\fe010.spec.ts:142:1 › warehouse role can read catalog products but cannot edit product fields or price cost data (1.5s)
  ok 364 [firefox] › tests\fe010.spec.ts:151:1 › categories create, search, update with a version, and render cursor pagination (2.7s)
  x  365 [firefox] › tests\fe010.spec.ts:180:1 › CSV preview reports row-level errors and commits only valid product rows (3.0m)
(node:78720) Warning: The 'NO_COLOR' env is ignored due to the 'FORCE_COLOR' env being set.
(Use `node --trace-warnings ...` to show where the warning was created)
  x  366 [firefox] › tests\fe010.spec.ts:252:1 › import validation token is rejected with 412 after catalog changes and the preview remains visible (3.0m)
(node:13728) Warning: The 'NO_COLOR' env is ignored due to the 'FORCE_COLOR' env being set.
(Use `node --trace-warnings ...` to show where the warning was created)
  ok 367 [firefox] › tests\fe010.spec.ts:284:1 › CSV demo row limit is explained and rejects more than 1000 data rows before preview (2.0s)
  ok 368 [firefox] › tests\fe010.spec.ts:297:1 › demo upload rejects files over 5 MB before making an upload request (1.0s)
UI005 acceptance: {"categoryTotal":105,"createCategoryId":"cat-2","editCategoryId":"cat-0","categoryRequests":20}
  ok 369 [firefox] › tests\fe010.spec.ts:308:1 › product category lookup pages the full collection and preserves the selected category while editing (16.4s)
  ok 370 [firefox] › tests\fe011.spec.ts:37:1 › FE011.AC01 snapshot drives stock totals and the SKU opens its catalog result (2.5s)
  ok 371 [firefox] › tests\fe011.spec.ts:56:1 › FE011.AC02 adjustment validates, waits for mock confirmation, and reconciles movement history once (5.3s)
  x  372 [firefox] › tests\fe011.spec.ts:95:1 › FE011.AC03 conflict and insufficient stock preserve the draft and never update optimistically (8.0s)
(node:14912) Warning: The 'NO_COLOR' env is ignored due to the 'FORCE_COLOR' env being set.
(Use `node --trace-warnings ...` to show where the warning was created)
  ok 373 [firefox] › tests\fe011.spec.ts:123:1 › FE011.AC03 forbidden adjustment retains user input and shows no success state (6.7s)
  ok 374 [firefox] › tests\fe011.spec.ts:139:1 › FE011.AC03 unknown command blocks duplicate submission until shared recovery reconciles it (2.8s)
  ok 375 [firefox] › tests\fe011.spec.ts:157:1 › FE011.AC04 movement contract filters are URL-backed and history exposes actor and permission-gated source (2.2s)
  ok 376 [firefox] › tests\fe011.spec.ts:185:1 › FE011.AC05 inventory reflows at mobile widths, passes axe, and restores keyboard focus after adjustment dialog (2.5s)
  ok 377 [firefox] › tests\fe011.spec.ts:208:1 › FE011.AC03 unknown shop scope shows no stock from another shop (505ms)
  ok 378 [firefox] › tests\fe012.spec.ts:37:1 › FE012.AC01 searchable customer and product pickers submit contract-shaped draft and reject fractional quantity (5.3s)
  ok 379 [firefox] › tests\fe012.spec.ts:95:1 › FE012 canonical customer address choice completes the mock order flow with a versioned snapshot (6.0s)
  ok 380 [firefox] › tests\fe012.spec.ts:124:1 › FE012.AC01 editing lines invalidates quote and customer consent; a new quote is required before confirmation (5.6s)
  ok 381 [firefox] › tests\fe012.spec.ts:184:1 › FE012.AC03 mock stale-version 412 preserves draft fields and does not show success (2.1s)
  ok 382 [firefox] › tests\fe012.spec.ts:201:1 › FE012.AC03 offline state blocks quote mutation while retaining the loaded draft (2.1s)
  ok 383 [firefox] › tests\fe012.spec.ts:213:1 › FE012.AC03 unknown confirm outcome blocks duplicate writes until shared command recovery is available (3.0s)
  ok 384 [firefox] › tests\fe012.spec.ts:259:1 › FE012.AC03 quote and customer confirmation expiration disable confirmation using API time (2.6s)
  ok 385 [firefox] › tests\fe012.spec.ts:279:1 › FE012.AC03 returns reject fractional/over-original quantities locally and preserve data on cumulative mock rejection (1.7s)
  ok 386 [firefox] › tests\fe012.spec.ts:303:1 › FE012.AC04 return inspection loads the current case and applies accepted partial quantity to mock stock and refund (3.4s)
  ok 387 [firefox] › tests\fe012.spec.ts:356:1 › FE012.AC03 handed-over order routes to returns and exposes no ordinary cancel action (1.4s)
  ok 388 [firefox] › tests\fe012.spec.ts:363:1 › FE012.AC05 order drafting remains usable without horizontal page overflow and passes focused axe checks (2.1s)
  x  389 [firefox] › tests\fe013.spec.ts:42:1 › FE013.C04 shipping preview distinguishes missing address, unserviceable zone, and expired mock quote (7.0s)
(node:44744) Warning: The 'NO_COLOR' env is ignored due to the 'FORCE_COLOR' env being set.
(Use `node --trace-warnings ...` to show where the warning was created)
  x  390 [firefox] › tests\fe013.spec.ts:67:1 › FE013.AC01–AC04 stale claim conflict is visible; pick, pack, dispatch and delivery use current API versions once (15.0s)
(node:64192) Warning: The 'NO_COLOR' env is ignored due to the 'FORCE_COLOR' env being set.
(Use `node --trace-warnings ...` to show where the warning was created)
  ok 391 [firefox] › tests\fe013.spec.ts:205:1 › FE013.AC03 unknown handover cannot be repeated before command reconciliation (6.2s)
  ok 392 [firefox] › tests\fe013.spec.ts:252:1 › FE013.AC01 role scope and FE013.AC05 responsive shipment/preparation views remain accessible (4.2s)
  ok 393 [firefox] › tests\fe014.spec.ts:27:1 › FE014.AC01 multi-line purchase validates MOQ/pack size and binds approval to the created intent (4.5s)
  ok 394 [firefox] › tests\fe014.spec.ts:79:1 › FE027.D02 supplier workspace edits the selected contact through its current version and displays MOQ offers (2.2s)
  ok 395 [firefox] › tests\fe014.spec.ts:97:1 › FE014.AC02 approval covers the exact purchase intent; unknown send is blocked from blind retry (6.2s)
  ok 396 [firefox] › tests\fe014.spec.ts:156:1 › FE014.S03 auto-send requires an active matching purchase delegation (3.4s)
  ok 397 [firefox] › tests\fe014.spec.ts:170:1 › FE014.S04 owner manages a paused purchase delegation only after rechecking the buyer role (7.0s)
  x  398 [firefox] › tests\fe014.spec.ts:217:1 › FE014.S03 manager without procurement.receive cannot open receipt actions (3.0m)
(node:89616) Warning: The 'NO_COLOR' env is ignored due to the 'FORCE_COLOR' env being set.
(Use `node --trace-warnings ...` to show where the warning was created)
  x  399 [firefox] › tests\fe014.spec.ts:237:1 › FE014.AC03 partial receipt posts only accepted units to synthetic stock and payable once (3.0m)
(node:63332) Warning: The 'NO_COLOR' env is ignored due to the 'FORCE_COLOR' env being set.
(Use `node --trace-warnings ...` to show where the warning was created)
  x  400 [firefox] › tests\fe014.spec.ts:308:1 › FE014.D03/D04/D07 replenishment uses min-max rules, labels forecast limits, and blocks duplicate proposals (5.5s)
(node:82584) Warning: The 'NO_COLOR' env is ignored due to the 'FORCE_COLOR' env being set.
(Use `node --trace-warnings ...` to show where the warning was created)
  ok 401 [firefox] › tests\fe015.spec.ts:56:1 › FE015.AC01 report filters use exact timezone boundaries and mock API aggregates (2.5s)
  ok 402 [firefox] › tests\fe015.spec.ts:106:1 › FE021.E08 report explanation is mock-only, cites the filtered P&L snapshot, and never writes finance data (1.6s)
  ok 403 [firefox] › tests\fe015.spec.ts:127:1 › UI003 report timestamps follow the active shop timezone (4.0s)
  ok 404 [firefox] › tests\fe015.spec.ts:184:1 › FE015.E02/E03 profit report renders canonical cost, gross-profit and operating-expense values (1.2s)
  ok 405 [firefox] › tests\fe015.spec.ts:212:1 › FE015.AC02 journal rejects unbalanced decimal lines before POST and sends exact money strings (4.8s)
  x  406 [firefox] › tests\fe015.spec.ts:247:1 › FE015.AC02 closed accounting period is visible and disables journal draft creation (6.7s)
(node:68112) Warning: The 'NO_COLOR' env is ignored due to the 'FORCE_COLOR' env being set.
(Use `node --trace-warnings ...` to show where the warning was created)
  ok 407 [firefox] › tests\fe015.spec.ts:271:1 › FE015.AC03 CSV import keeps partial row failures visible and deduplicates external transactions (5.0s)
  ok 408 [firefox] › tests\fe015.spec.ts:294:1 › UI001 reconciliation cursors stay scoped and dialogs load choices beyond the visible table page (14.1s)
  ok 409 [firefox] › tests\fe015.spec.ts:421:1 › FE015.AC03 COD settlement matches net remittance plus documented fee (6.4s)
  ok 410 [firefox] › tests\fe015.spec.ts:456:1 › FE015.AC03 partial bank allocation leaves the remaining amount and debt visible (4.4s)
  ok 411 [firefox] › tests\fe015.spec.ts:482:1 › FE015.AC03 unknown journal posting is not resent from the same draft (6.1s)
  ok 412 [firefox] › tests\fe016.spec.ts:70:1 › UI015 mobile demo tools disclose by keyboard and inbox stays within narrow viewports (1.9s)
  ok 413 [firefox] › tests\fe016.spec.ts:103:1 › FE016 conversation keeps its composer visible while long demo context scrolls independently (1.7s)
  ok 414 [firefox] › tests\fe016.spec.ts:210:1 › FE016.AC01 inbox filters call canonical query fields and remain bookmarked through conversation details (2.5s)
  ok 415 [firefox] › tests\fe016.spec.ts:238:1 › Shared consolidation Inbox preserves selected filters and composer draft through metadata pending error empty and recovery (2.5s)
  ok 416 [firefox] › tests\fe016.spec.ts:298:1 › FE016.AC01 list cursor is isolated from message cursor and restored on back navigation (2.0s)
  ok 417 [firefox] › tests\fe016.spec.ts:317:1 › UI002 inbox list and message cursors stay independent through paging, conversation switch and shop change (3.8s)
  ok 418 [firefox] › tests\fe016.spec.ts:406:1 › UI002 mobile keeps the list page while messages page and Back restores it (2.9s)
  ok 419 [firefox] › tests\fe016.spec.ts:450:1 › UI002 Inbox search resets only the list cursor while a message page is open (2.6s)
  ok 420 [firefox] › tests\fe016.spec.ts:507:1 › UI002 deep link, refresh and mobile Back preserve their own cursors (2.4s)
  ok 421 [firefox] › tests\fe016.spec.ts:561:1 › UI002 list and message panel errors remain isolated (6.0s)
  ok 422 [firefox] › tests\fe016.spec.ts:585:1 › UI002 send, invalidation and resync keep both cursors and send only once (3.0s)
  x  423 [firefox] › tests\fe016.spec.ts:645:1 › FE016.AC01 takeover and reply use current versions and show API send state without claiming delivery (7.6s)
(node:91352) Warning: The 'NO_COLOR' env is ignored due to the 'FORCE_COLOR' env being set.
(Use `node --trace-warnings ...` to show where the warning was created)
  x  424 [firefox] › tests\fe016.spec.ts:672:1 › FE016.AC02 internal notes render HTML-like text inert and feedback creates only a review draft (8.4s)
(node:80588) Warning: The 'NO_COLOR' env is ignored due to the 'FORCE_COLOR' env being set.
(Use `node --trace-warnings ...` to show where the warning was created)
  ok 425 [firefox] › tests\fe016.spec.ts:703:1 › FE016.AC03 unknown send keeps the reply draft, exposes command recovery and never blindly resends (3.4s)
  x  426 [firefox] › tests\fe016.spec.ts:726:1 › FE016.AC04 role without customer/order permissions cannot open those cross-module references (6.3s)
(node:49892) Warning: The 'NO_COLOR' env is ignored due to the 'FORCE_COLOR' env being set.
(Use `node --trace-warnings ...` to show where the warning was created)
  ok 427 [firefox] › tests\fe016.spec.ts:737:1 › FE016.S03 stale takeover preserves reason and reports the version conflict (3.8s)
  ok 428 [firefox] › tests\fe016.spec.ts:753:1 › FE016.B05 cross-sell promotion preview shows sample rules without applying a discount (1.6s)
  ok 429 [firefox] › tests\fe016.spec.ts:767:1 › FE016.B08 capability-driven image, voice and document media upload and send by scoped file IDs (3.3s)
  ok 430 [firefox] › tests\fe016.spec.ts:833:1 › FE016.B09 pending media send preserves newer text and blocks blind retry after unknown outcome (5.7s)
  ok 431 [firefox] › tests\fe016.spec.ts:877:1 › FE016.B10 a channel without an explicit media policy keeps text composer and denies attachments (1.4s)
  ok 432 [firefox] › tests\fe016.spec.ts:889:1 › FE027.B01 industry sales script preview asks for missing facts and stays a local draft (1.8s)
  ok 433 [firefox] › tests\fe016.spec.ts:905:1 › FE027.B02 inbox price and available stock preview uses current canonical mock reads (1.3s)
  ok 434 [firefox] › tests\fe016.spec.ts:926:1 › FE027.B03 order capture links the active customer and conversation into the manual order form (1.9s)
  ok 435 [firefox] › tests\fe016.spec.ts:936:1 › FE027.B04 automatic order confirmation stays unavailable until policy and customer evidence exist (1.4s)
  ok 436 [firefox] › tests\fe017-validation.spec.ts:15:1 › FE017 synthetic 422 keeps the knowledge draft fields and shows field errors (3.0s)
  ok 437 [firefox] › tests\fe017.spec.ts:26:1 › FE017.AC01 demo publishing uses the approved permission and lifecycle substitute without an API allowedActions field (4.9s)
  ok 438 [firefox] › tests\fe017.spec.ts:117:1 › FE017.AC02 knowledge file upload sends canonical purpose and detail reads processing status (2.6s)
  ok 439 [firefox] › tests\fe017.spec.ts:156:1 › FE017 price and stock source preview uses canonical product and timestamped inventory APIs (1.1s)
  ok 440 [firefox] › tests\fe017.spec.ts:189:1 › FE017.AC03 missing content, unsupported and oversized files keep creation unavailable (1.8s)
  ok 441 [firefox] › tests\fe017.spec.ts:211:1 › FE017.AC04 feedback approval creates inert draft content and its first revision only (3.5s)
  x  442 [firefox] › tests\fe017.spec.ts:244:1 › FE017.AC05 manager sees knowledge read-only and synthetic API rejects purpose-specific upload and publish (6.3s)
(node:91744) Warning: The 'NO_COLOR' env is ignored due to the 'FORCE_COLOR' env being set.
(Use `node --trace-warnings ...` to show where the warning was created)
  ok 443 [firefox] › tests\fe017.spec.ts:265:1 › FE017.AC06 stale review preserves the reason and explains the conflict (2.6s)
  ok 444 [firefox] › tests\fe017.spec.ts:280:1 › FE027.G02 product content brief edits source, size, warranty, alternatives, and forbidden claims locally (4.9s)
  ok 445 [firefox] › tests\fe017.spec.ts:298:1 › FE027.G03 policy revisions keep the published snapshot immutable when a draft changes (1.3s)
  ok 446 [firefox] › tests\fe018.spec.ts:130:1 › FE018.S01 maps routes and operations to the canonical OpenAPI permissions (466ms)
  x  447 [firefox] › tests\fe018.spec.ts:147:1 › FE018.AC01/04 draft saves use the contract version and keep human order confirmation locked after a conflict (6.5s)
(node:3244) Warning: The 'NO_COLOR' env is ignored due to the 'FORCE_COLOR' env being set.
(Use `node --trace-warnings ...` to show where the warning was created)
  ok 448 [firefox] › tests\fe018.spec.ts:178:1 › FE018.AC03 evaluation is synthetic, revision-bound, and cannot publish a stale draft (5.7s)
  ok 449 [firefox] › tests\fe018.spec.ts:202:1 › FE018.AC01/04 successful publish is tied to the tested revision and pause explains its boundary (4.1s)
  ok 450 [firefox] › tests\fe018.spec.ts:232:1 › FE018.AC03 playground sends no external message and preserves unknown cost and token values (2.5s)
  ok 451 [firefox] › tests\fe018.spec.ts:254:1 › FE018.S03 synthetic budget and tool denials retain the prompt and never show a generated answer (4.2s)
  ok 452 [firefox] › tests\fe018.spec.ts:280:1 › FE027.H03 budget and provider failover preview refuses silent provider switching on exhaustion (2.4s)
  ok 453 [firefox] › tests\fe018.spec.ts:294:1 › FE018.AC02 role kill switch is versioned, preserves API tools, and does not pause the whole bot (5.0s)
  ok 454 [firefox] › tests\fe018.spec.ts:335:1 › FE018.AC02 expired, wrong-scope, and matching approvals produce honest budget results (2.9s)
  ok 455 [firefox] › tests\fe018.spec.ts:363:1 › FE018.AC05 manager and bot-admin roles cannot use operations outside their canonical permissions (3.2s)
  ok 456 [firefox] › tests\fe018.spec.ts:395:1 › FE018.AC05 unknown role command stays unresolved and does not claim successful resumption (3.4s)
UI004_25_ACCEPTANCE={"total":25,"pageSizes":[20,5],"cursor":"evaluation-10016","oldestRecord":"evaluation-10001","oldestReachable":true,"detailPreservedCursor":true,"browserBackRestoredFirstPage":true,"searchResetCursor":true}
  ok 457 [firefox] › tests\fe018.spec.ts:411:1 › UI004 25 evaluations: cursor pages reach the last record and preserve detail, search, and browser Back state (5.0s)
UI004_105_ACCEPTANCE={"total":105,"pageSizes":[20,20,20,20,20,5],"pagesVisited":6,"cursorRequests":["evaluation-10256","evaluation-10196","evaluation-10136","evaluation-10076","evaluation-10016"],"uniqueRecords":105,"oldestRecord":"evaluation-10001","oldestReachable":true,"failedCursorRetainedForRetry":"evaluation-10196","errorShowsNoFabricatedRows":true,"retrySucceeded":true}
  ok 458 [firefox] › tests\fe018.spec.ts:457:1 › UI004 105 evaluations: cursor traversal reaches every record and retains the failing cursor for retry (10.5s)
  ok 459 [firefox] › tests\fe019.spec.ts:21:1 › FE019.S01 maps integrations and notification routes, actions, schemas, and mock boundaries (17ms)
  ok 460 [firefox] › tests\fe019.spec.ts:70:1 › FE019.AC01 AI secret is write-only, cleared after submit, and absent from stored/read data (3.2s)
  ok 461 [firefox] › tests\fe019.spec.ts:117:1 › FE019.AC01 invalid mock credential is rejected, cleared from the form, and not submitted (2.1s)
  ok 462 [firefox] › tests\fe019.spec.ts:138:1 › FE019.AC02 channel OAuth failure stays on the page and never marks a channel connected (1.6s)
  ok 463 [firefox] › tests\fe019.spec.ts:172:1 › FE019.AC03/04 device, Telegram, and PWA checks stay synthetic and do not request OS permission (3.9s)
  ok 464 [firefox] › tests\fe019.spec.ts:251:1 › FE019.AC05 notification policy validates canonical numeric bounds before sending and acknowledges only allowed work (2.5s)
  ok 465 [firefox] › tests\fe019.spec.ts:273:1 › FE019.A03 notification order link stays within the active shop scope (1.9s)
  ok 466 [firefox] › tests\fe019.spec.ts:282:1 › FE019.A05 reminder policy saves shop-local schedule and quiet hours through the synthetic API (1.9s)
  ok 467 [firefox] › tests\fe019.spec.ts:309:1 › FE027.A02/A07 preparation notification keeps order evidence and separates queued, opened, and acknowledged states (1.0s)
  ok 468 [firefox] › tests\fe019.spec.ts:334:1 › FE027.A08 notification settings disclose server-only deduplication and callback safeguards (1.9s)
  ok 469 [firefox] › tests\fe020.spec.ts:43:1 › FE020.AC01 approval detail is fetched and a changed source resource rejects the stale decision (4.5s)
  ok 470 [firefox] › tests\fe020.spec.ts:89:1 › FE020.AC02/03 work-item actions follow allowedActions and operations health stays explicitly synthetic (3.5s)
  ok 471 [firefox] › tests\fe020.spec.ts:140:1 › FE020.AC03 role pause control uses the canonical versioned mock and never claims readiness (2.0s)
  ok 472 [firefox] › tests\fe020.spec.ts:157:1 › FE020.F03 operations exception filter groups overdue, blocked, and unclaimed synthetic work (1.6s)
  x  473 [firefox] › tests\fe020.spec.ts:178:1 › FE020.F05 delegation rule preview stays local and grants no API approval capability (3.0m)
(node:21156) Warning: The 'NO_COLOR' env is ignored due to the 'FORCE_COLOR' env being set.
(Use `node --trace-warnings ...` to show where the warning was created)
  ok 474 [firefox] › tests\fe020.spec.ts:195:1 › FE020.F06/H01 digest and dependency health panels show synthetic history without claiming workers are ready (1.8s)
  ok 475 [firefox] › tests\fe020.spec.ts:228:1 › FE027.H08 restore and release readiness stay unknown without a verified rehearsal or deployment gate (5.8s)
  ok 476 [firefox] › tests\fe021.spec.ts:34:1 › FE021 dashboard keeps independent panels usable and hides finance fields without finance.read (2.0s)
  ok 477 [firefox] › tests\fe021.spec.ts:46:1 › FE021 timezone and privacy validation waits for interaction and blocks invalid writes (4.2s)
  ok 478 [firefox] › tests\fe021.spec.ts:82:1 › FE021 approval and shipment work queues appear before sample previews (2.9s)
  ok 479 [firefox] › tests\fe021.spec.ts:104:1 › FE021 marketing filters preserve API-side aggregates, URL context and missing actual spend (4.6s)
  ok 480 [firefox] › tests\fe021.spec.ts:160:1 › FE021 export uses inclusive shop-local boundaries, safe CSV, API jobs and cursor pagination (4.4s)
  ok 481 [firefox] › tests\fe021.spec.ts:215:1 › FE021 mock rejects an export when reports.export lacks the source permission (1.5s)
  ok 482 [firefox] › tests\fe021.spec.ts:235:1 › FE021 mock rejects an invalid report timezone before creating an export job (1.5s)
  ok 483 [firefox] › tests\fe021.spec.ts:255:1 › FE021 ambiguous export result preserves the selected dates and never exposes a download (3.1s)
  ok 484 [firefox] › tests\fe021.spec.ts:268:1 › FE021 empty report and marketing payloads render explicit empty states (3.1s)
  ok 485 [firefox] › tests\fe021.spec.ts:287:1 › FE021 stale export conflict preserves dates and never exposes a download (2.5s)
  ok 486 [firefox] › tests\frontend-corrections.spec.ts:18:1 › F01 preserves a customer draft, compares three snapshots, and PATCHes only chosen changes (2.7s)
  ok 487 [firefox] › tests\frontend-corrections.spec.ts:46:1 › F01 requires an explicit choice for a field changed by both editors (2.1s)
  ok 488 [firefox] › tests\frontend-corrections.spec.ts:62:1 › F06 detects an order draft and blocks navigation until explicit discard (1.9s)
  ok 489 [firefox] › tests\frontend-corrections.spec.ts:75:1 › F02 retains an unsaved product image through an unrelated refetch (1.5s)
  ok 490 [firefox] › tests\frontend-corrections.spec.ts:87:1 › F03 retains notification-policy inputs through a background resync and navigation (1.3s)
  x  491 [firefox] › tests\frontend-corrections.spec.ts:98:1 › F05 keeps text typed while a previous internal note is pending (7.6s)
(node:82956) Warning: The 'NO_COLOR' env is ignored due to the 'FORCE_COLOR' env being set.
(Use `node --trace-warnings ...` to show where the warning was created)
  ok 492 [firefox] › tests\frontend-corrections.spec.ts:113:1 › F08 validates 4001 customer-note characters at the field and accepts 4000 (3.1s)
  ok 493 [firefox] › tests\frontend-corrections.spec.ts:147:1 › F07 routes the fulfillment footer close through the shared discard guard (6.1s)
  ok 494 [firefox] › tests\frontend-corrections.spec.ts:161:1 › F09 refreshes new Inbox messages without refetching the visible product and stock snapshots (1.7s)
  x  495 [firefox] › tests\frontend-corrections.spec.ts:191:1 › F01 shop settings merges a server-only locale change and preserves edits typed during save (6.3s)
(node:88056) Warning: The 'NO_COLOR' env is ignored due to the 'FORCE_COLOR' env being set.
(Use `node --trace-warnings ...` to show where the warning was created)
  ok 496 [firefox] › tests\frontend-corrections.spec.ts:217:1 › F03 privacy policy preserves refetch drafts and compares before applying the newest version (2.9s)
  ok 497 [firefox] › tests\frontend-corrections.spec.ts:234:1 › F01 category keeps a late edit after saving, and reopens with a clean current baseline (3.3s)
  ok 498 [firefox] › tests\frontend-corrections.spec.ts:255:1 › F01 supplier preserves a concurrent server-only term and PATCHes the local name (1.7s)
  ok 499 [firefox] › tests\frontend-corrections.spec.ts:272:1 › F08 customer update enforces 4000/4001 before HTTP and retains a 422 draft (1.9s)
  x  500 [firefox] › tests\frontend-corrections.spec.ts:300:1 › F05 keeps mode changes and unknown sends, locks another send, and observes recovery-registry completion (3.0m)
(node:31708) Warning: The 'NO_COLOR' env is ignored due to the 'FORCE_COLOR' env being set.
(Use `node --trace-warnings ...` to show where the warning was created)
  ok 501 [firefox] › tests\frontend-corrections.spec.ts:326:1 › F01 order editor keeps its original version and compares whole line lists before PATCH (7.6s)
  ok 502 [firefox] › tests\frontend-corrections.spec.ts:348:1 › F06 guards added order rows, shop switch, logout and native reload; successful creation leaves no false guard (14.5s)
  ok 503 [firefox] › tests\frontend-corrections.spec.ts:373:1 › F01 analogous return-inspection draft does not adopt a refetched version without comparison (2.4s)
  ok 504 [firefox] › tests\frontend-corrections.spec.ts:397:1 › F01 comparison supports keyboard choices, server changes again, axe and 320px reflow with long content (2.6s)
  x  505 [firefox] › tests\frontend-corrections.spec.ts:426:1 › F08 privacy bounds reject invalid days and long jurisdiction before HTTP (6.6s)
(node:34680) Warning: The 'NO_COLOR' env is ignored due to the 'FORCE_COLOR' env being set.
(Use `node --trace-warnings ...` to show where the warning was created)
  ok 506 [firefox] › tests\frontend-corrections.spec.ts:451:1 › F06 order custom close respects the draft guard and busy editors remain protected (8.2s)
  ok 507 [firefox] › tests\frontend.spec.ts:41:1 › catalog create uses the HTTP mock and successful save clears the draft guard (4.4s)
  ok 508 [firefox] › tests\frontend.spec.ts:58:1 › dirty drafts block in-app navigation and preserve input until the user decides (3.0s)
  ok 509 [firefox] › tests\frontend.spec.ts:76:1 › all canonical routes render inside the real React demo application (1.0m)
  ok 510 [firefox] › tests\frontend.spec.ts:101:1 › switching shops cancels a delayed request and loads only the new shop scope (6.1s)
  ok 511 [firefox] › tests\frontend.spec.ts:119:1 › role changes remove restricted navigation and the route guard explains denied access (1.5s)
  ok 512 [firefox] › tests\frontend.spec.ts:132:1 › deep links survive browser refresh and logout clears the mock session (3.3s)
  ok 513 [firefox] › tests\frontend.spec.ts:145:1 › logout asks before discarding a draft and retains the session when logout fails (2.4s)
  ok 514 [firefox] › tests\frontend.spec.ts:202:1 › mobile navigation opens, routes, and closes without viewport overflow (2.9s)
  ok 515 [firefox] › tests\frontend.spec.ts:216:1 › chunk loading errors use the route recovery boundary (1.5s)
  ok 516 [firefox] › tests\frontend.spec.ts:255:1 › live mode reports an unavailable session API without enabling mock data (398ms)
  x  517 [firefox] › tests\route-role-matrix.spec.ts:44:1 › route read access matches canonical permissions for every demo role (155ms)
(node:56608) Warning: The 'NO_COLOR' env is ignored due to the 'FORCE_COLOR' env being set.
(Use `node --trace-warnings ...` to show where the warning was created)
  ok 518 [firefox] › tests\security.spec.ts:36:1 › untrusted product text renders as text without activating markup (10.2s)
  ok 519 [firefox] › tests\security.spec.ts:54:1 › catalog import rejects a non-CSV file before an upload request (1.5s)
  ok 520 [firefox] › tests\security.spec.ts:72:1 › catalog import rejects files above the demo size limit before upload (1.5s)
  x  521 [firefox] › tests\security.spec.ts:90:1 › mock uploads require a purpose, enforce its role, and fingerprint file content for retries (7.3s)
(node:78596) Warning: The 'NO_COLOR' env is ignored due to the 'FORCE_COLOR' env being set.
(Use `node --trace-warnings ...` to show where the warning was created)
VITE_CACHE_ISOLATION=PASS rootA=C:\Users\Joker-PC\AppData\Local\Temp\botsales-vite-cache\ea27c7577456f6009d55\test-demo\playwright-78596-9a9e06ba-568f-49a2-81a5-0afd80535584-parallel-a rootB=C:\Users\Joker-PC\AppData\Local\Temp\botsales-vite-cache\ea27c7577456f6009d55\test-demo\playwright-78596-9a9e06ba-568f-49a2-81a5-0afd80535584-parallel-b otherCheckout=true
  ok 522 [firefox] › tests\session\demo-server-cache-isolation.spec.ts:7:1 › concurrent demo servers use isolated Vite caches and load the React app (2.6s)
  ok 523 [firefox] › tests\session\demo-worker-startup.spec.ts:17:1 › demo conditional module requests return complete exports without changing live or non-asset caching (3.6s)
  ok 524 [firefox] › tests\session\demo-worker-startup.spec.ts:80:1 › demo startup explains the required setup when the browser blocks Service Workers (387ms)
  ok 525 [firefox] › tests\session\session-revocation.spec.ts:20:1 › session.revoked SSE closes the stream and clears the active shop session (2.0s)
  ok 526 [firefox] › tests\session\session-unauthorized.spec.ts:17:1 › expired live session redirects to login and preserves the requested shop route (1.2s)
  ok 527 [firefox] › tests\states\fe023.spec.ts:18:1 › FE023.S04 a dirty dialog keeps the form value until the user confirms discard (2.5s)
  ok 528 [firefox] › tests\states\fe023.spec.ts:36:1 › FE023.S03 a customer lookup loads the next cursor page without dropping earlier choices (2.4s)
  ok 529 [firefox] › tests\states\fe023.spec.ts:77:1 › FE023.S04 delayed requests show loading and failed refresh keeps a retry path (7.9s)
  ok 530 [firefox] › tests\states\fe023.spec.ts:107:1 › FE023 unsaved shop settings are preserved when navigation switches shop scope (3.0s)
  ok 531 [firefox] › tests\states\fe023.spec.ts:125:1 › FE023 a saved shop form resets its dirty baseline and reports success (2.2s)
ROUTE_EMPTY_COMPOSITION_PROGRESS=3/11
ROUTE_EMPTY_COMPOSITION_PROGRESS=6/11
ROUTE_EMPTY_COMPOSITION_PROGRESS=9/11
ROUTE_EMPTY_COMPOSITION=11/11 RESULT=PASS
  ok 532 [firefox] › tests\states\route-empty-composition.spec.ts:29:1 › empty collection responses render accessible empty states on canonical list routes (4.5s)
  x  533 [firefox] › tests\states\route-error-composition.spec.ts:28:1 › every shop route composes the shared API error state with its page content (440ms)
(node:2388) Warning: The 'NO_COLOR' env is ignored due to the 'FORCE_COLOR' env being set.
(Use `node --trace-warnings ...` to show where the warning was created)
  ok 534 [firefox] › tests\ui-bot-layout.spec.ts:42:1 › Bot routes R26/R27/R28/R51 fit the supported page-width boundaries (26.2s)
  ok 535 [firefox] › tests\ui-bot-layout.spec.ts:52:1 › Bot config, evaluation, role and budget dialogs stay inside mobile and desktop viewports (16.9s)
  ok 536 [firefox] › tests\ui-catalog-layout.spec.ts:15:1 › catalog R09-R14 keeps shared gutters, inset ownership and dry-run flow at mobile and desktop (16.2s)
  ok 537 [firefox] › tests\ui-catalog-layout.spec.ts:67:1 › Imports review notice and demo controls keep the measured shared disclosure boundary at 806x884 (1.6s)
  ok 538 [firefox] › tests\ui-component-layout.spec.ts:40:1 › A01 order lines keep intrinsic remove actions with clean and invalid quantities (5.5s)
  ok 539 [firefox] › tests\ui-component-layout.spec.ts:61:1 › A02 product editors align category and status faces independently from lookup metadata (11.1s)
  ok 540 [firefox] › tests\ui-component-layout.spec.ts:84:1 › Shared outlined labels focus empty and populated native controls (1.7s)
  ok 541 [firefox] › tests\ui-component-layout.spec.ts:99:1 › A02 variant fields retain readable widths when text doubles (13.9s)
  ok 542 [firefox] › tests\ui-component-layout.spec.ts:130:1 › A03 import mapping preserves natural remove actions and editable mappings (5.0s)
  ok 543 [firefox] › tests\ui-component-layout.spec.ts:150:1 › A04 full precision money wraps outside tables and remains unbroken in the named scroll region (6.3s)
  ok 544 [firefox] › tests\ui-component-layout.spec.ts:176:1 › A05 status height follows its own label while long labels remain fully readable (4.9s)
  ok 545 [firefox] › tests\ui-component-layout.spec.ts:196:1 › A06 Empty wraps unbroken reference text and retains its keyboard action (5.2s)
  ok 546 [firefox] › tests\ui-component-layout.spec.ts:209:1 › A07 canonical order address selection exposes full text and edit lines retain intrinsic actions (10.5s)
  ok 547 [firefox] › tests\ui-composition-layout.spec.ts:13:1 › SPC-061/062 shared compositions own their gap and child boundaries on every canonical route (2.4m)
  ok 548 [firefox] › tests\ui-composition-positive-ancestry.spec.ts:62:1 › S15 Dashboard conditional content keeps an independently bordered surface inside its Panel owner (3.6s)
  ok 549 [firefox] › tests\ui-composition-positive-ancestry.spec.ts:103:1 › S15 catalog QueryState fragment keeps DataTable and Pager as peer children of one Panel (3.7s)
  ok 550 [firefox] › tests\ui-composition-positive-ancestry.spec.ts:137:1 › S15 Knowledge action group wraps children without losing its shared action owner (3.8s)
  ok 551 [firefox] › tests\ui-consent-management.spec.ts:16:1 › R35 creates a pending challenge from API and shows consent history without local opt-out state (2.2s)
  ok 552 [firefox] › tests\ui-consent-management.spec.ts:36:1 › R61 confirms an opt-out through POST body, removes the token from URL and leaves service messages available (969ms)
  ok 553 [firefox] › tests\ui-consent-management.spec.ts:74:1 › R61 public confirmation remains keyboard-accessible and reflows at 320px (2.7s)
  ok 554 [firefox] › tests\ui-customers-layout.spec.ts:30:1 › Customers R07/R08/R54 layouts fit the shell at every responsive boundary (19.6s)
  ok 555 [firefox] › tests\ui-customers-layout.spec.ts:59:1 › Customer create and service-case dialogs stay in the viewport without submitting (6.2s)
  ok 556 [firefox] › tests\ui-dashboard-layout.spec.ts:17:1 › Shared consolidation Dashboard primary link respects all eight permission tuples and native anchor interactions (5.6s)
  ok 557 [firefox] › tests\ui-dashboard-layout.spec.ts:69:1 › dashboard hierarchy, CTA targets, and page width hold across supported breakpoints (2.4s)
  ok 558 [firefox] › tests\ui-density-layout.spec.ts:10:1 › density table saves row space while preserving action target and data (5.1s)
  x  559 [firefox] › tests\ui-density-layout.spec.ts:22:1 › density divided facts list has one row inset and no additional inter-row gap (6.5s)
(node:80508) Warning: The 'NO_COLOR' env is ignored due to the 'FORCE_COLOR' env being set.
(Use `node --trace-warnings ...` to show where the warning was created)
  ok 560 [firefox] › tests\ui-density-layout.spec.ts:33:1 › density demo disclosure retains state and always shows the synthetic warning (44.2s)
  ok 561 [firefox] › tests\ui-density-layout.spec.ts:48:1 › density operational Panel uses 12px boundary while complex form and reading Panel keep comfortable rhythm (7.8s)
  ok 562 [firefox] › tests\ui-density-layout.spec.ts:60:1 › density simple category editor keeps labels, errors and keyboard reflow usable (9.9s)
  ok 563 [firefox] › tests\ui-finance-layout.spec.ts:30:1 › Finance R20/R21/R22/R48/R49/R50 route layouts retain shell gutter without horizontal overflow from 320–1440px (36.8s)
  ok 564 [firefox] › tests\ui-finance-layout.spec.ts:62:1 › titled Finance Panels keep one 12px header-to-first-content boundary (9.2s)
  ok 565 [firefox] › tests\ui-finance-layout.spec.ts:129:1 › Finance report, entry, journal, reconciliation and period dialogs remain in the viewport without submitting (14.7s)
  ok 566 [firefox] › tests\ui-finance-management.spec.ts:14:1 › C06 opening validates before HTTP and preserves added/removed list drafts through every close guard (2.9s)
  ok 567 [firefox] › tests\ui-finance-management.spec.ts:19:1 › C06 opening UI posts only its reviewed version and reports/ledger drill down to real journal IDs (7.3s)
  ok 568 [firefox] › tests\ui-finance-management.spec.ts:25:1 › C06 opening conflict retains whole lists and reconciles two changing server versions without forced retry (7.8s)
  ok 569 [firefox] › tests\ui-finance-management.spec.ts:31:1 › C06 finance entry validation and refetch conflict keep the saved baseline and draft (4.1s)
  ok 570 [firefox] › tests\ui-finance-management.spec.ts:35:1 › C06 all new financial routes and dialog use keyboard/axe and reflow at required widths (49.0s)
  ok 571 [firefox] › tests\ui-fulfillment-layout.spec.ts:30:1 › Fulfillment R41/R42 preserve shell gutter and contain responsive route layouts from 320-1440px (13.2s)
  ok 572 [firefox] › tests\ui-fulfillment-layout.spec.ts:59:1 › Fulfillment prep, shipment-create, detail and event dialogs fit mobile and desktop without submitting (6.5s)
  ok 573 [firefox] › tests\ui-integrations-layout.spec.ts:40:1 › Integrations routes R29/R30 fit the supported page-width boundaries (13.4s)
  ok 574 [firefox] › tests\ui-integrations-layout.spec.ts:50:1 › R29 disconnect and R30 create/edit credential dialogs stay inside mobile and desktop viewports (10.6s)
  ok 575 [firefox] › tests\ui-inventory-layout.spec.ts:15:1 › Inventory R15/R16 preserve shared gutter and contain table overflow at 320-1440px (14.3s)
  ok 576 [firefox] › tests\ui-inventory-layout.spec.ts:51:1 › Inventory filters reset cursor and preserve other URL state; adjustment validation sends no command (7.3s)
  ok 577 [firefox] › tests\ui-knowledge-layout.spec.ts:56:1 › Knowledge routes R23/R24/R25 fit every supported layout boundary (25.2s)
  ok 578 [firefox] › tests\ui-knowledge-layout.spec.ts:76:1 › Knowledge create, edit, and feedback-review dialogs remain inside mobile and desktop viewports (14.0s)
  ok 579 [firefox] › tests\ui-master-resources.spec.ts:13:1 › C05 warehouses validate before HTTP, protect drafts and create/update/archive with visible results (5.8s)
  ok 580 [firefox] › tests\ui-master-resources.spec.ts:26:1 › C05 warehouse conflicts keep the draft across two concurrent versions and require explicit reconciliation (3.2s)
  ok 581 [firefox] › tests\ui-master-resources.spec.ts:34:1 › C05 accounts create and protect used fields; journal choices come from the same API lookup (3.0s)
  ok 582 [firefox] › tests\ui-master-resources.spec.ts:40:1 › C05 customer address UI never replays a masked phone and orders load per-customer addresses (4.0s)
  ok 583 [firefox] › tests\ui-master-resources.spec.ts:46:1 › C05 new management routes and address dialog reflow at all required widths with keyboard and axe (30.0s)
  ok 584 [firefox] › tests\ui-master-resources.spec.ts:58:1 › C05 complete customer addresses create/archive through HTTP; masked mandatory fields prevent creation (3.3s)
  ok 585 [firefox] › tests\ui-master-resources.spec.ts:77:1 › C05 an unknown warehouse creation keeps the draft and prevents a second request (1.8s)
  ok 586 [firefox] › tests\ui-notifications-layout.spec.ts:40:1 › R39/R40 Notifications routes fit the supported page-width boundaries (13.5s)
  ok 587 [firefox] › tests\ui-notifications-layout.spec.ts:50:1 › R40 revoke-device confirmation stays inside mobile and desktop viewports (5.1s)
  ok 588 [firefox] › tests\ui-operations-layout.spec.ts:41:1 › R37/R38/R52 Operations routes fit the supported page-width boundaries (19.8s)
  ok 589 [firefox] › tests\ui-operations-layout.spec.ts:51:1 › R52 role-control confirmation stays inside mobile and desktop viewports (6.5s)
  ok 590 [firefox] › tests\ui-orders-layout.spec.ts:15:1 › Orders R17/R18/R19/R43 preserve responsive page geometry at 320-1440px (25.6s)
  ok 591 [firefox] › tests\ui-orders-layout.spec.ts:46:1 › Orders draft, versioned quote, canonical address snapshot and return dialogs keep their behavior without writes (11.7s)
  x  592 [firefox] › tests\ui-panel-layout.spec.ts:15:1 › the titled Fulfillment Panel owns its body inset and keeps one 12px header boundary (7.3s)
(node:54188) Warning: The 'NO_COLOR' env is ignored due to the 'FORCE_COLOR' env being set.
(Use `node --trace-warnings ...` to show where the warning was created)
  ok 593 [firefox] › tests\ui-procurement-layout.spec.ts:38:1 › Procurement R44-R47 preserve shared page gutter and contain responsive tables at 320-1440px (1.0m)
  x  594 [firefox] › tests\ui-procurement-layout.spec.ts:69:1 › Procurement supplier, offer, rule, purchase and receipt dialogs fit narrow and desktop viewports without writes (12.6s)
(node:16344) Warning: The 'NO_COLOR' env is ignored due to the 'FORCE_COLOR' env being set.
(Use `node --trace-warnings ...` to show where the warning was created)
  ok 595 [firefox] › tests\ui-query-state-layout.spec.ts:68:5 › S12 R09 QueryState section profile preserves pending and ready layout (14.1s)
  ok 596 [firefox] › tests\ui-query-state-layout.spec.ts:68:5 › S12 R11 QueryState inline profile preserves pending and ready layout (9.7s)
  ok 597 [firefox] › tests\ui-shell-layout.spec.ts:45:1 › Shell keeps header, banner, main and footer on one responsive gutter (2.5s)
  ok 598 [firefox] › tests\ui-shell-layout.spec.ts:106:1 › demo controls stay discoverable on mobile and usable on desktop (1.2s)
  ok 599 [firefox] › tests\ui-shell-layout.spec.ts:124:1 › SPC-055/057 demo-control labels keep a clear gap on every Shell route consumer (40.1s)
  ok 600 [firefox] › tests\ui-shell-layout.spec.ts:149:1 › unmatched route fallback owns its page gutter without horizontal overflow (562ms)
  ok 601 [firefox] › tests\ui-toolbar-layout.spec.ts:33:1 › Shared Toolbar and demo tools keep labels clear when text doubles (5.6s)
  ok 602 [firefox] › tests\ui-toolbar-layout.spec.ts:61:1 › Toolbar geometry: multiline category lookup cannot stretch the search button (1.7s)
  ok 603 [firefox] › tests\ui-toolbar-layout.spec.ts:78:1 › Shared consolidation Inbox filters share Toolbar ownership and stay outside search across pane widths (13.3s)
  ok 604 [firefox] › tests\ui-toolbar-layout.spec.ts:121:1 › Toolbar affected routes keep intrinsic actions, capability branches and 320px reflow (59.3s)
  ok 605 [firefox] › tests\ui-toolbar-layout.spec.ts:146:1 › Toolbar public extra slot cannot stretch a single-line submit action (1.6s)
  ok 606 [firefox] › tests\ui-toolbar-layout.spec.ts:163:1 › Toolbar preserves Products URL filters, search submit, clear and independent category lookup (3.7s)
  ok 607 [firefox] › tests\ui-toolbar-layout.spec.ts:199:1 › Toolbar keeps Inventory apply/reset separate from search submission (5.6s)
  ok 608 [firefox] › tests\ui-toolbar-layout.spec.ts:219:1 › Toolbar category more/busy/error/retry branches preserve search geometry and actual pagination (4.1s)
  ok 609 [firefox] › tests\ui-ux-completion.spec.ts:9:1 › UX01 setup feedback CTA reaches review workflow rather than dynamic knowledge detail (2.5s)
  ok 610 [firefox] › tests\ui-ux-completion.spec.ts:15:1 › UX02 stock warnings describe low/zero stock without implying a server block (1.4s)
  ok 611 [firefox] › tests\ui-ux-completion.spec.ts:22:1 › UX02 inventory receipts and accounting open periods have domain-specific names (2.7s)
  ok 612 [firefox] › tests\ui-ux-completion.spec.ts:31:1 › UX04 onboarding protects the whole draft on leave and reload (11.8s)
  ok 613 [firefox] › tests\ui-ux-completion.spec.ts:52:1 › UX04 acknowledged shop creation leaves without a false dirty warning (1.5s)
  ok 614 [firefox] › tests\ui-ux-completion.spec.ts:60:1 › UX05 product detail returns to committed filters; direct links use the list fallback (4.0s)
  ok 615 [firefox] › tests\ui-ux-completion.spec.ts:70:60 › UX05 customers list returns to its own filter context (2.9s)
  ok 616 [firefox] › tests\ui-ux-completion.spec.ts:70:60 › UX05 orders list returns to its own filter context (2.8s)
  ok 617 [firefox] › tests\ui-ux-completion.spec.ts:70:60 › UX05 knowledge list returns to its own filter context (2.8s)
  ok 618 [firefox] › tests\ui-ux-completion.spec.ts:86:1 › UX03 category, member and AI deletion confirmations name the selected object and consequence (4.0s)
  ok 619 [firefox] › tests\ui-ux-completion.spec.ts:108:1 › UX07 titles and breadcrumb distinguish create/detail/review; menu empty state clears with focus (2.2s)
  ok 620 [firefox] › tests\ui-ux-completion.spec.ts:126:1 › UX10 multi-table pages have distinct business names (2.7s)
  ok 621 [firefox] › tests\ui-ux-completion.spec.ts:136:1 › UX06 AI capability names and states are readable in Vietnamese (1.4s)
  ok 622 [firefox] › tests\ui-ux-completion.spec.ts:143:1 › UX15 detail captions reflow without splitting short words across all required viewports (2.3s)
  ok 623 [firefox] › tests\ui-width-layout.spec.ts:29:1 › W01 AI single connection fills its collection at breakpoint edges and wide viewports (8.1s)
  ok 624 [firefox] › tests\ui-width-layout.spec.ts:42:1 › W01 AI keeps two-column collection for two/three items and refetch preserves the new count (3.9s)
  ok 625 [firefox] › tests\ui-width-layout.spec.ts:63:1 › W01 AI empty result keeps one accessible create action and no empty grid (1.9s)
  ok 626 [firefox] › tests\ui-width-layout.spec.ts:72:35 › W01 workspace collection handles 0 visible shops (6.5s)
  ok 627 [firefox] › tests\ui-width-layout.spec.ts:72:35 › W01 workspace collection handles 1 visible shops (6.4s)
  ok 628 [firefox] › tests\ui-width-layout.spec.ts:72:35 › W01 workspace collection handles 2 visible shops (6.4s)
  ok 629 [firefox] › tests\ui-width-layout.spec.ts:72:35 › W01 workspace collection handles 3 visible shops (6.4s)
  x  630 [firefox] › tests\ui-width-layout.spec.ts:104:1 › W02 full-width form groups fill their panel and retain input/mapping/shipping behavior (3.0m)
(node:57628) Warning: The 'NO_COLOR' env is ignored due to the 'FORCE_COLOR' env being set.
(Use `node --trace-warnings ...` to show where the warning was created)
  ok 631 [firefox] › tests\ui-width-layout.spec.ts:143:1 › W03 notification protection notice occupies the full page row after the two panes (41.6s)
  x  632 [firefox] › tests\ui-width-layout.spec.ts:162:1 › W04 detail rows stay atomic in divided rhythm and plain containers (1.5s)
(node:11076) Warning: The 'NO_COLOR' env is ignored due to the 'FORCE_COLOR' env being set.
(Use `node --trace-warnings ...` to show where the warning was created)
  ok 633 [firefox] › tests\ui-workspace-layout.spec.ts:60:1 › workspace routes stay within the supported page-width boundaries (53.9s)
  ok 634 [firefox] › tests\ui-workspace-layout.spec.ts:72:1 › team invite and privacy request dialogs remain usable without submitting (9.6s)
  ok 635 [firefox] › tests\ui006-lookups.spec.ts:69:1 › UI006.C05 lookup and table cursors reach records after 150 synthetic suppliers, offers, and orders (27.3s)
  ok 636 [firefox] › tests\ui006-lookups.spec.ts:215:1 › UI006.C04 bounded previews disclose their sample and link to full collections (4.0s)
  ok 637 [firefox] › tests\ui006-lookups.spec.ts:232:1 › UI006.C02 selected order identity survives a failed search and cursor retry (2.5s)
  ok 638 [firefox] › tests\ui007-query-states.spec.ts:30:1 › UI007 secondary order query loads independently while the customer profile remains available (3.2s)
  ok 639 [firefox] › tests\ui007-query-states.spec.ts:60:1 › UI007 order query 503 is isolated from the primary customer query and retries only that query (3.6s)
  ok 640 [firefox] › tests\ui007-query-states.spec.ts:94:1 › UI007 forbidden order query is an access state and a successful empty query is distinct (2.3s)
  x  641 [firefox] › tests\ui007-query-states.spec.ts:114:1 › UI007 supplier and offer failures keep purchase suggestions visible and have operation-specific recovery (8.4s)
(node:34280) Warning: The 'NO_COLOR' env is ignored due to the 'FORCE_COLOR' env being set.
(Use `node --trace-warnings ...` to show where the warning was created)
  x  642 [firefox] › tests\ui007-query-states.spec.ts:150:1 › UI007 auto-send budget query is lazy, permission-aware, and blocks an unverified budget (8.2s)
(node:25140) Warning: The 'NO_COLOR' env is ignored due to the 'FORCE_COLOR' env being set.
(Use `node --trace-warnings ...` to show where the warning was created)
  ok 643 [firefox] › tests\ui008-integration-empty.spec.ts:57:1 › UI008 R29 successful empty collection exposes an accessible state and one permission-guarded connect CTA (1.6s)
  x  644 [firefox] › tests\ui008-integration-empty.spec.ts:75:1 › UI008 R29 read-only bot_admin sees the empty state without a manage action (6.4s)
(node:10496) Warning: The 'NO_COLOR' env is ignored due to the 'FORCE_COLOR' env being set.
(Use `node --trace-warnings ...` to show where the warning was created)
  ok 645 [firefox] › tests\ui008-integration-empty.spec.ts:90:1 › UI008 R29 pending channel query stays loading until its response arrives (3.4s)
  ok 646 [firefox] › tests\ui008-integration-empty.spec.ts:108:1 › UI008 R29 forbidden channel query is not presented as empty or retryable (953ms)
  ok 647 [firefox] › tests\ui008-integration-empty.spec.ts:122:1 › UI008 R29 503 remains an error and recovers through its retry control (2.4s)
  ok 648 [firefox] › tests\ui008-integration-empty.spec.ts:143:1 › UI008 R30 successful empty AI connection cards show a first-use state and one add CTA (937ms)
  x  649 [firefox] › tests\ui008-integration-empty.spec.ts:161:1 › UI008 R30 read-only bot_admin sees the empty state without an add action (6.5s)
(node:68996) Warning: The 'NO_COLOR' env is ignored due to the 'FORCE_COLOR' env being set.
(Use `node --trace-warnings ...` to show where the warning was created)
  ok 650 [firefox] › tests\ui009-scope-regression.spec.ts:23:1 › UI009 delayed customer orders from the previous shop cannot leak into the new shop profile (3.3s)
  ok 651 [firefox] › tests\ui010-dialog-draft.spec.ts:15:1 › UI010 a discarded confirmation reason is cleared before the dialog opens again (3.4s)
  ok 652 [firefox] › tests\ui011-date-time.spec.ts:16:1 › UI011 report defaults use the active shop calendar month at a UTC month boundary (2.4s)
  ok 653 [firefox] › tests\ui011-date-time.spec.ts:29:1 › UI011 journal effective date defaults to the active shop calendar date (1.7s)
  ok 654 [firefox] › tests\ui011-date-time.spec.ts:41:1 › UI011 shipment event input and API instant use the shop timezone, not browser timezone (1.9s)
  ok 655 [firefox] › tests\ui012-keyboard.spec.ts:42:1 › UI012 keyboard-only finance edit handles select, discard warning and focus return (3.0s)
  ok 656 [firefox] › tests\ui012-keyboard.spec.ts:103:1 › UI012 keyboard validation focuses the field named by a synthetic 422 response (3.7s)
  ok 657 [firefox] › tests\ui012-keyboard.spec.ts:160:1 › UI012 keyboard activates the CSV chooser and discards its selected file without upload (2.3s)
  ok 658 [firefox] › tests\ui012-keyboard.spec.ts:200:1 › UI012 keyboard can reach and horizontally scroll the marketing chart data alternative (2.2s)
  ok 659 [firefox] › tests\ui012-keyboard.spec.ts:227:1 › UI012 marketing chart keeps every category label visible beside its data table (3.5s)
  ok 660 [firefox] › tests\ui012-keyboard.spec.ts:268:1 › UI012 inbox feedback actions identify their message and return focus after Escape (3.1s)
  ok 661 [firefox] › tests\ui012-keyboard.spec.ts:301:1 › UI012 order draft does not announce an untouched required customer as invalid (1.5s)
  x  662 [firefox] › tests\ui012-keyboard.spec.ts:314:1 › UI012 long BotConfig policy literal wraps inside its alert at a 320 CSS-pixel viewport (5.5s)
(node:22128) Warning: The 'NO_COLOR' env is ignored due to the 'FORCE_COLOR' env being set.
(Use `node --trace-warnings ...` to show where the warning was created)
  ok 663 [firefox] › tests\ui012-keyboard.spec.ts:348:1 › UI012 dashboard CTA separates hover and pressed feedback while keeping keyboard focus visible (9.4s)
  ok 664 [firefox] › tests\ui013-url-state.spec.ts:19:1 › UI013 reconciliation tab deep links and survives refresh; malformed tab safely falls back (5.2s)
  ok 665 [firefox] › tests\ui013-url-state.spec.ts:39:1 › UI013 finance date range deep link, edit, refresh and Back use shop-local filter state (4.4s)
  ok 666 [firefox] › tests\ui013-url-state.spec.ts:70:1 › UI013 report type and export date filters are deep-linkable, refreshable and malformed values fall back safely (4.5s)
  x  667 [firefox] › tests\ui021-permission-edge.spec.ts:4:1 › privacy page keeps the customers link when the destination permission is present (6.6s)
(node:58652) Warning: The 'NO_COLOR' env is ignored due to the 'FORCE_COLOR' env being set.
(Use `node --trace-warnings ...` to show where the warning was created)
  x  668 [firefox] › tests\ui021-permission-edge.spec.ts:19:1 › privacy page hides the customers link when the destination permission is missing (10.8s)
(node:81896) Warning: The 'NO_COLOR' env is ignored due to the 'FORCE_COLOR' env being set.
(Use `node --trace-warnings ...` to show where the warning was created)
  ok 669 [firefox] › tests\ui028-w24-inbox-layout.spec.ts:15:1 › UI028.W24 Inbox spacing roles remain consistent across breakpoints without losing draft state (8.4s)
  ok 670 [firefox] › tests\ui028-w25-reports-layout.spec.ts:16:1 › UI028.W25 Reports semantic spacing stays stable at mobile, tablet and desktop widths (16.7s)
  ok 671 [firefox] › tests\ui028-w25-reports-layout.spec.ts:114:1 › UI028.W25 authorized report download link retains its 44px hit target (2.9s)
[w28-route-geometry] {"browser":"firefox","width":390,"routes":61,"issues":0,"pageErrors":0,"evidence":"evidence\\frontend-ui-improvements\\UI028\\W28\\route-geometry-firefox-390-current-20261010-010239-81896.json"}
  ok 672 [firefox] › tests\ui028-w28-routes.spec.ts:47:5 › UI028.W28 61 canonical routes render with measured 390px layout geometry (1.2m)
[w28-route-geometry] {"browser":"firefox","width":1440,"routes":61,"issues":0,"pageErrors":0,"evidence":"evidence\\frontend-ui-improvements\\UI028\\W28\\route-geometry-firefox-1440-current-20261010-010239-81896.json"}
  ok 673 [firefox] › tests\ui028-w28-routes.spec.ts:47:5 › UI028.W28 61 canonical routes render with measured 1440px layout geometry (59.4s)
[w29-responsive-profile] {"browser":"firefox","width":320,"profiles":7,"issues":0,"pageErrors":0,"evidence":"evidence\\frontend-ui-improvements\\UI028\\W29\\responsive-profile-firefox-320-current-20261010-010239-81896.json"}
  ok 674 [firefox] › tests\ui028-w29-reflow.spec.ts:30:5 › UI028.W29 320px reflow retains representative actions and contains overflow (9.8s)
[w29-responsive-profile] {"browser":"firefox","width":390,"profiles":7,"issues":0,"pageErrors":0,"evidence":"evidence\\frontend-ui-improvements\\UI028\\W29\\responsive-profile-firefox-390-current-20261010-010239-81896.json"}
  ok 675 [firefox] › tests\ui028-w29-reflow.spec.ts:30:5 › UI028.W29 390px reflow retains representative actions and contains overflow (9.3s)
[w29-responsive-profile] {"browser":"firefox","width":767,"profiles":7,"issues":0,"pageErrors":0,"evidence":"evidence\\frontend-ui-improvements\\UI028\\W29\\responsive-profile-firefox-767-current-20261010-010239-81896.json"}
  ok 676 [firefox] › tests\ui028-w29-reflow.spec.ts:30:5 › UI028.W29 767px reflow retains representative actions and contains overflow (9.4s)
[w29-responsive-profile] {"browser":"firefox","width":768,"profiles":7,"issues":0,"pageErrors":0,"evidence":"evidence\\frontend-ui-improvements\\UI028\\W29\\responsive-profile-firefox-768-current-20261010-010239-81896.json"}
  ok 677 [firefox] › tests\ui028-w29-reflow.spec.ts:30:5 › UI028.W29 768px reflow retains representative actions and contains overflow (9.4s)
[w29-responsive-profile] {"browser":"firefox","width":1024,"profiles":7,"issues":0,"pageErrors":0,"evidence":"evidence\\frontend-ui-improvements\\UI028\\W29\\responsive-profile-firefox-1024-current-20261010-010239-81896.json"}
  ok 678 [firefox] › tests\ui028-w29-reflow.spec.ts:30:5 › UI028.W29 1024px reflow retains representative actions and contains overflow (10.1s)
[w29-responsive-profile] {"browser":"firefox","width":1279,"profiles":7,"issues":0,"pageErrors":0,"evidence":"evidence\\frontend-ui-improvements\\UI028\\W29\\responsive-profile-firefox-1279-current-20261010-010239-81896.json"}
  ok 679 [firefox] › tests\ui028-w29-reflow.spec.ts:30:5 › UI028.W29 1279px reflow retains representative actions and contains overflow (8.9s)
[w29-responsive-profile] {"browser":"firefox","width":1280,"profiles":7,"issues":0,"pageErrors":0,"evidence":"evidence\\frontend-ui-improvements\\UI028\\W29\\responsive-profile-firefox-1280-current-20261010-010239-81896.json"}
  ok 680 [firefox] › tests\ui028-w29-reflow.spec.ts:30:5 › UI028.W29 1280px reflow retains representative actions and contains overflow (7.4s)
[w29-responsive-profile] {"browser":"firefox","width":1440,"profiles":7,"issues":0,"pageErrors":0,"evidence":"evidence\\frontend-ui-improvements\\UI028\\W29\\responsive-profile-firefox-1440-current-20261010-010239-81896.json"}
  ok 681 [firefox] › tests\ui028-w29-reflow.spec.ts:30:5 › UI028.W29 1440px reflow retains representative actions and contains overflow (7.4s)
[w29-responsive-profile] {"browser":"firefox","width":1920,"profiles":7,"issues":0,"pageErrors":0,"evidence":"evidence\\frontend-ui-improvements\\UI028\\W29\\responsive-profile-firefox-1920-current-20261010-010239-81896.json"}
  ok 682 [firefox] › tests\ui028-w29-reflow.spec.ts:30:5 › UI028.W29 1920px reflow retains representative actions and contains overflow (7.3s)
[w30-stress] {"browser":"firefox","scenario":"form-error-short","viewport":{"width":320,"height":480},"scaledTextElements":55,"issues":0,"pageErrors":0,"evidence":"evidence\\frontend-ui-improvements\\UI028\\W30\\stress-firefox-form-error-short-current-20261010-010239-81896.json"}
  ok 683 [firefox] › tests\ui028-w30-stress.spec.ts:75:5 › UI028.W30 form-error-short: 200% text and spacing stress at 320x480 (2.1s)
[w30-stress] {"browser":"firefox","scenario":"mobile-menu-long-label","viewport":{"width":390,"height":560},"scaledTextElements":148,"issues":0,"pageErrors":0,"evidence":"evidence\\frontend-ui-improvements\\UI028\\W30\\stress-firefox-mobile-menu-long-label-current-20261010-010239-81896.json"}
  ok 684 [firefox] › tests\ui028-w30-stress.spec.ts:75:5 › UI028.W30 mobile-menu-long-label: 200% text and spacing stress at 390x560 (1.8s)
[w30-stress] {"browser":"firefox","scenario":"report-long-id","viewport":{"width":640,"height":450},"scaledTextElements":249,"issues":0,"pageErrors":0,"evidence":"evidence\\frontend-ui-improvements\\UI028\\W30\\stress-firefox-report-long-id-current-20261010-010239-81896.json"}
  ok 685 [firefox] › tests\ui028-w30-stress.spec.ts:75:5 › UI028.W30 report-long-id: 200% text and spacing stress at 640x450 (2.5s)
[w30-stress] {"browser":"firefox","scenario":"inbox-long-composer","viewport":{"width":390,"height":560},"scaledTextElements":71,"issues":0,"pageErrors":0,"evidence":"evidence\\frontend-ui-improvements\\UI028\\W30\\stress-firefox-inbox-long-composer-current-20261010-010239-81896.json"}
  ok 686 [firefox] › tests\ui028-w30-stress.spec.ts:75:5 › UI028.W30 inbox-long-composer: 200% text and spacing stress at 390x560 (1.3s)
[w30-stress] {"browser":"firefox","scenario":"dialog-long-reason","viewport":{"width":320,"height":480},"scaledTextElements":80,"issues":0,"pageErrors":0,"evidence":"evidence\\frontend-ui-improvements\\UI028\\W30\\stress-firefox-dialog-long-reason-current-20261010-010239-81896.json"}
  ok 687 [firefox] › tests\ui028-w30-stress.spec.ts:75:5 › UI028.W30 dialog-long-reason: 200% text and spacing stress at 320x480 (1.5s)
  ok 688 [firefox] › tests\vertical-slices\fe022-flows.spec.ts:38:1 › FE022.VS01 catalog → stock → order → prep keeps product, reservation, and order references linked (7.0s)
  x  689 [firefox] › tests\vertical-slices\fe022-flows.spec.ts:92:1 › FE022.VS02 procurement → approval → receipt → stock and payable preserves the purchase identity (3.0m)
(node:27452) Warning: The 'NO_COLOR' env is ignored due to the 'FORCE_COLOR' env being set.
(Use `node --trace-warnings ...` to show where the warning was created)
  x  690 [firefox] › tests\vertical-slices\fe022-flows.spec.ts:168:1 › FE022.VS03 finance → reconciliation retains bank transaction and partial debt allocation (3.0m)
(node:33776) Warning: The 'NO_COLOR' env is ignored due to the 'FORCE_COLOR' env being set.
(Use `node --trace-warnings ...` to show where the warning was created)
  ok 691 [firefox] › tests\vertical-slices\fe022-flows.spec.ts:204:1 › FE022.VS04 inbox → knowledge draft → bot evaluation preserves feedback and revision source IDs (5.1s)
  x  692 [firefox] › tests\vertical-slices\fe022-flows.spec.ts:246:1 › FE022.S05 route and feature matrix covers canonical IDs with executed cases or explicit frontend gaps (21ms)


  1) [chromium] › tests\accessibility\routes.spec.ts:17:1 › all canonical routes pass whole-page WCAG 2.1 A/AA axe checks in the React demo 

    Error: [
      {
        "routeId": "R35",
        "id": "color-contrast",
        "impact": "serious",
        "help": "Elements must meet minimum color contrast ratio thresholds",
        "nodes": [
          {
            "target": [
              ".css-1er3fki-MuiPaper-root > .css-1nhwdsw.MuiBox-root > .css-1i29xmw-MuiStack-root[data-ui-composition=\"form-fields\"][data-ui-rhythm=\"comfortable\"] > .MuiButton-contained.MuiButton-containedPrimary.MuiButton-containedSizeMedium"
            ],
            "html": "<button class=\"MuiButtonBase-root MuiButton-root MuiButton-contained MuiButton-containedPrimary MuiButton-sizeMedium MuiButton-containedSizeMedium MuiButton-colorPrimary MuiButton-disableElevation MuiButton-root MuiButton-contained MuiButton-containedPrimary MuiButton-sizeMedium MuiButton-containedSizeMedium MuiButton-colorPrimary MuiButton-disableElevation css-1kx9og7-MuiButtonBase-root-MuiButton-root\" tabindex=\"0\" type=\"button\">",
            "summary": "Fix any of the following:\n  Element has insufficient color contrast of 1.79 (foreground color: #15181e, background color: #44433f, font size: 10.5pt (14px), font weight: normal). Expected contrast ratio of 4.5:1"
          }
        ]
      }
    ]

    expect(received).toEqual(expected) // deep equality

    - Expected  -  1
    + Received  + 18

    - Array []
    + Array [
    +   Object {
    +     "help": "Elements must meet minimum color contrast ratio thresholds",
    +     "id": "color-contrast",
    +     "impact": "serious",
    +     "nodes": Array [
    +       Object {
    +         "html": "<button class=\"MuiButtonBase-root MuiButton-root MuiButton-contained MuiButton-containedPrimary MuiButton-sizeMedium MuiButton-containedSizeMedium MuiButton-colorPrimary MuiButton-disableElevation MuiButton-root MuiButton-contained MuiButton-containedPrimary MuiButton-sizeMedium MuiButton-containedSizeMedium MuiButton-colorPrimary MuiButton-disableElevation css-1kx9og7-MuiButtonBase-root-MuiButton-root\" tabindex=\"0\" type=\"button\">",
    +         "summary": "Fix any of the following:
    +   Element has insufficient color contrast of 1.79 (foreground color: #15181e, background color: #44433f, font size: 10.5pt (14px), font weight: normal). Expected contrast ratio of 4.5:1",
    +         "target": Array [
    +           ".css-1er3fki-MuiPaper-root > .css-1nhwdsw.MuiBox-root > .css-1i29xmw-MuiStack-root[data-ui-composition=\"form-fields\"][data-ui-rhythm=\"comfortable\"] > .MuiButton-contained.MuiButton-containedPrimary.MuiButton-containedSizeMedium",
    +         ],
    +       },
    +     ],
    +     "routeId": "R35",
    +   },
    + ]

      79 |     expect(results.filter(result => result.state === 'loaded')).toHaveLength(routeManifest.routes.length);
      80 |     expect(pageErrors).toEqual([]);
    > 81 |     expect(violations, JSON.stringify(violations, null, 2)).toEqual([]);
         |                                                             ^
      82 | });
      83 |
        at C:\Users\Joker-PC\Documents\Projects\Bot-AI-Ban-hang-FB\BotSalesAI_Frontend\tests\accessibility\routes.spec.ts:81:61

    Error Context: test-results\playwright-91852-2a1debb7-1741-4862-a58f-b6fa638ebaf3\accessibility-routes-all-c-a4e72-xe-checks-in-the-React-demo-chromium\error-context.md

    attachment #2: trace (application/zip) ─────────────────────────────────────────────────────────
    test-results\playwright-91852-2a1debb7-1741-4862-a58f-b6fa638ebaf3\accessibility-routes-all-c-a4e72-xe-checks-in-the-React-demo-chromium\trace.zip
    Usage:

        npx playwright show-trace test-results\playwright-91852-2a1debb7-1741-4862-a58f-b6fa638ebaf3\accessibility-routes-all-c-a4e72-xe-checks-in-the-React-demo-chromium\trace.zip

    ────────────────────────────────────────────────────────────────────────────────────────────────

  2) [chromium] › tests\artifacts\demo-preview.spec.ts:104:1 › a thousand synthetic customers remain API-paginated in the built demo artifact 

    Error: expect(locator).toHaveText(expected) failed

    Locator: getByRole('status')
    Expected: "Đã tải 1.000 khách hàng tổng hợp vào API mô phỏng."
    Error: strict mode violation: getByRole('status') resolved to 6 elements:
        1) <span role="status" class="MuiTypography-root MuiTypography-caption css-1nw296c">Đã tải 1.000 khách hàng tổng hợp vào API mô phỏng.</span> aka getByText('Đã tải 1.000 khách hàng tổng')
        2) <div role="status" aria-live="polite" class="MuiStack-root css-16enuio">…</div> aka getByRole('status').nth(1)
        3) <div role="status" class="MuiBox-root css-0">Đang tải số liệu tài chính…</div> aka getByText('Đang tải số liệu tài chính…')
        4) <div role="status" aria-live="polite" class="MuiStack-root css-16enuio">…</div> aka getByRole('status').nth(3)
        5) <div role="status" aria-live="polite" class="MuiStack-root css-16enuio">…</div> aka getByRole('status').nth(4)
        6) <div role="status" aria-live="polite" class="MuiStack-root css-s8lgwd">…</div> aka getByRole('status').nth(5)

    Call log:
      - Expect "toHaveText" getByRole('status') with timeout 5000ms
      - waiting for getByRole('status')


      108 |     await page.getByRole('combobox', { name: 'Dataset mô phỏng' }).click();
      109 |     await page.getByRole('option', { name: '1.000 khách hàng tổng hợp' }).click();
    > 110 |     await expect(page.getByRole('status')).toHaveText('Đã tải 1.000 khách hàng tổng hợp vào API mô phỏng.');
          |                                            ^
      111 |
      112 |     const customersResponsePromise = page.waitForResponse(response => new URL(response.url()).pathname.startsWith('/api/v2/shops/shop-demo/customers'));
      113 |     const startedAt = Date.now();
        at C:\Users\Joker-PC\Documents\Projects\Bot-AI-Ban-hang-FB\BotSalesAI_Frontend\tests\artifacts\demo-preview.spec.ts:110:44

    Error Context: test-results\playwright-82440-4a56ad45-e3ec-4f36-8abc-a5a75ebe170c\artifacts-demo-preview-a-t-5f07a--in-the-built-demo-artifact-chromium\error-context.md

    Error Context: test-results\playwright-82440-4a56ad45-e3ec-4f36-8abc-a5a75ebe170c\artifacts-demo-preview-a-t-5f07a--in-the-built-demo-artifact-chromium\error-context.md

    attachment #3: trace (application/zip) ─────────────────────────────────────────────────────────
    test-results\playwright-82440-4a56ad45-e3ec-4f36-8abc-a5a75ebe170c\artifacts-demo-preview-a-t-5f07a--in-the-built-demo-artifact-chromium\trace.zip
    Usage:

        npx playwright show-trace test-results\playwright-82440-4a56ad45-e3ec-4f36-8abc-a5a75ebe170c\artifacts-demo-preview-a-t-5f07a--in-the-built-demo-artifact-chromium\trace.zip

    ────────────────────────────────────────────────────────────────────────────────────────────────

  3) [chromium] › tests\fe009.spec.ts:211:1 › FE009.B06 after-sale cases only link orders loaded for the selected customer and customer profile shows their shipment 

    Test timeout of 180000ms exceeded.

    Error: locator.click: Test timeout of 180000ms exceeded.
    Call log:
      - waiting for getByRole('option', { name: 'DH-DEMO-PAID-01 · completed', exact: true })


      21 |     if (['Vai trò mô phỏng', 'Trạng thái thử', 'Dataset mô phỏng'].includes(label)) await openDemoControls(page);
      22 |     await page.getByRole('combobox',{name:label}).click();
    > 23 |     await page.getByRole('option',{name:value,exact:true}).click();
         |                                                            ^
      24 | }
      25 |
      26 | type ObservedRequest={method:string;path:string;body:string|null;headers:Record<string,string>};
        at chooseMockOption (C:\Users\Joker-PC\Documents\Projects\Bot-AI-Ban-hang-FB\BotSalesAI_Frontend\tests\fe009.spec.ts:23:60)
        at C:\Users\Joker-PC\Documents\Projects\Bot-AI-Ban-hang-FB\BotSalesAI_Frontend\tests\fe009.spec.ts:221:5

    Error Context: test-results\playwright-86620-4a961827-bba2-4bff-9fd8-68db631e0423\fe009-FE009-B06-after-sale-52511-rofile-shows-their-shipment-chromium\error-context.md

    Error Context: test-results\playwright-86620-4a961827-bba2-4bff-9fd8-68db631e0423\fe009-FE009-B06-after-sale-52511-rofile-shows-their-shipment-chromium\error-context.md

    attachment #3: trace (application/zip) ─────────────────────────────────────────────────────────
    test-results\playwright-86620-4a961827-bba2-4bff-9fd8-68db631e0423\fe009-FE009-B06-after-sale-52511-rofile-shows-their-shipment-chromium\trace.zip
    Usage:

        npx playwright show-trace test-results\playwright-86620-4a961827-bba2-4bff-9fd8-68db631e0423\fe009-FE009-B06-after-sale-52511-rofile-shows-their-shipment-chromium\trace.zip

    ────────────────────────────────────────────────────────────────────────────────────────────────

  4) [chromium] › tests\fe009.spec.ts:243:1 › team invitation and membership revoke stay shop-scoped and protect the active owner 

    Error: expect(locator).toBeVisible() failed

    Locator: getByRole('table', { name: 'Dữ liệu' }).locator('tbody tr').first()
    Expected: visible
    Timeout: 5000ms
    Error: element(s) not found

    Call log:
      - Expect "toBeVisible" getByRole('table', { name: 'Dữ liệu' }).locator('tbody tr').first() with timeout 5000ms
      - waiting for getByRole('table', { name: 'Dữ liệu' }).locator('tbody tr').first()


      246 |     const table=page.getByRole('table',{name:'Dữ liệu'});
      247 |     const rows=table.locator('tbody tr');
    > 248 |     await expect(rows.first()).toBeVisible();
          |                                ^
      249 |     const initialMemberCount=await rows.count();
      250 |     expect(initialMemberCount).toBeGreaterThan(1);
      251 |     const ownerRow=rows.filter({hasText:'Jokertrader'});
        at C:\Users\Joker-PC\Documents\Projects\Bot-AI-Ban-hang-FB\BotSalesAI_Frontend\tests\fe009.spec.ts:248:32

    Error Context: test-results\playwright-60828-3fe265c8-d724-4005-8cbd-c8ba7e3c27ef\fe009-team-invitation-and--a0f1d-nd-protect-the-active-owner-chromium\error-context.md

    Error Context: test-results\playwright-60828-3fe265c8-d724-4005-8cbd-c8ba7e3c27ef\fe009-team-invitation-and--a0f1d-nd-protect-the-active-owner-chromium\error-context.md

    attachment #3: trace (application/zip) ─────────────────────────────────────────────────────────
    test-results\playwright-60828-3fe265c8-d724-4005-8cbd-c8ba7e3c27ef\fe009-team-invitation-and--a0f1d-nd-protect-the-active-owner-chromium\trace.zip
    Usage:

        npx playwright show-trace test-results\playwright-60828-3fe265c8-d724-4005-8cbd-c8ba7e3c27ef\fe009-team-invitation-and--a0f1d-nd-protect-the-active-owner-chromium\trace.zip

    ────────────────────────────────────────────────────────────────────────────────────────────────

  5) [chromium] › tests\fe010.spec.ts:180:1 › CSV preview reports row-level errors and commits only valid product rows 

    Test timeout of 180000ms exceeded.

    Error: locator.click: Test timeout of 180000ms exceeded.
    Call log:
      - waiting for getByRole('dialog', { name: 'Ghi dữ liệu đã kiểm tra' }).getByRole('button', { name: 'Xác nhận', exact: true })


      211 |     await page.getByRole('button',{name:'Xác nhận nhập các dòng hợp lệ',exact:true}).click();
      212 |     const confirm=page.getByRole('dialog',{name:'Ghi dữ liệu đã kiểm tra'});
    > 213 |     await confirm.getByRole('button',{name:'Xác nhận',exact:true}).click();
          |                                                                    ^
      214 |     await expect(page.getByText('1 / 3',{exact:true})).toBeVisible();
      215 |     const commit=calls.find(call=>call.method==='POST'&&/\/shops\/shop-demo\/imports\/job-[^/]+\/commit$/.test(call.path));
      216 |     expect(JSON.parse(commit?.body||'null')).toMatchObject({confirmValidRowsOnly:true});
        at C:\Users\Joker-PC\Documents\Projects\Bot-AI-Ban-hang-FB\BotSalesAI_Frontend\tests\fe010.spec.ts:213:68

    Error Context: test-results\playwright-80716-0b004909-3e4e-4645-974f-9ceec3bd77dd\fe010-CSV-preview-reports--ca2f3-its-only-valid-product-rows-chromium\error-context.md

    Error Context: test-results\playwright-80716-0b004909-3e4e-4645-974f-9ceec3bd77dd\fe010-CSV-preview-reports--ca2f3-its-only-valid-product-rows-chromium\error-context.md

    attachment #3: trace (application/zip) ─────────────────────────────────────────────────────────
    test-results\playwright-80716-0b004909-3e4e-4645-974f-9ceec3bd77dd\fe010-CSV-preview-reports--ca2f3-its-only-valid-product-rows-chromium\trace.zip
    Usage:

        npx playwright show-trace test-results\playwright-80716-0b004909-3e4e-4645-974f-9ceec3bd77dd\fe010-CSV-preview-reports--ca2f3-its-only-valid-product-rows-chromium\trace.zip

    ────────────────────────────────────────────────────────────────────────────────────────────────

  6) [chromium] › tests\fe010.spec.ts:252:1 › import validation token is rejected with 412 after catalog changes and the preview remains visible 

    Test timeout of 180000ms exceeded.

    Error: locator.click: Test timeout of 180000ms exceeded.
    Call log:
      - waiting for getByRole('dialog', { name: 'Ghi dữ liệu đã kiểm tra' }).getByRole('button', { name: 'Xác nhận', exact: true })


      273 |     await page.getByRole('button',{name:'Xác nhận nhập các dòng hợp lệ',exact:true}).click();
      274 |     const confirm=page.getByRole('dialog',{name:'Ghi dữ liệu đã kiểm tra'});
    > 275 |     await confirm.getByRole('button',{name:'Xác nhận',exact:true}).click();
          |                                                                    ^
      276 |     await expect(page.getByRole('alert').filter({hasText:'Danh mục đã đổi sau dry-run'})).toBeVisible();
      277 |     await expect(page.getByText('Chờ xác nhận',{exact:true})).toBeVisible();
      278 |     await confirm.getByRole('button',{name:'Hủy',exact:true}).click();
        at C:\Users\Joker-PC\Documents\Projects\Bot-AI-Ban-hang-FB\BotSalesAI_Frontend\tests\fe010.spec.ts:275:68

    Error Context: test-results\playwright-56680-2adee96d-ea5b-42ef-a817-7453925c3b4a\fe010-import-validation-to-c1769-the-preview-remains-visible-chromium\error-context.md

    Error Context: test-results\playwright-56680-2adee96d-ea5b-42ef-a817-7453925c3b4a\fe010-import-validation-to-c1769-the-preview-remains-visible-chromium\error-context.md

    attachment #3: trace (application/zip) ─────────────────────────────────────────────────────────
    test-results\playwright-56680-2adee96d-ea5b-42ef-a817-7453925c3b4a\fe010-import-validation-to-c1769-the-preview-remains-visible-chromium\trace.zip
    Usage:

        npx playwright show-trace test-results\playwright-56680-2adee96d-ea5b-42ef-a817-7453925c3b4a\fe010-import-validation-to-c1769-the-preview-remains-visible-chromium\trace.zip

    ────────────────────────────────────────────────────────────────────────────────────────────────

  7) [chromium] › tests\fe011.spec.ts:95:1 › FE011.AC03 conflict and insufficient stock preserve the draft and never update optimistically 

    Error: expect(locator).toBeVisible() failed

    Locator: getByRole('dialog', { name: 'Điều chỉnh DEMO-001' }).getByRole('alert').filter({ hasText: 'Không đủ hàng bán được' })
    Expected: visible
    Timeout: 5000ms
    Error: element(s) not found

    Call log:
      - Expect "toBeVisible" getByRole('dialog', { name: 'Điều chỉnh DEMO-001' }).getByRole('alert').filter({ hasText: 'Không đủ hàng bán được' }) with timeout 5000ms
      - waiting for getByRole('dialog', { name: 'Điều chỉnh DEMO-001' }).getByRole('alert').filter({ hasText: 'Không đủ hàng bán được' })


      108 |     await dialog.getByLabel('Thay đổi số lượng').fill('-100');
      109 |     await dialog.getByRole('button', { name: 'Xác nhận điều chỉnh' }).click();
    > 110 |     await expect(dialog.getByRole('alert').filter({ hasText: 'Không đủ hàng bán được' })).toBeVisible();
          |                                                                                           ^
      111 |     await expect(dialog.getByLabel('Thay đổi số lượng')).toHaveValue('-100');
      112 |     await expect(dialog).toHaveAttribute('data-draft-dirty', 'true');
      113 |     expect(calls.filter(call => call.method === 'POST' && call.path.endsWith('/inventory/adjustments'))).toHaveLength(2);
        at C:\Users\Joker-PC\Documents\Projects\Bot-AI-Ban-hang-FB\BotSalesAI_Frontend\tests\fe011.spec.ts:110:91

    Error Context: test-results\playwright-66704-099105c8-23ca-44d4-9b68-a4aa8026b6fb\fe011-FE011-AC03-conflict--32f45-never-update-optimistically-chromium\error-context.md

    Error Context: test-results\playwright-66704-099105c8-23ca-44d4-9b68-a4aa8026b6fb\fe011-FE011-AC03-conflict--32f45-never-update-optimistically-chromium\error-context.md

    attachment #3: trace (application/zip) ─────────────────────────────────────────────────────────
    test-results\playwright-66704-099105c8-23ca-44d4-9b68-a4aa8026b6fb\fe011-FE011-AC03-conflict--32f45-never-update-optimistically-chromium\trace.zip
    Usage:

        npx playwright show-trace test-results\playwright-66704-099105c8-23ca-44d4-9b68-a4aa8026b6fb\fe011-FE011-AC03-conflict--32f45-never-update-optimistically-chromium\trace.zip

    ────────────────────────────────────────────────────────────────────────────────────────────────

  8) [chromium] › tests\fe013.spec.ts:42:1 › FE013.C04 shipping preview distinguishes missing address, unserviceable zone, and expired mock quote 

    Error: expect(locator).toBeVisible() failed

    Locator: getByRole('heading', { name: 'Xem trước phí & vùng giao hàng', exact: true })
    Expected: visible
    Timeout: 5000ms
    Error: element(s) not found

    Call log:
      - Expect "toBeVisible" getByRole('heading', { name: 'Xem trước phí & vùng giao hàng', exact: true }) with timeout 5000ms
      - waiting for getByRole('heading', { name: 'Xem trước phí & vùng giao hàng', exact: true })


      48 |     await gotoDemo(page, '/s/shop-demo/shipments');
      49 |     await expect(page.getByRole('heading', { name: 'Vận đơn & giao hàng', exact: true })).toBeVisible();
    > 50 |     await expect(page.getByRole('heading', { name: 'Xem trước phí & vùng giao hàng', exact: true })).toBeVisible();
         |                                                                                                      ^
      51 |     await expect(page.getByText(/DỮ LIỆU MÔ PHỎNG/)).toBeVisible();
      52 |     await expect(page.getByText(/Ước tính mẫu:.*VND/)).toBeVisible();
      53 |
        at C:\Users\Joker-PC\Documents\Projects\Bot-AI-Ban-hang-FB\BotSalesAI_Frontend\tests\fe013.spec.ts:50:102

    Error Context: test-results\playwright-56708-c914ac23-8583-46eb-a933-93b05d2816d6\fe013-FE013-C04-shipping-p-d189e-zone-and-expired-mock-quote-chromium\error-context.md

    Error Context: test-results\playwright-56708-c914ac23-8583-46eb-a933-93b05d2816d6\fe013-FE013-C04-shipping-p-d189e-zone-and-expired-mock-quote-chromium\error-context.md

    attachment #3: trace (application/zip) ─────────────────────────────────────────────────────────
    test-results\playwright-56708-c914ac23-8583-46eb-a933-93b05d2816d6\fe013-FE013-C04-shipping-p-d189e-zone-and-expired-mock-quote-chromium\trace.zip
    Usage:

        npx playwright show-trace test-results\playwright-56708-c914ac23-8583-46eb-a933-93b05d2816d6\fe013-FE013-C04-shipping-p-d189e-zone-and-expired-mock-quote-chromium\trace.zip

    ────────────────────────────────────────────────────────────────────────────────────────────────

  9) [chromium] › tests\fe013.spec.ts:67:1 › FE013.AC01–AC04 stale claim conflict is visible; pick, pack, dispatch and delivery use current API versions once 

    Error: expect(received).toBe(expected) // Object.is equality

    Expected: 200
    Received: 409

      190 |     const eventResponse = page.waitForResponse(response => response.request().method() === 'POST' && new URL(response.url()).pathname.endsWith('/events'));
      191 |     await eventDialog.getByRole('button', { name: 'Ghi sự kiện' }).click();
    > 192 |     expect((await eventResponse).status()).toBe(200);
          |                                            ^
      193 |     const deliveredRow = page.getByRole('row').filter({ hasText: 'DH-1001' });
      194 |     await expect(deliveredRow).toContainText('Đã giao');
      195 |     await expect(page.getByText('Dữ liệu mô phỏng', { exact: true })).toBeVisible();
        at C:\Users\Joker-PC\Documents\Projects\Bot-AI-Ban-hang-FB\BotSalesAI_Frontend\tests\fe013.spec.ts:192:44

    Error Context: test-results\playwright-96908-7095171c-b6de-4719-ab52-48b5ac04477a\fe013-FE013-AC01–AC04-stal-e2b2e-e-current-API-versions-once-chromium\error-context.md

    Error Context: test-results\playwright-96908-7095171c-b6de-4719-ab52-48b5ac04477a\fe013-FE013-AC01–AC04-stal-e2b2e-e-current-API-versions-once-chromium\error-context.md

    attachment #3: trace (application/zip) ─────────────────────────────────────────────────────────
    test-results\playwright-96908-7095171c-b6de-4719-ab52-48b5ac04477a\fe013-FE013-AC01–AC04-stal-e2b2e-e-current-API-versions-once-chromium\trace.zip
    Usage:

        npx playwright show-trace test-results\playwright-96908-7095171c-b6de-4719-ab52-48b5ac04477a\fe013-FE013-AC01–AC04-stal-e2b2e-e-current-API-versions-once-chromium\trace.zip

    ────────────────────────────────────────────────────────────────────────────────────────────────

  10) [chromium] › tests\fe014.spec.ts:217:1 › FE014.S03 manager without procurement.receive cannot open receipt actions 

    Test timeout of 180000ms exceeded.

    Error: locator.fill: Test timeout of 180000ms exceeded.
    Call log:
      - waiting for getByRole('dialog', { name: 'Phiếu nhận hàng mới' }).getByRole('spinbutton', { name: 'Nhận đạt v-p6' })


      221 |     await chooseOption(page, 'Đơn mua đã xác nhận', 'seed-purchaseorder-10046');
      222 |     await draft.getByRole('textbox', { name: 'Mã phiếu giao / chứng từ nguồn' }).fill('FE014-GR-PERMISSION-01');
    > 223 |     await draft.getByRole('spinbutton', { name: 'Nhận đạt v-p6' }).fill('1');
          |                                                                    ^
      224 |     const createRequest = page.waitForRequest(request => request.method() === 'POST' && new URL(request.url()).pathname.endsWith('/goods-receipts'));
      225 |     const createResponse = page.waitForResponse(response => response.request().method() === 'POST' && new URL(response.url()).pathname.endsWith('/goods-receipts'));
      226 |     await draft.getByRole('button', { name: 'Tạo phiếu nháp' }).click();
        at C:\Users\Joker-PC\Documents\Projects\Bot-AI-Ban-hang-FB\BotSalesAI_Frontend\tests\fe014.spec.ts:223:68

    Error Context: test-results\playwright-8920-b2f68922-3348-42c0-b33c-5442a1caaa2c\fe014-FE014-S03-manager-wi-b4b72-cannot-open-receipt-actions-chromium\error-context.md

    Error Context: test-results\playwright-8920-b2f68922-3348-42c0-b33c-5442a1caaa2c\fe014-FE014-S03-manager-wi-b4b72-cannot-open-receipt-actions-chromium\error-context.md

    attachment #3: trace (application/zip) ─────────────────────────────────────────────────────────
    test-results\playwright-8920-b2f68922-3348-42c0-b33c-5442a1caaa2c\fe014-FE014-S03-manager-wi-b4b72-cannot-open-receipt-actions-chromium\trace.zip
    Usage:

        npx playwright show-trace test-results\playwright-8920-b2f68922-3348-42c0-b33c-5442a1caaa2c\fe014-FE014-S03-manager-wi-b4b72-cannot-open-receipt-actions-chromium\trace.zip

    ────────────────────────────────────────────────────────────────────────────────────────────────

  11) [chromium] › tests\fe014.spec.ts:237:1 › FE014.AC03 partial receipt posts only accepted units to synthetic stock and payable once 

    Test timeout of 180000ms exceeded.

    Error: locator.fill: Test timeout of 180000ms exceeded.
    Call log:
      - waiting for getByRole('dialog', { name: 'Phiếu nhận hàng mới' }).getByRole('spinbutton', { name: 'Nhận đạt v-p6' })


      248 |     const accepted = draft.getByRole('spinbutton', { name: 'Nhận đạt v-p6' });
      249 |     const rejected = draft.getByRole('spinbutton', { name: 'Từ chối / hỏng v-p6' });
    > 250 |     await accepted.fill('3');
          |                    ^
      251 |     await rejected.fill('3');
      252 |     await expect(draft.getByRole('button', { name: 'Tạo phiếu nháp' })).toBeDisabled();
      253 |     await draft.getByRole('textbox', { name: 'Ghi chú kiểm hàng v-p6' }).fill('Ba sản phẩm lỗi bao bì, từ chối theo kiểm nhận.');
        at C:\Users\Joker-PC\Documents\Projects\Bot-AI-Ban-hang-FB\BotSalesAI_Frontend\tests\fe014.spec.ts:250:20

    Error Context: test-results\playwright-8720-65a7cadc-a6c6-41e0-8686-a74dc105f8b5\fe014-FE014-AC03-partial-r-1c3ca-etic-stock-and-payable-once-chromium\error-context.md

    Error Context: test-results\playwright-8720-65a7cadc-a6c6-41e0-8686-a74dc105f8b5\fe014-FE014-AC03-partial-r-1c3ca-etic-stock-and-payable-once-chromium\error-context.md

    attachment #3: trace (application/zip) ─────────────────────────────────────────────────────────
    test-results\playwright-8720-65a7cadc-a6c6-41e0-8686-a74dc105f8b5\fe014-FE014-AC03-partial-r-1c3ca-etic-stock-and-payable-once-chromium\trace.zip
    Usage:

        npx playwright show-trace test-results\playwright-8720-65a7cadc-a6c6-41e0-8686-a74dc105f8b5\fe014-FE014-AC03-partial-r-1c3ca-etic-stock-and-payable-once-chromium\trace.zip

    ────────────────────────────────────────────────────────────────────────────────────────────────

  12) [chromium] › tests\fe014.spec.ts:308:1 › FE014.D03/D04/D07 replenishment uses min-max rules, labels forecast limits, and blocks duplicate proposals 

    Error: expect(received).toBe(expected) // Object.is equality

    Expected: 202
    Received: 500

      321 |     const evaluateWait = page.waitForResponse(response => response.request().method() === 'POST' && new URL(response.url()).pathname.endsWith('/purchase-suggestions/evaluate'));
      322 |     await page.getByRole('button', { name: 'Đánh giá nhu cầu nhập' }).click();
    > 323 |     expect((await evaluateWait).status()).toBe(202);
          |                                           ^
      324 |     const p6 = page.getByRole('row').filter({ hasText: 'v-p6' });
      325 |     await expect(p6).toContainText('Quy tắc min-max; đã trừ hàng đang đặt. Không phải dự báo AI.');
      326 |     await expect(p6.getByRole('button', { name: 'Lập đơn nháp' })).toBeDisabled();
        at C:\Users\Joker-PC\Documents\Projects\Bot-AI-Ban-hang-FB\BotSalesAI_Frontend\tests\fe014.spec.ts:323:43

    Error Context: test-results\playwright-96980-ef838863-fa44-40b0-a381-b665e790f8bc\fe014-FE014-D03-D04-D07-re-0ad4b--blocks-duplicate-proposals-chromium\error-context.md

    Error Context: test-results\playwright-96980-ef838863-fa44-40b0-a381-b665e790f8bc\fe014-FE014-D03-D04-D07-re-0ad4b--blocks-duplicate-proposals-chromium\error-context.md

    attachment #3: trace (application/zip) ─────────────────────────────────────────────────────────
    test-results\playwright-96980-ef838863-fa44-40b0-a381-b665e790f8bc\fe014-FE014-D03-D04-D07-re-0ad4b--blocks-duplicate-proposals-chromium\trace.zip
    Usage:

        npx playwright show-trace test-results\playwright-96980-ef838863-fa44-40b0-a381-b665e790f8bc\fe014-FE014-D03-D04-D07-re-0ad4b--blocks-duplicate-proposals-chromium\trace.zip

    ────────────────────────────────────────────────────────────────────────────────────────────────

  13) [chromium] › tests\fe015.spec.ts:247:1 › FE015.AC02 closed accounting period is visible and disables journal draft creation 

    Error: expect(locator).toBeVisible() failed

    Locator: getByRole('row').filter({ hasText: '2026-09-01' })
    Expected: visible
    Timeout: 5000ms
    Error: element(s) not found

    Call log:
      - Expect "toBeVisible" getByRole('row').filter({ hasText: '2026-09-01' }) with timeout 5000ms
      - waiting for getByRole('row').filter({ hasText: '2026-09-01' })


      250 |     const opening=await page.evaluate(async()=>{const session=(await (await fetch('/api/v2/session')).json()).data;const write=async(path:string,body:unknown)=>{const r=await fetch('/api/v2/shops/shop-demo/'+path,{method:'POST',headers:{'Content-Type':'application/json','X-CSRF-Token':session.csrfToken,'Idempotency-Key':crypto.randomUUID()},body:JSON.stringify(body)});if(!r.ok)throw new Error('Fixture opening failed '+r.status);return (await r.json()).data;};const o=await write('finance/opening-balances',{effectiveDate:'2026-09-01',policyVersion:'synthetic-policy-1',lines:[],inventory:[],reason:'Mở sổ zero cho kiểm khóa kỳ'});await write('finance/opening-balances/'+o.id+'/post',{expectedVersion:o.version});return o.id;});expect(opening).toBeTruthy();
      251 |     const period = page.getByRole('row').filter({ hasText: '2026-09-01' });
    > 252 |     await expect(period).toBeVisible();
          |                          ^
      253 |     const closeRequest = page.waitForRequest(request => request.method() === 'POST' && new URL(request.url()).pathname.endsWith('/periods/period-2026-09/close'));
      254 |     const closeResponse = page.waitForResponse(response => response.request().method() === 'POST' && new URL(response.url()).pathname.endsWith('/periods/period-2026-09/close'));
      255 |     await period.getByRole('button', { name: 'Kiểm & khóa kỳ' }).click();
        at C:\Users\Joker-PC\Documents\Projects\Bot-AI-Ban-hang-FB\BotSalesAI_Frontend\tests\fe015.spec.ts:252:26

    Error Context: test-results\playwright-45912-4fd3f38c-3c67-4edb-bb7a-035269cf947e\fe015-FE015-AC02-closed-ac-4f935-bles-journal-draft-creation-chromium\error-context.md

    Error Context: test-results\playwright-45912-4fd3f38c-3c67-4edb-bb7a-035269cf947e\fe015-FE015-AC02-closed-ac-4f935-bles-journal-draft-creation-chromium\error-context.md

    attachment #3: trace (application/zip) ─────────────────────────────────────────────────────────
    test-results\playwright-45912-4fd3f38c-3c67-4edb-bb7a-035269cf947e\fe015-FE015-AC02-closed-ac-4f935-bles-journal-draft-creation-chromium\trace.zip
    Usage:

        npx playwright show-trace test-results\playwright-45912-4fd3f38c-3c67-4edb-bb7a-035269cf947e\fe015-FE015-AC02-closed-ac-4f935-bles-journal-draft-creation-chromium\trace.zip

    ────────────────────────────────────────────────────────────────────────────────────────────────

  14) [chromium] › tests\fe016.spec.ts:645:1 › FE016.AC01 takeover and reply use current versions and show API send state without claiming delivery 

    Error: expect(locator).toBeVisible() failed

    Locator: getByText(/· sent$/)
    Expected: visible
    Timeout: 5000ms
    Error: element(s) not found

    Call log:
      - Expect "toBeVisible" getByText(/· sent$/) with timeout 5000ms
      - waiting for getByText(/· sent$/)


      667 |     expect((await sendResponseWait).status()).toBe(202);
      668 |     await expect(page.locator('main').getByText(reply, { exact: true }).last()).toBeVisible();
    > 669 |     await expect(page.getByText(/· sent$/)).toBeVisible();
          |                                             ^
      670 | });
      671 |
      672 | test('FE016.AC02 internal notes render HTML-like text inert and feedback creates only a review draft', async ({ page }) => {
        at C:\Users\Joker-PC\Documents\Projects\Bot-AI-Ban-hang-FB\BotSalesAI_Frontend\tests\fe016.spec.ts:669:45

    Error Context: test-results\playwright-86000-195d339a-afbf-43f4-9ebf-37edd3e8cbb7\fe016-FE016-AC01-takeover--9d355-e-without-claiming-delivery-chromium\error-context.md

    Error Context: test-results\playwright-86000-195d339a-afbf-43f4-9ebf-37edd3e8cbb7\fe016-FE016-AC01-takeover--9d355-e-without-claiming-delivery-chromium\error-context.md

    attachment #3: trace (application/zip) ─────────────────────────────────────────────────────────
    test-results\playwright-86000-195d339a-afbf-43f4-9ebf-37edd3e8cbb7\fe016-FE016-AC01-takeover--9d355-e-without-claiming-delivery-chromium\trace.zip
    Usage:

        npx playwright show-trace test-results\playwright-86000-195d339a-afbf-43f4-9ebf-37edd3e8cbb7\fe016-FE016-AC01-takeover--9d355-e-without-claiming-delivery-chromium\trace.zip

    ────────────────────────────────────────────────────────────────────────────────────────────────

  15) [chromium] › tests\fe016.spec.ts:672:1 › FE016.AC02 internal notes render HTML-like text inert and feedback creates only a review draft 

    Error: expect(locator).toBeVisible() failed

    Locator: getByText(/Ảnh\/tin thoại chỉ bật khi hợp đồng/)
    Expected: visible
    Timeout: 5000ms
    Error: element(s) not found

    Call log:
      - Expect "toBeVisible" getByText(/Ảnh\/tin thoại chỉ bật khi hợp đồng/) with timeout 5000ms
      - waiting for getByText(/Ảnh\/tin thoại chỉ bật khi hợp đồng/)


      684 |     await expect(page.locator('img[src="x"]')).toHaveCount(0);
      685 |     await expect(page.getByText('Ghi chú nội bộ', { exact: true }).last()).toBeVisible();
    > 686 |     await expect(page.getByText(/Ảnh\/tin thoại chỉ bật khi hợp đồng/)).toBeVisible();
          |                                                                         ^
      687 |
      688 |     const publishedWrites: string[] = [];
      689 |     page.on('request', request => {
        at C:\Users\Joker-PC\Documents\Projects\Bot-AI-Ban-hang-FB\BotSalesAI_Frontend\tests\fe016.spec.ts:686:73

    Error Context: test-results\playwright-67428-e7a36382-760b-4b9d-943c-0be63a1142d7\fe016-FE016-AC02-internal--c286b-creates-only-a-review-draft-chromium\error-context.md

    Error Context: test-results\playwright-67428-e7a36382-760b-4b9d-943c-0be63a1142d7\fe016-FE016-AC02-internal--c286b-creates-only-a-review-draft-chromium\error-context.md

    attachment #3: trace (application/zip) ─────────────────────────────────────────────────────────
    test-results\playwright-67428-e7a36382-760b-4b9d-943c-0be63a1142d7\fe016-FE016-AC02-internal--c286b-creates-only-a-review-draft-chromium\trace.zip
    Usage:

        npx playwright show-trace test-results\playwright-67428-e7a36382-760b-4b9d-943c-0be63a1142d7\fe016-FE016-AC02-internal--c286b-creates-only-a-review-draft-chromium\trace.zip

    ────────────────────────────────────────────────────────────────────────────────────────────────

  16) [chromium] › tests\fe016.spec.ts:726:1 › FE016.AC04 role without customer/order permissions cannot open those cross-module references 

    Error: expect(locator).toBeVisible() failed

    Locator: getByRole('navigation', { name: 'Điều hướng chính' }).getByText('bot_admin', { exact: true })
    Expected: visible
    Timeout: 5000ms
    Error: element(s) not found

    Call log:
      - Expect "toBeVisible" getByRole('navigation', { name: 'Điều hướng chính' }).getByText('bot_admin', { exact: true }) with timeout 5000ms
      - waiting for getByRole('navigation', { name: 'Điều hướng chính' }).getByText('bot_admin', { exact: true })


      727 |     await gotoDemo(page, '/s/shop-demo/inbox/cv2');
      728 |     await chooseOption(page, 'Vai trò mô phỏng', 'bot_admin');
    > 729 |     await expect(page.getByRole('navigation', { name: 'Điều hướng chính' }).getByText('bot_admin', { exact: true })).toBeVisible();
          |                                                                                                                      ^
      730 |     await expect(page.getByRole('link', { name: 'Hồ sơ khách' })).toHaveCount(0);
      731 |     await expect(page.getByRole('link', { name: 'Tạo đơn từ hội thoại' })).toHaveCount(0);
      732 |     await expect(page.getByRole('button', { name: 'Tiếp quản', exact: true })).toHaveCount(0);
        at C:\Users\Joker-PC\Documents\Projects\Bot-AI-Ban-hang-FB\BotSalesAI_Frontend\tests\fe016.spec.ts:729:118

    Error Context: test-results\playwright-49392-2beb06b6-2775-410c-aadf-1a70454a47ee\fe016-FE016-AC04-role-with-06f55-ose-cross-module-references-chromium\error-context.md

    Error Context: test-results\playwright-49392-2beb06b6-2775-410c-aadf-1a70454a47ee\fe016-FE016-AC04-role-with-06f55-ose-cross-module-references-chromium\error-context.md

    attachment #3: trace (application/zip) ─────────────────────────────────────────────────────────
    test-results\playwright-49392-2beb06b6-2775-410c-aadf-1a70454a47ee\fe016-FE016-AC04-role-with-06f55-ose-cross-module-references-chromium\trace.zip
    Usage:

        npx playwright show-trace test-results\playwright-49392-2beb06b6-2775-410c-aadf-1a70454a47ee\fe016-FE016-AC04-role-with-06f55-ose-cross-module-references-chromium\trace.zip

    ────────────────────────────────────────────────────────────────────────────────────────────────

  17) [chromium] › tests\fe017.spec.ts:244:1 › FE017.AC05 manager sees knowledge read-only and synthetic API rejects purpose-specific upload and publish 

    Error: expect(locator).toBeVisible() failed

    Locator: getByRole('navigation', { name: 'Điều hướng chính' }).getByText('manager', { exact: true })
    Expected: visible
    Timeout: 5000ms
    Error: element(s) not found

    Call log:
      - Expect "toBeVisible" getByRole('navigation', { name: 'Điều hướng chính' }).getByText('manager', { exact: true }) with timeout 5000ms
      - waiting for getByRole('navigation', { name: 'Điều hướng chính' }).getByText('manager', { exact: true })


      245 |     await gotoDemo(page, '/s/shop-demo/knowledge/k3');
      246 |     await chooseOption(page, 'Vai trò mô phỏng', 'manager');
    > 247 |     await expect(page.getByRole('navigation', { name: 'Điều hướng chính' }).getByText('manager', { exact: true })).toBeVisible();
          |                                                                                                                    ^
      248 |     await expect(page.getByRole('button', { name: 'Sửa bản nháp', exact: true })).toHaveCount(0);
      249 |     await expect(page.getByRole('button', { name: 'Gửi duyệt', exact: true })).toHaveCount(0);
      250 |     await expect(page.getByRole('button', { name: 'Xuất bản bản đã đánh giá', exact: true })).toHaveCount(0);
        at C:\Users\Joker-PC\Documents\Projects\Bot-AI-Ban-hang-FB\BotSalesAI_Frontend\tests\fe017.spec.ts:247:116

    Error Context: test-results\playwright-45040-bda29b61-6b45-45f1-ba77-8687a202698e\fe017-FE017-AC05-manager-s-dd2fe-specific-upload-and-publish-chromium\error-context.md

    Error Context: test-results\playwright-45040-bda29b61-6b45-45f1-ba77-8687a202698e\fe017-FE017-AC05-manager-s-dd2fe-specific-upload-and-publish-chromium\error-context.md

    attachment #3: trace (application/zip) ─────────────────────────────────────────────────────────
    test-results\playwright-45040-bda29b61-6b45-45f1-ba77-8687a202698e\fe017-FE017-AC05-manager-s-dd2fe-specific-upload-and-publish-chromium\trace.zip
    Usage:

        npx playwright show-trace test-results\playwright-45040-bda29b61-6b45-45f1-ba77-8687a202698e\fe017-FE017-AC05-manager-s-dd2fe-specific-upload-and-publish-chromium\trace.zip

    ────────────────────────────────────────────────────────────────────────────────────────────────

  18) [chromium] › tests\fe018.spec.ts:147:1 › FE018.AC01/04 draft saves use the contract version and keep human order confirmation locked after a conflict 

    Error: expect(locator).toBeVisible() failed

    Locator: getByText('Hợp đồng BotConfigWrite hiện khóa requireHumanOrderConfirmation=true.')
    Expected: visible
    Timeout: 5000ms
    Error: element(s) not found

    Call log:
      - Expect "toBeVisible" getByText('Hợp đồng BotConfigWrite hiện khóa requireHumanOrderConfirmation=true.') with timeout 5000ms
      - waiting for getByText('Hợp đồng BotConfigWrite hiện khóa requireHumanOrderConfirmation=true.')


      147 | test('FE018.AC01/04 draft saves use the contract version and keep human order confirmation locked after a conflict', async ({ page }) => {
      148 |     await gotoDemo(page, '/s/shop-demo/bot');
    > 149 |     await expect(page.getByText('Hợp đồng BotConfigWrite hiện khóa requireHumanOrderConfirmation=true.')).toBeVisible();
          |                                                                                                           ^
      150 |     await page.getByRole('button', { name: 'Sửa bản nháp' }).click();
      151 |     const dialog = page.getByRole('dialog', { name: 'Cấu hình bản nháp' });
      152 |     const instructions = 'Chỉ tư vấn theo dữ liệu mẫu đã duyệt; không tự chốt đơn.';
        at C:\Users\Joker-PC\Documents\Projects\Bot-AI-Ban-hang-FB\BotSalesAI_Frontend\tests\fe018.spec.ts:149:107

    Error Context: test-results\playwright-95204-938ca0cb-558c-46a7-b1c4-35fbff9fef71\fe018-FE018-AC01-04-draft--afc70-ion-locked-after-a-conflict-chromium\error-context.md

    attachment #2: trace (application/zip) ─────────────────────────────────────────────────────────
    test-results\playwright-95204-938ca0cb-558c-46a7-b1c4-35fbff9fef71\fe018-FE018-AC01-04-draft--afc70-ion-locked-after-a-conflict-chromium\trace.zip
    Usage:

        npx playwright show-trace test-results\playwright-95204-938ca0cb-558c-46a7-b1c4-35fbff9fef71\fe018-FE018-AC01-04-draft--afc70-ion-locked-after-a-conflict-chromium\trace.zip

    ────────────────────────────────────────────────────────────────────────────────────────────────

  19) [chromium] › tests\fe020.spec.ts:178:1 › FE020.F05 delegation rule preview stays local and grants no API approval capability 

    Test timeout of 180000ms exceeded.

    Error: locator.click: Test timeout of 180000ms exceeded.
    Call log:
      - waiting for getByRole('combobox', { name: 'Vai trò được ủy quyền' })


      20 | async function chooseOption(page: import('@playwright/test').Page, label: string, value: string | RegExp) {
      21 |     if (['Vai trò mô phỏng', 'Trạng thái thử', 'Dataset mô phỏng'].includes(label)) await openDemoControls(page);
    > 22 |     await page.getByRole('combobox', { name: label }).click();
         |                                                       ^
      23 |     await page.getByRole('option', { name: value, exact: true }).click();
      24 | }
      25 |
        at chooseOption (C:\Users\Joker-PC\Documents\Projects\Bot-AI-Ban-hang-FB\BotSalesAI_Frontend\tests\fe020.spec.ts:22:55)
        at C:\Users\Joker-PC\Documents\Projects\Bot-AI-Ban-hang-FB\BotSalesAI_Frontend\tests\fe020.spec.ts:185:11

    Error Context: test-results\playwright-95316-61c771e0-8707-452e-bb9a-4b5d6022eff7\fe020-FE020-F05-delegation-f6978--no-API-approval-capability-chromium\error-context.md

    Error Context: test-results\playwright-95316-61c771e0-8707-452e-bb9a-4b5d6022eff7\fe020-FE020-F05-delegation-f6978--no-API-approval-capability-chromium\error-context.md

    attachment #3: trace (application/zip) ─────────────────────────────────────────────────────────
    test-results\playwright-95316-61c771e0-8707-452e-bb9a-4b5d6022eff7\fe020-FE020-F05-delegation-f6978--no-API-approval-capability-chromium\trace.zip
    Usage:

        npx playwright show-trace test-results\playwright-95316-61c771e0-8707-452e-bb9a-4b5d6022eff7\fe020-FE020-F05-delegation-f6978--no-API-approval-capability-chromium\trace.zip

    ────────────────────────────────────────────────────────────────────────────────────────────────

  20) [chromium] › tests\frontend-corrections.spec.ts:98:1 › F05 keeps text typed while a previous internal note is pending 

    Error: expect(locator).toBeEnabled() failed

    Locator:  getByRole('button', { name: 'Lưu ghi chú', exact: true })
    Expected: enabled
    Received: disabled
    Timeout:  5000ms

    Call log:
      - Expect "toBeEnabled" getByRole('button', { name: 'Lưu ghi chú', exact: true }) with timeout 5000ms
      - waiting for getByRole('button', { name: 'Lưu ghi chú', exact: true })
        14 × locator resolved to <button disabled tabindex="-1" type="submit" class="MuiButtonBase-root MuiButton-root MuiButton-contained MuiButton-containedPrimary MuiButton-sizeMedium MuiButton-containedSizeMedium MuiButton-colorPrimary MuiButton-disableElevation Mui-disabled MuiButton-root MuiButton-contained MuiButton-containedPrimary MuiButton-sizeMedium MuiButton-containedSizeMedium MuiButton-colorPrimary MuiButton-disableElevation css-1kx9og7-MuiButtonBase-root-MuiButton-root">…</button>
           - unexpected value "disabled"


      107 |     await text.fill('Typed next while pending'); const submittedResponse = await response;
      108 |     expect(submittedResponse.status()).toBe(201); expect((await submittedResponse.json()).data.text).toBe(submittedText);
    > 109 |     await expect(page.getByRole('button', { name: 'Lưu ghi chú', exact: true })).toBeEnabled();
          |                                                                                  ^
      110 |     await expect(text).toHaveValue('Typed next while pending');
      111 | });
      112 |
        at C:\Users\Joker-PC\Documents\Projects\Bot-AI-Ban-hang-FB\BotSalesAI_Frontend\tests\frontend-corrections.spec.ts:109:82

    Error Context: test-results\playwright-44104-f76c6279-2687-4d59-84d1-83442a8bd65f\frontend-corrections-F05-k-fb6aa-us-internal-note-is-pending-chromium\error-context.md

    Error Context: test-results\playwright-44104-f76c6279-2687-4d59-84d1-83442a8bd65f\frontend-corrections-F05-k-fb6aa-us-internal-note-is-pending-chromium\error-context.md

    attachment #3: trace (application/zip) ─────────────────────────────────────────────────────────
    test-results\playwright-44104-f76c6279-2687-4d59-84d1-83442a8bd65f\frontend-corrections-F05-k-fb6aa-us-internal-note-is-pending-chromium\trace.zip
    Usage:

        npx playwright show-trace test-results\playwright-44104-f76c6279-2687-4d59-84d1-83442a8bd65f\frontend-corrections-F05-k-fb6aa-us-internal-note-is-pending-chromium\trace.zip

    ────────────────────────────────────────────────────────────────────────────────────────────────

  21) [chromium] › tests\frontend-corrections.spec.ts:191:1 › F01 shop settings merges a server-only locale change and preserves edits typed during save 

    Error: expect(locator).toHaveValue(expected) failed

    Locator: getByLabel('Ngôn ngữ', { exact: true })
    Expected: "en-US"
    Timeout: 5000ms
    Error: element(s) not found

    Call log:
      - Expect "toHaveValue" getByLabel('Ngôn ngữ', { exact: true }) with timeout 5000ms
      - waiting for getByLabel('Ngôn ngữ', { exact: true })


      202 |     const comparison = page.getByRole('dialog', { name: 'Đối chiếu thay đổi', exact: true });
      203 |     await comparison.getByRole('button', { name: 'Áp dụng vào bản nháp' }).click();
    > 204 |     await expect(page.getByLabel('Ngôn ngữ', { exact: true })).toHaveValue('en-US');
          |                                                                ^
      205 |     await page.evaluate(async () => (await import('/src/mocks/service.ts')).setOperationDelay('updateShop', 800));
      206 |     const sent = page.waitForRequest(request => request.method() === 'PATCH' && new URL(request.url()).pathname === '/api/v2/shops/shop-demo');
      207 |     const completed = page.waitForResponse(response => response.request().method() === 'PATCH' && new URL(response.url()).pathname === '/api/v2/shops/shop-demo');
        at C:\Users\Joker-PC\Documents\Projects\Bot-AI-Ban-hang-FB\BotSalesAI_Frontend\tests\frontend-corrections.spec.ts:204:64

    Error Context: test-results\playwright-21984-febff071-a728-400a-9ef3-0f697313f018\frontend-corrections-F01-s-5ba59-ves-edits-typed-during-save-chromium\error-context.md

    Error Context: test-results\playwright-21984-febff071-a728-400a-9ef3-0f697313f018\frontend-corrections-F01-s-5ba59-ves-edits-typed-during-save-chromium\error-context.md

    attachment #3: trace (application/zip) ─────────────────────────────────────────────────────────
    test-results\playwright-21984-febff071-a728-400a-9ef3-0f697313f018\frontend-corrections-F01-s-5ba59-ves-edits-typed-during-save-chromium\trace.zip
    Usage:

        npx playwright show-trace test-results\playwright-21984-febff071-a728-400a-9ef3-0f697313f018\frontend-corrections-F01-s-5ba59-ves-edits-typed-during-save-chromium\trace.zip

    ────────────────────────────────────────────────────────────────────────────────────────────────

  22) [chromium] › tests\frontend-corrections.spec.ts:300:1 › F05 keeps mode changes and unknown sends, locks another send, and observes recovery-registry completion 

    Test timeout of 180000ms exceeded.

    Error: page.waitForResponse: Test timeout of 180000ms exceeded.

      308 |     await page.getByLabel('Ghi chú nội bộ (không gửi khách)').check();
      309 |     await page.evaluate(async () => { const service = await import('/src/mocks/service.ts'); service.setOperationDelay('addInternalNote', null); service.setOperationFailure('addInternalNote', { status: 503, code: 'UNAVAILABLE', message: 'Synthetic uncertain result' }); });
    > 310 |     const unknown = page.waitForResponse(response => response.request().method() === 'POST' && new URL(response.url()).pathname.includes('/notes'));
          |                          ^
      311 |     await page.getByRole('button', { name: 'Lưu ghi chú', exact: true }).click(); expect((await unknown).status()).toBe(503);
      312 |     await expect(page.getByRole('button', { name: 'Lưu ghi chú', exact: true })).toBeDisabled();
      313 |     await page.getByLabel('Ghi chú cho nhóm').fill('Retained unknown draft');
        at C:\Users\Joker-PC\Documents\Projects\Bot-AI-Ban-hang-FB\BotSalesAI_Frontend\tests\frontend-corrections.spec.ts:310:26

    Error: locator.click: Test timeout of 180000ms exceeded.
    Call log:
      - waiting for getByRole('button', { name: 'Lưu ghi chú', exact: true })
        - locator resolved to <button disabled tabindex="-1" type="submit" class="MuiButtonBase-root MuiButton-root MuiButton-contained MuiButton-containedPrimary MuiButton-sizeMedium MuiButton-containedSizeMedium MuiButton-colorPrimary MuiButton-disableElevation Mui-disabled MuiButton-root MuiButton-contained MuiButton-containedPrimary MuiButton-sizeMedium MuiButton-containedSizeMedium MuiButton-colorPrimary MuiButton-disableElevation css-1kx9og7-MuiButtonBase-root-MuiButton-root">…</button>
      - attempting click action
        2 × waiting for element to be visible, enabled and stable
          - element is not enabled
        - retrying click action
        - waiting 20ms
        2 × waiting for element to be visible, enabled and stable
          - element is not enabled
        - retrying click action
          - waiting 100ms
        343 × waiting for element to be visible, enabled and stable
            - element is not enabled
          - retrying click action
            - waiting 500ms


      309 |     await page.evaluate(async () => { const service = await import('/src/mocks/service.ts'); service.setOperationDelay('addInternalNote', null); service.setOperationFailure('addInternalNote', { status: 503, code: 'UNAVAILABLE', message: 'Synthetic uncertain result' }); });
      310 |     const unknown = page.waitForResponse(response => response.request().method() === 'POST' && new URL(response.url()).pathname.includes('/notes'));
    > 311 |     await page.getByRole('button', { name: 'Lưu ghi chú', exact: true }).click(); expect((await unknown).status()).toBe(503);
          |                                                                          ^
      312 |     await expect(page.getByRole('button', { name: 'Lưu ghi chú', exact: true })).toBeDisabled();
      313 |     await page.getByLabel('Ghi chú cho nhóm').fill('Retained unknown draft');
      314 |     await expect(page.getByRole('button', { name: 'Lưu ghi chú', exact: true })).toBeDisabled();
        at C:\Users\Joker-PC\Documents\Projects\Bot-AI-Ban-hang-FB\BotSalesAI_Frontend\tests\frontend-corrections.spec.ts:311:74

    Error Context: test-results\playwright-85752-29ba462a-495a-4acc-8120-71944fc92a31\frontend-corrections-F05-k-366c0-ecovery-registry-completion-chromium\error-context.md

    Error Context: test-results\playwright-85752-29ba462a-495a-4acc-8120-71944fc92a31\frontend-corrections-F05-k-366c0-ecovery-registry-completion-chromium\error-context.md

    attachment #3: trace (application/zip) ─────────────────────────────────────────────────────────
    test-results\playwright-85752-29ba462a-495a-4acc-8120-71944fc92a31\frontend-corrections-F05-k-366c0-ecovery-registry-completion-chromium\trace.zip
    Usage:

        npx playwright show-trace test-results\playwright-85752-29ba462a-495a-4acc-8120-71944fc92a31\frontend-corrections-F05-k-366c0-ecovery-registry-completion-chromium\trace.zip

    ────────────────────────────────────────────────────────────────────────────────────────────────

  23) [chromium] › tests\frontend-corrections.spec.ts:426:1 › F08 privacy bounds reject invalid days and long jurisdiction before HTTP 

    Error: expect(locator).toHaveAttribute(expected) failed

    Locator:  getByLabel('Số ngày lưu hội thoại', { exact: true })
    Expected: "true"
    Received: "false"
    Timeout:  5000ms

    Call log:
      - Expect "toHaveAttribute" getByLabel('Số ngày lưu hội thoại', { exact: true }) with timeout 5000ms
      - waiting for getByLabel('Số ngày lưu hội thoại', { exact: true })
        14 × locator resolved to <input min="1" step="1" value="" id="«r15»" max="36500" type="number" aria-invalid="false" aria-describedby="«r15»-helper-text" class="MuiInputBase-input MuiOutlinedInput-input css-1txw9lp-MuiInputBase-input-MuiOutlinedInput-input"/>
           - unexpected value "false"


      428 |     const writes: string[] = []; page.on('request', request => { if (request.method() === 'PATCH' && request.url().includes('/privacy/policy')) writes.push(request.url()); });
      429 |     const days = page.getByLabel('Số ngày lưu hội thoại', { exact: true }), note = page.getByLabel('Căn cứ / thị trường áp dụng', { exact: true });
    > 430 |     for (const value of ['0', '36501', '1.5']) { await days.fill(value); await expect(days).toHaveAttribute('aria-invalid', 'true'); await expect(page.getByRole('button', { name: 'Lưu bản nháp chính sách', exact: true })).toBeDisabled(); }
          |                                                                                             ^
      431 |     await days.fill('36500'); await note.fill('n'.repeat(2001)); await expect(note).toHaveAttribute('aria-invalid', 'true');
      432 |     await expect(page.getByRole('button', { name: 'Lưu bản nháp chính sách', exact: true })).toBeDisabled(); expect(writes).toEqual([]);
      433 |     await note.fill('n'.repeat(2000)); const saved = page.waitForResponse(response => response.request().method() === 'PATCH' && response.url().includes('/privacy/policy'));
        at C:\Users\Joker-PC\Documents\Projects\Bot-AI-Ban-hang-FB\BotSalesAI_Frontend\tests\frontend-corrections.spec.ts:430:93

    Error Context: test-results\playwright-57764-e622da76-3213-4cc3-81f7-eec64a4f9a19\frontend-corrections-F08-p-5bf69-ng-jurisdiction-before-HTTP-chromium\error-context.md

    Error Context: test-results\playwright-57764-e622da76-3213-4cc3-81f7-eec64a4f9a19\frontend-corrections-F08-p-5bf69-ng-jurisdiction-before-HTTP-chromium\error-context.md

    attachment #3: trace (application/zip) ─────────────────────────────────────────────────────────
    test-results\playwright-57764-e622da76-3213-4cc3-81f7-eec64a4f9a19\frontend-corrections-F08-p-5bf69-ng-jurisdiction-before-HTTP-chromium\trace.zip
    Usage:

        npx playwright show-trace test-results\playwright-57764-e622da76-3213-4cc3-81f7-eec64a4f9a19\frontend-corrections-F08-p-5bf69-ng-jurisdiction-before-HTTP-chromium\trace.zip

    ────────────────────────────────────────────────────────────────────────────────────────────────

  24) [chromium] › tests\route-role-matrix.spec.ts:44:1 › route read access matches canonical permissions for every demo role 

    Error: expect(received).toHaveLength(expected)

    Expected length: 51
    Received length: 57
    Received array:  [{"acceptanceScenarioIds": [Array], "actions": [Array], "behavior": "KPI mở trang tương ứng với bộ lọc; pause có xác nhận/reason và command status.", "content": "Hội thoại chờ, đơn chờ, hàng sắp hết, bot health; revenue/cash chỉ theo finance permission; asOf.", "edgeCases": "Null tiền hiển thị bị hạn chế/chưa có, không 0; partial dashboard và stale; widget lỗi không làm trắng toàn trang.", "id": "R04", "module": "dashboard", "path": "/s/:shopId/overview", "purpose": "Thấy ngay việc cần xử lý và dữ liệu nào đang chưa đầy đủ.", "readOperations": [Array], "readPermission": "dashboard.read", "requirementId": "FR-004", "states": [Array], "title": "Tổng quan"}, {"acceptanceScenarioIds": [Array], "actions": [Array], "behavior": "Chọn row tới R06; URL giữ filter/cursor; bàn phím tới từng hội thoại, không đọc raw PII qua toast.", "content": "Search, status, mode bot/human, channel/assignee filter được backend hỗ trợ; preview và unread.", "edgeCases": "Không kết quả khác inbox trống; event mới không giật vị trí; slow response không đổi shop đang xem.", "id": "R05", "module": "inbox", "path": "/s/:shopId/inbox", "purpose": "Tìm hội thoại cần phản hồi hoặc được phân công.", "readOperations": [Array], "readPermission": "conversations.read", "requirementId": "FR-005", "states": [Array], "title": "Hộp thư"}, {"acceptanceScenarioIds": [Array], "actions": [Array], "behavior": "Lịch sử phân trang giữ scroll; draft reply không persist; text-only vẫn tương thích; media upload theo policy MIME/size/count và conversation scope; file chỉ gửi theo ID sau synthetic scan ready; Enter/Shift+Enter giữ behavior hiện có; internal note không gửi media.", "content": "Message timeline with safe attachment metadata and scoped media readback, delivery status, capability-driven composer, sendEligibility, mode/assignee, source evidence, customer/order panel by permission.", "edgeCases": "Policy unknown/blocked disable gửi; takeover race; send timeout unknown; duplicate/out-of-order event; 403 gỡ messages; không tự gửi lại.; policy media thiếu/không hợp lệ thì tắt đính kèm; MIME/size/count/scope/purpose sai hoặc scan chưa ready thì không gửi; send unknown giữ bản nháp và chặn gửi trùng; object URL bị thu hồi khi bỏ tệp/đóng composer.", "id": "R06", "module": "inbox", "path": "/s/:shopId/inbox/:conversationId", "purpose": "Hỗ trợ khách và kiểm soát bot/human rõ ràng.", "readOperations": [Array], "readPermission": "conversations.read", "requirementId": "FR-006", "states": [Array], "title": "Chi tiết hội thoại"}, {"acceptanceScenarioIds": [Array], "actions": [Array], "behavior": "Tạo khách qua form validate; chọn vào R08; không gộp khách tự động theo tên.", "content": "Tên, thông tin liên hệ masked, external identity khi được phép; search/cursor.", "edgeCases": "Khách trùng số điện thoại chỉ cảnh báo/policy server; masked contact; special characters không XSS.", "id": "R07", "module": "customers", "path": "/s/:shopId/customers", "purpose": "Danh sách khách theo shop, không phải tài khoản nhân viên.", "readOperations": [Array], "readPermission": "customers.read", "requirementId": "FR-007", "states": [Array], "title": "Khách hàng"}, {"acceptanceScenarioIds": [Array], "actions": [Array], "behavior": "Edit chờ server + ETag; notes plain/sanitized text; đổi customer reset form.", "content": "Tên, phone/email, notes, trường bị che; links tới orders/inbox scoped filter thay vì tải chéo tự do.", "edgeCases": "412 giữ draft và cho tải phiên bản mới; contact null không bị ghi đè thành chuỗi rỗng; permission change.", "id": "R08", "module": "customers", "path": "/s/:shopId/customers/:customerId", "purpose": "Xem và sửa dữ liệu chăm sóc khách được cấp quyền.", "readOperations": [Array], "readPermission": "customers.read", "requirementId": "FR-008", "states": [Array], "title": "Hồ sơ khách"}, {"acceptanceScenarioIds": [Array], "actions": [Array], "behavior": "Nút thêm điều hướng R10; row tới R11; mọi phân trang ở server; không tính tổng tồn từ product DTO.", "content": "Tên, SKU/biến thể summary, category, status, price range theo quyền; search/category/status/sort.", "edgeCases": "0/1/100k records; long Vietnamese names; product archived; invalid cursor/filter; không fetch tất cả rồi lọc browser.", "id": "R09", "module": "catalog", "path": "/s/:shopId/products", "purpose": "Quản lý danh mục sản phẩm với search/filter thật toàn dataset.", "readOperations": [Array], "readPermission": "catalog.read", "requirementId": "FR-009", "states": [Array], "title": "Sản phẩm"}, {"acceptanceScenarioIds": [Array], "actions": [Array], "behavior": "Client validation và server errors theo field; submit idempotent; thành công tới detail. Giá decimal string, không nhập stock ở form này.", "content": "Tên 1–160 ký tự, mô tả, category, status draft/active; mỗi variant có SKU, options, name, currency/price, active; ảnh.", "edgeCases": "SKU trùng scoped; variant options trùng; upload quarantined; currency khác shop; mạng đứt không reset form.", "id": "R10", "module": "catalog", "path": "/s/:shopId/products/new", "purpose": "Tạo Product và tối thiểu một Variant.", "readOperations": [Array], "readPermission": "catalog.write", "requirementId": "FR-010", "states": [Array], "title": "Thêm sản phẩm"}, {"acceptanceScenarioIds": [Array], "actions": [Array], "behavior": "Edit dùng ETag; archive confirm nêu tác động; variants đã có order không xóa lịch sử; image chỉ dùng ready file.", "content": "Overview, variants/prices/images, version và updatedAt; links kho theo variant chỉ khi có quyền.", "edgeCases": "412; SKU conflict; product archived; unauthorized field; thay giá không đổi giá snapshot order cũ.", "id": "R11", "module": "catalog", "path": "/s/:shopId/products/:productId", "purpose": "Sửa danh mục mà không phá lịch sử đơn/kho.", "readOperations": [Array], "readPermission": "catalog.read", "requirementId": "FR-011", "states": [Array], "title": "Chi tiết sản phẩm"}, {"acceptanceScenarioIds": [Array], "actions": [Array], "behavior": "Create/edit parent selection chống cycle server; archive hiển thị tác động với sản phẩm đang tham chiếu.", "content": "Tên, parent, active, phiên bản; table hoặc tree bounded.", "edgeCases": "Parent khác shop; cycle; danh mục đang dùng; 412; không xóa hàng hóa theo cascade ở UI.", "id": "R12", "module": "catalog", "path": "/s/:shopId/categories", "purpose": "Sắp xếp sản phẩm theo nhóm mà không tạo cây vô hạn.", "readOperations": [Array], "readPermission": "catalog.read", "requirementId": "FR-012", "states": [Array], "title": "Danh mục hàng"}, {"acceptanceScenarioIds": [Array], "actions": [Array], "behavior": "Upload→validate→preview; nút commit ở R14. File quá hạn/quarantine không được parse. Giới hạn do backend trả và tối đa baseline.", "content": "File CSV/XLSX không macro, purpose, mapping sku/name/description/category/price/currency/variantName, duplicate strategy.", "edgeCases": "Sai encoding/cột/currency; formula/external link; file size/rows over-limit; không đẩy toàn file parsed vào DOM.", "id": "R13", "module": "catalog", "path": "/s/:shopId/imports", "purpose": "Import catalog có kiểm tra trước khi ghi, không import âm thầm vào kho.", "readOperations": [Array], "readPermission": "catalog.import", "requirementId": "FR-013", "states": [Array], "title": "Nhập dữ liệu"}, …]

      43 |
      44 | test('route read access matches canonical permissions for every demo role', async ({ page }) => {
    > 45 |     expect(privateRoutes).toHaveLength(51);
         |                           ^
      46 |     expect(roles).toHaveLength(7);
      47 |
      48 |     let checks = 0;
        at C:\Users\Joker-PC\Documents\Projects\Bot-AI-Ban-hang-FB\BotSalesAI_Frontend\tests\route-role-matrix.spec.ts:45:27

    Error Context: test-results\playwright-54200-050abbee-4f5a-4721-b283-cf00d75c524f\route-role-matrix-route-re-638a3-issions-for-every-demo-role-chromium\error-context.md

    Error Context: test-results\playwright-54200-050abbee-4f5a-4721-b283-cf00d75c524f\route-role-matrix-route-re-638a3-issions-for-every-demo-role-chromium\error-context.md

    attachment #3: trace (application/zip) ─────────────────────────────────────────────────────────
    test-results\playwright-54200-050abbee-4f5a-4721-b283-cf00d75c524f\route-role-matrix-route-re-638a3-issions-for-every-demo-role-chromium\trace.zip
    Usage:

        npx playwright show-trace test-results\playwright-54200-050abbee-4f5a-4721-b283-cf00d75c524f\route-role-matrix-route-re-638a3-issions-for-every-demo-role-chromium\trace.zip

    ────────────────────────────────────────────────────────────────────────────────────────────────

  25) [chromium] › tests\security.spec.ts:90:1 › mock uploads require a purpose, enforce its role, and fingerprint file content for retries 

    Error: expect(locator).toBeVisible() failed

    Locator: getByRole('navigation', { name: 'Điều hướng chính' }).getByText('sales', { exact: true })
    Expected: visible
    Timeout: 5000ms
    Error: element(s) not found

    Call log:
      - Expect "toBeVisible" getByRole('navigation', { name: 'Điều hướng chính' }).getByText('sales', { exact: true }) with timeout 5000ms
      - waiting for getByRole('navigation', { name: 'Điều hướng chính' }).getByText('sales', { exact: true })


      103 |     await salesPage.getByRole('combobox', { name: 'Vai trò mô phỏng' }).click();
      104 |     await salesPage.getByRole('option', { name: 'sales', exact: true }).click();
    > 105 |     await expect(salesPage.getByRole('navigation', { name: 'Điều hướng chính' }).getByText('sales', { exact: true })).toBeVisible();
          |                                                                                                                       ^
      106 |     const denied = await uploadStatus(salesPage, 'product_import', 'sales-import', 'sku,name,price\nP-1,Sample,100');
      107 |     expect(denied.status).toBe(403);
      108 |   } finally {
        at C:\Users\Joker-PC\Documents\Projects\Bot-AI-Ban-hang-FB\BotSalesAI_Frontend\tests\security.spec.ts:105:119

    Error Context: test-results\playwright-33272-ff8802f7-3c77-4b76-b4f6-0e7fe945e78b\security-mock-uploads-requ-9a942-nt-file-content-for-retries-chromium\error-context.md

    Error Context: test-results\playwright-33272-ff8802f7-3c77-4b76-b4f6-0e7fe945e78b\security-mock-uploads-requ-9a942-nt-file-content-for-retries-chromium\error-context.md

    attachment #3: trace (application/zip) ─────────────────────────────────────────────────────────
    test-results\playwright-33272-ff8802f7-3c77-4b76-b4f6-0e7fe945e78b\security-mock-uploads-requ-9a942-nt-file-content-for-retries-chromium\trace.zip
    Usage:

        npx playwright show-trace test-results\playwright-33272-ff8802f7-3c77-4b76-b4f6-0e7fe945e78b\security-mock-uploads-requ-9a942-nt-file-content-for-retries-chromium\trace.zip

    ────────────────────────────────────────────────────────────────────────────────────────────────

  26) [chromium] › tests\states\route-error-composition.spec.ts:28:1 › every shop route composes the shared API error state with its page content 

    Error: expect(received).toHaveLength(expected)

    Expected length: 51
    Received length: 57
    Received array:  [{"acceptanceScenarioIds": [Array], "actions": [Array], "behavior": "KPI mở trang tương ứng với bộ lọc; pause có xác nhận/reason và command status.", "content": "Hội thoại chờ, đơn chờ, hàng sắp hết, bot health; revenue/cash chỉ theo finance permission; asOf.", "edgeCases": "Null tiền hiển thị bị hạn chế/chưa có, không 0; partial dashboard và stale; widget lỗi không làm trắng toàn trang.", "id": "R04", "module": "dashboard", "path": "/s/:shopId/overview", "purpose": "Thấy ngay việc cần xử lý và dữ liệu nào đang chưa đầy đủ.", "readOperations": [Array], "readPermission": "dashboard.read", "requirementId": "FR-004", "states": [Array], "title": "Tổng quan"}, {"acceptanceScenarioIds": [Array], "actions": [Array], "behavior": "Chọn row tới R06; URL giữ filter/cursor; bàn phím tới từng hội thoại, không đọc raw PII qua toast.", "content": "Search, status, mode bot/human, channel/assignee filter được backend hỗ trợ; preview và unread.", "edgeCases": "Không kết quả khác inbox trống; event mới không giật vị trí; slow response không đổi shop đang xem.", "id": "R05", "module": "inbox", "path": "/s/:shopId/inbox", "purpose": "Tìm hội thoại cần phản hồi hoặc được phân công.", "readOperations": [Array], "readPermission": "conversations.read", "requirementId": "FR-005", "states": [Array], "title": "Hộp thư"}, {"acceptanceScenarioIds": [Array], "actions": [Array], "behavior": "Lịch sử phân trang giữ scroll; draft reply không persist; text-only vẫn tương thích; media upload theo policy MIME/size/count và conversation scope; file chỉ gửi theo ID sau synthetic scan ready; Enter/Shift+Enter giữ behavior hiện có; internal note không gửi media.", "content": "Message timeline with safe attachment metadata and scoped media readback, delivery status, capability-driven composer, sendEligibility, mode/assignee, source evidence, customer/order panel by permission.", "edgeCases": "Policy unknown/blocked disable gửi; takeover race; send timeout unknown; duplicate/out-of-order event; 403 gỡ messages; không tự gửi lại.; policy media thiếu/không hợp lệ thì tắt đính kèm; MIME/size/count/scope/purpose sai hoặc scan chưa ready thì không gửi; send unknown giữ bản nháp và chặn gửi trùng; object URL bị thu hồi khi bỏ tệp/đóng composer.", "id": "R06", "module": "inbox", "path": "/s/:shopId/inbox/:conversationId", "purpose": "Hỗ trợ khách và kiểm soát bot/human rõ ràng.", "readOperations": [Array], "readPermission": "conversations.read", "requirementId": "FR-006", "states": [Array], "title": "Chi tiết hội thoại"}, {"acceptanceScenarioIds": [Array], "actions": [Array], "behavior": "Tạo khách qua form validate; chọn vào R08; không gộp khách tự động theo tên.", "content": "Tên, thông tin liên hệ masked, external identity khi được phép; search/cursor.", "edgeCases": "Khách trùng số điện thoại chỉ cảnh báo/policy server; masked contact; special characters không XSS.", "id": "R07", "module": "customers", "path": "/s/:shopId/customers", "purpose": "Danh sách khách theo shop, không phải tài khoản nhân viên.", "readOperations": [Array], "readPermission": "customers.read", "requirementId": "FR-007", "states": [Array], "title": "Khách hàng"}, {"acceptanceScenarioIds": [Array], "actions": [Array], "behavior": "Edit chờ server + ETag; notes plain/sanitized text; đổi customer reset form.", "content": "Tên, phone/email, notes, trường bị che; links tới orders/inbox scoped filter thay vì tải chéo tự do.", "edgeCases": "412 giữ draft và cho tải phiên bản mới; contact null không bị ghi đè thành chuỗi rỗng; permission change.", "id": "R08", "module": "customers", "path": "/s/:shopId/customers/:customerId", "purpose": "Xem và sửa dữ liệu chăm sóc khách được cấp quyền.", "readOperations": [Array], "readPermission": "customers.read", "requirementId": "FR-008", "states": [Array], "title": "Hồ sơ khách"}, {"acceptanceScenarioIds": [Array], "actions": [Array], "behavior": "Nút thêm điều hướng R10; row tới R11; mọi phân trang ở server; không tính tổng tồn từ product DTO.", "content": "Tên, SKU/biến thể summary, category, status, price range theo quyền; search/category/status/sort.", "edgeCases": "0/1/100k records; long Vietnamese names; product archived; invalid cursor/filter; không fetch tất cả rồi lọc browser.", "id": "R09", "module": "catalog", "path": "/s/:shopId/products", "purpose": "Quản lý danh mục sản phẩm với search/filter thật toàn dataset.", "readOperations": [Array], "readPermission": "catalog.read", "requirementId": "FR-009", "states": [Array], "title": "Sản phẩm"}, {"acceptanceScenarioIds": [Array], "actions": [Array], "behavior": "Client validation và server errors theo field; submit idempotent; thành công tới detail. Giá decimal string, không nhập stock ở form này.", "content": "Tên 1–160 ký tự, mô tả, category, status draft/active; mỗi variant có SKU, options, name, currency/price, active; ảnh.", "edgeCases": "SKU trùng scoped; variant options trùng; upload quarantined; currency khác shop; mạng đứt không reset form.", "id": "R10", "module": "catalog", "path": "/s/:shopId/products/new", "purpose": "Tạo Product và tối thiểu một Variant.", "readOperations": [Array], "readPermission": "catalog.write", "requirementId": "FR-010", "states": [Array], "title": "Thêm sản phẩm"}, {"acceptanceScenarioIds": [Array], "actions": [Array], "behavior": "Edit dùng ETag; archive confirm nêu tác động; variants đã có order không xóa lịch sử; image chỉ dùng ready file.", "content": "Overview, variants/prices/images, version và updatedAt; links kho theo variant chỉ khi có quyền.", "edgeCases": "412; SKU conflict; product archived; unauthorized field; thay giá không đổi giá snapshot order cũ.", "id": "R11", "module": "catalog", "path": "/s/:shopId/products/:productId", "purpose": "Sửa danh mục mà không phá lịch sử đơn/kho.", "readOperations": [Array], "readPermission": "catalog.read", "requirementId": "FR-011", "states": [Array], "title": "Chi tiết sản phẩm"}, {"acceptanceScenarioIds": [Array], "actions": [Array], "behavior": "Create/edit parent selection chống cycle server; archive hiển thị tác động với sản phẩm đang tham chiếu.", "content": "Tên, parent, active, phiên bản; table hoặc tree bounded.", "edgeCases": "Parent khác shop; cycle; danh mục đang dùng; 412; không xóa hàng hóa theo cascade ở UI.", "id": "R12", "module": "catalog", "path": "/s/:shopId/categories", "purpose": "Sắp xếp sản phẩm theo nhóm mà không tạo cây vô hạn.", "readOperations": [Array], "readPermission": "catalog.read", "requirementId": "FR-012", "states": [Array], "title": "Danh mục hàng"}, {"acceptanceScenarioIds": [Array], "actions": [Array], "behavior": "Upload→validate→preview; nút commit ở R14. File quá hạn/quarantine không được parse. Giới hạn do backend trả và tối đa baseline.", "content": "File CSV/XLSX không macro, purpose, mapping sku/name/description/category/price/currency/variantName, duplicate strategy.", "edgeCases": "Sai encoding/cột/currency; formula/external link; file size/rows over-limit; không đẩy toàn file parsed vào DOM.", "id": "R13", "module": "catalog", "path": "/s/:shopId/imports", "purpose": "Import catalog có kiểm tra trước khi ghi, không import âm thầm vào kho.", "readOperations": [Array], "readPermission": "catalog.import", "requirementId": "FR-013", "states": [Array], "title": "Nhập dữ liệu"}, …]

      35 |         const shopRoutes = routeManifest.routes
      36 |             .filter(route => route.path.startsWith('/s/') && (!selectedRouteId || route.id === selectedRouteId));
    > 37 |         expect(shopRoutes).toHaveLength(selectedRouteId ? 1 : 51);
         |                            ^
      38 |
      39 |         for (const route of shopRoutes) {
      40 |             // Isolate each page's MSW service-worker client. Reusing a context after
        at C:\Users\Joker-PC\Documents\Projects\Bot-AI-Ban-hang-FB\BotSalesAI_Frontend\tests\states\route-error-composition.spec.ts:37:28

    Error Context: test-results\playwright-568-e3382e78-2bf3-42f1-9832-a50cd7658f7e\states-route-error-composi-a8cb0-state-with-its-page-content-chromium\error-context.md

    attachment #2: trace (application/zip) ─────────────────────────────────────────────────────────
    test-results\playwright-568-e3382e78-2bf3-42f1-9832-a50cd7658f7e\states-route-error-composi-a8cb0-state-with-its-page-content-chromium\trace.zip
    Usage:

        npx playwright show-trace test-results\playwright-568-e3382e78-2bf3-42f1-9832-a50cd7658f7e\states-route-error-composi-a8cb0-state-with-its-page-content-chromium\trace.zip

    ────────────────────────────────────────────────────────────────────────────────────────────────

  27) [chromium] › tests\ui-density-layout.spec.ts:22:1 › density divided facts list has one row inset and no additional inter-row gap 

    Error: expect(locator).toHaveCSS(expected) failed

    Locator: locator('[data-ui-composition="surface-content"][data-ui-rhythm="dividedRows"]').locator(':scope > [data-ui-detail-line]').first().locator(':scope > .MuiStack-root')
    Expected: "8px"
    Timeout: 5000ms
    Error: element(s) not found

    Call log:
      - Expect "toHaveCSS" locator('[data-ui-composition="surface-content"][data-ui-rhythm="dividedRows"]').locator(':scope > [data-ui-detail-line]').first().locator(':scope > .MuiStack-root') with timeout 5000ms
      - waiting for locator('[data-ui-composition="surface-content"][data-ui-rhythm="dividedRows"]').locator(':scope > [data-ui-detail-line]').first().locator(':scope > .MuiStack-root')


      25 |   const facts=page.locator('[data-ui-composition="surface-content"][data-ui-rhythm="dividedRows"]');await expect(facts).toHaveCount(1);await expect(facts).toHaveCSS('gap','0px');
      26 |   await expect(facts.locator(':scope > [data-ui-detail-line]')).toHaveCount(7);
    > 27 |   for(const row of await facts.locator(':scope > [data-ui-detail-line]').all()){await expect(row.locator(':scope > .MuiStack-root')).toHaveCSS('padding-top','8px');await expect(row.locator('.MuiDivider-root')).toHaveCount(1);}
         |                                                                                                                                      ^
      28 |   if(width===1440){expect((await facts.boundingBox())!.height).toBeCloseTo(266,0);const panel=page.getByRole('heading',{name:'Kết nối AI mô phỏng'}).locator('xpath=ancestor::*[contains(@class,"MuiPaper-root")][1]');expect((await panel.boundingBox())!.width).toBeGreaterThan(1100);}
      29 |   expect(await page.evaluate(()=>document.documentElement.scrollWidth)).toBe(width);
      30 |  }
        at C:\Users\Joker-PC\Documents\Projects\Bot-AI-Ban-hang-FB\BotSalesAI_Frontend\tests\ui-density-layout.spec.ts:27:134

    Error Context: test-results\playwright-75012-150687c8-c9ca-460b-ab64-8be7d792522a\ui-density-layout-density--73b5a-no-additional-inter-row-gap-chromium\error-context.md

    Error Context: test-results\playwright-75012-150687c8-c9ca-460b-ab64-8be7d792522a\ui-density-layout-density--73b5a-no-additional-inter-row-gap-chromium\error-context.md

    attachment #3: trace (application/zip) ─────────────────────────────────────────────────────────
    test-results\playwright-75012-150687c8-c9ca-460b-ab64-8be7d792522a\ui-density-layout-density--73b5a-no-additional-inter-row-gap-chromium\trace.zip
    Usage:

        npx playwright show-trace test-results\playwright-75012-150687c8-c9ca-460b-ab64-8be7d792522a\ui-density-layout-density--73b5a-no-additional-inter-row-gap-chromium\trace.zip

    ────────────────────────────────────────────────────────────────────────────────────────────────

  28) [chromium] › tests\ui-panel-layout.spec.ts:15:1 › the titled Fulfillment Panel owns its body inset and keeps one 12px header boundary 

    Error: expect(locator).toBeVisible() failed

    Locator: getByRole('heading', { name: 'Xem trước phí & vùng giao hàng', exact: true })
    Expected: visible
    Timeout: 5000ms
    Error: element(s) not found

    Call log:
      - Expect "toBeVisible" getByRole('heading', { name: 'Xem trước phí & vùng giao hàng', exact: true }) with timeout 5000ms
      - waiting for getByRole('heading', { name: 'Xem trước phí & vùng giao hàng', exact: true })


      25 |         await expect(page.getByRole('heading', { name: 'Vận đơn & giao hàng', exact: true })).toBeVisible();
      26 |         const heading = page.getByRole('heading', { name: 'Xem trước phí & vùng giao hàng', exact: true });
    > 27 |         await expect(heading).toBeVisible();
         |                               ^
      28 |         await expect(page.getByRole('combobox', { name: 'Vùng giao thử' })).toBeVisible();
      29 |         await expect(page.getByRole('combobox', { name: 'Kích cỡ kiện thử' })).toBeVisible();
      30 |
        at C:\Users\Joker-PC\Documents\Projects\Bot-AI-Ban-hang-FB\BotSalesAI_Frontend\tests\ui-panel-layout.spec.ts:27:31

    Error Context: test-results\playwright-21916-5f3fee5a-5a07-4528-8fca-b7845c8ed6cb\ui-panel-layout-the-titled-2c0b1-ps-one-12px-header-boundary-chromium\error-context.md

    Error Context: test-results\playwright-21916-5f3fee5a-5a07-4528-8fca-b7845c8ed6cb\ui-panel-layout-the-titled-2c0b1-ps-one-12px-header-boundary-chromium\error-context.md

    attachment #3: trace (application/zip) ─────────────────────────────────────────────────────────
    test-results\playwright-21916-5f3fee5a-5a07-4528-8fca-b7845c8ed6cb\ui-panel-layout-the-titled-2c0b1-ps-one-12px-header-boundary-chromium\trace.zip
    Usage:

        npx playwright show-trace test-results\playwright-21916-5f3fee5a-5a07-4528-8fca-b7845c8ed6cb\ui-panel-layout-the-titled-2c0b1-ps-one-12px-header-boundary-chromium\trace.zip

    ────────────────────────────────────────────────────────────────────────────────────────────────

  29) [chromium] › tests\ui-procurement-layout.spec.ts:69:1 › Procurement supplier, offer, rule, purchase and receipt dialogs fit narrow and desktop viewports without writes 

    Error: expect(locator).toBeVisible() failed

    Locator: getByRole('dialog', { name: 'Phiếu nhận hàng mới' }).getByRole('spinbutton', { name: 'Nhận đạt v-p6' })
    Expected: visible
    Timeout: 5000ms
    Error: element(s) not found

    Call log:
      - Expect "toBeVisible" getByRole('dialog', { name: 'Phiếu nhận hàng mới' }).getByRole('spinbutton', { name: 'Nhận đạt v-p6' }) with timeout 5000ms
      - waiting for getByRole('dialog', { name: 'Phiếu nhận hàng mới' }).getByRole('spinbutton', { name: 'Nhận đạt v-p6' })


      113 |         await chooseOption(page, 'Đơn mua đã xác nhận', 'seed-purchaseorder-10046', receipt);
      114 |         await expect(receipt.getByText('Đặt 10 · đã nhận 4 · bị từ chối 0 · còn 6')).toBeVisible();
    > 115 |         await expect(receipt.getByRole('spinbutton', { name: 'Nhận đạt v-p6' })).toBeVisible();
          |                                                                                  ^
      116 |         await page.keyboard.press('Escape');
      117 |     }
      118 |
        at C:\Users\Joker-PC\Documents\Projects\Bot-AI-Ban-hang-FB\BotSalesAI_Frontend\tests\ui-procurement-layout.spec.ts:115:82

    Error Context: test-results\playwright-18656-b44bb6d4-7882-40d0-aa39-6f26cbae10a6\ui-procurement-layout-Proc-3d3f3-op-viewports-without-writes-chromium\error-context.md

    Error Context: test-results\playwright-18656-b44bb6d4-7882-40d0-aa39-6f26cbae10a6\ui-procurement-layout-Proc-3d3f3-op-viewports-without-writes-chromium\error-context.md

    attachment #3: trace (application/zip) ─────────────────────────────────────────────────────────
    test-results\playwright-18656-b44bb6d4-7882-40d0-aa39-6f26cbae10a6\ui-procurement-layout-Proc-3d3f3-op-viewports-without-writes-chromium\trace.zip
    Usage:

        npx playwright show-trace test-results\playwright-18656-b44bb6d4-7882-40d0-aa39-6f26cbae10a6\ui-procurement-layout-Proc-3d3f3-op-viewports-without-writes-chromium\trace.zip

    ────────────────────────────────────────────────────────────────────────────────────────────────

  30) [chromium] › tests\ui-width-layout.spec.ts:104:1 › W02 full-width form groups fill their panel and retain input/mapping/shipping behavior 

    Test timeout of 180000ms exceeded.

    Error: locator.evaluate: Test timeout of 180000ms exceeded.
    Call log:
      - waiting for locator('main .MuiPaper-root').filter({ has: getByRole('heading', { name: 'Xem trước phí & vùng giao hàng', exact: true }) }).first().locator('[data-ui-composition="form-fields"]').first()


      107 |         await ready(page, route, width);
      108 |         const panel = page.locator('main .MuiPaper-root').filter({ has: page.getByRole('heading', { name: route === 'settings/shop' ? 'Thông tin cơ sở' : route === 'imports' ? 'Tệp & ánh xạ' : 'Xem trước phí & vùng giao hàng', exact: true }) }).first();
    > 109 |         const geometry = await panel.locator('[data-ui-composition="form-fields"]').first().evaluate(form => {
          |                                                                                             ^
      110 |             const body = form.closest('.MuiPaper-root')!.lastElementChild!;
      111 |             const style = getComputedStyle(body);
      112 |             return { width: form.getBoundingClientRect().width, available: body.getBoundingClientRect().width - parseFloat(style.paddingLeft) - parseFloat(style.paddingRight), maxWidth: getComputedStyle(form).maxWidth };
        at C:\Users\Joker-PC\Documents\Projects\Bot-AI-Ban-hang-FB\BotSalesAI_Frontend\tests\ui-width-layout.spec.ts:109:93

    Error Context: test-results\playwright-59336-f3ea4958-dd8f-42fd-a358-e1e08c252ed5\ui-width-layout-W02-full-w-96e2a-t-mapping-shipping-behavior-chromium\error-context.md

    Error Context: test-results\playwright-59336-f3ea4958-dd8f-42fd-a358-e1e08c252ed5\ui-width-layout-W02-full-w-96e2a-t-mapping-shipping-behavior-chromium\error-context.md

    attachment #3: trace (application/zip) ─────────────────────────────────────────────────────────
    test-results\playwright-59336-f3ea4958-dd8f-42fd-a358-e1e08c252ed5\ui-width-layout-W02-full-w-96e2a-t-mapping-shipping-behavior-chromium\trace.zip
    Usage:

        npx playwright show-trace test-results\playwright-59336-f3ea4958-dd8f-42fd-a358-e1e08c252ed5\ui-width-layout-W02-full-w-96e2a-t-mapping-shipping-behavior-chromium\trace.zip

    ────────────────────────────────────────────────────────────────────────────────────────────────

  31) [chromium] › tests\ui-width-layout.spec.ts:162:1 › W04 detail rows stay atomic in divided rhythm and plain containers 

    Error: locator.evaluate: TypeError: Cannot read properties of undefined (reading 'children')
        at eval (eval at evaluate (:311:30), <anonymous>:6:31)
        at UtilityScript.evaluate (<anonymous>:313:16)
        at UtilityScript.<anonymous> (<anonymous>:1:44)
        at eval (eval at evaluate (:311:30), <anonymous>:6:31)
        at UtilityScript.evaluate (<anonymous>:313:16)
        at UtilityScript.<anonymous> (<anonymous>:1:44)
        at C:\Users\Joker-PC\Documents\Projects\Bot-AI-Ban-hang-FB\BotSalesAI_Frontend\tests\ui-width-layout.spec.ts:166:53

    Error Context: test-results\playwright-65544-ad33f60a-e55d-4f39-a302-655b1bee9a8e\ui-width-layout-W04-detail-39d7a-rhythm-and-plain-containers-chromium\error-context.md

    Error Context: test-results\playwright-65544-ad33f60a-e55d-4f39-a302-655b1bee9a8e\ui-width-layout-W04-detail-39d7a-rhythm-and-plain-containers-chromium\error-context.md

    attachment #3: trace (application/zip) ─────────────────────────────────────────────────────────
    test-results\playwright-65544-ad33f60a-e55d-4f39-a302-655b1bee9a8e\ui-width-layout-W04-detail-39d7a-rhythm-and-plain-containers-chromium\trace.zip
    Usage:

        npx playwright show-trace test-results\playwright-65544-ad33f60a-e55d-4f39-a302-655b1bee9a8e\ui-width-layout-W04-detail-39d7a-rhythm-and-plain-containers-chromium\trace.zip

    ────────────────────────────────────────────────────────────────────────────────────────────────

  32) [chromium] › tests\ui007-query-states.spec.ts:114:1 › UI007 supplier and offer failures keep purchase suggestions visible and have operation-specific recovery 

    Error: expect(locator).toBeVisible() failed

    Locator: getByRole('table', { name: 'Dữ liệu' })
    Expected: visible
    Timeout: 5000ms
    Error: element(s) not found

    Call log:
      - Expect "toBeVisible" getByRole('table', { name: 'Dữ liệu' }) with timeout 5000ms
      - waiting for getByRole('table', { name: 'Dữ liệu' })


      130 |     await expect(page.getByRole('button', { name: 'Thử lại danh sách nhà cung cấp', exact: true })).toHaveCount(0);
      131 |     expect(suggestionResponses).toContain(200);
    > 132 |     await expect(page.getByRole('table', { name: 'Dữ liệu' })).toBeVisible();
          |                                                                ^
      133 |
      134 |     await setOperationFailure(page, 'listSupplierOffers', null);
      135 |     let observeRetryRequests = false;
        at C:\Users\Joker-PC\Documents\Projects\Bot-AI-Ban-hang-FB\BotSalesAI_Frontend\tests\ui007-query-states.spec.ts:132:64

    Error Context: test-results\playwright-48060-5ba2d738-f8cf-4a5f-9dd0-d0e9be45c66c\ui007-query-states-UI007-s-24589-operation-specific-recovery-chromium\error-context.md

    Error Context: test-results\playwright-48060-5ba2d738-f8cf-4a5f-9dd0-d0e9be45c66c\ui007-query-states-UI007-s-24589-operation-specific-recovery-chromium\error-context.md

    attachment #3: trace (application/zip) ─────────────────────────────────────────────────────────
    test-results\playwright-48060-5ba2d738-f8cf-4a5f-9dd0-d0e9be45c66c\ui007-query-states-UI007-s-24589-operation-specific-recovery-chromium\trace.zip
    Usage:

        npx playwright show-trace test-results\playwright-48060-5ba2d738-f8cf-4a5f-9dd0-d0e9be45c66c\ui007-query-states-UI007-s-24589-operation-specific-recovery-chromium\trace.zip

    ────────────────────────────────────────────────────────────────────────────────────────────────

  33) [chromium] › tests\ui007-query-states.spec.ts:150:1 › UI007 auto-send budget query is lazy, permission-aware, and blocks an unverified budget 

    Error: expect(locator).toHaveCount(expected) failed

    Locator:  getByRole('dialog', { name: 'Quy tắc nhập lại' }).getByRole('button', { name: 'Thử lại chính sách ngân sách', exact: true })
    Expected: 0
    Received: 1
    Timeout:  5000ms

    Call log:
      - Expect "toHaveCount" getByRole('dialog', { name: 'Quy tắc nhập lại' }).getByRole('button', { name: 'Thử lại chính sách ngân sách', exact: true }) with timeout 5000ms
      - waiting for getByRole('dialog', { name: 'Quy tắc nhập lại' }).getByRole('button', { name: 'Thử lại chính sách ngân sách', exact: true })
        14 × locator resolved to 1 element
           - unexpected value "1"


      162 |     expect((await budgetResponse).status()).toBe(403);
      163 |     await expect(dialog.getByRole('group', { name: 'Trạng thái chính sách ngân sách mua hàng' }).getByRole('alert').filter({ hasText: 'UI007_BUDGETS_403' })).toBeVisible();
    > 164 |     await expect(dialog.getByRole('button', { name: 'Thử lại chính sách ngân sách', exact: true })).toHaveCount(0);
          |                                                                                                     ^
      165 |     await expect(dialog.getByRole('button', { name: 'Lưu quy tắc', exact: true })).toBeDisabled();
      166 | });
      167 |
        at C:\Users\Joker-PC\Documents\Projects\Bot-AI-Ban-hang-FB\BotSalesAI_Frontend\tests\ui007-query-states.spec.ts:164:101

    Error Context: test-results\playwright-31964-867aed64-c930-4cf1-a322-e15cafb37803\ui007-query-states-UI007-a-86e49-blocks-an-unverified-budget-chromium\error-context.md

    Error Context: test-results\playwright-31964-867aed64-c930-4cf1-a322-e15cafb37803\ui007-query-states-UI007-a-86e49-blocks-an-unverified-budget-chromium\error-context.md

    attachment #3: trace (application/zip) ─────────────────────────────────────────────────────────
    test-results\playwright-31964-867aed64-c930-4cf1-a322-e15cafb37803\ui007-query-states-UI007-a-86e49-blocks-an-unverified-budget-chromium\trace.zip
    Usage:

        npx playwright show-trace test-results\playwright-31964-867aed64-c930-4cf1-a322-e15cafb37803\ui007-query-states-UI007-a-86e49-blocks-an-unverified-budget-chromium\trace.zip

    ────────────────────────────────────────────────────────────────────────────────────────────────

  34) [chromium] › tests\ui008-integration-empty.spec.ts:75:1 › UI008 R29 read-only bot_admin sees the empty state without a manage action 

    Error: expect(locator).toBeVisible() failed

    Locator: getByRole('navigation', { name: 'Điều hướng chính' }).getByText('bot_admin', { exact: true })
    Expected: visible
    Timeout: 5000ms
    Error: element(s) not found

    Call log:
      - Expect "toBeVisible" getByRole('navigation', { name: 'Điều hướng chính' }).getByText('bot_admin', { exact: true }) with timeout 5000ms
      - waiting for getByRole('navigation', { name: 'Điều hướng chính' }).getByText('bot_admin', { exact: true })


      76 |     await gotoDemo(page, '/s/shop-demo/overview');
      77 |     await chooseMockOption(page, 'Vai trò mô phỏng', 'bot_admin');
    > 78 |     await expect(page.getByRole('navigation', { name: 'Điều hướng chính' }).getByText('bot_admin', { exact: true })).toBeVisible();
         |                                                                                                                      ^
      79 |     await setFault(page, 'empty_persistent');
      80 |     const channelsResponse = page.waitForResponse(response => response.request().method() === 'GET'
      81 |         && new URL(response.url()).pathname.endsWith('/integrations/channels'));
        at C:\Users\Joker-PC\Documents\Projects\Bot-AI-Ban-hang-FB\BotSalesAI_Frontend\tests\ui008-integration-empty.spec.ts:78:118

    Error Context: test-results\playwright-86436-fed3a5ef-3b4a-44f9-b29f-4b9e7fa6dc99\ui008-integration-empty-UI-4e7fb-ate-without-a-manage-action-chromium\error-context.md

    Error Context: test-results\playwright-86436-fed3a5ef-3b4a-44f9-b29f-4b9e7fa6dc99\ui008-integration-empty-UI-4e7fb-ate-without-a-manage-action-chromium\error-context.md

    attachment #3: trace (application/zip) ─────────────────────────────────────────────────────────
    test-results\playwright-86436-fed3a5ef-3b4a-44f9-b29f-4b9e7fa6dc99\ui008-integration-empty-UI-4e7fb-ate-without-a-manage-action-chromium\trace.zip
    Usage:

        npx playwright show-trace test-results\playwright-86436-fed3a5ef-3b4a-44f9-b29f-4b9e7fa6dc99\ui008-integration-empty-UI-4e7fb-ate-without-a-manage-action-chromium\trace.zip

    ────────────────────────────────────────────────────────────────────────────────────────────────

  35) [chromium] › tests\ui008-integration-empty.spec.ts:161:1 › UI008 R30 read-only bot_admin sees the empty state without an add action 

    Error: expect(locator).toBeVisible() failed

    Locator: getByRole('navigation', { name: 'Điều hướng chính' }).getByText('bot_admin', { exact: true })
    Expected: visible
    Timeout: 5000ms
    Error: element(s) not found

    Call log:
      - Expect "toBeVisible" getByRole('navigation', { name: 'Điều hướng chính' }).getByText('bot_admin', { exact: true }) with timeout 5000ms
      - waiting for getByRole('navigation', { name: 'Điều hướng chính' }).getByText('bot_admin', { exact: true })


      162 |     await gotoDemo(page, '/s/shop-demo/overview');
      163 |     await chooseMockOption(page, 'Vai trò mô phỏng', 'bot_admin');
    > 164 |     await expect(page.getByRole('navigation', { name: 'Điều hướng chính' }).getByText('bot_admin', { exact: true })).toBeVisible();
          |                                                                                                                      ^
      165 |     await setFault(page, 'empty_persistent');
      166 |     const connectionsResponse = page.waitForResponse(response => response.request().method() === 'GET'
      167 |         && new URL(response.url()).pathname.endsWith('/integrations/ai'));
        at C:\Users\Joker-PC\Documents\Projects\Bot-AI-Ban-hang-FB\BotSalesAI_Frontend\tests\ui008-integration-empty.spec.ts:164:118

    Error Context: test-results\playwright-81268-9b54cb21-1edb-4794-8134-c476be5c614e\ui008-integration-empty-UI-4ee17-state-without-an-add-action-chromium\error-context.md

    Error Context: test-results\playwright-81268-9b54cb21-1edb-4794-8134-c476be5c614e\ui008-integration-empty-UI-4ee17-state-without-an-add-action-chromium\error-context.md

    attachment #3: trace (application/zip) ─────────────────────────────────────────────────────────
    test-results\playwright-81268-9b54cb21-1edb-4794-8134-c476be5c614e\ui008-integration-empty-UI-4ee17-state-without-an-add-action-chromium\trace.zip
    Usage:

        npx playwright show-trace test-results\playwright-81268-9b54cb21-1edb-4794-8134-c476be5c614e\ui008-integration-empty-UI-4ee17-state-without-an-add-action-chromium\trace.zip

    ────────────────────────────────────────────────────────────────────────────────────────────────

  36) [chromium] › tests\ui012-keyboard.spec.ts:314:1 › UI012 long BotConfig policy literal wraps inside its alert at a 320 CSS-pixel viewport 

    Error: expect(locator).toBeVisible() failed

    Locator: getByRole('alert').filter({ hasText: 'BotConfigWrite' })
    Expected: visible
    Timeout: 5000ms
    Error: element(s) not found

    Call log:
      - Expect "toBeVisible" getByRole('alert').filter({ hasText: 'BotConfigWrite' }) with timeout 5000ms
      - waiting for getByRole('alert').filter({ hasText: 'BotConfigWrite' })


      317 |
      318 |     const alert = page.getByRole('alert').filter({ hasText: 'BotConfigWrite' });
    > 319 |     await expect(alert).toBeVisible();
          |                         ^
      320 |     await expect(alert.getByText('requireHumanOrderConfirmation=true', { exact: true })).toBeVisible();
      321 |
      322 |     const layout = await alert.evaluate(element => {
        at C:\Users\Joker-PC\Documents\Projects\Bot-AI-Ban-hang-FB\BotSalesAI_Frontend\tests\ui012-keyboard.spec.ts:319:25

    Error Context: test-results\playwright-15352-edf91bd2-2ec7-418c-85c8-a50c989a8768\ui012-keyboard-UI012-long--511cc-at-a-320-CSS-pixel-viewport-chromium\error-context.md

    Error Context: test-results\playwright-15352-edf91bd2-2ec7-418c-85c8-a50c989a8768\ui012-keyboard-UI012-long--511cc-at-a-320-CSS-pixel-viewport-chromium\error-context.md

    attachment #3: trace (application/zip) ─────────────────────────────────────────────────────────
    test-results\playwright-15352-edf91bd2-2ec7-418c-85c8-a50c989a8768\ui012-keyboard-UI012-long--511cc-at-a-320-CSS-pixel-viewport-chromium\trace.zip
    Usage:

        npx playwright show-trace test-results\playwright-15352-edf91bd2-2ec7-418c-85c8-a50c989a8768\ui012-keyboard-UI012-long--511cc-at-a-320-CSS-pixel-viewport-chromium\trace.zip

    ────────────────────────────────────────────────────────────────────────────────────────────────

  37) [chromium] › tests\ui021-permission-edge.spec.ts:4:1 › privacy page keeps the customers link when the destination permission is present 

    Error: expect(locator).toBeVisible() failed

    Locator: getByRole('link', { name: 'Mở danh sách khách đầy đủ' })
    Expected: visible
    Timeout: 5000ms
    Error: element(s) not found

    Call log:
      - Expect "toBeVisible" getByRole('link', { name: 'Mở danh sách khách đầy đủ' }) with timeout 5000ms
      - waiting for getByRole('link', { name: 'Mở danh sách khách đầy đủ' })


       8 |         await page.goto(new URL('/s/shop-demo/settings/privacy', server.url).toString());
       9 |         const customerLink = page.getByRole('link', { name: 'Mở danh sách khách đầy đủ' });
    > 10 |         await expect(customerLink).toBeVisible();
         |                                    ^
      11 |         await customerLink.click();
      12 |         await expect(page).toHaveURL(/\/s\/shop-demo\/customers$/);
      13 |         await expect(page.getByText(/Bạn không có quyền truy cập màn hình này/)).toHaveCount(0);
        at C:\Users\Joker-PC\Documents\Projects\Bot-AI-Ban-hang-FB\BotSalesAI_Frontend\tests\ui021-permission-edge.spec.ts:10:36

    Error Context: test-results\playwright-5884-16a96998-fbfa-4afa-a1e9-546f0aadc7aa\ui021-permission-edge-priv-16c35-ation-permission-is-present-chromium\error-context.md

    attachment #2: trace (application/zip) ─────────────────────────────────────────────────────────
    test-results\playwright-5884-16a96998-fbfa-4afa-a1e9-546f0aadc7aa\ui021-permission-edge-priv-16c35-ation-permission-is-present-chromium\trace.zip
    Usage:

        npx playwright show-trace test-results\playwright-5884-16a96998-fbfa-4afa-a1e9-546f0aadc7aa\ui021-permission-edge-priv-16c35-ation-permission-is-present-chromium\trace.zip

    ────────────────────────────────────────────────────────────────────────────────────────────────

  38) [chromium] › tests\ui021-permission-edge.spec.ts:19:1 › privacy page hides the customers link when the destination permission is missing 

    Error: expect(locator).toBeVisible() failed

    Locator: getByText(/không có customers\.read/)
    Expected: visible
    Timeout: 5000ms
    Error: element(s) not found

    Call log:
      - Expect "toBeVisible" getByText(/không có customers\.read/) with timeout 5000ms
      - waiting for getByText(/không có customers\.read/)


      43 |         await page.goto(new URL('/s/shop-demo/settings/privacy', server.url).toString());
      44 |         await expect(page.getByRole('heading', { name: 'Quyền riêng tư & vòng đời dữ liệu' })).toBeVisible();
    > 45 |         await expect(page.getByText(/không có customers\.read/)).toBeVisible();
         |                                                                  ^
      46 |         await expect(page.getByRole('link', { name: 'Mở danh sách khách đầy đủ' })).toHaveCount(0);
      47 |
      48 |         await page.goto(new URL('/s/shop-demo/customers', server.url).toString());
        at C:\Users\Joker-PC\Documents\Projects\Bot-AI-Ban-hang-FB\BotSalesAI_Frontend\tests\ui021-permission-edge.spec.ts:45:66

    Error Context: test-results\playwright-72768-0bdcd295-8e1e-4f53-8cfc-e433f1b21c07\ui021-permission-edge-priv-eda56-ation-permission-is-missing-chromium\error-context.md

    attachment #2: trace (application/zip) ─────────────────────────────────────────────────────────
    test-results\playwright-72768-0bdcd295-8e1e-4f53-8cfc-e433f1b21c07\ui021-permission-edge-priv-eda56-ation-permission-is-missing-chromium\trace.zip
    Usage:

        npx playwright show-trace test-results\playwright-72768-0bdcd295-8e1e-4f53-8cfc-e433f1b21c07\ui021-permission-edge-priv-eda56-ation-permission-is-missing-chromium\trace.zip

    ────────────────────────────────────────────────────────────────────────────────────────────────

  39) [chromium] › tests\ui028-w25-reports-layout.spec.ts:16:1 › UI028.W25 Reports semantic spacing stays stable at mobile, tablet and desktop widths 

    Error: page.evaluate: Error: Marketing chart viewport is missing.
        at eval (eval at evaluate (:311:30), <anonymous>:15:25)
        at UtilityScript.evaluate (<anonymous>:313:16)
        at UtilityScript.<anonymous> (<anonymous>:1:44)
        at eval (eval at evaluate (:311:30), <anonymous>:15:25)
        at UtilityScript.evaluate (<anonymous>:313:16)
        at UtilityScript.<anonymous> (<anonymous>:1:44)
        at C:\Users\Joker-PC\Documents\Projects\Bot-AI-Ban-hang-FB\BotSalesAI_Frontend\tests\ui028-w25-reports-layout.spec.ts:68:36

    Error Context: test-results\playwright-43084-1fec4b1c-6ef6-4794-a517-8c6f1adad727\ui028-w25-reports-layout-U-e3965-e-tablet-and-desktop-widths-chromium\error-context.md

    Error Context: test-results\playwright-43084-1fec4b1c-6ef6-4794-a517-8c6f1adad727\ui028-w25-reports-layout-U-e3965-e-tablet-and-desktop-widths-chromium\error-context.md

    attachment #3: trace (application/zip) ─────────────────────────────────────────────────────────
    test-results\playwright-43084-1fec4b1c-6ef6-4794-a517-8c6f1adad727\ui028-w25-reports-layout-U-e3965-e-tablet-and-desktop-widths-chromium\trace.zip
    Usage:

        npx playwright show-trace test-results\playwright-43084-1fec4b1c-6ef6-4794-a517-8c6f1adad727\ui028-w25-reports-layout-U-e3965-e-tablet-and-desktop-widths-chromium\trace.zip

    ────────────────────────────────────────────────────────────────────────────────────────────────

  40) [chromium] › tests\vertical-slices\fe022-flows.spec.ts:92:1 › FE022.VS02 procurement → approval → receipt → stock and payable preserves the purchase identity 

    Test timeout of 180000ms exceeded.

    Error: locator.fill: Test timeout of 180000ms exceeded.
    Call log:
      - waiting for getByRole('dialog', { name: 'Phiếu nhận hàng mới' }).getByRole('spinbutton', { name: 'Nhận đạt v-p1' })


      144 |     await chooseOption(page, 'Đơn mua đã xác nhận', purchaseId, receiptDraft);
      145 |     await receiptDraft.getByRole('textbox', { name: 'Mã phiếu giao / chứng từ nguồn' }).fill('FE022-RECEIPT-VS02');
    > 146 |     await receiptDraft.getByRole('spinbutton', { name: 'Nhận đạt v-p1' }).fill('2');
          |                                                                           ^
      147 |     const createReceipt = page.waitForResponse(response => response.request().method() === 'POST' && new URL(response.url()).pathname.endsWith('/goods-receipts'));
      148 |     await receiptDraft.getByRole('button', { name: 'Tạo phiếu nháp' }).click();
      149 |     const receiptResponse = await createReceipt;
        at C:\Users\Joker-PC\Documents\Projects\Bot-AI-Ban-hang-FB\BotSalesAI_Frontend\tests\vertical-slices\fe022-flows.spec.ts:146:75

    Error Context: test-results\playwright-19000-aebfd514-07a8-4a38-a35a-a805d0d52097\vertical-slices-fe022-flow-8da6a-erves-the-purchase-identity-chromium\error-context.md

    Error Context: test-results\playwright-19000-aebfd514-07a8-4a38-a35a-a805d0d52097\vertical-slices-fe022-flow-8da6a-erves-the-purchase-identity-chromium\error-context.md

    attachment #3: trace (application/zip) ─────────────────────────────────────────────────────────
    test-results\playwright-19000-aebfd514-07a8-4a38-a35a-a805d0d52097\vertical-slices-fe022-flow-8da6a-erves-the-purchase-identity-chromium\trace.zip
    Usage:

        npx playwright show-trace test-results\playwright-19000-aebfd514-07a8-4a38-a35a-a805d0d52097\vertical-slices-fe022-flow-8da6a-erves-the-purchase-identity-chromium\trace.zip

    ────────────────────────────────────────────────────────────────────────────────────────────────

  41) [chromium] › tests\vertical-slices\fe022-flows.spec.ts:168:1 › FE022.VS03 finance → reconciliation retains bank transaction and partial debt allocation 

    Test timeout of 180000ms exceeded.

    Error: locator.fill: Test timeout of 180000ms exceeded.
    Call log:
      - waiting for getByRole('dialog', { name: 'Nhập bảng đối soát' }).getByRole('textbox', { name: 'Mã tài khoản / đơn vị vận chuyển' })


      175 |         buffer: Buffer.from('externalTransactionId,amount,currency,direction,occurredAt,referenceText\nFE022-BANK-01,100000,VND,credit,2026-09-29T13:30:00Z,FE022 vertical reconciliation', 'utf8'),
      176 |     });
    > 177 |     await dialog.getByRole('textbox', { name: 'Mã tài khoản / đơn vị vận chuyển' }).fill('bank-fixture-01');
          |                                                                                     ^
      178 |     await dialog.getByRole('textbox', { name: 'Mã đợt nhập duy nhất' }).fill('FE022-BANK-BATCH-01');
      179 |     const importResponse = page.waitForResponse(response => response.request().method() === 'POST' && new URL(response.url()).pathname.endsWith('/bank-transactions/import'));
      180 |     await dialog.getByRole('button', { name: 'Kiểm tra và nhập' }).click();
        at C:\Users\Joker-PC\Documents\Projects\Bot-AI-Ban-hang-FB\BotSalesAI_Frontend\tests\vertical-slices\fe022-flows.spec.ts:177:85

    Error Context: test-results\playwright-87640-6f98fe97-6980-45b7-9773-d7529a049885\vertical-slices-fe022-flow-cf2e0-and-partial-debt-allocation-chromium\error-context.md

    Error Context: test-results\playwright-87640-6f98fe97-6980-45b7-9773-d7529a049885\vertical-slices-fe022-flow-cf2e0-and-partial-debt-allocation-chromium\error-context.md

    attachment #3: trace (application/zip) ─────────────────────────────────────────────────────────
    test-results\playwright-87640-6f98fe97-6980-45b7-9773-d7529a049885\vertical-slices-fe022-flow-cf2e0-and-partial-debt-allocation-chromium\trace.zip
    Usage:

        npx playwright show-trace test-results\playwright-87640-6f98fe97-6980-45b7-9773-d7529a049885\vertical-slices-fe022-flow-cf2e0-and-partial-debt-allocation-chromium\trace.zip

    ────────────────────────────────────────────────────────────────────────────────────────────────

  42) [chromium] › tests\vertical-slices\fe022-flows.spec.ts:246:1 › FE022.S05 route and feature matrix covers canonical IDs with executed cases or explicit frontend gaps 

    Error: expect(received).toMatchObject(expected)

    - Expected  - 1
    + Received  + 1

    @@ -13,7 +13,7 @@
          "SC-011",
          "SC-054",
          "SC-055",
        ],
        "route": "/login",
    -   "state": "BROWSER_ROUTE_RENDERED_WITH_SYNTHETIC_API",
    +   "state": "SOURCE_IMPLEMENTED_BROWSER_NOT_REVALIDATED",
      }

      271 |     for (const route of routeManifest.routes) {
      272 |         const row = matrix.find(item => item.routeId === route.id);
    > 273 |         expect(row).toMatchObject({ route: route.path, state: 'BROWSER_ROUTE_RENDERED_WITH_SYNTHETIC_API', acceptanceScenarioIds: route.acceptanceScenarioIds });
          |                     ^
      274 |         expect(row?.routeEvidence).toMatchObject({
      275 |             testFile: 'tests/frontend.spec.ts',
      276 |             testTitle: 'all canonical routes render inside the real React demo application',
        at C:\Users\Joker-PC\Documents\Projects\Bot-AI-Ban-hang-FB\BotSalesAI_Frontend\tests\vertical-slices\fe022-flows.spec.ts:273:21

    Error Context: test-results\playwright-47728-5939b7f4-5eab-42af-82dd-15c452102570\vertical-slices-fe022-flow-22554-s-or-explicit-frontend-gaps-chromium\error-context.md

    Error Context: test-results\playwright-47728-5939b7f4-5eab-42af-82dd-15c452102570\vertical-slices-fe022-flow-22554-s-or-explicit-frontend-gaps-chromium\error-context.md

    attachment #3: trace (application/zip) ─────────────────────────────────────────────────────────
    test-results\playwright-47728-5939b7f4-5eab-42af-82dd-15c452102570\vertical-slices-fe022-flow-22554-s-or-explicit-frontend-gaps-chromium\trace.zip
    Usage:

        npx playwright show-trace test-results\playwright-47728-5939b7f4-5eab-42af-82dd-15c452102570\vertical-slices-fe022-flow-22554-s-or-explicit-frontend-gaps-chromium\trace.zip

    ────────────────────────────────────────────────────────────────────────────────────────────────

  43) [firefox] › tests\accessibility\routes.spec.ts:17:1 › all canonical routes pass whole-page WCAG 2.1 A/AA axe checks in the React demo 

    Error: [
      {
        "routeId": "R35",
        "id": "color-contrast",
        "impact": "serious",
        "help": "Elements must meet minimum color contrast ratio thresholds",
        "nodes": [
          {
            "target": [
              ".css-1er3fki-MuiPaper-root > .css-1nhwdsw.MuiBox-root > .css-1i29xmw-MuiStack-root[data-ui-composition=\"form-fields\"][data-ui-rhythm=\"comfortable\"] > .MuiButton-contained.MuiButton-containedPrimary.MuiButton-containedSizeMedium"
            ],
            "html": "<button class=\"MuiButtonBase-root MuiButton-root MuiButton-contained MuiButton-containedPrimary MuiButton-sizeMedium MuiButton-containedSizeMedium MuiButton-colorPrimary MuiButton-disableElevation MuiButton-root MuiButton-contained MuiButton-containedPrimary MuiButton-sizeMedium MuiButton-containedSizeMedium MuiButton-colorPrimary MuiButton-disableElevation css-1kx9og7-MuiButtonBase-root-MuiButton-root\" tabindex=\"0\" type=\"button\">",
            "summary": "Fix any of the following:\n  Element has insufficient color contrast of 2.58 (foreground color: #15181e, background color: #615a44, font size: 10.5pt (14px), font weight: normal). Expected contrast ratio of 4.5:1"
          }
        ]
      }
    ]

    expect(received).toEqual(expected) // deep equality

    - Expected  -  1
    + Received  + 18

    - Array []
    + Array [
    +   Object {
    +     "help": "Elements must meet minimum color contrast ratio thresholds",
    +     "id": "color-contrast",
    +     "impact": "serious",
    +     "nodes": Array [
    +       Object {
    +         "html": "<button class=\"MuiButtonBase-root MuiButton-root MuiButton-contained MuiButton-containedPrimary MuiButton-sizeMedium MuiButton-containedSizeMedium MuiButton-colorPrimary MuiButton-disableElevation MuiButton-root MuiButton-contained MuiButton-containedPrimary MuiButton-sizeMedium MuiButton-containedSizeMedium MuiButton-colorPrimary MuiButton-disableElevation css-1kx9og7-MuiButtonBase-root-MuiButton-root\" tabindex=\"0\" type=\"button\">",
    +         "summary": "Fix any of the following:
    +   Element has insufficient color contrast of 2.58 (foreground color: #15181e, background color: #615a44, font size: 10.5pt (14px), font weight: normal). Expected contrast ratio of 4.5:1",
    +         "target": Array [
    +           ".css-1er3fki-MuiPaper-root > .css-1nhwdsw.MuiBox-root > .css-1i29xmw-MuiStack-root[data-ui-composition=\"form-fields\"][data-ui-rhythm=\"comfortable\"] > .MuiButton-contained.MuiButton-containedPrimary.MuiButton-containedSizeMedium",
    +         ],
    +       },
    +     ],
    +     "routeId": "R35",
    +   },
    + ]

      79 |     expect(results.filter(result => result.state === 'loaded')).toHaveLength(routeManifest.routes.length);
      80 |     expect(pageErrors).toEqual([]);
    > 81 |     expect(violations, JSON.stringify(violations, null, 2)).toEqual([]);
         |                                                             ^
      82 | });
      83 |
        at C:\Users\Joker-PC\Documents\Projects\Bot-AI-Ban-hang-FB\BotSalesAI_Frontend\tests\accessibility\routes.spec.ts:81:61

    Error Context: test-results\playwright-23380-a72828de-dd48-4994-a306-c5c5e0da9cf5\accessibility-routes-all-c-a4e72-xe-checks-in-the-React-demo-firefox\error-context.md

    attachment #2: trace (application/zip) ─────────────────────────────────────────────────────────
    test-results\playwright-23380-a72828de-dd48-4994-a306-c5c5e0da9cf5\accessibility-routes-all-c-a4e72-xe-checks-in-the-React-demo-firefox\trace.zip
    Usage:

        npx playwright show-trace test-results\playwright-23380-a72828de-dd48-4994-a306-c5c5e0da9cf5\accessibility-routes-all-c-a4e72-xe-checks-in-the-React-demo-firefox\trace.zip

    ────────────────────────────────────────────────────────────────────────────────────────────────

  44) [firefox] › tests\artifacts\demo-preview.spec.ts:104:1 › a thousand synthetic customers remain API-paginated in the built demo artifact 

    Error: expect(locator).toHaveText(expected) failed

    Locator: getByRole('status')
    Expected: "Đã tải 1.000 khách hàng tổng hợp vào API mô phỏng."
    Error: strict mode violation: getByRole('status') resolved to 6 elements:
        1) <span role="status" class="MuiTypography-root MuiTypography-caption css-1nw296c">Đã tải 1.000 khách hàng tổng hợp vào API mô phỏng.</span> aka getByText('Đã tải 1.000 khách hàng tổng')
        2) <div role="status" aria-live="polite" class="MuiStack-root css-16enuio">…</div> aka getByRole('status').nth(1)
        ...

    Call log:
      - Expect "toHaveText" getByRole('status') with timeout 5000ms
      - waiting for getByRole('status')


      108 |     await page.getByRole('combobox', { name: 'Dataset mô phỏng' }).click();
      109 |     await page.getByRole('option', { name: '1.000 khách hàng tổng hợp' }).click();
    > 110 |     await expect(page.getByRole('status')).toHaveText('Đã tải 1.000 khách hàng tổng hợp vào API mô phỏng.');
          |                                            ^
      111 |
      112 |     const customersResponsePromise = page.waitForResponse(response => new URL(response.url()).pathname.startsWith('/api/v2/shops/shop-demo/customers'));
      113 |     const startedAt = Date.now();
        at C:\Users\Joker-PC\Documents\Projects\Bot-AI-Ban-hang-FB\BotSalesAI_Frontend\tests\artifacts\demo-preview.spec.ts:110:44

    Error Context: test-results\playwright-70072-e618364e-bf58-4fcc-878a-68538ef077a9\artifacts-demo-preview-a-t-5f07a--in-the-built-demo-artifact-firefox\error-context.md

    Error Context: test-results\playwright-70072-e618364e-bf58-4fcc-878a-68538ef077a9\artifacts-demo-preview-a-t-5f07a--in-the-built-demo-artifact-firefox\error-context.md

    attachment #3: trace (application/zip) ─────────────────────────────────────────────────────────
    test-results\playwright-70072-e618364e-bf58-4fcc-878a-68538ef077a9\artifacts-demo-preview-a-t-5f07a--in-the-built-demo-artifact-firefox\trace.zip
    Usage:

        npx playwright show-trace test-results\playwright-70072-e618364e-bf58-4fcc-878a-68538ef077a9\artifacts-demo-preview-a-t-5f07a--in-the-built-demo-artifact-firefox\trace.zip

    ────────────────────────────────────────────────────────────────────────────────────────────────

  45) [firefox] › tests\fe009.spec.ts:211:1 › FE009.B06 after-sale cases only link orders loaded for the selected customer and customer profile shows their shipment 

    Test timeout of 180000ms exceeded.

    Error: locator.click: Test timeout of 180000ms exceeded.
    Call log:
      - waiting for getByRole('option', { name: 'DH-DEMO-PAID-01 · completed', exact: true })


      21 |     if (['Vai trò mô phỏng', 'Trạng thái thử', 'Dataset mô phỏng'].includes(label)) await openDemoControls(page);
      22 |     await page.getByRole('combobox',{name:label}).click();
    > 23 |     await page.getByRole('option',{name:value,exact:true}).click();
         |                                                            ^
      24 | }
      25 |
      26 | type ObservedRequest={method:string;path:string;body:string|null;headers:Record<string,string>};
        at chooseMockOption (C:\Users\Joker-PC\Documents\Projects\Bot-AI-Ban-hang-FB\BotSalesAI_Frontend\tests\fe009.spec.ts:23:60)
        at C:\Users\Joker-PC\Documents\Projects\Bot-AI-Ban-hang-FB\BotSalesAI_Frontend\tests\fe009.spec.ts:221:5

    Error Context: test-results\playwright-79148-1c0e8731-41a3-4d61-b960-8a2684964bdb\fe009-FE009-B06-after-sale-52511-rofile-shows-their-shipment-firefox\error-context.md

    Error Context: test-results\playwright-79148-1c0e8731-41a3-4d61-b960-8a2684964bdb\fe009-FE009-B06-after-sale-52511-rofile-shows-their-shipment-firefox\error-context.md

    attachment #3: trace (application/zip) ─────────────────────────────────────────────────────────
    test-results\playwright-79148-1c0e8731-41a3-4d61-b960-8a2684964bdb\fe009-FE009-B06-after-sale-52511-rofile-shows-their-shipment-firefox\trace.zip
    Usage:

        npx playwright show-trace test-results\playwright-79148-1c0e8731-41a3-4d61-b960-8a2684964bdb\fe009-FE009-B06-after-sale-52511-rofile-shows-their-shipment-firefox\trace.zip

    ────────────────────────────────────────────────────────────────────────────────────────────────

  46) [firefox] › tests\fe009.spec.ts:243:1 › team invitation and membership revoke stay shop-scoped and protect the active owner 

    Error: expect(locator).toBeVisible() failed

    Locator: getByRole('table', { name: 'Dữ liệu' }).locator('tbody tr').first()
    Expected: visible
    Timeout: 5000ms
    Error: element(s) not found

    Call log:
      - Expect "toBeVisible" getByRole('table', { name: 'Dữ liệu' }).locator('tbody tr').first() with timeout 5000ms
      - waiting for getByRole('table', { name: 'Dữ liệu' }).locator('tbody tr').first()


      246 |     const table=page.getByRole('table',{name:'Dữ liệu'});
      247 |     const rows=table.locator('tbody tr');
    > 248 |     await expect(rows.first()).toBeVisible();
          |                                ^
      249 |     const initialMemberCount=await rows.count();
      250 |     expect(initialMemberCount).toBeGreaterThan(1);
      251 |     const ownerRow=rows.filter({hasText:'Jokertrader'});
        at C:\Users\Joker-PC\Documents\Projects\Bot-AI-Ban-hang-FB\BotSalesAI_Frontend\tests\fe009.spec.ts:248:32

    Error Context: test-results\playwright-83772-35c361c9-26ad-49d2-ba95-3eee8206ba5e\fe009-team-invitation-and--a0f1d-nd-protect-the-active-owner-firefox\error-context.md

    Error Context: test-results\playwright-83772-35c361c9-26ad-49d2-ba95-3eee8206ba5e\fe009-team-invitation-and--a0f1d-nd-protect-the-active-owner-firefox\error-context.md

    attachment #3: trace (application/zip) ─────────────────────────────────────────────────────────
    test-results\playwright-83772-35c361c9-26ad-49d2-ba95-3eee8206ba5e\fe009-team-invitation-and--a0f1d-nd-protect-the-active-owner-firefox\trace.zip
    Usage:

        npx playwright show-trace test-results\playwright-83772-35c361c9-26ad-49d2-ba95-3eee8206ba5e\fe009-team-invitation-and--a0f1d-nd-protect-the-active-owner-firefox\trace.zip

    ────────────────────────────────────────────────────────────────────────────────────────────────

  47) [firefox] › tests\fe010.spec.ts:180:1 › CSV preview reports row-level errors and commits only valid product rows 

    Test timeout of 180000ms exceeded.

    Error: locator.click: Test timeout of 180000ms exceeded.
    Call log:
      - waiting for getByRole('dialog', { name: 'Ghi dữ liệu đã kiểm tra' }).getByRole('button', { name: 'Xác nhận', exact: true })


      211 |     await page.getByRole('button',{name:'Xác nhận nhập các dòng hợp lệ',exact:true}).click();
      212 |     const confirm=page.getByRole('dialog',{name:'Ghi dữ liệu đã kiểm tra'});
    > 213 |     await confirm.getByRole('button',{name:'Xác nhận',exact:true}).click();
          |                                                                    ^
      214 |     await expect(page.getByText('1 / 3',{exact:true})).toBeVisible();
      215 |     const commit=calls.find(call=>call.method==='POST'&&/\/shops\/shop-demo\/imports\/job-[^/]+\/commit$/.test(call.path));
      216 |     expect(JSON.parse(commit?.body||'null')).toMatchObject({confirmValidRowsOnly:true});
        at C:\Users\Joker-PC\Documents\Projects\Bot-AI-Ban-hang-FB\BotSalesAI_Frontend\tests\fe010.spec.ts:213:68

    Error Context: test-results\playwright-96876-b6258014-ad6c-4c65-8b9d-6e4841a93587\fe010-CSV-preview-reports--ca2f3-its-only-valid-product-rows-firefox\error-context.md

    Error Context: test-results\playwright-96876-b6258014-ad6c-4c65-8b9d-6e4841a93587\fe010-CSV-preview-reports--ca2f3-its-only-valid-product-rows-firefox\error-context.md

    attachment #3: trace (application/zip) ─────────────────────────────────────────────────────────
    test-results\playwright-96876-b6258014-ad6c-4c65-8b9d-6e4841a93587\fe010-CSV-preview-reports--ca2f3-its-only-valid-product-rows-firefox\trace.zip
    Usage:

        npx playwright show-trace test-results\playwright-96876-b6258014-ad6c-4c65-8b9d-6e4841a93587\fe010-CSV-preview-reports--ca2f3-its-only-valid-product-rows-firefox\trace.zip

    ────────────────────────────────────────────────────────────────────────────────────────────────

  48) [firefox] › tests\fe010.spec.ts:252:1 › import validation token is rejected with 412 after catalog changes and the preview remains visible 

    Test timeout of 180000ms exceeded.

    Error: locator.click: Test timeout of 180000ms exceeded.
    Call log:
      - waiting for getByRole('dialog', { name: 'Ghi dữ liệu đã kiểm tra' }).getByRole('button', { name: 'Xác nhận', exact: true })


      273 |     await page.getByRole('button',{name:'Xác nhận nhập các dòng hợp lệ',exact:true}).click();
      274 |     const confirm=page.getByRole('dialog',{name:'Ghi dữ liệu đã kiểm tra'});
    > 275 |     await confirm.getByRole('button',{name:'Xác nhận',exact:true}).click();
          |                                                                    ^
      276 |     await expect(page.getByRole('alert').filter({hasText:'Danh mục đã đổi sau dry-run'})).toBeVisible();
      277 |     await expect(page.getByText('Chờ xác nhận',{exact:true})).toBeVisible();
      278 |     await confirm.getByRole('button',{name:'Hủy',exact:true}).click();
        at C:\Users\Joker-PC\Documents\Projects\Bot-AI-Ban-hang-FB\BotSalesAI_Frontend\tests\fe010.spec.ts:275:68

    Error Context: test-results\playwright-78720-b1bc239f-def6-4dd7-bff8-68497736d896\fe010-import-validation-to-c1769-the-preview-remains-visible-firefox\error-context.md

    Error Context: test-results\playwright-78720-b1bc239f-def6-4dd7-bff8-68497736d896\fe010-import-validation-to-c1769-the-preview-remains-visible-firefox\error-context.md

    attachment #3: trace (application/zip) ─────────────────────────────────────────────────────────
    test-results\playwright-78720-b1bc239f-def6-4dd7-bff8-68497736d896\fe010-import-validation-to-c1769-the-preview-remains-visible-firefox\trace.zip
    Usage:

        npx playwright show-trace test-results\playwright-78720-b1bc239f-def6-4dd7-bff8-68497736d896\fe010-import-validation-to-c1769-the-preview-remains-visible-firefox\trace.zip

    ────────────────────────────────────────────────────────────────────────────────────────────────

  49) [firefox] › tests\fe011.spec.ts:95:1 › FE011.AC03 conflict and insufficient stock preserve the draft and never update optimistically 

    Error: expect(locator).toBeVisible() failed

    Locator: getByRole('dialog', { name: 'Điều chỉnh DEMO-001' }).getByRole('alert').filter({ hasText: 'Không đủ hàng bán được' })
    Expected: visible
    Timeout: 5000ms
    Error: element(s) not found

    Call log:
      - Expect "toBeVisible" getByRole('dialog', { name: 'Điều chỉnh DEMO-001' }).getByRole('alert').filter({ hasText: 'Không đủ hàng bán được' }) with timeout 5000ms
      - waiting for getByRole('dialog', { name: 'Điều chỉnh DEMO-001' }).getByRole('alert').filter({ hasText: 'Không đủ hàng bán được' })


      108 |     await dialog.getByLabel('Thay đổi số lượng').fill('-100');
      109 |     await dialog.getByRole('button', { name: 'Xác nhận điều chỉnh' }).click();
    > 110 |     await expect(dialog.getByRole('alert').filter({ hasText: 'Không đủ hàng bán được' })).toBeVisible();
          |                                                                                           ^
      111 |     await expect(dialog.getByLabel('Thay đổi số lượng')).toHaveValue('-100');
      112 |     await expect(dialog).toHaveAttribute('data-draft-dirty', 'true');
      113 |     expect(calls.filter(call => call.method === 'POST' && call.path.endsWith('/inventory/adjustments'))).toHaveLength(2);
        at C:\Users\Joker-PC\Documents\Projects\Bot-AI-Ban-hang-FB\BotSalesAI_Frontend\tests\fe011.spec.ts:110:91

    Error Context: test-results\playwright-13728-f845bfd1-9c57-4e40-b863-3e0297aaccc4\fe011-FE011-AC03-conflict--32f45-never-update-optimistically-firefox\error-context.md

    Error Context: test-results\playwright-13728-f845bfd1-9c57-4e40-b863-3e0297aaccc4\fe011-FE011-AC03-conflict--32f45-never-update-optimistically-firefox\error-context.md

    attachment #3: trace (application/zip) ─────────────────────────────────────────────────────────
    test-results\playwright-13728-f845bfd1-9c57-4e40-b863-3e0297aaccc4\fe011-FE011-AC03-conflict--32f45-never-update-optimistically-firefox\trace.zip
    Usage:

        npx playwright show-trace test-results\playwright-13728-f845bfd1-9c57-4e40-b863-3e0297aaccc4\fe011-FE011-AC03-conflict--32f45-never-update-optimistically-firefox\trace.zip

    ────────────────────────────────────────────────────────────────────────────────────────────────

  50) [firefox] › tests\fe013.spec.ts:42:1 › FE013.C04 shipping preview distinguishes missing address, unserviceable zone, and expired mock quote 

    Error: expect(locator).toBeVisible() failed

    Locator: getByRole('heading', { name: 'Xem trước phí & vùng giao hàng', exact: true })
    Expected: visible
    Timeout: 5000ms
    Error: element(s) not found

    Call log:
      - Expect "toBeVisible" getByRole('heading', { name: 'Xem trước phí & vùng giao hàng', exact: true }) with timeout 5000ms
      - waiting for getByRole('heading', { name: 'Xem trước phí & vùng giao hàng', exact: true })


      48 |     await gotoDemo(page, '/s/shop-demo/shipments');
      49 |     await expect(page.getByRole('heading', { name: 'Vận đơn & giao hàng', exact: true })).toBeVisible();
    > 50 |     await expect(page.getByRole('heading', { name: 'Xem trước phí & vùng giao hàng', exact: true })).toBeVisible();
         |                                                                                                      ^
      51 |     await expect(page.getByText(/DỮ LIỆU MÔ PHỎNG/)).toBeVisible();
      52 |     await expect(page.getByText(/Ước tính mẫu:.*VND/)).toBeVisible();
      53 |
        at C:\Users\Joker-PC\Documents\Projects\Bot-AI-Ban-hang-FB\BotSalesAI_Frontend\tests\fe013.spec.ts:50:102

    Error Context: test-results\playwright-14912-f71e7111-1ca9-4b34-b56a-b1bd470e475b\fe013-FE013-C04-shipping-p-d189e-zone-and-expired-mock-quote-firefox\error-context.md

    Error Context: test-results\playwright-14912-f71e7111-1ca9-4b34-b56a-b1bd470e475b\fe013-FE013-C04-shipping-p-d189e-zone-and-expired-mock-quote-firefox\error-context.md

    attachment #3: trace (application/zip) ─────────────────────────────────────────────────────────
    test-results\playwright-14912-f71e7111-1ca9-4b34-b56a-b1bd470e475b\fe013-FE013-C04-shipping-p-d189e-zone-and-expired-mock-quote-firefox\trace.zip
    Usage:

        npx playwright show-trace test-results\playwright-14912-f71e7111-1ca9-4b34-b56a-b1bd470e475b\fe013-FE013-C04-shipping-p-d189e-zone-and-expired-mock-quote-firefox\trace.zip

    ────────────────────────────────────────────────────────────────────────────────────────────────

  51) [firefox] › tests\fe013.spec.ts:67:1 › FE013.AC01–AC04 stale claim conflict is visible; pick, pack, dispatch and delivery use current API versions once 

    Error: expect(received).toBe(expected) // Object.is equality

    Expected: 200
    Received: 409

      190 |     const eventResponse = page.waitForResponse(response => response.request().method() === 'POST' && new URL(response.url()).pathname.endsWith('/events'));
      191 |     await eventDialog.getByRole('button', { name: 'Ghi sự kiện' }).click();
    > 192 |     expect((await eventResponse).status()).toBe(200);
          |                                            ^
      193 |     const deliveredRow = page.getByRole('row').filter({ hasText: 'DH-1001' });
      194 |     await expect(deliveredRow).toContainText('Đã giao');
      195 |     await expect(page.getByText('Dữ liệu mô phỏng', { exact: true })).toBeVisible();
        at C:\Users\Joker-PC\Documents\Projects\Bot-AI-Ban-hang-FB\BotSalesAI_Frontend\tests\fe013.spec.ts:192:44

    Error Context: test-results\playwright-44744-4b5fa78d-841e-401b-a0c3-9ebadc81bf25\fe013-FE013-AC01–AC04-stal-e2b2e-e-current-API-versions-once-firefox\error-context.md

    Error Context: test-results\playwright-44744-4b5fa78d-841e-401b-a0c3-9ebadc81bf25\fe013-FE013-AC01–AC04-stal-e2b2e-e-current-API-versions-once-firefox\error-context.md

    attachment #3: trace (application/zip) ─────────────────────────────────────────────────────────
    test-results\playwright-44744-4b5fa78d-841e-401b-a0c3-9ebadc81bf25\fe013-FE013-AC01–AC04-stal-e2b2e-e-current-API-versions-once-firefox\trace.zip
    Usage:

        npx playwright show-trace test-results\playwright-44744-4b5fa78d-841e-401b-a0c3-9ebadc81bf25\fe013-FE013-AC01–AC04-stal-e2b2e-e-current-API-versions-once-firefox\trace.zip

    ────────────────────────────────────────────────────────────────────────────────────────────────

  52) [firefox] › tests\fe014.spec.ts:217:1 › FE014.S03 manager without procurement.receive cannot open receipt actions 

    Test timeout of 180000ms exceeded.

    Error: locator.fill: Test timeout of 180000ms exceeded.
    Call log:
      - waiting for getByRole('dialog', { name: 'Phiếu nhận hàng mới' }).getByRole('spinbutton', { name: 'Nhận đạt v-p6' })


      221 |     await chooseOption(page, 'Đơn mua đã xác nhận', 'seed-purchaseorder-10046');
      222 |     await draft.getByRole('textbox', { name: 'Mã phiếu giao / chứng từ nguồn' }).fill('FE014-GR-PERMISSION-01');
    > 223 |     await draft.getByRole('spinbutton', { name: 'Nhận đạt v-p6' }).fill('1');
          |                                                                    ^
      224 |     const createRequest = page.waitForRequest(request => request.method() === 'POST' && new URL(request.url()).pathname.endsWith('/goods-receipts'));
      225 |     const createResponse = page.waitForResponse(response => response.request().method() === 'POST' && new URL(response.url()).pathname.endsWith('/goods-receipts'));
      226 |     await draft.getByRole('button', { name: 'Tạo phiếu nháp' }).click();
        at C:\Users\Joker-PC\Documents\Projects\Bot-AI-Ban-hang-FB\BotSalesAI_Frontend\tests\fe014.spec.ts:223:68

    Error Context: test-results\playwright-64192-f08e954c-5476-4264-8334-345d3b1b4a8f\fe014-FE014-S03-manager-wi-b4b72-cannot-open-receipt-actions-firefox\error-context.md

    Error Context: test-results\playwright-64192-f08e954c-5476-4264-8334-345d3b1b4a8f\fe014-FE014-S03-manager-wi-b4b72-cannot-open-receipt-actions-firefox\error-context.md

    attachment #3: trace (application/zip) ─────────────────────────────────────────────────────────
    test-results\playwright-64192-f08e954c-5476-4264-8334-345d3b1b4a8f\fe014-FE014-S03-manager-wi-b4b72-cannot-open-receipt-actions-firefox\trace.zip
    Usage:

        npx playwright show-trace test-results\playwright-64192-f08e954c-5476-4264-8334-345d3b1b4a8f\fe014-FE014-S03-manager-wi-b4b72-cannot-open-receipt-actions-firefox\trace.zip

    ────────────────────────────────────────────────────────────────────────────────────────────────

  53) [firefox] › tests\fe014.spec.ts:237:1 › FE014.AC03 partial receipt posts only accepted units to synthetic stock and payable once 

    Test timeout of 180000ms exceeded.

    Error: locator.fill: Test timeout of 180000ms exceeded.
    Call log:
      - waiting for getByRole('dialog', { name: 'Phiếu nhận hàng mới' }).getByRole('spinbutton', { name: 'Nhận đạt v-p6' })


      248 |     const accepted = draft.getByRole('spinbutton', { name: 'Nhận đạt v-p6' });
      249 |     const rejected = draft.getByRole('spinbutton', { name: 'Từ chối / hỏng v-p6' });
    > 250 |     await accepted.fill('3');
          |                    ^
      251 |     await rejected.fill('3');
      252 |     await expect(draft.getByRole('button', { name: 'Tạo phiếu nháp' })).toBeDisabled();
      253 |     await draft.getByRole('textbox', { name: 'Ghi chú kiểm hàng v-p6' }).fill('Ba sản phẩm lỗi bao bì, từ chối theo kiểm nhận.');
        at C:\Users\Joker-PC\Documents\Projects\Bot-AI-Ban-hang-FB\BotSalesAI_Frontend\tests\fe014.spec.ts:250:20

    Error Context: test-results\playwright-89616-c553b1cf-1329-49d2-9dcd-ea00389917e5\fe014-FE014-AC03-partial-r-1c3ca-etic-stock-and-payable-once-firefox\error-context.md

    Error Context: test-results\playwright-89616-c553b1cf-1329-49d2-9dcd-ea00389917e5\fe014-FE014-AC03-partial-r-1c3ca-etic-stock-and-payable-once-firefox\error-context.md

    attachment #3: trace (application/zip) ─────────────────────────────────────────────────────────
    test-results\playwright-89616-c553b1cf-1329-49d2-9dcd-ea00389917e5\fe014-FE014-AC03-partial-r-1c3ca-etic-stock-and-payable-once-firefox\trace.zip
    Usage:

        npx playwright show-trace test-results\playwright-89616-c553b1cf-1329-49d2-9dcd-ea00389917e5\fe014-FE014-AC03-partial-r-1c3ca-etic-stock-and-payable-once-firefox\trace.zip

    ────────────────────────────────────────────────────────────────────────────────────────────────

  54) [firefox] › tests\fe014.spec.ts:308:1 › FE014.D03/D04/D07 replenishment uses min-max rules, labels forecast limits, and blocks duplicate proposals 

    Error: expect(received).toBe(expected) // Object.is equality

    Expected: 202
    Received: 500

      321 |     const evaluateWait = page.waitForResponse(response => response.request().method() === 'POST' && new URL(response.url()).pathname.endsWith('/purchase-suggestions/evaluate'));
      322 |     await page.getByRole('button', { name: 'Đánh giá nhu cầu nhập' }).click();
    > 323 |     expect((await evaluateWait).status()).toBe(202);
          |                                           ^
      324 |     const p6 = page.getByRole('row').filter({ hasText: 'v-p6' });
      325 |     await expect(p6).toContainText('Quy tắc min-max; đã trừ hàng đang đặt. Không phải dự báo AI.');
      326 |     await expect(p6.getByRole('button', { name: 'Lập đơn nháp' })).toBeDisabled();
        at C:\Users\Joker-PC\Documents\Projects\Bot-AI-Ban-hang-FB\BotSalesAI_Frontend\tests\fe014.spec.ts:323:43

    Error Context: test-results\playwright-63332-20703e2f-aef8-4b53-b1f9-226802bd3c09\fe014-FE014-D03-D04-D07-re-0ad4b--blocks-duplicate-proposals-firefox\error-context.md

    Error Context: test-results\playwright-63332-20703e2f-aef8-4b53-b1f9-226802bd3c09\fe014-FE014-D03-D04-D07-re-0ad4b--blocks-duplicate-proposals-firefox\error-context.md

    attachment #3: trace (application/zip) ─────────────────────────────────────────────────────────
    test-results\playwright-63332-20703e2f-aef8-4b53-b1f9-226802bd3c09\fe014-FE014-D03-D04-D07-re-0ad4b--blocks-duplicate-proposals-firefox\trace.zip
    Usage:

        npx playwright show-trace test-results\playwright-63332-20703e2f-aef8-4b53-b1f9-226802bd3c09\fe014-FE014-D03-D04-D07-re-0ad4b--blocks-duplicate-proposals-firefox\trace.zip

    ────────────────────────────────────────────────────────────────────────────────────────────────

  55) [firefox] › tests\fe015.spec.ts:247:1 › FE015.AC02 closed accounting period is visible and disables journal draft creation 

    Error: expect(locator).toBeVisible() failed

    Locator: getByRole('row').filter({ hasText: '2026-09-01' })
    Expected: visible
    Timeout: 5000ms
    Error: element(s) not found

    Call log:
      - Expect "toBeVisible" getByRole('row').filter({ hasText: '2026-09-01' }) with timeout 5000ms
      - waiting for getByRole('row').filter({ hasText: '2026-09-01' })


      250 |     const opening=await page.evaluate(async()=>{const session=(await (await fetch('/api/v2/session')).json()).data;const write=async(path:string,body:unknown)=>{const r=await fetch('/api/v2/shops/shop-demo/'+path,{method:'POST',headers:{'Content-Type':'application/json','X-CSRF-Token':session.csrfToken,'Idempotency-Key':crypto.randomUUID()},body:JSON.stringify(body)});if(!r.ok)throw new Error('Fixture opening failed '+r.status);return (await r.json()).data;};const o=await write('finance/opening-balances',{effectiveDate:'2026-09-01',policyVersion:'synthetic-policy-1',lines:[],inventory:[],reason:'Mở sổ zero cho kiểm khóa kỳ'});await write('finance/opening-balances/'+o.id+'/post',{expectedVersion:o.version});return o.id;});expect(opening).toBeTruthy();
      251 |     const period = page.getByRole('row').filter({ hasText: '2026-09-01' });
    > 252 |     await expect(period).toBeVisible();
          |                          ^
      253 |     const closeRequest = page.waitForRequest(request => request.method() === 'POST' && new URL(request.url()).pathname.endsWith('/periods/period-2026-09/close'));
      254 |     const closeResponse = page.waitForResponse(response => response.request().method() === 'POST' && new URL(response.url()).pathname.endsWith('/periods/period-2026-09/close'));
      255 |     await period.getByRole('button', { name: 'Kiểm & khóa kỳ' }).click();
        at C:\Users\Joker-PC\Documents\Projects\Bot-AI-Ban-hang-FB\BotSalesAI_Frontend\tests\fe015.spec.ts:252:26

    Error Context: test-results\playwright-82584-682b304b-5fb0-47a2-b84a-22de2fd7ec37\fe015-FE015-AC02-closed-ac-4f935-bles-journal-draft-creation-firefox\error-context.md

    Error Context: test-results\playwright-82584-682b304b-5fb0-47a2-b84a-22de2fd7ec37\fe015-FE015-AC02-closed-ac-4f935-bles-journal-draft-creation-firefox\error-context.md

    attachment #3: trace (application/zip) ─────────────────────────────────────────────────────────
    test-results\playwright-82584-682b304b-5fb0-47a2-b84a-22de2fd7ec37\fe015-FE015-AC02-closed-ac-4f935-bles-journal-draft-creation-firefox\trace.zip
    Usage:

        npx playwright show-trace test-results\playwright-82584-682b304b-5fb0-47a2-b84a-22de2fd7ec37\fe015-FE015-AC02-closed-ac-4f935-bles-journal-draft-creation-firefox\trace.zip

    ────────────────────────────────────────────────────────────────────────────────────────────────

  56) [firefox] › tests\fe016.spec.ts:645:1 › FE016.AC01 takeover and reply use current versions and show API send state without claiming delivery 

    Error: expect(locator).toBeVisible() failed

    Locator: getByText(/· sent$/)
    Expected: visible
    Timeout: 5000ms
    Error: element(s) not found

    Call log:
      - Expect "toBeVisible" getByText(/· sent$/) with timeout 5000ms
      - waiting for getByText(/· sent$/)


      667 |     expect((await sendResponseWait).status()).toBe(202);
      668 |     await expect(page.locator('main').getByText(reply, { exact: true }).last()).toBeVisible();
    > 669 |     await expect(page.getByText(/· sent$/)).toBeVisible();
          |                                             ^
      670 | });
      671 |
      672 | test('FE016.AC02 internal notes render HTML-like text inert and feedback creates only a review draft', async ({ page }) => {
        at C:\Users\Joker-PC\Documents\Projects\Bot-AI-Ban-hang-FB\BotSalesAI_Frontend\tests\fe016.spec.ts:669:45

    Error Context: test-results\playwright-68112-d4b8380f-ec9b-4da0-a7bb-1ea2489f76d2\fe016-FE016-AC01-takeover--9d355-e-without-claiming-delivery-firefox\error-context.md

    Error Context: test-results\playwright-68112-d4b8380f-ec9b-4da0-a7bb-1ea2489f76d2\fe016-FE016-AC01-takeover--9d355-e-without-claiming-delivery-firefox\error-context.md

    attachment #3: trace (application/zip) ─────────────────────────────────────────────────────────
    test-results\playwright-68112-d4b8380f-ec9b-4da0-a7bb-1ea2489f76d2\fe016-FE016-AC01-takeover--9d355-e-without-claiming-delivery-firefox\trace.zip
    Usage:

        npx playwright show-trace test-results\playwright-68112-d4b8380f-ec9b-4da0-a7bb-1ea2489f76d2\fe016-FE016-AC01-takeover--9d355-e-without-claiming-delivery-firefox\trace.zip

    ────────────────────────────────────────────────────────────────────────────────────────────────

  57) [firefox] › tests\fe016.spec.ts:672:1 › FE016.AC02 internal notes render HTML-like text inert and feedback creates only a review draft 

    Error: expect(locator).toBeVisible() failed

    Locator: getByText(/Ảnh\/tin thoại chỉ bật khi hợp đồng/)
    Expected: visible
    Timeout: 5000ms
    Error: element(s) not found

    Call log:
      - Expect "toBeVisible" getByText(/Ảnh\/tin thoại chỉ bật khi hợp đồng/) with timeout 5000ms
      - waiting for getByText(/Ảnh\/tin thoại chỉ bật khi hợp đồng/)


      684 |     await expect(page.locator('img[src="x"]')).toHaveCount(0);
      685 |     await expect(page.getByText('Ghi chú nội bộ', { exact: true }).last()).toBeVisible();
    > 686 |     await expect(page.getByText(/Ảnh\/tin thoại chỉ bật khi hợp đồng/)).toBeVisible();
          |                                                                         ^
      687 |
      688 |     const publishedWrites: string[] = [];
      689 |     page.on('request', request => {
        at C:\Users\Joker-PC\Documents\Projects\Bot-AI-Ban-hang-FB\BotSalesAI_Frontend\tests\fe016.spec.ts:686:73

    Error Context: test-results\playwright-91352-f51b4593-f375-4f02-8251-54635656d046\fe016-FE016-AC02-internal--c286b-creates-only-a-review-draft-firefox\error-context.md

    Error Context: test-results\playwright-91352-f51b4593-f375-4f02-8251-54635656d046\fe016-FE016-AC02-internal--c286b-creates-only-a-review-draft-firefox\error-context.md

    attachment #3: trace (application/zip) ─────────────────────────────────────────────────────────
    test-results\playwright-91352-f51b4593-f375-4f02-8251-54635656d046\fe016-FE016-AC02-internal--c286b-creates-only-a-review-draft-firefox\trace.zip
    Usage:

        npx playwright show-trace test-results\playwright-91352-f51b4593-f375-4f02-8251-54635656d046\fe016-FE016-AC02-internal--c286b-creates-only-a-review-draft-firefox\trace.zip

    ────────────────────────────────────────────────────────────────────────────────────────────────

  58) [firefox] › tests\fe016.spec.ts:726:1 › FE016.AC04 role without customer/order permissions cannot open those cross-module references 

    Error: expect(locator).toBeVisible() failed

    Locator: getByRole('navigation', { name: 'Điều hướng chính' }).getByText('bot_admin', { exact: true })
    Expected: visible
    Timeout: 5000ms
    Error: element(s) not found

    Call log:
      - Expect "toBeVisible" getByRole('navigation', { name: 'Điều hướng chính' }).getByText('bot_admin', { exact: true }) with timeout 5000ms
      - waiting for getByRole('navigation', { name: 'Điều hướng chính' }).getByText('bot_admin', { exact: true })


      727 |     await gotoDemo(page, '/s/shop-demo/inbox/cv2');
      728 |     await chooseOption(page, 'Vai trò mô phỏng', 'bot_admin');
    > 729 |     await expect(page.getByRole('navigation', { name: 'Điều hướng chính' }).getByText('bot_admin', { exact: true })).toBeVisible();
          |                                                                                                                      ^
      730 |     await expect(page.getByRole('link', { name: 'Hồ sơ khách' })).toHaveCount(0);
      731 |     await expect(page.getByRole('link', { name: 'Tạo đơn từ hội thoại' })).toHaveCount(0);
      732 |     await expect(page.getByRole('button', { name: 'Tiếp quản', exact: true })).toHaveCount(0);
        at C:\Users\Joker-PC\Documents\Projects\Bot-AI-Ban-hang-FB\BotSalesAI_Frontend\tests\fe016.spec.ts:729:118

    Error Context: test-results\playwright-80588-b73b8a0c-783a-4ffb-92ca-28ec9bd20647\fe016-FE016-AC04-role-with-06f55-ose-cross-module-references-firefox\error-context.md

    Error Context: test-results\playwright-80588-b73b8a0c-783a-4ffb-92ca-28ec9bd20647\fe016-FE016-AC04-role-with-06f55-ose-cross-module-references-firefox\error-context.md

    attachment #3: trace (application/zip) ─────────────────────────────────────────────────────────
    test-results\playwright-80588-b73b8a0c-783a-4ffb-92ca-28ec9bd20647\fe016-FE016-AC04-role-with-06f55-ose-cross-module-references-firefox\trace.zip
    Usage:

        npx playwright show-trace test-results\playwright-80588-b73b8a0c-783a-4ffb-92ca-28ec9bd20647\fe016-FE016-AC04-role-with-06f55-ose-cross-module-references-firefox\trace.zip

    ────────────────────────────────────────────────────────────────────────────────────────────────

  59) [firefox] › tests\fe017.spec.ts:244:1 › FE017.AC05 manager sees knowledge read-only and synthetic API rejects purpose-specific upload and publish 

    Error: expect(locator).toBeVisible() failed

    Locator: getByRole('navigation', { name: 'Điều hướng chính' }).getByText('manager', { exact: true })
    Expected: visible
    Timeout: 5000ms
    Error: element(s) not found

    Call log:
      - Expect "toBeVisible" getByRole('navigation', { name: 'Điều hướng chính' }).getByText('manager', { exact: true }) with timeout 5000ms
      - waiting for getByRole('navigation', { name: 'Điều hướng chính' }).getByText('manager', { exact: true })


      245 |     await gotoDemo(page, '/s/shop-demo/knowledge/k3');
      246 |     await chooseOption(page, 'Vai trò mô phỏng', 'manager');
    > 247 |     await expect(page.getByRole('navigation', { name: 'Điều hướng chính' }).getByText('manager', { exact: true })).toBeVisible();
          |                                                                                                                    ^
      248 |     await expect(page.getByRole('button', { name: 'Sửa bản nháp', exact: true })).toHaveCount(0);
      249 |     await expect(page.getByRole('button', { name: 'Gửi duyệt', exact: true })).toHaveCount(0);
      250 |     await expect(page.getByRole('button', { name: 'Xuất bản bản đã đánh giá', exact: true })).toHaveCount(0);
        at C:\Users\Joker-PC\Documents\Projects\Bot-AI-Ban-hang-FB\BotSalesAI_Frontend\tests\fe017.spec.ts:247:116

    Error Context: test-results\playwright-49892-47ee16d4-994a-4155-a94b-a5960d9fccaf\fe017-FE017-AC05-manager-s-dd2fe-specific-upload-and-publish-firefox\error-context.md

    Error Context: test-results\playwright-49892-47ee16d4-994a-4155-a94b-a5960d9fccaf\fe017-FE017-AC05-manager-s-dd2fe-specific-upload-and-publish-firefox\error-context.md

    attachment #3: trace (application/zip) ─────────────────────────────────────────────────────────
    test-results\playwright-49892-47ee16d4-994a-4155-a94b-a5960d9fccaf\fe017-FE017-AC05-manager-s-dd2fe-specific-upload-and-publish-firefox\trace.zip
    Usage:

        npx playwright show-trace test-results\playwright-49892-47ee16d4-994a-4155-a94b-a5960d9fccaf\fe017-FE017-AC05-manager-s-dd2fe-specific-upload-and-publish-firefox\trace.zip

    ────────────────────────────────────────────────────────────────────────────────────────────────

  60) [firefox] › tests\fe018.spec.ts:147:1 › FE018.AC01/04 draft saves use the contract version and keep human order confirmation locked after a conflict 

    Error: expect(locator).toBeVisible() failed

    Locator: getByText('Hợp đồng BotConfigWrite hiện khóa requireHumanOrderConfirmation=true.')
    Expected: visible
    Timeout: 5000ms
    Error: element(s) not found

    Call log:
      - Expect "toBeVisible" getByText('Hợp đồng BotConfigWrite hiện khóa requireHumanOrderConfirmation=true.') with timeout 5000ms
      - waiting for getByText('Hợp đồng BotConfigWrite hiện khóa requireHumanOrderConfirmation=true.')


      147 | test('FE018.AC01/04 draft saves use the contract version and keep human order confirmation locked after a conflict', async ({ page }) => {
      148 |     await gotoDemo(page, '/s/shop-demo/bot');
    > 149 |     await expect(page.getByText('Hợp đồng BotConfigWrite hiện khóa requireHumanOrderConfirmation=true.')).toBeVisible();
          |                                                                                                           ^
      150 |     await page.getByRole('button', { name: 'Sửa bản nháp' }).click();
      151 |     const dialog = page.getByRole('dialog', { name: 'Cấu hình bản nháp' });
      152 |     const instructions = 'Chỉ tư vấn theo dữ liệu mẫu đã duyệt; không tự chốt đơn.';
        at C:\Users\Joker-PC\Documents\Projects\Bot-AI-Ban-hang-FB\BotSalesAI_Frontend\tests\fe018.spec.ts:149:107

    Error Context: test-results\playwright-91744-23484b4d-583b-4c19-8779-eb8c03bd50e7\fe018-FE018-AC01-04-draft--afc70-ion-locked-after-a-conflict-firefox\error-context.md

    attachment #2: trace (application/zip) ─────────────────────────────────────────────────────────
    test-results\playwright-91744-23484b4d-583b-4c19-8779-eb8c03bd50e7\fe018-FE018-AC01-04-draft--afc70-ion-locked-after-a-conflict-firefox\trace.zip
    Usage:

        npx playwright show-trace test-results\playwright-91744-23484b4d-583b-4c19-8779-eb8c03bd50e7\fe018-FE018-AC01-04-draft--afc70-ion-locked-after-a-conflict-firefox\trace.zip

    ────────────────────────────────────────────────────────────────────────────────────────────────

  61) [firefox] › tests\fe020.spec.ts:178:1 › FE020.F05 delegation rule preview stays local and grants no API approval capability 

    Test timeout of 180000ms exceeded.

    Error: locator.click: Test timeout of 180000ms exceeded.
    Call log:
      - waiting for getByRole('combobox', { name: 'Vai trò được ủy quyền' })


      20 | async function chooseOption(page: import('@playwright/test').Page, label: string, value: string | RegExp) {
      21 |     if (['Vai trò mô phỏng', 'Trạng thái thử', 'Dataset mô phỏng'].includes(label)) await openDemoControls(page);
    > 22 |     await page.getByRole('combobox', { name: label }).click();
         |                                                       ^
      23 |     await page.getByRole('option', { name: value, exact: true }).click();
      24 | }
      25 |
        at chooseOption (C:\Users\Joker-PC\Documents\Projects\Bot-AI-Ban-hang-FB\BotSalesAI_Frontend\tests\fe020.spec.ts:22:55)
        at C:\Users\Joker-PC\Documents\Projects\Bot-AI-Ban-hang-FB\BotSalesAI_Frontend\tests\fe020.spec.ts:185:11

    Error Context: test-results\playwright-3244-53100f82-00f6-4ccc-9cbc-a04fd81c84d3\fe020-FE020-F05-delegation-f6978--no-API-approval-capability-firefox\error-context.md

    Error Context: test-results\playwright-3244-53100f82-00f6-4ccc-9cbc-a04fd81c84d3\fe020-FE020-F05-delegation-f6978--no-API-approval-capability-firefox\error-context.md

    attachment #3: trace (application/zip) ─────────────────────────────────────────────────────────
    test-results\playwright-3244-53100f82-00f6-4ccc-9cbc-a04fd81c84d3\fe020-FE020-F05-delegation-f6978--no-API-approval-capability-firefox\trace.zip
    Usage:

        npx playwright show-trace test-results\playwright-3244-53100f82-00f6-4ccc-9cbc-a04fd81c84d3\fe020-FE020-F05-delegation-f6978--no-API-approval-capability-firefox\trace.zip

    ────────────────────────────────────────────────────────────────────────────────────────────────

  62) [firefox] › tests\frontend-corrections.spec.ts:98:1 › F05 keeps text typed while a previous internal note is pending 

    Error: expect(locator).toBeEnabled() failed

    Locator:  getByRole('button', { name: 'Lưu ghi chú', exact: true })
    Expected: enabled
    Received: disabled
    Timeout:  5000ms

    Call log:
      - Expect "toBeEnabled" getByRole('button', { name: 'Lưu ghi chú', exact: true }) with timeout 5000ms
      - waiting for getByRole('button', { name: 'Lưu ghi chú', exact: true })
        14 × locator resolved to <button disabled tabindex="-1" type="submit" class="MuiButtonBase-root MuiButton-root MuiButton-contained MuiButton-containedPrimary MuiButton-sizeMedium MuiButton-containedSizeMedium MuiButton-colorPrimary MuiButton-disableElevation Mui-disabled MuiButton-root MuiButton-contained MuiButton-containedPrimary MuiButton-sizeMedium MuiButton-containedSizeMedium MuiButton-colorPrimary MuiButton-disableElevation css-1kx9og7-MuiButtonBase-root-MuiButton-root">…</button>
           - unexpected value "disabled"


      107 |     await text.fill('Typed next while pending'); const submittedResponse = await response;
      108 |     expect(submittedResponse.status()).toBe(201); expect((await submittedResponse.json()).data.text).toBe(submittedText);
    > 109 |     await expect(page.getByRole('button', { name: 'Lưu ghi chú', exact: true })).toBeEnabled();
          |                                                                                  ^
      110 |     await expect(text).toHaveValue('Typed next while pending');
      111 | });
      112 |
        at C:\Users\Joker-PC\Documents\Projects\Bot-AI-Ban-hang-FB\BotSalesAI_Frontend\tests\frontend-corrections.spec.ts:109:82

    Error Context: test-results\playwright-21156-b94b620c-8681-4f06-86d3-0592a9d312cf\frontend-corrections-F05-k-fb6aa-us-internal-note-is-pending-firefox\error-context.md

    Error Context: test-results\playwright-21156-b94b620c-8681-4f06-86d3-0592a9d312cf\frontend-corrections-F05-k-fb6aa-us-internal-note-is-pending-firefox\error-context.md

    attachment #3: trace (application/zip) ─────────────────────────────────────────────────────────
    test-results\playwright-21156-b94b620c-8681-4f06-86d3-0592a9d312cf\frontend-corrections-F05-k-fb6aa-us-internal-note-is-pending-firefox\trace.zip
    Usage:

        npx playwright show-trace test-results\playwright-21156-b94b620c-8681-4f06-86d3-0592a9d312cf\frontend-corrections-F05-k-fb6aa-us-internal-note-is-pending-firefox\trace.zip

    ────────────────────────────────────────────────────────────────────────────────────────────────

  63) [firefox] › tests\frontend-corrections.spec.ts:191:1 › F01 shop settings merges a server-only locale change and preserves edits typed during save 

    Error: expect(locator).toHaveValue(expected) failed

    Locator: getByLabel('Ngôn ngữ', { exact: true })
    Expected: "en-US"
    Timeout: 5000ms
    Error: element(s) not found

    Call log:
      - Expect "toHaveValue" getByLabel('Ngôn ngữ', { exact: true }) with timeout 5000ms
      - waiting for getByLabel('Ngôn ngữ', { exact: true })


      202 |     const comparison = page.getByRole('dialog', { name: 'Đối chiếu thay đổi', exact: true });
      203 |     await comparison.getByRole('button', { name: 'Áp dụng vào bản nháp' }).click();
    > 204 |     await expect(page.getByLabel('Ngôn ngữ', { exact: true })).toHaveValue('en-US');
          |                                                                ^
      205 |     await page.evaluate(async () => (await import('/src/mocks/service.ts')).setOperationDelay('updateShop', 800));
      206 |     const sent = page.waitForRequest(request => request.method() === 'PATCH' && new URL(request.url()).pathname === '/api/v2/shops/shop-demo');
      207 |     const completed = page.waitForResponse(response => response.request().method() === 'PATCH' && new URL(response.url()).pathname === '/api/v2/shops/shop-demo');
        at C:\Users\Joker-PC\Documents\Projects\Bot-AI-Ban-hang-FB\BotSalesAI_Frontend\tests\frontend-corrections.spec.ts:204:64

    Error Context: test-results\playwright-82956-6e826675-c625-4480-bd35-c548f1dd7fc0\frontend-corrections-F01-s-5ba59-ves-edits-typed-during-save-firefox\error-context.md

    Error Context: test-results\playwright-82956-6e826675-c625-4480-bd35-c548f1dd7fc0\frontend-corrections-F01-s-5ba59-ves-edits-typed-during-save-firefox\error-context.md

    attachment #3: trace (application/zip) ─────────────────────────────────────────────────────────
    test-results\playwright-82956-6e826675-c625-4480-bd35-c548f1dd7fc0\frontend-corrections-F01-s-5ba59-ves-edits-typed-during-save-firefox\trace.zip
    Usage:

        npx playwright show-trace test-results\playwright-82956-6e826675-c625-4480-bd35-c548f1dd7fc0\frontend-corrections-F01-s-5ba59-ves-edits-typed-during-save-firefox\trace.zip

    ────────────────────────────────────────────────────────────────────────────────────────────────

  64) [firefox] › tests\frontend-corrections.spec.ts:300:1 › F05 keeps mode changes and unknown sends, locks another send, and observes recovery-registry completion 

    Test timeout of 180000ms exceeded.

    Error: page.waitForResponse: Test timeout of 180000ms exceeded.

      308 |     await page.getByLabel('Ghi chú nội bộ (không gửi khách)').check();
      309 |     await page.evaluate(async () => { const service = await import('/src/mocks/service.ts'); service.setOperationDelay('addInternalNote', null); service.setOperationFailure('addInternalNote', { status: 503, code: 'UNAVAILABLE', message: 'Synthetic uncertain result' }); });
    > 310 |     const unknown = page.waitForResponse(response => response.request().method() === 'POST' && new URL(response.url()).pathname.includes('/notes'));
          |                          ^
      311 |     await page.getByRole('button', { name: 'Lưu ghi chú', exact: true }).click(); expect((await unknown).status()).toBe(503);
      312 |     await expect(page.getByRole('button', { name: 'Lưu ghi chú', exact: true })).toBeDisabled();
      313 |     await page.getByLabel('Ghi chú cho nhóm').fill('Retained unknown draft');
        at C:\Users\Joker-PC\Documents\Projects\Bot-AI-Ban-hang-FB\BotSalesAI_Frontend\tests\frontend-corrections.spec.ts:310:26

    Error: locator.click: Test timeout of 180000ms exceeded.
    Call log:
      - waiting for getByRole('button', { name: 'Lưu ghi chú', exact: true })
        - locator resolved to <button disabled tabindex="-1" type="submit" class="MuiButtonBase-root MuiButton-root MuiButton-contained MuiButton-containedPrimary MuiButton-sizeMedium MuiButton-containedSizeMedium MuiButton-colorPrimary MuiButton-disableElevation Mui-disabled MuiButton-root MuiButton-contained MuiButton-containedPrimary MuiButton-sizeMedium MuiButton-containedSizeMedium MuiButton-colorPrimary MuiButton-disableElevation css-1kx9og7-MuiButtonBase-root-MuiButton-root">…</button>
      - attempting click action
        2 × waiting for element to be visible, enabled and stable
          - element is not enabled
        - retrying click action
        - waiting 20ms
        2 × waiting for element to be visible, enabled and stable
          - element is not enabled
        - retrying click action
          - waiting 100ms
        347 × waiting for element to be visible, enabled and stable
            - element is not enabled
          - retrying click action
            - waiting 500ms


      309 |     await page.evaluate(async () => { const service = await import('/src/mocks/service.ts'); service.setOperationDelay('addInternalNote', null); service.setOperationFailure('addInternalNote', { status: 503, code: 'UNAVAILABLE', message: 'Synthetic uncertain result' }); });
      310 |     const unknown = page.waitForResponse(response => response.request().method() === 'POST' && new URL(response.url()).pathname.includes('/notes'));
    > 311 |     await page.getByRole('button', { name: 'Lưu ghi chú', exact: true }).click(); expect((await unknown).status()).toBe(503);
          |                                                                          ^
      312 |     await expect(page.getByRole('button', { name: 'Lưu ghi chú', exact: true })).toBeDisabled();
      313 |     await page.getByLabel('Ghi chú cho nhóm').fill('Retained unknown draft');
      314 |     await expect(page.getByRole('button', { name: 'Lưu ghi chú', exact: true })).toBeDisabled();
        at C:\Users\Joker-PC\Documents\Projects\Bot-AI-Ban-hang-FB\BotSalesAI_Frontend\tests\frontend-corrections.spec.ts:311:74

    Error Context: test-results\playwright-88056-addea7e4-f229-4254-af8a-fc5aab17363e\frontend-corrections-F05-k-366c0-ecovery-registry-completion-firefox\error-context.md

    Error Context: test-results\playwright-88056-addea7e4-f229-4254-af8a-fc5aab17363e\frontend-corrections-F05-k-366c0-ecovery-registry-completion-firefox\error-context.md

    attachment #3: trace (application/zip) ─────────────────────────────────────────────────────────
    test-results\playwright-88056-addea7e4-f229-4254-af8a-fc5aab17363e\frontend-corrections-F05-k-366c0-ecovery-registry-completion-firefox\trace.zip
    Usage:

        npx playwright show-trace test-results\playwright-88056-addea7e4-f229-4254-af8a-fc5aab17363e\frontend-corrections-F05-k-366c0-ecovery-registry-completion-firefox\trace.zip

    ────────────────────────────────────────────────────────────────────────────────────────────────

  65) [firefox] › tests\frontend-corrections.spec.ts:426:1 › F08 privacy bounds reject invalid days and long jurisdiction before HTTP 

    Error: expect(locator).toHaveAttribute(expected) failed

    Locator:  getByLabel('Số ngày lưu hội thoại', { exact: true })
    Expected: "true"
    Received: "false"
    Timeout:  5000ms

    Call log:
      - Expect "toHaveAttribute" getByLabel('Số ngày lưu hội thoại', { exact: true }) with timeout 5000ms
      - waiting for getByLabel('Số ngày lưu hội thoại', { exact: true })
        14 × locator resolved to <input min="1" step="1" value="" id="«r15»" max="36500" type="number" aria-invalid="false" aria-describedby="«r15»-helper-text" class="MuiInputBase-input MuiOutlinedInput-input css-1txw9lp-MuiInputBase-input-MuiOutlinedInput-input"/>
           - unexpected value "false"


      428 |     const writes: string[] = []; page.on('request', request => { if (request.method() === 'PATCH' && request.url().includes('/privacy/policy')) writes.push(request.url()); });
      429 |     const days = page.getByLabel('Số ngày lưu hội thoại', { exact: true }), note = page.getByLabel('Căn cứ / thị trường áp dụng', { exact: true });
    > 430 |     for (const value of ['0', '36501', '1.5']) { await days.fill(value); await expect(days).toHaveAttribute('aria-invalid', 'true'); await expect(page.getByRole('button', { name: 'Lưu bản nháp chính sách', exact: true })).toBeDisabled(); }
          |                                                                                             ^
      431 |     await days.fill('36500'); await note.fill('n'.repeat(2001)); await expect(note).toHaveAttribute('aria-invalid', 'true');
      432 |     await expect(page.getByRole('button', { name: 'Lưu bản nháp chính sách', exact: true })).toBeDisabled(); expect(writes).toEqual([]);
      433 |     await note.fill('n'.repeat(2000)); const saved = page.waitForResponse(response => response.request().method() === 'PATCH' && response.url().includes('/privacy/policy'));
        at C:\Users\Joker-PC\Documents\Projects\Bot-AI-Ban-hang-FB\BotSalesAI_Frontend\tests\frontend-corrections.spec.ts:430:93

    Error Context: test-results\playwright-31708-5d067e77-debd-4ca5-a43d-83183747ebcf\frontend-corrections-F08-p-5bf69-ng-jurisdiction-before-HTTP-firefox\error-context.md

    Error Context: test-results\playwright-31708-5d067e77-debd-4ca5-a43d-83183747ebcf\frontend-corrections-F08-p-5bf69-ng-jurisdiction-before-HTTP-firefox\error-context.md

    attachment #3: trace (application/zip) ─────────────────────────────────────────────────────────
    test-results\playwright-31708-5d067e77-debd-4ca5-a43d-83183747ebcf\frontend-corrections-F08-p-5bf69-ng-jurisdiction-before-HTTP-firefox\trace.zip
    Usage:

        npx playwright show-trace test-results\playwright-31708-5d067e77-debd-4ca5-a43d-83183747ebcf\frontend-corrections-F08-p-5bf69-ng-jurisdiction-before-HTTP-firefox\trace.zip

    ────────────────────────────────────────────────────────────────────────────────────────────────

  66) [firefox] › tests\route-role-matrix.spec.ts:44:1 › route read access matches canonical permissions for every demo role 

    Error: expect(received).toHaveLength(expected)

    Expected length: 51
    Received length: 57
    Received array:  [{"acceptanceScenarioIds": [Array], "actions": [Array], "behavior": "KPI mở trang tương ứng với bộ lọc; pause có xác nhận/reason và command status.", "content": "Hội thoại chờ, đơn chờ, hàng sắp hết, bot health; revenue/cash chỉ theo finance permission; asOf.", "edgeCases": "Null tiền hiển thị bị hạn chế/chưa có, không 0; partial dashboard và stale; widget lỗi không làm trắng toàn trang.", "id": "R04", "module": "dashboard", "path": "/s/:shopId/overview", "purpose": "Thấy ngay việc cần xử lý và dữ liệu nào đang chưa đầy đủ.", "readOperations": [Array], "readPermission": "dashboard.read", "requirementId": "FR-004", "states": [Array], "title": "Tổng quan"}, {"acceptanceScenarioIds": [Array], "actions": [Array], "behavior": "Chọn row tới R06; URL giữ filter/cursor; bàn phím tới từng hội thoại, không đọc raw PII qua toast.", "content": "Search, status, mode bot/human, channel/assignee filter được backend hỗ trợ; preview và unread.", "edgeCases": "Không kết quả khác inbox trống; event mới không giật vị trí; slow response không đổi shop đang xem.", "id": "R05", "module": "inbox", "path": "/s/:shopId/inbox", "purpose": "Tìm hội thoại cần phản hồi hoặc được phân công.", "readOperations": [Array], "readPermission": "conversations.read", "requirementId": "FR-005", "states": [Array], "title": "Hộp thư"}, {"acceptanceScenarioIds": [Array], "actions": [Array], "behavior": "Lịch sử phân trang giữ scroll; draft reply không persist; text-only vẫn tương thích; media upload theo policy MIME/size/count và conversation scope; file chỉ gửi theo ID sau synthetic scan ready; Enter/Shift+Enter giữ behavior hiện có; internal note không gửi media.", "content": "Message timeline with safe attachment metadata and scoped media readback, delivery status, capability-driven composer, sendEligibility, mode/assignee, source evidence, customer/order panel by permission.", "edgeCases": "Policy unknown/blocked disable gửi; takeover race; send timeout unknown; duplicate/out-of-order event; 403 gỡ messages; không tự gửi lại.; policy media thiếu/không hợp lệ thì tắt đính kèm; MIME/size/count/scope/purpose sai hoặc scan chưa ready thì không gửi; send unknown giữ bản nháp và chặn gửi trùng; object URL bị thu hồi khi bỏ tệp/đóng composer.", "id": "R06", "module": "inbox", "path": "/s/:shopId/inbox/:conversationId", "purpose": "Hỗ trợ khách và kiểm soát bot/human rõ ràng.", "readOperations": [Array], "readPermission": "conversations.read", "requirementId": "FR-006", "states": [Array], "title": "Chi tiết hội thoại"}, {"acceptanceScenarioIds": [Array], "actions": [Array], "behavior": "Tạo khách qua form validate; chọn vào R08; không gộp khách tự động theo tên.", "content": "Tên, thông tin liên hệ masked, external identity khi được phép; search/cursor.", "edgeCases": "Khách trùng số điện thoại chỉ cảnh báo/policy server; masked contact; special characters không XSS.", "id": "R07", "module": "customers", "path": "/s/:shopId/customers", "purpose": "Danh sách khách theo shop, không phải tài khoản nhân viên.", "readOperations": [Array], "readPermission": "customers.read", "requirementId": "FR-007", "states": [Array], "title": "Khách hàng"}, {"acceptanceScenarioIds": [Array], "actions": [Array], "behavior": "Edit chờ server + ETag; notes plain/sanitized text; đổi customer reset form.", "content": "Tên, phone/email, notes, trường bị che; links tới orders/inbox scoped filter thay vì tải chéo tự do.", "edgeCases": "412 giữ draft và cho tải phiên bản mới; contact null không bị ghi đè thành chuỗi rỗng; permission change.", "id": "R08", "module": "customers", "path": "/s/:shopId/customers/:customerId", "purpose": "Xem và sửa dữ liệu chăm sóc khách được cấp quyền.", "readOperations": [Array], "readPermission": "customers.read", "requirementId": "FR-008", "states": [Array], "title": "Hồ sơ khách"}, {"acceptanceScenarioIds": [Array], "actions": [Array], "behavior": "Nút thêm điều hướng R10; row tới R11; mọi phân trang ở server; không tính tổng tồn từ product DTO.", "content": "Tên, SKU/biến thể summary, category, status, price range theo quyền; search/category/status/sort.", "edgeCases": "0/1/100k records; long Vietnamese names; product archived; invalid cursor/filter; không fetch tất cả rồi lọc browser.", "id": "R09", "module": "catalog", "path": "/s/:shopId/products", "purpose": "Quản lý danh mục sản phẩm với search/filter thật toàn dataset.", "readOperations": [Array], "readPermission": "catalog.read", "requirementId": "FR-009", "states": [Array], "title": "Sản phẩm"}, {"acceptanceScenarioIds": [Array], "actions": [Array], "behavior": "Client validation và server errors theo field; submit idempotent; thành công tới detail. Giá decimal string, không nhập stock ở form này.", "content": "Tên 1–160 ký tự, mô tả, category, status draft/active; mỗi variant có SKU, options, name, currency/price, active; ảnh.", "edgeCases": "SKU trùng scoped; variant options trùng; upload quarantined; currency khác shop; mạng đứt không reset form.", "id": "R10", "module": "catalog", "path": "/s/:shopId/products/new", "purpose": "Tạo Product và tối thiểu một Variant.", "readOperations": [Array], "readPermission": "catalog.write", "requirementId": "FR-010", "states": [Array], "title": "Thêm sản phẩm"}, {"acceptanceScenarioIds": [Array], "actions": [Array], "behavior": "Edit dùng ETag; archive confirm nêu tác động; variants đã có order không xóa lịch sử; image chỉ dùng ready file.", "content": "Overview, variants/prices/images, version và updatedAt; links kho theo variant chỉ khi có quyền.", "edgeCases": "412; SKU conflict; product archived; unauthorized field; thay giá không đổi giá snapshot order cũ.", "id": "R11", "module": "catalog", "path": "/s/:shopId/products/:productId", "purpose": "Sửa danh mục mà không phá lịch sử đơn/kho.", "readOperations": [Array], "readPermission": "catalog.read", "requirementId": "FR-011", "states": [Array], "title": "Chi tiết sản phẩm"}, {"acceptanceScenarioIds": [Array], "actions": [Array], "behavior": "Create/edit parent selection chống cycle server; archive hiển thị tác động với sản phẩm đang tham chiếu.", "content": "Tên, parent, active, phiên bản; table hoặc tree bounded.", "edgeCases": "Parent khác shop; cycle; danh mục đang dùng; 412; không xóa hàng hóa theo cascade ở UI.", "id": "R12", "module": "catalog", "path": "/s/:shopId/categories", "purpose": "Sắp xếp sản phẩm theo nhóm mà không tạo cây vô hạn.", "readOperations": [Array], "readPermission": "catalog.read", "requirementId": "FR-012", "states": [Array], "title": "Danh mục hàng"}, {"acceptanceScenarioIds": [Array], "actions": [Array], "behavior": "Upload→validate→preview; nút commit ở R14. File quá hạn/quarantine không được parse. Giới hạn do backend trả và tối đa baseline.", "content": "File CSV/XLSX không macro, purpose, mapping sku/name/description/category/price/currency/variantName, duplicate strategy.", "edgeCases": "Sai encoding/cột/currency; formula/external link; file size/rows over-limit; không đẩy toàn file parsed vào DOM.", "id": "R13", "module": "catalog", "path": "/s/:shopId/imports", "purpose": "Import catalog có kiểm tra trước khi ghi, không import âm thầm vào kho.", "readOperations": [Array], "readPermission": "catalog.import", "requirementId": "FR-013", "states": [Array], "title": "Nhập dữ liệu"}, …]

      43 |
      44 | test('route read access matches canonical permissions for every demo role', async ({ page }) => {
    > 45 |     expect(privateRoutes).toHaveLength(51);
         |                           ^
      46 |     expect(roles).toHaveLength(7);
      47 |
      48 |     let checks = 0;
        at C:\Users\Joker-PC\Documents\Projects\Bot-AI-Ban-hang-FB\BotSalesAI_Frontend\tests\route-role-matrix.spec.ts:45:27

    Error Context: test-results\playwright-34680-fb60eb28-7591-4d42-aa01-e51859637567\route-role-matrix-route-re-638a3-issions-for-every-demo-role-firefox\error-context.md

    Error Context: test-results\playwright-34680-fb60eb28-7591-4d42-aa01-e51859637567\route-role-matrix-route-re-638a3-issions-for-every-demo-role-firefox\error-context.md

    attachment #3: trace (application/zip) ─────────────────────────────────────────────────────────
    test-results\playwright-34680-fb60eb28-7591-4d42-aa01-e51859637567\route-role-matrix-route-re-638a3-issions-for-every-demo-role-firefox\trace.zip
    Usage:

        npx playwright show-trace test-results\playwright-34680-fb60eb28-7591-4d42-aa01-e51859637567\route-role-matrix-route-re-638a3-issions-for-every-demo-role-firefox\trace.zip

    ────────────────────────────────────────────────────────────────────────────────────────────────

  67) [firefox] › tests\security.spec.ts:90:1 › mock uploads require a purpose, enforce its role, and fingerprint file content for retries 

    Error: expect(locator).toBeVisible() failed

    Locator: getByRole('navigation', { name: 'Điều hướng chính' }).getByText('sales', { exact: true })
    Expected: visible
    Timeout: 5000ms
    Error: element(s) not found

    Call log:
      - Expect "toBeVisible" getByRole('navigation', { name: 'Điều hướng chính' }).getByText('sales', { exact: true }) with timeout 5000ms
      - waiting for getByRole('navigation', { name: 'Điều hướng chính' }).getByText('sales', { exact: true })


      103 |     await salesPage.getByRole('combobox', { name: 'Vai trò mô phỏng' }).click();
      104 |     await salesPage.getByRole('option', { name: 'sales', exact: true }).click();
    > 105 |     await expect(salesPage.getByRole('navigation', { name: 'Điều hướng chính' }).getByText('sales', { exact: true })).toBeVisible();
          |                                                                                                                       ^
      106 |     const denied = await uploadStatus(salesPage, 'product_import', 'sales-import', 'sku,name,price\nP-1,Sample,100');
      107 |     expect(denied.status).toBe(403);
      108 |   } finally {
        at C:\Users\Joker-PC\Documents\Projects\Bot-AI-Ban-hang-FB\BotSalesAI_Frontend\tests\security.spec.ts:105:119

    Error Context: test-results\playwright-56608-b4563418-a4dc-43da-a612-b40d7e25248b\security-mock-uploads-requ-9a942-nt-file-content-for-retries-firefox\error-context.md

    Error Context: test-results\playwright-56608-b4563418-a4dc-43da-a612-b40d7e25248b\security-mock-uploads-requ-9a942-nt-file-content-for-retries-firefox\error-context.md

    attachment #3: trace (application/zip) ─────────────────────────────────────────────────────────
    test-results\playwright-56608-b4563418-a4dc-43da-a612-b40d7e25248b\security-mock-uploads-requ-9a942-nt-file-content-for-retries-firefox\trace.zip
    Usage:

        npx playwright show-trace test-results\playwright-56608-b4563418-a4dc-43da-a612-b40d7e25248b\security-mock-uploads-requ-9a942-nt-file-content-for-retries-firefox\trace.zip

    ────────────────────────────────────────────────────────────────────────────────────────────────

  68) [firefox] › tests\states\route-error-composition.spec.ts:28:1 › every shop route composes the shared API error state with its page content 

    Error: expect(received).toHaveLength(expected)

    Expected length: 51
    Received length: 57
    Received array:  [{"acceptanceScenarioIds": [Array], "actions": [Array], "behavior": "KPI mở trang tương ứng với bộ lọc; pause có xác nhận/reason và command status.", "content": "Hội thoại chờ, đơn chờ, hàng sắp hết, bot health; revenue/cash chỉ theo finance permission; asOf.", "edgeCases": "Null tiền hiển thị bị hạn chế/chưa có, không 0; partial dashboard và stale; widget lỗi không làm trắng toàn trang.", "id": "R04", "module": "dashboard", "path": "/s/:shopId/overview", "purpose": "Thấy ngay việc cần xử lý và dữ liệu nào đang chưa đầy đủ.", "readOperations": [Array], "readPermission": "dashboard.read", "requirementId": "FR-004", "states": [Array], "title": "Tổng quan"}, {"acceptanceScenarioIds": [Array], "actions": [Array], "behavior": "Chọn row tới R06; URL giữ filter/cursor; bàn phím tới từng hội thoại, không đọc raw PII qua toast.", "content": "Search, status, mode bot/human, channel/assignee filter được backend hỗ trợ; preview và unread.", "edgeCases": "Không kết quả khác inbox trống; event mới không giật vị trí; slow response không đổi shop đang xem.", "id": "R05", "module": "inbox", "path": "/s/:shopId/inbox", "purpose": "Tìm hội thoại cần phản hồi hoặc được phân công.", "readOperations": [Array], "readPermission": "conversations.read", "requirementId": "FR-005", "states": [Array], "title": "Hộp thư"}, {"acceptanceScenarioIds": [Array], "actions": [Array], "behavior": "Lịch sử phân trang giữ scroll; draft reply không persist; text-only vẫn tương thích; media upload theo policy MIME/size/count và conversation scope; file chỉ gửi theo ID sau synthetic scan ready; Enter/Shift+Enter giữ behavior hiện có; internal note không gửi media.", "content": "Message timeline with safe attachment metadata and scoped media readback, delivery status, capability-driven composer, sendEligibility, mode/assignee, source evidence, customer/order panel by permission.", "edgeCases": "Policy unknown/blocked disable gửi; takeover race; send timeout unknown; duplicate/out-of-order event; 403 gỡ messages; không tự gửi lại.; policy media thiếu/không hợp lệ thì tắt đính kèm; MIME/size/count/scope/purpose sai hoặc scan chưa ready thì không gửi; send unknown giữ bản nháp và chặn gửi trùng; object URL bị thu hồi khi bỏ tệp/đóng composer.", "id": "R06", "module": "inbox", "path": "/s/:shopId/inbox/:conversationId", "purpose": "Hỗ trợ khách và kiểm soát bot/human rõ ràng.", "readOperations": [Array], "readPermission": "conversations.read", "requirementId": "FR-006", "states": [Array], "title": "Chi tiết hội thoại"}, {"acceptanceScenarioIds": [Array], "actions": [Array], "behavior": "Tạo khách qua form validate; chọn vào R08; không gộp khách tự động theo tên.", "content": "Tên, thông tin liên hệ masked, external identity khi được phép; search/cursor.", "edgeCases": "Khách trùng số điện thoại chỉ cảnh báo/policy server; masked contact; special characters không XSS.", "id": "R07", "module": "customers", "path": "/s/:shopId/customers", "purpose": "Danh sách khách theo shop, không phải tài khoản nhân viên.", "readOperations": [Array], "readPermission": "customers.read", "requirementId": "FR-007", "states": [Array], "title": "Khách hàng"}, {"acceptanceScenarioIds": [Array], "actions": [Array], "behavior": "Edit chờ server + ETag; notes plain/sanitized text; đổi customer reset form.", "content": "Tên, phone/email, notes, trường bị che; links tới orders/inbox scoped filter thay vì tải chéo tự do.", "edgeCases": "412 giữ draft và cho tải phiên bản mới; contact null không bị ghi đè thành chuỗi rỗng; permission change.", "id": "R08", "module": "customers", "path": "/s/:shopId/customers/:customerId", "purpose": "Xem và sửa dữ liệu chăm sóc khách được cấp quyền.", "readOperations": [Array], "readPermission": "customers.read", "requirementId": "FR-008", "states": [Array], "title": "Hồ sơ khách"}, {"acceptanceScenarioIds": [Array], "actions": [Array], "behavior": "Nút thêm điều hướng R10; row tới R11; mọi phân trang ở server; không tính tổng tồn từ product DTO.", "content": "Tên, SKU/biến thể summary, category, status, price range theo quyền; search/category/status/sort.", "edgeCases": "0/1/100k records; long Vietnamese names; product archived; invalid cursor/filter; không fetch tất cả rồi lọc browser.", "id": "R09", "module": "catalog", "path": "/s/:shopId/products", "purpose": "Quản lý danh mục sản phẩm với search/filter thật toàn dataset.", "readOperations": [Array], "readPermission": "catalog.read", "requirementId": "FR-009", "states": [Array], "title": "Sản phẩm"}, {"acceptanceScenarioIds": [Array], "actions": [Array], "behavior": "Client validation và server errors theo field; submit idempotent; thành công tới detail. Giá decimal string, không nhập stock ở form này.", "content": "Tên 1–160 ký tự, mô tả, category, status draft/active; mỗi variant có SKU, options, name, currency/price, active; ảnh.", "edgeCases": "SKU trùng scoped; variant options trùng; upload quarantined; currency khác shop; mạng đứt không reset form.", "id": "R10", "module": "catalog", "path": "/s/:shopId/products/new", "purpose": "Tạo Product và tối thiểu một Variant.", "readOperations": [Array], "readPermission": "catalog.write", "requirementId": "FR-010", "states": [Array], "title": "Thêm sản phẩm"}, {"acceptanceScenarioIds": [Array], "actions": [Array], "behavior": "Edit dùng ETag; archive confirm nêu tác động; variants đã có order không xóa lịch sử; image chỉ dùng ready file.", "content": "Overview, variants/prices/images, version và updatedAt; links kho theo variant chỉ khi có quyền.", "edgeCases": "412; SKU conflict; product archived; unauthorized field; thay giá không đổi giá snapshot order cũ.", "id": "R11", "module": "catalog", "path": "/s/:shopId/products/:productId", "purpose": "Sửa danh mục mà không phá lịch sử đơn/kho.", "readOperations": [Array], "readPermission": "catalog.read", "requirementId": "FR-011", "states": [Array], "title": "Chi tiết sản phẩm"}, {"acceptanceScenarioIds": [Array], "actions": [Array], "behavior": "Create/edit parent selection chống cycle server; archive hiển thị tác động với sản phẩm đang tham chiếu.", "content": "Tên, parent, active, phiên bản; table hoặc tree bounded.", "edgeCases": "Parent khác shop; cycle; danh mục đang dùng; 412; không xóa hàng hóa theo cascade ở UI.", "id": "R12", "module": "catalog", "path": "/s/:shopId/categories", "purpose": "Sắp xếp sản phẩm theo nhóm mà không tạo cây vô hạn.", "readOperations": [Array], "readPermission": "catalog.read", "requirementId": "FR-012", "states": [Array], "title": "Danh mục hàng"}, {"acceptanceScenarioIds": [Array], "actions": [Array], "behavior": "Upload→validate→preview; nút commit ở R14. File quá hạn/quarantine không được parse. Giới hạn do backend trả và tối đa baseline.", "content": "File CSV/XLSX không macro, purpose, mapping sku/name/description/category/price/currency/variantName, duplicate strategy.", "edgeCases": "Sai encoding/cột/currency; formula/external link; file size/rows over-limit; không đẩy toàn file parsed vào DOM.", "id": "R13", "module": "catalog", "path": "/s/:shopId/imports", "purpose": "Import catalog có kiểm tra trước khi ghi, không import âm thầm vào kho.", "readOperations": [Array], "readPermission": "catalog.import", "requirementId": "FR-013", "states": [Array], "title": "Nhập dữ liệu"}, …]

      35 |         const shopRoutes = routeManifest.routes
      36 |             .filter(route => route.path.startsWith('/s/') && (!selectedRouteId || route.id === selectedRouteId));
    > 37 |         expect(shopRoutes).toHaveLength(selectedRouteId ? 1 : 51);
         |                            ^
      38 |
      39 |         for (const route of shopRoutes) {
      40 |             // Isolate each page's MSW service-worker client. Reusing a context after
        at C:\Users\Joker-PC\Documents\Projects\Bot-AI-Ban-hang-FB\BotSalesAI_Frontend\tests\states\route-error-composition.spec.ts:37:28

    Error Context: test-results\playwright-78596-9a9e06ba-568f-49a2-81a5-0afd80535584\states-route-error-composi-a8cb0-state-with-its-page-content-firefox\error-context.md

    attachment #2: trace (application/zip) ─────────────────────────────────────────────────────────
    test-results\playwright-78596-9a9e06ba-568f-49a2-81a5-0afd80535584\states-route-error-composi-a8cb0-state-with-its-page-content-firefox\trace.zip
    Usage:

        npx playwright show-trace test-results\playwright-78596-9a9e06ba-568f-49a2-81a5-0afd80535584\states-route-error-composi-a8cb0-state-with-its-page-content-firefox\trace.zip

    ────────────────────────────────────────────────────────────────────────────────────────────────

  69) [firefox] › tests\ui-density-layout.spec.ts:22:1 › density divided facts list has one row inset and no additional inter-row gap 

    Error: expect(locator).toHaveCSS(expected) failed

    Locator: locator('[data-ui-composition="surface-content"][data-ui-rhythm="dividedRows"]').locator(':scope > [data-ui-detail-line]').first().locator(':scope > .MuiStack-root')
    Expected: "8px"
    Timeout: 5000ms
    Error: element(s) not found

    Call log:
      - Expect "toHaveCSS" locator('[data-ui-composition="surface-content"][data-ui-rhythm="dividedRows"]').locator(':scope > [data-ui-detail-line]').first().locator(':scope > .MuiStack-root') with timeout 5000ms
      - waiting for locator('[data-ui-composition="surface-content"][data-ui-rhythm="dividedRows"]').locator(':scope > [data-ui-detail-line]').first().locator(':scope > .MuiStack-root')


      25 |   const facts=page.locator('[data-ui-composition="surface-content"][data-ui-rhythm="dividedRows"]');await expect(facts).toHaveCount(1);await expect(facts).toHaveCSS('gap','0px');
      26 |   await expect(facts.locator(':scope > [data-ui-detail-line]')).toHaveCount(7);
    > 27 |   for(const row of await facts.locator(':scope > [data-ui-detail-line]').all()){await expect(row.locator(':scope > .MuiStack-root')).toHaveCSS('padding-top','8px');await expect(row.locator('.MuiDivider-root')).toHaveCount(1);}
         |                                                                                                                                      ^
      28 |   if(width===1440){expect((await facts.boundingBox())!.height).toBeCloseTo(266,0);const panel=page.getByRole('heading',{name:'Kết nối AI mô phỏng'}).locator('xpath=ancestor::*[contains(@class,"MuiPaper-root")][1]');expect((await panel.boundingBox())!.width).toBeGreaterThan(1100);}
      29 |   expect(await page.evaluate(()=>document.documentElement.scrollWidth)).toBe(width);
      30 |  }
        at C:\Users\Joker-PC\Documents\Projects\Bot-AI-Ban-hang-FB\BotSalesAI_Frontend\tests\ui-density-layout.spec.ts:27:134

    Error Context: test-results\playwright-2388-b66d91dd-74b2-4ac7-9336-d293aa4d2d67\ui-density-layout-density--73b5a-no-additional-inter-row-gap-firefox\error-context.md

    Error Context: test-results\playwright-2388-b66d91dd-74b2-4ac7-9336-d293aa4d2d67\ui-density-layout-density--73b5a-no-additional-inter-row-gap-firefox\error-context.md

    attachment #3: trace (application/zip) ─────────────────────────────────────────────────────────
    test-results\playwright-2388-b66d91dd-74b2-4ac7-9336-d293aa4d2d67\ui-density-layout-density--73b5a-no-additional-inter-row-gap-firefox\trace.zip
    Usage:

        npx playwright show-trace test-results\playwright-2388-b66d91dd-74b2-4ac7-9336-d293aa4d2d67\ui-density-layout-density--73b5a-no-additional-inter-row-gap-firefox\trace.zip

    ────────────────────────────────────────────────────────────────────────────────────────────────

  70) [firefox] › tests\ui-panel-layout.spec.ts:15:1 › the titled Fulfillment Panel owns its body inset and keeps one 12px header boundary 

    Error: expect(locator).toBeVisible() failed

    Locator: getByRole('heading', { name: 'Xem trước phí & vùng giao hàng', exact: true })
    Expected: visible
    Timeout: 5000ms
    Error: element(s) not found

    Call log:
      - Expect "toBeVisible" getByRole('heading', { name: 'Xem trước phí & vùng giao hàng', exact: true }) with timeout 5000ms
      - waiting for getByRole('heading', { name: 'Xem trước phí & vùng giao hàng', exact: true })


      25 |         await expect(page.getByRole('heading', { name: 'Vận đơn & giao hàng', exact: true })).toBeVisible();
      26 |         const heading = page.getByRole('heading', { name: 'Xem trước phí & vùng giao hàng', exact: true });
    > 27 |         await expect(heading).toBeVisible();
         |                               ^
      28 |         await expect(page.getByRole('combobox', { name: 'Vùng giao thử' })).toBeVisible();
      29 |         await expect(page.getByRole('combobox', { name: 'Kích cỡ kiện thử' })).toBeVisible();
      30 |
        at C:\Users\Joker-PC\Documents\Projects\Bot-AI-Ban-hang-FB\BotSalesAI_Frontend\tests\ui-panel-layout.spec.ts:27:31

    Error Context: test-results\playwright-80508-5c7c037f-141f-463f-909d-1b20b04b6164\ui-panel-layout-the-titled-2c0b1-ps-one-12px-header-boundary-firefox\error-context.md

    Error Context: test-results\playwright-80508-5c7c037f-141f-463f-909d-1b20b04b6164\ui-panel-layout-the-titled-2c0b1-ps-one-12px-header-boundary-firefox\error-context.md

    attachment #3: trace (application/zip) ─────────────────────────────────────────────────────────
    test-results\playwright-80508-5c7c037f-141f-463f-909d-1b20b04b6164\ui-panel-layout-the-titled-2c0b1-ps-one-12px-header-boundary-firefox\trace.zip
    Usage:

        npx playwright show-trace test-results\playwright-80508-5c7c037f-141f-463f-909d-1b20b04b6164\ui-panel-layout-the-titled-2c0b1-ps-one-12px-header-boundary-firefox\trace.zip

    ────────────────────────────────────────────────────────────────────────────────────────────────

  71) [firefox] › tests\ui-procurement-layout.spec.ts:69:1 › Procurement supplier, offer, rule, purchase and receipt dialogs fit narrow and desktop viewports without writes 

    Error: expect(locator).toBeVisible() failed

    Locator: getByRole('dialog', { name: 'Phiếu nhận hàng mới' }).getByRole('spinbutton', { name: 'Nhận đạt v-p6' })
    Expected: visible
    Timeout: 5000ms
    Error: element(s) not found

    Call log:
      - Expect "toBeVisible" getByRole('dialog', { name: 'Phiếu nhận hàng mới' }).getByRole('spinbutton', { name: 'Nhận đạt v-p6' }) with timeout 5000ms
      - waiting for getByRole('dialog', { name: 'Phiếu nhận hàng mới' }).getByRole('spinbutton', { name: 'Nhận đạt v-p6' })


      113 |         await chooseOption(page, 'Đơn mua đã xác nhận', 'seed-purchaseorder-10046', receipt);
      114 |         await expect(receipt.getByText('Đặt 10 · đã nhận 4 · bị từ chối 0 · còn 6')).toBeVisible();
    > 115 |         await expect(receipt.getByRole('spinbutton', { name: 'Nhận đạt v-p6' })).toBeVisible();
          |                                                                                  ^
      116 |         await page.keyboard.press('Escape');
      117 |     }
      118 |
        at C:\Users\Joker-PC\Documents\Projects\Bot-AI-Ban-hang-FB\BotSalesAI_Frontend\tests\ui-procurement-layout.spec.ts:115:82

    Error Context: test-results\playwright-54188-e26f4969-802f-402b-984d-a830d88b1be5\ui-procurement-layout-Proc-3d3f3-op-viewports-without-writes-firefox\error-context.md

    Error Context: test-results\playwright-54188-e26f4969-802f-402b-984d-a830d88b1be5\ui-procurement-layout-Proc-3d3f3-op-viewports-without-writes-firefox\error-context.md

    attachment #3: trace (application/zip) ─────────────────────────────────────────────────────────
    test-results\playwright-54188-e26f4969-802f-402b-984d-a830d88b1be5\ui-procurement-layout-Proc-3d3f3-op-viewports-without-writes-firefox\trace.zip
    Usage:

        npx playwright show-trace test-results\playwright-54188-e26f4969-802f-402b-984d-a830d88b1be5\ui-procurement-layout-Proc-3d3f3-op-viewports-without-writes-firefox\trace.zip

    ────────────────────────────────────────────────────────────────────────────────────────────────

  72) [firefox] › tests\ui-width-layout.spec.ts:104:1 › W02 full-width form groups fill their panel and retain input/mapping/shipping behavior 

    Test timeout of 180000ms exceeded.

    Error: locator.evaluate: Test timeout of 180000ms exceeded.
    Call log:
      - waiting for locator('main .MuiPaper-root').filter({ has: getByRole('heading', { name: 'Xem trước phí & vùng giao hàng', exact: true }) }).first().locator('[data-ui-composition="form-fields"]').first()


      107 |         await ready(page, route, width);
      108 |         const panel = page.locator('main .MuiPaper-root').filter({ has: page.getByRole('heading', { name: route === 'settings/shop' ? 'Thông tin cơ sở' : route === 'imports' ? 'Tệp & ánh xạ' : 'Xem trước phí & vùng giao hàng', exact: true }) }).first();
    > 109 |         const geometry = await panel.locator('[data-ui-composition="form-fields"]').first().evaluate(form => {
          |                                                                                             ^
      110 |             const body = form.closest('.MuiPaper-root')!.lastElementChild!;
      111 |             const style = getComputedStyle(body);
      112 |             return { width: form.getBoundingClientRect().width, available: body.getBoundingClientRect().width - parseFloat(style.paddingLeft) - parseFloat(style.paddingRight), maxWidth: getComputedStyle(form).maxWidth };
        at C:\Users\Joker-PC\Documents\Projects\Bot-AI-Ban-hang-FB\BotSalesAI_Frontend\tests\ui-width-layout.spec.ts:109:93

    Error Context: test-results\playwright-16344-48df528a-d7e2-401f-861a-e097a862fdd2\ui-width-layout-W02-full-w-96e2a-t-mapping-shipping-behavior-firefox\error-context.md

    Error Context: test-results\playwright-16344-48df528a-d7e2-401f-861a-e097a862fdd2\ui-width-layout-W02-full-w-96e2a-t-mapping-shipping-behavior-firefox\error-context.md

    attachment #3: trace (application/zip) ─────────────────────────────────────────────────────────
    test-results\playwright-16344-48df528a-d7e2-401f-861a-e097a862fdd2\ui-width-layout-W02-full-w-96e2a-t-mapping-shipping-behavior-firefox\trace.zip
    Usage:

        npx playwright show-trace test-results\playwright-16344-48df528a-d7e2-401f-861a-e097a862fdd2\ui-width-layout-W02-full-w-96e2a-t-mapping-shipping-behavior-firefox\trace.zip

    ────────────────────────────────────────────────────────────────────────────────────────────────

  73) [firefox] › tests\ui-width-layout.spec.ts:162:1 › W04 detail rows stay atomic in divided rhythm and plain containers 

    Error: locator.evaluate: can't access property "children", group is undefined
    @debugger eval code line 311 > eval:6:22
    evaluate@debugger eval code:313:16
    @debugger eval code:1:44
    @debugger eval code:1:62

        at @debugger eval code line 311 > eval:6:22
        at evaluate@debugger eval code:313:16
        at @debugger eval code:1:44
        at @debugger eval code:1:62
        at C:\Users\Joker-PC\Documents\Projects\Bot-AI-Ban-hang-FB\BotSalesAI_Frontend\tests\ui-width-layout.spec.ts:166:53

    Error Context: test-results\playwright-57628-e7f0072b-402b-41af-9789-ec09b24d3c7d\ui-width-layout-W04-detail-39d7a-rhythm-and-plain-containers-firefox\error-context.md

    Error Context: test-results\playwright-57628-e7f0072b-402b-41af-9789-ec09b24d3c7d\ui-width-layout-W04-detail-39d7a-rhythm-and-plain-containers-firefox\error-context.md

    attachment #3: trace (application/zip) ─────────────────────────────────────────────────────────
    test-results\playwright-57628-e7f0072b-402b-41af-9789-ec09b24d3c7d\ui-width-layout-W04-detail-39d7a-rhythm-and-plain-containers-firefox\trace.zip
    Usage:

        npx playwright show-trace test-results\playwright-57628-e7f0072b-402b-41af-9789-ec09b24d3c7d\ui-width-layout-W04-detail-39d7a-rhythm-and-plain-containers-firefox\trace.zip

    ────────────────────────────────────────────────────────────────────────────────────────────────

  74) [firefox] › tests\ui007-query-states.spec.ts:114:1 › UI007 supplier and offer failures keep purchase suggestions visible and have operation-specific recovery 

    Error: expect(locator).toBeVisible() failed

    Locator: getByRole('table', { name: 'Dữ liệu' })
    Expected: visible
    Timeout: 5000ms
    Error: element(s) not found

    Call log:
      - Expect "toBeVisible" getByRole('table', { name: 'Dữ liệu' }) with timeout 5000ms
      - waiting for getByRole('table', { name: 'Dữ liệu' })


      130 |     await expect(page.getByRole('button', { name: 'Thử lại danh sách nhà cung cấp', exact: true })).toHaveCount(0);
      131 |     expect(suggestionResponses).toContain(200);
    > 132 |     await expect(page.getByRole('table', { name: 'Dữ liệu' })).toBeVisible();
          |                                                                ^
      133 |
      134 |     await setOperationFailure(page, 'listSupplierOffers', null);
      135 |     let observeRetryRequests = false;
        at C:\Users\Joker-PC\Documents\Projects\Bot-AI-Ban-hang-FB\BotSalesAI_Frontend\tests\ui007-query-states.spec.ts:132:64

    Error Context: test-results\playwright-11076-98e71af0-bed5-4072-a8f4-289a4ec233ec\ui007-query-states-UI007-s-24589-operation-specific-recovery-firefox\error-context.md

    Error Context: test-results\playwright-11076-98e71af0-bed5-4072-a8f4-289a4ec233ec\ui007-query-states-UI007-s-24589-operation-specific-recovery-firefox\error-context.md

    attachment #3: trace (application/zip) ─────────────────────────────────────────────────────────
    test-results\playwright-11076-98e71af0-bed5-4072-a8f4-289a4ec233ec\ui007-query-states-UI007-s-24589-operation-specific-recovery-firefox\trace.zip
    Usage:

        npx playwright show-trace test-results\playwright-11076-98e71af0-bed5-4072-a8f4-289a4ec233ec\ui007-query-states-UI007-s-24589-operation-specific-recovery-firefox\trace.zip

    ────────────────────────────────────────────────────────────────────────────────────────────────

  75) [firefox] › tests\ui007-query-states.spec.ts:150:1 › UI007 auto-send budget query is lazy, permission-aware, and blocks an unverified budget 

    Error: expect(locator).toHaveCount(expected) failed

    Locator:  getByRole('dialog', { name: 'Quy tắc nhập lại' }).getByRole('button', { name: 'Thử lại chính sách ngân sách', exact: true })
    Expected: 0
    Received: 1
    Timeout:  5000ms

    Call log:
      - Expect "toHaveCount" getByRole('dialog', { name: 'Quy tắc nhập lại' }).getByRole('button', { name: 'Thử lại chính sách ngân sách', exact: true }) with timeout 5000ms
      - waiting for getByRole('dialog', { name: 'Quy tắc nhập lại' }).getByRole('button', { name: 'Thử lại chính sách ngân sách', exact: true })
        14 × locator resolved to 1 element
           - unexpected value "1"


      162 |     expect((await budgetResponse).status()).toBe(403);
      163 |     await expect(dialog.getByRole('group', { name: 'Trạng thái chính sách ngân sách mua hàng' }).getByRole('alert').filter({ hasText: 'UI007_BUDGETS_403' })).toBeVisible();
    > 164 |     await expect(dialog.getByRole('button', { name: 'Thử lại chính sách ngân sách', exact: true })).toHaveCount(0);
          |                                                                                                     ^
      165 |     await expect(dialog.getByRole('button', { name: 'Lưu quy tắc', exact: true })).toBeDisabled();
      166 | });
      167 |
        at C:\Users\Joker-PC\Documents\Projects\Bot-AI-Ban-hang-FB\BotSalesAI_Frontend\tests\ui007-query-states.spec.ts:164:101

    Error Context: test-results\playwright-34280-fb0f3fff-2421-466b-a831-62cc9a9e303a\ui007-query-states-UI007-a-86e49-blocks-an-unverified-budget-firefox\error-context.md

    Error Context: test-results\playwright-34280-fb0f3fff-2421-466b-a831-62cc9a9e303a\ui007-query-states-UI007-a-86e49-blocks-an-unverified-budget-firefox\error-context.md

    attachment #3: trace (application/zip) ─────────────────────────────────────────────────────────
    test-results\playwright-34280-fb0f3fff-2421-466b-a831-62cc9a9e303a\ui007-query-states-UI007-a-86e49-blocks-an-unverified-budget-firefox\trace.zip
    Usage:

        npx playwright show-trace test-results\playwright-34280-fb0f3fff-2421-466b-a831-62cc9a9e303a\ui007-query-states-UI007-a-86e49-blocks-an-unverified-budget-firefox\trace.zip

    ────────────────────────────────────────────────────────────────────────────────────────────────

  76) [firefox] › tests\ui008-integration-empty.spec.ts:75:1 › UI008 R29 read-only bot_admin sees the empty state without a manage action 

    Error: expect(locator).toBeVisible() failed

    Locator: getByRole('navigation', { name: 'Điều hướng chính' }).getByText('bot_admin', { exact: true })
    Expected: visible
    Timeout: 5000ms
    Error: element(s) not found

    Call log:
      - Expect "toBeVisible" getByRole('navigation', { name: 'Điều hướng chính' }).getByText('bot_admin', { exact: true }) with timeout 5000ms
      - waiting for getByRole('navigation', { name: 'Điều hướng chính' }).getByText('bot_admin', { exact: true })


      76 |     await gotoDemo(page, '/s/shop-demo/overview');
      77 |     await chooseMockOption(page, 'Vai trò mô phỏng', 'bot_admin');
    > 78 |     await expect(page.getByRole('navigation', { name: 'Điều hướng chính' }).getByText('bot_admin', { exact: true })).toBeVisible();
         |                                                                                                                      ^
      79 |     await setFault(page, 'empty_persistent');
      80 |     const channelsResponse = page.waitForResponse(response => response.request().method() === 'GET'
      81 |         && new URL(response.url()).pathname.endsWith('/integrations/channels'));
        at C:\Users\Joker-PC\Documents\Projects\Bot-AI-Ban-hang-FB\BotSalesAI_Frontend\tests\ui008-integration-empty.spec.ts:78:118

    Error Context: test-results\playwright-25140-fbc67ef1-a68d-4747-b94a-22333d110c5f\ui008-integration-empty-UI-4e7fb-ate-without-a-manage-action-firefox\error-context.md

    Error Context: test-results\playwright-25140-fbc67ef1-a68d-4747-b94a-22333d110c5f\ui008-integration-empty-UI-4e7fb-ate-without-a-manage-action-firefox\error-context.md

    attachment #3: trace (application/zip) ─────────────────────────────────────────────────────────
    test-results\playwright-25140-fbc67ef1-a68d-4747-b94a-22333d110c5f\ui008-integration-empty-UI-4e7fb-ate-without-a-manage-action-firefox\trace.zip
    Usage:

        npx playwright show-trace test-results\playwright-25140-fbc67ef1-a68d-4747-b94a-22333d110c5f\ui008-integration-empty-UI-4e7fb-ate-without-a-manage-action-firefox\trace.zip

    ────────────────────────────────────────────────────────────────────────────────────────────────

  77) [firefox] › tests\ui008-integration-empty.spec.ts:161:1 › UI008 R30 read-only bot_admin sees the empty state without an add action 

    Error: expect(locator).toBeVisible() failed

    Locator: getByRole('navigation', { name: 'Điều hướng chính' }).getByText('bot_admin', { exact: true })
    Expected: visible
    Timeout: 5000ms
    Error: element(s) not found

    Call log:
      - Expect "toBeVisible" getByRole('navigation', { name: 'Điều hướng chính' }).getByText('bot_admin', { exact: true }) with timeout 5000ms
      - waiting for getByRole('navigation', { name: 'Điều hướng chính' }).getByText('bot_admin', { exact: true })


      162 |     await gotoDemo(page, '/s/shop-demo/overview');
      163 |     await chooseMockOption(page, 'Vai trò mô phỏng', 'bot_admin');
    > 164 |     await expect(page.getByRole('navigation', { name: 'Điều hướng chính' }).getByText('bot_admin', { exact: true })).toBeVisible();
          |                                                                                                                      ^
      165 |     await setFault(page, 'empty_persistent');
      166 |     const connectionsResponse = page.waitForResponse(response => response.request().method() === 'GET'
      167 |         && new URL(response.url()).pathname.endsWith('/integrations/ai'));
        at C:\Users\Joker-PC\Documents\Projects\Bot-AI-Ban-hang-FB\BotSalesAI_Frontend\tests\ui008-integration-empty.spec.ts:164:118

    Error Context: test-results\playwright-10496-5bb3d086-def9-4d95-a94a-c83939126869\ui008-integration-empty-UI-4ee17-state-without-an-add-action-firefox\error-context.md

    Error Context: test-results\playwright-10496-5bb3d086-def9-4d95-a94a-c83939126869\ui008-integration-empty-UI-4ee17-state-without-an-add-action-firefox\error-context.md

    attachment #3: trace (application/zip) ─────────────────────────────────────────────────────────
    test-results\playwright-10496-5bb3d086-def9-4d95-a94a-c83939126869\ui008-integration-empty-UI-4ee17-state-without-an-add-action-firefox\trace.zip
    Usage:

        npx playwright show-trace test-results\playwright-10496-5bb3d086-def9-4d95-a94a-c83939126869\ui008-integration-empty-UI-4ee17-state-without-an-add-action-firefox\trace.zip

    ────────────────────────────────────────────────────────────────────────────────────────────────

  78) [firefox] › tests\ui012-keyboard.spec.ts:314:1 › UI012 long BotConfig policy literal wraps inside its alert at a 320 CSS-pixel viewport 

    Error: expect(locator).toBeVisible() failed

    Locator: getByRole('alert').filter({ hasText: 'BotConfigWrite' })
    Expected: visible
    Timeout: 5000ms
    Error: element(s) not found

    Call log:
      - Expect "toBeVisible" getByRole('alert').filter({ hasText: 'BotConfigWrite' }) with timeout 5000ms
      - waiting for getByRole('alert').filter({ hasText: 'BotConfigWrite' })


      317 |
      318 |     const alert = page.getByRole('alert').filter({ hasText: 'BotConfigWrite' });
    > 319 |     await expect(alert).toBeVisible();
          |                         ^
      320 |     await expect(alert.getByText('requireHumanOrderConfirmation=true', { exact: true })).toBeVisible();
      321 |
      322 |     const layout = await alert.evaluate(element => {
        at C:\Users\Joker-PC\Documents\Projects\Bot-AI-Ban-hang-FB\BotSalesAI_Frontend\tests\ui012-keyboard.spec.ts:319:25

    Error Context: test-results\playwright-68996-a12d15f9-ad9b-4cdb-90a2-1d4105410185\ui012-keyboard-UI012-long--511cc-at-a-320-CSS-pixel-viewport-firefox\error-context.md

    Error Context: test-results\playwright-68996-a12d15f9-ad9b-4cdb-90a2-1d4105410185\ui012-keyboard-UI012-long--511cc-at-a-320-CSS-pixel-viewport-firefox\error-context.md

    attachment #3: trace (application/zip) ─────────────────────────────────────────────────────────
    test-results\playwright-68996-a12d15f9-ad9b-4cdb-90a2-1d4105410185\ui012-keyboard-UI012-long--511cc-at-a-320-CSS-pixel-viewport-firefox\trace.zip
    Usage:

        npx playwright show-trace test-results\playwright-68996-a12d15f9-ad9b-4cdb-90a2-1d4105410185\ui012-keyboard-UI012-long--511cc-at-a-320-CSS-pixel-viewport-firefox\trace.zip

    ────────────────────────────────────────────────────────────────────────────────────────────────

  79) [firefox] › tests\ui021-permission-edge.spec.ts:4:1 › privacy page keeps the customers link when the destination permission is present 

    Error: expect(locator).toBeVisible() failed

    Locator: getByRole('link', { name: 'Mở danh sách khách đầy đủ' })
    Expected: visible
    Timeout: 5000ms
    Error: element(s) not found

    Call log:
      - Expect "toBeVisible" getByRole('link', { name: 'Mở danh sách khách đầy đủ' }) with timeout 5000ms
      - waiting for getByRole('link', { name: 'Mở danh sách khách đầy đủ' })


       8 |         await page.goto(new URL('/s/shop-demo/settings/privacy', server.url).toString());
       9 |         const customerLink = page.getByRole('link', { name: 'Mở danh sách khách đầy đủ' });
    > 10 |         await expect(customerLink).toBeVisible();
         |                                    ^
      11 |         await customerLink.click();
      12 |         await expect(page).toHaveURL(/\/s\/shop-demo\/customers$/);
      13 |         await expect(page.getByText(/Bạn không có quyền truy cập màn hình này/)).toHaveCount(0);
        at C:\Users\Joker-PC\Documents\Projects\Bot-AI-Ban-hang-FB\BotSalesAI_Frontend\tests\ui021-permission-edge.spec.ts:10:36

    Error Context: test-results\playwright-22128-8455d762-be71-4abe-9b46-f93ff85d0469\ui021-permission-edge-priv-16c35-ation-permission-is-present-firefox\error-context.md

    attachment #2: trace (application/zip) ─────────────────────────────────────────────────────────
    test-results\playwright-22128-8455d762-be71-4abe-9b46-f93ff85d0469\ui021-permission-edge-priv-16c35-ation-permission-is-present-firefox\trace.zip
    Usage:

        npx playwright show-trace test-results\playwright-22128-8455d762-be71-4abe-9b46-f93ff85d0469\ui021-permission-edge-priv-16c35-ation-permission-is-present-firefox\trace.zip

    ────────────────────────────────────────────────────────────────────────────────────────────────

  80) [firefox] › tests\ui021-permission-edge.spec.ts:19:1 › privacy page hides the customers link when the destination permission is missing 

    Error: expect(locator).toBeVisible() failed

    Locator: getByText(/không có customers\.read/)
    Expected: visible
    Timeout: 5000ms
    Error: element(s) not found

    Call log:
      - Expect "toBeVisible" getByText(/không có customers\.read/) with timeout 5000ms
      - waiting for getByText(/không có customers\.read/)


      43 |         await page.goto(new URL('/s/shop-demo/settings/privacy', server.url).toString());
      44 |         await expect(page.getByRole('heading', { name: 'Quyền riêng tư & vòng đời dữ liệu' })).toBeVisible();
    > 45 |         await expect(page.getByText(/không có customers\.read/)).toBeVisible();
         |                                                                  ^
      46 |         await expect(page.getByRole('link', { name: 'Mở danh sách khách đầy đủ' })).toHaveCount(0);
      47 |
      48 |         await page.goto(new URL('/s/shop-demo/customers', server.url).toString());
        at C:\Users\Joker-PC\Documents\Projects\Bot-AI-Ban-hang-FB\BotSalesAI_Frontend\tests\ui021-permission-edge.spec.ts:45:66

    Error Context: test-results\playwright-58652-97d1d2f1-bda7-4e1c-8a09-ef9ca24a8527\ui021-permission-edge-priv-eda56-ation-permission-is-missing-firefox\error-context.md

    attachment #2: trace (application/zip) ─────────────────────────────────────────────────────────
    test-results\playwright-58652-97d1d2f1-bda7-4e1c-8a09-ef9ca24a8527\ui021-permission-edge-priv-eda56-ation-permission-is-missing-firefox\trace.zip
    Usage:

        npx playwright show-trace test-results\playwright-58652-97d1d2f1-bda7-4e1c-8a09-ef9ca24a8527\ui021-permission-edge-priv-eda56-ation-permission-is-missing-firefox\trace.zip

    ────────────────────────────────────────────────────────────────────────────────────────────────

  81) [firefox] › tests\vertical-slices\fe022-flows.spec.ts:92:1 › FE022.VS02 procurement → approval → receipt → stock and payable preserves the purchase identity 

    Test timeout of 180000ms exceeded.

    Error: locator.fill: Test timeout of 180000ms exceeded.
    Call log:
      - waiting for getByRole('dialog', { name: 'Phiếu nhận hàng mới' }).getByRole('spinbutton', { name: 'Nhận đạt v-p1' })


      144 |     await chooseOption(page, 'Đơn mua đã xác nhận', purchaseId, receiptDraft);
      145 |     await receiptDraft.getByRole('textbox', { name: 'Mã phiếu giao / chứng từ nguồn' }).fill('FE022-RECEIPT-VS02');
    > 146 |     await receiptDraft.getByRole('spinbutton', { name: 'Nhận đạt v-p1' }).fill('2');
          |                                                                           ^
      147 |     const createReceipt = page.waitForResponse(response => response.request().method() === 'POST' && new URL(response.url()).pathname.endsWith('/goods-receipts'));
      148 |     await receiptDraft.getByRole('button', { name: 'Tạo phiếu nháp' }).click();
      149 |     const receiptResponse = await createReceipt;
        at C:\Users\Joker-PC\Documents\Projects\Bot-AI-Ban-hang-FB\BotSalesAI_Frontend\tests\vertical-slices\fe022-flows.spec.ts:146:75

    Error Context: test-results\playwright-81896-067ad61d-8c5c-4821-9d29-c62962776b19\vertical-slices-fe022-flow-8da6a-erves-the-purchase-identity-firefox\error-context.md

    Error Context: test-results\playwright-81896-067ad61d-8c5c-4821-9d29-c62962776b19\vertical-slices-fe022-flow-8da6a-erves-the-purchase-identity-firefox\error-context.md

    attachment #3: trace (application/zip) ─────────────────────────────────────────────────────────
    test-results\playwright-81896-067ad61d-8c5c-4821-9d29-c62962776b19\vertical-slices-fe022-flow-8da6a-erves-the-purchase-identity-firefox\trace.zip
    Usage:

        npx playwright show-trace test-results\playwright-81896-067ad61d-8c5c-4821-9d29-c62962776b19\vertical-slices-fe022-flow-8da6a-erves-the-purchase-identity-firefox\trace.zip

    ────────────────────────────────────────────────────────────────────────────────────────────────

  82) [firefox] › tests\vertical-slices\fe022-flows.spec.ts:168:1 › FE022.VS03 finance → reconciliation retains bank transaction and partial debt allocation 

    Test timeout of 180000ms exceeded.

    Error: locator.fill: Test timeout of 180000ms exceeded.
    Call log:
      - waiting for getByRole('dialog', { name: 'Nhập bảng đối soát' }).getByRole('textbox', { name: 'Mã tài khoản / đơn vị vận chuyển' })


      175 |         buffer: Buffer.from('externalTransactionId,amount,currency,direction,occurredAt,referenceText\nFE022-BANK-01,100000,VND,credit,2026-09-29T13:30:00Z,FE022 vertical reconciliation', 'utf8'),
      176 |     });
    > 177 |     await dialog.getByRole('textbox', { name: 'Mã tài khoản / đơn vị vận chuyển' }).fill('bank-fixture-01');
          |                                                                                     ^
      178 |     await dialog.getByRole('textbox', { name: 'Mã đợt nhập duy nhất' }).fill('FE022-BANK-BATCH-01');
      179 |     const importResponse = page.waitForResponse(response => response.request().method() === 'POST' && new URL(response.url()).pathname.endsWith('/bank-transactions/import'));
      180 |     await dialog.getByRole('button', { name: 'Kiểm tra và nhập' }).click();
        at C:\Users\Joker-PC\Documents\Projects\Bot-AI-Ban-hang-FB\BotSalesAI_Frontend\tests\vertical-slices\fe022-flows.spec.ts:177:85

    Error Context: test-results\playwright-27452-7cf51802-0e77-4b97-bcb4-72f16ad69864\vertical-slices-fe022-flow-cf2e0-and-partial-debt-allocation-firefox\error-context.md

    Error Context: test-results\playwright-27452-7cf51802-0e77-4b97-bcb4-72f16ad69864\vertical-slices-fe022-flow-cf2e0-and-partial-debt-allocation-firefox\error-context.md

    attachment #3: trace (application/zip) ─────────────────────────────────────────────────────────
    test-results\playwright-27452-7cf51802-0e77-4b97-bcb4-72f16ad69864\vertical-slices-fe022-flow-cf2e0-and-partial-debt-allocation-firefox\trace.zip
    Usage:

        npx playwright show-trace test-results\playwright-27452-7cf51802-0e77-4b97-bcb4-72f16ad69864\vertical-slices-fe022-flow-cf2e0-and-partial-debt-allocation-firefox\trace.zip

    ────────────────────────────────────────────────────────────────────────────────────────────────

  83) [firefox] › tests\vertical-slices\fe022-flows.spec.ts:246:1 › FE022.S05 route and feature matrix covers canonical IDs with executed cases or explicit frontend gaps 

    Error: expect(received).toMatchObject(expected)

    - Expected  - 1
    + Received  + 1

    @@ -13,7 +13,7 @@
          "SC-011",
          "SC-054",
          "SC-055",
        ],
        "route": "/login",
    -   "state": "BROWSER_ROUTE_RENDERED_WITH_SYNTHETIC_API",
    +   "state": "SOURCE_IMPLEMENTED_BROWSER_NOT_REVALIDATED",
      }

      271 |     for (const route of routeManifest.routes) {
      272 |         const row = matrix.find(item => item.routeId === route.id);
    > 273 |         expect(row).toMatchObject({ route: route.path, state: 'BROWSER_ROUTE_RENDERED_WITH_SYNTHETIC_API', acceptanceScenarioIds: route.acceptanceScenarioIds });
          |                     ^
      274 |         expect(row?.routeEvidence).toMatchObject({
      275 |             testFile: 'tests/frontend.spec.ts',
      276 |             testTitle: 'all canonical routes render inside the real React demo application',
        at C:\Users\Joker-PC\Documents\Projects\Bot-AI-Ban-hang-FB\BotSalesAI_Frontend\tests\vertical-slices\fe022-flows.spec.ts:273:21

    Error Context: test-results\playwright-33776-c04f232c-1835-40e3-adf1-f722ec05f683\vertical-slices-fe022-flow-22554-s-or-explicit-frontend-gaps-firefox\error-context.md

    Error Context: test-results\playwright-33776-c04f232c-1835-40e3-adf1-f722ec05f683\vertical-slices-fe022-flow-22554-s-or-explicit-frontend-gaps-firefox\error-context.md

    attachment #3: trace (application/zip) ─────────────────────────────────────────────────────────
    test-results\playwright-33776-c04f232c-1835-40e3-adf1-f722ec05f683\vertical-slices-fe022-flow-22554-s-or-explicit-frontend-gaps-firefox\trace.zip
    Usage:

        npx playwright show-trace test-results\playwright-33776-c04f232c-1835-40e3-adf1-f722ec05f683\vertical-slices-fe022-flow-22554-s-or-explicit-frontend-gaps-firefox\trace.zip

    ────────────────────────────────────────────────────────────────────────────────────────────────

  83 failed
    [chromium] › tests\accessibility\routes.spec.ts:17:1 › all canonical routes pass whole-page WCAG 2.1 A/AA axe checks in the React demo 
    [chromium] › tests\artifacts\demo-preview.spec.ts:104:1 › a thousand synthetic customers remain API-paginated in the built demo artifact 
    [chromium] › tests\fe009.spec.ts:211:1 › FE009.B06 after-sale cases only link orders loaded for the selected customer and customer profile shows their shipment 
    [chromium] › tests\fe009.spec.ts:243:1 › team invitation and membership revoke stay shop-scoped and protect the active owner 
    [chromium] › tests\fe010.spec.ts:180:1 › CSV preview reports row-level errors and commits only valid product rows 
    [chromium] › tests\fe010.spec.ts:252:1 › import validation token is rejected with 412 after catalog changes and the preview remains visible 
    [chromium] › tests\fe011.spec.ts:95:1 › FE011.AC03 conflict and insufficient stock preserve the draft and never update optimistically 
    [chromium] › tests\fe013.spec.ts:42:1 › FE013.C04 shipping preview distinguishes missing address, unserviceable zone, and expired mock quote 
    [chromium] › tests\fe013.spec.ts:67:1 › FE013.AC01–AC04 stale claim conflict is visible; pick, pack, dispatch and delivery use current API versions once 
    [chromium] › tests\fe014.spec.ts:217:1 › FE014.S03 manager without procurement.receive cannot open receipt actions 
    [chromium] › tests\fe014.spec.ts:237:1 › FE014.AC03 partial receipt posts only accepted units to synthetic stock and payable once 
    [chromium] › tests\fe014.spec.ts:308:1 › FE014.D03/D04/D07 replenishment uses min-max rules, labels forecast limits, and blocks duplicate proposals 
    [chromium] › tests\fe015.spec.ts:247:1 › FE015.AC02 closed accounting period is visible and disables journal draft creation 
    [chromium] › tests\fe016.spec.ts:645:1 › FE016.AC01 takeover and reply use current versions and show API send state without claiming delivery 
    [chromium] › tests\fe016.spec.ts:672:1 › FE016.AC02 internal notes render HTML-like text inert and feedback creates only a review draft 
    [chromium] › tests\fe016.spec.ts:726:1 › FE016.AC04 role without customer/order permissions cannot open those cross-module references 
    [chromium] › tests\fe017.spec.ts:244:1 › FE017.AC05 manager sees knowledge read-only and synthetic API rejects purpose-specific upload and publish 
    [chromium] › tests\fe018.spec.ts:147:1 › FE018.AC01/04 draft saves use the contract version and keep human order confirmation locked after a conflict 
    [chromium] › tests\fe020.spec.ts:178:1 › FE020.F05 delegation rule preview stays local and grants no API approval capability 
    [chromium] › tests\frontend-corrections.spec.ts:98:1 › F05 keeps text typed while a previous internal note is pending 
    [chromium] › tests\frontend-corrections.spec.ts:191:1 › F01 shop settings merges a server-only locale change and preserves edits typed during save 
    [chromium] › tests\frontend-corrections.spec.ts:300:1 › F05 keeps mode changes and unknown sends, locks another send, and observes recovery-registry completion 
    [chromium] › tests\frontend-corrections.spec.ts:426:1 › F08 privacy bounds reject invalid days and long jurisdiction before HTTP 
    [chromium] › tests\route-role-matrix.spec.ts:44:1 › route read access matches canonical permissions for every demo role 
    [chromium] › tests\security.spec.ts:90:1 › mock uploads require a purpose, enforce its role, and fingerprint file content for retries 
    [chromium] › tests\states\route-error-composition.spec.ts:28:1 › every shop route composes the shared API error state with its page content 
    [chromium] › tests\ui-density-layout.spec.ts:22:1 › density divided facts list has one row inset and no additional inter-row gap 
    [chromium] › tests\ui-panel-layout.spec.ts:15:1 › the titled Fulfillment Panel owns its body inset and keeps one 12px header boundary 
    [chromium] › tests\ui-procurement-layout.spec.ts:69:1 › Procurement supplier, offer, rule, purchase and receipt dialogs fit narrow and desktop viewports without writes 
    [chromium] › tests\ui-width-layout.spec.ts:104:1 › W02 full-width form groups fill their panel and retain input/mapping/shipping behavior 
    [chromium] › tests\ui-width-layout.spec.ts:162:1 › W04 detail rows stay atomic in divided rhythm and plain containers 
    [chromium] › tests\ui007-query-states.spec.ts:114:1 › UI007 supplier and offer failures keep purchase suggestions visible and have operation-specific recovery 
    [chromium] › tests\ui007-query-states.spec.ts:150:1 › UI007 auto-send budget query is lazy, permission-aware, and blocks an unverified budget 
    [chromium] › tests\ui008-integration-empty.spec.ts:75:1 › UI008 R29 read-only bot_admin sees the empty state without a manage action 
    [chromium] › tests\ui008-integration-empty.spec.ts:161:1 › UI008 R30 read-only bot_admin sees the empty state without an add action 
    [chromium] › tests\ui012-keyboard.spec.ts:314:1 › UI012 long BotConfig policy literal wraps inside its alert at a 320 CSS-pixel viewport 
    [chromium] › tests\ui021-permission-edge.spec.ts:4:1 › privacy page keeps the customers link when the destination permission is present 
    [chromium] › tests\ui021-permission-edge.spec.ts:19:1 › privacy page hides the customers link when the destination permission is missing 
    [chromium] › tests\ui028-w25-reports-layout.spec.ts:16:1 › UI028.W25 Reports semantic spacing stays stable at mobile, tablet and desktop widths 
    [chromium] › tests\vertical-slices\fe022-flows.spec.ts:92:1 › FE022.VS02 procurement → approval → receipt → stock and payable preserves the purchase identity 
    [chromium] › tests\vertical-slices\fe022-flows.spec.ts:168:1 › FE022.VS03 finance → reconciliation retains bank transaction and partial debt allocation 
    [chromium] › tests\vertical-slices\fe022-flows.spec.ts:246:1 › FE022.S05 route and feature matrix covers canonical IDs with executed cases or explicit frontend gaps 
    [firefox] › tests\accessibility\routes.spec.ts:17:1 › all canonical routes pass whole-page WCAG 2.1 A/AA axe checks in the React demo 
    [firefox] › tests\artifacts\demo-preview.spec.ts:104:1 › a thousand synthetic customers remain API-paginated in the built demo artifact 
    [firefox] › tests\fe009.spec.ts:211:1 › FE009.B06 after-sale cases only link orders loaded for the selected customer and customer profile shows their shipment 
    [firefox] › tests\fe009.spec.ts:243:1 › team invitation and membership revoke stay shop-scoped and protect the active owner 
    [firefox] › tests\fe010.spec.ts:180:1 › CSV preview reports row-level errors and commits only valid product rows 
    [firefox] › tests\fe010.spec.ts:252:1 › import validation token is rejected with 412 after catalog changes and the preview remains visible 
    [firefox] › tests\fe011.spec.ts:95:1 › FE011.AC03 conflict and insufficient stock preserve the draft and never update optimistically 
    [firefox] › tests\fe013.spec.ts:42:1 › FE013.C04 shipping preview distinguishes missing address, unserviceable zone, and expired mock quote 
    [firefox] › tests\fe013.spec.ts:67:1 › FE013.AC01–AC04 stale claim conflict is visible; pick, pack, dispatch and delivery use current API versions once 
    [firefox] › tests\fe014.spec.ts:217:1 › FE014.S03 manager without procurement.receive cannot open receipt actions 
    [firefox] › tests\fe014.spec.ts:237:1 › FE014.AC03 partial receipt posts only accepted units to synthetic stock and payable once 
    [firefox] › tests\fe014.spec.ts:308:1 › FE014.D03/D04/D07 replenishment uses min-max rules, labels forecast limits, and blocks duplicate proposals 
    [firefox] › tests\fe015.spec.ts:247:1 › FE015.AC02 closed accounting period is visible and disables journal draft creation 
    [firefox] › tests\fe016.spec.ts:645:1 › FE016.AC01 takeover and reply use current versions and show API send state without claiming delivery 
    [firefox] › tests\fe016.spec.ts:672:1 › FE016.AC02 internal notes render HTML-like text inert and feedback creates only a review draft 
    [firefox] › tests\fe016.spec.ts:726:1 › FE016.AC04 role without customer/order permissions cannot open those cross-module references 
    [firefox] › tests\fe017.spec.ts:244:1 › FE017.AC05 manager sees knowledge read-only and synthetic API rejects purpose-specific upload and publish 
    [firefox] › tests\fe018.spec.ts:147:1 › FE018.AC01/04 draft saves use the contract version and keep human order confirmation locked after a conflict 
    [firefox] › tests\fe020.spec.ts:178:1 › FE020.F05 delegation rule preview stays local and grants no API approval capability 
    [firefox] › tests\frontend-corrections.spec.ts:98:1 › F05 keeps text typed while a previous internal note is pending 
    [firefox] › tests\frontend-corrections.spec.ts:191:1 › F01 shop settings merges a server-only locale change and preserves edits typed during save 
    [firefox] › tests\frontend-corrections.spec.ts:300:1 › F05 keeps mode changes and unknown sends, locks another send, and observes recovery-registry completion 
    [firefox] › tests\frontend-corrections.spec.ts:426:1 › F08 privacy bounds reject invalid days and long jurisdiction before HTTP 
    [firefox] › tests\route-role-matrix.spec.ts:44:1 › route read access matches canonical permissions for every demo role 
    [firefox] › tests\security.spec.ts:90:1 › mock uploads require a purpose, enforce its role, and fingerprint file content for retries 
    [firefox] › tests\states\route-error-composition.spec.ts:28:1 › every shop route composes the shared API error state with its page content 
    [firefox] › tests\ui-density-layout.spec.ts:22:1 › density divided facts list has one row inset and no additional inter-row gap 
    [firefox] › tests\ui-panel-layout.spec.ts:15:1 › the titled Fulfillment Panel owns its body inset and keeps one 12px header boundary 
    [firefox] › tests\ui-procurement-layout.spec.ts:69:1 › Procurement supplier, offer, rule, purchase and receipt dialogs fit narrow and desktop viewports without writes 
    [firefox] › tests\ui-width-layout.spec.ts:104:1 › W02 full-width form groups fill their panel and retain input/mapping/shipping behavior 
    [firefox] › tests\ui-width-layout.spec.ts:162:1 › W04 detail rows stay atomic in divided rhythm and plain containers 
    [firefox] › tests\ui007-query-states.spec.ts:114:1 › UI007 supplier and offer failures keep purchase suggestions visible and have operation-specific recovery 
    [firefox] › tests\ui007-query-states.spec.ts:150:1 › UI007 auto-send budget query is lazy, permission-aware, and blocks an unverified budget 
    [firefox] › tests\ui008-integration-empty.spec.ts:75:1 › UI008 R29 read-only bot_admin sees the empty state without a manage action 
    [firefox] › tests\ui008-integration-empty.spec.ts:161:1 › UI008 R30 read-only bot_admin sees the empty state without an add action 
    [firefox] › tests\ui012-keyboard.spec.ts:314:1 › UI012 long BotConfig policy literal wraps inside its alert at a 320 CSS-pixel viewport 
    [firefox] › tests\ui021-permission-edge.spec.ts:4:1 › privacy page keeps the customers link when the destination permission is present 
    [firefox] › tests\ui021-permission-edge.spec.ts:19:1 › privacy page hides the customers link when the destination permission is missing 
    [firefox] › tests\vertical-slices\fe022-flows.spec.ts:92:1 › FE022.VS02 procurement → approval → receipt → stock and payable preserves the purchase identity 
    [firefox] › tests\vertical-slices\fe022-flows.spec.ts:168:1 › FE022.VS03 finance → reconciliation retains bank transaction and partial debt allocation 
    [firefox] › tests\vertical-slices\fe022-flows.spec.ts:246:1 › FE022.S05 route and feature matrix covers canonical IDs with executed cases or explicit frontend gaps 
  609 passed (2.4h)
