2026-10-10T03:32:41.0806142Z Current runner version: '2.337.0'
2026-10-10T03:32:41.0832304Z ##[group]Runner Image Provisioner
2026-10-10T03:32:41.0833359Z Hosted Compute Agent
2026-10-10T03:32:41.0834026Z Version: 20261002.596
2026-10-10T03:32:41.0834775Z Commit: c3d12f3313a95f25162a1503be624f3b0617f8c0
2026-10-10T03:32:41.0835540Z Build Date: 2026-10-02T22:28:27Z
2026-10-10T03:32:41.0836926Z Worker ID: {05a48dd2-e373-4d5e-894a-cd60f32707dd}
2026-10-10T03:32:41.0838282Z Region: southcentralus
2026-10-10T03:32:41.0838907Z Cloud: Azure
2026-10-10T03:32:41.0839477Z ##[endgroup]
2026-10-10T03:32:41.0841092Z ##[group]Operating System
2026-10-10T03:32:41.0841781Z Ubuntu
2026-10-10T03:32:41.0842474Z 24.04.5
2026-10-10T03:32:41.0842978Z LTS
2026-10-10T03:32:41.0843524Z ##[endgroup]
2026-10-10T03:32:41.0844097Z ##[group]Runner Image
2026-10-10T03:32:41.0844724Z Image: ubuntu-24.04
2026-10-10T03:32:41.0845338Z Version: 20261004.327.1
2026-10-10T03:32:41.0847064Z Included Software: https://github.com/actions/runner-images/blob/ubuntu24/20261004.327/images/ubuntu/Ubuntu2404-Readme.md
2026-10-10T03:32:41.0848776Z Image Release: https://github.com/actions/runner-images/releases/tag/ubuntu24%2F20261004.327
2026-10-10T03:32:41.0849768Z ##[endgroup]
2026-10-10T03:32:41.0850936Z ##[group]GITHUB_TOKEN Permissions
2026-10-10T03:32:41.0853206Z Contents: read
2026-10-10T03:32:41.0853921Z Metadata: read
2026-10-10T03:32:41.0854520Z ##[endgroup]
2026-10-10T03:32:41.0857131Z Secret source: Actions
2026-10-10T03:32:41.0858205Z Cache mode: write
2026-10-10T03:32:41.0859257Z Prepare workflow directory
2026-10-10T03:32:41.1273308Z Prepare all required actions
2026-10-10T03:32:41.1320426Z Getting action download info
2026-10-10T03:32:41.4310358Z Download action repository 'actions/checkout@3d3c42e5aac5ba805825da76410c181273ba90b1' (SHA:3d3c42e5aac5ba805825da76410c181273ba90b1)
2026-10-10T03:32:41.5325281Z Download action repository 'actions/setup-node@820762786026740c76f36085b0efc47a31fe5020' (SHA:820762786026740c76f36085b0efc47a31fe5020)
2026-10-10T03:32:41.6503772Z Download action repository 'actions/upload-artifact@043fb46d1a93c77aae656e7c1c64a875d1fc6a0a' (SHA:043fb46d1a93c77aae656e7c1c64a875d1fc6a0a)
2026-10-10T03:32:41.8647483Z Complete job name: verify (chromium)
2026-10-10T03:32:41.9360244Z ##[group]Run actions/checkout@3d3c42e5aac5ba805825da76410c181273ba90b1
2026-10-10T03:32:41.9361623Z with:
2026-10-10T03:32:41.9362131Z   repository: LonelyTraderBay/Bot-AI-Ban-hang-FB
2026-10-10T03:32:41.9366291Z   token: ***
2026-10-10T03:32:41.9366722Z   ssh-strict: true
2026-10-10T03:32:41.9367141Z   ssh-user: git
2026-10-10T03:32:41.9367572Z   persist-credentials: true
2026-10-10T03:32:41.9368058Z   clean: true
2026-10-10T03:32:41.9368493Z   sparse-checkout-cone-mode: true
2026-10-10T03:32:41.9369006Z   fetch-depth: 1
2026-10-10T03:32:41.9369431Z   fetch-tags: false
2026-10-10T03:32:41.9369867Z   show-progress: true
2026-10-10T03:32:41.9370310Z   lfs: false
2026-10-10T03:32:41.9370707Z   submodules: false
2026-10-10T03:32:41.9371150Z   set-safe-directory: true
2026-10-10T03:32:41.9371671Z   allow-unsafe-pr-checkout: false
2026-10-10T03:32:41.9372508Z ##[endgroup]
2026-10-10T03:32:42.0366344Z Syncing repository: LonelyTraderBay/Bot-AI-Ban-hang-FB
2026-10-10T03:32:42.0369397Z ##[group]Getting Git version info
2026-10-10T03:32:42.0370906Z Working directory is '/home/runner/work/Bot-AI-Ban-hang-FB/Bot-AI-Ban-hang-FB'
2026-10-10T03:32:42.0372983Z [command]/usr/bin/git version
2026-10-10T03:32:42.0449778Z git version 2.55.0
2026-10-10T03:32:42.0479330Z ##[endgroup]
2026-10-10T03:32:42.0507659Z Temporarily overriding HOME='/home/runner/work/_temp/e6c7d6a4-9aed-4bb8-9383-c31d9df002a5' before making global git config changes
2026-10-10T03:32:42.0510568Z Adding repository directory to the temporary git global config as a safe directory
2026-10-10T03:32:42.0512815Z [command]/usr/bin/git config --global --add safe.directory /home/runner/work/Bot-AI-Ban-hang-FB/Bot-AI-Ban-hang-FB
2026-10-10T03:32:42.0569121Z Deleting the contents of '/home/runner/work/Bot-AI-Ban-hang-FB/Bot-AI-Ban-hang-FB'
2026-10-10T03:32:42.0573556Z ##[group]Determining repository object format
2026-10-10T03:32:42.0575299Z ##[endgroup]
2026-10-10T03:32:42.0576928Z ##[group]Initializing the repository
2026-10-10T03:32:42.0581814Z [command]/usr/bin/git init /home/runner/work/Bot-AI-Ban-hang-FB/Bot-AI-Ban-hang-FB
2026-10-10T03:32:42.0707427Z hint: Using 'master' as the name for the initial branch. This default branch name
2026-10-10T03:32:42.0709554Z hint: will change to "main" in Git 3.0. To configure the initial branch name
2026-10-10T03:32:42.0711176Z hint: to use in all of your new repositories, which will suppress this warning,
2026-10-10T03:32:42.0712429Z hint: call:
2026-10-10T03:32:42.0713005Z hint:
2026-10-10T03:32:42.0713541Z hint: 	git config --global init.defaultBranch <name>
2026-10-10T03:32:42.0714150Z hint:
2026-10-10T03:32:42.0714738Z hint: Names commonly chosen instead of 'master' are 'main', 'trunk' and
2026-10-10T03:32:42.0715668Z hint: 'development'. The just-created branch can be renamed via this command:
2026-10-10T03:32:42.0716842Z hint:
2026-10-10T03:32:42.0717274Z hint: 	git branch -m <name>
2026-10-10T03:32:42.0717752Z hint:
2026-10-10T03:32:42.0718391Z hint: Disable this message with "git config set advice.defaultBranchName false"
2026-10-10T03:32:42.0719505Z Initialized empty Git repository in /home/runner/work/Bot-AI-Ban-hang-FB/Bot-AI-Ban-hang-FB/.git/
2026-10-10T03:32:42.0740454Z [command]/usr/bin/git remote add origin https://github.com/LonelyTraderBay/Bot-AI-Ban-hang-FB
2026-10-10T03:32:42.0775308Z ##[endgroup]
2026-10-10T03:32:42.0776549Z ##[group]Disabling automatic garbage collection
2026-10-10T03:32:42.0788430Z [command]/usr/bin/git config --local gc.auto 0
2026-10-10T03:32:42.0820330Z ##[endgroup]
2026-10-10T03:32:42.0822261Z ##[group]Setting up auth
2026-10-10T03:32:42.0823452Z Removing SSH command configuration
2026-10-10T03:32:42.0827317Z [command]/usr/bin/git config --local --name-only --get-regexp core\.sshCommand
2026-10-10T03:32:42.0869328Z [command]/usr/bin/git submodule foreach --recursive sh -c "git config --local --name-only --get-regexp 'core\.sshCommand' && git config --local --unset-all 'core.sshCommand' || :"
2026-10-10T03:32:42.1302726Z Removing HTTP extra header
2026-10-10T03:32:42.1310739Z [command]/usr/bin/git config --local --name-only --get-regexp http\.https\:\/\/github\.com\/\.extraheader
2026-10-10T03:32:42.1350903Z [command]/usr/bin/git submodule foreach --recursive sh -c "git config --local --name-only --get-regexp 'http\.https\:\/\/github\.com\/\.extraheader' && git config --local --unset-all 'http.https://github.com/.extraheader' || :"
2026-10-10T03:32:42.1600212Z Removing includeIf entries pointing to credentials config files
2026-10-10T03:32:42.1607279Z [command]/usr/bin/git config --local --name-only --get-regexp ^includeIf\.gitdir:
2026-10-10T03:32:42.1647193Z [command]/usr/bin/git submodule foreach --recursive git config --local --show-origin --name-only --get-regexp remote.origin.url
2026-10-10T03:32:42.1901680Z [command]/usr/bin/git config --file /home/runner/work/_temp/git-credentials-a9209b1d-8342-47d7-b180-232f3aee72a6.config http.https://github.com/.extraheader AUTHORIZATION: basic ***
2026-10-10T03:32:42.1943473Z [command]/usr/bin/git config --local includeIf.gitdir:/home/runner/work/Bot-AI-Ban-hang-FB/Bot-AI-Ban-hang-FB/.git.path /home/runner/work/_temp/git-credentials-a9209b1d-8342-47d7-b180-232f3aee72a6.config
2026-10-10T03:32:42.1978355Z [command]/usr/bin/git config --local includeIf.gitdir:/home/runner/work/Bot-AI-Ban-hang-FB/Bot-AI-Ban-hang-FB/.git/worktrees/*.path /home/runner/work/_temp/git-credentials-a9209b1d-8342-47d7-b180-232f3aee72a6.config
2026-10-10T03:32:42.2016624Z [command]/usr/bin/git config --local includeIf.gitdir:/github/workspace/.git.path /github/runner_temp/git-credentials-a9209b1d-8342-47d7-b180-232f3aee72a6.config
2026-10-10T03:32:42.2055478Z [command]/usr/bin/git config --local includeIf.gitdir:/github/workspace/.git/worktrees/*.path /github/runner_temp/git-credentials-a9209b1d-8342-47d7-b180-232f3aee72a6.config
2026-10-10T03:32:42.2088616Z ##[endgroup]
2026-10-10T03:32:42.2090025Z ##[group]Fetching the repository
2026-10-10T03:32:42.2096684Z [command]/usr/bin/git -c protocol.version=2 fetch --no-tags --prune --no-recurse-submodules --depth=1 origin +ad103f6765aadf312ac85ef1082823bedec25176:refs/remotes/origin/main
2026-10-10T03:32:54.4905049Z From https://github.com/LonelyTraderBay/Bot-AI-Ban-hang-FB
2026-10-10T03:32:54.4907516Z  * [new ref]         ad103f6765aadf312ac85ef1082823bedec25176 -> origin/main
2026-10-10T03:32:54.4917916Z [command]/usr/bin/git branch --list --remote origin/main
2026-10-10T03:32:54.4953788Z   origin/main
2026-10-10T03:32:54.4997355Z [command]/usr/bin/git rev-parse refs/remotes/origin/main
2026-10-10T03:32:54.5027784Z ad103f6765aadf312ac85ef1082823bedec25176
2026-10-10T03:32:54.5032144Z ##[endgroup]
2026-10-10T03:32:54.5033101Z ##[group]Determining the checkout info
2026-10-10T03:32:54.5033841Z ##[endgroup]
2026-10-10T03:32:54.5037771Z [command]/usr/bin/git sparse-checkout disable
2026-10-10T03:32:54.5286856Z [command]/usr/bin/git config --local --unset-all extensions.worktreeConfig
2026-10-10T03:32:54.5323617Z ##[group]Checking out the ref
2026-10-10T03:32:54.5327696Z [command]/usr/bin/git checkout --progress --force -B main refs/remotes/origin/main
2026-10-10T03:32:55.6444037Z Updating files:  27% (5728/20685)
2026-10-10T03:32:55.8270056Z Updating files:  28% (5792/20685)
2026-10-10T03:32:55.9112925Z Updating files:  29% (5999/20685)
2026-10-10T03:32:55.9895616Z Updating files:  30% (6206/20685)
2026-10-10T03:32:56.0599924Z Updating files:  31% (6413/20685)
2026-10-10T03:32:56.0787968Z Updating files:  32% (6620/20685)
2026-10-10T03:32:56.1336466Z Updating files:  33% (6827/20685)
2026-10-10T03:32:56.2704227Z Updating files:  34% (7033/20685)
2026-10-10T03:32:56.3042783Z Updating files:  35% (7240/20685)
2026-10-10T03:32:56.3341290Z Updating files:  36% (7447/20685)
2026-10-10T03:32:56.3920706Z Updating files:  37% (7654/20685)
2026-10-10T03:32:56.4536414Z Updating files:  38% (7861/20685)
2026-10-10T03:32:56.5064003Z Updating files:  39% (8068/20685)
2026-10-10T03:32:56.5626287Z Updating files:  40% (8274/20685)
2026-10-10T03:32:56.5811424Z Updating files:  41% (8481/20685)
2026-10-10T03:32:56.5874818Z Updating files:  42% (8688/20685)
2026-10-10T03:32:56.6360509Z Updating files:  42% (8721/20685)
2026-10-10T03:32:56.6794803Z Updating files:  43% (8895/20685)
2026-10-10T03:32:56.7341687Z Updating files:  44% (9102/20685)
2026-10-10T03:32:56.7833097Z Updating files:  45% (9309/20685)
2026-10-10T03:32:56.8034885Z Updating files:  46% (9516/20685)
2026-10-10T03:32:56.8115061Z Updating files:  47% (9722/20685)
2026-10-10T03:32:56.8329771Z Updating files:  48% (9929/20685)
2026-10-10T03:32:56.8635162Z Updating files:  49% (10136/20685)
2026-10-10T03:32:56.8903131Z Updating files:  50% (10343/20685)
2026-10-10T03:32:56.9166154Z Updating files:  51% (10550/20685)
2026-10-10T03:32:56.9266184Z Updating files:  52% (10757/20685)
2026-10-10T03:32:56.9345240Z Updating files:  53% (10964/20685)
2026-10-10T03:32:56.9946260Z Updating files:  54% (11170/20685)
2026-10-10T03:32:57.0247020Z Updating files:  55% (11377/20685)
2026-10-10T03:32:57.0598897Z Updating files:  56% (11584/20685)
2026-10-10T03:32:57.0988405Z Updating files:  57% (11791/20685)
2026-10-10T03:32:57.1677416Z Updating files:  58% (11998/20685)
2026-10-10T03:32:57.1986443Z Updating files:  59% (12205/20685)
2026-10-10T03:32:57.3652169Z Updating files:  60% (12411/20685)
2026-10-10T03:32:57.4235504Z Updating files:  61% (12618/20685)
2026-10-10T03:32:57.4465857Z Updating files:  62% (12825/20685)
2026-10-10T03:32:57.4625985Z Updating files:  63% (13032/20685)
2026-10-10T03:32:57.4794440Z Updating files:  64% (13239/20685)
2026-10-10T03:32:57.4923668Z Updating files:  65% (13446/20685)
2026-10-10T03:32:57.5064684Z Updating files:  66% (13653/20685)
2026-10-10T03:32:57.5185620Z Updating files:  67% (13859/20685)
2026-10-10T03:32:57.5302469Z Updating files:  68% (14066/20685)
2026-10-10T03:32:57.5425453Z Updating files:  69% (14273/20685)
2026-10-10T03:32:57.5542281Z Updating files:  70% (14480/20685)
2026-10-10T03:32:57.5715493Z Updating files:  71% (14687/20685)
2026-10-10T03:32:57.5880621Z Updating files:  72% (14894/20685)
2026-10-10T03:32:57.5956648Z Updating files:  72% (14996/20685)
2026-10-10T03:32:57.6132927Z Updating files:  73% (15101/20685)
2026-10-10T03:32:57.6294910Z Updating files:  74% (15307/20685)
2026-10-10T03:32:57.6471462Z Updating files:  75% (15514/20685)
2026-10-10T03:32:57.6610278Z Updating files:  76% (15721/20685)
2026-10-10T03:32:57.6758702Z Updating files:  77% (15928/20685)
2026-10-10T03:32:57.6968350Z Updating files:  78% (16135/20685)
2026-10-10T03:32:57.7121070Z Updating files:  79% (16342/20685)
2026-10-10T03:32:57.7250335Z Updating files:  80% (16548/20685)
2026-10-10T03:32:57.7373817Z Updating files:  81% (16755/20685)
2026-10-10T03:32:57.7499124Z Updating files:  82% (16962/20685)
2026-10-10T03:32:57.7645134Z Updating files:  83% (17169/20685)
2026-10-10T03:32:57.7781906Z Updating files:  84% (17376/20685)
2026-10-10T03:32:57.7899251Z Updating files:  85% (17583/20685)
2026-10-10T03:32:57.8032316Z Updating files:  86% (17790/20685)
2026-10-10T03:32:57.8162167Z Updating files:  87% (17996/20685)
2026-10-10T03:32:57.8290398Z Updating files:  88% (18203/20685)
2026-10-10T03:32:57.8411518Z Updating files:  89% (18410/20685)
2026-10-10T03:32:57.8534742Z Updating files:  90% (18617/20685)
2026-10-10T03:32:57.8660871Z Updating files:  91% (18824/20685)
2026-10-10T03:32:57.8794838Z Updating files:  92% (19031/20685)
2026-10-10T03:32:57.8908460Z Updating files:  93% (19238/20685)
2026-10-10T03:32:57.9085526Z Updating files:  94% (19444/20685)
2026-10-10T03:32:57.9458502Z Updating files:  95% (19651/20685)
2026-10-10T03:32:57.9600427Z Updating files:  96% (19858/20685)
2026-10-10T03:32:58.0034736Z Updating files:  97% (20065/20685)
2026-10-10T03:32:58.0200686Z Updating files:  98% (20272/20685)
2026-10-10T03:32:58.0677270Z Updating files:  99% (20479/20685)
2026-10-10T03:32:58.0677927Z Updating files: 100% (20685/20685)
2026-10-10T03:32:58.0678427Z Updating files: 100% (20685/20685), done.
2026-10-10T03:32:58.0903041Z Switched to a new branch 'main'
2026-10-10T03:32:58.0910226Z branch 'main' set up to track 'origin/main'.
2026-10-10T03:32:58.1033521Z ##[endgroup]
2026-10-10T03:32:58.1083929Z [command]/usr/bin/git log -1 --format=%H
2026-10-10T03:32:58.1114207Z ad103f6765aadf312ac85ef1082823bedec25176
2026-10-10T03:32:58.1381476Z ##[group]Run actions/setup-node@820762786026740c76f36085b0efc47a31fe5020
2026-10-10T03:32:58.1381882Z with:
2026-10-10T03:32:58.1382082Z   node-version: 24
2026-10-10T03:32:58.1382291Z   cache: npm
2026-10-10T03:32:58.1382575Z   cache-dependency-path: BotSalesAI_Frontend/package-lock.json
2026-10-10T03:32:58.1382928Z   check-latest: false
2026-10-10T03:32:58.1385378Z   token: ***
2026-10-10T03:32:58.1385598Z   package-manager-cache: true
2026-10-10T03:32:58.1386152Z ##[endgroup]
2026-10-10T03:32:58.2629361Z Found in cache @ /opt/hostedtoolcache/node/24.21.0/x64
2026-10-10T03:32:58.2632075Z ##[group]Environment details
2026-10-10T03:32:58.6746638Z node: v24.21.0
2026-10-10T03:32:58.6747129Z npm: 11.19.0
2026-10-10T03:32:58.6747473Z yarn: 1.22.22
2026-10-10T03:32:58.6748815Z ##[endgroup]
2026-10-10T03:32:58.6768005Z [command]/opt/hostedtoolcache/node/24.21.0/x64/bin/npm config get cache
2026-10-10T03:32:58.7847705Z /home/runner/.npm
2026-10-10T03:32:58.9558642Z npm cache is not found
2026-10-10T03:32:58.9690166Z ##[group]Run npm install --global npm@11.17.0
2026-10-10T03:32:58.9690571Z [36;1mnpm install --global npm@11.17.0[0m
2026-10-10T03:32:58.9988765Z shell: /usr/bin/bash -e {0}
2026-10-10T03:32:58.9989059Z ##[endgroup]
2026-10-10T03:33:02.8673545Z 
2026-10-10T03:33:02.8680072Z changed 19 packages in 4s
2026-10-10T03:33:02.8680329Z 
2026-10-10T03:33:02.8680548Z 15 packages are looking for funding
2026-10-10T03:33:02.8680892Z   run `npm fund` for details
2026-10-10T03:33:02.9177263Z ##[group]Run test -f package-lock.json || (echo 'Run npm install on an authorized online machine and commit the generated lockfile.' && exit 1)
2026-10-10T03:33:02.9178445Z [36;1mtest -f package-lock.json || (echo 'Run npm install on an authorized online machine and commit the generated lockfile.' && exit 1)[0m
2026-10-10T03:33:02.9244163Z shell: /usr/bin/bash -e {0}
2026-10-10T03:33:02.9244432Z ##[endgroup]
2026-10-10T03:33:02.9360809Z ##[group]Run npm ci
2026-10-10T03:33:02.9361071Z [36;1mnpm ci[0m
2026-10-10T03:33:02.9421123Z shell: /usr/bin/bash -e {0}
2026-10-10T03:33:02.9421379Z ##[endgroup]
2026-10-10T03:33:04.3250214Z npm warn deprecated whatwg-encoding@3.1.1: Use @exodus/bytes instead for a more spec-conformant and faster implementation
2026-10-10T03:33:09.4401058Z npm warn deprecated eslint@9.34.0: This version is no longer supported. Please see https://eslint.org/version-support for other options.
2026-10-10T03:33:18.0952503Z 
2026-10-10T03:33:18.0953235Z added 411 packages, and audited 413 packages in 15s
2026-10-10T03:33:18.0953601Z 
2026-10-10T03:33:18.0954526Z 86 packages are looking for funding
2026-10-10T03:33:18.0955952Z   run `npm fund` for details
2026-10-10T03:33:18.0968226Z 
2026-10-10T03:33:18.0968728Z found 0 vulnerabilities
2026-10-10T03:33:18.0981029Z npm warn allow-scripts 2 packages have install scripts not yet covered by allowScripts:
2026-10-10T03:33:18.0982311Z npm warn allow-scripts   esbuild@0.28.2 (postinstall: node install.js)
2026-10-10T03:33:18.0983823Z npm warn allow-scripts   msw@2.11.1 (postinstall: node -e "import('./config/scripts/postinstall.js').catch(() => void 0)")
2026-10-10T03:33:18.0984910Z npm warn allow-scripts
2026-10-10T03:33:18.0986526Z npm warn allow-scripts Run `npm approve-scripts --allow-scripts-pending` to review, or `npm approve-scripts <pkg>` to allow.
2026-10-10T03:33:18.1457772Z ##[group]Run npm audit --audit-level=low
2026-10-10T03:33:18.1458141Z [36;1mnpm audit --audit-level=low[0m
2026-10-10T03:33:18.1521684Z shell: /usr/bin/bash -e {0}
2026-10-10T03:33:18.1521945Z ##[endgroup]
2026-10-10T03:33:18.6599278Z found 0 vulnerabilities
2026-10-10T03:33:18.6728020Z ##[group]Run npm run setup
2026-10-10T03:33:18.6728339Z [36;1mnpm run setup[0m
2026-10-10T03:33:18.6792795Z shell: /usr/bin/bash -e {0}
2026-10-10T03:33:18.6793064Z ##[endgroup]
2026-10-10T03:33:18.7800291Z 
2026-10-10T03:33:18.7801039Z > botsales-frontend@0.1.0 setup
2026-10-10T03:33:18.7801695Z > node scripts/setup.mjs
2026-10-10T03:33:18.7801989Z 
2026-10-10T03:33:18.9987016Z {"status":"PASS","outputs":15,"schemas":346,"operations":245,"routes":61}
2026-10-10T03:33:19.0924192Z Copying the worker script at "/home/runner/work/Bot-AI-Ban-hang-FB/Bot-AI-Ban-hang-FB/BotSalesAI_Frontend/apps/web/public"...
2026-10-10T03:33:19.0966470Z 
2026-10-10T03:33:19.0967474Z [32mWorker script successfully copied![39m
2026-10-10T03:33:19.0967901Z [90m  - public
2026-10-10T03:33:19.0968191Z [39m
2026-10-10T03:33:19.0968601Z Continue by describing the network in your application:
2026-10-10T03:33:19.0969037Z 
2026-10-10T03:33:19.0969049Z 
2026-10-10T03:33:19.0969597Z [31m[1mhttps://mswjs.io/docs/quick-start[22m[39m
2026-10-10T03:33:19.0970076Z 
2026-10-10T03:33:19.1032764Z Thiết lập xong. npm run dev chạy frontend mô phỏng; không kết nối khách hàng hoặc provider thật.
2026-10-10T03:33:19.1216429Z ##[group]Run npx playwright install --with-deps chromium firefox
2026-10-10T03:33:19.1216964Z [36;1mnpx playwright install --with-deps chromium firefox[0m
2026-10-10T03:33:19.1278721Z shell: /usr/bin/bash -e {0}
2026-10-10T03:33:19.1278984Z ##[endgroup]
2026-10-10T03:33:19.8664040Z Installing dependencies...
2026-10-10T03:33:19.8762967Z Switching to root user to install dependencies...
2026-10-10T03:33:19.9757417Z Get:1 file:/etc/apt/apt-mirrors.txt Mirrorlist [144 B]
2026-10-10T03:33:20.0138385Z Hit:2 http://azure.archive.ubuntu.com/ubuntu noble InRelease
2026-10-10T03:33:20.0139735Z Get:6 https://packages.microsoft.com/ubuntu/24.04/prod noble InRelease [3600 B]
2026-10-10T03:33:20.0162855Z Get:3 http://azure.archive.ubuntu.com/ubuntu noble-updates InRelease [126 kB]
2026-10-10T03:33:20.0216737Z Get:4 http://azure.archive.ubuntu.com/ubuntu noble-backports InRelease [126 kB]
2026-10-10T03:33:20.0246930Z Get:5 http://azure.archive.ubuntu.com/ubuntu noble-security InRelease [126 kB]
2026-10-10T03:33:20.1442229Z Get:7 https://packages.microsoft.com/ubuntu/24.04/prod noble/main armhf Packages [12.3 kB]
2026-10-10T03:33:20.1558020Z Get:8 https://packages.microsoft.com/ubuntu/24.04/prod noble/main amd64 Packages [548 kB]
2026-10-10T03:33:20.1676978Z Get:9 https://packages.microsoft.com/ubuntu/24.04/prod noble/main all Packages [640 B]
2026-10-10T03:33:20.1711161Z Get:10 https://packages.microsoft.com/ubuntu/24.04/prod noble/main arm64 Packages [492 kB]
2026-10-10T03:33:20.1970960Z Get:11 http://azure.archive.ubuntu.com/ubuntu noble-updates/main amd64 Packages [1375 kB]
2026-10-10T03:33:20.2057154Z Get:12 http://azure.archive.ubuntu.com/ubuntu noble-updates/main Translation-en [306 kB]
2026-10-10T03:33:20.2081210Z Get:13 http://azure.archive.ubuntu.com/ubuntu noble-updates/universe amd64 Packages [1702 kB]
2026-10-10T03:33:20.2169257Z Get:14 http://azure.archive.ubuntu.com/ubuntu noble-updates/universe Translation-en [342 kB]
2026-10-10T03:33:20.2196189Z Get:15 http://azure.archive.ubuntu.com/ubuntu noble-updates/restricted amd64 Packages [1761 kB]
2026-10-10T03:33:20.2287611Z Get:16 http://azure.archive.ubuntu.com/ubuntu noble-updates/restricted Translation-en [401 kB]
2026-10-10T03:33:20.2317414Z Get:17 http://azure.archive.ubuntu.com/ubuntu noble-updates/multiverse amd64 Packages [55.0 kB]
2026-10-10T03:33:20.2333354Z Get:18 http://azure.archive.ubuntu.com/ubuntu noble-updates/multiverse Translation-en [14.3 kB]
2026-10-10T03:33:20.3035119Z Get:19 http://azure.archive.ubuntu.com/ubuntu noble-security/main amd64 Packages [1121 kB]
2026-10-10T03:33:20.3098186Z Get:20 http://azure.archive.ubuntu.com/ubuntu noble-security/main Translation-en [228 kB]
2026-10-10T03:33:20.3583045Z Get:21 http://azure.archive.ubuntu.com/ubuntu noble-security/universe amd64 Packages [1220 kB]
2026-10-10T03:33:20.3646194Z Get:22 http://azure.archive.ubuntu.com/ubuntu noble-security/universe Translation-en [245 kB]
2026-10-10T03:33:20.3689277Z Get:23 http://azure.archive.ubuntu.com/ubuntu noble-security/restricted amd64 Packages [1669 kB]
2026-10-10T03:33:20.3751386Z Get:24 http://azure.archive.ubuntu.com/ubuntu noble-security/restricted Translation-en [383 kB]
2026-10-10T03:33:20.3777248Z Get:25 http://azure.archive.ubuntu.com/ubuntu noble-security/multiverse amd64 Packages [49.8 kB]
2026-10-10T03:33:20.3789642Z Get:26 http://azure.archive.ubuntu.com/ubuntu noble-security/multiverse Translation-en [12.4 kB]
2026-10-10T03:33:23.1948374Z Fetched 12.3 MB in 1s (9846 kB/s)
2026-10-10T03:33:24.0769705Z Reading package lists...
2026-10-10T03:33:24.1006284Z Reading package lists...
2026-10-10T03:33:24.2831814Z Building dependency tree...
2026-10-10T03:33:24.2842491Z Reading state information...
2026-10-10T03:33:24.4321076Z libasound2t64 is already the newest version (1.2.11-1ubuntu0.3).
2026-10-10T03:33:24.4321988Z libasound2t64 set to manually installed.
2026-10-10T03:33:24.4323037Z libatk-bridge2.0-0t64 is already the newest version (2.52.0-1build1).
2026-10-10T03:33:24.4324689Z libatk-bridge2.0-0t64 set to manually installed.
2026-10-10T03:33:24.4326205Z libatk1.0-0t64 is already the newest version (2.52.0-1build1).
2026-10-10T03:33:24.4327176Z libatk1.0-0t64 set to manually installed.
2026-10-10T03:33:24.4328231Z libatspi2.0-0t64 is already the newest version (2.52.0-1build1).
2026-10-10T03:33:24.4329176Z libatspi2.0-0t64 set to manually installed.
2026-10-10T03:33:24.4329978Z libcairo2 is already the newest version (1.18.0-3build1).
2026-10-10T03:33:24.4330672Z libcairo2 set to manually installed.
2026-10-10T03:33:24.4331405Z libcups2t64 is already the newest version (2.4.7-1.2ubuntu7.14).
2026-10-10T03:33:24.4332218Z libcups2t64 set to manually installed.
2026-10-10T03:33:24.4332949Z libdbus-1-3 is already the newest version (1.14.10-4ubuntu4.1).
2026-10-10T03:33:24.4333652Z libdbus-1-3 set to manually installed.
2026-10-10T03:33:24.4334410Z libdrm2 is already the newest version (2.4.125-1ubuntu0.1~24.04.2).
2026-10-10T03:33:24.4335366Z libdrm2 set to manually installed.
2026-10-10T03:33:24.4336316Z libgbm1 is already the newest version (25.2.8-0ubuntu0.24.04.4).
2026-10-10T03:33:24.4337008Z libgbm1 set to manually installed.
2026-10-10T03:33:24.4337731Z libglib2.0-0t64 is already the newest version (2.80.0-6ubuntu3.9).
2026-10-10T03:33:24.4338496Z libglib2.0-0t64 set to manually installed.
2026-10-10T03:33:24.4339135Z libnspr4 is already the newest version (2:4.35-1.1build1).
2026-10-10T03:33:24.4339555Z libnspr4 set to manually installed.
2026-10-10T03:33:24.4339950Z libnss3 is already the newest version (2:3.98-1ubuntu0.2).
2026-10-10T03:33:24.4340325Z libnss3 set to manually installed.
2026-10-10T03:33:24.4340742Z libpango-1.0-0 is already the newest version (1.52.1+ds-1build1).
2026-10-10T03:33:24.4341168Z libpango-1.0-0 set to manually installed.
2026-10-10T03:33:24.4341570Z libx11-6 is already the newest version (2:1.8.7-1build1).
2026-10-10T03:33:24.4341956Z libx11-6 set to manually installed.
2026-10-10T03:33:24.4342332Z libxcb1 is already the newest version (1.15-1ubuntu2).
2026-10-10T03:33:24.4342689Z libxcb1 set to manually installed.
2026-10-10T03:33:24.4343096Z libxcomposite1 is already the newest version (1:0.4.5-1build3).
2026-10-10T03:33:24.4343508Z libxcomposite1 set to manually installed.
2026-10-10T03:33:24.4343919Z libxdamage1 is already the newest version (1:1.1.6-1build1).
2026-10-10T03:33:24.4344307Z libxdamage1 set to manually installed.
2026-10-10T03:33:24.4344695Z libxext6 is already the newest version (2:1.3.4-1build2).
2026-10-10T03:33:24.4345067Z libxext6 set to manually installed.
2026-10-10T03:33:24.4345474Z libxfixes3 is already the newest version (1:6.0.0-2build1).
2026-10-10T03:33:24.4346361Z libxfixes3 set to manually installed.
2026-10-10T03:33:24.4346782Z libxkbcommon0 is already the newest version (1.6.0-1build1).
2026-10-10T03:33:24.4347186Z libxkbcommon0 set to manually installed.
2026-10-10T03:33:24.4347590Z libxrandr2 is already the newest version (2:1.5.2-2build1).
2026-10-10T03:33:24.4347981Z libxrandr2 set to manually installed.
2026-10-10T03:33:24.4348384Z xvfb is already the newest version (2:21.1.12-1ubuntu1.8).
2026-10-10T03:33:24.4348923Z fonts-noto-color-emoji is already the newest version (2.047-0ubuntu0.24.04.1).
2026-10-10T03:33:24.4349483Z libfontconfig1 is already the newest version (2.15.0-1.1ubuntu2).
2026-10-10T03:33:24.4349917Z libfontconfig1 set to manually installed.
2026-10-10T03:33:24.4350341Z fonts-liberation is already the newest version (1:2.1.5-3).
2026-10-10T03:33:24.4350751Z fonts-liberation set to manually installed.
2026-10-10T03:33:24.4351193Z libcairo-gobject2 is already the newest version (1.18.0-3build1).
2026-10-10T03:33:24.4351622Z libcairo-gobject2 set to manually installed.
2026-10-10T03:33:24.4352110Z libgdk-pixbuf-2.0-0 is already the newest version (2.42.10+dfsg-3ubuntu3.3).
2026-10-10T03:33:24.4352603Z libgdk-pixbuf-2.0-0 set to manually installed.
2026-10-10T03:33:24.4353054Z libgtk-3-0t64 is already the newest version (3.24.41-4ubuntu1.3).
2026-10-10T03:33:24.4353475Z libgtk-3-0t64 set to manually installed.
2026-10-10T03:33:24.4354134Z libpangocairo-1.0-0 is already the newest version (1.52.1+ds-1build1).
2026-10-10T03:33:24.4354599Z libpangocairo-1.0-0 set to manually installed.
2026-10-10T03:33:24.4355027Z libx11-xcb1 is already the newest version (2:1.8.7-1build1).
2026-10-10T03:33:24.4355417Z libx11-xcb1 set to manually installed.
2026-10-10T03:33:24.4356072Z libxcb-shm0 is already the newest version (1.15-1ubuntu2).
2026-10-10T03:33:24.4356467Z libxcb-shm0 set to manually installed.
2026-10-10T03:33:24.4356864Z libxcursor1 is already the newest version (1:1.2.1-1build1).
2026-10-10T03:33:24.4357247Z libxcursor1 set to manually installed.
2026-10-10T03:33:24.4357619Z libxi6 is already the newest version (2:1.8.1-1build1).
2026-10-10T03:33:24.4357977Z libxi6 set to manually installed.
2026-10-10T03:33:24.4358371Z libxrender1 is already the newest version (1:0.9.10-1.1build1).
2026-10-10T03:33:24.4358864Z libxrender1 set to manually installed.
2026-10-10T03:33:24.4359438Z The following additional packages will be installed:
2026-10-10T03:33:24.4359939Z   libavutil58 libcodec2-1.2 libdav1d7 libgsm1 libhwy1t64 libjxl0.7 libmp3lame0
2026-10-10T03:33:24.4360534Z   libopus0 librav1e0 librsvg2-2 libshine3 libsoxr0 libspeex1 libsvtav1enc1d1
2026-10-10T03:33:24.4361065Z   libswresample4 libtheora0 libtwolame0 libva-drm2 libva-x11-2 libva2
2026-10-10T03:33:24.4361593Z   libvdpau1 libvorbisenc2 libvpl2 libvpx9 libx264-164 libx265-199 libxvidcore4
2026-10-10T03:33:24.4362157Z   libzvbi-common libzvbi0t64 ocl-icd-libopencl1 xfonts-encodings xfonts-utils
2026-10-10T03:33:24.4362573Z Suggested packages:
2026-10-10T03:33:24.4362934Z   libcuda1 libnvcuvid1 libnvidia-encode1 opus-tools librsvg2-bin speex
2026-10-10T03:33:24.4363302Z   opencl-icd
2026-10-10T03:33:24.4363526Z Recommended packages:
2026-10-10T03:33:24.4363900Z   fonts-ipafont-mincho fonts-tlwg-loma librsvg2-common va-driver-all
2026-10-10T03:33:24.4364331Z   | va-driver vdpau-driver-all | vdpau-driver
2026-10-10T03:33:24.4621924Z The following NEW packages will be installed:
2026-10-10T03:33:24.4622861Z   fonts-freefont-ttf fonts-ipafont-gothic fonts-tlwg-loma-otf fonts-unifont
2026-10-10T03:33:24.4624249Z   fonts-wqy-zenhei libavcodec60 libavutil58 libcodec2-1.2 libdav1d7 libgsm1
2026-10-10T03:33:24.4625433Z   libhwy1t64 libjxl0.7 libmp3lame0 libopus0 librav1e0 librsvg2-2 libshine3
2026-10-10T03:33:24.4626915Z   libsoxr0 libspeex1 libsvtav1enc1d1 libswresample4 libtheora0 libtwolame0
2026-10-10T03:33:24.4627884Z   libva-drm2 libva-x11-2 libva2 libvdpau1 libvorbisenc2 libvpl2 libvpx9
2026-10-10T03:33:24.4628742Z   libx264-164 libx265-199 libxvidcore4 libzvbi-common libzvbi0t64
2026-10-10T03:33:24.4629794Z   ocl-icd-libopencl1 xfonts-cyrillic xfonts-encodings xfonts-scalable
2026-10-10T03:33:24.4630295Z   xfonts-utils
2026-10-10T03:33:24.4634241Z The following packages will be upgraded:
2026-10-10T03:33:24.4640020Z   libfreetype6
2026-10-10T03:33:24.4813225Z 1 upgraded, 40 newly installed, 0 to remove and 22 not upgraded.
2026-10-10T03:33:24.4814017Z Need to get 49.2 MB of archives.
2026-10-10T03:33:24.4814794Z After this operation, 168 MB of additional disk space will be used.
2026-10-10T03:33:24.4815651Z Get:1 file:/etc/apt/apt-mirrors.txt Mirrorlist [144 B]
2026-10-10T03:33:24.5297178Z Get:2 http://azure.archive.ubuntu.com/ubuntu noble/universe amd64 fonts-ipafont-gothic all 00303-21ubuntu1 [3513 kB]
2026-10-10T03:33:24.5896322Z Get:3 http://azure.archive.ubuntu.com/ubuntu noble/main amd64 fonts-freefont-ttf all 20211204+svn4273-2 [5641 kB]
2026-10-10T03:33:24.6680600Z Get:4 http://azure.archive.ubuntu.com/ubuntu noble/universe amd64 fonts-tlwg-loma-otf all 1:0.7.3-1 [107 kB]
2026-10-10T03:33:24.6977669Z Get:5 http://azure.archive.ubuntu.com/ubuntu noble/universe amd64 fonts-unifont all 1:15.1.01-1build1 [2993 kB]
2026-10-10T03:33:24.7525936Z Get:6 http://azure.archive.ubuntu.com/ubuntu noble/universe amd64 fonts-wqy-zenhei all 0.9.45-8 [7472 kB]
2026-10-10T03:33:24.8476087Z Get:7 http://azure.archive.ubuntu.com/ubuntu noble-updates/universe amd64 libva2 amd64 2.20.0-2ubuntu0.2 [66.4 kB]
2026-10-10T03:33:24.8765296Z Get:8 http://azure.archive.ubuntu.com/ubuntu noble-updates/universe amd64 libva-drm2 amd64 2.20.0-2ubuntu0.2 [7124 B]
2026-10-10T03:33:24.9050074Z Get:9 http://azure.archive.ubuntu.com/ubuntu noble-updates/universe amd64 libva-x11-2 amd64 2.20.0-2ubuntu0.2 [12.0 kB]
2026-10-10T03:33:24.9336383Z Get:10 http://azure.archive.ubuntu.com/ubuntu noble/main amd64 libvdpau1 amd64 1.5-2build1 [27.8 kB]
2026-10-10T03:33:24.9626292Z Get:11 http://azure.archive.ubuntu.com/ubuntu noble/universe amd64 libvpl2 amd64 2023.3.0-1build1 [99.8 kB]
2026-10-10T03:33:24.9920584Z Get:12 http://azure.archive.ubuntu.com/ubuntu noble/universe amd64 ocl-icd-libopencl1 amd64 2.3.2-1build1 [38.5 kB]
2026-10-10T03:33:25.0212881Z Get:13 http://azure.archive.ubuntu.com/ubuntu noble/universe amd64 libavutil58 amd64 7:6.1.1-3ubuntu5 [401 kB]
2026-10-10T03:33:25.0529509Z Get:14 http://azure.archive.ubuntu.com/ubuntu noble/universe amd64 libcodec2-1.2 amd64 1.2.0-2build1 [8998 kB]
2026-10-10T03:33:25.1611915Z Get:15 http://azure.archive.ubuntu.com/ubuntu noble/universe amd64 libdav1d7 amd64 1.4.1-1build1 [604 kB]
2026-10-10T03:33:25.1948575Z Get:16 http://azure.archive.ubuntu.com/ubuntu noble/universe amd64 libgsm1 amd64 1.0.22-1build1 [27.8 kB]
2026-10-10T03:33:25.2236493Z Get:17 http://azure.archive.ubuntu.com/ubuntu noble/universe amd64 libhwy1t64 amd64 1.0.7-8.1build1 [584 kB]
2026-10-10T03:33:25.2574075Z Get:18 http://azure.archive.ubuntu.com/ubuntu noble-updates/universe amd64 libjxl0.7 amd64 0.7.0-10.2ubuntu6.1 [1001 kB]
2026-10-10T03:33:25.2952000Z Get:19 http://azure.archive.ubuntu.com/ubuntu noble/main amd64 libmp3lame0 amd64 3.100-6build1 [142 kB]
2026-10-10T03:33:25.3734777Z Get:20 http://azure.archive.ubuntu.com/ubuntu noble/main amd64 libopus0 amd64 1.4-1build1 [208 kB]
2026-10-10T03:33:25.4045924Z Get:21 http://azure.archive.ubuntu.com/ubuntu noble/universe amd64 librav1e0 amd64 0.7.1-2 [1022 kB]
2026-10-10T03:33:25.4490403Z Get:22 http://azure.archive.ubuntu.com/ubuntu noble-updates/main amd64 librsvg2-2 amd64 2.58.0+dfsg-1ubuntu0.1 [2141 kB]
2026-10-10T03:33:25.5023655Z Get:23 http://azure.archive.ubuntu.com/ubuntu noble/universe amd64 libshine3 amd64 3.1.1-2build1 [23.2 kB]
2026-10-10T03:33:25.5321056Z Get:24 http://azure.archive.ubuntu.com/ubuntu noble-updates/main amd64 libspeex1 amd64 1.2.1-2ubuntu2.24.04.1 [59.6 kB]
2026-10-10T03:33:25.5629141Z Get:25 http://azure.archive.ubuntu.com/ubuntu noble/universe amd64 libsvtav1enc1d1 amd64 1.7.0+dfsg-2build1 [2425 kB]
2026-10-10T03:33:25.6139329Z Get:26 http://azure.archive.ubuntu.com/ubuntu noble/universe amd64 libsoxr0 amd64 0.1.3-4build3 [80.0 kB]
2026-10-10T03:33:25.6444508Z Get:27 http://azure.archive.ubuntu.com/ubuntu noble/universe amd64 libswresample4 amd64 7:6.1.1-3ubuntu5 [63.8 kB]
2026-10-10T03:33:25.6750219Z Get:28 http://azure.archive.ubuntu.com/ubuntu noble/main amd64 libtheora0 amd64 1.1.1+dfsg.1-16.1build3 [211 kB]
2026-10-10T03:33:25.7057581Z Get:29 http://azure.archive.ubuntu.com/ubuntu noble/main amd64 libtwolame0 amd64 0.4.0-2build3 [52.3 kB]
2026-10-10T03:33:25.7355388Z Get:30 http://azure.archive.ubuntu.com/ubuntu noble/main amd64 libvorbisenc2 amd64 1.3.7-1build3 [80.8 kB]
2026-10-10T03:33:25.7667354Z Get:31 http://azure.archive.ubuntu.com/ubuntu noble-updates/main amd64 libvpx9 amd64 1.14.0-1ubuntu2.3 [1143 kB]
2026-10-10T03:33:25.8157468Z Get:32 http://azure.archive.ubuntu.com/ubuntu noble/universe amd64 libx264-164 amd64 2:0.164.3108+git31e19f9-1 [604 kB]
2026-10-10T03:33:25.8605066Z Get:33 http://azure.archive.ubuntu.com/ubuntu noble/universe amd64 libx265-199 amd64 3.5-2build1 [1226 kB]
2026-10-10T03:33:25.9083930Z Get:34 http://azure.archive.ubuntu.com/ubuntu noble/universe amd64 libxvidcore4 amd64 2:1.3.7-1build1 [219 kB]
2026-10-10T03:33:25.9416632Z Get:35 http://azure.archive.ubuntu.com/ubuntu noble/universe amd64 libzvbi-common all 0.2.42-2 [42.4 kB]
2026-10-10T03:33:25.9715408Z Get:36 http://azure.archive.ubuntu.com/ubuntu noble/universe amd64 libzvbi0t64 amd64 0.2.42-2 [261 kB]
2026-10-10T03:33:26.0022754Z Get:37 http://azure.archive.ubuntu.com/ubuntu noble/universe amd64 libavcodec60 amd64 7:6.1.1-3ubuntu5 [5851 kB]
2026-10-10T03:33:26.0873878Z Get:38 http://azure.archive.ubuntu.com/ubuntu noble-updates/main amd64 libfreetype6 amd64 2.13.2+dfsg-1ubuntu0.2 [403 kB]
2026-10-10T03:33:26.1652988Z Get:39 http://azure.archive.ubuntu.com/ubuntu noble/main amd64 xfonts-encodings all 1:1.0.5-0ubuntu2 [578 kB]
2026-10-10T03:33:26.1999148Z Get:40 http://azure.archive.ubuntu.com/ubuntu noble/main amd64 xfonts-utils amd64 1:7.7+6build3 [94.4 kB]
2026-10-10T03:33:26.2305378Z Get:41 http://azure.archive.ubuntu.com/ubuntu noble/universe amd64 xfonts-cyrillic all 1:1.0.5+nmu1 [384 kB]
2026-10-10T03:33:26.2632124Z Get:42 http://azure.archive.ubuntu.com/ubuntu noble/main amd64 xfonts-scalable all 1:1.0.3-1.3 [304 kB]
2026-10-10T03:33:26.5449972Z Fetched 49.2 MB in 2s (27.4 MB/s)
2026-10-10T03:33:26.5724174Z Selecting previously unselected package fonts-ipafont-gothic.
2026-10-10T03:33:26.6001996Z (Reading database ... 
2026-10-10T03:33:26.6002962Z (Reading database ... 5%
2026-10-10T03:33:26.6003424Z (Reading database ... 10%
2026-10-10T03:33:26.6003875Z (Reading database ... 15%
2026-10-10T03:33:26.6004162Z (Reading database ... 20%
2026-10-10T03:33:26.6004420Z (Reading database ... 25%
2026-10-10T03:33:26.6004686Z (Reading database ... 30%
2026-10-10T03:33:26.6005000Z (Reading database ... 35%
2026-10-10T03:33:26.6005327Z (Reading database ... 40%
2026-10-10T03:33:26.6005653Z (Reading database ... 45%
2026-10-10T03:33:26.6006109Z (Reading database ... 50%
2026-10-10T03:33:26.6053056Z (Reading database ... 55%
2026-10-10T03:33:26.7325043Z (Reading database ... 60%
2026-10-10T03:33:26.9403438Z (Reading database ... 65%
2026-10-10T03:33:27.1289719Z (Reading database ... 70%
2026-10-10T03:33:27.3300684Z (Reading database ... 75%
2026-10-10T03:33:27.4882969Z (Reading database ... 80%
2026-10-10T03:33:27.6791174Z (Reading database ... 85%
2026-10-10T03:33:27.8874164Z (Reading database ... 90%
2026-10-10T03:33:28.0381827Z (Reading database ... 95%
2026-10-10T03:33:28.0382343Z (Reading database ... 100%
2026-10-10T03:33:28.0382856Z (Reading database ... 203191 files and directories currently installed.)
2026-10-10T03:33:28.0424809Z Preparing to unpack .../00-fonts-ipafont-gothic_00303-21ubuntu1_all.deb ...
2026-10-10T03:33:28.0515556Z Unpacking fonts-ipafont-gothic (00303-21ubuntu1) ...
2026-10-10T03:33:28.2791735Z Selecting previously unselected package fonts-freefont-ttf.
2026-10-10T03:33:28.2916261Z Preparing to unpack .../01-fonts-freefont-ttf_20211204+svn4273-2_all.deb ...
2026-10-10T03:33:28.2922448Z Unpacking fonts-freefont-ttf (20211204+svn4273-2) ...
2026-10-10T03:33:28.3756457Z Selecting previously unselected package fonts-tlwg-loma-otf.
2026-10-10T03:33:28.3878731Z Preparing to unpack .../02-fonts-tlwg-loma-otf_1%3a0.7.3-1_all.deb ...
2026-10-10T03:33:28.3885950Z Unpacking fonts-tlwg-loma-otf (1:0.7.3-1) ...
2026-10-10T03:33:28.4084959Z Selecting previously unselected package fonts-unifont.
2026-10-10T03:33:28.4208291Z Preparing to unpack .../03-fonts-unifont_1%3a15.1.01-1build1_all.deb ...
2026-10-10T03:33:28.4215118Z Unpacking fonts-unifont (1:15.1.01-1build1) ...
2026-10-10T03:33:28.5219696Z Selecting previously unselected package fonts-wqy-zenhei.
2026-10-10T03:33:28.5343870Z Preparing to unpack .../04-fonts-wqy-zenhei_0.9.45-8_all.deb ...
2026-10-10T03:33:28.5441381Z Unpacking fonts-wqy-zenhei (0.9.45-8) ...
2026-10-10T03:33:29.0062470Z Selecting previously unselected package libva2:amd64.
2026-10-10T03:33:29.0184806Z Preparing to unpack .../05-libva2_2.20.0-2ubuntu0.2_amd64.deb ...
2026-10-10T03:33:29.0204701Z Unpacking libva2:amd64 (2.20.0-2ubuntu0.2) ...
2026-10-10T03:33:29.0402475Z Selecting previously unselected package libva-drm2:amd64.
2026-10-10T03:33:29.0526627Z Preparing to unpack .../06-libva-drm2_2.20.0-2ubuntu0.2_amd64.deb ...
2026-10-10T03:33:29.0536618Z Unpacking libva-drm2:amd64 (2.20.0-2ubuntu0.2) ...
2026-10-10T03:33:29.0735006Z Selecting previously unselected package libva-x11-2:amd64.
2026-10-10T03:33:29.0860706Z Preparing to unpack .../07-libva-x11-2_2.20.0-2ubuntu0.2_amd64.deb ...
2026-10-10T03:33:29.0868318Z Unpacking libva-x11-2:amd64 (2.20.0-2ubuntu0.2) ...
2026-10-10T03:33:29.1068303Z Selecting previously unselected package libvdpau1:amd64.
2026-10-10T03:33:29.1192505Z Preparing to unpack .../08-libvdpau1_1.5-2build1_amd64.deb ...
2026-10-10T03:33:29.1199592Z Unpacking libvdpau1:amd64 (1.5-2build1) ...
2026-10-10T03:33:29.1403795Z Selecting previously unselected package libvpl2.
2026-10-10T03:33:29.1526106Z Preparing to unpack .../09-libvpl2_2023.3.0-1build1_amd64.deb ...
2026-10-10T03:33:29.1533900Z Unpacking libvpl2 (2023.3.0-1build1) ...
2026-10-10T03:33:29.1744217Z Selecting previously unselected package ocl-icd-libopencl1:amd64.
2026-10-10T03:33:29.1866583Z Preparing to unpack .../10-ocl-icd-libopencl1_2.3.2-1build1_amd64.deb ...
2026-10-10T03:33:29.1874628Z Unpacking ocl-icd-libopencl1:amd64 (2.3.2-1build1) ...
2026-10-10T03:33:29.2130438Z Selecting previously unselected package libavutil58:amd64.
2026-10-10T03:33:29.2253797Z Preparing to unpack .../11-libavutil58_7%3a6.1.1-3ubuntu5_amd64.deb ...
2026-10-10T03:33:29.2262301Z Unpacking libavutil58:amd64 (7:6.1.1-3ubuntu5) ...
2026-10-10T03:33:29.2504294Z Selecting previously unselected package libcodec2-1.2:amd64.
2026-10-10T03:33:29.2627092Z Preparing to unpack .../12-libcodec2-1.2_1.2.0-2build1_amd64.deb ...
2026-10-10T03:33:29.2635234Z Unpacking libcodec2-1.2:amd64 (1.2.0-2build1) ...
2026-10-10T03:33:29.3349825Z Selecting previously unselected package libdav1d7:amd64.
2026-10-10T03:33:29.3475267Z Preparing to unpack .../13-libdav1d7_1.4.1-1build1_amd64.deb ...
2026-10-10T03:33:29.3483390Z Unpacking libdav1d7:amd64 (1.4.1-1build1) ...
2026-10-10T03:33:29.3746875Z Selecting previously unselected package libgsm1:amd64.
2026-10-10T03:33:29.3870467Z Preparing to unpack .../14-libgsm1_1.0.22-1build1_amd64.deb ...
2026-10-10T03:33:29.3877866Z Unpacking libgsm1:amd64 (1.0.22-1build1) ...
2026-10-10T03:33:29.4079052Z Selecting previously unselected package libhwy1t64:amd64.
2026-10-10T03:33:29.4203171Z Preparing to unpack .../15-libhwy1t64_1.0.7-8.1build1_amd64.deb ...
2026-10-10T03:33:29.4211961Z Unpacking libhwy1t64:amd64 (1.0.7-8.1build1) ...
2026-10-10T03:33:29.4524271Z Selecting previously unselected package libjxl0.7:amd64.
2026-10-10T03:33:29.4649293Z Preparing to unpack .../16-libjxl0.7_0.7.0-10.2ubuntu6.1_amd64.deb ...
2026-10-10T03:33:29.4658830Z Unpacking libjxl0.7:amd64 (0.7.0-10.2ubuntu6.1) ...
2026-10-10T03:33:29.4995581Z Selecting previously unselected package libmp3lame0:amd64.
2026-10-10T03:33:29.5118995Z Preparing to unpack .../17-libmp3lame0_3.100-6build1_amd64.deb ...
2026-10-10T03:33:29.5126225Z Unpacking libmp3lame0:amd64 (3.100-6build1) ...
2026-10-10T03:33:29.5339644Z Selecting previously unselected package libopus0:amd64.
2026-10-10T03:33:29.5463608Z Preparing to unpack .../18-libopus0_1.4-1build1_amd64.deb ...
2026-10-10T03:33:29.5471167Z Unpacking libopus0:amd64 (1.4-1build1) ...
2026-10-10T03:33:29.5694458Z Selecting previously unselected package librav1e0:amd64.
2026-10-10T03:33:29.5817458Z Preparing to unpack .../19-librav1e0_0.7.1-2_amd64.deb ...
2026-10-10T03:33:29.5824142Z Unpacking librav1e0:amd64 (0.7.1-2) ...
2026-10-10T03:33:29.6149128Z Selecting previously unselected package librsvg2-2:amd64.
2026-10-10T03:33:29.6272662Z Preparing to unpack .../20-librsvg2-2_2.58.0+dfsg-1ubuntu0.1_amd64.deb ...
2026-10-10T03:33:29.6280165Z Unpacking librsvg2-2:amd64 (2.58.0+dfsg-1ubuntu0.1) ...
2026-10-10T03:33:29.6730106Z Selecting previously unselected package libshine3:amd64.
2026-10-10T03:33:29.6854072Z Preparing to unpack .../21-libshine3_3.1.1-2build1_amd64.deb ...
2026-10-10T03:33:29.6862680Z Unpacking libshine3:amd64 (3.1.1-2build1) ...
2026-10-10T03:33:29.7054585Z Selecting previously unselected package libspeex1:amd64.
2026-10-10T03:33:29.7178707Z Preparing to unpack .../22-libspeex1_1.2.1-2ubuntu2.24.04.1_amd64.deb ...
2026-10-10T03:33:29.7188144Z Unpacking libspeex1:amd64 (1.2.1-2ubuntu2.24.04.1) ...
2026-10-10T03:33:29.7383836Z Selecting previously unselected package libsvtav1enc1d1:amd64.
2026-10-10T03:33:29.7506392Z Preparing to unpack .../23-libsvtav1enc1d1_1.7.0+dfsg-2build1_amd64.deb ...
2026-10-10T03:33:29.7514360Z Unpacking libsvtav1enc1d1:amd64 (1.7.0+dfsg-2build1) ...
2026-10-10T03:33:29.7972767Z Selecting previously unselected package libsoxr0:amd64.
2026-10-10T03:33:29.8096277Z Preparing to unpack .../24-libsoxr0_0.1.3-4build3_amd64.deb ...
2026-10-10T03:33:29.8105631Z Unpacking libsoxr0:amd64 (0.1.3-4build3) ...
2026-10-10T03:33:29.8314356Z Selecting previously unselected package libswresample4:amd64.
2026-10-10T03:33:29.8441058Z Preparing to unpack .../25-libswresample4_7%3a6.1.1-3ubuntu5_amd64.deb ...
2026-10-10T03:33:29.8452145Z Unpacking libswresample4:amd64 (7:6.1.1-3ubuntu5) ...
2026-10-10T03:33:29.8662647Z Selecting previously unselected package libtheora0:amd64.
2026-10-10T03:33:29.8786754Z Preparing to unpack .../26-libtheora0_1.1.1+dfsg.1-16.1build3_amd64.deb ...
2026-10-10T03:33:29.8794558Z Unpacking libtheora0:amd64 (1.1.1+dfsg.1-16.1build3) ...
2026-10-10T03:33:29.9028206Z Selecting previously unselected package libtwolame0:amd64.
2026-10-10T03:33:29.9151196Z Preparing to unpack .../27-libtwolame0_0.4.0-2build3_amd64.deb ...
2026-10-10T03:33:29.9159646Z Unpacking libtwolame0:amd64 (0.4.0-2build3) ...
2026-10-10T03:33:29.9369520Z Selecting previously unselected package libvorbisenc2:amd64.
2026-10-10T03:33:29.9494680Z Preparing to unpack .../28-libvorbisenc2_1.3.7-1build3_amd64.deb ...
2026-10-10T03:33:29.9502977Z Unpacking libvorbisenc2:amd64 (1.3.7-1build3) ...
2026-10-10T03:33:29.9732193Z Selecting previously unselected package libvpx9:amd64.
2026-10-10T03:33:29.9857347Z Preparing to unpack .../29-libvpx9_1.14.0-1ubuntu2.3_amd64.deb ...
2026-10-10T03:33:29.9865448Z Unpacking libvpx9:amd64 (1.14.0-1ubuntu2.3) ...
2026-10-10T03:33:30.0184266Z Selecting previously unselected package libx264-164:amd64.
2026-10-10T03:33:30.0307858Z Preparing to unpack .../30-libx264-164_2%3a0.164.3108+git31e19f9-1_amd64.deb ...
2026-10-10T03:33:30.0315424Z Unpacking libx264-164:amd64 (2:0.164.3108+git31e19f9-1) ...
2026-10-10T03:33:30.0581315Z Selecting previously unselected package libx265-199:amd64.
2026-10-10T03:33:30.0708176Z Preparing to unpack .../31-libx265-199_3.5-2build1_amd64.deb ...
2026-10-10T03:33:30.0717662Z Unpacking libx265-199:amd64 (3.5-2build1) ...
2026-10-10T03:33:30.1352717Z Selecting previously unselected package libxvidcore4:amd64.
2026-10-10T03:33:30.1477576Z Preparing to unpack .../32-libxvidcore4_2%3a1.3.7-1build1_amd64.deb ...
2026-10-10T03:33:30.1485830Z Unpacking libxvidcore4:amd64 (2:1.3.7-1build1) ...
2026-10-10T03:33:30.1696952Z Selecting previously unselected package libzvbi-common.
2026-10-10T03:33:30.1821786Z Preparing to unpack .../33-libzvbi-common_0.2.42-2_all.deb ...
2026-10-10T03:33:30.1829294Z Unpacking libzvbi-common (0.2.42-2) ...
2026-10-10T03:33:30.2095691Z Selecting previously unselected package libzvbi0t64:amd64.
2026-10-10T03:33:30.2218746Z Preparing to unpack .../34-libzvbi0t64_0.2.42-2_amd64.deb ...
2026-10-10T03:33:30.2255186Z Unpacking libzvbi0t64:amd64 (0.2.42-2) ...
2026-10-10T03:33:30.2489762Z Selecting previously unselected package libavcodec60:amd64.
2026-10-10T03:33:30.2612905Z Preparing to unpack .../35-libavcodec60_7%3a6.1.1-3ubuntu5_amd64.deb ...
2026-10-10T03:33:30.2621703Z Unpacking libavcodec60:amd64 (7:6.1.1-3ubuntu5) ...
2026-10-10T03:33:30.3523425Z Preparing to unpack .../36-libfreetype6_2.13.2+dfsg-1ubuntu0.2_amd64.deb ...
2026-10-10T03:33:30.3548525Z Unpacking libfreetype6:amd64 (2.13.2+dfsg-1ubuntu0.2) over (2.13.2+dfsg-1ubuntu0.1) ...
2026-10-10T03:33:30.3794325Z Selecting previously unselected package xfonts-encodings.
2026-10-10T03:33:30.3919507Z Preparing to unpack .../37-xfonts-encodings_1%3a1.0.5-0ubuntu2_all.deb ...
2026-10-10T03:33:30.3927611Z Unpacking xfonts-encodings (1:1.0.5-0ubuntu2) ...
2026-10-10T03:33:30.4209937Z Selecting previously unselected package xfonts-utils.
2026-10-10T03:33:30.4333662Z Preparing to unpack .../38-xfonts-utils_1%3a7.7+6build3_amd64.deb ...
2026-10-10T03:33:30.4342118Z Unpacking xfonts-utils (1:7.7+6build3) ...
2026-10-10T03:33:30.4682863Z Selecting previously unselected package xfonts-cyrillic.
2026-10-10T03:33:30.4807616Z Preparing to unpack .../39-xfonts-cyrillic_1%3a1.0.5+nmu1_all.deb ...
2026-10-10T03:33:30.4815640Z Unpacking xfonts-cyrillic (1:1.0.5+nmu1) ...
2026-10-10T03:33:30.5158860Z Selecting previously unselected package xfonts-scalable.
2026-10-10T03:33:30.5282563Z Preparing to unpack .../40-xfonts-scalable_1%3a1.0.3-1.3_all.deb ...
2026-10-10T03:33:30.5291067Z Unpacking xfonts-scalable (1:1.0.3-1.3) ...
2026-10-10T03:33:30.5783402Z Setting up libhwy1t64:amd64 (1.0.7-8.1build1) ...
2026-10-10T03:33:30.5803366Z Setting up libspeex1:amd64 (1.2.1-2ubuntu2.24.04.1) ...
2026-10-10T03:33:30.5820943Z Setting up libshine3:amd64 (3.1.1-2build1) ...
2026-10-10T03:33:30.5839318Z Setting up libvpl2 (2023.3.0-1build1) ...
2026-10-10T03:33:30.5857835Z Setting up libx264-164:amd64 (2:0.164.3108+git31e19f9-1) ...
2026-10-10T03:33:30.5874920Z Setting up libtwolame0:amd64 (0.4.0-2build3) ...
2026-10-10T03:33:30.5893903Z Setting up libgsm1:amd64 (1.0.22-1build1) ...
2026-10-10T03:33:30.5910588Z Setting up libsoxr0:amd64 (0.1.3-4build3) ...
2026-10-10T03:33:30.5928469Z Setting up libcodec2-1.2:amd64 (1.2.0-2build1) ...
2026-10-10T03:33:30.5945625Z Setting up fonts-wqy-zenhei (0.9.45-8) ...
2026-10-10T03:33:30.6061883Z Setting up fonts-freefont-ttf (20211204+svn4273-2) ...
2026-10-10T03:33:30.6079378Z Setting up libsvtav1enc1d1:amd64 (1.7.0+dfsg-2build1) ...
2026-10-10T03:33:30.6095212Z Setting up libxvidcore4:amd64 (2:1.3.7-1build1) ...
2026-10-10T03:33:30.6113487Z Setting up librav1e0:amd64 (0.7.1-2) ...
2026-10-10T03:33:30.6132438Z Setting up librsvg2-2:amd64 (2.58.0+dfsg-1ubuntu0.1) ...
2026-10-10T03:33:30.6148233Z Setting up fonts-tlwg-loma-otf (1:0.7.3-1) ...
2026-10-10T03:33:30.6165182Z Setting up libva2:amd64 (2.20.0-2ubuntu0.2) ...
2026-10-10T03:33:30.6184533Z Setting up libfreetype6:amd64 (2.13.2+dfsg-1ubuntu0.2) ...
2026-10-10T03:33:30.6200912Z Setting up xfonts-encodings (1:1.0.5-0ubuntu2) ...
2026-10-10T03:33:30.6217718Z Setting up libopus0:amd64 (1.4-1build1) ...
2026-10-10T03:33:30.6235081Z Setting up libjxl0.7:amd64 (0.7.0-10.2ubuntu6.1) ...
2026-10-10T03:33:30.6252676Z Setting up libx265-199:amd64 (3.5-2build1) ...
2026-10-10T03:33:30.6271218Z Setting up libvpx9:amd64 (1.14.0-1ubuntu2.3) ...
2026-10-10T03:33:30.6288268Z Setting up libdav1d7:amd64 (1.4.1-1build1) ...
2026-10-10T03:33:30.6306364Z Setting up libva-drm2:amd64 (2.20.0-2ubuntu0.2) ...
2026-10-10T03:33:30.6328643Z Setting up fonts-ipafont-gothic (00303-21ubuntu1) ...
2026-10-10T03:33:30.6398911Z update-alternatives: using /usr/share/fonts/opentype/ipafont-gothic/ipag.ttf to provide /usr/share/fonts/truetype/fonts-japanese-gothic.ttf (fonts-japanese-gothic.ttf) in auto mode
2026-10-10T03:33:30.6413699Z Setting up ocl-icd-libopencl1:amd64 (2.3.2-1build1) ...
2026-10-10T03:33:30.6433443Z Setting up libvdpau1:amd64 (1.5-2build1) ...
2026-10-10T03:33:30.6456748Z Setting up libtheora0:amd64 (1.1.1+dfsg.1-16.1build3) ...
2026-10-10T03:33:30.6474773Z Setting up libva-x11-2:amd64 (2.20.0-2ubuntu0.2) ...
2026-10-10T03:33:30.6497437Z Setting up libzvbi-common (0.2.42-2) ...
2026-10-10T03:33:30.6518321Z Setting up libmp3lame0:amd64 (3.100-6build1) ...
2026-10-10T03:33:30.6536921Z Setting up libvorbisenc2:amd64 (1.3.7-1build3) ...
2026-10-10T03:33:30.6554843Z Setting up fonts-unifont (1:15.1.01-1build1) ...
2026-10-10T03:33:30.6572702Z Setting up libzvbi0t64:amd64 (0.2.42-2) ...
2026-10-10T03:33:30.6590638Z Setting up libavutil58:amd64 (7:6.1.1-3ubuntu5) ...
2026-10-10T03:33:30.6609483Z Setting up xfonts-utils (1:7.7+6build3) ...
2026-10-10T03:33:30.6650717Z Setting up libswresample4:amd64 (7:6.1.1-3ubuntu5) ...
2026-10-10T03:33:30.6669774Z Setting up libavcodec60:amd64 (7:6.1.1-3ubuntu5) ...
2026-10-10T03:33:30.6687697Z Setting up xfonts-cyrillic (1:1.0.5+nmu1) ...
2026-10-10T03:33:30.6961163Z Setting up xfonts-scalable (1:1.0.3-1.3) ...
2026-10-10T03:33:30.7226564Z Processing triggers for libc-bin (2.39-0ubuntu8.9) ...
2026-10-10T03:33:30.7607382Z Processing triggers for man-db (2.12.0-4build2) ...
2026-10-10T03:33:30.7627805Z Not building database; man-db/auto-update is not 'true'.
2026-10-10T03:33:30.7638554Z Processing triggers for fontconfig (2.15.0-1.1ubuntu2) ...
2026-10-10T03:33:31.4832238Z 
2026-10-10T03:33:31.4833141Z Running kernel seems to be up-to-date.
2026-10-10T03:33:31.4833717Z 
2026-10-10T03:33:31.4833931Z Restarting services...
2026-10-10T03:33:31.4909142Z  systemctl restart php8.3-fpm.service
2026-10-10T03:33:31.6026635Z 
2026-10-10T03:33:31.6027173Z No containers need to be restarted.
2026-10-10T03:33:31.6027551Z 
2026-10-10T03:33:31.6027881Z No user sessions are running outdated binaries.
2026-10-10T03:33:31.6028269Z 
2026-10-10T03:33:31.6028786Z No VM guests are running outdated hypervisor (qemu) binaries on this host.
2026-10-10T03:33:32.4619242Z Downloading Chrome for Testing 153.0.8010.12 (playwright chromium v1243) from https://cdn.playwright.dev/builds/cft/153.0.8010.12/linux64/chrome-linux64.zip
2026-10-10T03:33:32.8768719Z |                                                                                |   0% of 186.8 MiB
2026-10-10T03:33:33.0931380Z |■■■■■■■■                                                                        |  10% of 186.8 MiB
2026-10-10T03:33:33.1851228Z |■■■■■■■■■■■■■■■■                                                                |  20% of 186.8 MiB
2026-10-10T03:33:33.2830773Z |■■■■■■■■■■■■■■■■■■■■■■■■                                                        |  30% of 186.8 MiB
2026-10-10T03:33:33.3623139Z |■■■■■■■■■■■■■■■■■■■■■■■■■■■■■■■■                                                |  40% of 186.8 MiB
2026-10-10T03:33:33.4497575Z |■■■■■■■■■■■■■■■■■■■■■■■■■■■■■■■■■■■■■■■■                                        |  50% of 186.8 MiB
2026-10-10T03:33:33.5398049Z |■■■■■■■■■■■■■■■■■■■■■■■■■■■■■■■■■■■■■■■■■■■■■■■■                                |  60% of 186.8 MiB
2026-10-10T03:33:33.6068973Z |■■■■■■■■■■■■■■■■■■■■■■■■■■■■■■■■■■■■■■■■■■■■■■■■■■■■■■■■                        |  70% of 186.8 MiB
2026-10-10T03:33:33.6930566Z |■■■■■■■■■■■■■■■■■■■■■■■■■■■■■■■■■■■■■■■■■■■■■■■■■■■■■■■■■■■■■■■■                |  80% of 186.8 MiB
2026-10-10T03:33:33.7831444Z |■■■■■■■■■■■■■■■■■■■■■■■■■■■■■■■■■■■■■■■■■■■■■■■■■■■■■■■■■■■■■■■■■■■■■■■■        |  90% of 186.8 MiB
2026-10-10T03:33:33.8682020Z |■■■■■■■■■■■■■■■■■■■■■■■■■■■■■■■■■■■■■■■■■■■■■■■■■■■■■■■■■■■■■■■■■■■■■■■■■■■■■■■■| 100% of 186.8 MiB
2026-10-10T03:33:37.0396980Z Chrome for Testing 153.0.8010.12 (playwright chromium v1243) downloaded to /home/runner/.cache/ms-playwright/chromium-1243
2026-10-10T03:33:37.0401086Z Downloading FFmpeg (playwright ffmpeg v1011) from https://cdn.playwright.dev/dbazure/download/playwright/builds/ffmpeg/1011/ffmpeg-linux.zip
2026-10-10T03:33:37.5699274Z |                                                                                |   0% of 2.3 MiB
2026-10-10T03:33:37.6035484Z |■■■■■■■■                                                                        |  10% of 2.3 MiB
2026-10-10T03:33:37.6209260Z |■■■■■■■■■■■■■■■■                                                                |  20% of 2.3 MiB
2026-10-10T03:33:37.6363936Z |■■■■■■■■■■■■■■■■■■■■■■■■                                                        |  30% of 2.3 MiB
2026-10-10T03:33:37.6484977Z |■■■■■■■■■■■■■■■■■■■■■■■■■■■■■■■■                                                |  40% of 2.3 MiB
2026-10-10T03:33:37.6533846Z |■■■■■■■■■■■■■■■■■■■■■■■■■■■■■■■■■■■■■■■■                                        |  50% of 2.3 MiB
2026-10-10T03:33:37.6637980Z |■■■■■■■■■■■■■■■■■■■■■■■■■■■■■■■■■■■■■■■■■■■■■■■■                                |  60% of 2.3 MiB
2026-10-10T03:33:37.6758934Z |■■■■■■■■■■■■■■■■■■■■■■■■■■■■■■■■■■■■■■■■■■■■■■■■■■■■■■■■                        |  70% of 2.3 MiB
2026-10-10T03:33:37.6784138Z |■■■■■■■■■■■■■■■■■■■■■■■■■■■■■■■■■■■■■■■■■■■■■■■■■■■■■■■■■■■■■■■■                |  80% of 2.3 MiB
2026-10-10T03:33:37.6809726Z |■■■■■■■■■■■■■■■■■■■■■■■■■■■■■■■■■■■■■■■■■■■■■■■■■■■■■■■■■■■■■■■■■■■■■■■■        |  90% of 2.3 MiB
2026-10-10T03:33:37.6872110Z |■■■■■■■■■■■■■■■■■■■■■■■■■■■■■■■■■■■■■■■■■■■■■■■■■■■■■■■■■■■■■■■■■■■■■■■■■■■■■■■■| 100% of 2.3 MiB
2026-10-10T03:33:37.7480293Z FFmpeg (playwright ffmpeg v1011) downloaded to /home/runner/.cache/ms-playwright/ffmpeg-1011
2026-10-10T03:33:37.7483568Z Downloading Chrome Headless Shell 153.0.8010.12 (playwright chromium-headless-shell v1243) from https://cdn.playwright.dev/builds/cft/153.0.8010.12/linux64/chrome-headless-shell-linux64.zip
2026-10-10T03:33:38.1605156Z |                                                                                |   0% of 114.3 MiB
2026-10-10T03:33:38.3413507Z |■■■■■■■■                                                                        |  10% of 114.3 MiB
2026-10-10T03:33:38.4157632Z |■■■■■■■■■■■■■■■■                                                                |  20% of 114.3 MiB
2026-10-10T03:33:38.4615479Z |■■■■■■■■■■■■■■■■■■■■■■■■                                                        |  30% of 114.3 MiB
2026-10-10T03:33:38.5119836Z |■■■■■■■■■■■■■■■■■■■■■■■■■■■■■■■■                                                |  40% of 114.3 MiB
2026-10-10T03:33:38.5764241Z |■■■■■■■■■■■■■■■■■■■■■■■■■■■■■■■■■■■■■■■■                                        |  50% of 114.3 MiB
2026-10-10T03:33:38.6213842Z |■■■■■■■■■■■■■■■■■■■■■■■■■■■■■■■■■■■■■■■■■■■■■■■■                                |  60% of 114.3 MiB
2026-10-10T03:33:38.6627110Z |■■■■■■■■■■■■■■■■■■■■■■■■■■■■■■■■■■■■■■■■■■■■■■■■■■■■■■■■                        |  70% of 114.3 MiB
2026-10-10T03:33:38.7227203Z |■■■■■■■■■■■■■■■■■■■■■■■■■■■■■■■■■■■■■■■■■■■■■■■■■■■■■■■■■■■■■■■■                |  80% of 114.3 MiB
2026-10-10T03:33:38.7662325Z |■■■■■■■■■■■■■■■■■■■■■■■■■■■■■■■■■■■■■■■■■■■■■■■■■■■■■■■■■■■■■■■■■■■■■■■■        |  90% of 114.3 MiB
2026-10-10T03:33:38.8065917Z |■■■■■■■■■■■■■■■■■■■■■■■■■■■■■■■■■■■■■■■■■■■■■■■■■■■■■■■■■■■■■■■■■■■■■■■■■■■■■■■■| 100% of 114.3 MiB
2026-10-10T03:33:41.0463349Z Chrome Headless Shell 153.0.8010.12 (playwright chromium-headless-shell v1243) downloaded to /home/runner/.cache/ms-playwright/chromium_headless_shell-1243
2026-10-10T03:33:41.0466988Z Downloading Firefox 155.0 (playwright firefox v1543) from https://cdn.playwright.dev/dbazure/download/playwright/builds/firefox/1543/firefox-ubuntu-24.04.zip
2026-10-10T03:33:41.4326456Z |                                                                                |   0% of 109.5 MiB
2026-10-10T03:33:41.6021226Z |■■■■■■■■                                                                        |  10% of 109.5 MiB
2026-10-10T03:33:41.6693412Z |■■■■■■■■■■■■■■■■                                                                |  20% of 109.5 MiB
2026-10-10T03:33:41.7529452Z |■■■■■■■■■■■■■■■■■■■■■■■■                                                        |  30% of 109.5 MiB
2026-10-10T03:33:41.8278684Z |■■■■■■■■■■■■■■■■■■■■■■■■■■■■■■■■                                                |  40% of 109.5 MiB
2026-10-10T03:33:41.8924851Z |■■■■■■■■■■■■■■■■■■■■■■■■■■■■■■■■■■■■■■■■                                        |  50% of 109.5 MiB
2026-10-10T03:33:41.9550645Z |■■■■■■■■■■■■■■■■■■■■■■■■■■■■■■■■■■■■■■■■■■■■■■■■                                |  60% of 109.5 MiB
2026-10-10T03:33:42.0176338Z |■■■■■■■■■■■■■■■■■■■■■■■■■■■■■■■■■■■■■■■■■■■■■■■■■■■■■■■■                        |  70% of 109.5 MiB
2026-10-10T03:33:42.0890008Z |■■■■■■■■■■■■■■■■■■■■■■■■■■■■■■■■■■■■■■■■■■■■■■■■■■■■■■■■■■■■■■■■                |  80% of 109.5 MiB
2026-10-10T03:33:42.2086677Z |■■■■■■■■■■■■■■■■■■■■■■■■■■■■■■■■■■■■■■■■■■■■■■■■■■■■■■■■■■■■■■■■■■■■■■■■        |  90% of 109.5 MiB
2026-10-10T03:33:42.3093978Z |■■■■■■■■■■■■■■■■■■■■■■■■■■■■■■■■■■■■■■■■■■■■■■■■■■■■■■■■■■■■■■■■■■■■■■■■■■■■■■■■| 100% of 109.5 MiB
2026-10-10T03:33:44.5239139Z Firefox 155.0 (playwright firefox v1543) downloaded to /home/runner/.cache/ms-playwright/firefox-1543
2026-10-10T03:33:44.6612257Z ##[group]Run npm run verify
2026-10-10T03:33:44.6612755Z [36;1mnpm run verify[0m
2026-10-10T03:33:44.6693675Z shell: /usr/bin/bash -e {0}
2026-10-10T03:33:44.6693954Z ##[endgroup]
2026-10-10T03:33:44.7718517Z 
2026-10-10T03:33:44.7719162Z > botsales-frontend@0.1.0 verify
2026-10-10T03:33:44.7720771Z > npm run generate:check && npm run test:source && npm run boundaries && npm run lint && npm run typecheck && npm run test:domain && npm test && npm run build && npm run test:layout && npm run test:visual-tokens && npm run test:ui-composition && npm run test:evidence
2026-10-10T03:33:44.7721891Z 
2026-10-10T03:33:44.8694709Z 
2026-10-10T03:33:44.8695309Z > botsales-frontend@0.1.0 generate:check
2026-10-10T03:33:44.8696170Z > node scripts/generate.mjs --check
2026-10-10T03:33:44.8696478Z 
2026-10-10T03:33:45.0576000Z {"status":"PASS","outputs":15,"schemas":346,"operations":245,"routes":61}
2026-10-10T03:33:45.1692622Z 
2026-10-10T03:33:45.1693131Z > botsales-frontend@0.1.0 test:source
2026-10-10T03:33:45.1693909Z > node scripts/check-source.mjs && node --test tests/source-checker.test.mjs
2026-10-10T03:33:45.1694305Z 
2026-10-10T03:33:45.7172692Z {
2026-10-10T03:33:45.7173130Z   "checkedAt": "2026-10-10T03:33:45.714Z",
2026-10-10T03:33:45.7173924Z   "scope": "Syntax, operation identifiers, route-source mapping, permissions and token adoption. NOT React typecheck, build or browser test.",
2026-10-10T03:33:45.7174569Z   "compiler": "5.9.2",
2026-10-10T03:33:45.7174852Z   "compilerSource": "project dependency",
2026-10-10T03:33:45.7175154Z   "files": 85,
2026-10-10T03:33:45.7175381Z   "operationCalls": 262,
2026-10-10T03:33:45.7175615Z   "routes": 61,
2026-10-10T03:33:45.7176114Z   "issues": [],
2026-10-10T03:33:45.7176325Z   "status": "PASS"
2026-10-10T03:33:45.7176535Z }
2026-10-10T03:33:46.2420226Z ✔ module path classification accepts Windows and POSIX spellings, but excludes app files (1.249369ms)
2026-10-10T03:33:46.2427774Z ✔ the source-checker CLI rejects a prohibited color literal in a module (212.175659ms)
2026-10-10T03:33:46.2429476Z ✔ the source-checker CLI accepts a token-based module and leaves app-level colors outside the rule (210.343539ms)
2026-10-10T03:33:46.2528749Z ℹ tests 3
2026-10-10T03:33:46.2529493Z ℹ suites 0
2026-10-10T03:33:46.2529870Z ℹ pass 3
2026-10-10T03:33:46.2530225Z ℹ fail 0
2026-10-10T03:33:46.2530595Z ℹ cancelled 0
2026-10-10T03:33:46.2532191Z ℹ skipped 0
2026-10-10T03:33:46.2532563Z ℹ todo 0
2026-10-10T03:33:46.2532980Z ℹ duration_ms 487.583422
2026-10-10T03:33:46.3560916Z 
2026-10-10T03:33:46.3561563Z > botsales-frontend@0.1.0 boundaries
2026-10-10T03:33:46.3562049Z > node scripts/check-boundaries.mjs
2026-10-10T03:33:46.3562282Z 
2026-10-10T03:33:49.0861301Z {
2026-10-10T03:33:49.0861863Z   "checkedAt": "2026-10-10T03:33:49.084Z",
2026-10-10T03:33:49.0863030Z   "scope": "AST imports resolve aliases/relative paths, module boundaries and cycles; parser diagnostics are errors",
2026-10-10T03:33:49.0864033Z   "files": 85,
2026-10-10T03:33:49.0864466Z   "imports": 722,
2026-10-10T03:33:49.0866053Z   "negativeFixtures": "Boundary fixtures: PASS 10/10 scenarios (allowed shared/public imports, alias, relative, app deep import, type-only, dynamic, unresolved, cycle, parser error).",
2026-10-10T03:33:49.0867383Z   "status": "PASS",
2026-10-10T03:33:49.0867738Z   "issues": []
2026-10-10T03:33:49.0868061Z }
2026-10-10T03:33:49.2081574Z 
2026-10-10T03:33:49.2082135Z > botsales-frontend@0.1.0 lint
2026-10-10T03:33:49.2082612Z > eslint apps/web/src --max-warnings 0
2026-10-10T03:33:49.2082856Z 
2026-10-10T03:33:52.7926513Z 
2026-10-10T03:33:52.7927099Z > botsales-frontend@0.1.0 typecheck
2026-10-10T03:33:52.7927747Z > tsc -p apps/web/tsconfig.json --noEmit
2026-10-10T03:33:52.7927997Z 
2026-10-10T03:34:00.2513854Z 
2026-10-10T03:34:00.2514458Z > botsales-frontend@0.1.0 test:domain
2026-10-10T03:34:00.2514906Z > node scripts/test-domain.mjs
2026-10-10T03:34:00.2515104Z 
2026-10-10T03:34:08.0755001Z {"status":"PASS","simulatorChecks":86,"networkChecks":31,"networkHandlers":245,"passed":117,"operations":100,"node":"v24.21.0","typescript":"5.9.2"}
2026-10-10T03:34:08.2230750Z 
2026-10-10T03:34:08.2231355Z > botsales-frontend@0.1.0 test
2026-10-10T03:34:08.2232105Z > vitest run --config apps/web/vitest.config.ts
2026-10-10T03:34:08.2232567Z 
2026-10-10T03:34:08.5086403Z 
2026-10-10T03:34:08.5088812Z [1m[30m[46m RUN [49m[39m[22m [36mv5.0.3 [39m[90m/home/runner/work/Bot-AI-Ban-hang-FB/Bot-AI-Ban-hang-FB/BotSalesAI_Frontend[39m
2026-10-10T03:34:08.5089681Z 
2026-10-10T03:34:10.7540792Z  [32m✓[39m apps/web/tests/api-client.test.tsx [2m([22m[2m25 tests[22m[2m)[22m[33m 954[2mms[22m[39m
2026-10-10T03:34:10.7576976Z    [32m✓[39m typed HTTP boundary [2m(25)[22m
2026-10-10T03:34:10.7592244Z      [33m[2m✓[22m[39m waits for command completion after HTTP 202 before resolving useCommand[33m 429[2mms[22m[39m
2026-10-10T03:34:10.7594632Z      [33m[2m✓[22m[39m keeps an accepted command unresolved when command status polling fails[33m 408[2mms[22m[39m
2026-10-10T03:34:12.1755458Z  [32m✓[39m apps/web/tests/purchase-delegation.test.ts [2m([22m[2m7 tests[22m[2m)[22m[32m 191[2mms[22m[39m
2026-10-10T03:34:13.1955913Z [90mstderr[2m | apps/web/tests/shared-ui-render-contract.test.tsx[2m > [22m[2mS10 shared component rendered-slot contract[2m > [22m[2mEditDialog guards custom actions and the Escape close path for dirty and busy states
2026-10-10T03:34:13.1962241Z [22m[39mAn update to ForwardRef(FormControl) inside a test was not wrapped in act(...).
2026-10-10T03:34:13.1963328Z 
2026-10-10T03:34:13.1964549Z When testing, code that causes React state updates should be wrapped into act(...):
2026-10-10T03:34:13.1965383Z 
2026-10-10T03:34:13.1966116Z act(() => {
2026-10-10T03:34:13.1966773Z   /* fire events that update state */
2026-10-10T03:34:13.1967417Z });
2026-10-10T03:34:13.1967965Z /* assert on the output */
2026-10-10T03:34:13.1968480Z 
2026-10-10T03:34:13.1969721Z This ensures that you're testing the behavior the user would see in the browser. Learn more at https://react.dev/link/wrap-tests-with-act
2026-10-10T03:34:13.1971357Z An update to ForwardRef(FormControl) inside a test was not wrapped in act(...).
2026-10-10T03:34:13.1972100Z 
2026-10-10T03:34:13.1973215Z When testing, code that causes React state updates should be wrapped into act(...):
2026-10-10T03:34:13.1973984Z 
2026-10-10T03:34:13.1974303Z act(() => {
2026-10-10T03:34:13.1974880Z   /* fire events that update state */
2026-10-10T03:34:13.1975492Z });
2026-10-10T03:34:13.1976325Z /* assert on the output */
2026-10-10T03:34:13.1976784Z 
2026-10-10T03:34:13.1977968Z This ensures that you're testing the behavior the user would see in the browser. Learn more at https://react.dev/link/wrap-tests-with-act
2026-10-10T03:34:13.1979050Z 
2026-10-10T03:34:13.1981375Z [90mstderr[2m | apps/web/tests/shared-ui-render-contract.test.tsx[2m > [22m[2mS10 shared component rendered-slot contract[2m > [22m[2mEditDialog guards custom actions and the Escape close path for dirty and busy states
2026-10-10T03:34:13.1984613Z [22m[39mA component suspended inside an `act` scope, but the `act` call was not awaited. When testing React components that depend on asynchronous data, you must await the result:
2026-10-10T03:34:13.1986145Z 
2026-10-10T03:34:13.1986504Z await act(() => ...)
2026-10-10T03:34:13.1986905Z 
2026-10-10T03:34:13.2190419Z  [32m✓[39m apps/web/tests/privacy-consent.test.ts [2m([22m[2m6 tests[22m[2m)[22m[32m 153[2mms[22m[39m
2026-10-10T03:34:13.8837783Z [90mstderr[2m | apps/web/tests/shared-ui-render-contract.test.tsx[2m > [22m[2mS10 shared component rendered-slot contract[2m > [22m[2mEditDialog guards custom actions and the backdrop close path for dirty and busy states
2026-10-10T03:34:13.8877142Z [22m[39mAn update to ForwardRef(FormControl) inside a test was not wrapped in act(...).
2026-10-10T03:34:13.8936221Z 
2026-10-10T03:34:13.8936972Z When testing, code that causes React state updates should be wrapped into act(...):
2026-10-10T03:34:13.8937821Z 
2026-10-10T03:34:13.8938354Z act(() => {
2026-10-10T03:34:13.8938871Z   /* fire events that update state */
2026-10-10T03:34:13.8996394Z });
2026-10-10T03:34:13.9056465Z /* assert on the output */
2026-10-10T03:34:13.9087661Z 
2026-10-10T03:34:13.9147516Z This ensures that you're testing the behavior the user would see in the browser. Learn more at https://react.dev/link/wrap-tests-with-act
2026-10-10T03:34:13.9176981Z An update to ForwardRef(FormControl) inside a test was not wrapped in act(...).
2026-10-10T03:34:13.9236149Z 
2026-10-10T03:34:13.9254318Z When testing, code that causes React state updates should be wrapped into act(...):
2026-10-10T03:34:13.9307267Z 
2026-10-10T03:34:13.9356839Z act(() => {
2026-10-10T03:34:13.9416442Z   /* fire events that update state */
2026-10-10T03:34:13.9417290Z });
2026-10-10T03:34:13.9435549Z /* assert on the output */
2026-10-10T03:34:13.9476130Z 
2026-10-10T03:34:13.9477518Z This ensures that you're testing the behavior the user would see in the browser. Learn more at https://react.dev/link/wrap-tests-with-act
2026-10-10T03:34:13.9501406Z 
2026-10-10T03:34:14.7337659Z  [32m✓[39m apps/web/tests/command-lifetime.test.tsx [2m([22m[2m11 tests[22m[2m)[22m[32m 185[2mms[22m[39m
2026-10-10T03:34:15.9630880Z  [32m✓[39m apps/web/tests/media-inbox.test.ts [2m([22m[2m6 tests[22m[2m)[22m[32m 123[2mms[22m[39m
2026-10-10T03:34:16.7995162Z  [32m✓[39m apps/web/tests/shared-ui-render-contract.test.tsx [2m([22m[2m54 tests[22m[2m)[22m[33m 6446[2mms[22m[39m
2026-10-10T03:34:16.8006669Z    [32m✓[39m S10 shared component rendered-slot contract [2m(30)[22m
2026-10-10T03:34:16.8031598Z      [33m[2m✓[22m[39m DraftConflict requires a two-sided choice, excludes hidden data, and applies only to the draft[33m 733[2mms[22m[39m
2026-10-10T03:34:16.8033691Z      [33m[2m✓[22m[39m EditDialog guards custom actions and the footer close path for dirty and busy states[33m 512[2mms[22m[39m
2026-10-10T03:34:16.8036009Z      [33m[2m✓[22m[39m EditDialog guards custom actions and the icon close path for dirty and busy states[33m 552[2mms[22m[39m
2026-10-10T03:34:16.8037985Z      [33m[2m✓[22m[39m EditDialog guards custom actions and the Escape close path for dirty and busy states[33m 671[2mms[22m[39m
2026-10-10T03:34:16.8040388Z      [33m[2m✓[22m[39m EditDialog guards custom actions and the backdrop close path for dirty and busy states[33m 684[2mms[22m[39m
2026-10-10T03:34:16.8042513Z      [33m[2m✓[22m[39m EditDialog clears stale controls from its baseline after a successful save removes the form[33m 398[2mms[22m[39m
2026-10-10T03:34:16.8044364Z      [33m[2m✓[22m[39m ConfirmDialog validates the reason and keeps a rejected action visible[33m 1252[2mms[22m[39m
2026-10-10T03:34:18.8194976Z  [32m✓[39m apps/web/tests/scope-events.test.tsx [2m([22m[2m18 tests[22m[2m)[22m[32m 84[2mms[22m[39m
2026-10-10T03:34:19.4980786Z  [32m✓[39m apps/web/tests/states/fe023-state.test.tsx [2m([22m[2m12 tests[22m[2m)[22m[33m 1771[2mms[22m[39m
2026-10-10T03:34:19.4982508Z    [32m✓[39m FE023 shared state and form behavior [2m(12)[22m
2026-10-10T03:34:19.4987122Z      [33m[2m✓[22m[39m asks before closing a dialog with a dirty field and keeps the field until discard is chosen[33m 1233[2mms[22m[39m
2026-10-10T03:34:19.6222231Z  [32m✓[39m apps/web/tests/versioned-draft.test.tsx [2m([22m[2m7 tests[22m[2m)[22m[32m 62[2mms[22m[39m
2026-10-10T03:34:20.2628910Z  [32m✓[39m apps/web/tests/fe021-source-map.test.ts [2m([22m[2m3 tests[22m[2m)[22m[32m 10[2mms[22m[39m
2026-10-10T03:34:20.4784253Z  [32m✓[39m apps/web/tests/marketing-report.test.ts [2m([22m[2m11 tests[22m[2m)[22m[32m 57[2mms[22m[39m
2026-10-10T03:34:21.3323842Z  [32m✓[39m apps/web/tests/timezone.test.ts [2m([22m[2m10 tests[22m[2m)[22m[32m 44[2mms[22m[39m
2026-10-10T03:34:22.3061862Z  [32m✓[39m apps/web/tests/confirmation.test.tsx [2m([22m[2m4 tests[22m[2m)[22m[33m 588[2mms[22m[39m
2026-10-10T03:34:22.3975043Z [BABEL] Note: The code generator has deoptimised the styling of /tmp/botsales-vite-cache/2fbc71299afedf720605/direct-vite/3991/deps/react-dom_client.js?v=f9e945bc as it exceeds the max of 500KB.
2026-10-10T03:34:22.4037700Z  [32m✓[39m apps/web/tests/components.test.tsx [2m([22m[2m25 tests[22m[2m)[22m[33m 12049[2mms[22m[39m
2026-10-10T03:34:22.4066028Z    [32m✓[39m Accessible shared presentation [2m(19)[22m
2026-10-10T03:34:22.4067978Z      [33m[2m✓[22m[39m clears search, cursor, and returns focus while preserving other filters[33m 350[2mms[22m[39m
2026-10-10T03:34:22.4127483Z      [33m[2m✓[22m[39m associates form errors with the visible label and returns focus after dialog close[33m 351[2mms[22m[39m
2026-10-10T03:34:22.4148704Z      [33m[2m✓[22m[39m reflows the real mock application from 320px to 1440px and passes browser axe[33m 9985[2mms[22m[39m
2026-10-10T03:34:23.1651057Z  [32m✓[39m apps/web/tests/report-utils.test.ts [2m([22m[2m6 tests[22m[2m)[22m[32m 42[2mms[22m[39m
2026-10-10T03:34:23.2987973Z  [32m✓[39m apps/web/tests/composition.test.tsx [2m([22m[2m3 tests[22m[2m)[22m[33m 450[2mms[22m[39m
2026-10-10T03:34:23.3566780Z  [32m✓[39m apps/web/tests/format.test.ts [2m([22m[2m12 tests[22m[2m)[22m[32m 51[2mms[22m[39m
2026-10-10T03:34:23.9837073Z  [32m✓[39m apps/web/tests/domain-labels.test.ts [2m([22m[2m3 tests[22m[2m)[22m[32m 20[2mms[22m[39m
2026-10-10T03:34:24.0681893Z  [32m✓[39m apps/web/tests/catalog-import-file.test.ts [2m([22m[2m5 tests[22m[2m)[22m[32m 6[2mms[22m[39m
2026-10-10T03:34:24.0697228Z  [32m✓[39m apps/web/tests/push-capabilities.test.ts [2m([22m[2m2 tests[22m[2m)[22m[32m 7[2mms[22m[39m
2026-10-10T03:34:24.9156092Z  [32m✓[39m apps/web/tests/list-return.test.ts [2m([22m[2m3 tests[22m[2m)[22m[32m 7[2mms[22m[39m
2026-10-10T03:34:24.9403066Z  [32m✓[39m apps/web/tests/route-metadata.test.ts [2m([22m[2m2 tests[22m[2m)[22m[32m 61[2mms[22m[39m
2026-10-10T03:34:25.3587969Z  [32m✓[39m apps/web/tests/dashboard-labels.test.ts [2m([22m[2m3 tests[22m[2m)[22m[32m 5[2mms[22m[39m
2026-10-10T03:34:25.3632645Z 
2026-10-10T03:34:25.3633646Z [2m Test Files [22m [1m[32m23 passed[39m[22m[90m (23)[39m
2026-10-10T03:34:25.3637627Z [2m      Tests [22m [1m[32m238 passed[39m[22m[90m (238)[39m
2026-10-10T03:34:25.3638463Z [2m   Start at [22m 03:34:08
2026-10-10T03:34:25.3642800Z [2m   Duration [22m 16.84s[2m (tests 51%, environment 25%, import 16%, setup 4%, transform 4%)[22m
2026-10-10T03:34:25.3651263Z 
2026-10-10T03:34:25.3653313Z [2mEnvironment [22m [33mjsdom was created 23 times[39m[2m · 11.69s total, 25% of tracked time[22m
2026-10-10T03:34:25.3654858Z [2m            [22m [2mcreate it once per worker with [22m[33mpool: 'vmThreads'[39m[2m (keeps per-file isolation) or [22m[33misolate: false[39m[2m (shares it across files)[22m
2026-10-10T03:34:25.3656591Z [2m            [22m [2mlearn more: https://vitest.dev/guide/improving-performance#test-environments[22m
2026-10-10T03:34:25.3657297Z 
2026-10-10T03:34:25.5039810Z 
2026-10-10T03:34:25.5040438Z > botsales-frontend@0.1.0 build
2026-10-10T03:34:25.5041287Z > npm run generate:check && npm run typecheck && npm run build --workspace @botsales/web
2026-10-10T03:34:25.5041758Z 
2026-10-10T03:34:25.6027649Z 
2026-10-10T03:34:25.6028280Z > botsales-frontend@0.1.0 generate:check
2026-10-10T03:34:25.6028832Z > node scripts/generate.mjs --check
2026-10-10T03:34:25.6029075Z 
2026-10-10T03:34:25.7906927Z {"status":"PASS","outputs":15,"schemas":346,"operations":245,"routes":61}
2026-10-10T03:34:25.9032682Z 
2026-10-10T03:34:25.9033040Z > botsales-frontend@0.1.0 typecheck
2026-10-10T03:34:25.9033671Z > tsc -p apps/web/tsconfig.json --noEmit
2026-10-10T03:34:25.9033916Z 
2026-10-10T03:34:33.2742609Z 
2026-10-10T03:34:33.2743147Z > @botsales/web@0.1.0 build
2026-10-10T03:34:33.2743725Z > vite build --mode production
2026-10-10T03:34:33.2743922Z 
2026-10-10T03:34:33.4745605Z [36mvite v7.3.6 [32mbuilding client environment for production...[36m[39m
2026-10-10T03:34:33.5513040Z transforming...
2026-10-10T03:34:39.0877145Z [32m✓[39m 2077 modules transformed.
2026-10-10T03:34:39.6066895Z rendering chunks...
2026-10-10T03:34:39.8511907Z computing gzip size...
2026-10-10T03:34:39.8768715Z [2mdist/[22m[32mindex.html                            [39m[1m[2m  1.23 kB[22m[1m[22m[2m │ gzip:   0.61 kB[22m
2026-10-10T03:34:39.8770288Z [2mdist/[22m[2massets/[22m[35mindex-BQPx7lJM.css             [39m[1m[2m  3.56 kB[22m[1m[22m[2m │ gzip:   1.33 kB[22m
2026-10-10T03:34:39.8772031Z [2mdist/[22m[2massets/[22m[36mdownload-8lJFmiSZ.js           [39m[1m[2m  0.23 kB[22m[1m[22m[2m │ gzip:   0.17 kB[22m
2026-10-10T03:34:39.8773883Z [2mdist/[22m[2massets/[22m[36mfilters-CM07jGKE.js            [39m[1m[2m  0.32 kB[22m[1m[22m[2m │ gzip:   0.25 kB[22m
2026-10-10T03:34:39.8775881Z [2mdist/[22m[2massets/[22m[36mhooks-L2nh8X7I.js              [39m[1m[2m  4.59 kB[22m[1m[22m[2m │ gzip:   2.15 kB[22m
2026-10-10T03:34:39.8777301Z [2mdist/[22m[2massets/[22m[36mdraft-conflict-CQUoJQ4o.js     [39m[1m[2m  5.37 kB[22m[1m[22m[2m │ gzip:   2.49 kB[22m
2026-10-10T03:34:39.8778303Z [2mdist/[22m[2massets/[22m[36mindex-mquMxiPF.js              [39m[1m[2m  8.25 kB[22m[1m[22m[2m │ gzip:   3.27 kB[22m
2026-10-10T03:34:39.8779383Z [2mdist/[22m[2massets/[22m[36mindex-CiWOs-TV.js              [39m[1m[2m  9.42 kB[22m[1m[22m[2m │ gzip:   3.73 kB[22m
2026-10-10T03:34:39.8781037Z [2mdist/[22m[2massets/[22m[36mindex-DQGrQuEv.js              [39m[1m[2m 13.14 kB[22m[1m[22m[2m │ gzip:   5.19 kB[22m
2026-10-10T03:34:39.8782766Z [2mdist/[22m[2massets/[22m[36mindex-OVGPogNo.js              [39m[1m[2m 15.39 kB[22m[1m[22m[2m │ gzip:   5.90 kB[22m
2026-10-10T03:34:39.8784386Z [2mdist/[22m[2massets/[22m[36mindex-Bd9mcE3C.js              [39m[1m[2m 16.98 kB[22m[1m[22m[2m │ gzip:   5.58 kB[22m
2026-10-10T03:34:39.8786207Z [2mdist/[22m[2massets/[22m[36mindex-Bg61UgeK.js              [39m[1m[2m 16.99 kB[22m[1m[22m[2m │ gzip:   5.81 kB[22m
2026-10-10T03:34:39.8787826Z [2mdist/[22m[2massets/[22m[36mindex-PCRh2M1X.js              [39m[1m[2m 18.85 kB[22m[1m[22m[2m │ gzip:   6.33 kB[22m
2026-10-10T03:34:39.8789724Z [2mdist/[22m[2massets/[22m[36mindex-BUtDDvPf.js              [39m[1m[2m 19.08 kB[22m[1m[22m[2m │ gzip:   7.02 kB[22m
2026-10-10T03:34:39.8791356Z [2mdist/[22m[2massets/[22m[36mindex-CvmCKMdV.js              [39m[1m[2m 20.90 kB[22m[1m[22m[2m │ gzip:   6.92 kB[22m
2026-10-10T03:34:39.8792975Z [2mdist/[22m[2massets/[22m[36mindex-Dzt3sNfY.js              [39m[1m[2m 21.23 kB[22m[1m[22m[2m │ gzip:   7.65 kB[22m
2026-10-10T03:34:39.8794594Z [2mdist/[22m[2massets/[22m[36mindex-RfTtRmBG.js              [39m[1m[2m 24.80 kB[22m[1m[22m[2m │ gzip:   8.25 kB[22m
2026-10-10T03:34:39.8796413Z [2mdist/[22m[2massets/[22m[36mindex-DWs4xu4k.js              [39m[1m[2m 25.06 kB[22m[1m[22m[2m │ gzip:   8.46 kB[22m
2026-10-10T03:34:39.8798051Z [2mdist/[22m[2massets/[22m[36mindex-BSXDucyP.js              [39m[1m[2m 30.93 kB[22m[1m[22m[2m │ gzip:   9.93 kB[22m
2026-10-10T03:34:39.8799724Z [2mdist/[22m[2massets/[22m[36mindex-DattA6PL.js              [39m[1m[2m 32.48 kB[22m[1m[22m[2m │ gzip:  10.82 kB[22m
2026-10-10T03:34:39.8801417Z [2mdist/[22m[2massets/[22m[36mquery-Df7VyXaF.js              [39m[1m[2m 33.15 kB[22m[1m[22m[2m │ gzip:   9.92 kB[22m
2026-10-10T03:34:39.8803113Z [2mdist/[22m[2massets/[22m[36mindex-WDyY7fx-.js              [39m[1m[2m 42.03 kB[22m[1m[22m[2m │ gzip:  11.49 kB[22m
2026-10-10T03:34:39.8804785Z [2mdist/[22m[2massets/[22m[36mi18n-D4N_7Z3Q.js               [39m[1m[2m 46.14 kB[22m[1m[22m[2m │ gzip:  15.12 kB[22m
2026-10-10T03:34:39.8806660Z [2mdist/[22m[2massets/[22m[36mindex-BeRebE9w.js              [39m[1m[2m 64.28 kB[22m[1m[22m[2m │ gzip:  17.67 kB[22m
2026-10-10T03:34:39.8808578Z [2mdist/[22m[2massets/[22m[36mschemas-CoWCwirf.js            [39m[1m[2m 85.75 kB[22m[1m[22m[2m │ gzip:  25.72 kB[22m
2026-10-10T03:34:39.8810301Z [2mdist/[22m[2massets/[22m[36mindex-DgXyZ4_1.js              [39m[1m[2m100.89 kB[22m[1m[22m[2m │ gzip:  32.02 kB[22m
2026-10-10T03:34:39.8812081Z [2mdist/[22m[2massets/[22m[36mschema-validation-B78jEm7B.js  [39m[1m[2m149.80 kB[22m[1m[22m[2m │ gzip:  45.12 kB[22m
2026-10-10T03:34:39.8813908Z [2mdist/[22m[2massets/[22m[36mreact-runtime-gLMyUIL2.js      [39m[1m[2m279.79 kB[22m[1m[22m[2m │ gzip:  90.28 kB[22m
2026-10-10T03:34:39.8815865Z [2mdist/[22m[2massets/[22m[36mcharts-BwhaRlrs.js             [39m[1m[2m320.23 kB[22m[1m[22m[2m │ gzip:  96.79 kB[22m
2026-10-10T03:34:39.8817581Z [2mdist/[22m[2massets/[22m[36mmui-CJj7QyVx.js                [39m[1m[2m328.77 kB[22m[1m[22m[2m │ gzip: 100.20 kB[22m
2026-10-10T03:34:39.8819261Z [2mdist/[22m[2massets/[22m[36mcontract-data-BRT-TOMX.js      [39m[1m[2m368.62 kB[22m[1m[22m[2m │ gzip:  42.83 kB[22m
2026-10-10T03:34:39.8820248Z [32m✓ built in 6.38s[39m
2026-10-10T03:34:40.0720017Z 
2026-10-10T03:34:40.0720638Z > botsales-frontend@0.1.0 test:layout
2026-10-10T03:34:40.0722059Z > node --test tests/layout-checker.test.mjs tests/ui-layout-binding-gates.test.mjs && node scripts/check-layout.mjs
2026-10-10T03:34:40.0722975Z 
2026-10-10T03:35:29.5610535Z ✔ CSS label gap accepts the canonical direct pixel constructor and its exact owner/property (2295.055495ms)
2026-10-10T03:35:29.5627094Z ✔ CSS label gap cannot be used as an unrelated spacing property (2248.930583ms)
2026-10-10T03:35:29.5628142Z ✔ CSS label gap rejects a raw pixel constructor argument (2238.865876ms)
2026-10-10T03:35:29.5628928Z ✔ CSS label gap cannot impersonate a role from another owner (2233.445489ms)
2026-10-10T03:35:29.5630022Z ✔ accepts semantic bridge roles, the closed token-derived factor map, geometry, and reset values (2269.389391ms)
2026-10-10T03:35:29.5637112Z ✔ rejects a CSS spacing role without a declared shared owner (2197.361992ms)
2026-10-10T03:35:29.5639307Z ✔ rejects scale-conforming and off-scale literals in sx, responsive leaves, named and namespace MUI System props (2231.507171ms)
2026-10-10T03:35:29.5657540Z ✔ follows local aliases and style callbacks; rejects theme spacing helpers and preset overrides (2322.733814ms)
2026-10-10T03:35:29.5659654Z ✔ scans nested slotProps but does not confuse event handlers or geometric dimensions with spacing (2254.883556ms)
2026-10-10T03:35:29.5661639Z ✔ keeps Panel geometry inspectable and rejects spacing hidden in its geometry prop (6574.359752ms)
2026-10-10T03:35:29.5663431Z ✔ accepts only an exact CSS exception and reports stale or mismatched exception scope (6672.685767ms)
2026-10-10T03:35:29.5665315Z ✔ rejects malformed TypeScript, malformed CSS, bad exception schema, and raw values in the bridge (8941.568641ms)
2026-10-10T03:35:29.5667581Z ✔ rejects canonical pixel tokens used as MUI factors and an altered bridge factor table (4606.040291ms)
2026-10-10T03:35:29.5669293Z ✔ report mode inventories migration debt without turning findings into PASS (2305.107913ms)
2026-10-10T03:37:49.0136542Z ✔ canonical writes through casts and aliases fail outside style expressions (2372.427568ms)
2026-10-10T03:37:49.0138599Z ✔ Object.assign cannot mutate canonical data but can copy to a fresh object (4771.123385ms)
2026-10-10T03:37:49.0140814Z ✔ layout gate rejects raw spacing on const alias of MUI component (2269.835826ms)
2026-10-10T03:37:49.0142518Z ✔ canonical mutation gate follows global mutator aliases and reflection (2358.330329ms)
2026-10-10T03:37:49.0150947Z ✔ local mutator names do not acquire global mutation identity (2335.239041ms)
2026-10-10T03:37:49.0152545Z ✔ destructured mutators and call/apply retain canonical mutation checks (2384.568622ms)
2026-10-10T03:37:49.0154083Z ✔ global mutator call/apply can copy canonical values into fresh objects (2290.978063ms)
2026-10-10T03:37:49.0163990Z ✔ mutable aliases with possible canonical destinations fail closed (2364.32113ms)
2026-10-10T03:37:49.0165470Z ✔ opaque apply arguments fail closed while unrelated mutable data stays valid (4703.458536ms)
2026-10-10T03:37:49.0167218Z ✔ canonical references inside containers and destructured aliases cannot be mutated (2389.403827ms)
2026-10-10T03:37:49.0172237Z ✔ independent shallow copies of scalar canonical fields remain mutable (2376.027784ms)
2026-10-10T03:37:49.0174263Z ✔ array references and nested destructuring preserve canonical write provenance (2385.73622ms)
2026-10-10T03:37:49.0176807Z ✔ array destinations distinguish independent elements from canonical references (2311.364531ms)
2026-10-10T03:37:49.0192073Z ✔ array destructuring, dynamic indices and spread cannot hide canonical references (2409.854546ms)
2026-10-10T03:37:49.0207274Z ✔ dynamic indices and destructuring of independent arrays stay mutable (2430.144569ms)
2026-10-10T03:37:49.0221527Z ✔ function parameters cannot hide canonical mutation across source files (2433.188063ms)
2026-10-10T03:37:49.0223297Z ✔ read-only helpers and mutations of unrelated arguments remain valid (2355.980602ms)
2026-10-10T03:37:49.0225057Z ✔ returned canonical references remain protected across helper boundaries (2351.978942ms)
2026-10-10T03:37:49.0227217Z ✔ helper returns of fresh scalar copies do not retain canonical destination identity (2369.31884ms)
2026-10-10T03:37:49.0228974Z ✔ destructured object parameters cannot mutate canonical arguments (1768.068095ms)
2026-10-10T03:37:49.0230703Z ✔ destructured object parameters retain independent argument mutability (1756.181869ms)
2026-10-10T03:37:49.0232591Z ✔ default parameter and binding initializers cannot hide canonical mutations (1784.255165ms)
2026-10-10T03:37:49.0234253Z ✔ fresh default parameter and binding copies remain mutable (1788.896227ms)
2026-10-10T03:37:49.0236075Z ✔ rest parameters retain canonical argument write provenance (1773.489908ms)
2026-10-10T03:37:49.0237852Z ✔ rest parameters distinguish independent positions from canonical siblings (1781.287966ms)
2026-10-10T03:37:49.0239686Z ✔ finite spread arguments preserve shifted positional and rest destinations (1789.143831ms)
2026-10-10T03:37:49.0241430Z ✔ finite spread expansion keeps independent argument positions mutable (1782.141798ms)
2026-10-10T03:37:49.0243430Z ✔ opaque spreads keep positional mutation destinations unknown (1768.427429ms)
2026-10-10T03:37:49.0245086Z ✔ opaque spreads into read-only helpers do not invent mutation findings (1746.835207ms)
2026-10-10T03:37:49.0247206Z ✔ array parameter patterns retain canonical positions including nested object arrays (1793.476971ms)
2026-10-10T03:37:49.0249014Z ✔ array parameter patterns retain independent bound element mutability (1755.529268ms)
2026-10-10T03:37:49.0250660Z ✔ layout gate rejects parameter shadow of canonical layout name (1725.884145ms)
2026-10-10T03:37:49.0252133Z ✔ layout gate follows genuine renamed styled factory (1759.56104ms)
2026-10-10T03:37:49.0253727Z ✔ layout gate accepts canonical namespace, element access and barrel alias (1766.263798ms)
2026-10-10T03:37:49.0255403Z ✔ layout gate does not mistake local component named Stack for MUI (1756.20755ms)
2026-10-10T03:37:49.0257214Z ✔ layout gate inspects renamed installed Emotion css tag (1742.559718ms)
2026-10-10T03:37:49.0258829Z ✔ layout gate preserves genuine aliased Controller field forwarding (1750.117235ms)
2026-10-10T03:37:49.0260546Z ✔ a same-named local Controller cannot exempt an unknown prop spread (1737.002643ms)
2026-10-10T03:37:49.0262272Z ✔ genuine useForm registration survives property and destructured aliases (1735.467221ms)
2026-10-10T03:37:49.0263886Z ✔ a function named register cannot exempt injected style props (1754.160913ms)
2026-10-10T03:37:49.0265531Z ✔ a bridge callback parameter cannot impersonate its private factor binding (1733.920719ms)
2026-10-10T03:37:49.0267500Z ✔ opaque namespace component selection remains a strict binding failure (1740.425048ms)
2026-10-10T03:37:49.0268972Z ✔ opaque namespace factory cannot hide style arguments (1740.293108ms)
2026-10-10T03:37:49.0270680Z ✔ MUI re-export cannot hide raw spacing behind a first-party barrel (1728.008708ms)
2026-10-10T03:37:49.0272273Z ✔ destructuring assignments cannot hide canonical write targets (1758.148187ms)
2026-10-10T03:37:49.0288164Z ✔ destructuring assignments can update independent copied destinations (1771.848183ms)
2026-10-10T03:37:49.0290743Z ✔ object rest retains nested canonical references while copying the outer object (1771.671998ms)
2026-10-10T03:37:49.0301770Z ✔ rest scalar copies and replacement of container references stay mutable (1760.874136ms)
2026-10-10T03:37:49.0303040Z ✔ shallow object spread preserves canonical child references and last-writer order (1779.107785ms)
2026-10-10T03:37:49.0306981Z ✔ shallow spread with a later independent override stays mutable (1770.038269ms)
2026-10-10T03:37:49.0326302Z ✔ exported mutable aliases retain assignments from their declaring file (1767.712211ms)
2026-10-10T03:37:49.0338119Z ✔ exported independent mutable data does not acquire canonical provenance (1754.069081ms)
2026-10-10T03:37:49.0339993Z ✔ literal computed keys retain canonical container and parameter provenance (1773.187815ms)
2026-10-10T03:37:49.0341816Z ✔ literal computed keys do not taint independent selected properties (1759.751891ms)
2026-10-10T03:37:49.0343658Z ✔ Object.assign shallow copies retain canonical nested reference provenance (1773.422883ms)
2026-10-10T03:37:49.0345525Z ✔ Object.assign later independent overrides and scalar copies stay mutable (1782.414286ms)
2026-10-10T03:37:49.0347701Z ✔ union and dynamic property selections retain possible canonical destinations (1759.542133ms)
2026-10-10T03:37:49.0349590Z ✔ finite union property selections exclude canonical siblings not in the key set (1759.581911ms)
2026-10-10T03:37:49.0351444Z ✔ union selection over Object.assign output retains canonical child provenance (1786.396286ms)
2026-10-10T03:37:49.0353961Z ✔ union selection over independent Object.assign output remains mutable (1757.817701ms)
2026-10-10T03:37:49.0356320Z ✔ Reflect.set call/apply checks the target argument rather than the assigned value (5323.904856ms)
2026-10-10T03:37:49.0357468Z ✔ aliased React createElement checks MUI and native style objects (1750.191761ms)
2026-10-10T03:37:49.0358734Z ✔ GlobalStyles.styles is checked and local createElement names stay local (3469.049901ms)
2026-10-10T03:37:49.0359693Z ✔ React JSX runtime factories cannot bypass MUI or native style checks (1757.603893ms)
2026-10-10T03:37:49.0360687Z ✔ React cloneElement checks the cloned MUI element and preserves native props (6993.413858ms)
2026-10-10T03:37:49.0361670Z ✔ Emotion css props and object factories are inspected with native CSS semantics (5276.211889ms)
2026-10-10T03:37:49.0362667Z ✔ Inline style elements in JSX, React factories, DOM and the HTML entry fail closed (14102.469205ms)
2026-10-10T03:37:49.0363624Z ✔ DOM CSSOM spacing writes use semantic roles and reject opaque style strings (3537.13933ms)
2026-10-10T03:37:49.0364642Z ✔ HTML parsing and runtime stylesheet mutation cannot bypass the imported CSS boundary (3567.269232ms)
2026-10-10T03:37:49.0365980Z ✔ spacing shorthand values and responsive breakpoints preserve token and unit provenance (17637.073174ms)
2026-10-10T03:37:49.0367652Z ✔ function return producers cannot hide canonical children behind spreads (1768.047605ms)
2026-10-10T03:37:49.0370817Z ✔ producer spreads keep later independent child overrides writable (1753.576573ms)
2026-10-10T03:37:49.0464242Z ℹ tests 86
2026-10-10T03:37:49.0464668Z ℹ suites 0
2026-10-10T03:37:49.0465074Z ℹ pass 86
2026-10-10T03:37:49.0465455Z ℹ fail 0
2026-10-10T03:37:49.0466195Z ℹ cancelled 0
2026-10-10T03:37:49.0466862Z ℹ skipped 0
2026-10-10T03:37:49.0467224Z ℹ todo 0
2026-10-10T03:37:49.0467646Z ℹ duration_ms 188940.5407
2026-10-10T03:37:57.1620881Z layout-check PASS: 93 source files, 0 finding(s), 1 exception(s) used
2026-10-10T03:37:57.3532000Z 
2026-10-10T03:37:57.3532810Z > botsales-frontend@0.1.0 test:visual-tokens
2026-10-10T03:37:57.3533819Z > node --test tests/visual-token-checker.test.mjs && node scripts/check-visual-tokens.mjs
2026-10-10T03:37:57.3534271Z 
2026-10-10T03:38:01.3396157Z ✔ visual checker accepts canonical theme roles, token references, geometry and semantic responsive props (1090.265477ms)
2026-10-10T03:38:01.3398245Z ✔ visual checker rejects raw literals across sx, JSX system props and CSS declarations (614.791179ms)
2026-10-10T03:38:01.3407418Z ✔ visual checker follows local style aliases and callback themes, but fails raw nested values (584.473808ms)
2026-10-10T03:38:01.3408949Z ✔ visual checker reports unresolved spreads and malformed style sources as UNKNOWN or parse errors (535.09003ms)
2026-10-10T03:38:01.3411304Z ✔ visual checker includes newly added TSX files under the source root (567.308066ms)
2026-10-10T03:38:01.4067649Z ℹ tests 5
2026-10-10T03:38:01.4068189Z ℹ suites 0
2026-10-10T03:38:01.4068652Z ℹ pass 5
2026-10-10T03:38:01.4069301Z ℹ fail 0
2026-10-10T03:38:01.4069601Z ℹ cancelled 0
2026-10-10T03:38:01.4069877Z ℹ skipped 0
2026-10-10T03:38:01.4070131Z ℹ todo 0
2026-10-10T03:38:01.4070456Z ℹ duration_ms 4020.292701
2026-10-10T03:38:07.3336896Z visual-token-check PASS: 92 source files, 0 finding(s)
2026-10-10T03:38:07.4987278Z 
2026-10-10T03:38:07.4987921Z > botsales-frontend@0.1.0 test:ui-composition
2026-10-10T03:38:07.4989232Z > node --test tests/ui-composition-checker.test.mjs tests/ui-composition-ancestry.test.mjs tests/ui-shared-api-contract.test.mjs && node scripts/check-ui-composition.mjs
2026-10-10T03:38:07.4990073Z 
2026-10-10T03:38:24.7572581Z ✔ P10/P15 catch alias and neutral-wrapper duplicate insets through fragments and conditionals (1589.185509ms)
2026-10-10T03:38:24.7574769Z ✔ P20 resolves shared composition identities through a barrel and const component aliases (887.179158ms)
2026-10-10T03:38:24.7576848Z ✔ P11/P13 catch static element access roles on every MUI surface, including Paper (715.138698ms)
2026-10-10T03:38:24.7586623Z ✔ P12 checks React createElement and JSX-runtime element factories (731.581109ms)
2026-10-10T03:38:24.7588086Z ✔ P14 resolves bodyMode literal aliases and fails closed when ownership is unknown (2248.61792ms)
2026-10-10T03:38:24.7589563Z ✔ checks Panel ancestry when React elements are created natively (728.541514ms)
2026-10-10T03:38:24.7590894Z ✔ keeps independent nested surfaces and portaled dialogs as separate owners (1571.137914ms)
2026-10-10T03:38:24.7592321Z ✔ accepts finite bodyMode branches and every mode in the public component contracts (1765.194087ms)
2026-10-10T03:38:24.7593674Z ✔ stops inherited gap ownership at Panels and independent bordered surfaces (995.231733ms)
2026-10-10T03:38:24.7596140Z ✔ tracks gaps through fragments, conditions and ready QueryState, but not inside DOM wrappers (557.561762ms)
2026-10-10T03:38:24.7598202Z ✔ applies the same finite modes and wrapper boundaries to native React factories (999.078339ms)
2026-10-10T03:38:24.7604166Z ✔ recognizes native outlined Paper and nested Box surface inset boundaries (1080.070766ms)
2026-10-10T03:38:24.7605490Z ✔ fails closed when an unresolved custom wrapper obscures a semantic gap owner (498.092909ms)
2026-10-10T03:38:24.7607708Z ✔ rejects unsupported placement and rhythm values while accepting finite aliases and branches (989.013054ms)
2026-10-10T03:38:24.7657388Z ✔ rejects unsupported finite values through React element factories (1049.66551ms)
2026-10-10T03:38:24.8777150Z ✔ accepts semantic composition, closed geometry and business-specific MUI primitives (15.766529ms)
2026-10-10T03:38:24.8778442Z ✔ rejects rebuilding each shared spacing owner at a consumer (7.663799ms)
2026-10-10T03:38:24.8779683Z ✔ follows aliases, local style variables, object spreads and namespace imports (3.39685ms)
2026-10-10T03:38:24.8780847Z ✔ rejects direct and spread spacing overrides on semantic components (2.776949ms)
2026-10-10T03:38:24.8781865Z ✔ rejects spacing or opaque spreads hidden in geometry (0.7958ms)
2026-10-10T03:38:24.8783032Z ✔ allows the canonical owner implementation and fails closed on malformed source (4.097201ms)
2026-10-10T03:38:24.8784654Z ✔ rejects duplicated parent boundary and duplicated Panel inset (1.513564ms)
2026-10-10T03:38:24.8786515Z ✔ checks default MUI imports and fails closed for opaque geometry (1.205337ms)
2026-10-10T03:38:24.8787800Z ✔ distinguishes content grids from flex flows when reporting the shared owner (0.910745ms)
2026-10-10T03:38:24.8788795Z ✔ rejects page spacing for paired fields and peer Panels without a section gap owner (5.404398ms)
2026-10-10T03:38:24.8790229Z ✔ related sibling gaps belong to ActionGroup comfortable density, not consumer Stack styles (1.490341ms)
2026-10-10T03:38:24.8791612Z ✔ density profiles are finite and new spacing paths retain the shared owner (4.277779ms)
2026-10-10T03:38:24.8792597Z ✔ Amount consumers declare wrapping outside DataTable columns and keep table money unbroken (153.894414ms)
2026-10-10T03:38:24.8793483Z ✔ the shared catalog covers every public React component and supporting Column type (134.253432ms)
2026-10-10T03:38:24.8794285Z ✔ SPC-067 covers discovered public Shared APIs without a fixed export count (1.25509ms)
2026-10-10T03:38:24.8794981Z ✔ every public React API has a direct rendered contract test (2.362323ms)
2026-10-10T03:38:24.8800985Z ✔ catalog declaration lines and stated JSX counts match resolved source symbols (292.99116ms)
2026-10-10T03:38:24.8802853Z ✔ every shared React export has a resolved production consumer or an explicit zero-use lifecycle decision (163.182493ms)
2026-10-10T03:38:24.8803938Z ✔ required UI evidence and regression gates remain wired to root verify and the active parent workflow (0.811029ms)
2026-10-10T03:38:24.8804742Z ✔ composition prop allowlists match the TypeScript owners exactly (0.568524ms)
2026-10-10T03:38:24.8805450Z ✔ QueryState uses only the approved inline and section pending profiles (5.766797ms)
2026-10-10T03:38:24.8807014Z ✔ QueryState consumers reserve section loading for primary content and keep every other state inline by default (135.033102ms)
2026-10-10T03:38:24.8808016Z ✔ body modes, placement roles and geometry keys match the TypeScript contracts (3.525561ms)
2026-10-10T03:38:24.8808869Z ✔ Panel geometry and DataTable columns remain closed public contracts (10.046138ms)
2026-10-10T03:38:24.8810236Z ✔ shared component and composition props expose no arbitrary layout/style escape hatch (0.488114ms)
2026-10-10T03:38:24.8811404Z ✔ layout role types, runtime values, consumers and ownership documentation stay closed (6781.965739ms)
2026-10-10T03:38:24.8811909Z ℹ tests 41
2026-10-10T03:38:24.8812124Z ℹ suites 0
2026-10-10T03:38:24.8812326Z ℹ pass 41
2026-10-10T03:38:24.8812575Z ℹ fail 0
2026-10-10T03:38:24.8812806Z ℹ cancelled 0
2026-10-10T03:38:24.8813023Z ℹ skipped 0
2026-10-10T03:38:24.8813248Z ℹ todo 0
2026-10-10T03:38:24.8813527Z ℹ duration_ms 17345.595094
2026-10-10T03:40:01.1512549Z ui-composition PASS: 91 source files, 0 finding(s)
2026-10-10T03:40:01.1513302Z 
2026-10-10T03:40:01.5107749Z 
2026-10-10T03:40:01.5108391Z > botsales-frontend@0.1.0 test:evidence
2026-10-10T03:40:01.5110445Z > node --test tests/ui-evidence-validator.test.mjs && node scripts/validate-ui-evidence.mjs evidence/frontend-ui-improvements/ui-governance-rollout-20261007/S17-current-evidence.json
2026-10-10T03:40:01.5111828Z 
2026-10-10T03:40:01.6141968Z ✔ accepts current fingerprints, honest open coverage, and explained N/A (4.739432ms)
2026-10-10T03:40:01.6143646Z ✔ rejects a stale source fingerprint (1.071939ms)
2026-10-10T03:40:01.6145118Z ✔ rejects a stale command log (1.066388ms)
2026-10-10T03:40:01.6149388Z ✔ rejects missing, absolute, and escaping source paths (0.858128ms)
2026-10-10T03:40:01.6151102Z ✔ rejects unrun, missing, duplicate, and nonzero command results marked PASS (1.0567ms)
2026-10-10T03:40:01.6153822Z ✔ rejects PASS when expected and observed results differ (0.801301ms)
2026-10-10T03:40:01.6157449Z ✔ rejects inconsistent coverage and N/A without a reason (0.756978ms)
2026-10-10T03:40:01.6160003Z ✔ rejects a baseline falsely dated after implementation started and detects changed baseline artifacts (1.370548ms)
2026-10-10T03:40:01.6164107Z ✔ COMPLETE cannot contain open coverage or failed commands (1.064745ms)
2026-10-10T03:40:01.6166110Z ✔ S19 must explicitly reconcile files, APIs, routes, rendered routes, slots, and states (1.258117ms)
2026-10-10T03:40:01.6168132Z ✔ rejects malformed top-level evidence instead of treating missing fields as success (0.579196ms)
2026-10-10T03:40:01.6264763Z ℹ tests 11
2026-10-10T03:40:01.6265397Z ℹ suites 0
2026-10-10T03:40:01.6266091Z ℹ pass 11
2026-10-10T03:40:01.6266527Z ℹ fail 0
2026-10-10T03:40:01.6267225Z ℹ cancelled 0
2026-10-10T03:40:01.6267687Z ℹ skipped 0
2026-10-10T03:40:01.6268110Z ℹ todo 0
2026-10-10T03:40:01.6268587Z ℹ duration_ms 81.821881
2026-10-10T03:40:01.6987451Z ui-evidence PASS: S17; 3 command/log record(s), 3 coverage row(s), 275 current fingerprint(s); status=COMPLETE
2026-10-10T03:40:01.7208250Z ##[group]Run npm run test:e2e -- --project=chromium --reporter=line
2026-10-10T03:40:01.7208761Z [36;1mnpm run test:e2e -- --project=chromium --reporter=line[0m
2026-10-10T03:40:01.7270830Z shell: /usr/bin/bash -e {0}
2026-10-10T03:40:01.7271091Z ##[endgroup]
2026-10-10T03:40:01.8276775Z 
2026-10-10T03:40:01.8277332Z > botsales-frontend@0.1.0 test:e2e
2026-10-10T03:40:01.8277986Z > node scripts/run-e2e.mjs --project=chromium --reporter=line
2026-10-10T03:40:01.8278332Z 
2026-10-10T03:40:01.8594689Z 
2026-10-10T03:40:01.8595255Z > npm run setup
2026-10-10T03:40:01.9540347Z 
2026-10-10T03:40:01.9540891Z > botsales-frontend@0.1.0 setup
2026-10-10T03:40:01.9541272Z > node scripts/setup.mjs
2026-10-10T03:40:01.9541548Z 
2026-10-10T03:40:02.2127967Z {"status":"PASS","outputs":15,"schemas":346,"operations":245,"routes":61}
2026-10-10T03:40:02.3058166Z Copying the worker script at "/home/runner/work/Bot-AI-Ban-hang-FB/Bot-AI-Ban-hang-FB/BotSalesAI_Frontend/apps/web/public"...
2026-10-10T03:40:02.3103326Z 
2026-10-10T03:40:02.3103956Z [32mWorker script successfully copied![39m
2026-10-10T03:40:02.3104474Z [90m  - public
2026-10-10T03:40:02.3104731Z [39m
2026-10-10T03:40:02.3105103Z Continue by describing the network in your application:
2026-10-10T03:40:02.3105389Z 
2026-10-10T03:40:02.3105395Z 
2026-10-10T03:40:02.3105976Z [31m[1mhttps://mswjs.io/docs/quick-start[22m[39m
2026-10-10T03:40:02.3106258Z 
2026-10-10T03:40:02.3168688Z Thiết lập xong. npm run dev chạy frontend mô phỏng; không kết nối khách hàng hoặc provider thật.
2026-10-10T03:40:02.3273140Z 
2026-10-10T03:40:02.3273315Z > npm run build
2026-10-10T03:40:02.4198432Z 
2026-10-10T03:40:02.4199004Z > botsales-frontend@0.1.0 build
2026-10-10T03:40:02.4199804Z > npm run generate:check && npm run typecheck && npm run build --workspace @botsales/web
2026-10-10T03:40:02.4200229Z 
2026-10-10T03:40:02.5197165Z 
2026-10-10T03:40:02.5197741Z > botsales-frontend@0.1.0 generate:check
2026-10-10T03:40:02.5198389Z > node scripts/generate.mjs --check
2026-10-10T03:40:02.5198612Z 
2026-10-10T03:40:02.7060282Z {"status":"PASS","outputs":15,"schemas":346,"operations":245,"routes":61}
2026-10-10T03:40:02.8157035Z 
2026-10-10T03:40:02.8157604Z > botsales-frontend@0.1.0 typecheck
2026-10-10T03:40:02.8158220Z > tsc -p apps/web/tsconfig.json --noEmit
2026-10-10T03:40:02.8158469Z 
2026-10-10T03:40:10.1615957Z 
2026-10-10T03:40:10.1616494Z > @botsales/web@0.1.0 build
2026-10-10T03:40:10.1617240Z > vite build --mode production
2026-10-10T03:40:10.1617536Z 
2026-10-10T03:40:10.3254377Z [36mvite v7.3.6 [32mbuilding client environment for production...[36m[39m
2026-10-10T03:40:10.3895206Z transforming...
2026-10-10T03:40:15.8286707Z [32m✓[39m 2077 modules transformed.
2026-10-10T03:40:16.3676978Z rendering chunks...
2026-10-10T03:40:16.5874098Z computing gzip size...
2026-10-10T03:40:16.6150426Z [2mdist/[22m[32mindex.html                            [39m[1m[2m  1.23 kB[22m[1m[22m[2m │ gzip:   0.61 kB[22m
2026-10-10T03:40:16.6152281Z [2mdist/[22m[2massets/[22m[35mindex-BQPx7lJM.css             [39m[1m[2m  3.56 kB[22m[1m[22m[2m │ gzip:   1.33 kB[22m
2026-10-10T03:40:16.6154050Z [2mdist/[22m[2massets/[22m[36mdownload-8lJFmiSZ.js           [39m[1m[2m  0.23 kB[22m[1m[22m[2m │ gzip:   0.17 kB[22m
2026-10-10T03:40:16.6155942Z [2mdist/[22m[2massets/[22m[36mfilters-CM07jGKE.js            [39m[1m[2m  0.32 kB[22m[1m[22m[2m │ gzip:   0.25 kB[22m
2026-10-10T03:40:16.6157818Z [2mdist/[22m[2massets/[22m[36mhooks-L2nh8X7I.js              [39m[1m[2m  4.59 kB[22m[1m[22m[2m │ gzip:   2.15 kB[22m
2026-10-10T03:40:16.6159000Z [2mdist/[22m[2massets/[22m[36mdraft-conflict-CQUoJQ4o.js     [39m[1m[2m  5.37 kB[22m[1m[22m[2m │ gzip:   2.49 kB[22m
2026-10-10T03:40:16.6159980Z [2mdist/[22m[2massets/[22m[36mindex-mquMxiPF.js              [39m[1m[2m  8.25 kB[22m[1m[22m[2m │ gzip:   3.27 kB[22m
2026-10-10T03:40:16.6161240Z [2mdist/[22m[2massets/[22m[36mindex-CiWOs-TV.js              [39m[1m[2m  9.42 kB[22m[1m[22m[2m │ gzip:   3.73 kB[22m
2026-10-10T03:40:16.6162200Z [2mdist/[22m[2massets/[22m[36mindex-DQGrQuEv.js              [39m[1m[2m 13.14 kB[22m[1m[22m[2m │ gzip:   5.19 kB[22m
2026-10-10T03:40:16.6163748Z [2mdist/[22m[2massets/[22m[36mindex-OVGPogNo.js              [39m[1m[2m 15.39 kB[22m[1m[22m[2m │ gzip:   5.90 kB[22m
2026-10-10T03:40:16.6164768Z [2mdist/[22m[2massets/[22m[36mindex-Bd9mcE3C.js              [39m[1m[2m 16.98 kB[22m[1m[22m[2m │ gzip:   5.58 kB[22m
2026-10-10T03:40:16.6166349Z [2mdist/[22m[2massets/[22m[36mindex-Bg61UgeK.js              [39m[1m[2m 16.99 kB[22m[1m[22m[2m │ gzip:   5.81 kB[22m
2026-10-10T03:40:16.6168134Z [2mdist/[22m[2massets/[22m[36mindex-PCRh2M1X.js              [39m[1m[2m 18.85 kB[22m[1m[22m[2m │ gzip:   6.33 kB[22m
2026-10-10T03:40:16.6169811Z [2mdist/[22m[2massets/[22m[36mindex-BUtDDvPf.js              [39m[1m[2m 19.08 kB[22m[1m[22m[2m │ gzip:   7.02 kB[22m
2026-10-10T03:40:16.6170985Z [2mdist/[22m[2massets/[22m[36mindex-CvmCKMdV.js              [39m[1m[2m 20.90 kB[22m[1m[22m[2m │ gzip:   6.92 kB[22m
2026-10-10T03:40:16.6171932Z [2mdist/[22m[2massets/[22m[36mindex-Dzt3sNfY.js              [39m[1m[2m 21.23 kB[22m[1m[22m[2m │ gzip:   7.65 kB[22m
2026-10-10T03:40:16.6172835Z [2mdist/[22m[2massets/[22m[36mindex-RfTtRmBG.js              [39m[1m[2m 24.80 kB[22m[1m[22m[2m │ gzip:   8.25 kB[22m
2026-10-10T03:40:16.6173790Z [2mdist/[22m[2massets/[22m[36mindex-DWs4xu4k.js              [39m[1m[2m 25.06 kB[22m[1m[22m[2m │ gzip:   8.46 kB[22m
2026-10-10T03:40:16.6174702Z [2mdist/[22m[2massets/[22m[36mindex-BSXDucyP.js              [39m[1m[2m 30.93 kB[22m[1m[22m[2m │ gzip:   9.93 kB[22m
2026-10-10T03:40:16.6175634Z [2mdist/[22m[2massets/[22m[36mindex-DattA6PL.js              [39m[1m[2m 32.48 kB[22m[1m[22m[2m │ gzip:  10.82 kB[22m
2026-10-10T03:40:16.6177143Z [2mdist/[22m[2massets/[22m[36mquery-Df7VyXaF.js              [39m[1m[2m 33.15 kB[22m[1m[22m[2m │ gzip:   9.92 kB[22m
2026-10-10T03:40:16.6178085Z [2mdist/[22m[2massets/[22m[36mindex-WDyY7fx-.js              [39m[1m[2m 42.03 kB[22m[1m[22m[2m │ gzip:  11.49 kB[22m
2026-10-10T03:40:16.6178995Z [2mdist/[22m[2massets/[22m[36mi18n-D4N_7Z3Q.js               [39m[1m[2m 46.14 kB[22m[1m[22m[2m │ gzip:  15.12 kB[22m
2026-10-10T03:40:16.6179896Z [2mdist/[22m[2massets/[22m[36mindex-BeRebE9w.js              [39m[1m[2m 64.28 kB[22m[1m[22m[2m │ gzip:  17.67 kB[22m
2026-10-10T03:40:16.6180815Z [2mdist/[22m[2massets/[22m[36mschemas-CoWCwirf.js            [39m[1m[2m 85.75 kB[22m[1m[22m[2m │ gzip:  25.72 kB[22m
2026-10-10T03:40:16.6181727Z [2mdist/[22m[2massets/[22m[36mindex-DgXyZ4_1.js              [39m[1m[2m100.89 kB[22m[1m[22m[2m │ gzip:  32.02 kB[22m
2026-10-10T03:40:16.6182682Z [2mdist/[22m[2massets/[22m[36mschema-validation-B78jEm7B.js  [39m[1m[2m149.80 kB[22m[1m[22m[2m │ gzip:  45.12 kB[22m
2026-10-10T03:40:16.6183697Z [2mdist/[22m[2massets/[22m[36mreact-runtime-gLMyUIL2.js      [39m[1m[2m279.79 kB[22m[1m[22m[2m │ gzip:  90.28 kB[22m
2026-10-10T03:40:16.6184664Z [2mdist/[22m[2massets/[22m[36mcharts-BwhaRlrs.js             [39m[1m[2m320.23 kB[22m[1m[22m[2m │ gzip:  96.79 kB[22m
2026-10-10T03:40:16.6185594Z [2mdist/[22m[2massets/[22m[36mmui-CJj7QyVx.js                [39m[1m[2m328.77 kB[22m[1m[22m[2m │ gzip: 100.20 kB[22m
2026-10-10T03:40:16.6186968Z [2mdist/[22m[2massets/[22m[36mcontract-data-BRT-TOMX.js      [39m[1m[2m368.62 kB[22m[1m[22m[2m │ gzip:  42.83 kB[22m
2026-10-10T03:40:16.6187565Z [32m✓ built in 6.28s[39m
2026-10-10T03:40:16.7119793Z 
2026-10-10T03:40:16.7120202Z > npm run build:demo
2026-10-10T03:40:16.8094768Z 
2026-10-10T03:40:16.8095364Z > botsales-frontend@0.1.0 build:demo
2026-10-10T03:40:16.8096522Z > npm run generate:check && npm run typecheck && npm run build:demo --workspace @botsales/web
2026-10-10T03:40:16.8096939Z 
2026-10-10T03:40:16.9118527Z 
2026-10-10T03:40:16.9119130Z > botsales-frontend@0.1.0 generate:check
2026-10-10T03:40:16.9119601Z > node scripts/generate.mjs --check
2026-10-10T03:40:16.9119818Z 
2026-10-10T03:40:17.0875048Z {"status":"PASS","outputs":15,"schemas":346,"operations":245,"routes":61}
2026-10-10T03:40:17.1955466Z 
2026-10-10T03:40:17.1956216Z > botsales-frontend@0.1.0 typecheck
2026-10-10T03:40:17.1956822Z > tsc -p apps/web/tsconfig.json --noEmit
2026-10-10T03:40:17.1957354Z 
2026-10-10T03:40:24.5453477Z 
2026-10-10T03:40:24.5454286Z > @botsales/web@0.1.0 build:demo
2026-10-10T03:40:24.5455095Z > vite build --mode demo --outDir dist-demo
2026-10-10T03:40:24.5455552Z 
2026-10-10T03:40:24.7077515Z [36mvite v7.3.6 [32mbuilding client environment for demo...[36m[39m
2026-10-10T03:40:24.7736135Z transforming...
2026-10-10T03:40:30.8158437Z [32m✓[39m 2293 modules transformed.
2026-10-10T03:40:31.3918095Z rendering chunks...
2026-10-10T03:40:31.6710139Z computing gzip size...
2026-10-10T03:40:31.7207575Z [2mdist-demo/[22m[32mindex.html                            [39m[1m[2m  1.23 kB[22m[1m[22m[2m │ gzip:   0.61 kB[22m
2026-10-10T03:40:31.7247244Z [2mdist-demo/[22m[2massets/[22m[35mindex-BQPx7lJM.css             [39m[1m[2m  3.56 kB[22m[1m[22m[2m │ gzip:   1.33 kB[22m
2026-10-10T03:40:31.7257121Z [2mdist-demo/[22m[2massets/[22m[36mdownload-CWiaXb8A.js           [39m[1m[2m  0.24 kB[22m[1m[22m[2m │ gzip:   0.17 kB[22m
2026-10-10T03:40:31.7327038Z [2mdist-demo/[22m[2massets/[22m[36mfilters-CirfTR7_.js            [39m[1m[2m  0.32 kB[22m[1m[22m[2m │ gzip:   0.25 kB[22m
2026-10-10T03:40:31.7356991Z [2mdist-demo/[22m[2massets/[22m[36mcontrol-Criu5A-7.js            [39m[1m[2m  1.73 kB[22m[1m[22m[2m │ gzip:   0.94 kB[22m
2026-10-10T03:40:31.7386961Z [2mdist-demo/[22m[2massets/[22m[36mhooks-BeC01d3Y.js              [39m[1m[2m  4.59 kB[22m[1m[22m[2m │ gzip:   2.15 kB[22m
2026-10-10T03:40:31.7447121Z [2mdist-demo/[22m[2massets/[22m[36mdraft-conflict-tNpI-HAo.js     [39m[1m[2m  5.37 kB[22m[1m[22m[2m │ gzip:   2.49 kB[22m
2026-10-10T03:40:31.7467120Z [2mdist-demo/[22m[2massets/[22m[36mindex-SkfVeie4.js              [39m[1m[2m  8.79 kB[22m[1m[22m[2m │ gzip:   3.47 kB[22m
2026-10-10T03:40:31.7468787Z [2mdist-demo/[22m[2massets/[22m[36mindex-DH5AOH0G.js              [39m[1m[2m  9.42 kB[22m[1m[22m[2m │ gzip:   3.73 kB[22m
2026-10-10T03:40:31.7470412Z [2mdist-demo/[22m[2massets/[22m[36mindex-B3gGpiMi.js              [39m[1m[2m 13.14 kB[22m[1m[22m[2m │ gzip:   5.18 kB[22m
2026-10-10T03:40:31.7472061Z [2mdist-demo/[22m[2massets/[22m[36mindex-D3UNZ1L-.js              [39m[1m[2m 15.09 kB[22m[1m[22m[2m │ gzip:   5.71 kB[22m
2026-10-10T03:40:31.7473734Z [2mdist-demo/[22m[2massets/[22m[36mindex-BWSxRwQH.js              [39m[1m[2m 17.14 kB[22m[1m[22m[2m │ gzip:   5.61 kB[22m
2026-10-10T03:40:31.7475375Z [2mdist-demo/[22m[2massets/[22m[36mindex-BGP_Ad-y.js              [39m[1m[2m 18.85 kB[22m[1m[22m[2m │ gzip:   6.33 kB[22m
2026-10-10T03:40:31.7477237Z [2mdist-demo/[22m[2massets/[22m[36mindex-01nb5nQj.js              [39m[1m[2m 19.18 kB[22m[1m[22m[2m │ gzip:   6.54 kB[22m
2026-10-10T03:40:31.7478899Z [2mdist-demo/[22m[2massets/[22m[36mindex-DgCh8QFc.js              [39m[1m[2m 19.28 kB[22m[1m[22m[2m │ gzip:   7.08 kB[22m
2026-10-10T03:40:31.7480555Z [2mdist-demo/[22m[2massets/[22m[36mindex-Cco5VbEE.js              [39m[1m[2m 20.90 kB[22m[1m[22m[2m │ gzip:   6.92 kB[22m
2026-10-10T03:40:31.7482229Z [2mdist-demo/[22m[2massets/[22m[36mindex-hYjqNRGb.js              [39m[1m[2m 24.80 kB[22m[1m[22m[2m │ gzip:   8.24 kB[22m
2026-10-10T03:40:31.7483903Z [2mdist-demo/[22m[2massets/[22m[36mindex-BDJDBZpL.js              [39m[1m[2m 25.47 kB[22m[1m[22m[2m │ gzip:   8.62 kB[22m
2026-10-10T03:40:31.7486243Z [2mdist-demo/[22m[2massets/[22m[36mindex-DQbFFBlT.js              [39m[1m[2m 28.10 kB[22m[1m[22m[2m │ gzip:   9.80 kB[22m
2026-10-10T03:40:31.7488005Z [2mdist-demo/[22m[2massets/[22m[36mindex-DX4hKm3W.js              [39m[1m[2m 30.93 kB[22m[1m[22m[2m │ gzip:   9.93 kB[22m
2026-10-10T03:40:31.7489692Z [2mdist-demo/[22m[2massets/[22m[36mindex-f6PQjW3Q.js              [39m[1m[2m 32.93 kB[22m[1m[22m[2m │ gzip:  10.94 kB[22m
2026-10-10T03:40:31.7491337Z [2mdist-demo/[22m[2massets/[22m[36mquery-Df7VyXaF.js              [39m[1m[2m 33.15 kB[22m[1m[22m[2m │ gzip:   9.92 kB[22m
2026-10-10T03:40:31.7493203Z [2mdist-demo/[22m[2massets/[22m[36mindex-D6MJeQeX.js              [39m[1m[2m 42.03 kB[22m[1m[22m[2m │ gzip:  11.49 kB[22m
2026-10-10T03:40:31.7494841Z [2mdist-demo/[22m[2massets/[22m[36mi18n-D4N_7Z3Q.js               [39m[1m[2m 46.14 kB[22m[1m[22m[2m │ gzip:  15.12 kB[22m
2026-10-10T03:40:31.7527811Z [2mdist-demo/[22m[2massets/[22m[36mindex-BoOL50Pn.js              [39m[1m[2m 65.49 kB[22m[1m[22m[2m │ gzip:  18.10 kB[22m
2026-10-10T03:40:31.7529580Z [2mdist-demo/[22m[2massets/[22m[36mschemas-CoWCwirf.js            [39m[1m[2m 85.75 kB[22m[1m[22m[2m │ gzip:  25.72 kB[22m
2026-10-10T03:40:31.7531237Z [2mdist-demo/[22m[2massets/[22m[36mindex-C6ptp12n.js              [39m[1m[2m105.42 kB[22m[1m[22m[2m │ gzip:  33.42 kB[22m
2026-10-10T03:40:31.7532936Z [2mdist-demo/[22m[2massets/[22m[36mschema-validation-B78jEm7B.js  [39m[1m[2m149.80 kB[22m[1m[22m[2m │ gzip:  45.12 kB[22m
2026-10-10T03:40:31.7534632Z [2mdist-demo/[22m[2massets/[22m[36mservice-DOnisuXi.js            [39m[1m[2m233.46 kB[22m[1m[22m[2m │ gzip:  54.15 kB[22m
2026-10-10T03:40:31.7567204Z [2mdist-demo/[22m[2massets/[22m[36mbrowser-CQeKKnYr.js            [39m[1m[2m255.64 kB[22m[1m[22m[2m │ gzip:  87.02 kB[22m
2026-10-10T03:40:31.7587165Z [2mdist-demo/[22m[2massets/[22m[36mreact-runtime-gLMyUIL2.js      [39m[1m[2m279.79 kB[22m[1m[22m[2m │ gzip:  90.28 kB[22m
2026-10-10T03:40:31.7588900Z [2mdist-demo/[22m[2massets/[22m[36mcharts-uDdGNk6t.js             [39m[1m[2m320.23 kB[22m[1m[22m[2m │ gzip:  96.79 kB[22m
2026-10-10T03:40:31.7590537Z [2mdist-demo/[22m[2massets/[22m[36mmui-CUCPJGs1.js                [39m[1m[2m328.77 kB[22m[1m[22m[2m │ gzip: 100.20 kB[22m
2026-10-10T03:40:31.7592213Z [2mdist-demo/[22m[2massets/[22m[36mcontract-data-CJyvN5AM.js      [39m[1m[2m375.47 kB[22m[1m[22m[2m │ gzip:  44.43 kB[22m
2026-10-10T03:40:31.7593184Z [32m✓ built in 7.00s[39m
2026-10-10T03:40:32.0456454Z 
2026-10-10T03:40:32.0457441Z > node node_modules/@playwright/test/cli.js test --project=chromium --reporter=line
2026-10-10T03:40:35.1466304Z 
2026-10-10T03:40:35.1467212Z Running 406 tests using 1 worker
2026-10-10T03:40:35.1467619Z 
2026-10-10T03:40:35.9623519Z [1/406] [chromium] › tests/accessibility/routes.spec.ts:17:1 › all canonical routes pass whole-page WCAG 2.1 A/AA axe checks in the React demo
2026-10-10T03:42:49.8061379Z [2/406] [chromium] › tests/accessibility/routes.spec.ts:84:1 › contained action buttons do not animate between contrasting enabled and disabled color pairs
2026-10-10T03:42:53.4487357Z [3/406] [chromium] › tests/artifacts/demo-preview.spec.ts:40:1 › the built demo artifact serves the React UI and synthetic API through preview
2026-10-10T03:42:54.6868331Z [chromium] › tests/artifacts/demo-preview.spec.ts:40:1 › the built demo artifact serves the React UI and synthetic API through preview
2026-10-10T03:42:54.6888524Z [artifact-preview] {"scope":"FRONTEND_WITH_SYNTHETIC_MOCK_API","artifact":"apps/web/dist-demo","browserMetrics":{"browser":"Mozilla/5.0 (Windows NT 10.0; Win64; x64) AppleWebKit/537.36 (KHTML, like Gecko) Chrome/153.0.8010.12 Safari/537.36","viewport":{"width":1280,"height":720},"route":"/s/shop-demo/overview","domContentLoadedMs":169,"loadEventMs":169,"scriptCount":11,"scriptTransferBytes":482369,"scriptAssets":[{"file":"index-C6ptp12n.js","transferBytes":33723,"decodedBytes":105422,"durationMs":24},{"file":"react-runtime-gLMyUIL2.js","transferBytes":90583,"decodedBytes":279787,"durationMs":46},{"file":"query-Df7VyXaF.js","transferBytes":10222,"decodedBytes":33154,"durationMs":21},{"file":"mui-CUCPJGs1.js","transferBytes":100504,"decodedBytes":328773,"durationMs":45},{"file":"contract-data-CJyvN5AM.js","transferBytes":44731,"decodedBytes":375469,"durationMs":40},{"file":"schema-validation-B78jEm7B.js","transferBytes":45420,"decodedBytes":149800,"durationMs":42},{"file":"i18n-D4N_7Z3Q.js","transferBytes":15416,"decodedBytes":46142,"durationMs":36},{"file":"browser-CQeKKnYr.js","transferBytes":87316,"decodedBytes":255636,"durationMs":24},{"file":"service-DOnisuXi.js","transferBytes":54454,"decodedBytes":233456,"durationMs":19},{"file":"index-DH5AOH0G.js","transferBytes":0,"decodedBytes":9416,"durationMs":92},{"file":"hooks-BeC01d3Y.js","transferBytes":0,"decodedBytes":4585,"durationMs":108}]},"bundles":{"javascriptFiles":32,"totalBytes":2617401,"totalGzipBytes":735870,"initialRouteGzipBytes":485552,"proposedBudgets":{"initialRouteGzipKiB":500,"largestChunkGzipKiB":200,"basis":"Local demo preview limits for the measured Chromium artifact; not a backend or platform SLO."},"largest":[{"file":"apps/web/dist-demo/assets/contract-data-CJyvN5AM.js","bytes":375469,"gzipBytes":44431},{"file":"apps/web/dist-demo/assets/mui-CUCPJGs1.js","bytes":328773,"gzipBytes":100204},{"file":"apps/web/dist-demo/assets/charts-uDdGNk6t.js","bytes":320234,"gzipBytes":96785},{"file":"apps/web/dist-demo/assets/react-runtime-gLMyUIL2.js","bytes":279787,"gzipBytes":90283},{"file":"apps/web/dist-demo/assets/browser-CQeKKnYr.js","bytes":255636,"gzipBytes":87016}]},"observedApi":{"path":"/api/v2/session","status":200,"servedBy":"MSW in the built demo artifact"},"dataSource":"synthetic-msw"}
2026-10-10T03:42:54.6903099Z 
2026-10-10T03:42:54.7027569Z [4/406] [chromium] › tests/artifacts/demo-preview.spec.ts:104:1 › a thousand synthetic customers remain API-paginated in the built demo artifact
2026-10-10T03:42:56.1188444Z [chromium] › tests/artifacts/demo-preview.spec.ts:104:1 › a thousand synthetic customers remain API-paginated in the built demo artifact
2026-10-10T03:42:56.1191060Z [large-dataset-api] {"url":"http://127.0.0.1:40805/api/v2/shops/shop-demo/customers?limit=20","count":20,"page":{"limit":20,"total":1004,"hasMore":true,"nextCursor":"perf-customer-0016"},"firstIds":["c1","c2","c3"]}
2026-10-10T03:42:56.1192395Z 
2026-10-10T03:42:56.1958076Z [large-dataset-preview] {"scope":"FRONTEND_WITH_SYNTHETIC_MOCK_API","artifact":"apps/web/dist-demo","datasetId":"FE025-LARGE-CUSTOMERS-1000-V1","generatedRows":1000,"firstPageIds":["c1","c2","c3","c4","perf-customer-0001","perf-customer-0002","perf-customer-0003","perf-customer-0004","perf-customer-0005","perf-customer-0006","perf-customer-0007","perf-customer-0008","perf-customer-0009","perf-customer-0010","perf-customer-0011","perf-customer-0012","perf-customer-0013","perf-customer-0014","perf-customer-0015","perf-customer-0016"],"api":{"status":200,"pageLimit":20,"total":1004,"hasMore":true,"nextCursor":"perf-customer-0016"},"domRowsIncludingHeader":21,"firstPageReadyMs":314,"browser":"Mozilla/5.0 (Windows NT 10.0; Win64; x64) AppleWebKit/537.36 (KHTML, like Gecko) Chrome/153.0.8010.12 Safari/537.36","viewport":{"width":1280,"height":720},"note":"Synthetic customer identities only; the React screen renders one API page and exposes the next cursor instead of mounting the full collection."}
2026-10-10T03:42:56.1963946Z 
2026-10-10T03:42:56.2095329Z [5/406] [chromium] › tests/artifacts/demo-preview.spec.ts:143:1 › the production artifact contains neither the mock worker asset nor MSW fixtures/runtime
2026-10-10T03:42:56.2487642Z [6/406] [chromium] › tests/fe009.spec.ts:37:1 › workspace onboarding creates a shop with an active membership and returns to its scoped route
2026-10-10T03:43:00.9644592Z [7/406] [chromium] › tests/fe009.spec.ts:59:1 › customer create validates fields, submits through mock HTTP, and preserves edits after a stale version
2026-10-10T03:43:08.0835472Z [8/406] [chromium] › tests/fe009.spec.ts:127:1 › customer detail keeps redacted contact fields read-only and does not overwrite them on save
2026-10-10T03:43:10.6918136Z [9/406] [chromium] › tests/fe009.spec.ts:144:1 › job detail follows an export created in the current synthetic shop and can refetch it
2026-10-10T03:43:13.6727757Z [10/406] [chromium] › tests/fe009.spec.ts:179:1 › FE009.G01 shop setup checklist guides to supported pages and leaves missing contract fields unverified
2026-10-10T03:43:15.3384837Z [11/406] [chromium] › tests/fe009.spec.ts:192:1 › FE009.G05 consent management persists challenges without granting consent before customer action
2026-10-10T03:43:18.0137876Z [12/406] [chromium] › tests/fe009.spec.ts:202:1 › FE009.H06 audit screen distinguishes available fields from missing contract detail
2026-10-10T03:43:19.8955180Z [13/406] [chromium] › tests/fe009.spec.ts:211:1 › FE009.B06 after-sale cases only link orders loaded for the selected customer and customer profile shows their shipment
2026-10-10T03:43:27.8888682Z [14/406] [chromium] › tests/fe009.spec.ts:243:1 › team invitation and membership revoke stay shop-scoped and protect the active owner
2026-10-10T03:43:31.9156267Z [15/406] [chromium] › tests/fe009.spec.ts:279:1 › privacy delete requests remain pending approval with no frontend step-up shortcut
2026-10-10T03:43:36.1037255Z [16/406] [chromium] › tests/fe010.spec.ts:40:1 › product editor validates positive prices, protects image-only drafts, and saves variant payload through mock HTTP
2026-10-10T03:43:44.8218876Z [17/406] [chromium] › tests/fe010.spec.ts:110:1 › product update sends If-Match and keeps edits visible after a 412 conflict
2026-10-10T03:43:48.8754688Z [18/406] [chromium] › tests/fe010.spec.ts:142:1 › warehouse role can read catalog products but cannot edit product fields or price cost data
2026-10-10T03:43:51.8061046Z [19/406] [chromium] › tests/fe010.spec.ts:151:1 › categories create, search, update with a version, and render cursor pagination
2026-10-10T03:43:55.4632804Z [20/406] [chromium] › tests/fe010.spec.ts:180:1 › CSV preview reports row-level errors and commits only valid product rows
2026-10-10T03:44:00.5490168Z [21/406] [chromium] › tests/fe010.spec.ts:252:1 › import validation token is rejected with 412 after catalog changes and the preview remains visible
2026-10-10T03:44:05.7745613Z [22/406] [chromium] › tests/fe010.spec.ts:284:1 › CSV demo row limit is explained and rejects more than 1000 data rows before preview
2026-10-10T03:44:08.2771885Z [23/406] [chromium] › tests/fe010.spec.ts:297:1 › demo upload rejects files over 5 MB before making an upload request
2026-10-10T03:44:10.9903613Z [24/406] [chromium] › tests/fe010.spec.ts:308:1 › product category lookup pages the full collection and preserves the selected category while editing
2026-10-10T03:44:38.9546266Z [chromium] › tests/fe010.spec.ts:308:1 › product category lookup pages the full collection and preserves the selected category while editing
2026-10-10T03:44:38.9549885Z UI005 acceptance: {"categoryTotal":105,"createCategoryId":"cat-2","editCategoryId":"cat-0","categoryRequests":20}
2026-10-10T03:44:38.9551600Z 
2026-10-10T03:44:39.0342736Z [25/406] [chromium] › tests/fe011.spec.ts:37:1 › FE011.AC01 snapshot drives stock totals and the SKU opens its catalog result
2026-10-10T03:44:43.6776603Z [26/406] [chromium] › tests/fe011.spec.ts:56:1 › FE011.AC02 adjustment validates, waits for mock confirmation, and reconciles movement history once
2026-10-10T03:44:50.9313950Z [27/406] [chromium] › tests/fe011.spec.ts:95:1 › FE011.AC03 conflict and insufficient stock preserve the draft and never update optimistically
2026-10-10T03:44:56.3369701Z [28/406] [chromium] › tests/fe011.spec.ts:125:1 › FE011.AC03 forbidden adjustment retains user input and shows no success state
2026-10-10T03:45:00.3961832Z [29/406] [chromium] › tests/fe011.spec.ts:141:1 › FE011.AC03 unknown command blocks duplicate submission until shared recovery reconciles it
2026-10-10T03:45:04.7388002Z [30/406] [chromium] › tests/fe011.spec.ts:159:1 › FE011.AC04 movement contract filters are URL-backed and history exposes actor and permission-gated source
2026-10-10T03:45:07.4526270Z [31/406] [chromium] › tests/fe011.spec.ts:187:1 › FE011.AC05 inventory reflows at mobile widths, passes axe, and restores keyboard focus after adjustment dialog
2026-10-10T03:45:10.8565270Z [32/406] [chromium] › tests/fe011.spec.ts:210:1 › FE011.AC03 unknown shop scope shows no stock from another shop
2026-10-10T03:45:11.8888501Z [33/406] [chromium] › tests/fe012.spec.ts:37:1 › FE012.AC01 searchable customer and product pickers submit contract-shaped draft and reject fractional quantity
2026-10-10T03:45:18.5768684Z [34/406] [chromium] › tests/fe012.spec.ts:95:1 › FE012 canonical customer address choice completes the mock order flow with a versioned snapshot
2026-10-10T03:45:24.6426846Z [35/406] [chromium] › tests/fe012.spec.ts:124:1 › FE012.AC01 editing lines invalidates quote and customer consent; a new quote is required before confirmation
2026-10-10T03:45:31.8027646Z [36/406] [chromium] › tests/fe012.spec.ts:184:1 › FE012.AC03 mock stale-version 412 preserves draft fields and does not show success
2026-10-10T03:45:35.3665960Z [37/406] [chromium] › tests/fe012.spec.ts:201:1 › FE012.AC03 offline state blocks quote mutation while retaining the loaded draft
2026-10-10T03:45:37.1593441Z [38/406] [chromium] › tests/fe012.spec.ts:213:1 › FE012.AC03 unknown confirm outcome blocks duplicate writes until shared command recovery is available
2026-10-10T03:45:41.0329275Z [39/406] [chromium] › tests/fe012.spec.ts:259:1 › FE012.AC03 quote and customer confirmation expiration disable confirmation using API time
2026-10-10T03:45:44.2402256Z [40/406] [chromium] › tests/fe012.spec.ts:279:1 › FE012.AC03 returns reject fractional/over-original quantities locally and preserve data on cumulative mock rejection
2026-10-10T03:45:46.7587149Z [41/406] [chromium] › tests/fe012.spec.ts:303:1 › FE012.AC04 return inspection loads the current case and applies accepted partial quantity to mock stock and refund
2026-10-10T03:45:51.6400582Z [42/406] [chromium] › tests/fe012.spec.ts:356:1 › FE012.AC03 handed-over order routes to returns and exposes no ordinary cancel action
2026-10-10T03:45:53.2379436Z [43/406] [chromium] › tests/fe012.spec.ts:363:1 › FE012.AC05 order drafting remains usable without horizontal page overflow and passes focused axe checks
2026-10-10T03:45:56.0662244Z [44/406] [chromium] › tests/fe013.spec.ts:42:1 › FE013.C04 shipping preview distinguishes missing address, unserviceable zone, and expired mock quote
2026-10-10T03:46:01.1488659Z [45/406] [chromium] › tests/fe013.spec.ts:68:1 › FE013.AC01–AC04 stale claim conflict is visible; pick, pack, dispatch and delivery use current API versions once
2026-10-10T03:46:14.2745976Z [46/406] [chromium] › tests/fe013.spec.ts:212:1 › FE013.AC03 unknown handover cannot be repeated before command reconciliation
2026-10-10T03:46:22.3519438Z [47/406] [chromium] › tests/fe013.spec.ts:259:1 › FE013.AC01 role scope and FE013.AC05 responsive shipment/preparation views remain accessible
2026-10-10T03:46:28.0886402Z [48/406] [chromium] › tests/fe014.spec.ts:27:1 › FE014.AC01 multi-line purchase validates MOQ/pack size and binds approval to the created intent
2026-10-10T03:46:34.4842440Z [49/406] [chromium] › tests/fe014.spec.ts:79:1 › FE027.D02 supplier workspace edits the selected contact through its current version and displays MOQ offers
2026-10-10T03:46:37.4813353Z [50/406] [chromium] › tests/fe014.spec.ts:97:1 › FE014.AC02 approval covers the exact purchase intent; unknown send is blocked from blind retry
2026-10-10T03:46:45.7054427Z [51/406] [chromium] › tests/fe014.spec.ts:156:1 › FE014.S03 auto-send requires an active matching purchase delegation
2026-10-10T03:46:49.8629185Z [52/406] [chromium] › tests/fe014.spec.ts:170:1 › FE014.S04 owner manages a paused purchase delegation only after rechecking the buyer role
2026-10-10T03:46:57.6257722Z [53/406] [chromium] › tests/fe014.spec.ts:217:1 › FE014.S03 manager without procurement.receive cannot open receipt actions
2026-10-10T03:47:01.6367448Z [54/406] [chromium] › tests/fe014.spec.ts:237:1 › FE014.AC03 partial receipt posts only accepted units to synthetic stock and payable once
2026-10-10T03:47:08.9398361Z [55/406] [chromium] › tests/fe014.spec.ts:308:1 › FE014.D03/D04/D07 replenishment uses min-max rules, labels forecast limits, and blocks duplicate proposals
2026-10-10T03:47:13.2052946Z [56/406] [chromium] › tests/fe015.spec.ts:59:1 › FE015.AC01 report filters use exact timezone boundaries and mock API aggregates
2026-10-10T03:47:18.0949499Z [57/406] [chromium] › tests/fe015.spec.ts:109:1 › FE021.E08 report explanation is mock-only, cites the filtered P&L snapshot, and never writes finance data
2026-10-10T03:47:20.0745143Z [58/406] [chromium] › tests/fe015.spec.ts:130:1 › UI003 report timestamps follow the active shop timezone
2026-10-10T03:47:26.5299544Z [59/406] [chromium] › tests/fe015.spec.ts:187:1 › FE015.E02/E03 profit report renders canonical cost, gross-profit and operating-expense values
2026-10-10T03:47:28.3938191Z [60/406] [chromium] › tests/fe015.spec.ts:215:1 › FE015.AC02 journal rejects unbalanced decimal lines before POST and sends exact money strings
2026-10-10T03:47:34.1644792Z [61/406] [chromium] › tests/fe015.spec.ts:250:1 › FE015.AC02 closed accounting period is visible and disables journal draft creation
2026-10-10T03:47:39.0097948Z [62/406] [chromium] › tests/fe015.spec.ts:274:1 › FE015.AC03 CSV import keeps partial row failures visible and deduplicates external transactions
2026-10-10T03:47:44.2996305Z [63/406] [chromium] › tests/fe015.spec.ts:297:1 › UI001 reconciliation cursors stay scoped and dialogs load choices beyond the visible table page
2026-10-10T03:48:01.8549696Z [64/406] [chromium] › tests/fe015.spec.ts:424:1 › FE015.AC03 COD settlement matches net remittance plus documented fee
2026-10-10T03:48:09.3031197Z [65/406] [chromium] › tests/fe015.spec.ts:459:1 › FE015.AC03 partial bank allocation leaves the remaining amount and debt visible
2026-10-10T03:48:14.6471678Z [66/406] [chromium] › tests/fe015.spec.ts:485:1 › FE015.AC03 unknown journal posting is not resent from the same draft
2026-10-10T03:48:21.6441777Z [67/406] [chromium] › tests/fe016.spec.ts:70:1 › UI015 mobile demo tools disclose by keyboard and inbox stays within narrow viewports
2026-10-10T03:48:25.6765586Z [68/406] [chromium] › tests/fe016.spec.ts:103:1 › FE016 conversation keeps its composer visible while long demo context scrolls independently
2026-10-10T03:48:28.1276997Z [69/406] [chromium] › tests/fe016.spec.ts:210:1 › FE016.AC01 inbox filters call canonical query fields and remain bookmarked through conversation details
2026-10-10T03:48:31.4951460Z [70/406] [chromium] › tests/fe016.spec.ts:238:1 › Shared consolidation Inbox preserves selected filters and composer draft through metadata pending error empty and recovery
2026-10-10T03:48:35.4880225Z [71/406] [chromium] › tests/fe016.spec.ts:298:1 › FE016.AC01 list cursor is isolated from message cursor and restored on back navigation
2026-10-10T03:48:37.5897373Z [72/406] [chromium] › tests/fe016.spec.ts:317:1 › UI002 inbox list and message cursors stay independent through paging, conversation switch and shop change
2026-10-10T03:48:43.1380309Z [73/406] [chromium] › tests/fe016.spec.ts:406:1 › UI002 mobile keeps the list page while messages page and Back restores it
2026-10-10T03:48:47.5545385Z [74/406] [chromium] › tests/fe016.spec.ts:450:1 › UI002 Inbox search resets only the list cursor while a message page is open
2026-10-10T03:48:51.3531881Z [75/406] [chromium] › tests/fe016.spec.ts:507:1 › UI002 deep link, refresh and mobile Back preserve their own cursors
2026-10-10T03:48:55.0911508Z [76/406] [chromium] › tests/fe016.spec.ts:561:1 › UI002 list and message panel errors remain isolated
2026-10-10T03:49:01.8487067Z [77/406] [chromium] › tests/fe016.spec.ts:585:1 › UI002 send, invalidation and resync keep both cursors and send only once
2026-10-10T03:49:05.7589605Z [78/406] [chromium] › tests/fe016.spec.ts:645:1 › FE016.AC01 takeover and reply use current versions and show API send state without claiming delivery
2026-10-10T03:49:09.2498095Z [79/406] [chromium] › tests/fe016.spec.ts:672:1 › FE016.AC02 internal notes render HTML-like text inert and feedback creates only a review draft
2026-10-10T03:49:12.3452291Z [80/406] [chromium] › tests/fe016.spec.ts:705:1 › FE016.AC03 unknown send keeps the reply draft, exposes command recovery and never blindly resends
2026-10-10T03:49:15.5576467Z [81/406] [chromium] › tests/fe016.spec.ts:728:1 › FE016.AC04 role without customer/order permissions cannot open those cross-module references
2026-10-10T03:49:18.6441494Z [82/406] [chromium] › tests/fe016.spec.ts:739:1 › FE016.S03 stale takeover preserves reason and reports the version conflict
2026-10-10T03:49:22.7252217Z [83/406] [chromium] › tests/fe016.spec.ts:755:1 › FE016.B05 cross-sell promotion preview shows sample rules without applying a discount
2026-10-10T03:49:24.6509130Z [84/406] [chromium] › tests/fe016.spec.ts:769:1 › FE016.B08 capability-driven image, voice and document media upload and send by scoped file IDs
2026-10-10T03:49:28.7529917Z [85/406] [chromium] › tests/fe016.spec.ts:835:1 › FE016.B09 pending media send preserves newer text and blocks blind retry after unknown outcome
2026-10-10T03:49:34.9373552Z [86/406] [chromium] › tests/fe016.spec.ts:879:1 › FE016.B10 a channel without an explicit media policy keeps text composer and denies attachments
2026-10-10T03:49:36.9934628Z [87/406] [chromium] › tests/fe016.spec.ts:891:1 › FE027.B01 industry sales script preview asks for missing facts and stays a local draft
2026-10-10T03:49:39.3938212Z [88/406] [chromium] › tests/fe016.spec.ts:907:1 › FE027.B02 inbox price and available stock preview uses current canonical mock reads
2026-10-10T03:49:41.5623472Z [89/406] [chromium] › tests/fe016.spec.ts:928:1 › FE027.B03 order capture links the active customer and conversation into the manual order form
2026-10-10T03:49:44.6464814Z [90/406] [chromium] › tests/fe016.spec.ts:938:1 › FE027.B04 automatic order confirmation stays unavailable until policy and customer evidence exist
2026-10-10T03:49:46.7738593Z [91/406] [chromium] › tests/fe017-validation.spec.ts:15:1 › FE017 synthetic 422 keeps the knowledge draft fields and shows field errors
2026-10-10T03:49:50.9923708Z [92/406] [chromium] › tests/fe017.spec.ts:26:1 › FE017.AC01 demo publishing uses the approved permission and lifecycle substitute without an API allowedActions field
2026-10-10T03:49:59.4980140Z [93/406] [chromium] › tests/fe017.spec.ts:117:1 › FE017.AC02 knowledge file upload sends canonical purpose and detail reads processing status
2026-10-10T03:50:03.1516981Z [94/406] [chromium] › tests/fe017.spec.ts:156:1 › FE017 price and stock source preview uses canonical product and timestamped inventory APIs
2026-10-10T03:50:04.9976261Z [95/406] [chromium] › tests/fe017.spec.ts:189:1 › FE017.AC03 missing content, unsupported and oversized files keep creation unavailable
2026-10-10T03:50:08.0108386Z [96/406] [chromium] › tests/fe017.spec.ts:211:1 › FE017.AC04 feedback approval creates inert draft content and its first revision only
2026-10-10T03:50:13.0263470Z [97/406] [chromium] › tests/fe017.spec.ts:244:1 › FE017.AC05 manager sees knowledge read-only and synthetic API rejects purpose-specific upload and publish
2026-10-10T03:50:15.7000102Z [98/406] [chromium] › tests/fe017.spec.ts:265:1 › FE017.AC06 stale review preserves the reason and explains the conflict
2026-10-10T03:50:18.5752933Z [99/406] [chromium] › tests/fe017.spec.ts:280:1 › FE027.G02 product content brief edits source, size, warranty, alternatives, and forbidden claims locally
2026-10-10T03:50:20.6248217Z [100/406] [chromium] › tests/fe017.spec.ts:298:1 › FE027.G03 policy revisions keep the published snapshot immutable when a draft changes
2026-10-10T03:50:22.8887107Z [101/406] [chromium] › tests/fe018.spec.ts:130:1 › FE018.S01 maps routes and operations to the canonical OpenAPI permissions
2026-10-10T03:50:23.3591226Z [102/406] [chromium] › tests/fe018.spec.ts:147:1 › FE018.AC01/04 draft saves use the contract version and keep human order confirmation locked after a conflict
2026-10-10T03:50:29.7378562Z [103/406] [chromium] › tests/fe018.spec.ts:178:1 › FE018.AC03 evaluation is synthetic, revision-bound, and cannot publish a stale draft
2026-10-10T03:50:36.1558331Z [104/406] [chromium] › tests/fe018.spec.ts:202:1 › FE018.AC01/04 successful publish is tied to the tested revision and pause explains its boundary
2026-10-10T03:50:42.2017554Z [105/406] [chromium] › tests/fe018.spec.ts:232:1 › FE018.AC03 playground sends no external message and preserves unknown cost and token values
2026-10-10T03:50:45.8254600Z [106/406] [chromium] › tests/fe018.spec.ts:254:1 › FE018.S03 synthetic budget and tool denials retain the prompt and never show a generated answer
2026-10-10T03:50:51.4895153Z [107/406] [chromium] › tests/fe018.spec.ts:280:1 › FE027.H03 budget and provider failover preview refuses silent provider switching on exhaustion
2026-10-10T03:50:54.9505190Z [108/406] [chromium] › tests/fe018.spec.ts:294:1 › FE018.AC02 role kill switch is versioned, preserves API tools, and does not pause the whole bot
2026-10-10T03:51:02.0745284Z [109/406] [chromium] › tests/fe018.spec.ts:335:1 › FE018.AC02 expired, wrong-scope, and matching approvals produce honest budget results
2026-10-10T03:51:06.3838253Z [110/406] [chromium] › tests/fe018.spec.ts:363:1 › FE018.AC05 manager and bot-admin roles cannot use operations outside their canonical permissions
2026-10-10T03:51:11.6514298Z [111/406] [chromium] › tests/fe018.spec.ts:395:1 › FE018.AC05 unknown role command stays unresolved and does not claim successful resumption
2026-10-10T03:51:17.1816265Z [112/406] [chromium] › tests/fe018.spec.ts:411:1 › UI004 25 evaluations: cursor pages reach the last record and preserve detail, search, and browser Back state
2026-10-10T03:51:24.0722146Z [chromium] › tests/fe018.spec.ts:411:1 › UI004 25 evaluations: cursor pages reach the last record and preserve detail, search, and browser Back state
2026-10-10T03:51:24.0725126Z UI004_25_ACCEPTANCE={"total":25,"pageSizes":[20,5],"cursor":"evaluation-10016","oldestRecord":"evaluation-10001","oldestReachable":true,"detailPreservedCursor":true,"browserBackRestoredFirstPage":true,"searchResetCursor":true}
2026-10-10T03:51:24.0727061Z 
2026-10-10T03:51:24.1285391Z [113/406] [chromium] › tests/fe018.spec.ts:457:1 › UI004 105 evaluations: cursor traversal reaches every record and retains the failing cursor for retry
2026-10-10T03:51:39.7411898Z [chromium] › tests/fe018.spec.ts:457:1 › UI004 105 evaluations: cursor traversal reaches every record and retains the failing cursor for retry
2026-10-10T03:51:39.7416368Z UI004_105_ACCEPTANCE={"total":105,"pageSizes":[20,20,20,20,20,5],"pagesVisited":6,"cursorRequests":["evaluation-10256","evaluation-10196","evaluation-10136","evaluation-10076","evaluation-10016"],"uniqueRecords":105,"oldestRecord":"evaluation-10001","oldestReachable":true,"failedCursorRetainedForRetry":"evaluation-10196","errorShowsNoFabricatedRows":true,"retrySucceeded":true}
2026-10-10T03:51:39.7420015Z 
2026-10-10T03:51:39.8078444Z [114/406] [chromium] › tests/fe019.spec.ts:21:1 › FE019.S01 maps integrations and notification routes, actions, schemas, and mock boundaries
2026-10-10T03:51:40.1324845Z [115/406] [chromium] › tests/fe019.spec.ts:70:1 › FE019.AC01 AI secret is write-only, cleared after submit, and absent from stored/read data
2026-10-10T03:51:44.9903469Z [116/406] [chromium] › tests/fe019.spec.ts:117:1 › FE019.AC01 invalid mock credential is rejected, cleared from the form, and not submitted
2026-10-10T03:51:47.6266451Z [117/406] [chromium] › tests/fe019.spec.ts:138:1 › FE019.AC02 channel OAuth failure stays on the page and never marks a channel connected
2026-10-10T03:51:49.7677255Z [118/406] [chromium] › tests/fe019.spec.ts:172:1 › FE019.AC03/04 device, Telegram, and PWA checks stay synthetic and do not request OS permission
2026-10-10T03:51:54.3179013Z [119/406] [chromium] › tests/fe019.spec.ts:251:1 › FE019.AC05 notification policy validates canonical numeric bounds before sending and acknowledges only allowed work
2026-10-10T03:51:58.2553949Z [120/406] [chromium] › tests/fe019.spec.ts:273:1 › FE019.A03 notification order link stays within the active shop scope
2026-10-10T03:52:01.2286402Z [121/406] [chromium] › tests/fe019.spec.ts:282:1 › FE019.A05 reminder policy saves shop-local schedule and quiet hours through the synthetic API
2026-10-10T03:52:03.8387064Z [122/406] [chromium] › tests/fe019.spec.ts:309:1 › FE027.A02/A07 preparation notification keeps order evidence and separates queued, opened, and acknowledged states
2026-10-10T03:52:05.3928241Z [123/406] [chromium] › tests/fe019.spec.ts:334:1 › FE027.A08 notification settings disclose server-only deduplication and callback safeguards
2026-10-10T03:52:07.1582483Z [124/406] [chromium] › tests/fe020.spec.ts:43:1 › FE020.AC01 approval detail is fetched and a changed source resource rejects the stale decision
2026-10-10T03:52:14.8683208Z [125/406] [chromium] › tests/fe020.spec.ts:89:1 › FE020.AC02/03 work-item actions follow allowedActions and operations health stays explicitly synthetic
2026-10-10T03:52:19.4655634Z [126/406] [chromium] › tests/fe020.spec.ts:140:1 › FE020.AC03 role pause control uses the canonical versioned mock and never claims readiness
2026-10-10T03:52:21.9965456Z [127/406] [chromium] › tests/fe020.spec.ts:157:1 › FE020.F03 operations exception filter groups overdue, blocked, and unclaimed synthetic work
2026-10-10T03:52:24.0694084Z [128/406] [chromium] › tests/fe020.spec.ts:178:1 › FE020.F05 purchase delegation is bounded, saved paused, and requires a separate activation decision
2026-10-10T03:52:29.8339321Z [129/406] [chromium] › tests/fe020.spec.ts:209:1 › FE020.F06/H01 digest and dependency health panels show synthetic history without claiming workers are ready
2026-10-10T03:52:31.5898773Z [130/406] [chromium] › tests/fe020.spec.ts:242:1 › FE027.H08 restore and release readiness stay unknown without a verified rehearsal or deployment gate
2026-10-10T03:52:33.3137386Z [131/406] [chromium] › tests/fe021.spec.ts:34:1 › FE021 dashboard keeps independent panels usable and hides finance fields without finance.read
2026-10-10T03:52:37.5218631Z [132/406] [chromium] › tests/fe021.spec.ts:46:1 › FE021 timezone and privacy validation waits for interaction and blocks invalid writes
2026-10-10T03:52:42.7611691Z [133/406] [chromium] › tests/fe021.spec.ts:82:1 › FE021 approval and shipment work queues appear before sample previews
2026-10-10T03:52:47.0735136Z [134/406] [chromium] › tests/fe021.spec.ts:104:1 › FE021 marketing filters preserve API-side aggregates, URL context and missing actual spend
2026-10-10T03:52:53.0606498Z [135/406] [chromium] › tests/fe021.spec.ts:170:5 › FE021 marketing filters preserve edits while the default period response is pending
2026-10-10T03:53:00.5089518Z [136/406] [chromium] › tests/fe021.spec.ts:170:5 › FE021 marketing filters preserve edits while the canonical period response is pending
2026-10-10T03:53:08.1631079Z [137/406] [chromium] › tests/fe021.spec.ts:234:1 › FE021 invalid marketing deep links mark the responsible field and never send the invalid range
2026-10-10T03:53:10.1828762Z [138/406] [chromium] › tests/fe021.spec.ts:248:1 › FE021 export uses inclusive shop-local boundaries, safe CSV, API jobs and cursor pagination
2026-10-10T03:53:16.6930718Z [139/406] [chromium] › tests/fe021.spec.ts:303:1 › FE021 mock rejects an export when reports.export lacks the source permission
2026-10-10T03:53:19.5269458Z [140/406] [chromium] › tests/fe021.spec.ts:323:1 › FE021 mock rejects an invalid report timezone before creating an export job
2026-10-10T03:53:21.5135098Z [141/406] [chromium] › tests/fe021.spec.ts:343:1 › FE021 ambiguous export result preserves the selected dates and never exposes a download
2026-10-10T03:53:24.7119440Z [142/406] [chromium] › tests/fe021.spec.ts:356:1 › FE021 empty report and marketing payloads render explicit empty states
2026-10-10T03:53:29.0380650Z [143/406] [chromium] › tests/fe021.spec.ts:375:1 › FE021 stale export conflict preserves dates and never exposes a download
2026-10-10T03:53:32.7133046Z [144/406] [chromium] › tests/frontend-corrections.spec.ts:18:1 › F01 preserves a customer draft, compares three snapshots, and PATCHes only chosen changes
2026-10-10T03:53:38.5161392Z [145/406] [chromium] › tests/frontend-corrections.spec.ts:46:1 › F01 requires an explicit choice for a field changed by both editors
2026-10-10T03:53:41.7929191Z [146/406] [chromium] › tests/frontend-corrections.spec.ts:62:1 › F06 detects an order draft and blocks navigation until explicit discard
2026-10-10T03:53:45.2526684Z [147/406] [chromium] › tests/frontend-corrections.spec.ts:75:1 › F02 retains an unsaved product image through an unrelated refetch
2026-10-10T03:53:47.9375126Z [148/406] [chromium] › tests/frontend-corrections.spec.ts:87:1 › F03 retains notification-policy inputs through a background resync and navigation
2026-10-10T03:53:50.1988668Z [149/406] [chromium] › tests/frontend-corrections.spec.ts:98:1 › F05 keeps text typed while a previous internal note is pending
2026-10-10T03:53:53.3728616Z [150/406] [chromium] › tests/frontend-corrections.spec.ts:113:1 › F08 validates 4001 customer-note characters at the field and accepts 4000
2026-10-10T03:53:57.0081949Z [151/406] [chromium] › tests/frontend-corrections.spec.ts:147:1 › F07 routes the fulfillment footer close through the shared discard guard
2026-10-10T03:53:59.2344118Z [152/406] [chromium] › tests/frontend-corrections.spec.ts:161:1 › F09 refreshes new Inbox messages without refetching the visible product and stock snapshots
2026-10-10T03:54:01.5277813Z [153/406] [chromium] › tests/frontend-corrections.spec.ts:191:1 › F01 shop settings merges a server-only locale change and preserves edits typed during save
2026-10-10T03:54:05.0805637Z [154/406] [chromium] › tests/frontend-corrections.spec.ts:219:1 › F03 privacy policy preserves refetch drafts and compares before applying the newest version
2026-10-10T03:54:08.0644190Z [155/406] [chromium] › tests/frontend-corrections.spec.ts:236:1 › F01 category keeps a late edit after saving, and reopens with a clean current baseline
2026-10-10T03:54:12.3154753Z [156/406] [chromium] › tests/frontend-corrections.spec.ts:257:1 › F01 supplier preserves a concurrent server-only term and PATCHes the local name
2026-10-10T03:54:15.5514782Z [157/406] [chromium] › tests/frontend-corrections.spec.ts:274:1 › F08 customer update enforces 4000/4001 before HTTP and retains a 422 draft
2026-10-10T03:54:18.8104318Z [158/406] [chromium] › tests/frontend-corrections.spec.ts:302:1 › F05 keeps mode changes and unknown sends, locks another send, and observes recovery-registry completion
2026-10-10T03:54:22.2617351Z [159/406] [chromium] › tests/frontend-corrections.spec.ts:328:1 › F01 order editor keeps its original version and compares whole line lists before PATCH
2026-10-10T03:54:26.6632256Z [160/406] [chromium] › tests/frontend-corrections.spec.ts:350:1 › F06 guards added order rows, shop switch, logout and native reload; successful creation leaves no false guard
2026-10-10T03:54:43.5074682Z [161/406] [chromium] › tests/frontend-corrections.spec.ts:375:1 › F01 analogous return-inspection draft does not adopt a refetched version without comparison
2026-10-10T03:54:47.5800240Z [162/406] [chromium] › tests/frontend-corrections.spec.ts:399:1 › F01 comparison supports keyboard choices, server changes again, axe and 320px reflow with long content
2026-10-10T03:54:51.6144586Z [163/406] [chromium] › tests/frontend-corrections.spec.ts:428:1 › F08 privacy bounds reject invalid days and long jurisdiction before HTTP
2026-10-10T03:54:55.7104005Z [164/406] [chromium] › tests/frontend-corrections.spec.ts:458:1 › F06 order custom close respects the draft guard and busy editors remain protected
2026-10-10T03:55:01.1504663Z [165/406] [chromium] › tests/frontend.spec.ts:41:1 › catalog create uses the HTTP mock and successful save clears the draft guard
2026-10-10T03:55:07.5528321Z [166/406] [chromium] › tests/frontend.spec.ts:58:1 › dirty drafts block in-app navigation and preserve input until the user decides
2026-10-10T03:55:12.0708120Z [167/406] [chromium] › tests/frontend.spec.ts:76:1 › all canonical routes render inside the real React demo application
2026-10-10T03:56:33.3389465Z [168/406] [chromium] › tests/frontend.spec.ts:101:1 › switching shops cancels a delayed request and loads only the new shop scope
2026-10-10T03:56:41.2822819Z [169/406] [chromium] › tests/frontend.spec.ts:119:1 › role changes remove restricted navigation and the route guard explains denied access
2026-10-10T03:56:44.0287563Z [170/406] [chromium] › tests/frontend.spec.ts:132:1 › deep links survive browser refresh and logout clears the mock session
2026-10-10T03:56:48.2689488Z [171/406] [chromium] › tests/frontend.spec.ts:145:1 › logout asks before discarding a draft and retains the session when logout fails
2026-10-10T03:56:51.5450158Z [172/406] [chromium] › tests/frontend.spec.ts:202:1 › mobile navigation opens, routes, and closes without viewport overflow
2026-10-10T03:56:54.4719264Z [173/406] [chromium] › tests/frontend.spec.ts:216:1 › chunk loading errors use the route recovery boundary
2026-10-10T03:56:56.0230447Z [174/406] [chromium] › tests/frontend.spec.ts:255:1 › live mode reports an unavailable session API without enabling mock data
2026-10-10T03:56:56.9187083Z [175/406] [chromium] › tests/route-role-matrix.spec.ts:44:1 › route read access matches canonical permissions for every demo role
2026-10-10T03:57:41.7296173Z [chromium] › tests/route-role-matrix.spec.ts:44:1 › route read access matches canonical permissions for every demo role
2026-10-10T03:57:41.7297278Z ROUTE_ROLE_MATRIX_CASES=399 ROLES=7 PRIVATE_ROUTES=57 RESULT=PASS
2026-10-10T03:57:41.7297674Z 
2026-10-10T03:57:41.8091909Z [176/406] [chromium] › tests/security.spec.ts:36:1 › untrusted product text renders as text without activating markup
2026-10-10T03:57:47.2153611Z [177/406] [chromium] › tests/security.spec.ts:54:1 › catalog import rejects a non-CSV file before an upload request
2026-10-10T03:57:49.2333301Z [178/406] [chromium] › tests/security.spec.ts:72:1 › catalog import rejects files above the demo size limit before upload
2026-10-10T03:57:51.6792932Z [179/406] [chromium] › tests/security.spec.ts:90:1 › mock uploads require a purpose, enforce its role, and fingerprint file content for retries
2026-10-10T03:57:56.5836570Z [180/406] [chromium] › tests/session/demo-server-cache-isolation.spec.ts:7:1 › concurrent demo servers use isolated Vite caches and load the React app
2026-10-10T03:57:57.2162350Z [chromium] › tests/session/demo-server-cache-isolation.spec.ts:7:1 › concurrent demo servers use isolated Vite caches and load the React app
2026-10-10T03:57:57.2166198Z VITE_CACHE_ISOLATION=PASS rootA=/tmp/botsales-vite-cache/2fbc71299afedf720605/test-demo/playwright-5863-35f919f1-975a-44fa-adbe-c813f9d7b882-parallel-a rootB=/tmp/botsales-vite-cache/2fbc71299afedf720605/test-demo/playwright-5863-35f919f1-975a-44fa-adbe-c813f9d7b882-parallel-b otherCheckout=true
2026-10-10T03:57:57.2230560Z 
2026-10-10T03:58:02.6950855Z [181/406] [chromium] › tests/session/demo-worker-startup.spec.ts:17:1 › demo conditional module requests return complete exports without changing live or non-asset caching
2026-10-10T03:58:09.1603602Z [182/406] [chromium] › tests/session/demo-worker-startup.spec.ts:80:1 › demo startup explains the required setup when the browser blocks Service Workers
2026-10-10T03:58:10.0810008Z [183/406] [chromium] › tests/session/session-revocation.spec.ts:20:1 › session.revoked SSE closes the stream and clears the active shop session
2026-10-10T03:58:13.9446392Z [184/406] [chromium] › tests/session/session-unauthorized.spec.ts:17:1 › expired live session redirects to login and preserves the requested shop route
2026-10-10T03:58:17.1615155Z [185/406] [chromium] › tests/states/fe023.spec.ts:18:1 › FE023.S04 a dirty dialog keeps the form value until the user confirms discard
2026-10-10T03:58:21.1645160Z [186/406] [chromium] › tests/states/fe023.spec.ts:36:1 › FE023.S03 a customer lookup loads the next cursor page without dropping earlier choices
2026-10-10T03:58:24.8536057Z [187/406] [chromium] › tests/states/fe023.spec.ts:77:1 › FE023.S04 delayed requests show loading and failed refresh keeps a retry path
2026-10-10T03:58:34.2004987Z [188/406] [chromium] › tests/states/fe023.spec.ts:107:1 › FE023 unsaved shop settings are preserved when navigation switches shop scope
2026-10-10T03:58:38.0868988Z [189/406] [chromium] › tests/states/fe023.spec.ts:125:1 › FE023 a saved shop form resets its dirty baseline and reports success
2026-10-10T03:58:40.7700450Z [190/406] [chromium] › tests/states/route-empty-composition.spec.ts:29:1 › empty collection responses render accessible empty states on canonical list routes
2026-10-10T03:58:46.2656831Z [chromium] › tests/states/route-empty-composition.spec.ts:29:1 › empty collection responses render accessible empty states on canonical list routes
2026-10-10T03:58:46.2659817Z ROUTE_EMPTY_COMPOSITION_PROGRESS=3/11
2026-10-10T03:58:46.2660522Z 
2026-10-10T03:58:47.5791451Z ROUTE_EMPTY_COMPOSITION_PROGRESS=6/11
2026-10-10T03:58:47.5791833Z 
2026-10-10T03:58:48.7245362Z ROUTE_EMPTY_COMPOSITION_PROGRESS=9/11
2026-10-10T03:58:48.7245652Z 
2026-10-10T03:58:48.8840576Z ROUTE_EMPTY_COMPOSITION=11/11 RESULT=PASS
2026-10-10T03:58:48.8841283Z 
2026-10-10T03:58:48.9583951Z [191/406] [chromium] › tests/states/route-error-composition.spec.ts:44:9 › every shop route composes the shared API error state with its page content › R04 /s/:shopId/overview
2026-10-10T03:58:55.1603218Z [chromium] › tests/states/route-error-composition.spec.ts:44:9 › every shop route composes the shared API error state with its page content › R04 /s/:shopId/overview
2026-10-10T03:58:55.1604853Z ROUTE_ERROR_COMPOSITION_ROUTE=R04 RESULT=PASS
2026-10-10T03:58:55.1606472Z 
2026-10-10T03:58:55.1761890Z [192/406] [chromium] › tests/states/route-error-composition.spec.ts:44:9 › every shop route composes the shared API error state with its page content › R05 /s/:shopId/inbox
2026-10-10T03:59:00.0070504Z [chromium] › tests/states/route-error-composition.spec.ts:44:9 › every shop route composes the shared API error state with its page content › R05 /s/:shopId/inbox
2026-10-10T03:59:00.0072266Z ROUTE_ERROR_COMPOSITION_ROUTE=R05 RESULT=PASS
2026-10-10T03:59:00.0072895Z 
2026-10-10T03:59:00.0267537Z [193/406] [chromium] › tests/states/route-error-composition.spec.ts:44:9 › every shop route composes the shared API error state with its page content › R06 /s/:shopId/inbox/:conversationId
2026-10-10T03:59:05.1106242Z [chromium] › tests/states/route-error-composition.spec.ts:44:9 › every shop route composes the shared API error state with its page content › R06 /s/:shopId/inbox/:conversationId
2026-10-10T03:59:05.1108291Z ROUTE_ERROR_COMPOSITION_ROUTE=R06 RESULT=PASS
2026-10-10T03:59:05.1109063Z 
2026-10-10T03:59:05.1240009Z [194/406] [chromium] › tests/states/route-error-composition.spec.ts:44:9 › every shop route composes the shared API error state with its page content › R07 /s/:shopId/customers
2026-10-10T03:59:10.0586775Z [chromium] › tests/states/route-error-composition.spec.ts:44:9 › every shop route composes the shared API error state with its page content › R07 /s/:shopId/customers
2026-10-10T03:59:10.0588179Z ROUTE_ERROR_COMPOSITION_ROUTE=R07 RESULT=PASS
2026-10-10T03:59:10.0588546Z 
2026-10-10T03:59:10.0756671Z [195/406] [chromium] › tests/states/route-error-composition.spec.ts:44:9 › every shop route composes the shared API error state with its page content › R08 /s/:shopId/customers/:customerId
2026-10-10T03:59:15.1855627Z [chromium] › tests/states/route-error-composition.spec.ts:44:9 › every shop route composes the shared API error state with its page content › R08 /s/:shopId/customers/:customerId
2026-10-10T03:59:15.1857363Z ROUTE_ERROR_COMPOSITION_ROUTE=R08 RESULT=PASS
2026-10-10T03:59:15.1857787Z 
2026-10-10T03:59:15.2015576Z [196/406] [chromium] › tests/states/route-error-composition.spec.ts:44:9 › every shop route composes the shared API error state with its page content › R09 /s/:shopId/products
2026-10-10T03:59:20.2133193Z [chromium] › tests/states/route-error-composition.spec.ts:44:9 › every shop route composes the shared API error state with its page content › R09 /s/:shopId/products
2026-10-10T03:59:20.2134614Z ROUTE_ERROR_COMPOSITION_ROUTE=R09 RESULT=PASS
2026-10-10T03:59:20.2135304Z 
2026-10-10T03:59:20.2310691Z [197/406] [chromium] › tests/states/route-error-composition.spec.ts:44:9 › every shop route composes the shared API error state with its page content › R10 /s/:shopId/products/new
2026-10-10T03:59:25.5752163Z [chromium] › tests/states/route-error-composition.spec.ts:44:9 › every shop route composes the shared API error state with its page content › R10 /s/:shopId/products/new
2026-10-10T03:59:25.5753741Z ROUTE_ERROR_COMPOSITION_ROUTE=R10 RESULT=PASS
2026-10-10T03:59:25.5754518Z 
2026-10-10T03:59:25.5886289Z [198/406] [chromium] › tests/states/route-error-composition.spec.ts:44:9 › every shop route composes the shared API error state with its page content › R11 /s/:shopId/products/:productId
2026-10-10T03:59:30.5597586Z [chromium] › tests/states/route-error-composition.spec.ts:44:9 › every shop route composes the shared API error state with its page content › R11 /s/:shopId/products/:productId
2026-10-10T03:59:30.5617306Z ROUTE_ERROR_COMPOSITION_ROUTE=R11 RESULT=PASS
2026-10-10T03:59:30.5618012Z 
2026-10-10T03:59:30.5738987Z [199/406] [chromium] › tests/states/route-error-composition.spec.ts:44:9 › every shop route composes the shared API error state with its page content › R12 /s/:shopId/categories
2026-10-10T03:59:35.3822651Z [chromium] › tests/states/route-error-composition.spec.ts:44:9 › every shop route composes the shared API error state with its page content › R12 /s/:shopId/categories
2026-10-10T03:59:35.3823526Z ROUTE_ERROR_COMPOSITION_ROUTE=R12 RESULT=PASS
2026-10-10T03:59:35.3823791Z 
2026-10-10T03:59:35.3981669Z [200/406] [chromium] › tests/states/route-error-composition.spec.ts:44:9 › every shop route composes the shared API error state with its page content › R13 /s/:shopId/imports
2026-10-10T03:59:40.3497070Z [chromium] › tests/states/route-error-composition.spec.ts:44:9 › every shop route composes the shared API error state with its page content › R13 /s/:shopId/imports
2026-10-10T03:59:40.3498516Z ROUTE_ERROR_COMPOSITION_ROUTE=R13 RESULT=PASS
2026-10-10T03:59:40.3498927Z 
2026-10-10T03:59:40.3654576Z [201/406] [chromium] › tests/states/route-error-composition.spec.ts:44:9 › every shop route composes the shared API error state with its page content › R14 /s/:shopId/imports/:jobId
2026-10-10T03:59:45.4115096Z [chromium] › tests/states/route-error-composition.spec.ts:44:9 › every shop route composes the shared API error state with its page content › R14 /s/:shopId/imports/:jobId
2026-10-10T03:59:45.4116656Z ROUTE_ERROR_COMPOSITION_ROUTE=R14 RESULT=PASS
2026-10-10T03:59:45.4117221Z 
2026-10-10T03:59:45.4260844Z [202/406] [chromium] › tests/states/route-error-composition.spec.ts:44:9 › every shop route composes the shared API error state with its page content › R15 /s/:shopId/inventory
2026-10-10T03:59:50.4767774Z [chromium] › tests/states/route-error-composition.spec.ts:44:9 › every shop route composes the shared API error state with its page content › R15 /s/:shopId/inventory
2026-10-10T03:59:50.4769600Z ROUTE_ERROR_COMPOSITION_ROUTE=R15 RESULT=PASS
2026-10-10T03:59:50.4770437Z 
2026-10-10T03:59:50.4942703Z [203/406] [chromium] › tests/states/route-error-composition.spec.ts:44:9 › every shop route composes the shared API error state with its page content › R16 /s/:shopId/inventory/movements
2026-10-10T03:59:55.4107679Z [chromium] › tests/states/route-error-composition.spec.ts:44:9 › every shop route composes the shared API error state with its page content › R16 /s/:shopId/inventory/movements
2026-10-10T03:59:55.4109129Z ROUTE_ERROR_COMPOSITION_ROUTE=R16 RESULT=PASS
2026-10-10T03:59:55.4109497Z 
2026-10-10T03:59:55.4272863Z [204/406] [chromium] › tests/states/route-error-composition.spec.ts:44:9 › every shop route composes the shared API error state with its page content › R17 /s/:shopId/orders
2026-10-10T04:00:00.0095280Z [chromium] › tests/states/route-error-composition.spec.ts:44:9 › every shop route composes the shared API error state with its page content › R17 /s/:shopId/orders
2026-10-10T04:00:00.0097097Z ROUTE_ERROR_COMPOSITION_ROUTE=R17 RESULT=PASS
2026-10-10T04:00:00.0097830Z 
2026-10-10T04:00:00.0251706Z [205/406] [chromium] › tests/states/route-error-composition.spec.ts:44:9 › every shop route composes the shared API error state with its page content › R18 /s/:shopId/orders/new
2026-10-10T04:00:05.1313218Z [chromium] › tests/states/route-error-composition.spec.ts:44:9 › every shop route composes the shared API error state with its page content › R18 /s/:shopId/orders/new
2026-10-10T04:00:05.1314099Z ROUTE_ERROR_COMPOSITION_ROUTE=R18 RESULT=PASS
2026-10-10T04:00:05.1314360Z 
2026-10-10T04:00:05.1454099Z [206/406] [chromium] › tests/states/route-error-composition.spec.ts:44:9 › every shop route composes the shared API error state with its page content › R19 /s/:shopId/orders/:orderId
2026-10-10T04:00:09.9882314Z [chromium] › tests/states/route-error-composition.spec.ts:44:9 › every shop route composes the shared API error state with its page content › R19 /s/:shopId/orders/:orderId
2026-10-10T04:00:09.9884099Z ROUTE_ERROR_COMPOSITION_ROUTE=R19 RESULT=PASS
2026-10-10T04:00:09.9884721Z 
2026-10-10T04:00:10.0030576Z [207/406] [chromium] › tests/states/route-error-composition.spec.ts:44:9 › every shop route composes the shared API error state with its page content › R20 /s/:shopId/finance
2026-10-10T04:00:14.8084911Z [chromium] › tests/states/route-error-composition.spec.ts:44:9 › every shop route composes the shared API error state with its page content › R20 /s/:shopId/finance
2026-10-10T04:00:14.8086261Z ROUTE_ERROR_COMPOSITION_ROUTE=R20 RESULT=PASS
2026-10-10T04:00:14.8086676Z 
2026-10-10T04:00:14.8239769Z [208/406] [chromium] › tests/states/route-error-composition.spec.ts:44:9 › every shop route composes the shared API error state with its page content › R21 /s/:shopId/finance/entries
2026-10-10T04:00:19.8887595Z [chromium] › tests/states/route-error-composition.spec.ts:44:9 › every shop route composes the shared API error state with its page content › R21 /s/:shopId/finance/entries
2026-10-10T04:00:19.8889326Z ROUTE_ERROR_COMPOSITION_ROUTE=R21 RESULT=PASS
2026-10-10T04:00:19.8889897Z 
2026-10-10T04:00:19.9061243Z [209/406] [chromium] › tests/states/route-error-composition.spec.ts:44:9 › every shop route composes the shared API error state with its page content › R22 /s/:shopId/finance/profit-loss
2026-10-10T04:00:24.7929196Z [chromium] › tests/states/route-error-composition.spec.ts:44:9 › every shop route composes the shared API error state with its page content › R22 /s/:shopId/finance/profit-loss
2026-10-10T04:00:24.7931546Z ROUTE_ERROR_COMPOSITION_ROUTE=R22 RESULT=PASS
2026-10-10T04:00:24.7932179Z 
2026-10-10T04:00:24.8097214Z [210/406] [chromium] › tests/states/route-error-composition.spec.ts:44:9 › every shop route composes the shared API error state with its page content › R23 /s/:shopId/knowledge
2026-10-10T04:00:29.6617623Z [chromium] › tests/states/route-error-composition.spec.ts:44:9 › every shop route composes the shared API error state with its page content › R23 /s/:shopId/knowledge
2026-10-10T04:00:29.6619662Z ROUTE_ERROR_COMPOSITION_ROUTE=R23 RESULT=PASS
2026-10-10T04:00:29.6620726Z 
2026-10-10T04:00:29.6758712Z [211/406] [chromium] › tests/states/route-error-composition.spec.ts:44:9 › every shop route composes the shared API error state with its page content › R24 /s/:shopId/knowledge/:knowledgeId
2026-10-10T04:00:34.0403686Z [chromium] › tests/states/route-error-composition.spec.ts:44:9 › every shop route composes the shared API error state with its page content › R24 /s/:shopId/knowledge/:knowledgeId
2026-10-10T04:00:34.0407033Z ROUTE_ERROR_COMPOSITION_ROUTE=R24 RESULT=PASS
2026-10-10T04:00:34.0407678Z 
2026-10-10T04:00:34.0577983Z [212/406] [chromium] › tests/states/route-error-composition.spec.ts:44:9 › every shop route composes the shared API error state with its page content › R25 /s/:shopId/knowledge/review
2026-10-10T04:00:38.5514757Z [chromium] › tests/states/route-error-composition.spec.ts:44:9 › every shop route composes the shared API error state with its page content › R25 /s/:shopId/knowledge/review
2026-10-10T04:00:38.5516927Z ROUTE_ERROR_COMPOSITION_ROUTE=R25 RESULT=PASS
2026-10-10T04:00:38.5517460Z 
2026-10-10T04:00:38.5681938Z [213/406] [chromium] › tests/states/route-error-composition.spec.ts:44:9 › every shop route composes the shared API error state with its page content › R26 /s/:shopId/bot
2026-10-10T04:00:43.0800983Z [chromium] › tests/states/route-error-composition.spec.ts:44:9 › every shop route composes the shared API error state with its page content › R26 /s/:shopId/bot
2026-10-10T04:00:43.0802621Z ROUTE_ERROR_COMPOSITION_ROUTE=R26 RESULT=PASS
2026-10-10T04:00:43.0803098Z 
2026-10-10T04:00:43.0913724Z [214/406] [chromium] › tests/states/route-error-composition.spec.ts:44:9 › every shop route composes the shared API error state with its page content › R27 /s/:shopId/bot/playground
2026-10-10T04:00:47.5433686Z [chromium] › tests/states/route-error-composition.spec.ts:44:9 › every shop route composes the shared API error state with its page content › R27 /s/:shopId/bot/playground
2026-10-10T04:00:47.5436493Z ROUTE_ERROR_COMPOSITION_ROUTE=R27 RESULT=PASS
2026-10-10T04:00:47.5436908Z 
2026-10-10T04:00:47.5578008Z [215/406] [chromium] › tests/states/route-error-composition.spec.ts:44:9 › every shop route composes the shared API error state with its page content › R28 /s/:shopId/bot/evaluations
2026-10-10T04:00:52.0881819Z [chromium] › tests/states/route-error-composition.spec.ts:44:9 › every shop route composes the shared API error state with its page content › R28 /s/:shopId/bot/evaluations
2026-10-10T04:00:52.0883630Z ROUTE_ERROR_COMPOSITION_ROUTE=R28 RESULT=PASS
2026-10-10T04:00:52.0884118Z 
2026-10-10T04:00:52.1028127Z [216/406] [chromium] › tests/states/route-error-composition.spec.ts:44:9 › every shop route composes the shared API error state with its page content › R29 /s/:shopId/integrations/channels
2026-10-10T04:00:56.5618561Z [chromium] › tests/states/route-error-composition.spec.ts:44:9 › every shop route composes the shared API error state with its page content › R29 /s/:shopId/integrations/channels
2026-10-10T04:00:56.5620220Z ROUTE_ERROR_COMPOSITION_ROUTE=R29 RESULT=PASS
2026-10-10T04:00:56.5620638Z 
2026-10-10T04:00:56.5766648Z [217/406] [chromium] › tests/states/route-error-composition.spec.ts:44:9 › every shop route composes the shared API error state with its page content › R30 /s/:shopId/integrations/ai
2026-10-10T04:01:00.8810468Z [chromium] › tests/states/route-error-composition.spec.ts:44:9 › every shop route composes the shared API error state with its page content › R30 /s/:shopId/integrations/ai
2026-10-10T04:01:00.8811407Z ROUTE_ERROR_COMPOSITION_ROUTE=R30 RESULT=PASS
2026-10-10T04:01:00.8811664Z 
2026-10-10T04:01:00.8968284Z [218/406] [chromium] › tests/states/route-error-composition.spec.ts:44:9 › every shop route composes the shared API error state with its page content › R31 /s/:shopId/reports
2026-10-10T04:01:05.8509017Z [chromium] › tests/states/route-error-composition.spec.ts:44:9 › every shop route composes the shared API error state with its page content › R31 /s/:shopId/reports
2026-10-10T04:01:05.8511325Z ROUTE_ERROR_COMPOSITION_ROUTE=R31 RESULT=PASS
2026-10-10T04:01:05.8512015Z 
2026-10-10T04:01:05.8654975Z [219/406] [chromium] › tests/states/route-error-composition.spec.ts:44:9 › every shop route composes the shared API error state with its page content › R32 /s/:shopId/settings/team
2026-10-10T04:01:10.3778383Z [chromium] › tests/states/route-error-composition.spec.ts:44:9 › every shop route composes the shared API error state with its page content › R32 /s/:shopId/settings/team
2026-10-10T04:01:10.3780088Z ROUTE_ERROR_COMPOSITION_ROUTE=R32 RESULT=PASS
2026-10-10T04:01:10.3780591Z 
2026-10-10T04:01:10.3953205Z [220/406] [chromium] › tests/states/route-error-composition.spec.ts:44:9 › every shop route composes the shared API error state with its page content › R33 /s/:shopId/settings/shop
2026-10-10T04:01:14.0881927Z [chromium] › tests/states/route-error-composition.spec.ts:44:9 › every shop route composes the shared API error state with its page content › R33 /s/:shopId/settings/shop
2026-10-10T04:01:14.0882855Z ROUTE_ERROR_COMPOSITION_ROUTE=R33 RESULT=PASS
2026-10-10T04:01:14.0883091Z 
2026-10-10T04:01:14.1024136Z [221/406] [chromium] › tests/states/route-error-composition.spec.ts:44:9 › every shop route composes the shared API error state with its page content › R34 /s/:shopId/settings/audit
2026-10-10T04:01:18.5771134Z [chromium] › tests/states/route-error-composition.spec.ts:44:9 › every shop route composes the shared API error state with its page content › R34 /s/:shopId/settings/audit
2026-10-10T04:01:18.5772058Z ROUTE_ERROR_COMPOSITION_ROUTE=R34 RESULT=PASS
2026-10-10T04:01:18.5772282Z 
2026-10-10T04:01:18.5950981Z [222/406] [chromium] › tests/states/route-error-composition.spec.ts:44:9 › every shop route composes the shared API error state with its page content › R35 /s/:shopId/settings/privacy
2026-10-10T04:01:23.8065104Z [chromium] › tests/states/route-error-composition.spec.ts:44:9 › every shop route composes the shared API error state with its page content › R35 /s/:shopId/settings/privacy
2026-10-10T04:01:23.8067501Z ROUTE_ERROR_COMPOSITION_ROUTE=R35 RESULT=PASS
2026-10-10T04:01:23.8068109Z 
2026-10-10T04:01:23.8203072Z [223/406] [chromium] › tests/states/route-error-composition.spec.ts:44:9 › every shop route composes the shared API error state with its page content › R36 /s/:shopId/jobs/:jobId
2026-10-10T04:01:28.6983999Z [chromium] › tests/states/route-error-composition.spec.ts:44:9 › every shop route composes the shared API error state with its page content › R36 /s/:shopId/jobs/:jobId
2026-10-10T04:01:28.6984914Z ROUTE_ERROR_COMPOSITION_ROUTE=R36 RESULT=PASS
2026-10-10T04:01:28.6988111Z 
2026-10-10T04:01:28.7139863Z [224/406] [chromium] › tests/states/route-error-composition.spec.ts:44:9 › every shop route composes the shared API error state with its page content › R37 /s/:shopId/operations
2026-10-10T04:01:33.1443533Z [chromium] › tests/states/route-error-composition.spec.ts:44:9 › every shop route composes the shared API error state with its page content › R37 /s/:shopId/operations
2026-10-10T04:01:33.1444426Z ROUTE_ERROR_COMPOSITION_ROUTE=R37 RESULT=PASS
2026-10-10T04:01:33.1444651Z 
2026-10-10T04:01:33.1610957Z [225/406] [chromium] › tests/states/route-error-composition.spec.ts:44:9 › every shop route composes the shared API error state with its page content › R38 /s/:shopId/approvals
2026-10-10T04:01:37.7057335Z [chromium] › tests/states/route-error-composition.spec.ts:44:9 › every shop route composes the shared API error state with its page content › R38 /s/:shopId/approvals
2026-10-10T04:01:37.7059338Z ROUTE_ERROR_COMPOSITION_ROUTE=R38 RESULT=PASS
2026-10-10T04:01:37.7060286Z 
2026-10-10T04:01:37.7343304Z [226/406] [chromium] › tests/states/route-error-composition.spec.ts:44:9 › every shop route composes the shared API error state with its page content › R39 /s/:shopId/notifications
2026-10-10T04:01:42.4640754Z [chromium] › tests/states/route-error-composition.spec.ts:44:9 › every shop route composes the shared API error state with its page content › R39 /s/:shopId/notifications
2026-10-10T04:01:42.4643020Z ROUTE_ERROR_COMPOSITION_ROUTE=R39 RESULT=PASS
2026-10-10T04:01:42.4643720Z 
2026-10-10T04:01:42.4821152Z [227/406] [chromium] › tests/states/route-error-composition.spec.ts:44:9 › every shop route composes the shared API error state with its page content › R40 /s/:shopId/notifications/devices
2026-10-10T04:01:46.9350382Z [chromium] › tests/states/route-error-composition.spec.ts:44:9 › every shop route composes the shared API error state with its page content › R40 /s/:shopId/notifications/devices
2026-10-10T04:01:46.9352647Z ROUTE_ERROR_COMPOSITION_ROUTE=R40 RESULT=PASS
2026-10-10T04:01:46.9353217Z 
2026-10-10T04:01:46.9507934Z [228/406] [chromium] › tests/states/route-error-composition.spec.ts:44:9 › every shop route composes the shared API error state with its page content › R41 /s/:shopId/fulfillment
2026-10-10T04:01:51.3437247Z [chromium] › tests/states/route-error-composition.spec.ts:44:9 › every shop route composes the shared API error state with its page content › R41 /s/:shopId/fulfillment
2026-10-10T04:01:51.3438738Z ROUTE_ERROR_COMPOSITION_ROUTE=R41 RESULT=PASS
2026-10-10T04:01:51.3439122Z 
2026-10-10T04:01:51.3592425Z [229/406] [chromium] › tests/states/route-error-composition.spec.ts:44:9 › every shop route composes the shared API error state with its page content › R42 /s/:shopId/shipments
2026-10-10T04:01:56.2716383Z [chromium] › tests/states/route-error-composition.spec.ts:44:9 › every shop route composes the shared API error state with its page content › R42 /s/:shopId/shipments
2026-10-10T04:01:56.2717671Z ROUTE_ERROR_COMPOSITION_ROUTE=R42 RESULT=PASS
2026-10-10T04:01:56.2717910Z 
2026-10-10T04:01:56.2854563Z [230/406] [chromium] › tests/states/route-error-composition.spec.ts:44:9 › every shop route composes the shared API error state with its page content › R43 /s/:shopId/returns
2026-10-10T04:02:00.8404732Z [chromium] › tests/states/route-error-composition.spec.ts:44:9 › every shop route composes the shared API error state with its page content › R43 /s/:shopId/returns
2026-10-10T04:02:00.8406412Z ROUTE_ERROR_COMPOSITION_ROUTE=R43 RESULT=PASS
2026-10-10T04:02:00.8406783Z 
2026-10-10T04:02:00.8543526Z [231/406] [chromium] › tests/states/route-error-composition.spec.ts:44:9 › every shop route composes the shared API error state with its page content › R44 /s/:shopId/suppliers
2026-10-10T04:02:05.7823579Z [chromium] › tests/states/route-error-composition.spec.ts:44:9 › every shop route composes the shared API error state with its page content › R44 /s/:shopId/suppliers
2026-10-10T04:02:05.7825337Z ROUTE_ERROR_COMPOSITION_ROUTE=R44 RESULT=PASS
2026-10-10T04:02:05.7836650Z 
2026-10-10T04:02:05.8014253Z [232/406] [chromium] › tests/states/route-error-composition.spec.ts:44:9 › every shop route composes the shared API error state with its page content › R45 /s/:shopId/replenishment
2026-10-10T04:02:10.2794241Z [chromium] › tests/states/route-error-composition.spec.ts:44:9 › every shop route composes the shared API error state with its page content › R45 /s/:shopId/replenishment
2026-10-10T04:02:10.2795347Z ROUTE_ERROR_COMPOSITION_ROUTE=R45 RESULT=PASS
2026-10-10T04:02:10.2796198Z 
2026-10-10T04:02:10.2973866Z [233/406] [chromium] › tests/states/route-error-composition.spec.ts:44:9 › every shop route composes the shared API error state with its page content › R46 /s/:shopId/purchases
2026-10-10T04:02:14.7673441Z [chromium] › tests/states/route-error-composition.spec.ts:44:9 › every shop route composes the shared API error state with its page content › R46 /s/:shopId/purchases
2026-10-10T04:02:14.7676515Z ROUTE_ERROR_COMPOSITION_ROUTE=R46 RESULT=PASS
2026-10-10T04:02:14.7677112Z 
2026-10-10T04:02:14.7817191Z [234/406] [chromium] › tests/states/route-error-composition.spec.ts:44:9 › every shop route composes the shared API error state with its page content › R47 /s/:shopId/receipts
2026-10-10T04:02:19.3925413Z [chromium] › tests/states/route-error-composition.spec.ts:44:9 › every shop route composes the shared API error state with its page content › R47 /s/:shopId/receipts
2026-10-10T04:02:19.3927598Z ROUTE_ERROR_COMPOSITION_ROUTE=R47 RESULT=PASS
2026-10-10T04:02:19.3928023Z 
2026-10-10T04:02:19.4062258Z [235/406] [chromium] › tests/states/route-error-composition.spec.ts:44:9 › every shop route composes the shared API error state with its page content › R48 /s/:shopId/finance/journals
2026-10-10T04:02:24.3608684Z [chromium] › tests/states/route-error-composition.spec.ts:44:9 › every shop route composes the shared API error state with its page content › R48 /s/:shopId/finance/journals
2026-10-10T04:02:24.3610541Z ROUTE_ERROR_COMPOSITION_ROUTE=R48 RESULT=PASS
2026-10-10T04:02:24.3610923Z 
2026-10-10T04:02:24.3758237Z [236/406] [chromium] › tests/states/route-error-composition.spec.ts:44:9 › every shop route composes the shared API error state with its page content › R49 /s/:shopId/finance/reconciliation
2026-10-10T04:02:29.5623269Z [chromium] › tests/states/route-error-composition.spec.ts:44:9 › every shop route composes the shared API error state with its page content › R49 /s/:shopId/finance/reconciliation
2026-10-10T04:02:29.5624943Z ROUTE_ERROR_COMPOSITION_ROUTE=R49 RESULT=PASS
2026-10-10T04:02:29.5625358Z 
2026-10-10T04:02:29.5781088Z [237/406] [chromium] › tests/states/route-error-composition.spec.ts:44:9 › every shop route composes the shared API error state with its page content › R50 /s/:shopId/finance/debts-periods
2026-10-10T04:02:34.4792862Z [chromium] › tests/states/route-error-composition.spec.ts:44:9 › every shop route composes the shared API error state with its page content › R50 /s/:shopId/finance/debts-periods
2026-10-10T04:02:34.4794918Z ROUTE_ERROR_COMPOSITION_ROUTE=R50 RESULT=PASS
2026-10-10T04:02:34.4795492Z 
2026-10-10T04:02:34.4968261Z [238/406] [chromium] › tests/states/route-error-composition.spec.ts:44:9 › every shop route composes the shared API error state with its page content › R51 /s/:shopId/bot/team
2026-10-10T04:02:39.5982255Z [chromium] › tests/states/route-error-composition.spec.ts:44:9 › every shop route composes the shared API error state with its page content › R51 /s/:shopId/bot/team
2026-10-10T04:02:39.5983675Z ROUTE_ERROR_COMPOSITION_ROUTE=R51 RESULT=PASS
2026-10-10T04:02:39.5984047Z 
2026-10-10T04:02:39.6123234Z [239/406] [chromium] › tests/states/route-error-composition.spec.ts:44:9 › every shop route composes the shared API error state with its page content › R52 /s/:shopId/operations/digests
2026-10-10T04:02:44.5603011Z [chromium] › tests/states/route-error-composition.spec.ts:44:9 › every shop route composes the shared API error state with its page content › R52 /s/:shopId/operations/digests
2026-10-10T04:02:44.5604883Z ROUTE_ERROR_COMPOSITION_ROUTE=R52 RESULT=PASS
2026-10-10T04:02:44.5605399Z 
2026-10-10T04:02:44.5771217Z [240/406] [chromium] › tests/states/route-error-composition.spec.ts:44:9 › every shop route composes the shared API error state with its page content › R53 /s/:shopId/reports/marketing
2026-10-10T04:02:49.4511724Z [chromium] › tests/states/route-error-composition.spec.ts:44:9 › every shop route composes the shared API error state with its page content › R53 /s/:shopId/reports/marketing
2026-10-10T04:02:49.4526816Z ROUTE_ERROR_COMPOSITION_ROUTE=R53 RESULT=PASS
2026-10-10T04:02:49.4531757Z 
2026-10-10T04:02:49.4661829Z [241/406] [chromium] › tests/states/route-error-composition.spec.ts:44:9 › every shop route composes the shared API error state with its page content › R54 /s/:shopId/service-cases
2026-10-10T04:02:54.0898329Z [chromium] › tests/states/route-error-composition.spec.ts:44:9 › every shop route composes the shared API error state with its page content › R54 /s/:shopId/service-cases
2026-10-10T04:02:54.0906864Z ROUTE_ERROR_COMPOSITION_ROUTE=R54 RESULT=PASS
2026-10-10T04:02:54.0907443Z 
2026-10-10T04:02:54.1010870Z [242/406] [chromium] › tests/states/route-error-composition.spec.ts:44:9 › every shop route composes the shared API error state with its page content › R55 /s/:shopId/settings/warehouses
2026-10-10T04:02:59.0897806Z [chromium] › tests/states/route-error-composition.spec.ts:44:9 › every shop route composes the shared API error state with its page content › R55 /s/:shopId/settings/warehouses
2026-10-10T04:02:59.0899333Z ROUTE_ERROR_COMPOSITION_ROUTE=R55 RESULT=PASS
2026-10-10T04:02:59.0899578Z 
2026-10-10T04:02:59.1036819Z [243/406] [chromium] › tests/states/route-error-composition.spec.ts:44:9 › every shop route composes the shared API error state with its page content › R56 /s/:shopId/finance/accounts
2026-10-10T04:03:04.0674923Z [chromium] › tests/states/route-error-composition.spec.ts:44:9 › every shop route composes the shared API error state with its page content › R56 /s/:shopId/finance/accounts
2026-10-10T04:03:04.0677635Z ROUTE_ERROR_COMPOSITION_ROUTE=R56 RESULT=PASS
2026-10-10T04:03:04.0678212Z 
2026-10-10T04:03:04.0806435Z [244/406] [chromium] › tests/states/route-error-composition.spec.ts:44:9 › every shop route composes the shared API error state with its page content › R57 /s/:shopId/finance/opening-balances
2026-10-10T04:03:08.9847393Z [chromium] › tests/states/route-error-composition.spec.ts:44:9 › every shop route composes the shared API error state with its page content › R57 /s/:shopId/finance/opening-balances
2026-10-10T04:03:08.9848492Z ROUTE_ERROR_COMPOSITION_ROUTE=R57 RESULT=PASS
2026-10-10T04:03:08.9848725Z 
2026-10-10T04:03:08.9994840Z [245/406] [chromium] › tests/states/route-error-composition.spec.ts:44:9 › every shop route composes the shared API error state with its page content › R58 /s/:shopId/finance/ledger
2026-10-10T04:03:14.0686263Z [chromium] › tests/states/route-error-composition.spec.ts:44:9 › every shop route composes the shared API error state with its page content › R58 /s/:shopId/finance/ledger
2026-10-10T04:03:14.0688864Z ROUTE_ERROR_COMPOSITION_ROUTE=R58 RESULT=PASS
2026-10-10T04:03:14.0689398Z 
2026-10-10T04:03:14.0826048Z [246/406] [chromium] › tests/states/route-error-composition.spec.ts:44:9 › every shop route composes the shared API error state with its page content › R59 /s/:shopId/finance/trial-balance
2026-10-10T04:03:18.9687884Z [chromium] › tests/states/route-error-composition.spec.ts:44:9 › every shop route composes the shared API error state with its page content › R59 /s/:shopId/finance/trial-balance
2026-10-10T04:03:18.9690467Z ROUTE_ERROR_COMPOSITION_ROUTE=R59 RESULT=PASS
2026-10-10T04:03:18.9690959Z 
2026-10-10T04:03:18.9837338Z [247/406] [chromium] › tests/states/route-error-composition.spec.ts:44:9 › every shop route composes the shared API error state with its page content › R60 /s/:shopId/finance/balance-sheet
2026-10-10T04:03:23.9283074Z [chromium] › tests/states/route-error-composition.spec.ts:44:9 › every shop route composes the shared API error state with its page content › R60 /s/:shopId/finance/balance-sheet
2026-10-10T04:03:23.9284345Z ROUTE_ERROR_COMPOSITION_ROUTE=R60 RESULT=PASS
2026-10-10T04:03:23.9284871Z 
2026-10-10T04:03:23.9945626Z [248/406] [chromium] › tests/ui-bot-layout.spec.ts:42:1 › Bot routes R26/R27/R28/R51 fit the supported page-width boundaries
2026-10-10T04:03:58.4315108Z [249/406] [chromium] › tests/ui-bot-layout.spec.ts:52:1 › Bot config, evaluation, role and budget dialogs stay inside mobile and desktop viewports
2026-10-10T04:04:21.8884226Z [250/406] [chromium] › tests/ui-catalog-layout.spec.ts:15:1 › catalog R09-R14 keeps shared gutters, inset ownership and dry-run flow at mobile and desktop
2026-10-10T04:04:45.0971770Z [251/406] [chromium] › tests/ui-catalog-layout.spec.ts:67:1 › Imports review notice and demo controls keep the measured shared disclosure boundary at 806x884
2026-10-10T04:04:47.4704897Z [252/406] [chromium] › tests/ui-component-layout.spec.ts:40:1 › A01 order lines keep intrinsic remove actions with clean and invalid quantities
2026-10-10T04:04:56.8780935Z [253/406] [chromium] › tests/ui-component-layout.spec.ts:61:1 › A02 product editors align category and status faces independently from lookup metadata
2026-10-10T04:05:10.0809777Z [254/406] [chromium] › tests/ui-component-layout.spec.ts:84:1 › Shared outlined labels focus empty and populated native controls
2026-10-10T04:05:12.6745544Z [255/406] [chromium] › tests/ui-component-layout.spec.ts:99:1 › A02 variant fields retain readable widths when text doubles
2026-10-10T04:05:29.4045172Z [256/406] [chromium] › tests/ui-component-layout.spec.ts:130:1 › A03 import mapping preserves natural remove actions and editable mappings
2026-10-10T04:05:36.0185531Z [257/406] [chromium] › tests/ui-component-layout.spec.ts:150:1 › A04 full precision money wraps outside tables and remains unbroken in the named scroll region
2026-10-10T04:05:43.0062387Z [258/406] [chromium] › tests/ui-component-layout.spec.ts:176:1 › A05 status height follows its own label while long labels remain fully readable
2026-10-10T04:05:49.5319672Z [259/406] [chromium] › tests/ui-component-layout.spec.ts:196:1 › A06 Empty wraps unbroken reference text and retains its keyboard action
2026-10-10T04:05:56.1214849Z [260/406] [chromium] › tests/ui-component-layout.spec.ts:209:1 › A07 canonical order address selection exposes full text and edit lines retain intrinsic actions
2026-10-10T04:06:10.7128450Z [261/406] [chromium] › tests/ui-composition-layout.spec.ts:13:1 › SPC-061/062 shared compositions own their gap and child boundaries on every canonical route
2026-10-10T04:09:19.7203647Z [262/406] [chromium] › tests/ui-composition-positive-ancestry.spec.ts:62:1 › S15 Dashboard conditional content keeps an independently bordered surface inside its Panel owner
2026-10-10T04:09:26.0227669Z [263/406] [chromium] › tests/ui-composition-positive-ancestry.spec.ts:103:1 › S15 catalog QueryState fragment keeps DataTable and Pager as peer children of one Panel
2026-10-10T04:09:31.3096293Z [264/406] [chromium] › tests/ui-composition-positive-ancestry.spec.ts:137:1 › S15 Knowledge action group wraps children without losing its shared action owner
2026-10-10T04:09:36.4082009Z [265/406] [chromium] › tests/ui-consent-management.spec.ts:16:1 › R35 creates a pending challenge from API and shows consent history without local opt-out state
2026-10-10T04:09:40.5013592Z [266/406] [chromium] › tests/ui-consent-management.spec.ts:36:1 › R61 confirms an opt-out through POST body, removes the token from URL and leaves service messages available
2026-10-10T04:09:42.4561840Z [267/406] [chromium] › tests/ui-consent-management.spec.ts:74:1 › R61 public confirmation remains keyboard-accessible and reflows at 320px
2026-10-10T04:09:44.6906611Z [268/406] [chromium] › tests/ui-customers-layout.spec.ts:30:1 › Customers R07/R08/R54 layouts fit the shell at every responsive boundary
2026-10-10T04:10:11.9858180Z [269/406] [chromium] › tests/ui-customers-layout.spec.ts:59:1 › Customer create and service-case dialogs stay in the viewport without submitting
2026-10-10T04:10:20.4737479Z [270/406] [chromium] › tests/ui-dashboard-layout.spec.ts:17:1 › Shared consolidation Dashboard primary link respects all eight permission tuples and native anchor interactions
2026-10-10T04:10:28.7421319Z [271/406] [chromium] › tests/ui-dashboard-layout.spec.ts:69:1 › dashboard hierarchy, CTA targets, and page width hold across supported breakpoints
2026-10-10T04:10:31.4123490Z [272/406] [chromium] › tests/ui-density-layout.spec.ts:10:1 › density table saves row space while preserving action target and data
2026-10-10T04:10:39.5318642Z [273/406] [chromium] › tests/ui-density-layout.spec.ts:22:1 › density divided facts list has one row inset and no additional inter-row gap
2026-10-10T04:10:43.2532585Z [274/406] [chromium] › tests/ui-density-layout.spec.ts:33:1 › density demo disclosure retains state and always shows the synthetic warning
2026-10-10T04:10:52.6289552Z [275/406] [chromium] › tests/ui-density-layout.spec.ts:48:1 › density operational Panel uses 12px boundary while complex form and reading Panel keep comfortable rhythm
2026-10-10T04:11:02.2012295Z [276/406] [chromium] › tests/ui-density-layout.spec.ts:60:1 › density simple category editor keeps labels, errors and keyboard reflow usable
2026-10-10T04:11:15.1223268Z [277/406] [chromium] › tests/ui-finance-layout.spec.ts:30:1 › Finance R20/R21/R22/R48/R49/R50 route layouts retain shell gutter without horizontal overflow from 320–1440px
2026-10-10T04:12:00.1834747Z [278/406] [chromium] › tests/ui-finance-layout.spec.ts:62:1 › titled Finance Panels keep one 12px header-to-first-content boundary
2026-10-10T04:12:16.0562788Z [279/406] [chromium] › tests/ui-finance-layout.spec.ts:129:1 › Finance report, entry, journal, reconciliation and period dialogs remain in the viewport without submitting
2026-10-10T04:12:37.0007097Z [280/406] [chromium] › tests/ui-finance-management.spec.ts:14:1 › C06 opening validates before HTTP and preserves added/removed list drafts through every close guard
2026-10-10T04:12:43.3655489Z [281/406] [chromium] › tests/ui-finance-management.spec.ts:19:1 › C06 opening UI posts only its reviewed version and reports/ledger drill down to real journal IDs
2026-10-10T04:12:53.5558332Z [282/406] [chromium] › tests/ui-finance-management.spec.ts:25:1 › C06 opening conflict retains whole lists and reconciles two changing server versions without forced retry
2026-10-10T04:13:03.1021418Z [283/406] [chromium] › tests/ui-finance-management.spec.ts:31:1 › C06 finance entry validation and refetch conflict keep the saved baseline and draft
2026-10-10T04:13:07.5343947Z [284/406] [chromium] › tests/ui-finance-management.spec.ts:35:1 › C06 all new financial routes and dialog use keyboard/axe and reflow at required widths
2026-10-10T04:14:03.3542561Z [285/406] [chromium] › tests/ui-fulfillment-layout.spec.ts:30:1 › Fulfillment R41/R42 preserve shell gutter and contain responsive route layouts from 320-1440px
2026-10-10T04:14:22.3788708Z [286/406] [chromium] › tests/ui-fulfillment-layout.spec.ts:59:1 › Fulfillment prep, shipment-create, detail and event dialogs fit mobile and desktop without submitting
2026-10-10T04:14:31.4687929Z [287/406] [chromium] › tests/ui-integrations-layout.spec.ts:40:1 › Integrations routes R29/R30 fit the supported page-width boundaries
2026-10-10T04:14:49.5080815Z [288/406] [chromium] › tests/ui-integrations-layout.spec.ts:50:1 › R29 disconnect and R30 create/edit credential dialogs stay inside mobile and desktop viewports
2026-10-10T04:15:03.9560555Z [289/406] [chromium] › tests/ui-inventory-layout.spec.ts:15:1 › Inventory R15/R16 preserve shared gutter and contain table overflow at 320-1440px
2026-10-10T04:15:23.8844489Z [290/406] [chromium] › tests/ui-inventory-layout.spec.ts:51:1 › Inventory filters reset cursor and preserve other URL state; adjustment validation sends no command
2026-10-10T04:15:33.3874034Z [291/406] [chromium] › tests/ui-knowledge-layout.spec.ts:56:1 › Knowledge routes R23/R24/R25 fit every supported layout boundary
2026-10-10T04:16:05.4037005Z [292/406] [chromium] › tests/ui-knowledge-layout.spec.ts:76:1 › Knowledge create, edit, and feedback-review dialogs remain inside mobile and desktop viewports
2026-10-10T04:16:24.1809824Z [293/406] [chromium] › tests/ui-master-resources.spec.ts:13:1 › C05 warehouses validate before HTTP, protect drafts and create/update/archive with visible results
2026-10-10T04:16:31.7726357Z [294/406] [chromium] › tests/ui-master-resources.spec.ts:26:1 › C05 warehouse conflicts keep the draft across two concurrent versions and require explicit reconciliation
2026-10-10T04:16:35.9631571Z [295/406] [chromium] › tests/ui-master-resources.spec.ts:34:1 › C05 accounts create and protect used fields; journal choices come from the same API lookup
2026-10-10T04:16:40.8512006Z [296/406] [chromium] › tests/ui-master-resources.spec.ts:40:1 › C05 customer address UI never replays a masked phone and orders load per-customer addresses
2026-10-10T04:16:47.3496762Z [297/406] [chromium] › tests/ui-master-resources.spec.ts:46:1 › C05 new management routes and address dialog reflow at all required widths with keyboard and axe
2026-10-10T04:17:25.8122879Z [298/406] [chromium] › tests/ui-master-resources.spec.ts:58:1 › C05 complete customer addresses create/archive through HTTP; masked mandatory fields prevent creation
2026-10-10T04:17:30.8308496Z [299/406] [chromium] › tests/ui-master-resources.spec.ts:77:1 › C05 an unknown warehouse creation keeps the draft and prevents a second request
2026-10-10T04:17:33.3194331Z [300/406] [chromium] › tests/ui-notifications-layout.spec.ts:40:1 › R39/R40 Notifications routes fit the supported page-width boundaries
2026-10-10T04:17:51.1650992Z [301/406] [chromium] › tests/ui-notifications-layout.spec.ts:50:1 › R40 revoke-device confirmation stays inside mobile and desktop viewports
2026-10-10T04:17:58.4525029Z [302/406] [chromium] › tests/ui-operations-layout.spec.ts:41:1 › R37/R38/R52 Operations routes fit the supported page-width boundaries
2026-10-10T04:18:24.6628293Z [303/406] [chromium] › tests/ui-operations-layout.spec.ts:51:1 › R52 role-control confirmation stays inside mobile and desktop viewports
2026-10-10T04:18:31.9918728Z [304/406] [chromium] › tests/ui-orders-layout.spec.ts:15:1 › Orders R17/R18/R19/R43 preserve responsive page geometry at 320-1440px
2026-10-10T04:19:07.2352931Z [305/406] [chromium] › tests/ui-orders-layout.spec.ts:46:1 › Orders draft, versioned quote, canonical address snapshot and return dialogs keep their behavior without writes
2026-10-10T04:19:22.3046768Z [306/406] [chromium] › tests/ui-panel-layout.spec.ts:15:1 › the titled Fulfillment Panel owns its body inset and keeps one 12px header boundary
2026-10-10T04:19:30.8074897Z [307/406] [chromium] › tests/ui-procurement-layout.spec.ts:38:1 › Procurement R44-R47 preserve shared page gutter and contain responsive tables at 320-1440px
2026-10-10T04:20:06.1412609Z [308/406] [chromium] › tests/ui-procurement-layout.spec.ts:69:1 › Procurement supplier, offer, rule, purchase and receipt dialogs fit narrow and desktop viewports without writes
2026-10-10T04:20:25.0957132Z [309/406] [chromium] › tests/ui-query-state-layout.spec.ts:68:5 › S12 R09 QueryState section profile preserves pending and ready layout
2026-10-10T04:20:39.2604243Z [310/406] [chromium] › tests/ui-query-state-layout.spec.ts:68:5 › S12 R11 QueryState inline profile preserves pending and ready layout
2026-10-10T04:20:50.9543824Z [311/406] [chromium] › tests/ui-shell-layout.spec.ts:45:1 › Shell keeps header, banner, main and footer on one responsive gutter
2026-10-10T04:20:54.8032142Z [312/406] [chromium] › tests/ui-shell-layout.spec.ts:106:1 › demo controls stay discoverable on mobile and usable on desktop
2026-10-10T04:20:56.7063885Z [313/406] [chromium] › tests/ui-shell-layout.spec.ts:124:1 › SPC-055/057 demo-control labels keep a clear gap on every Shell route consumer
2026-10-10T04:22:15.2923326Z [314/406] [chromium] › tests/ui-shell-layout.spec.ts:149:1 › unmatched route fallback owns its page gutter without horizontal overflow
2026-10-10T04:22:16.7146116Z [315/406] [chromium] › tests/ui-toolbar-layout.spec.ts:33:1 › Shared Toolbar and demo tools keep labels clear when text doubles
2026-10-10T04:22:27.3031762Z [316/406] [chromium] › tests/ui-toolbar-layout.spec.ts:61:1 › Toolbar geometry: multiline category lookup cannot stretch the search button
2026-10-10T04:22:30.2804514Z [317/406] [chromium] › tests/ui-toolbar-layout.spec.ts:78:1 › Shared consolidation Inbox filters share Toolbar ownership and stay outside search across pane widths
2026-10-10T04:22:49.7306829Z [318/406] [chromium] › tests/ui-toolbar-layout.spec.ts:121:1 › Toolbar affected routes keep intrinsic actions, capability branches and 320px reflow
2026-10-10T04:24:12.8780183Z [319/406] [chromium] › tests/ui-toolbar-layout.spec.ts:146:1 › Toolbar public extra slot cannot stretch a single-line submit action
2026-10-10T04:24:14.9987938Z [320/406] [chromium] › tests/ui-toolbar-layout.spec.ts:163:1 › Toolbar preserves Products URL filters, search submit, clear and independent category lookup
2026-10-10T04:24:19.7968121Z [321/406] [chromium] › tests/ui-toolbar-layout.spec.ts:199:1 › Toolbar keeps Inventory apply/reset separate from search submission
2026-10-10T04:24:26.8695029Z [322/406] [chromium] › tests/ui-toolbar-layout.spec.ts:219:1 › Toolbar category more/busy/error/retry branches preserve search geometry and actual pagination
2026-10-10T04:24:32.0727311Z [323/406] [chromium] › tests/ui-ux-completion.spec.ts:9:1 › UX01 setup feedback CTA reaches review workflow rather than dynamic knowledge detail
2026-10-10T04:24:37.5393315Z [324/406] [chromium] › tests/ui-ux-completion.spec.ts:15:1 › UX02 stock warnings describe low/zero stock without implying a server block
2026-10-10T04:24:39.3836586Z [325/406] [chromium] › tests/ui-ux-completion.spec.ts:22:1 › UX02 inventory receipts and accounting open periods have domain-specific names
2026-10-10T04:24:43.4649996Z [326/406] [chromium] › tests/ui-ux-completion.spec.ts:31:1 › UX04 onboarding protects the whole draft on leave and reload
2026-10-10T04:24:55.8638406Z [327/406] [chromium] › tests/ui-ux-completion.spec.ts:52:1 › UX04 acknowledged shop creation leaves without a false dirty warning
2026-10-10T04:24:57.9014174Z [328/406] [chromium] › tests/ui-ux-completion.spec.ts:60:1 › UX05 product detail returns to committed filters; direct links use the list fallback
2026-10-10T04:25:02.4013472Z [329/406] [chromium] › tests/ui-ux-completion.spec.ts:70:60 › UX05 customers list returns to its own filter context
2026-10-10T04:25:06.7717900Z [330/406] [chromium] › tests/ui-ux-completion.spec.ts:70:60 › UX05 orders list returns to its own filter context
2026-10-10T04:25:10.9353164Z [331/406] [chromium] › tests/ui-ux-completion.spec.ts:70:60 › UX05 knowledge list returns to its own filter context
2026-10-10T04:25:14.6826795Z [332/406] [chromium] › tests/ui-ux-completion.spec.ts:86:1 › UX03 category, member and AI deletion confirmations name the selected object and consequence
2026-10-10T04:25:20.3801790Z [333/406] [chromium] › tests/ui-ux-completion.spec.ts:108:1 › UX07 titles and breadcrumb distinguish create/detail/review; menu empty state clears with focus
2026-10-10T04:25:24.9869246Z [334/406] [chromium] › tests/ui-ux-completion.spec.ts:126:1 › UX10 multi-table pages have distinct business names
2026-10-10T04:25:28.6273809Z [335/406] [chromium] › tests/ui-ux-completion.spec.ts:136:1 › UX06 AI capability names and states are readable in Vietnamese
2026-10-10T04:25:30.6896868Z [336/406] [chromium] › tests/ui-ux-completion.spec.ts:143:1 › UX15 detail captions reflow without splitting short words across all required viewports
2026-10-10T04:25:34.0631824Z [337/406] [chromium] › tests/ui-width-layout.spec.ts:29:1 › W01 AI single connection fills its collection at breakpoint edges and wide viewports
2026-10-10T04:25:45.1914325Z [338/406] [chromium] › tests/ui-width-layout.spec.ts:42:1 › W01 AI keeps two-column collection for two/three items and refetch preserves the new count
2026-10-10T04:25:49.1007040Z [339/406] [chromium] › tests/ui-width-layout.spec.ts:63:1 › W01 AI empty result keeps one accessible create action and no empty grid
2026-10-10T04:25:51.5220380Z [340/406] [chromium] › tests/ui-width-layout.spec.ts:72:35 › W01 workspace collection handles 0 visible shops
2026-10-10T04:25:59.5674693Z [341/406] [chromium] › tests/ui-width-layout.spec.ts:72:35 › W01 workspace collection handles 1 visible shops
2026-10-10T04:26:07.7081844Z [342/406] [chromium] › tests/ui-width-layout.spec.ts:72:35 › W01 workspace collection handles 2 visible shops
2026-10-10T04:26:15.8450788Z [343/406] [chromium] › tests/ui-width-layout.spec.ts:72:35 › W01 workspace collection handles 3 visible shops
2026-10-10T04:26:23.9400299Z [344/406] [chromium] › tests/ui-width-layout.spec.ts:104:1 › W02 full-width form groups fill their panel and retain input/mapping/shipping behavior
2026-10-10T04:26:52.7658911Z [345/406] [chromium] › tests/ui-width-layout.spec.ts:144:1 › W03 notification protection notice occupies the full page row after the two panes
2026-10-10T04:26:59.6517995Z [346/406] [chromium] › tests/ui-width-layout.spec.ts:163:1 › W04 detail rows stay atomic in divided rhythm and plain containers
2026-10-10T04:27:06.2037984Z [347/406] [chromium] › tests/ui-workspace-layout.spec.ts:60:1 › workspace routes stay within the supported page-width boundaries
2026-10-10T04:28:04.5355496Z [348/406] [chromium] › tests/ui-workspace-layout.spec.ts:72:1 › team invite and privacy request dialogs remain usable without submitting
2026-10-10T04:28:17.9600713Z [349/406] [chromium] › tests/ui006-lookups.spec.ts:69:1 › UI006.C05 lookup and table cursors reach records after 150 synthetic suppliers, offers, and orders
2026-10-10T04:29:02.8031227Z [350/406] [chromium] › tests/ui006-lookups.spec.ts:215:1 › UI006.C04 bounded previews disclose their sample and link to full collections
2026-10-10T04:29:08.4466945Z [351/406] [chromium] › tests/ui006-lookups.spec.ts:232:1 › UI006.C02 selected order identity survives a failed search and cursor retry
2026-10-10T04:29:11.8531768Z [352/406] [chromium] › tests/ui007-query-states.spec.ts:30:1 › UI007 secondary order query loads independently while the customer profile remains available
2026-10-10T04:29:16.8909984Z [353/406] [chromium] › tests/ui007-query-states.spec.ts:60:1 › UI007 order query 503 is isolated from the primary customer query and retries only that query
2026-10-10T04:29:20.9191103Z [354/406] [chromium] › tests/ui007-query-states.spec.ts:94:1 › UI007 forbidden order query is an access state and a successful empty query is distinct
2026-10-10T04:29:24.8293934Z [355/406] [chromium] › tests/ui007-query-states.spec.ts:114:1 › UI007 supplier and offer failures keep purchase suggestions visible and have operation-specific recovery
2026-10-10T04:29:28.9374829Z [356/406] [chromium] › tests/ui007-query-states.spec.ts:150:1 › UI007 auto-send budget query is lazy, permission-aware, and blocks an unverified budget
2026-10-10T04:29:32.0422214Z [357/406] [chromium] › tests/ui008-integration-empty.spec.ts:57:1 › UI008 R29 successful empty collection exposes an accessible state and one permission-guarded connect CTA
2026-10-10T04:29:35.8203958Z [358/406] [chromium] › tests/ui008-integration-empty.spec.ts:75:1 › UI008 R29 read-only bot_admin sees the empty state without a manage action
2026-10-10T04:29:38.6698712Z [359/406] [chromium] › tests/ui008-integration-empty.spec.ts:90:1 › UI008 R29 pending channel query stays loading until its response arrives
2026-10-10T04:29:41.7987339Z [360/406] [chromium] › tests/ui008-integration-empty.spec.ts:108:1 › UI008 R29 forbidden channel query is not presented as empty or retryable
2026-10-10T04:29:43.8480451Z [361/406] [chromium] › tests/ui008-integration-empty.spec.ts:122:1 › UI008 R29 503 remains an error and recovers through its retry control
2026-10-10T04:29:47.5138223Z [362/406] [chromium] › tests/ui008-integration-empty.spec.ts:143:1 › UI008 R30 successful empty AI connection cards show a first-use state and one add CTA
2026-10-10T04:29:49.8338672Z [363/406] [chromium] › tests/ui008-integration-empty.spec.ts:161:1 › UI008 R30 read-only bot_admin sees the empty state without an add action
2026-10-10T04:29:52.8141822Z [364/406] [chromium] › tests/ui009-scope-regression.spec.ts:23:1 › UI009 delayed customer orders from the previous shop cannot leak into the new shop profile
2026-10-10T04:29:59.0809411Z [365/406] [chromium] › tests/ui010-dialog-draft.spec.ts:15:1 › UI010 a discarded confirmation reason is cleared before the dialog opens again
2026-10-10T04:30:04.1551382Z [366/406] [chromium] › tests/ui011-date-time.spec.ts:16:1 › UI011 report defaults use the active shop calendar month at a UTC month boundary
2026-10-10T04:30:08.2180152Z [367/406] [chromium] › tests/ui011-date-time.spec.ts:29:1 › UI011 journal effective date defaults to the active shop calendar date
2026-10-10T04:30:10.7369861Z [368/406] [chromium] › tests/ui011-date-time.spec.ts:41:1 › UI011 shipment event input and API instant use the shop timezone, not browser timezone
2026-10-10T04:30:13.8925617Z [369/406] [chromium] › tests/ui012-keyboard.spec.ts:42:1 › UI012 keyboard-only finance edit handles select, discard warning and focus return
2026-10-10T04:30:19.4738271Z [370/406] [chromium] › tests/ui012-keyboard.spec.ts:103:1 › UI012 keyboard validation focuses the field named by a synthetic 422 response
2026-10-10T04:30:25.7146420Z [371/406] [chromium] › tests/ui012-keyboard.spec.ts:160:1 › UI012 keyboard activates the CSV chooser and discards its selected file without upload
2026-10-10T04:30:28.8454215Z [372/406] [chromium] › tests/ui012-keyboard.spec.ts:200:1 › UI012 keyboard can reach and horizontally scroll the marketing chart data alternative
2026-10-10T04:30:32.3302201Z [373/406] [chromium] › tests/ui012-keyboard.spec.ts:227:1 › UI012 marketing chart keeps every category label visible beside its data table
2026-10-10T04:30:37.4157708Z [374/406] [chromium] › tests/ui012-keyboard.spec.ts:270:1 › UI012 inbox feedback actions identify their message and return focus after Escape
2026-10-10T04:30:42.1945433Z [375/406] [chromium] › tests/ui012-keyboard.spec.ts:303:1 › UI012 order draft does not announce an untouched required customer as invalid
2026-10-10T04:30:44.2827766Z [376/406] [chromium] › tests/ui012-keyboard.spec.ts:316:1 › UI012 human-confirmation policy copy wraps inside its alert at a 320 CSS-pixel viewport
2026-10-10T04:30:46.2980335Z [377/406] [chromium] › tests/ui012-keyboard.spec.ts:350:1 › UI012 dashboard CTA separates hover and pressed feedback while keeping keyboard focus visible
2026-10-10T04:30:52.7100778Z [378/406] [chromium] › tests/ui013-url-state.spec.ts:19:1 › UI013 reconciliation tab deep links and survives refresh; malformed tab safely falls back
2026-10-10T04:31:01.7546431Z [379/406] [chromium] › tests/ui013-url-state.spec.ts:39:1 › UI013 finance date range deep link, edit, refresh and Back use shop-local filter state
2026-10-10T04:31:07.3760061Z [380/406] [chromium] › tests/ui013-url-state.spec.ts:70:1 › UI013 report type and export date filters are deep-linkable, refreshable and malformed values fall back safely
2026-10-10T04:31:14.3196853Z [381/406] [chromium] › tests/ui021-permission-edge.spec.ts:4:1 › privacy page keeps the customers link when the destination permission is present
2026-10-10T04:31:18.0853965Z [382/406] [chromium] › tests/ui021-permission-edge.spec.ts:19:1 › privacy page hides the customers link when the destination permission is missing
2026-10-10T04:31:22.6520600Z [383/406] [chromium] › tests/ui028-w24-inbox-layout.spec.ts:15:1 › UI028.W24 Inbox spacing roles remain consistent across breakpoints without losing draft state
2026-10-10T04:31:35.2331483Z [384/406] [chromium] › tests/ui028-w25-reports-layout.spec.ts:16:1 › UI028.W25 Reports semantic spacing stays stable at mobile, tablet and desktop widths
2026-10-10T04:31:57.6712408Z   1) [chromium] › tests/ui028-w25-reports-layout.spec.ts:16:1 › UI028.W25 Reports semantic spacing stays stable at mobile, tablet and desktop widths 
2026-10-10T04:31:57.6713488Z 
2026-10-10T04:31:57.6713784Z     Error: expect(received).not.toBeNull()
2026-10-10T04:31:57.6714158Z 
2026-10-10T04:31:57.6714396Z     Received: null
2026-10-10T04:31:57.6714638Z 
2026-10-10T04:31:57.6714982Z       103 |         expect(spacing.questionTextInset).toBe(32);
2026-10-10T04:31:57.6716256Z       104 |         expect(spacing.chartFrame).toEqual({ height: '260px', padding: '16px' });
2026-10-10T04:31:57.6716986Z     > 105 |         expect(spacing.chartSvg).not.toBeNull();
2026-10-10T04:31:57.6717364Z           |                                      ^
2026-10-10T04:31:57.6717770Z       106 |         expect(spacing.chartTextCount).toBeGreaterThan(0);
2026-10-10T04:31:57.6719080Z       107 |         expect(await page.evaluate(() => document.documentElement.scrollWidth)).toBeLessThanOrEqual(width);
2026-10-10T04:31:57.6719932Z       108 |     }
2026-10-10T04:31:57.6720564Z         at /home/runner/work/Bot-AI-Ban-hang-FB/Bot-AI-Ban-hang-FB/BotSalesAI_Frontend/tests/ui028-w25-reports-layout.spec.ts:105:38
2026-10-10T04:31:57.6721073Z 
2026-10-10T04:31:57.6721801Z     Error Context: test-results/playwright-5863-35f919f1-975a-44fa-adbe-c813f9d7b882/ui028-w25-reports-layout-U-e3965-e-tablet-and-desktop-widths-chromium/error-context.md
2026-10-10T04:31:57.6722713Z 
2026-10-10T04:31:57.6723404Z     Error Context: test-results/playwright-5863-35f919f1-975a-44fa-adbe-c813f9d7b882/ui028-w25-reports-layout-U-e3965-e-tablet-and-desktop-widths-chromium/error-context.md
2026-10-10T04:31:57.6724167Z 
2026-10-10T04:31:57.6725019Z     attachment #3: trace (application/zip) ─────────────────────────────────────────────────────────
2026-10-10T04:31:57.6727019Z     test-results/playwright-5863-35f919f1-975a-44fa-adbe-c813f9d7b882/ui028-w25-reports-layout-U-e3965-e-tablet-and-desktop-widths-chromium/trace.zip
2026-10-10T04:31:57.6728125Z     Usage:
2026-10-10T04:31:57.6728330Z 
2026-10-10T04:31:57.6729663Z         npx playwright show-trace test-results/playwright-5863-35f919f1-975a-44fa-adbe-c813f9d7b882/ui028-w25-reports-layout-U-e3965-e-tablet-and-desktop-widths-chromium/trace.zip
2026-10-10T04:31:57.6730984Z 
2026-10-10T04:31:57.6731740Z     ────────────────────────────────────────────────────────────────────────────────────────────────
2026-10-10T04:31:57.6732279Z 
2026-10-10T04:31:57.6732289Z 
2026-10-10T04:32:00.7849263Z [385/406] [chromium] › tests/ui028-w25-reports-layout.spec.ts:114:1 › UI028.W25 authorized report download link retains its 44px hit target
2026-10-10T04:32:07.9666695Z [386/406] [chromium] › tests/ui028-w28-routes.spec.ts:47:5 › UI028.W28 61 canonical routes render with measured 390px layout geometry
2026-10-10T04:33:40.1118405Z [chromium] › tests/ui028-w28-routes.spec.ts:47:5 › UI028.W28 61 canonical routes render with measured 390px layout geometry
2026-10-10T04:33:40.1120978Z [w28-route-geometry] {"browser":"chromium","width":390,"routes":61,"issues":0,"pageErrors":0,"evidence":"evidence/frontend-ui-improvements/UI028/W28/route-geometry-chromium-390-current-20261010-043207-15536.json"}
2026-10-10T04:33:40.1122316Z 
2026-10-10T04:33:40.1458955Z [387/406] [chromium] › tests/ui028-w28-routes.spec.ts:47:5 › UI028.W28 61 canonical routes render with measured 1440px layout geometry
2026-10-10T04:34:58.4914328Z [chromium] › tests/ui028-w28-routes.spec.ts:47:5 › UI028.W28 61 canonical routes render with measured 1440px layout geometry
2026-10-10T04:34:58.4916092Z [w28-route-geometry] {"browser":"chromium","width":1440,"routes":61,"issues":0,"pageErrors":0,"evidence":"evidence/frontend-ui-improvements/UI028/W28/route-geometry-chromium-1440-current-20261010-043207-15536.json"}
2026-10-10T04:34:58.4916900Z 
2026-10-10T04:34:58.6033856Z [388/406] [chromium] › tests/ui028-w29-reflow.spec.ts:30:5 › UI028.W29 320px reflow retains representative actions and contains overflow
2026-10-10T04:35:11.6526141Z [chromium] › tests/ui028-w29-reflow.spec.ts:30:5 › UI028.W29 320px reflow retains representative actions and contains overflow
2026-10-10T04:35:11.6527714Z [w29-responsive-profile] {"browser":"chromium","width":320,"profiles":7,"issues":0,"pageErrors":0,"evidence":"evidence/frontend-ui-improvements/UI028/W29/responsive-profile-chromium-320-current-20261010-043207-15536.json"}
2026-10-10T04:35:11.6528590Z 
2026-10-10T04:35:11.6736410Z [389/406] [chromium] › tests/ui028-w29-reflow.spec.ts:30:5 › UI028.W29 390px reflow retains representative actions and contains overflow
2026-10-10T04:35:23.7233080Z [chromium] › tests/ui028-w29-reflow.spec.ts:30:5 › UI028.W29 390px reflow retains representative actions and contains overflow
2026-10-10T04:35:23.7234903Z [w29-responsive-profile] {"browser":"chromium","width":390,"profiles":7,"issues":0,"pageErrors":0,"evidence":"evidence/frontend-ui-improvements/UI028/W29/responsive-profile-chromium-390-current-20261010-043207-15536.json"}
2026-10-10T04:35:23.7236010Z 
2026-10-10T04:35:23.7473940Z [390/406] [chromium] › tests/ui028-w29-reflow.spec.ts:30:5 › UI028.W29 767px reflow retains representative actions and contains overflow
2026-10-10T04:35:35.6221164Z [chromium] › tests/ui028-w29-reflow.spec.ts:30:5 › UI028.W29 767px reflow retains representative actions and contains overflow
2026-10-10T04:35:35.6222972Z [w29-responsive-profile] {"browser":"chromium","width":767,"profiles":7,"issues":0,"pageErrors":0,"evidence":"evidence/frontend-ui-improvements/UI028/W29/responsive-profile-chromium-767-current-20261010-043207-15536.json"}
2026-10-10T04:35:35.6223815Z 
2026-10-10T04:35:35.6449663Z [391/406] [chromium] › tests/ui028-w29-reflow.spec.ts:30:5 › UI028.W29 768px reflow retains representative actions and contains overflow
2026-10-10T04:35:47.3623740Z [chromium] › tests/ui028-w29-reflow.spec.ts:30:5 › UI028.W29 768px reflow retains representative actions and contains overflow
2026-10-10T04:35:47.3625417Z [w29-responsive-profile] {"browser":"chromium","width":768,"profiles":7,"issues":0,"pageErrors":0,"evidence":"evidence/frontend-ui-improvements/UI028/W29/responsive-profile-chromium-768-current-20261010-043207-15536.json"}
2026-10-10T04:35:47.3626856Z 
2026-10-10T04:35:47.3832670Z [392/406] [chromium] › tests/ui028-w29-reflow.spec.ts:30:5 › UI028.W29 1024px reflow retains representative actions and contains overflow
2026-10-10T04:35:59.2341037Z [chromium] › tests/ui028-w29-reflow.spec.ts:30:5 › UI028.W29 1024px reflow retains representative actions and contains overflow
2026-10-10T04:35:59.2368282Z [w29-responsive-profile] {"browser":"chromium","width":1024,"profiles":7,"issues":0,"pageErrors":0,"evidence":"evidence/frontend-ui-improvements/UI028/W29/responsive-profile-chromium-1024-current-20261010-043207-15536.json"}
2026-10-10T04:35:59.2386393Z 
2026-10-10T04:35:59.2571387Z [393/406] [chromium] › tests/ui028-w29-reflow.spec.ts:30:5 › UI028.W29 1279px reflow retains representative actions and contains overflow
2026-10-10T04:36:11.2398287Z [chromium] › tests/ui028-w29-reflow.spec.ts:30:5 › UI028.W29 1279px reflow retains representative actions and contains overflow
2026-10-10T04:36:11.2400687Z [w29-responsive-profile] {"browser":"chromium","width":1279,"profiles":7,"issues":0,"pageErrors":0,"evidence":"evidence/frontend-ui-improvements/UI028/W29/responsive-profile-chromium-1279-current-20261010-043207-15536.json"}
2026-10-10T04:36:11.2401586Z 
2026-10-10T04:36:11.2631846Z [394/406] [chromium] › tests/ui028-w29-reflow.spec.ts:30:5 › UI028.W29 1280px reflow retains representative actions and contains overflow
2026-10-10T04:36:21.9788591Z [chromium] › tests/ui028-w29-reflow.spec.ts:30:5 › UI028.W29 1280px reflow retains representative actions and contains overflow
2026-10-10T04:36:21.9798809Z [w29-responsive-profile] {"browser":"chromium","width":1280,"profiles":7,"issues":0,"pageErrors":0,"evidence":"evidence/frontend-ui-improvements/UI028/W29/responsive-profile-chromium-1280-current-20261010-043207-15536.json"}
2026-10-10T04:36:21.9800691Z 
2026-10-10T04:36:22.0040630Z [395/406] [chromium] › tests/ui028-w29-reflow.spec.ts:30:5 › UI028.W29 1440px reflow retains representative actions and contains overflow
2026-10-10T04:36:32.7890579Z [chromium] › tests/ui028-w29-reflow.spec.ts:30:5 › UI028.W29 1440px reflow retains representative actions and contains overflow
2026-10-10T04:36:32.7893272Z [w29-responsive-profile] {"browser":"chromium","width":1440,"profiles":7,"issues":0,"pageErrors":0,"evidence":"evidence/frontend-ui-improvements/UI028/W29/responsive-profile-chromium-1440-current-20261010-043207-15536.json"}
2026-10-10T04:36:32.7894837Z 
2026-10-10T04:36:32.8109991Z [396/406] [chromium] › tests/ui028-w29-reflow.spec.ts:30:5 › UI028.W29 1920px reflow retains representative actions and contains overflow
2026-10-10T04:36:43.6033562Z [chromium] › tests/ui028-w29-reflow.spec.ts:30:5 › UI028.W29 1920px reflow retains representative actions and contains overflow
2026-10-10T04:36:43.6037178Z [w29-responsive-profile] {"browser":"chromium","width":1920,"profiles":7,"issues":0,"pageErrors":0,"evidence":"evidence/frontend-ui-improvements/UI028/W29/responsive-profile-chromium-1920-current-20261010-043207-15536.json"}
2026-10-10T04:36:43.6039134Z 
2026-10-10T04:36:43.6903208Z [397/406] [chromium] › tests/ui028-w30-stress.spec.ts:75:5 › UI028.W30 form-error-short: 200% text and spacing stress at 320x480
2026-10-10T04:36:47.4240679Z [chromium] › tests/ui028-w30-stress.spec.ts:75:5 › UI028.W30 form-error-short: 200% text and spacing stress at 320x480
2026-10-10T04:36:47.4244136Z [w30-stress] {"browser":"chromium","scenario":"form-error-short","viewport":{"width":320,"height":480},"scaledTextElements":55,"issues":0,"pageErrors":0,"evidence":"evidence/frontend-ui-improvements/UI028/W30/stress-chromium-form-error-short-current-20261010-043207-15536.json"}
2026-10-10T04:36:47.4246227Z 
2026-10-10T04:36:47.4386327Z [398/406] [chromium] › tests/ui028-w30-stress.spec.ts:75:5 › UI028.W30 mobile-menu-long-label: 200% text and spacing stress at 390x560
2026-10-10T04:36:49.8976657Z [chromium] › tests/ui028-w30-stress.spec.ts:75:5 › UI028.W30 mobile-menu-long-label: 200% text and spacing stress at 390x560
2026-10-10T04:36:49.8979724Z [w30-stress] {"browser":"chromium","scenario":"mobile-menu-long-label","viewport":{"width":390,"height":560},"scaledTextElements":148,"issues":0,"pageErrors":0,"evidence":"evidence/frontend-ui-improvements/UI028/W30/stress-chromium-mobile-menu-long-label-current-20261010-043207-15536.json"}
2026-10-10T04:36:49.8981649Z 
2026-10-10T04:36:49.9111867Z [399/406] [chromium] › tests/ui028-w30-stress.spec.ts:75:5 › UI028.W30 report-long-id: 200% text and spacing stress at 640x450
2026-10-10T04:36:52.3748954Z [chromium] › tests/ui028-w30-stress.spec.ts:75:5 › UI028.W30 report-long-id: 200% text and spacing stress at 640x450
2026-10-10T04:36:52.3753656Z [w30-stress] {"browser":"chromium","scenario":"report-long-id","viewport":{"width":640,"height":450},"scaledTextElements":244,"issues":0,"pageErrors":0,"evidence":"evidence/frontend-ui-improvements/UI028/W30/stress-chromium-report-long-id-current-20261010-043207-15536.json"}
2026-10-10T04:36:52.3757426Z 
2026-10-10T04:36:52.3914736Z [400/406] [chromium] › tests/ui028-w30-stress.spec.ts:75:5 › UI028.W30 inbox-long-composer: 200% text and spacing stress at 390x560
2026-10-10T04:36:54.3559978Z [chromium] › tests/ui028-w30-stress.spec.ts:75:5 › UI028.W30 inbox-long-composer: 200% text and spacing stress at 390x560
2026-10-10T04:36:54.3563112Z [w30-stress] {"browser":"chromium","scenario":"inbox-long-composer","viewport":{"width":390,"height":560},"scaledTextElements":71,"issues":0,"pageErrors":0,"evidence":"evidence/frontend-ui-improvements/UI028/W30/stress-chromium-inbox-long-composer-current-20261010-043207-15536.json"}
2026-10-10T04:36:54.3565050Z 
2026-10-10T04:36:54.3708847Z [401/406] [chromium] › tests/ui028-w30-stress.spec.ts:75:5 › UI028.W30 dialog-long-reason: 200% text and spacing stress at 320x480
2026-10-10T04:36:56.5262773Z [chromium] › tests/ui028-w30-stress.spec.ts:75:5 › UI028.W30 dialog-long-reason: 200% text and spacing stress at 320x480
2026-10-10T04:36:56.5265216Z [w30-stress] {"browser":"chromium","scenario":"dialog-long-reason","viewport":{"width":320,"height":480},"scaledTextElements":80,"issues":0,"pageErrors":0,"evidence":"evidence/frontend-ui-improvements/UI028/W30/stress-chromium-dialog-long-reason-current-20261010-043207-15536.json"}
2026-10-10T04:36:56.5266732Z 
2026-10-10T04:36:56.6005326Z [402/406] [chromium] › tests/vertical-slices/fe022-flows.spec.ts:38:1 › FE022.VS01 catalog → stock → order → prep keeps product, reservation, and order references linked
2026-10-10T04:37:04.4930906Z [403/406] [chromium] › tests/vertical-slices/fe022-flows.spec.ts:92:1 › FE022.VS02 procurement → approval → receipt → stock and payable preserves the purchase identity
2026-10-10T04:37:14.6906163Z [404/406] [chromium] › tests/vertical-slices/fe022-flows.spec.ts:168:1 › FE022.VS03 finance → reconciliation retains bank transaction and partial debt allocation
2026-10-10T04:37:19.9669199Z [405/406] [chromium] › tests/vertical-slices/fe022-flows.spec.ts:210:1 › FE022.VS04 inbox → knowledge draft → bot evaluation preserves feedback and revision source IDs
2026-10-10T04:37:25.6163463Z [406/406] [chromium] › tests/vertical-slices/fe022-flows.spec.ts:252:1 › FE022.S05 route and feature matrix covers canonical IDs with executed cases or explicit frontend gaps
2026-10-10T04:37:26.1511204Z   1 failed
2026-10-10T04:37:26.1513393Z     [chromium] › tests/ui028-w25-reports-layout.spec.ts:16:1 › UI028.W25 Reports semantic spacing stays stable at mobile, tablet and desktop widths 
2026-10-10T04:37:26.1514540Z   405 passed (56.9m)
2026-10-10T04:37:26.1853753Z ##[error]Process completed with exit code 1.
2026-10-10T04:37:26.1944682Z ##[group]Run actions/upload-artifact@043fb46d1a93c77aae656e7c1c64a875d1fc6a0a
2026-10-10T04:37:26.1945110Z with:
2026-10-10T04:37:26.1945475Z   name: frontend-chromium-38020914430-1-ad103f6765aadf312ac85ef1082823bedec25176
2026-10-10T04:37:26.1946473Z   path: BotSalesAI_Frontend/apps/web/dist/
BotSalesAI_Frontend/apps/web/dist-demo/
BotSalesAI_Frontend/test-results/

2026-10-10T04:37:26.1947026Z   if-no-files-found: ignore
2026-10-10T04:37:26.1947263Z   retention-days: 14
2026-10-10T04:37:26.1947483Z   compression-level: 6
2026-10-10T04:37:26.1947700Z   overwrite: false
2026-10-10T04:37:26.1947912Z   include-hidden-files: false
2026-10-10T04:37:26.1948146Z   archive: true
2026-10-10T04:37:26.1948359Z ##[endgroup]
2026-10-10T04:37:26.3744639Z Multiple search paths detected. Calculating the least common ancestor of all paths
2026-10-10T04:37:26.3747912Z The least common ancestor is /home/runner/work/Bot-AI-Ban-hang-FB/Bot-AI-Ban-hang-FB/BotSalesAI_Frontend. This will be the root directory of the artifact
2026-10-10T04:37:26.3749292Z With the provided path, there will be 77 files uploaded
2026-10-10T04:37:26.3752962Z Artifact name is valid!
2026-10-10T04:37:26.3753610Z Root directory input is valid!
2026-10-10T04:37:26.6581396Z Uploading artifact: frontend-chromium-38020914430-1-ad103f6765aadf312ac85ef1082823bedec25176.zip
2026-10-10T04:37:26.6621148Z Beginning upload of artifact content to blob storage
2026-10-10T04:37:27.3728159Z Uploaded bytes 4034320
2026-10-10T04:37:27.4100715Z Finished uploading artifact content to blob storage!
2026-10-10T04:37:27.4101910Z SHA256 digest of uploaded artifact is d4742021d524a2f2dca68819b1c75061e1ed4733a298c2c668ee7d3031275386
2026-10-10T04:37:27.4102837Z Finalizing artifact upload
2026-10-10T04:37:27.7272362Z Artifact frontend-chromium-38020914430-1-ad103f6765aadf312ac85ef1082823bedec25176 successfully finalized. Artifact ID 11659977508
2026-10-10T04:37:27.7275941Z Artifact frontend-chromium-38020914430-1-ad103f6765aadf312ac85ef1082823bedec25176 has been successfully uploaded! Final size is 4034320 bytes. Artifact ID is 11659977508
2026-10-10T04:37:27.7278764Z Artifact download URL: https://github.com/LonelyTraderBay/Bot-AI-Ban-hang-FB/actions/runs/38020914430/artifacts/11659977508
2026-10-10T04:37:27.7468615Z Post job cleanup.
2026-10-10T04:37:27.8303940Z [command]/usr/bin/git version
2026-10-10T04:37:27.8359287Z git version 2.55.0
2026-10-10T04:37:27.8399038Z Temporarily overriding HOME='/home/runner/work/_temp/68ce0ee2-b047-40c0-b805-0effe54745f7' before making global git config changes
2026-10-10T04:37:27.8400552Z Adding repository directory to the temporary git global config as a safe directory
2026-10-10T04:37:27.8404740Z [command]/usr/bin/git config --global --add safe.directory /home/runner/work/Bot-AI-Ban-hang-FB/Bot-AI-Ban-hang-FB
2026-10-10T04:37:27.8440713Z Removing SSH command configuration
2026-10-10T04:37:27.8447800Z [command]/usr/bin/git config --local --name-only --get-regexp core\.sshCommand
2026-10-10T04:37:27.8485658Z [command]/usr/bin/git submodule foreach --recursive sh -c "git config --local --name-only --get-regexp 'core\.sshCommand' && git config --local --unset-all 'core.sshCommand' || :"
2026-10-10T04:37:27.8755402Z Removing HTTP extra header
2026-10-10T04:37:27.8757436Z [command]/usr/bin/git config --local --name-only --get-regexp http\.https\:\/\/github\.com\/\.extraheader
2026-10-10T04:37:27.8795215Z [command]/usr/bin/git submodule foreach --recursive sh -c "git config --local --name-only --get-regexp 'http\.https\:\/\/github\.com\/\.extraheader' && git config --local --unset-all 'http.https://github.com/.extraheader' || :"
2026-10-10T04:37:27.9069159Z Removing includeIf entries pointing to credentials config files
2026-10-10T04:37:27.9075692Z [command]/usr/bin/git config --local --name-only --get-regexp ^includeIf\.gitdir:
2026-10-10T04:37:27.9109584Z includeif.gitdir:/home/runner/work/Bot-AI-Ban-hang-FB/Bot-AI-Ban-hang-FB/.git.path
2026-10-10T04:37:27.9111143Z includeif.gitdir:/home/runner/work/Bot-AI-Ban-hang-FB/Bot-AI-Ban-hang-FB/.git/worktrees/*.path
2026-10-10T04:37:27.9112449Z includeif.gitdir:/github/workspace/.git.path
2026-10-10T04:37:27.9113638Z includeif.gitdir:/github/workspace/.git/worktrees/*.path
2026-10-10T04:37:27.9120817Z [command]/usr/bin/git config --local --get-all includeif.gitdir:/home/runner/work/Bot-AI-Ban-hang-FB/Bot-AI-Ban-hang-FB/.git.path
2026-10-10T04:37:27.9149489Z /home/runner/work/_temp/git-credentials-a9209b1d-8342-47d7-b180-232f3aee72a6.config
2026-10-10T04:37:27.9159840Z [command]/usr/bin/git config --local --unset includeif.gitdir:/home/runner/work/Bot-AI-Ban-hang-FB/Bot-AI-Ban-hang-FB/.git.path \/home\/runner\/work\/_temp\/git\-credentials\-a9209b1d\-8342\-47d7\-b180\-232f3aee72a6\.config
2026-10-10T04:37:27.9200687Z [command]/usr/bin/git config --local --get-all includeif.gitdir:/home/runner/work/Bot-AI-Ban-hang-FB/Bot-AI-Ban-hang-FB/.git/worktrees/*.path
2026-10-10T04:37:27.9244773Z /home/runner/work/_temp/git-credentials-a9209b1d-8342-47d7-b180-232f3aee72a6.config
2026-10-10T04:37:27.9247869Z [command]/usr/bin/git config --local --unset includeif.gitdir:/home/runner/work/Bot-AI-Ban-hang-FB/Bot-AI-Ban-hang-FB/.git/worktrees/*.path \/home\/runner\/work\/_temp\/git\-credentials\-a9209b1d\-8342\-47d7\-b180\-232f3aee72a6\.config
2026-10-10T04:37:27.9299198Z [command]/usr/bin/git config --local --get-all includeif.gitdir:/github/workspace/.git.path
2026-10-10T04:37:27.9324393Z /github/runner_temp/git-credentials-a9209b1d-8342-47d7-b180-232f3aee72a6.config
2026-10-10T04:37:27.9333115Z [command]/usr/bin/git config --local --unset includeif.gitdir:/github/workspace/.git.path \/github\/runner_temp\/git\-credentials\-a9209b1d\-8342\-47d7\-b180\-232f3aee72a6\.config
2026-10-10T04:37:27.9369058Z [command]/usr/bin/git config --local --get-all includeif.gitdir:/github/workspace/.git/worktrees/*.path
2026-10-10T04:37:27.9396782Z /github/runner_temp/git-credentials-a9209b1d-8342-47d7-b180-232f3aee72a6.config
2026-10-10T04:37:27.9404581Z [command]/usr/bin/git config --local --unset includeif.gitdir:/github/workspace/.git/worktrees/*.path \/github\/runner_temp\/git\-credentials\-a9209b1d\-8342\-47d7\-b180\-232f3aee72a6\.config
2026-10-10T04:37:27.9443607Z [command]/usr/bin/git submodule foreach --recursive git config --local --show-origin --name-only --get-regexp remote.origin.url
2026-10-10T04:37:27.9709158Z Removing credentials config '/home/runner/work/_temp/git-credentials-a9209b1d-8342-47d7-b180-232f3aee72a6.config'
2026-10-10T04:37:27.9870822Z Cleaning up orphan processes

