
> botsales-frontend@0.1.0 test:e2e
> node scripts/run-e2e.mjs


> npm run setup

> botsales-frontend@0.1.0 setup
> node scripts/setup.mjs

{"status":"PASS","outputs":11,"schemas":283,"operations":210,"routes":54}
Copying the worker script at "C:\Users\Joker-PC\Documents\Projects\Bot-AI-Ban-hang-FB\BotSalesAI_Frontend\apps\web\public"...

Worker script successfully copied!
  - public

Continue by describing the network in your application:


https://mswjs.io/docs/quick-start

Thiết lập xong. npm run dev chạy frontend mô phỏng; không kết nối khách hàng hoặc provider thật.

> npm run build

> botsales-frontend@0.1.0 build
> npm run generate:check && npm run typecheck && npm run build --workspace @botsales/web


> botsales-frontend@0.1.0 generate:check
> node scripts/generate.mjs --check

{"status":"PASS","outputs":11,"schemas":283,"operations":210,"routes":54}

> botsales-frontend@0.1.0 typecheck
> tsc -p apps/web/tsconfig.json --noEmit


> @botsales/web@0.1.0 build
> vite build --mode production

vite v7.3.6 building client environment for production...
transforming...
✓ 2061 modules transformed.
rendering chunks...
computing gzip size...
dist/index.html                              1.19 kB │ gzip:   0.59 kB
dist/assets/index-BQPx7lJM.css               3.56 kB │ gzip:   1.33 kB
dist/assets/download-8lJFmiSZ.js             0.23 kB │ gzip:   0.17 kB
dist/assets/filters-CVitQAxr.js              0.32 kB │ gzip:   0.25 kB
dist/assets/hooks-Ds0G-8M4.js                4.58 kB │ gzip:   2.14 kB
dist/assets/draft-conflict-7-4cVcmL.js       5.35 kB │ gzip:   2.47 kB
dist/assets/index-BXXgotM3.js                7.85 kB │ gzip:   3.13 kB
dist/assets/index-BQPcKVvb.js                8.31 kB │ gzip:   3.53 kB
dist/assets/index-BIZ9jMx7.js                9.81 kB │ gzip:   3.68 kB
dist/assets/index-C0ysiyyX.js               13.80 kB │ gzip:   5.63 kB
dist/assets/index-CxWXSk2u.js               14.52 kB │ gzip:   5.35 kB
dist/assets/index-BMW2HIix.js               14.58 kB │ gzip:   4.92 kB
dist/assets/index-BzMGQLm1.js               15.21 kB │ gzip:   5.85 kB
dist/assets/index-CiUlM2ax.js               16.16 kB │ gzip:   5.51 kB
dist/assets/index-BtbxdZIr.js               16.40 kB │ gzip:   5.42 kB
dist/assets/index-fpKSjQbD.js               17.81 kB │ gzip:   6.26 kB
dist/assets/index-Bh9cVQBT.js               18.33 kB │ gzip:   6.16 kB
dist/assets/index-B5oeNJ-u.js               23.69 kB │ gzip:   8.49 kB
dist/assets/index-BTpDFmx4.js               23.80 kB │ gzip:   8.12 kB
dist/assets/index-B9lEwiv3.js               29.24 kB │ gzip:   9.51 kB
dist/assets/index-CjiAAxmZ.js               31.62 kB │ gzip:   9.82 kB
dist/assets/query-5vm9EU1C.js               33.15 kB │ gzip:   9.92 kB
dist/assets/index-CJk5sjTg.js               37.94 kB │ gzip:  10.46 kB
dist/assets/i18n-xB0mQYCC.js                46.14 kB │ gzip:  15.12 kB
dist/assets/schemas-Ct4RWo9M.js             80.75 kB │ gzip:  24.39 kB
dist/assets/index-BuoCanb5.js               89.01 kB │ gzip:  28.24 kB
dist/assets/schema-validation-Bhr7oAQE.js  149.80 kB │ gzip:  45.12 kB
dist/assets/react-runtime-D0NtfbPC.js      279.78 kB │ gzip:  90.28 kB
dist/assets/contract-data-BIzYYkc1.js      303.99 kB │ gzip:  36.17 kB
dist/assets/charts-CQ4oecFO.js             313.03 kB │ gzip:  94.99 kB
dist/assets/mui-Bz_aCSm2.js                328.33 kB │ gzip: 100.02 kB
✓ built in 3.17s

> npm run build:demo

> botsales-frontend@0.1.0 build:demo
> npm run generate:check && npm run typecheck && npm run build:demo --workspace @botsales/web


> botsales-frontend@0.1.0 generate:check
> node scripts/generate.mjs --check

{"status":"PASS","outputs":11,"schemas":283,"operations":210,"routes":54}

> botsales-frontend@0.1.0 typecheck
> tsc -p apps/web/tsconfig.json --noEmit


> @botsales/web@0.1.0 build:demo
> vite build --mode demo --outDir dist-demo

vite v7.3.6 building client environment for demo...
transforming...
✓ 2277 modules transformed.
rendering chunks...
computing gzip size...
dist-demo/index.html                              1.19 kB │ gzip:   0.59 kB
dist-demo/assets/index-BQPx7lJM.css               3.56 kB │ gzip:   1.33 kB
dist-demo/assets/download-CWiaXb8A.js             0.24 kB │ gzip:   0.17 kB
dist-demo/assets/filters-Bi-qlnQp.js              0.32 kB │ gzip:   0.24 kB
dist-demo/assets/control-6gq2NE8L.js              0.72 kB │ gzip:   0.43 kB
dist-demo/assets/hooks-DbOMPuxp.js                4.58 kB │ gzip:   2.14 kB
dist-demo/assets/draft-conflict-C1T_pS6f.js       5.35 kB │ gzip:   2.47 kB
dist-demo/assets/index-_O5L3TSv.js                8.31 kB │ gzip:   3.53 kB
dist-demo/assets/index-jyOeIDvC.js                8.39 kB │ gzip:   3.33 kB
dist-demo/assets/index-BJvLBKj7.js                9.81 kB │ gzip:   3.68 kB
dist-demo/assets/index-CgVVPQ6N.js               13.99 kB │ gzip:   5.69 kB
dist-demo/assets/index-DwA-e164.js               14.58 kB │ gzip:   4.92 kB
dist-demo/assets/index-DeLM-jZn.js               14.90 kB │ gzip:   5.66 kB
dist-demo/assets/index-BSUdRt-3.js               16.56 kB │ gzip:   5.45 kB
dist-demo/assets/index-BX6doHAq.js               17.81 kB │ gzip:   6.26 kB
dist-demo/assets/index-T8sCEhR5.js               18.33 kB │ gzip:   6.15 kB
dist-demo/assets/index-CAmcIvhX.js               18.36 kB │ gzip:   6.28 kB
dist-demo/assets/index-a_f6n4bd.js               22.53 kB │ gzip:   7.81 kB
dist-demo/assets/index-CGLPtouX.js               23.92 kB │ gzip:   8.56 kB
dist-demo/assets/index-B4UFfa1J.js               24.21 kB │ gzip:   8.28 kB
dist-demo/assets/index-Dva139y1.js               29.75 kB │ gzip:   9.65 kB
dist-demo/assets/query-5vm9EU1C.js               33.15 kB │ gzip:   9.92 kB
dist-demo/assets/index-TkrWO84B.js               33.87 kB │ gzip:  10.55 kB
dist-demo/assets/index-KDH0x96d.js               37.94 kB │ gzip:  10.46 kB
dist-demo/assets/i18n-xB0mQYCC.js                46.14 kB │ gzip:  15.12 kB
dist-demo/assets/schemas-Ct4RWo9M.js             80.75 kB │ gzip:  24.39 kB
dist-demo/assets/index-CvleD9Av.js               92.86 kB │ gzip:  29.37 kB
dist-demo/assets/schema-validation-Bhr7oAQE.js  149.80 kB │ gzip:  45.12 kB
dist-demo/assets/service-BepI4YXI.js            159.35 kB │ gzip:  34.71 kB
dist-demo/assets/browser-Q7hU35s0.js            255.64 kB │ gzip:  87.01 kB
dist-demo/assets/react-runtime-D0NtfbPC.js      279.78 kB │ gzip:  90.28 kB
dist-demo/assets/contract-data-D-QqiNa-.js      309.77 kB │ gzip:  37.31 kB
dist-demo/assets/charts-RcpaDpmM.js             313.03 kB │ gzip:  94.99 kB
dist-demo/assets/mui-azn9KfGV.js                328.33 kB │ gzip: 100.02 kB
✓ built in 3.33s

> node node_modules\@playwright\test\cli.js test
[WebServer] (node:55664) Warning: The 'NO_COLOR' env is ignored due to the 'FORCE_COLOR' env being set.
[WebServer] (Use `node --trace-warnings ...` to show where the warning was created)
✔ canonical contracts validate and generate the API base path from OpenAPI (60.6293ms)
✔ rejects drift in OpenAPI YAML and operation index projections (91.3384ms)
✔ generated operation registry preserves required and optional query parameter metadata (23.0254ms)
✔ rejects unresolved schema references before generation (43.1323ms)
✔ rejects missing API version and a server URL outside same-origin path form (38.1549ms)
✔ rejects route-to-operation drift without rewriting the canonical manifest (39.1009ms)
✔ detects a stale generated file and accepts it after regeneration (6.2394ms)
{
  "taskId": "FE011",
  "scope": "FRONTEND_WITH_SYNTHETIC_MOCK_API",
  "routes": [
    {
      "id": "R15",
      "path": "/s/:shopId/inventory",
      "permission": "inventory.read",
      "reads": [
        "listStockSnapshots",
        "getShop"
      ],
      "action": {
        "label": "Điều chỉnh tồn",
        "operationId": "createInventoryAdjustment",
        "permission": "inventory.adjust"
      }
    },
    {
      "id": "R16",
      "path": "/s/:shopId/inventory/movements",
      "permission": "inventory.read",
      "reads": [
        "listStockMovements"
      ]
    }
  ],
  "operations": [
    "listStockSnapshots",
    "listStockMovements",
    "createInventoryAdjustment",
    "getShop"
  ],
  "permissionBoundary": "Route reads require inventory.read; adjustment uses inventory.adjust; cost requires finance.read; product and order links are permission-gated.",
  "commandSemantics": "202 CommandResponse; expectedVersion and unitCost are contract-required body properties; the shared client waits for terminal state and handles unknown outcomes.",
  "checks": 17
}
✔ FE011 routes, permissions, operations and DTOs map to canonical contracts and current source (16.4302ms)
{
  "taskId": "FE012",
  "scope": "FRONTEND_WITH_SYNTHETIC_MOCK_API",
  "routes": [
    "R17",
    "R18",
    "R19",
    "R43"
  ],
  "operations": [
    "listOrders",
    "getOrder",
    "getShop",
    "listCustomers",
    "listProducts",
    "listConversations",
    "createOrder",
    "updateOrderDraft",
    "quoteOrder",
    "recordCustomerConfirmation",
    "confirmOrder",
    "cancelOrder",
    "listReturnCases",
    "getReturnCase",
    "createReturnCase",
    "inspectReturn",
    "getCommand",
    "handoverShipment",
    "payOrder",
    "refundOrder"
  ],
  "contractEvidence": "OrderDraft carries required IDs and 1..100 lines, integer quantity 1..1000000 and notes up to 2000; confirmation requires quote hash/version and customer message evidence; return inspection is line-scoped.",
  "permissionBoundary": "Customer/product pickers are enabled only with read capability; write actions follow orders.write, orders.confirm, orders.return and inventory.adjust.",
  "limitations": "No address CRUD endpoint is introduced; shippingAddressId remains an external verified ID and mock confirmation is only a demo simulation.",
  "checks": 35
}
✔ FE012 routes, operations, permissions and DTO limits map to canonical contracts and orders source (16.3258ms)
{
  "taskId": "FE013",
  "scope": "FRONTEND_WITH_SYNTHETIC_MOCK_API",
  "routes": [
    "R41",
    "R42"
  ],
  "operations": [
    "listPrepJobs",
    "getPrepJob",
    "getWorkItem",
    "claimWorkItem",
    "pickPrepLine",
    "packPrepJob",
    "listShipments",
    "getShipment",
    "createShipment",
    "handoverShipment",
    "recordShipmentEvent"
  ],
  "permissionBoundary": "fulfillment.read gates route data, operations.claim gates WorkItem claim, fulfillment.write gates picks/pack/events/shipment creation, and fulfillment.handover gates stock-consuming handover.",
  "stateBoundary": "Claim/pick/pack/handover/delivery/payment remain separate states; return eligibility continues to come from the order API.",
  "checks": 54
}
✔ FE013 routes, permissions, DTOs and state transitions map to canonical contracts and fulfillment source (18.082ms)
{"taskId":"FE016","scope":"FRONTEND_WITH_SYNTHETIC_MOCK_API","routes":["R05","R06"],"operations":["listConversations","getConversation","listMessages","sendMessage","takeoverConversation","releaseConversation","resolveConversation","assignConversation","listFeedback","createFeedback","reviewFeedback","listCommands","getCommand","getInboxMetadata"],"knownGap":"Canonical Message has no media or attachment field/operation; UI must not invent a provider endpoint.","checks":3}
{"taskId":"FE017","scope":"FRONTEND_WITH_SYNTHETIC_MOCK_API","routes":["R23","R24","R25"],"operations":15,"unresolvedContractField":"Knowledge.allowedActions","checks":4}
{
  "taskId": "FE014",
  "scope": "FRONTEND_WITH_SYNTHETIC_MOCK_API",
  "routes": [
    "R44",
    "R45",
    "R46",
    "R47"
  ],
  "operations": 13,
  "checks": 95
}
✔ FE014 procurement routes, permissions, DTOs and current source follow canonical contracts (29.3994ms)
{"taskId":"FE018","scope":"FRONTEND_WITH_SYNTHETIC_MOCK_API","routes":["R26","R27","R28","R51"],"operations":18,"checks":2,"knownRouteMappingGap":"R51 omits updateBudgetPolicy; UI uses canonical operation permission operations.manage"}
FE015 source map: 131 contract/source assertions passed
✔ FE015 finance routes, capabilities, operations and DTOs follow canonical contracts (25.9947ms)
✔ FE016 maps R05/R06 reads and mutations to canonical permissions and current inbox source (0.3193ms)
✔ FE016 contract bounds list filters, safe message refs and versioned send payloads (0.2221ms)
✔ FE016 uses shell-owned resync and command recovery, and mock takeover enforces current version (0.2175ms)
✔ FE017 R23-R25 operations and action permissions match canonical routes (0.3866ms)
✔ FE017 uses the user-approved permission and lifecycle UI substitute without inventing a Knowledge DTO field (0.1156ms)
✔ FE017 price and availability source preview uses separately permissioned canonical APIs (0.061ms)
✔ FE017 mock keeps published revisions immutable and feedback approval creates a draft revision (0.0491ms)
✔ FE018 R26/R27/R28/R51 actions use canonical routes, operation IDs, and permissions (0.2826ms)
✔ FE018 capability, tool permissions, human confirmation, and evaluation labels stay within declared schemas (0.1103ms)
✔ FE020 source stays mapped to canonical operations, permissions, and safe missing-schedule boundary (0.9147ms)
✔ FE020 mock enforces work-item capabilities and keeps integration readiness unknown (0.139ms)
✔ accepts semantic bridge roles, the closed token-derived factor map, geometry, and reset values (1024.4573ms)
✔ rejects a CSS spacing role without a declared shared owner (938.6771ms)
✔ rejects scale-conforming and off-scale literals in sx, responsive leaves, named and namespace MUI System props (971.1015ms)
✔ follows local aliases and style callbacks; rejects theme spacing helpers and preset overrides (1130.4199ms)
✔ scans nested slotProps but does not confuse event handlers or geometric dimensions with spacing (972.917ms)
✔ keeps Panel geometry inspectable and rejects spacing hidden in its geometry prop (2842.5139ms)
✔ accepts only an exact CSS exception and reports stale or mismatched exception scope (2863.6004ms)
✔ rejects malformed TypeScript, malformed CSS, bad exception schema, and raw values in the bridge (3818.2822ms)
✔ rejects canonical pixel tokens used as MUI factors and an altered bridge factor table (1940.7358ms)
✔ report mode inventories migration debt without turning findings into PASS (979.2768ms)
[WebServer] [BABEL] Note: The code generator has deoptimised the styling of C:\Users\Joker-PC\AppData\Local\Temp\botsales-vite-cache\ea27c7577456f6009d55\playwright-webserver\playwright-32800-b0c95977-7f43-4412-aba7-8a5ed3e14331\deps\react-dom_client.js?v=9fb9439b as it exceeds the max of 500KB.
✔ module path classification accepts Windows and POSIX spellings, but excludes app files (20.8958ms)
✔ the source-checker CLI rejects a prohibited color literal in a module (164.6224ms)
✔ the source-checker CLI accepts a token-based module and leaves app-level colors outside the rule (163.2716ms)
✔ uses the installed project compiler and the pinned version in this checkout (121.23ms)
✔ accepts a local compiler whose manifest, module and executable match the project (47.5883ms)
✔ fails closed for missing local compiler without selecting a global fallback (16.1488ms)
✔ fails closed for different installed package version without selecting a global fallback (17.7466ms)
✔ fails closed for module version differs from its manifest without selecting a global fallback (17.2557ms)
✔ fails closed for ancestor compiler silently resolved outside this project without selecting a global fallback (14.2536ms)
✔ fails closed for missing compiler executable without selecting a global fallback (16.6264ms)
✔ fails closed for unpinned project compiler requirement without selecting a global fallback (17.1953ms)
✔ production composition gate detects const MUI alias and namespace layout role (524.4407ms)
✔ production composition gate closes aliased barrel API props (326.0897ms)
✔ production composition gate does not mistake shadowed local component for shared API (324.6694ms)
✔ production composition gate keeps valid canonical barrel consumer (319.4557ms)
✔ production visual gate rejects pretrusted-name spoof and parameter shadow (315.4388ms)
✔ production visual gate rejects a fake canonical module suffix (322.5112ms)
✔ production visual gate inspects renamed genuine styled factory (343.1088ms)
✔ production visual gate preserves canonical barrel aliases and finite palette selection (390.62ms)
✔ production visual gate rejects raw values hidden in a finite palette (418.5477ms)
✔ production visual gate does not follow a global alias through parameter shadow (492.9262ms)
✔ production composition geometry cannot resolve a shadowed global variable (393.5409ms)
✔ finite semantic prop types do not grant trust to a different same-named parameter (378.7879ms)
✔ opaque namespace composition selection cannot bypass closed props (358.8961ms)
✔ opaque namespace style factory remains a visual binding failure (329.908ms)
✔ canonical renamed import and constant alias preserve owner and path (322.3035ms)
✔ namespace and literal element access resolve canonical exports (313.8684ms)
✔ barrel re-export resolves original component identity (303.1255ms)
✔ parameter shadow does not inherit canonical import trust (302.6475ms)
✔ fake trusted names and a module named visual are not canonical (304.3131ms)
✔ mutable aliases, opaque keys and cyclic locals are not proven canonical (359.8892ms)
✔ destructured constant and safe type syntax preserve provenance (311.4896ms)
✔ installed MUI renamed styled resolves while local styled does not (317.4779ms)
✔ JavaScript workers remain in the Program import closure (320.1736ms)
✔ malformed element access is unproven rather than crashing the resolver (327.6507ms)
✔ a tsconfig alias cannot label another dependency as genuine MUI (333.3424ms)
✔ MUI re-export through a first-party barrel keeps library identity (332.6467ms)
✔ constant property-key aliases preserve canonical element access (310.497ms)
✔ public layout mapping cannot be written through a direct consumer reference (503.1469ms)
✔ public layout nested aliases remain readonly (415.6271ms)
✔ public visual mapping already rejects consumer writes (121.3512ms)
✔ canonical readonly style maps remain readable by consumers (373.6157ms)
✔ canonical token space cannot be overwritten through an alias (133.9722ms)
✔ public color export cannot be overwritten (131.6631ms)
✔ readonly token and color reads retain their public types (125.8129ms)
✔ P10/P15 catch alias and neutral-wrapper duplicate insets through fragments and conditionals (302.7149ms)
✔ P20 resolves shared composition identities through a barrel and const component aliases (435.1226ms)
✔ P11/P13 catch static element access roles on every MUI surface, including Paper (405.1607ms)
✔ P12 checks React createElement and JSX-runtime element factories (364.0972ms)
✔ P14 resolves bodyMode literal aliases and fails closed when ownership is unknown (875.1498ms)
✔ checks Panel ancestry when React elements are created natively (300.9319ms)
✔ keeps independent nested surfaces and portaled dialogs as separate owners (634.645ms)
✔ accepts finite bodyMode branches and every mode in the public component contracts (1010.2649ms)
✔ stops inherited gap ownership at Panels and independent bordered surfaces (635.4043ms)
✔ tracks gaps through fragments, conditions and ready QueryState, but not inside DOM wrappers (302.0686ms)
✔ applies the same finite modes and wrapper boundaries to native React factories (580.0391ms)
✔ recognizes native outlined Paper and nested Box surface inset boundaries (619.5324ms)
✔ fails closed when an unresolved custom wrapper obscures a semantic gap owner (332.6824ms)
✔ rejects unsupported placement and rhythm values while accepting finite aliases and branches (701.5842ms)
✔ rejects unsupported finite values through React element factories (582.2167ms)
✔ accepts semantic composition, closed geometry and business-specific MUI primitives (8.7714ms)
✔ rejects rebuilding each shared spacing owner at a consumer (7.5147ms)
✔ follows aliases, local style variables, object spreads and namespace imports (7.2041ms)
✔ rejects direct and spread spacing overrides on semantic components (7.7514ms)
✔ rejects spacing or opaque spreads hidden in geometry (7.1071ms)
✔ allows the canonical owner implementation and fails closed on malformed source (7.3258ms)
✔ rejects duplicated parent boundary and duplicated Panel inset (8.1803ms)
✔ checks default MUI imports and fails closed for opaque geometry (6.6532ms)
✔ distinguishes content grids from flex flows when reporting the shared owner (6.7384ms)
✔ rejects page spacing for paired fields and peer Panels without a section gap owner (7.2622ms)
✔ related sibling gaps belong to ActionGroup comfortable density, not consumer Stack styles (7.3552ms)
✔ check-layout rejects missing-html at the UI entry boundary (616.2828ms)
✔ check-layout rejects missing-style at the UI entry boundary (637.8085ms)
✔ check-layout rejects inline-style at the UI entry boundary (632.7787ms)
✔ check-layout rejects alias-mismatch at the UI entry boundary (658.0235ms)
✔ check-visual-tokens rejects missing-html at the UI entry boundary (614.8478ms)
✔ check-visual-tokens rejects missing-style at the UI entry boundary (619.4628ms)
✔ check-visual-tokens rejects inline-style at the UI entry boundary (615.087ms)
✔ check-visual-tokens rejects alias-mismatch at the UI entry boundary (625.3496ms)
✔ check-ui-composition rejects missing-html at the UI entry boundary (620.5849ms)
✔ check-ui-composition rejects missing-style at the UI entry boundary (671.1383ms)
✔ check-ui-composition rejects inline-style at the UI entry boundary (642.2533ms)
✔ check-ui-composition rejects alias-mismatch at the UI entry boundary (638.1805ms)
✔ DOM entry inspection never executes an inline script and detects decoded attributes (25.8857ms)
✔ manifest icons are resolved and malformed manifest data fails closed (23.7376ms)
✔ data and remote module sources cannot stand in for a scanned script entry (18.302ms)
✔ an unused alias map cannot prove the exported Vite configuration (14.5762ms)
✔ a Vite HTML generator cannot inject an unscanned stylesheet through a hook (13.7962ms)
✔ accepts current fingerprints, honest open coverage, and explained N/A (14.6402ms)
✔ rejects a stale source fingerprint (11.2972ms)
✔ rejects a stale command log (11.3769ms)
✔ rejects missing, absolute, and escaping source paths (10.4453ms)
✔ rejects unrun, missing, duplicate, and nonzero command results marked PASS (11.7823ms)
✔ rejects PASS when expected and observed results differ (11.7606ms)
✔ rejects inconsistent coverage and N/A without a reason (11.9618ms)
✔ rejects a baseline falsely dated after implementation started and detects changed baseline artifacts (14.6498ms)
✔ COMPLETE cannot contain open coverage or failed commands (11.6267ms)
✔ S19 must explicitly reconcile files, APIs, routes, rendered routes, slots, and states (13.7889ms)
✔ rejects malformed top-level evidence instead of treating missing fields as success (9.6862ms)
✔ check-layout fails closed for relative missing import (687.1901ms)
✔ check-layout fails closed for aliased missing import (684.6209ms)
✔ check-layout fails closed for missing CSS import (671.1619ms)
✔ check-layout fails closed for opaque dynamic import (649.3706ms)
✔ check-visual-tokens fails closed for relative missing import (642.6317ms)
✔ check-visual-tokens fails closed for aliased missing import (634.3168ms)
✔ check-visual-tokens fails closed for missing CSS import (659.3551ms)
✔ check-visual-tokens fails closed for opaque dynamic import (630.7708ms)
✔ check-ui-composition fails closed for relative missing import (648.8747ms)
✔ check-ui-composition fails closed for aliased missing import (705.7169ms)
✔ check-ui-composition fails closed for missing CSS import (636.6075ms)
✔ check-ui-composition fails closed for opaque dynamic import (614.8204ms)
✔ scope follows a canonical package alias and classifies data assets separately (84.453ms)
✔ scope follows CSS imports and rejects a missing nested stylesheet (49.1023ms)
✔ missing and malformed tsconfig cannot silently supply default resolution (10.2488ms)
✔ scope rejects discovered script sources omitted by the compiler config (16.5308ms)
✔ config includes are discovered even when a package source has no app import yet (17.3972ms)
✔ a first-party import cannot silently claim source outside the project (17.157ms)
✔ malformed CSS and unhandled stylesheet languages cannot be classified as harmless data (19.3716ms)
✔ CSS asset URLs resolve with queries and fragments and reject missing files (168.0506ms)
✔ native service worker scripts enter the source closure and missing URLs fail (62.0745ms)
✔ Vite BASE_URL sample downloads enter asset coverage and missing samples fail (24.1789ms)
✔ a declared MSW worker has a vendor owner and rejects modifications (44.3085ms)
✔ CommonJS and TypeScript import-equals cannot hide missing first-party modules (32.3976ms)
✔ canonical writes through casts and aliases fail outside style expressions (995.8004ms)
✔ Object.assign cannot mutate canonical data but can copy to a fresh object (1990.1297ms)
✔ layout gate rejects raw spacing on const alias of MUI component (1011.5839ms)
✔ canonical mutation gate follows global mutator aliases and reflection (971.2148ms)
✔ local mutator names do not acquire global mutation identity (962.3936ms)
✔ destructured mutators and call/apply retain canonical mutation checks (973.2911ms)
✔ global mutator call/apply can copy canonical values into fresh objects (1023.3783ms)
✔ mutable aliases with possible canonical destinations fail closed (1006.3634ms)
✔ opaque apply arguments fail closed while unrelated mutable data stays valid (1993.6957ms)
✔ canonical references inside containers and destructured aliases cannot be mutated (1027.7267ms)
✔ independent shallow copies of scalar canonical fields remain mutable (1010.5582ms)
✔ array references and nested destructuring preserve canonical write provenance (995.0074ms)
✔ array destinations distinguish independent elements from canonical references (991.7412ms)
✔ array destructuring, dynamic indices and spread cannot hide canonical references (1098.2001ms)
✔ dynamic indices and destructuring of independent arrays stay mutable (1680.6351ms)
✔ function parameters cannot hide canonical mutation across source files (1328.5054ms)
✔ read-only helpers and mutations of unrelated arguments remain valid (997.5193ms)
✔ returned canonical references remain protected across helper boundaries (1018.5406ms)
✔ helper returns of fresh scalar copies do not retain canonical destination identity (1022.8816ms)
✔ destructured object parameters cannot mutate canonical arguments (990.4431ms)
✔ destructured object parameters retain independent argument mutability (1487.2802ms)
✔ default parameter and binding initializers cannot hide canonical mutations (1681.2291ms)
✔ fresh default parameter and binding copies remain mutable (1626.2485ms)
✔ rest parameters retain canonical argument write provenance (1723.6452ms)
✔ rest parameters distinguish independent positions from canonical siblings (2079.0798ms)
✔ finite spread arguments preserve shifted positional and rest destinations (1699.8529ms)
✔ finite spread expansion keeps independent argument positions mutable (1659.8003ms)
✔ opaque spreads keep positional mutation destinations unknown (1589.8049ms)
✔ opaque spreads into read-only helpers do not invent mutation findings (1629.0022ms)
✔ array parameter patterns retain canonical positions including nested object arrays (1705.9602ms)
✔ array parameter patterns retain independent bound element mutability (1696.9361ms)
✔ layout gate rejects parameter shadow of canonical layout name (2553.5318ms)
✔ layout gate follows genuine renamed styled factory (2525.341ms)
✔ layout gate accepts canonical namespace, element access and barrel alias (2650.2616ms)
✔ layout gate does not mistake local component named Stack for MUI (2157.3799ms)
✔ layout gate inspects renamed installed Emotion css tag (2069.6786ms)
✔ layout gate preserves genuine aliased Controller field forwarding (2847.5645ms)
✔ a same-named local Controller cannot exempt an unknown prop spread (2745.7206ms)
✔ genuine useForm registration survives property and destructured aliases (2067.2653ms)
✔ a function named register cannot exempt injected style props (2509.209ms)
✔ a bridge callback parameter cannot impersonate its private factor binding (1716.2161ms)
✔ opaque namespace component selection remains a strict binding failure (1528.7444ms)
✔ opaque namespace factory cannot hide style arguments (1380.4416ms)
✔ MUI re-export cannot hide raw spacing behind a first-party barrel (1336.9006ms)
✔ destructuring assignments cannot hide canonical write targets (1298.8562ms)
✔ destructuring assignments can update independent copied destinations (1348.8963ms)
✔ object rest retains nested canonical references while copying the outer object (1214.7378ms)
✔ rest scalar copies and replacement of container references stay mutable (1154.2582ms)
✔ shallow object spread preserves canonical child references and last-writer order (1188.8935ms)
✔ shallow spread with a later independent override stays mutable (1266.8839ms)
✔ exported mutable aliases retain assignments from their declaring file (1240.1556ms)
✔ exported independent mutable data does not acquire canonical provenance (1185.4545ms)
✔ literal computed keys retain canonical container and parameter provenance (1124.2885ms)
✔ literal computed keys do not taint independent selected properties (1149.2351ms)
✔ Object.assign shallow copies retain canonical nested reference provenance (1177.513ms)
✔ Object.assign later independent overrides and scalar copies stay mutable (1098.9991ms)
✔ union and dynamic property selections retain possible canonical destinations (1106.7114ms)
✔ finite union property selections exclude canonical siblings not in the key set (1112.843ms)
✔ union selection over Object.assign output retains canonical child provenance (1086.4537ms)
✔ union selection over independent Object.assign output remains mutable (1175.5722ms)
✔ Reflect.set call/apply checks the target argument rather than the assigned value (3385.0097ms)
✔ aliased React createElement checks MUI and native style objects (1098.6733ms)
✔ GlobalStyles.styles is checked and local createElement names stay local (2151.7476ms)
✔ React JSX runtime factories cannot bypass MUI or native style checks (1095.5279ms)
✔ React cloneElement checks the cloned MUI element and preserves native props (4857.8661ms)
✔ Emotion css props and object factories are inspected with native CSS semantics (3404.8398ms)
✔ Inline style elements in JSX, React factories, DOM and the HTML entry fail closed (8318.4272ms)
✔ DOM CSSOM spacing writes use semantic roles and reject opaque style strings (2106.2428ms)
✔ HTML parsing and runtime stylesheet mutation cannot bypass the imported CSS boundary (2114.9139ms)
✔ spacing shorthand values and responsive breakpoints preserve token and unit provenance (10585.5049ms)
✔ function return producers cannot hide canonical children behind spreads (1116.9545ms)
✔ producer spreads keep later independent child overrides writable (1383.5648ms)
✔ Amount consumers declare wrapping outside DataTable columns and keep table money unbroken (37.2965ms)
✔ the shared catalog covers every public React component and supporting Column type (46.5599ms)
✔ every public React API has a direct rendered contract test (19.7191ms)
✔ catalog declaration lines and stated JSX counts match resolved source symbols (43.7649ms)
✔ every shared React export has a resolved production consumer or an explicit zero-use lifecycle decision (59.9875ms)
✔ required UI evidence and regression gates remain wired to root verify and the active parent workflow (13.9241ms)
✔ composition prop allowlists match the TypeScript owners exactly (13.8759ms)
✔ QueryState uses only the approved inline and section pending profiles (13.0497ms)
✔ QueryState consumers reserve section loading for primary content and keep every other state inline by default (64.0525ms)
✔ body modes, placement roles and geometry keys match the TypeScript contracts (12.7604ms)
✔ Panel geometry and DataTable columns remain closed public contracts (16.8557ms)
✔ shared component and composition props expose no arbitrary layout/style escape hatch (12.0796ms)
✔ layout role types, runtime values, consumers and ownership documentation stay closed (2729.543ms)
✔ check-layout rejects missing source instead of returning an empty PASS (524.2069ms)
✔ check-layout rejects empty source instead of returning an empty PASS (458.2649ms)
✔ check-layout rejects generated-only source instead of returning an empty PASS (482.2009ms)
✔ check-layout rejects jsx-parse source instead of returning an empty PASS (520.5938ms)
✔ check-visual-tokens rejects missing source instead of returning an empty PASS (457.7691ms)
✔ check-visual-tokens rejects empty source instead of returning an empty PASS (478.2282ms)
✔ check-visual-tokens rejects generated-only source instead of returning an empty PASS (740.3484ms)
✔ check-visual-tokens rejects jsx-parse source instead of returning an empty PASS (497.0404ms)
✔ check-ui-composition rejects missing source instead of returning an empty PASS (457.8516ms)
✔ check-ui-composition rejects empty source instead of returning an empty PASS (594.1749ms)
✔ check-ui-composition rejects generated-only source instead of returning an empty PASS (489.7842ms)
✔ check-ui-composition rejects jsx-parse source instead of returning an empty PASS (515.3505ms)
✔ visual checker accepts canonical theme roles, token references, geometry and semantic responsive props (386.6041ms)
✔ visual checker rejects raw literals across sx, JSX system props and CSS declarations (344.684ms)
✔ visual checker follows local style aliases and callback themes, but fails raw nested values (306.642ms)
✔ visual checker reports unresolved spreads and malformed style sources as UNKNOWN or parse errors (583.539ms)
✔ visual checker includes newly added TSX files under the source root (366.6015ms)

Running 580 tests using 1 worker

(node:44932) Warning: The 'NO_COLOR' env is ignored due to the 'FORCE_COLOR' env being set.
(Use `node --trace-warnings ...` to show where the warning was created)
  ok   1 [chromium] › tests\accessibility\routes.spec.ts:17:1 › all canonical routes pass whole-page WCAG 2.1 A/AA axe checks in the React demo (58.2s)
[artifact-preview] {"scope":"FRONTEND_WITH_SYNTHETIC_MOCK_API","artifact":"apps/web/dist-demo","browserMetrics":{"browser":"Mozilla/5.0 (Windows NT 10.0; Win64; x64) AppleWebKit/537.36 (KHTML, like Gecko) Chrome/153.0.8010.12 Safari/537.36","viewport":{"width":1280,"height":720},"route":"/s/shop-demo/overview","domContentLoadedMs":68,"loadEventMs":68,"scriptCount":11,"scriptTransferBytes":451552,"scriptAssets":[{"file":"index-CvleD9Av.js","transferBytes":29665,"decodedBytes":92860,"durationMs":10},{"file":"react-runtime-D0NtfbPC.js","transferBytes":90580,"decodedBytes":279779,"durationMs":15},{"file":"query-5vm9EU1C.js","transferBytes":10220,"decodedBytes":33154,"durationMs":8},{"file":"contract-data-D-QqiNa-.js","transferBytes":37614,"decodedBytes":309769,"durationMs":12},{"file":"schema-validation-Bhr7oAQE.js","transferBytes":45419,"decodedBytes":149800,"durationMs":15},{"file":"mui-azn9KfGV.js","transferBytes":100319,"decodedBytes":328326,"durationMs":16},{"file":"i18n-xB0mQYCC.js","transferBytes":15416,"decodedBytes":46142,"durationMs":12},{"file":"browser-Q7hU35s0.js","transferBytes":87313,"decodedBytes":255636,"durationMs":9},{"file":"service-BepI4YXI.js","transferBytes":35006,"decodedBytes":159351,"durationMs":6},{"file":"index-BJvLBKj7.js","transferBytes":0,"decodedBytes":9810,"durationMs":51},{"file":"hooks-DbOMPuxp.js","transferBytes":0,"decodedBytes":4582,"durationMs":55}]},"bundles":{"javascriptFiles":32,"totalBytes":2373057,"totalGzipBytes":679931,"initialRouteGzipBytes":454679,"proposedBudgets":{"initialRouteGzipKiB":500,"largestChunkGzipKiB":200,"basis":"Local demo preview limits for the measured Chromium artifact; not a backend or platform SLO."},"largest":[{"file":"apps/web/dist-demo/assets/mui-azn9KfGV.js","bytes":328326,"gzipBytes":100019},{"file":"apps/web/dist-demo/assets/charts-RcpaDpmM.js","bytes":313031,"gzipBytes":94993},{"file":"apps/web/dist-demo/assets/contract-data-D-QqiNa-.js","bytes":309769,"gzipBytes":37314},{"file":"apps/web/dist-demo/assets/react-runtime-D0NtfbPC.js","bytes":279779,"gzipBytes":90280},{"file":"apps/web/dist-demo/assets/browser-Q7hU35s0.js","bytes":255636,"gzipBytes":87013}]},"observedApi":{"path":"/api/v2/session","status":200,"servedBy":"MSW in the built demo artifact"},"dataSource":"synthetic-msw"}
  ok   2 [chromium] › tests\artifacts\demo-preview.spec.ts:39:1 › the built demo artifact serves the React UI and synthetic API through preview (763ms)
[large-dataset-api] {"url":"http://127.0.0.1:50299/api/v2/shops/shop-demo/customers?limit=20","count":20,"page":{"limit":20,"total":1004,"hasMore":true,"nextCursor":"perf-customer-0016"},"firstIds":["c1","c2","c3"]}
[large-dataset-preview] {"scope":"FRONTEND_WITH_SYNTHETIC_MOCK_API","artifact":"apps/web/dist-demo","datasetId":"FE025-LARGE-CUSTOMERS-1000-V1","generatedRows":1000,"firstPageIds":["c1","c2","c3","c4","perf-customer-0001","perf-customer-0002","perf-customer-0003","perf-customer-0004","perf-customer-0005","perf-customer-0006","perf-customer-0007","perf-customer-0008","perf-customer-0009","perf-customer-0010","perf-customer-0011","perf-customer-0012","perf-customer-0013","perf-customer-0014","perf-customer-0015","perf-customer-0016"],"api":{"status":200,"pageLimit":20,"total":1004,"hasMore":true,"nextCursor":"perf-customer-0016"},"domRowsIncludingHeader":21,"firstPageReadyMs":471,"browser":"Mozilla/5.0 (Windows NT 10.0; Win64; x64) AppleWebKit/537.36 (KHTML, like Gecko) Chrome/153.0.8010.12 Safari/537.36","viewport":{"width":1280,"height":720},"note":"Synthetic customer identities only; the React screen renders one API page and exposes the next cursor instead of mounting the full collection."}
  ok   3 [chromium] › tests\artifacts\demo-preview.spec.ts:103:1 › a thousand synthetic customers remain API-paginated in the built demo artifact (1.3s)
  ok   4 [chromium] › tests\artifacts\demo-preview.spec.ts:141:1 › the production artifact contains neither the mock worker asset nor MSW fixtures/runtime (68ms)
  ok   5 [chromium] › tests\fe009.spec.ts:35:1 › workspace onboarding creates a shop with an active membership and returns to its scoped route (2.6s)
  ok   6 [chromium] › tests\fe009.spec.ts:57:1 › customer create validates fields, submits through mock HTTP, and preserves edits after a stale version (3.8s)
  ok   7 [chromium] › tests\fe009.spec.ts:125:1 › customer detail keeps redacted contact fields read-only and does not overwrite them on save (1.2s)
  ok   8 [chromium] › tests\fe009.spec.ts:142:1 › job detail follows an export created in the current synthetic shop and can refetch it (1.5s)
  ok   9 [chromium] › tests\fe009.spec.ts:177:1 › FE009.G01 shop setup checklist guides to supported pages and leaves missing contract fields unverified (1.5s)
  ok  10 [chromium] › tests\fe009.spec.ts:190:1 › FE009.G05 marketing consent preview is interactive but never claims server opt-out (1.3s)
  ok  11 [chromium] › tests\fe009.spec.ts:205:1 › FE009.H06 audit screen distinguishes available fields from missing contract detail (1.1s)
  ok  12 [chromium] › tests\fe009.spec.ts:214:1 › FE009.B06 after-sale cases only link orders loaded for the selected customer and customer profile shows their shipment (5.4s)
  ok  13 [chromium] › tests\fe009.spec.ts:246:1 › team invitation and membership revoke stay shop-scoped and protect the active owner (2.3s)
  ok  14 [chromium] › tests\fe009.spec.ts:282:1 › privacy delete requests remain pending approval with no frontend step-up shortcut (2.7s)
  ok  15 [chromium] › tests\fe010.spec.ts:38:1 › product editor validates positive prices, protects image-only drafts, and saves variant payload through mock HTTP (4.3s)
  ok  16 [chromium] › tests\fe010.spec.ts:108:1 › product update sends If-Match and keeps edits visible after a 412 conflict (2.2s)
  ok  17 [chromium] › tests\fe010.spec.ts:140:1 › warehouse role can read catalog products but cannot edit product fields or price cost data (1.6s)
  ok  18 [chromium] › tests\fe010.spec.ts:149:1 › categories create, search, update with a version, and render cursor pagination (2.0s)
  ok  19 [chromium] › tests\fe010.spec.ts:178:1 › CSV preview reports row-level errors and commits only valid product rows (2.1s)
  ok  20 [chromium] › tests\fe010.spec.ts:250:1 › import validation token is rejected with 412 after catalog changes and the preview remains visible (2.2s)
  ok  21 [chromium] › tests\fe010.spec.ts:282:1 › CSV demo row limit is explained and rejects more than 1000 data rows before preview (1.2s)
  ok  22 [chromium] › tests\fe010.spec.ts:295:1 › demo upload rejects files over 5 MB before making an upload request (1.8s)
UI005 acceptance: {"categoryTotal":105,"createCategoryId":"cat-2","editCategoryId":"cat-0","categoryRequests":19}
  ok  23 [chromium] › tests\fe010.spec.ts:306:1 › product category lookup pages the full collection and preserves the selected category while editing (14.6s)
  ok  24 [chromium] › tests\fe011.spec.ts:35:1 › FE011.AC01 snapshot drives stock totals and the SKU opens its catalog result (1.8s)
  ok  25 [chromium] › tests\fe011.spec.ts:54:1 › FE011.AC02 adjustment validates, waits for mock confirmation, and reconciles movement history once (3.7s)
  ok  26 [chromium] › tests\fe011.spec.ts:92:1 › FE011.AC03 conflict and insufficient stock preserve the draft and never update optimistically (2.7s)
  ok  27 [chromium] › tests\fe011.spec.ts:120:1 › FE011.AC03 forbidden adjustment retains user input and shows no success state (2.2s)
  ok  28 [chromium] › tests\fe011.spec.ts:136:1 › FE011.AC03 unknown command blocks duplicate submission until shared recovery reconciles it (2.5s)
  ok  29 [chromium] › tests\fe011.spec.ts:154:1 › FE011.AC04 movement contract filters are URL-backed and history exposes actor and permission-gated source (1.3s)
  ok  30 [chromium] › tests\fe011.spec.ts:182:1 › FE011.AC05 inventory reflows at mobile widths, passes axe, and restores keyboard focus after adjustment dialog (1.8s)
  ok  31 [chromium] › tests\fe011.spec.ts:205:1 › FE011.AC03 unknown shop scope shows no stock from another shop (305ms)
  ok  32 [chromium] › tests\fe012.spec.ts:35:1 › FE012.AC01 searchable customer and product pickers submit contract-shaped draft and reject fractional quantity (3.9s)
  ok  33 [chromium] › tests\fe012.spec.ts:93:1 › FE012 demo address choice is labeled synthetic and completes the mock order flow (5.2s)
  ok  34 [chromium] › tests\fe012.spec.ts:122:1 › FE012.AC01 editing lines invalidates quote and customer consent; a new quote is required before confirmation (4.3s)
  ok  35 [chromium] › tests\fe012.spec.ts:182:1 › FE012.AC03 mock stale-version 412 preserves draft fields and does not show success (1.4s)
  ok  36 [chromium] › tests\fe012.spec.ts:199:1 › FE012.AC03 offline state blocks quote mutation while retaining the loaded draft (1.3s)
  ok  37 [chromium] › tests\fe012.spec.ts:211:1 › FE012.AC03 unknown confirm outcome blocks duplicate writes until shared command recovery is available (2.4s)
  ok  38 [chromium] › tests\fe012.spec.ts:257:1 › FE012.AC03 quote and customer confirmation expiration disable confirmation using API time (2.5s)
  ok  39 [chromium] › tests\fe012.spec.ts:277:1 › FE012.AC03 returns reject fractional/over-original quantities locally and preserve data on cumulative mock rejection (1.3s)
  ok  40 [chromium] › tests\fe012.spec.ts:301:1 › FE012.AC04 return inspection loads the current case and applies accepted partial quantity to mock stock and refund (2.5s)
  ok  41 [chromium] › tests\fe012.spec.ts:354:1 › FE012.AC03 handed-over order routes to returns and exposes no ordinary cancel action (1.1s)
  ok  42 [chromium] › tests\fe012.spec.ts:361:1 › FE012.AC05 order drafting remains usable without horizontal page overflow and passes focused axe checks (1.5s)
  ok  43 [chromium] › tests\fe013.spec.ts:40:1 › FE013.C04 shipping preview distinguishes missing address, unserviceable zone, and expired mock quote (2.9s)
  ok  44 [chromium] › tests\fe013.spec.ts:65:1 › FE013.AC01–AC04 stale claim conflict is visible; pick, pack, dispatch and delivery use current API versions once (7.2s)
  ok  45 [chromium] › tests\fe013.spec.ts:203:1 › FE013.AC03 unknown handover cannot be repeated before command reconciliation (3.6s)
  ok  46 [chromium] › tests\fe013.spec.ts:250:1 › FE013.AC01 role scope and FE013.AC05 responsive shipment/preparation views remain accessible (2.9s)
  ok  47 [chromium] › tests\fe014.spec.ts:25:1 › FE014.AC01 multi-line purchase validates MOQ/pack size and binds approval to the created intent (3.2s)
  ok  48 [chromium] › tests\fe014.spec.ts:77:1 › FE027.D02 supplier workspace edits the selected contact through its current version and displays MOQ offers (1.5s)
  ok  49 [chromium] › tests\fe014.spec.ts:95:1 › FE014.AC02 approval covers the exact purchase intent; unknown send is blocked from blind retry (4.3s)
  ok  50 [chromium] › tests\fe014.spec.ts:154:1 › FE014.S03 auto-send cannot be configured without an enabled procurement budget (2.3s)
  ok  51 [chromium] › tests\fe014.spec.ts:167:1 › FE014.S03 manager without procurement.receive cannot open receipt actions (2.4s)
  ok  52 [chromium] › tests\fe014.spec.ts:187:1 › FE014.AC03 partial receipt posts only accepted units to synthetic stock and payable once (3.2s)
  ok  53 [chromium] › tests\fe014.spec.ts:258:1 › FE014.D03/D04/D07 replenishment uses min-max rules, labels forecast limits, and blocks duplicate proposals (2.0s)
  ok  54 [chromium] › tests\fe015.spec.ts:50:1 › FE015.AC01 report filters use exact timezone boundaries and mock API aggregates (1.4s)
  ok  55 [chromium] › tests\fe015.spec.ts:96:1 › FE021.E08 report explanation is mock-only, cites the filtered P&L snapshot, and never writes finance data (1.1s)
  ok  56 [chromium] › tests\fe015.spec.ts:117:1 › UI003 report timestamps follow the active shop timezone (2.3s)
  ok  57 [chromium] › tests\fe015.spec.ts:174:1 › FE015.E02/E03 profit report renders canonical cost, gross-profit and operating-expense values (706ms)
  ok  58 [chromium] › tests\fe015.spec.ts:202:1 › FE015.AC02 journal rejects unbalanced decimal lines before POST and sends exact money strings (2.6s)
  ok  59 [chromium] › tests\fe015.spec.ts:237:1 › FE015.AC02 closed accounting period is visible and disables journal draft creation (1.7s)
  ok  60 [chromium] › tests\fe015.spec.ts:258:1 › FE015.AC03 CSV import keeps partial row failures visible and deduplicates external transactions (1.6s)
  ok  61 [chromium] › tests\fe015.spec.ts:281:1 › UI001 reconciliation cursors stay scoped and dialogs load choices beyond the visible table page (8.7s)
  ok  62 [chromium] › tests\fe015.spec.ts:408:1 › FE015.AC03 COD settlement matches net remittance plus documented fee (3.2s)
  ok  63 [chromium] › tests\fe015.spec.ts:442:1 › FE015.AC03 partial bank allocation leaves the remaining amount and debt visible (2.5s)
  ok  64 [chromium] › tests\fe015.spec.ts:467:1 › FE015.AC03 unknown journal posting is not resent from the same draft (4.3s)
  ok  65 [chromium] › tests\fe016.spec.ts:67:1 › UI015 mobile demo tools disclose by keyboard and inbox stays within narrow viewports (817ms)
  ok  66 [chromium] › tests\fe016.spec.ts:100:1 › FE016 conversation keeps its composer visible while long demo context scrolls independently (1.1s)
  ok  67 [chromium] › tests\fe016.spec.ts:133:1 › FE016.AC01 inbox filters call canonical query fields and remain bookmarked through conversation details (1.9s)
  ok  68 [chromium] › tests\fe016.spec.ts:161:1 › FE016.AC01 list cursor is isolated from message cursor and restored on back navigation (795ms)
  ok  69 [chromium] › tests\fe016.spec.ts:180:1 › UI002 inbox list and message cursors stay independent through paging, conversation switch and shop change (2.3s)
  ok  70 [chromium] › tests\fe016.spec.ts:269:1 › UI002 mobile keeps the list page while messages page and Back restores it (1.9s)
  ok  71 [chromium] › tests\fe016.spec.ts:313:1 › UI002 Inbox search resets only the list cursor while a message page is open (1.6s)
  ok  72 [chromium] › tests\fe016.spec.ts:370:1 › UI002 deep link, refresh and mobile Back preserve their own cursors (1.3s)
  ok  73 [chromium] › tests\fe016.spec.ts:424:1 › UI002 list and message panel errors remain isolated (4.9s)
  ok  74 [chromium] › tests\fe016.spec.ts:448:1 › UI002 send, invalidation and resync keep both cursors and send only once (1.8s)
  ok  75 [chromium] › tests\fe016.spec.ts:508:1 › FE016.AC01 takeover and reply use current versions and show API send state without claiming delivery (1.6s)
  ok  76 [chromium] › tests\fe016.spec.ts:535:1 › FE016.AC02 internal notes render HTML-like text inert and feedback creates only a review draft (1.4s)
  ok  77 [chromium] › tests\fe016.spec.ts:566:1 › FE016.AC03 unknown send keeps the reply draft, exposes command recovery and never blindly resends (1.2s)
  ok  78 [chromium] › tests\fe016.spec.ts:589:1 › FE016.AC04 role without customer/order permissions cannot open those cross-module references (788ms)
  ok  79 [chromium] › tests\fe016.spec.ts:600:1 › FE016.S03 stale takeover preserves reason and reports the version conflict (1.7s)
  ok  80 [chromium] › tests\fe016.spec.ts:616:1 › FE016.B05 cross-sell promotion preview shows sample rules without applying a discount (1.1s)
  ok  81 [chromium] › tests\fe016.spec.ts:630:1 › FE016.B08 image and voice preview is synthetic and stays local (1.1s)
  ok  82 [chromium] › tests\fe016.spec.ts:645:1 › FE027.B01 industry sales script preview asks for missing facts and stays a local draft (1.4s)
  ok  83 [chromium] › tests\fe016.spec.ts:661:1 › FE027.B02 inbox price and available stock preview uses current canonical mock reads (777ms)
  ok  84 [chromium] › tests\fe016.spec.ts:682:1 › FE027.B03 order capture links the active customer and conversation into the manual order form (1.3s)
  ok  85 [chromium] › tests\fe016.spec.ts:692:1 › FE027.B04 automatic order confirmation stays unavailable until policy and customer evidence exist (1.1s)
  ok  86 [chromium] › tests\fe017-validation.spec.ts:15:1 › FE017 synthetic 422 keeps the knowledge draft fields and shows field errors (1.3s)
  ok  87 [chromium] › tests\fe017.spec.ts:24:1 › FE017.AC01 demo publishing uses the approved permission and lifecycle substitute without an API allowedActions field (3.0s)
  ok  88 [chromium] › tests\fe017.spec.ts:115:1 › FE017.AC02 knowledge file upload sends canonical purpose and detail reads processing status (1.7s)
  ok  89 [chromium] › tests\fe017.spec.ts:154:1 › FE017 price and stock source preview uses canonical product and timestamped inventory APIs (775ms)
  ok  90 [chromium] › tests\fe017.spec.ts:187:1 › FE017.AC03 missing content, unsupported and oversized files keep creation unavailable (1.6s)
  ok  91 [chromium] › tests\fe017.spec.ts:209:1 › FE017.AC04 feedback approval creates inert draft content and its first revision only (2.5s)
  ok  92 [chromium] › tests\fe017.spec.ts:242:1 › FE017.AC05 manager sees knowledge read-only and synthetic API rejects purpose-specific upload and publish (908ms)
  ok  93 [chromium] › tests\fe017.spec.ts:263:1 › FE017.AC06 stale review preserves the reason and explains the conflict (1.4s)
  ok  94 [chromium] › tests\fe017.spec.ts:278:1 › FE027.G02 product content brief edits source, size, warranty, alternatives, and forbidden claims locally (1.1s)
  ok  95 [chromium] › tests\fe017.spec.ts:296:1 › FE027.G03 policy revisions keep the published snapshot immutable when a draft changes (835ms)
  ok  96 [chromium] › tests\fe018.spec.ts:128:1 › FE018.S01 maps routes and operations to the canonical OpenAPI permissions (447ms)
  ok  97 [chromium] › tests\fe018.spec.ts:145:1 › FE018.AC01/04 draft saves use the contract version and keep human order confirmation locked after a conflict (2.9s)
  ok  98 [chromium] › tests\fe018.spec.ts:176:1 › FE018.AC03 evaluation is synthetic, revision-bound, and cannot publish a stale draft (2.9s)
  ok  99 [chromium] › tests\fe018.spec.ts:200:1 › FE018.AC01/04 successful publish is tied to the tested revision and pause explains its boundary (2.7s)
  ok 100 [chromium] › tests\fe018.spec.ts:230:1 › FE018.AC03 playground sends no external message and preserves unknown cost and token values (1.6s)
  ok 101 [chromium] › tests\fe018.spec.ts:252:1 › FE018.S03 synthetic budget and tool denials retain the prompt and never show a generated answer (3.1s)
  ok 102 [chromium] › tests\fe018.spec.ts:278:1 › FE027.H03 budget and provider failover preview refuses silent provider switching on exhaustion (1.6s)
  ok 103 [chromium] › tests\fe018.spec.ts:292:1 › FE018.AC02 role kill switch is versioned, preserves API tools, and does not pause the whole bot (3.2s)
  ok 104 [chromium] › tests\fe018.spec.ts:333:1 › FE018.AC02 expired, wrong-scope, and matching approvals produce honest budget results (1.9s)
  ok 105 [chromium] › tests\fe018.spec.ts:361:1 › FE018.AC05 manager and bot-admin roles cannot use operations outside their canonical permissions (1.7s)
  ok 106 [chromium] › tests\fe018.spec.ts:393:1 › FE018.AC05 unknown role command stays unresolved and does not claim successful resumption (2.2s)
UI004_25_ACCEPTANCE={"total":25,"pageSizes":[20,5],"cursor":"evaluation-10016","oldestRecord":"evaluation-10001","oldestReachable":true,"detailPreservedCursor":true,"browserBackRestoredFirstPage":true,"searchResetCursor":true}
  ok 107 [chromium] › tests\fe018.spec.ts:409:1 › UI004 25 evaluations: cursor pages reach the last record and preserve detail, search, and browser Back state (2.7s)
UI004_105_ACCEPTANCE={"total":105,"pageSizes":[20,20,20,20,20,5],"pagesVisited":6,"cursorRequests":["evaluation-10256","evaluation-10196","evaluation-10136","evaluation-10076","evaluation-10016"],"uniqueRecords":105,"oldestRecord":"evaluation-10001","oldestReachable":true,"failedCursorRetainedForRetry":"evaluation-10196","errorShowsNoFabricatedRows":true,"retrySucceeded":true}
  ok 108 [chromium] › tests\fe018.spec.ts:455:1 › UI004 105 evaluations: cursor traversal reaches every record and retains the failing cursor for retry (7.0s)
  ok 109 [chromium] › tests\fe019.spec.ts:21:1 › FE019.S01 maps integrations and notification routes, actions, schemas, and mock boundaries (12ms)
  ok 110 [chromium] › tests\fe019.spec.ts:70:1 › FE019.AC01 AI secret is write-only, cleared after submit, and absent from stored/read data (2.2s)
  ok 111 [chromium] › tests\fe019.spec.ts:117:1 › FE019.AC01 invalid mock credential is rejected, cleared from the form, and not submitted (1.7s)
  ok 112 [chromium] › tests\fe019.spec.ts:138:1 › FE019.AC02 channel OAuth failure stays on the page and never marks a channel connected (1.2s)
  ok 113 [chromium] › tests\fe019.spec.ts:172:1 › FE019.AC03/04 device, Telegram, and PWA checks stay synthetic and do not request OS permission (2.6s)
  ok 114 [chromium] › tests\fe019.spec.ts:251:1 › FE019.AC05 notification policy validates canonical numeric bounds before sending and acknowledges only allowed work (2.1s)
  ok 115 [chromium] › tests\fe019.spec.ts:273:1 › FE019.A03 notification order link stays within the active shop scope (1.2s)
  ok 116 [chromium] › tests\fe019.spec.ts:282:1 › FE019.A05 reminder policy saves shop-local schedule and quiet hours through the synthetic API (1.3s)
  ok 117 [chromium] › tests\fe019.spec.ts:309:1 › FE027.A02/A07 preparation notification keeps order evidence and separates queued, opened, and acknowledged states (625ms)
  ok 118 [chromium] › tests\fe019.spec.ts:334:1 › FE027.A08 notification settings disclose server-only deduplication and callback safeguards (1.1s)
  ok 119 [chromium] › tests\fe020.spec.ts:41:1 › FE020.AC01 approval detail is fetched and a changed source resource rejects the stale decision (2.9s)
  ok 120 [chromium] › tests\fe020.spec.ts:87:1 › FE020.AC02/03 work-item actions follow allowedActions and operations health stays explicitly synthetic (2.4s)
  ok 121 [chromium] › tests\fe020.spec.ts:137:1 › FE020.AC03 role pause control uses the canonical versioned mock and never claims readiness (1.5s)
  ok 122 [chromium] › tests\fe020.spec.ts:154:1 › FE020.F03 operations exception filter groups overdue, blocked, and unclaimed synthetic work (1.2s)
  ok 123 [chromium] › tests\fe020.spec.ts:175:1 › FE020.F05 delegation rule preview stays local and grants no API approval capability (1.6s)
  ok 124 [chromium] › tests\fe020.spec.ts:192:1 › FE020.F06/H01 digest and dependency health panels show synthetic history without claiming workers are ready (701ms)
  ok 125 [chromium] › tests\fe020.spec.ts:225:1 › FE027.H08 restore and release readiness stay unknown without a verified rehearsal or deployment gate (1.1s)
  ok 126 [chromium] › tests\fe021.spec.ts:29:1 › FE021 dashboard keeps independent panels usable and hides finance fields without finance.read (801ms)
  ok 127 [chromium] › tests\fe021.spec.ts:41:1 › FE021 marketing chart and table match the same synthetic API fixture and preserve missing actual spend (1.6s)
  ok 128 [chromium] › tests\fe021.spec.ts:64:1 › FE021 export uses inclusive shop-local boundaries, safe CSV, API jobs and cursor pagination (2.4s)
  ok 129 [chromium] › tests\fe021.spec.ts:119:1 › FE021 mock rejects an export when reports.export lacks the source permission (764ms)
  ok 130 [chromium] › tests\fe021.spec.ts:139:1 › FE021 mock rejects an invalid report timezone before creating an export job (1.1s)
  ok 131 [chromium] › tests\fe021.spec.ts:159:1 › FE021 ambiguous export result preserves the selected dates and never exposes a download (2.4s)
  ok 132 [chromium] › tests\fe021.spec.ts:172:1 › FE021 empty report and marketing payloads render explicit empty states (2.3s)
  ok 133 [chromium] › tests\fe021.spec.ts:191:1 › FE021 stale export conflict preserves dates and never exposes a download (2.4s)
  ok 134 [chromium] › tests\frontend-corrections.spec.ts:18:1 › F01 preserves a customer draft, compares three snapshots, and PATCHes only chosen changes (1.4s)
  ok 135 [chromium] › tests\frontend-corrections.spec.ts:46:1 › F01 requires an explicit choice for a field changed by both editors (1.4s)
  ok 136 [chromium] › tests\frontend-corrections.spec.ts:62:1 › F06 detects an order draft and blocks navigation until explicit discard (1.2s)
  ok 137 [chromium] › tests\frontend-corrections.spec.ts:75:1 › F02 retains an unsaved product image through an unrelated refetch (961ms)
  ok 138 [chromium] › tests\frontend-corrections.spec.ts:87:1 › F03 retains notification-policy inputs through a background resync and navigation (808ms)
  ok 139 [chromium] › tests\frontend-corrections.spec.ts:98:1 › F05 keeps text typed while a previous internal note is pending (2.0s)
  ok 140 [chromium] › tests\frontend-corrections.spec.ts:113:1 › F08 validates 4001 customer-note characters at the field and accepts 4000 (1.2s)
  ok 141 [chromium] › tests\frontend-corrections.spec.ts:147:1 › F07 routes the fulfillment footer close through the shared discard guard (1.0s)
  ok 142 [chromium] › tests\frontend-corrections.spec.ts:161:1 › F09 refreshes new Inbox messages without refetching the visible product and stock snapshots (792ms)
  ok 143 [chromium] › tests\frontend-corrections.spec.ts:191:1 › F01 shop settings merges a server-only locale change and preserves edits typed during save (1.8s)
  ok 144 [chromium] › tests\frontend-corrections.spec.ts:217:1 › F03 privacy policy preserves refetch drafts and compares before applying the newest version (850ms)
  ok 145 [chromium] › tests\frontend-corrections.spec.ts:234:1 › F01 category keeps a late edit after saving, and reopens with a clean current baseline (2.6s)
  ok 146 [chromium] › tests\frontend-corrections.spec.ts:255:1 › F01 supplier preserves a concurrent server-only term and PATCHes the local name (984ms)
  ok 147 [chromium] › tests\frontend-corrections.spec.ts:272:1 › F08 customer update enforces 4000/4001 before HTTP and retains a 422 draft (1.1s)
  ok 148 [chromium] › tests\frontend-corrections.spec.ts:300:1 › F05 keeps mode changes and unknown sends, locks another send, and observes recovery-registry completion (1.7s)
  ok 149 [chromium] › tests\frontend-corrections.spec.ts:326:1 › F01 order editor keeps its original version and compares whole line lists before PATCH (1.3s)
  ok 150 [chromium] › tests\frontend-corrections.spec.ts:345:1 › F06 guards added order rows, shop switch, logout and native reload; successful creation leaves no false guard (13.1s)
  ok 151 [chromium] › tests\frontend-corrections.spec.ts:370:1 › F01 analogous return-inspection draft does not adopt a refetched version without comparison (1.8s)
  ok 152 [chromium] › tests\frontend-corrections.spec.ts:394:1 › F01 comparison supports keyboard choices, server changes again, axe and 320px reflow with long content (1.8s)
  ok 153 [chromium] › tests\frontend-corrections.spec.ts:423:1 › F08 privacy bounds reject invalid days and long jurisdiction before HTTP (1.1s)
  ok 154 [chromium] › tests\frontend-corrections.spec.ts:448:1 › F06 order custom close respects the draft guard and busy editors remain protected (2.6s)
  ok 155 [chromium] › tests\frontend.spec.ts:39:1 › catalog create uses the HTTP mock and successful save clears the draft guard (1.5s)
  ok 156 [chromium] › tests\frontend.spec.ts:56:1 › dirty drafts block in-app navigation and preserve input until the user decides (1.9s)
  ok 157 [chromium] › tests\frontend.spec.ts:74:1 › all canonical routes render inside the real React demo application (29.7s)
  ok 158 [chromium] › tests\frontend.spec.ts:99:1 › switching shops cancels a delayed request and loads only the new shop scope (5.2s)
  ok 159 [chromium] › tests\frontend.spec.ts:117:1 › role changes remove restricted navigation and the route guard explains denied access (755ms)
  ok 160 [chromium] › tests\frontend.spec.ts:130:1 › deep links survive browser refresh and logout clears the mock session (2.9s)
  ok 161 [chromium] › tests\frontend.spec.ts:143:1 › logout asks before discarding a draft and retains the session when logout fails (2.0s)
  ok 162 [chromium] › tests\frontend.spec.ts:200:1 › mobile navigation opens, routes, and closes without viewport overflow (899ms)
  ok 163 [chromium] › tests\frontend.spec.ts:214:1 › chunk loading errors use the route recovery boundary (650ms)
  ok 164 [chromium] › tests\frontend.spec.ts:253:1 › live mode reports an unavailable session API without enabling mock data (236ms)
ROUTE_ROLE_MATRIX_CASES=357 ROLES=7 PRIVATE_ROUTES=51 RESULT=PASS
  ok 165 [chromium] › tests\route-role-matrix.spec.ts:42:1 › route read access matches canonical permissions for every demo role (10.9s)
  ok 166 [chromium] › tests\security.spec.ts:35:1 › untrusted product text renders as text without activating markup (1.5s)
  ok 167 [chromium] › tests\security.spec.ts:53:1 › catalog import rejects a non-CSV file before an upload request (1.1s)
  ok 168 [chromium] › tests\security.spec.ts:71:1 › catalog import rejects files above the demo size limit before upload (1.4s)
  ok 169 [chromium] › tests\security.spec.ts:89:1 › mock uploads require a purpose, enforce its role, and fingerprint file content for retries (1.3s)
VITE_CACHE_ISOLATION=PASS rootA=C:\Users\Joker-PC\AppData\Local\Temp\botsales-vite-cache\ea27c7577456f6009d55\test-demo\playwright-44932-6b0e3517-6f2d-4562-b983-04df6c3c39bb-parallel-a rootB=C:\Users\Joker-PC\AppData\Local\Temp\botsales-vite-cache\ea27c7577456f6009d55\test-demo\playwright-44932-6b0e3517-6f2d-4562-b983-04df6c3c39bb-parallel-b otherCheckout=true
  ok 170 [chromium] › tests\session\demo-server-cache-isolation.spec.ts:7:1 › concurrent demo servers use isolated Vite caches and load the React app (1.4s)
  ok 171 [chromium] › tests\session\demo-worker-startup.spec.ts:17:1 › demo startup explains the required setup when the browser blocks Service Workers (363ms)
  ok 172 [chromium] › tests\session\session-revocation.spec.ts:20:1 › session.revoked SSE closes the stream and clears the active shop session (1.5s)
  ok 173 [chromium] › tests\session\session-unauthorized.spec.ts:17:1 › expired live session redirects to login and preserves the requested shop route (1.1s)
  ok 174 [chromium] › tests\states\fe023.spec.ts:17:1 › FE023.S04 a dirty dialog keeps the form value until the user confirms discard (1.6s)
  ok 175 [chromium] › tests\states\fe023.spec.ts:35:1 › FE023.S03 a customer lookup loads the next cursor page without dropping earlier choices (1.6s)
  ok 176 [chromium] › tests\states\fe023.spec.ts:76:1 › FE023.S04 delayed requests show loading and failed refresh keeps a retry path (6.7s)
  ok 177 [chromium] › tests\states\fe023.spec.ts:103:1 › FE023 unsaved shop settings are preserved when navigation switches shop scope (2.0s)
  ok 178 [chromium] › tests\states\fe023.spec.ts:121:1 › FE023 a saved shop form resets its dirty baseline and reports success (1.4s)
ROUTE_EMPTY_COMPOSITION_PROGRESS=3/11
ROUTE_EMPTY_COMPOSITION_PROGRESS=6/11
ROUTE_EMPTY_COMPOSITION_PROGRESS=9/11
ROUTE_EMPTY_COMPOSITION=11/11 RESULT=PASS
  ok 179 [chromium] › tests\states\route-empty-composition.spec.ts:27:1 › empty collection responses render accessible empty states on canonical list routes (2.3s)
ROUTE_ERROR_COMPOSITION_PROGRESS=10/51
ROUTE_ERROR_COMPOSITION_PROGRESS=20/51
ROUTE_ERROR_COMPOSITION_PROGRESS=30/51
ROUTE_ERROR_COMPOSITION_PROGRESS=40/51
ROUTE_ERROR_COMPOSITION_PROGRESS=50/51
ROUTE_ERROR_COMPOSITION=51/51 RESULT=PASS
  ok 180 [chromium] › tests\states\route-error-composition.spec.ts:26:1 › every shop route composes the shared API error state with its page content (2.3m)
  ok 181 [chromium] › tests\ui-bot-layout.spec.ts:42:1 › Bot routes R26/R27/R28/R51 fit the supported page-width boundaries (19.6s)
  ok 182 [chromium] › tests\ui-bot-layout.spec.ts:52:1 › Bot config, evaluation, role and budget dialogs stay inside mobile and desktop viewports (12.9s)
  ok 183 [chromium] › tests\ui-catalog-layout.spec.ts:15:1 › catalog R09-R14 keeps shared gutters, inset ownership and dry-run flow at mobile and desktop (11.7s)
  ok 184 [chromium] › tests\ui-catalog-layout.spec.ts:67:1 › Imports review notice and demo controls keep the measured shared 24px clearance at 806x884 (1.0s)
  ok 185 [chromium] › tests\ui-component-layout.spec.ts:39:1 › A01 order lines keep intrinsic remove actions with clean and invalid quantities (3.9s)
  ok 186 [chromium] › tests\ui-component-layout.spec.ts:60:1 › A02 product editors align category and status faces independently from lookup metadata (8.4s)
  ok 187 [chromium] › tests\ui-component-layout.spec.ts:83:1 › A03 import mapping preserves natural remove actions and editable mappings (3.5s)
  ok 188 [chromium] › tests\ui-component-layout.spec.ts:103:1 › A04 full precision money wraps outside tables and remains unbroken in the named scroll region (3.9s)
  ok 189 [chromium] › tests\ui-component-layout.spec.ts:129:1 › A05 status height follows its own label while long labels remain fully readable (3.8s)
  ok 190 [chromium] › tests\ui-component-layout.spec.ts:148:1 › A06 Empty wraps unbroken reference text and retains its keyboard action (3.8s)
  ok 191 [chromium] › tests\ui-component-layout.spec.ts:161:1 › A07 locked order addresses expose full text and edit lines retain intrinsic actions (8.6s)
  ok 192 [chromium] › tests\ui-composition-layout.spec.ts:13:1 › SPC-061/062 shared compositions own their gap and child boundaries on every canonical route (1.7m)
  ok 193 [chromium] › tests\ui-composition-positive-ancestry.spec.ts:62:1 › S15 Dashboard conditional content keeps an independently bordered surface inside its Panel owner (2.5s)
  ok 194 [chromium] › tests\ui-composition-positive-ancestry.spec.ts:103:1 › S15 catalog QueryState fragment keeps DataTable and Pager as peer children of one Panel (3.0s)
  ok 195 [chromium] › tests\ui-composition-positive-ancestry.spec.ts:137:1 › S15 Knowledge action group wraps children without losing its shared action owner (3.0s)
  ok 196 [chromium] › tests\ui-customers-layout.spec.ts:30:1 › Customers R07/R08/R54 layouts fit the shell at every responsive boundary (14.5s)
  ok 197 [chromium] › tests\ui-customers-layout.spec.ts:59:1 › Customer create and service-case dialogs stay in the viewport without submitting (5.0s)
  ok 198 [chromium] › tests\ui-dashboard-layout.spec.ts:15:1 › dashboard hierarchy, CTA targets, and page width hold across supported breakpoints (1.4s)
  ok 199 [chromium] › tests\ui-finance-layout.spec.ts:30:1 › Finance R20/R21/R22/R48/R49/R50 route layouts retain shell gutter without horizontal overflow from 320–1440px (28.9s)
  ok 200 [chromium] › tests\ui-finance-layout.spec.ts:62:1 › titled Finance Panels keep one 16px header-to-first-content boundary (8.9s)
  ok 201 [chromium] › tests\ui-finance-layout.spec.ts:124:1 › Finance report, entry, journal, reconciliation and period dialogs remain in the viewport without submitting (10.5s)
  ok 202 [chromium] › tests\ui-fulfillment-layout.spec.ts:30:1 › Fulfillment R41/R42 preserve shell gutter and contain responsive route layouts from 320-1440px (10.2s)
  ok 203 [chromium] › tests\ui-fulfillment-layout.spec.ts:59:1 › Fulfillment prep, shipment-create, detail and event dialogs fit mobile and desktop without submitting (5.2s)
  ok 204 [chromium] › tests\ui-integrations-layout.spec.ts:40:1 › Integrations routes R29/R30 fit the supported page-width boundaries (10.3s)
  ok 205 [chromium] › tests\ui-integrations-layout.spec.ts:50:1 › R29 disconnect and R30 create/edit credential dialogs stay inside mobile and desktop viewports (7.9s)
  ok 206 [chromium] › tests\ui-inventory-layout.spec.ts:15:1 › Inventory R15/R16 preserve shared gutter and contain table overflow at 320-1440px (9.8s)
  ok 207 [chromium] › tests\ui-inventory-layout.spec.ts:51:1 › Inventory filters reset cursor and preserve other URL state; adjustment validation sends no command (4.5s)
  ok 208 [chromium] › tests\ui-knowledge-layout.spec.ts:56:1 › Knowledge routes R23/R24/R25 fit every supported layout boundary (15.9s)
  ok 209 [chromium] › tests\ui-knowledge-layout.spec.ts:76:1 › Knowledge create, edit, and feedback-review dialogs remain inside mobile and desktop viewports (9.9s)
  ok 210 [chromium] › tests\ui-notifications-layout.spec.ts:40:1 › R39/R40 Notifications routes fit the supported page-width boundaries (10.1s)
  ok 211 [chromium] › tests\ui-notifications-layout.spec.ts:50:1 › R40 revoke-device confirmation stays inside mobile and desktop viewports (3.7s)
  ok 212 [chromium] › tests\ui-operations-layout.spec.ts:41:1 › R37/R38/R52 Operations routes fit the supported page-width boundaries (15.0s)
  ok 213 [chromium] › tests\ui-operations-layout.spec.ts:51:1 › R52 role-control confirmation stays inside mobile and desktop viewports (3.6s)
  ok 214 [chromium] › tests\ui-orders-layout.spec.ts:15:1 › Orders R17/R18/R19/R43 preserve responsive page geometry at 320-1440px (19.6s)
  ok 215 [chromium] › tests\ui-orders-layout.spec.ts:46:1 › Orders draft, versioned quote, synthetic address and return dialogs keep their behavior without writes (9.4s)
  ok 216 [chromium] › tests\ui-panel-layout.spec.ts:15:1 › the titled Fulfillment Panel owns its body inset and keeps one 16px header boundary (3.5s)
  ok 217 [chromium] › tests\ui-procurement-layout.spec.ts:36:1 › Procurement R44-R47 preserve shared page gutter and contain responsive tables at 320-1440px (20.4s)
  ok 218 [chromium] › tests\ui-procurement-layout.spec.ts:67:1 › Procurement supplier, offer, rule, purchase and receipt dialogs fit narrow and desktop viewports without writes (12.2s)
  ok 219 [chromium] › tests\ui-query-state-layout.spec.ts:68:5 › S12 R09 QueryState section profile preserves pending and ready layout (8.3s)
  ok 220 [chromium] › tests\ui-query-state-layout.spec.ts:68:5 › S12 R11 QueryState inline profile preserves pending and ready layout (8.0s)
  ok 221 [chromium] › tests\ui-shell-layout.spec.ts:44:1 › Shell keeps header, banner, main and footer on one responsive gutter (590ms)
  ok 222 [chromium] › tests\ui-shell-layout.spec.ts:105:1 › demo controls stay discoverable on mobile and usable on desktop (445ms)
  ok 223 [chromium] › tests\ui-shell-layout.spec.ts:123:1 › SPC-055/057 floated demo-control labels keep a clear gap on every Shell route consumer (10.2s)
  ok 224 [chromium] › tests\ui-shell-layout.spec.ts:147:1 › unmatched route fallback owns its page gutter without horizontal overflow (249ms)
  ok 225 [chromium] › tests\ui-toolbar-layout.spec.ts:32:1 › Toolbar geometry: multiline category lookup cannot stretch the search button (2.0s)
  ok 226 [chromium] › tests\ui-toolbar-layout.spec.ts:49:1 › Toolbar affected routes keep intrinsic actions, capability branches and 320px reflow (42.1s)
  ok 227 [chromium] › tests\ui-toolbar-layout.spec.ts:74:1 › Toolbar public extra slot cannot stretch a single-line submit action (1.1s)
  ok 228 [chromium] › tests\ui-toolbar-layout.spec.ts:91:1 › Toolbar preserves Products URL filters, search submit, clear and independent category lookup (3.1s)
  ok 229 [chromium] › tests\ui-toolbar-layout.spec.ts:127:1 › Toolbar keeps Inventory apply/reset separate from search submission (2.3s)
  ok 230 [chromium] › tests\ui-toolbar-layout.spec.ts:143:1 › Toolbar category more/busy/error/retry branches preserve search geometry and actual pagination (3.2s)
  ok 231 [chromium] › tests\ui-workspace-layout.spec.ts:60:1 › workspace routes stay within the supported page-width boundaries (33.4s)
  ok 232 [chromium] › tests\ui-workspace-layout.spec.ts:72:1 › team invite and privacy request dialogs remain usable without submitting (6.9s)
  ok 233 [chromium] › tests\ui006-lookups.spec.ts:68:1 › UI006.C05 lookup and table cursors reach records after 150 synthetic suppliers, offers, and orders (13.4s)
  ok 234 [chromium] › tests\ui006-lookups.spec.ts:214:1 › UI006.C04 bounded previews disclose their sample and link to full collections (3.1s)
  ok 235 [chromium] › tests\ui006-lookups.spec.ts:231:1 › UI006.C02 selected order identity survives a failed search and cursor retry (1.8s)
  ok 236 [chromium] › tests\ui007-query-states.spec.ts:30:1 › UI007 secondary order query loads independently while the customer profile remains available (2.2s)
  ok 237 [chromium] › tests\ui007-query-states.spec.ts:60:1 › UI007 order query 503 is isolated from the primary customer query and retries only that query (2.7s)
  ok 238 [chromium] › tests\ui007-query-states.spec.ts:94:1 › UI007 forbidden order query is an access state and a successful empty query is distinct (1.4s)
  ok 239 [chromium] › tests\ui007-query-states.spec.ts:114:1 › UI007 supplier and offer failures keep purchase suggestions visible and have operation-specific recovery (2.6s)
  ok 240 [chromium] › tests\ui007-query-states.spec.ts:150:1 › UI007 auto-send budget query is lazy, permission-aware, and blocks an unverified budget (1.6s)
  ok 241 [chromium] › tests\ui008-integration-empty.spec.ts:54:1 › UI008 R29 successful empty collection exposes an accessible state and one permission-guarded connect CTA (719ms)
  ok 242 [chromium] › tests\ui008-integration-empty.spec.ts:72:1 › UI008 R29 read-only bot_admin sees the empty state without a manage action (1.1s)
  ok 243 [chromium] › tests\ui008-integration-empty.spec.ts:87:1 › UI008 R29 pending channel query stays loading until its response arrives (1.5s)
  ok 244 [chromium] › tests\ui008-integration-empty.spec.ts:105:1 › UI008 R29 forbidden channel query is not presented as empty or retryable (612ms)
  ok 245 [chromium] › tests\ui008-integration-empty.spec.ts:119:1 › UI008 R29 503 remains an error and recovers through its retry control (2.0s)
  ok 246 [chromium] › tests\ui008-integration-empty.spec.ts:140:1 › UI008 R30 successful empty AI connection cards show a first-use state and one add CTA (647ms)
  ok 247 [chromium] › tests\ui008-integration-empty.spec.ts:158:1 › UI008 R30 read-only bot_admin sees the empty state without an add action (1.1s)
  ok 248 [chromium] › tests\ui009-scope-regression.spec.ts:23:1 › UI009 delayed customer orders from the previous shop cannot leak into the new shop profile (2.4s)
  ok 249 [chromium] › tests\ui010-dialog-draft.spec.ts:15:1 › UI010 a discarded confirmation reason is cleared before the dialog opens again (2.2s)
  ok 250 [chromium] › tests\ui011-date-time.spec.ts:16:1 › UI011 report defaults use the active shop calendar month at a UTC month boundary (1.1s)
  ok 251 [chromium] › tests\ui011-date-time.spec.ts:29:1 › UI011 journal effective date defaults to the active shop calendar date (1.2s)
  ok 252 [chromium] › tests\ui011-date-time.spec.ts:41:1 › UI011 shipment event input and API instant use the shop timezone, not browser timezone (1.3s)
  ok 253 [chromium] › tests\ui012-keyboard.spec.ts:42:1 › UI012 keyboard-only finance edit handles select, discard warning and focus return (2.3s)
  ok 254 [chromium] › tests\ui012-keyboard.spec.ts:103:1 › UI012 keyboard validation focuses the field named by a synthetic 422 response (2.1s)
  ok 255 [chromium] › tests\ui012-keyboard.spec.ts:160:1 › UI012 keyboard activates the CSV chooser and discards its selected file without upload (1.7s)
  ok 256 [chromium] › tests\ui012-keyboard.spec.ts:200:1 › UI012 keyboard can reach and horizontally scroll the marketing chart data alternative (1.2s)
  ok 257 [chromium] › tests\ui012-keyboard.spec.ts:227:1 › UI012 marketing chart keeps every category label visible beside its data table (2.2s)
  ok 258 [chromium] › tests\ui012-keyboard.spec.ts:268:1 › UI012 inbox feedback actions identify their message and return focus after Escape (2.3s)
  ok 259 [chromium] › tests\ui012-keyboard.spec.ts:301:1 › UI012 order draft does not announce an untouched required customer as invalid (1.1s)
  ok 260 [chromium] › tests\ui012-keyboard.spec.ts:314:1 › UI012 long BotConfig policy literal wraps inside its alert at a 320 CSS-pixel viewport (1.0s)
  ok 261 [chromium] › tests\ui012-keyboard.spec.ts:348:1 › UI012 dashboard CTA separates hover and pressed feedback while keeping keyboard focus visible (1.7s)
  ok 262 [chromium] › tests\ui013-url-state.spec.ts:19:1 › UI013 reconciliation tab deep links and survives refresh; malformed tab safely falls back (4.1s)
  ok 263 [chromium] › tests\ui013-url-state.spec.ts:39:1 › UI013 finance date range deep link, edit, refresh and Back use shop-local filter state (3.1s)
  ok 264 [chromium] › tests\ui013-url-state.spec.ts:70:1 › UI013 report type and export date filters are deep-linkable, refreshable and malformed values fall back safely (3.4s)
  ok 265 [chromium] › tests\ui021-permission-edge.spec.ts:4:1 › privacy page keeps the customers link when the destination permission is present (1.6s)
  ok 266 [chromium] › tests\ui021-permission-edge.spec.ts:19:1 › privacy page hides the customers link when the destination permission is missing (1.8s)
  ok 267 [chromium] › tests\ui028-w24-inbox-layout.spec.ts:15:1 › UI028.W24 Inbox spacing roles remain consistent across breakpoints without losing draft state (6.2s)
  ok 268 [chromium] › tests\ui028-w25-reports-layout.spec.ts:15:1 › UI028.W25 Reports semantic spacing stays stable at mobile, tablet and desktop widths (12.0s)
  ok 269 [chromium] › tests\ui028-w25-reports-layout.spec.ts:113:1 › UI028.W25 authorized report download link retains its 44px hit target (1.4s)
[w28-route-geometry] {"browser":"chromium","width":390,"routes":54,"issues":0,"pageErrors":0,"evidence":"evidence\\frontend-ui-improvements\\UI028\\W28\\route-geometry-chromium-390-current-components-1791461051112-24880.json"}
  ok 270 [chromium] › tests\ui028-w28-routes.spec.ts:47:5 › UI028.W28 54 canonical routes render with measured 390px layout geometry (51.5s)
[w28-route-geometry] {"browser":"chromium","width":1440,"routes":54,"issues":0,"pageErrors":0,"evidence":"evidence\\frontend-ui-improvements\\UI028\\W28\\route-geometry-chromium-1440-current-components-1791461051112-24880.json"}
  ok 271 [chromium] › tests\ui028-w28-routes.spec.ts:47:5 › UI028.W28 54 canonical routes render with measured 1440px layout geometry (30.0s)
[w29-responsive-profile] {"browser":"chromium","width":320,"profiles":7,"issues":0,"pageErrors":0,"evidence":"evidence\\frontend-ui-improvements\\UI028\\W29\\responsive-profile-chromium-320-current-components-1791461051112-24880.json"}
  ok 272 [chromium] › tests\ui028-w29-reflow.spec.ts:30:5 › UI028.W29 320px reflow retains representative actions and contains overflow (7.3s)
[w29-responsive-profile] {"browser":"chromium","width":390,"profiles":7,"issues":0,"pageErrors":0,"evidence":"evidence\\frontend-ui-improvements\\UI028\\W29\\responsive-profile-chromium-390-current-components-1791461051112-24880.json"}
  ok 273 [chromium] › tests\ui028-w29-reflow.spec.ts:30:5 › UI028.W29 390px reflow retains representative actions and contains overflow (7.4s)
[w29-responsive-profile] {"browser":"chromium","width":767,"profiles":7,"issues":0,"pageErrors":0,"evidence":"evidence\\frontend-ui-improvements\\UI028\\W29\\responsive-profile-chromium-767-current-components-1791461051112-24880.json"}
  ok 274 [chromium] › tests\ui028-w29-reflow.spec.ts:30:5 › UI028.W29 767px reflow retains representative actions and contains overflow (7.4s)
[w29-responsive-profile] {"browser":"chromium","width":768,"profiles":7,"issues":0,"pageErrors":0,"evidence":"evidence\\frontend-ui-improvements\\UI028\\W29\\responsive-profile-chromium-768-current-components-1791461051112-24880.json"}
  ok 275 [chromium] › tests\ui028-w29-reflow.spec.ts:30:5 › UI028.W29 768px reflow retains representative actions and contains overflow (7.4s)
[w29-responsive-profile] {"browser":"chromium","width":1024,"profiles":7,"issues":0,"pageErrors":0,"evidence":"evidence\\frontend-ui-improvements\\UI028\\W29\\responsive-profile-chromium-1024-current-components-1791461051112-24880.json"}
  ok 276 [chromium] › tests\ui028-w29-reflow.spec.ts:30:5 › UI028.W29 1024px reflow retains representative actions and contains overflow (7.6s)
[w29-responsive-profile] {"browser":"chromium","width":1279,"profiles":7,"issues":0,"pageErrors":0,"evidence":"evidence\\frontend-ui-improvements\\UI028\\W29\\responsive-profile-chromium-1279-current-components-1791461051112-24880.json"}
  ok 277 [chromium] › tests\ui028-w29-reflow.spec.ts:30:5 › UI028.W29 1279px reflow retains representative actions and contains overflow (7.5s)
[w29-responsive-profile] {"browser":"chromium","width":1280,"profiles":7,"issues":0,"pageErrors":0,"evidence":"evidence\\frontend-ui-improvements\\UI028\\W29\\responsive-profile-chromium-1280-current-components-1791461051112-24880.json"}
  ok 278 [chromium] › tests\ui028-w29-reflow.spec.ts:30:5 › UI028.W29 1280px reflow retains representative actions and contains overflow (5.0s)
[w29-responsive-profile] {"browser":"chromium","width":1440,"profiles":7,"issues":0,"pageErrors":0,"evidence":"evidence\\frontend-ui-improvements\\UI028\\W29\\responsive-profile-chromium-1440-current-components-1791461051112-24880.json"}
  ok 279 [chromium] › tests\ui028-w29-reflow.spec.ts:30:5 › UI028.W29 1440px reflow retains representative actions and contains overflow (5.1s)
[w29-responsive-profile] {"browser":"chromium","width":1920,"profiles":7,"issues":0,"pageErrors":0,"evidence":"evidence\\frontend-ui-improvements\\UI028\\W29\\responsive-profile-chromium-1920-current-components-1791461051112-24880.json"}
  ok 280 [chromium] › tests\ui028-w29-reflow.spec.ts:30:5 › UI028.W29 1920px reflow retains representative actions and contains overflow (5.5s)
[w30-stress] {"browser":"chromium","scenario":"form-error-short","viewport":{"width":320,"height":480},"scaledTextElements":54,"issues":0,"pageErrors":0,"evidence":"evidence\\frontend-ui-improvements\\UI028\\W30\\stress-chromium-form-error-short-current-components-1791461051112-24880.json"}
  ok 281 [chromium] › tests\ui028-w30-stress.spec.ts:75:5 › UI028.W30 form-error-short: 200% text and spacing stress at 320x480 (1.3s)
[w30-stress] {"browser":"chromium","scenario":"mobile-menu-long-label","viewport":{"width":390,"height":560},"scaledTextElements":141,"issues":0,"pageErrors":0,"evidence":"evidence\\frontend-ui-improvements\\UI028\\W30\\stress-chromium-mobile-menu-long-label-current-components-1791461051112-24880.json"}
  ok 282 [chromium] › tests\ui028-w30-stress.spec.ts:75:5 › UI028.W30 mobile-menu-long-label: 200% text and spacing stress at 390x560 (1.4s)
[w30-stress] {"browser":"chromium","scenario":"report-long-id","viewport":{"width":640,"height":450},"scaledTextElements":61,"issues":0,"pageErrors":0,"evidence":"evidence\\frontend-ui-improvements\\UI028\\W30\\stress-chromium-report-long-id-current-components-1791461051112-24880.json"}
  ok 283 [chromium] › tests\ui028-w30-stress.spec.ts:75:5 › UI028.W30 report-long-id: 200% text and spacing stress at 640x450 (1.1s)
[w30-stress] {"browser":"chromium","scenario":"inbox-long-composer","viewport":{"width":390,"height":560},"scaledTextElements":70,"issues":0,"pageErrors":0,"evidence":"evidence\\frontend-ui-improvements\\UI028\\W30\\stress-chromium-inbox-long-composer-current-components-1791461051112-24880.json"}
  ok 284 [chromium] › tests\ui028-w30-stress.spec.ts:75:5 › UI028.W30 inbox-long-composer: 200% text and spacing stress at 390x560 (1.1s)
[w30-stress] {"browser":"chromium","scenario":"dialog-long-reason","viewport":{"width":320,"height":480},"scaledTextElements":79,"issues":0,"pageErrors":0,"evidence":"evidence\\frontend-ui-improvements\\UI028\\W30\\stress-chromium-dialog-long-reason-current-components-1791461051112-24880.json"}
  ok 285 [chromium] › tests\ui028-w30-stress.spec.ts:75:5 › UI028.W30 dialog-long-reason: 200% text and spacing stress at 320x480 (1.2s)
  ok 286 [chromium] › tests\vertical-slices\fe022-flows.spec.ts:36:1 › FE022.VS01 catalog → stock → order → prep keeps product, reservation, and order references linked (2.3s)
  ok 287 [chromium] › tests\vertical-slices\fe022-flows.spec.ts:90:1 › FE022.VS02 procurement → approval → receipt → stock and payable preserves the purchase identity (5.5s)
  ok 288 [chromium] › tests\vertical-slices\fe022-flows.spec.ts:166:1 › FE022.VS03 finance → reconciliation retains bank transaction and partial debt allocation (1.8s)
  ok 289 [chromium] › tests\vertical-slices\fe022-flows.spec.ts:202:1 › FE022.VS04 inbox → knowledge draft → bot evaluation preserves feedback and revision source IDs (2.4s)
  ok 290 [chromium] › tests\vertical-slices\fe022-flows.spec.ts:244:1 › FE022.S05 route and feature matrix covers canonical IDs with executed cases or explicit frontend gaps (370ms)
(node:64164) Warning: The 'NO_COLOR' env is ignored due to the 'FORCE_COLOR' env being set.
(Use `node --trace-warnings ...` to show where the warning was created)
  ok 291 [firefox] › tests\accessibility\routes.spec.ts:17:1 › all canonical routes pass whole-page WCAG 2.1 A/AA axe checks in the React demo (1.4m)
[artifact-preview] {"scope":"FRONTEND_WITH_SYNTHETIC_MOCK_API","artifact":"apps/web/dist-demo","browserMetrics":{"browser":"Mozilla/5.0 (Windows NT 10.0; Win64; x64; rv:155.0) Gecko/20100101 Firefox/155.0","viewport":{"width":1280,"height":720},"route":"/s/shop-demo/overview","domContentLoadedMs":90,"loadEventMs":90,"scriptCount":11,"scriptTransferBytes":451552,"scriptAssets":[{"file":"query-5vm9EU1C.js","transferBytes":10220,"decodedBytes":33154,"durationMs":16},{"file":"index-CvleD9Av.js","transferBytes":29665,"decodedBytes":92860,"durationMs":19},{"file":"i18n-xB0mQYCC.js","transferBytes":15416,"decodedBytes":46142,"durationMs":21},{"file":"schema-validation-Bhr7oAQE.js","transferBytes":45419,"decodedBytes":149800,"durationMs":22},{"file":"mui-azn9KfGV.js","transferBytes":100319,"decodedBytes":328326,"durationMs":24},{"file":"contract-data-D-QqiNa-.js","transferBytes":37614,"decodedBytes":309769,"durationMs":22},{"file":"react-runtime-D0NtfbPC.js","transferBytes":90580,"decodedBytes":279779,"durationMs":24},{"file":"service-BepI4YXI.js","transferBytes":35006,"decodedBytes":159351,"durationMs":15},{"file":"browser-Q7hU35s0.js","transferBytes":87313,"decodedBytes":255636,"durationMs":19},{"file":"index-BJvLBKj7.js","transferBytes":0,"decodedBytes":0,"durationMs":0},{"file":"hooks-DbOMPuxp.js","transferBytes":0,"decodedBytes":0,"durationMs":0}]},"bundles":{"javascriptFiles":32,"totalBytes":2373057,"totalGzipBytes":679931,"initialRouteGzipBytes":454679,"proposedBudgets":{"initialRouteGzipKiB":500,"largestChunkGzipKiB":200,"basis":"Local demo preview limits for the measured Chromium artifact; not a backend or platform SLO."},"largest":[{"file":"apps/web/dist-demo/assets/mui-azn9KfGV.js","bytes":328326,"gzipBytes":100019},{"file":"apps/web/dist-demo/assets/charts-RcpaDpmM.js","bytes":313031,"gzipBytes":94993},{"file":"apps/web/dist-demo/assets/contract-data-D-QqiNa-.js","bytes":309769,"gzipBytes":37314},{"file":"apps/web/dist-demo/assets/react-runtime-D0NtfbPC.js","bytes":279779,"gzipBytes":90280},{"file":"apps/web/dist-demo/assets/browser-Q7hU35s0.js","bytes":255636,"gzipBytes":87013}]},"observedApi":{"path":"/api/v2/session","status":200,"servedBy":"MSW in the built demo artifact"},"dataSource":"synthetic-msw"}
  ok 292 [firefox] › tests\artifacts\demo-preview.spec.ts:39:1 › the built demo artifact serves the React UI and synthetic API through preview (896ms)
[large-dataset-api] {"url":"http://127.0.0.1:49494/api/v2/shops/shop-demo/customers?limit=20","count":20,"page":{"limit":20,"total":1004,"hasMore":true,"nextCursor":"perf-customer-0016"},"firstIds":["c1","c2","c3"]}
[large-dataset-preview] {"scope":"FRONTEND_WITH_SYNTHETIC_MOCK_API","artifact":"apps/web/dist-demo","datasetId":"FE025-LARGE-CUSTOMERS-1000-V1","generatedRows":1000,"firstPageIds":["c1","c2","c3","c4","perf-customer-0001","perf-customer-0002","perf-customer-0003","perf-customer-0004","perf-customer-0005","perf-customer-0006","perf-customer-0007","perf-customer-0008","perf-customer-0009","perf-customer-0010","perf-customer-0011","perf-customer-0012","perf-customer-0013","perf-customer-0014","perf-customer-0015","perf-customer-0016"],"api":{"status":200,"pageLimit":20,"total":1004,"hasMore":true,"nextCursor":"perf-customer-0016"},"domRowsIncludingHeader":21,"firstPageReadyMs":437,"browser":"Mozilla/5.0 (Windows NT 10.0; Win64; x64; rv:155.0) Gecko/20100101 Firefox/155.0","viewport":{"width":1280,"height":720},"note":"Synthetic customer identities only; the React screen renders one API page and exposes the next cursor instead of mounting the full collection."}
  ok 293 [firefox] › tests\artifacts\demo-preview.spec.ts:103:1 › a thousand synthetic customers remain API-paginated in the built demo artifact (1.4s)
  ok 294 [firefox] › tests\artifacts\demo-preview.spec.ts:141:1 › the production artifact contains neither the mock worker asset nor MSW fixtures/runtime (29ms)
  ok 295 [firefox] › tests\fe009.spec.ts:35:1 › workspace onboarding creates a shop with an active membership and returns to its scoped route (2.5s)
  ok 296 [firefox] › tests\fe009.spec.ts:57:1 › customer create validates fields, submits through mock HTTP, and preserves edits after a stale version (4.3s)
  ok 297 [firefox] › tests\fe009.spec.ts:125:1 › customer detail keeps redacted contact fields read-only and does not overwrite them on save (1.5s)
  ok 298 [firefox] › tests\fe009.spec.ts:142:1 › job detail follows an export created in the current synthetic shop and can refetch it (1.9s)
  ok 299 [firefox] › tests\fe009.spec.ts:177:1 › FE009.G01 shop setup checklist guides to supported pages and leaves missing contract fields unverified (1.9s)
  ok 300 [firefox] › tests\fe009.spec.ts:190:1 › FE009.G05 marketing consent preview is interactive but never claims server opt-out (1.6s)
  ok 301 [firefox] › tests\fe009.spec.ts:205:1 › FE009.H06 audit screen distinguishes available fields from missing contract detail (2.0s)
  ok 302 [firefox] › tests\fe009.spec.ts:214:1 › FE009.B06 after-sale cases only link orders loaded for the selected customer and customer profile shows their shipment (6.0s)
  ok 303 [firefox] › tests\fe009.spec.ts:246:1 › team invitation and membership revoke stay shop-scoped and protect the active owner (2.9s)
  ok 304 [firefox] › tests\fe009.spec.ts:282:1 › privacy delete requests remain pending approval with no frontend step-up shortcut (3.0s)
  ok 305 [firefox] › tests\fe010.spec.ts:38:1 › product editor validates positive prices, protects image-only drafts, and saves variant payload through mock HTTP (4.4s)
  ok 306 [firefox] › tests\fe010.spec.ts:108:1 › product update sends If-Match and keeps edits visible after a 412 conflict (2.4s)
  ok 307 [firefox] › tests\fe010.spec.ts:140:1 › warehouse role can read catalog products but cannot edit product fields or price cost data (1.1s)
  ok 308 [firefox] › tests\fe010.spec.ts:149:1 › categories create, search, update with a version, and render cursor pagination (2.5s)
  ok 309 [firefox] › tests\fe010.spec.ts:178:1 › CSV preview reports row-level errors and commits only valid product rows (2.9s)
  ok 310 [firefox] › tests\fe010.spec.ts:250:1 › import validation token is rejected with 412 after catalog changes and the preview remains visible (2.6s)
  ok 311 [firefox] › tests\fe010.spec.ts:282:1 › CSV demo row limit is explained and rejects more than 1000 data rows before preview (2.1s)
  ok 312 [firefox] › tests\fe010.spec.ts:295:1 › demo upload rejects files over 5 MB before making an upload request (1.4s)
UI005 acceptance: {"categoryTotal":105,"createCategoryId":"cat-2","editCategoryId":"cat-0","categoryRequests":20}
  ok 313 [firefox] › tests\fe010.spec.ts:306:1 › product category lookup pages the full collection and preserves the selected category while editing (12.1s)
  ok 314 [firefox] › tests\fe011.spec.ts:35:1 › FE011.AC01 snapshot drives stock totals and the SKU opens its catalog result (1.7s)
  ok 315 [firefox] › tests\fe011.spec.ts:54:1 › FE011.AC02 adjustment validates, waits for mock confirmation, and reconciles movement history once (4.1s)
  ok 316 [firefox] › tests\fe011.spec.ts:92:1 › FE011.AC03 conflict and insufficient stock preserve the draft and never update optimistically (3.2s)
  ok 317 [firefox] › tests\fe011.spec.ts:120:1 › FE011.AC03 forbidden adjustment retains user input and shows no success state (2.0s)
  ok 318 [firefox] › tests\fe011.spec.ts:136:1 › FE011.AC03 unknown command blocks duplicate submission until shared recovery reconciles it (2.2s)
  ok 319 [firefox] › tests\fe011.spec.ts:154:1 › FE011.AC04 movement contract filters are URL-backed and history exposes actor and permission-gated source (1.5s)
  ok 320 [firefox] › tests\fe011.spec.ts:182:1 › FE011.AC05 inventory reflows at mobile widths, passes axe, and restores keyboard focus after adjustment dialog (2.3s)
  ok 321 [firefox] › tests\fe011.spec.ts:205:1 › FE011.AC03 unknown shop scope shows no stock from another shop (998ms)
  ok 322 [firefox] › tests\fe012.spec.ts:35:1 › FE012.AC01 searchable customer and product pickers submit contract-shaped draft and reject fractional quantity (4.3s)
  ok 323 [firefox] › tests\fe012.spec.ts:93:1 › FE012 demo address choice is labeled synthetic and completes the mock order flow (5.5s)
  ok 324 [firefox] › tests\fe012.spec.ts:122:1 › FE012.AC01 editing lines invalidates quote and customer consent; a new quote is required before confirmation (4.7s)
  ok 325 [firefox] › tests\fe012.spec.ts:182:1 › FE012.AC03 mock stale-version 412 preserves draft fields and does not show success (1.6s)
  ok 326 [firefox] › tests\fe012.spec.ts:199:1 › FE012.AC03 offline state blocks quote mutation while retaining the loaded draft (1.3s)
  ok 327 [firefox] › tests\fe012.spec.ts:211:1 › FE012.AC03 unknown confirm outcome blocks duplicate writes until shared command recovery is available (2.5s)
  ok 328 [firefox] › tests\fe012.spec.ts:257:1 › FE012.AC03 quote and customer confirmation expiration disable confirmation using API time (2.4s)
  ok 329 [firefox] › tests\fe012.spec.ts:277:1 › FE012.AC03 returns reject fractional/over-original quantities locally and preserve data on cumulative mock rejection (1.5s)
  ok 330 [firefox] › tests\fe012.spec.ts:301:1 › FE012.AC04 return inspection loads the current case and applies accepted partial quantity to mock stock and refund (3.0s)
  ok 331 [firefox] › tests\fe012.spec.ts:354:1 › FE012.AC03 handed-over order routes to returns and exposes no ordinary cancel action (1.7s)
  ok 332 [firefox] › tests\fe012.spec.ts:361:1 › FE012.AC05 order drafting remains usable without horizontal page overflow and passes focused axe checks (1.4s)
  ok 333 [firefox] › tests\fe013.spec.ts:40:1 › FE013.C04 shipping preview distinguishes missing address, unserviceable zone, and expired mock quote (3.2s)
  ok 334 [firefox] › tests\fe013.spec.ts:65:1 › FE013.AC01–AC04 stale claim conflict is visible; pick, pack, dispatch and delivery use current API versions once (8.3s)
  ok 335 [firefox] › tests\fe013.spec.ts:203:1 › FE013.AC03 unknown handover cannot be repeated before command reconciliation (4.6s)
  ok 336 [firefox] › tests\fe013.spec.ts:250:1 › FE013.AC01 role scope and FE013.AC05 responsive shipment/preparation views remain accessible (3.8s)
  ok 337 [firefox] › tests\fe014.spec.ts:25:1 › FE014.AC01 multi-line purchase validates MOQ/pack size and binds approval to the created intent (4.2s)
  ok 338 [firefox] › tests\fe014.spec.ts:77:1 › FE027.D02 supplier workspace edits the selected contact through its current version and displays MOQ offers (1.9s)
  ok 339 [firefox] › tests\fe014.spec.ts:95:1 › FE014.AC02 approval covers the exact purchase intent; unknown send is blocked from blind retry (5.2s)
  ok 340 [firefox] › tests\fe014.spec.ts:154:1 › FE014.S03 auto-send cannot be configured without an enabled procurement budget (2.6s)
  ok 341 [firefox] › tests\fe014.spec.ts:167:1 › FE014.S03 manager without procurement.receive cannot open receipt actions (3.2s)
  ok 342 [firefox] › tests\fe014.spec.ts:187:1 › FE014.AC03 partial receipt posts only accepted units to synthetic stock and payable once (4.1s)
  ok 343 [firefox] › tests\fe014.spec.ts:258:1 › FE014.D03/D04/D07 replenishment uses min-max rules, labels forecast limits, and blocks duplicate proposals (2.4s)
  ok 344 [firefox] › tests\fe015.spec.ts:50:1 › FE015.AC01 report filters use exact timezone boundaries and mock API aggregates (1.7s)
  ok 345 [firefox] › tests\fe015.spec.ts:96:1 › FE021.E08 report explanation is mock-only, cites the filtered P&L snapshot, and never writes finance data (1.4s)
  ok 346 [firefox] › tests\fe015.spec.ts:117:1 › UI003 report timestamps follow the active shop timezone (2.6s)
  ok 347 [firefox] › tests\fe015.spec.ts:174:1 › FE015.E02/E03 profit report renders canonical cost, gross-profit and operating-expense values (990ms)
  ok 348 [firefox] › tests\fe015.spec.ts:202:1 › FE015.AC02 journal rejects unbalanced decimal lines before POST and sends exact money strings (3.0s)
  ok 349 [firefox] › tests\fe015.spec.ts:237:1 › FE015.AC02 closed accounting period is visible and disables journal draft creation (2.0s)
  ok 350 [firefox] › tests\fe015.spec.ts:258:1 › FE015.AC03 CSV import keeps partial row failures visible and deduplicates external transactions (2.0s)
  ok 351 [firefox] › tests\fe015.spec.ts:281:1 › UI001 reconciliation cursors stay scoped and dialogs load choices beyond the visible table page (10.3s)
  ok 352 [firefox] › tests\fe015.spec.ts:408:1 › FE015.AC03 COD settlement matches net remittance plus documented fee (3.9s)
  ok 353 [firefox] › tests\fe015.spec.ts:442:1 › FE015.AC03 partial bank allocation leaves the remaining amount and debt visible (3.2s)
  ok 354 [firefox] › tests\fe015.spec.ts:467:1 › FE015.AC03 unknown journal posting is not resent from the same draft (4.3s)
  ok 355 [firefox] › tests\fe016.spec.ts:67:1 › UI015 mobile demo tools disclose by keyboard and inbox stays within narrow viewports (1.1s)
  ok 356 [firefox] › tests\fe016.spec.ts:100:1 › FE016 conversation keeps its composer visible while long demo context scrolls independently (1.3s)
  ok 357 [firefox] › tests\fe016.spec.ts:133:1 › FE016.AC01 inbox filters call canonical query fields and remain bookmarked through conversation details (2.2s)
  ok 358 [firefox] › tests\fe016.spec.ts:161:1 › FE016.AC01 list cursor is isolated from message cursor and restored on back navigation (1.0s)
  ok 359 [firefox] › tests\fe016.spec.ts:180:1 › UI002 inbox list and message cursors stay independent through paging, conversation switch and shop change (3.0s)
  ok 360 [firefox] › tests\fe016.spec.ts:269:1 › UI002 mobile keeps the list page while messages page and Back restores it (2.3s)
  ok 361 [firefox] › tests\fe016.spec.ts:313:1 › UI002 Inbox search resets only the list cursor while a message page is open (2.6s)
  ok 362 [firefox] › tests\fe016.spec.ts:370:1 › UI002 deep link, refresh and mobile Back preserve their own cursors (1.7s)
  ok 363 [firefox] › tests\fe016.spec.ts:424:1 › UI002 list and message panel errors remain isolated (5.6s)
  ok 364 [firefox] › tests\fe016.spec.ts:448:1 › UI002 send, invalidation and resync keep both cursors and send only once (2.2s)
  ok 365 [firefox] › tests\fe016.spec.ts:508:1 › FE016.AC01 takeover and reply use current versions and show API send state without claiming delivery (2.1s)
  ok 366 [firefox] › tests\fe016.spec.ts:535:1 › FE016.AC02 internal notes render HTML-like text inert and feedback creates only a review draft (1.8s)
  ok 367 [firefox] › tests\fe016.spec.ts:566:1 › FE016.AC03 unknown send keeps the reply draft, exposes command recovery and never blindly resends (2.2s)
  ok 368 [firefox] › tests\fe016.spec.ts:589:1 › FE016.AC04 role without customer/order permissions cannot open those cross-module references (1.1s)
  ok 369 [firefox] › tests\fe016.spec.ts:600:1 › FE016.S03 stale takeover preserves reason and reports the version conflict (2.1s)
  ok 370 [firefox] › tests\fe016.spec.ts:616:1 › FE016.B05 cross-sell promotion preview shows sample rules without applying a discount (1.3s)
  ok 371 [firefox] › tests\fe016.spec.ts:630:1 › FE016.B08 image and voice preview is synthetic and stays local (1.8s)
  ok 372 [firefox] › tests\fe016.spec.ts:645:1 › FE027.B01 industry sales script preview asks for missing facts and stays a local draft (1.6s)
  ok 373 [firefox] › tests\fe016.spec.ts:661:1 › FE027.B02 inbox price and available stock preview uses current canonical mock reads (1.0s)
  ok 374 [firefox] › tests\fe016.spec.ts:682:1 › FE027.B03 order capture links the active customer and conversation into the manual order form (1.6s)
  ok 375 [firefox] › tests\fe016.spec.ts:692:1 › FE027.B04 automatic order confirmation stays unavailable until policy and customer evidence exist (1.3s)
  ok 376 [firefox] › tests\fe017-validation.spec.ts:15:1 › FE017 synthetic 422 keeps the knowledge draft fields and shows field errors (1.5s)
  ok 377 [firefox] › tests\fe017.spec.ts:24:1 › FE017.AC01 demo publishing uses the approved permission and lifecycle substitute without an API allowedActions field (3.5s)
  ok 378 [firefox] › tests\fe017.spec.ts:115:1 › FE017.AC02 knowledge file upload sends canonical purpose and detail reads processing status (2.0s)
  ok 379 [firefox] › tests\fe017.spec.ts:154:1 › FE017 price and stock source preview uses canonical product and timestamped inventory APIs (994ms)
  ok 380 [firefox] › tests\fe017.spec.ts:187:1 › FE017.AC03 missing content, unsupported and oversized files keep creation unavailable (1.7s)
  ok 381 [firefox] › tests\fe017.spec.ts:209:1 › FE017.AC04 feedback approval creates inert draft content and its first revision only (3.5s)
  ok 382 [firefox] › tests\fe017.spec.ts:242:1 › FE017.AC05 manager sees knowledge read-only and synthetic API rejects purpose-specific upload and publish (1.0s)
  ok 383 [firefox] › tests\fe017.spec.ts:263:1 › FE017.AC06 stale review preserves the reason and explains the conflict (1.4s)
  ok 384 [firefox] › tests\fe017.spec.ts:278:1 › FE027.G02 product content brief edits source, size, warranty, alternatives, and forbidden claims locally (1.4s)
  ok 385 [firefox] › tests\fe017.spec.ts:296:1 › FE027.G03 policy revisions keep the published snapshot immutable when a draft changes (1.2s)
  ok 386 [firefox] › tests\fe018.spec.ts:128:1 › FE018.S01 maps routes and operations to the canonical OpenAPI permissions (449ms)
  ok 387 [firefox] › tests\fe018.spec.ts:145:1 › FE018.AC01/04 draft saves use the contract version and keep human order confirmation locked after a conflict (3.2s)
  ok 388 [firefox] › tests\fe018.spec.ts:176:1 › FE018.AC03 evaluation is synthetic, revision-bound, and cannot publish a stale draft (2.7s)
  ok 389 [firefox] › tests\fe018.spec.ts:200:1 › FE018.AC01/04 successful publish is tied to the tested revision and pause explains its boundary (3.2s)
  ok 390 [firefox] › tests\fe018.spec.ts:230:1 › FE018.AC03 playground sends no external message and preserves unknown cost and token values (1.8s)
  ok 391 [firefox] › tests\fe018.spec.ts:252:1 › FE018.S03 synthetic budget and tool denials retain the prompt and never show a generated answer (3.3s)
  ok 392 [firefox] › tests\fe018.spec.ts:278:1 › FE027.H03 budget and provider failover preview refuses silent provider switching on exhaustion (2.1s)
  ok 393 [firefox] › tests\fe018.spec.ts:292:1 › FE018.AC02 role kill switch is versioned, preserves API tools, and does not pause the whole bot (3.8s)
  ok 394 [firefox] › tests\fe018.spec.ts:333:1 › FE018.AC02 expired, wrong-scope, and matching approvals produce honest budget results (2.0s)
  ok 395 [firefox] › tests\fe018.spec.ts:361:1 › FE018.AC05 manager and bot-admin roles cannot use operations outside their canonical permissions (1.9s)
  ok 396 [firefox] › tests\fe018.spec.ts:393:1 › FE018.AC05 unknown role command stays unresolved and does not claim successful resumption (2.4s)
UI004_25_ACCEPTANCE={"total":25,"pageSizes":[20,5],"cursor":"evaluation-10016","oldestRecord":"evaluation-10001","oldestReachable":true,"detailPreservedCursor":true,"browserBackRestoredFirstPage":true,"searchResetCursor":true}
  ok 397 [firefox] › tests\fe018.spec.ts:409:1 › UI004 25 evaluations: cursor pages reach the last record and preserve detail, search, and browser Back state (3.3s)
UI004_105_ACCEPTANCE={"total":105,"pageSizes":[20,20,20,20,20,5],"pagesVisited":6,"cursorRequests":["evaluation-10256","evaluation-10196","evaluation-10136","evaluation-10076","evaluation-10016"],"uniqueRecords":105,"oldestRecord":"evaluation-10001","oldestReachable":true,"failedCursorRetainedForRetry":"evaluation-10196","errorShowsNoFabricatedRows":true,"retrySucceeded":true}
  ok 398 [firefox] › tests\fe018.spec.ts:455:1 › UI004 105 evaluations: cursor traversal reaches every record and retains the failing cursor for retry (8.1s)
  ok 399 [firefox] › tests\fe019.spec.ts:21:1 › FE019.S01 maps integrations and notification routes, actions, schemas, and mock boundaries (12ms)
  ok 400 [firefox] › tests\fe019.spec.ts:70:1 › FE019.AC01 AI secret is write-only, cleared after submit, and absent from stored/read data (2.5s)
  ok 401 [firefox] › tests\fe019.spec.ts:117:1 › FE019.AC01 invalid mock credential is rejected, cleared from the form, and not submitted (1.9s)
  ok 402 [firefox] › tests\fe019.spec.ts:138:1 › FE019.AC02 channel OAuth failure stays on the page and never marks a channel connected (1.4s)
  ok 403 [firefox] › tests\fe019.spec.ts:172:1 › FE019.AC03/04 device, Telegram, and PWA checks stay synthetic and do not request OS permission (3.6s)
  ok 404 [firefox] › tests\fe019.spec.ts:251:1 › FE019.AC05 notification policy validates canonical numeric bounds before sending and acknowledges only allowed work (2.0s)
  ok 405 [firefox] › tests\fe019.spec.ts:273:1 › FE019.A03 notification order link stays within the active shop scope (1.5s)
  ok 406 [firefox] › tests\fe019.spec.ts:282:1 › FE019.A05 reminder policy saves shop-local schedule and quiet hours through the synthetic API (1.5s)
  ok 407 [firefox] › tests\fe019.spec.ts:309:1 › FE027.A02/A07 preparation notification keeps order evidence and separates queued, opened, and acknowledged states (835ms)
  ok 408 [firefox] › tests\fe019.spec.ts:334:1 › FE027.A08 notification settings disclose server-only deduplication and callback safeguards (1.2s)
  ok 409 [firefox] › tests\fe020.spec.ts:41:1 › FE020.AC01 approval detail is fetched and a changed source resource rejects the stale decision (3.4s)
  ok 410 [firefox] › tests\fe020.spec.ts:87:1 › FE020.AC02/03 work-item actions follow allowedActions and operations health stays explicitly synthetic (2.8s)
  ok 411 [firefox] › tests\fe020.spec.ts:137:1 › FE020.AC03 role pause control uses the canonical versioned mock and never claims readiness (1.7s)
  ok 412 [firefox] › tests\fe020.spec.ts:154:1 › FE020.F03 operations exception filter groups overdue, blocked, and unclaimed synthetic work (1.4s)
  ok 413 [firefox] › tests\fe020.spec.ts:175:1 › FE020.F05 delegation rule preview stays local and grants no API approval capability (2.4s)
  ok 414 [firefox] › tests\fe020.spec.ts:192:1 › FE020.F06/H01 digest and dependency health panels show synthetic history without claiming workers are ready (964ms)
  ok 415 [firefox] › tests\fe020.spec.ts:225:1 › FE027.H08 restore and release readiness stay unknown without a verified rehearsal or deployment gate (1.2s)
  ok 416 [firefox] › tests\fe021.spec.ts:29:1 › FE021 dashboard keeps independent panels usable and hides finance fields without finance.read (1.0s)
  ok 417 [firefox] › tests\fe021.spec.ts:41:1 › FE021 marketing chart and table match the same synthetic API fixture and preserve missing actual spend (1.9s)
  ok 418 [firefox] › tests\fe021.spec.ts:64:1 › FE021 export uses inclusive shop-local boundaries, safe CSV, API jobs and cursor pagination (3.3s)
  ok 419 [firefox] › tests\fe021.spec.ts:119:1 › FE021 mock rejects an export when reports.export lacks the source permission (1.1s)
  ok 420 [firefox] › tests\fe021.spec.ts:139:1 › FE021 mock rejects an invalid report timezone before creating an export job (1.4s)
  ok 421 [firefox] › tests\fe021.spec.ts:159:1 › FE021 ambiguous export result preserves the selected dates and never exposes a download (2.6s)
  ok 422 [firefox] › tests\fe021.spec.ts:172:1 › FE021 empty report and marketing payloads render explicit empty states (2.4s)
  ok 423 [firefox] › tests\fe021.spec.ts:191:1 › FE021 stale export conflict preserves dates and never exposes a download (3.2s)
  ok 424 [firefox] › tests\frontend-corrections.spec.ts:18:1 › F01 preserves a customer draft, compares three snapshots, and PATCHes only chosen changes (1.6s)
  ok 425 [firefox] › tests\frontend-corrections.spec.ts:46:1 › F01 requires an explicit choice for a field changed by both editors (1.8s)
  ok 426 [firefox] › tests\frontend-corrections.spec.ts:62:1 › F06 detects an order draft and blocks navigation until explicit discard (1.5s)
  ok 427 [firefox] › tests\frontend-corrections.spec.ts:75:1 › F02 retains an unsaved product image through an unrelated refetch (1.2s)
  ok 428 [firefox] › tests\frontend-corrections.spec.ts:87:1 › F03 retains notification-policy inputs through a background resync and navigation (1.1s)
  ok 429 [firefox] › tests\frontend-corrections.spec.ts:98:1 › F05 keeps text typed while a previous internal note is pending (2.3s)
  ok 430 [firefox] › tests\frontend-corrections.spec.ts:113:1 › F08 validates 4001 customer-note characters at the field and accepts 4000 (1.7s)
  ok 431 [firefox] › tests\frontend-corrections.spec.ts:147:1 › F07 routes the fulfillment footer close through the shared discard guard (1.3s)
  ok 432 [firefox] › tests\frontend-corrections.spec.ts:161:1 › F09 refreshes new Inbox messages without refetching the visible product and stock snapshots (1.6s)
  ok 433 [firefox] › tests\frontend-corrections.spec.ts:191:1 › F01 shop settings merges a server-only locale change and preserves edits typed during save (3.1s)
  ok 434 [firefox] › tests\frontend-corrections.spec.ts:217:1 › F03 privacy policy preserves refetch drafts and compares before applying the newest version (1.3s)
  ok 435 [firefox] › tests\frontend-corrections.spec.ts:234:1 › F01 category keeps a late edit after saving, and reopens with a clean current baseline (3.0s)
  ok 436 [firefox] › tests\frontend-corrections.spec.ts:255:1 › F01 supplier preserves a concurrent server-only term and PATCHes the local name (1.3s)
  ok 437 [firefox] › tests\frontend-corrections.spec.ts:272:1 › F08 customer update enforces 4000/4001 before HTTP and retains a 422 draft (1.5s)
  ok 438 [firefox] › tests\frontend-corrections.spec.ts:300:1 › F05 keeps mode changes and unknown sends, locks another send, and observes recovery-registry completion (2.4s)
  ok 439 [firefox] › tests\frontend-corrections.spec.ts:326:1 › F01 order editor keeps its original version and compares whole line lists before PATCH (1.8s)
  ok 440 [firefox] › tests\frontend-corrections.spec.ts:345:1 › F06 guards added order rows, shop switch, logout and native reload; successful creation leaves no false guard (13.6s)
  ok 441 [firefox] › tests\frontend-corrections.spec.ts:370:1 › F01 analogous return-inspection draft does not adopt a refetched version without comparison (2.2s)
  ok 442 [firefox] › tests\frontend-corrections.spec.ts:394:1 › F01 comparison supports keyboard choices, server changes again, axe and 320px reflow with long content (2.1s)
  ok 443 [firefox] › tests\frontend-corrections.spec.ts:423:1 › F08 privacy bounds reject invalid days and long jurisdiction before HTTP (2.0s)
  ok 444 [firefox] › tests\frontend-corrections.spec.ts:448:1 › F06 order custom close respects the draft guard and busy editors remain protected (3.0s)
  ok 445 [firefox] › tests\frontend.spec.ts:39:1 › catalog create uses the HTTP mock and successful save clears the draft guard (1.9s)
  ok 446 [firefox] › tests\frontend.spec.ts:56:1 › dirty drafts block in-app navigation and preserve input until the user decides (2.1s)
  ok 447 [firefox] › tests\frontend.spec.ts:74:1 › all canonical routes render inside the real React demo application (38.6s)
  ok 448 [firefox] › tests\frontend.spec.ts:99:1 › switching shops cancels a delayed request and loads only the new shop scope (5.6s)
  ok 449 [firefox] › tests\frontend.spec.ts:117:1 › role changes remove restricted navigation and the route guard explains denied access (959ms)
  ok 450 [firefox] › tests\frontend.spec.ts:130:1 › deep links survive browser refresh and logout clears the mock session (2.8s)
  ok 451 [firefox] › tests\frontend.spec.ts:143:1 › logout asks before discarding a draft and retains the session when logout fails (2.1s)
  ok 452 [firefox] › tests\frontend.spec.ts:200:1 › mobile navigation opens, routes, and closes without viewport overflow (1.2s)
  ok 453 [firefox] › tests\frontend.spec.ts:214:1 › chunk loading errors use the route recovery boundary (1.5s)
  ok 454 [firefox] › tests\frontend.spec.ts:253:1 › live mode reports an unavailable session API without enabling mock data (367ms)
ROUTE_ROLE_MATRIX_CASES=357 ROLES=7 PRIVATE_ROUTES=51 RESULT=PASS
  ok 455 [firefox] › tests\route-role-matrix.spec.ts:42:1 › route read access matches canonical permissions for every demo role (15.1s)
  ok 456 [firefox] › tests\security.spec.ts:35:1 › untrusted product text renders as text without activating markup (1.7s)
  ok 457 [firefox] › tests\security.spec.ts:53:1 › catalog import rejects a non-CSV file before an upload request (1.2s)
  ok 458 [firefox] › tests\security.spec.ts:71:1 › catalog import rejects files above the demo size limit before upload (1.3s)
  ok 459 [firefox] › tests\security.spec.ts:89:1 › mock uploads require a purpose, enforce its role, and fingerprint file content for retries (1.7s)
VITE_CACHE_ISOLATION=PASS rootA=C:\Users\Joker-PC\AppData\Local\Temp\botsales-vite-cache\ea27c7577456f6009d55\test-demo\playwright-64164-75eeae5b-8e7a-4257-b303-2d823753e329-parallel-a rootB=C:\Users\Joker-PC\AppData\Local\Temp\botsales-vite-cache\ea27c7577456f6009d55\test-demo\playwright-64164-75eeae5b-8e7a-4257-b303-2d823753e329-parallel-b otherCheckout=true
  ok 460 [firefox] › tests\session\demo-server-cache-isolation.spec.ts:7:1 › concurrent demo servers use isolated Vite caches and load the React app (1.4s)
  ok 461 [firefox] › tests\session\demo-worker-startup.spec.ts:17:1 › demo startup explains the required setup when the browser blocks Service Workers (1.0s)
  ok 462 [firefox] › tests\session\session-revocation.spec.ts:20:1 › session.revoked SSE closes the stream and clears the active shop session (1.0s)
  ok 463 [firefox] › tests\session\session-unauthorized.spec.ts:17:1 › expired live session redirects to login and preserves the requested shop route (668ms)
  ok 464 [firefox] › tests\states\fe023.spec.ts:17:1 › FE023.S04 a dirty dialog keeps the form value until the user confirms discard (1.7s)
  ok 465 [firefox] › tests\states\fe023.spec.ts:35:1 › FE023.S03 a customer lookup loads the next cursor page without dropping earlier choices (2.0s)
  ok 466 [firefox] › tests\states\fe023.spec.ts:76:1 › FE023.S04 delayed requests show loading and failed refresh keeps a retry path (7.2s)
  ok 467 [firefox] › tests\states\fe023.spec.ts:103:1 › FE023 unsaved shop settings are preserved when navigation switches shop scope (2.2s)
  ok 468 [firefox] › tests\states\fe023.spec.ts:121:1 › FE023 a saved shop form resets its dirty baseline and reports success (1.7s)
ROUTE_EMPTY_COMPOSITION_PROGRESS=3/11
ROUTE_EMPTY_COMPOSITION_PROGRESS=6/11
ROUTE_EMPTY_COMPOSITION_PROGRESS=9/11
ROUTE_EMPTY_COMPOSITION=11/11 RESULT=PASS
  ok 469 [firefox] › tests\states\route-empty-composition.spec.ts:27:1 › empty collection responses render accessible empty states on canonical list routes (2.9s)
ROUTE_ERROR_COMPOSITION_PROGRESS=10/51
ROUTE_ERROR_COMPOSITION_PROGRESS=20/51
ROUTE_ERROR_COMPOSITION_PROGRESS=30/51
ROUTE_ERROR_COMPOSITION_PROGRESS=40/51
ROUTE_ERROR_COMPOSITION_PROGRESS=50/51
ROUTE_ERROR_COMPOSITION=51/51 RESULT=PASS
  ok 470 [firefox] › tests\states\route-error-composition.spec.ts:26:1 › every shop route composes the shared API error state with its page content (2.4m)
  ok 471 [firefox] › tests\ui-bot-layout.spec.ts:42:1 › Bot routes R26/R27/R28/R51 fit the supported page-width boundaries (23.3s)
  ok 472 [firefox] › tests\ui-bot-layout.spec.ts:52:1 › Bot config, evaluation, role and budget dialogs stay inside mobile and desktop viewports (14.5s)
  ok 473 [firefox] › tests\ui-catalog-layout.spec.ts:15:1 › catalog R09-R14 keeps shared gutters, inset ownership and dry-run flow at mobile and desktop (13.1s)
  ok 474 [firefox] › tests\ui-catalog-layout.spec.ts:67:1 › Imports review notice and demo controls keep the measured shared 24px clearance at 806x884 (1.3s)
  ok 475 [firefox] › tests\ui-component-layout.spec.ts:39:1 › A01 order lines keep intrinsic remove actions with clean and invalid quantities (4.4s)
  ok 476 [firefox] › tests\ui-component-layout.spec.ts:60:1 › A02 product editors align category and status faces independently from lookup metadata (9.4s)
  ok 477 [firefox] › tests\ui-component-layout.spec.ts:83:1 › A03 import mapping preserves natural remove actions and editable mappings (3.6s)
  ok 478 [firefox] › tests\ui-component-layout.spec.ts:103:1 › A04 full precision money wraps outside tables and remains unbroken in the named scroll region (4.5s)
  ok 479 [firefox] › tests\ui-component-layout.spec.ts:129:1 › A05 status height follows its own label while long labels remain fully readable (4.3s)
  ok 480 [firefox] › tests\ui-component-layout.spec.ts:148:1 › A06 Empty wraps unbroken reference text and retains its keyboard action (4.3s)
  ok 481 [firefox] › tests\ui-component-layout.spec.ts:161:1 › A07 locked order addresses expose full text and edit lines retain intrinsic actions (9.4s)
  ok 482 [firefox] › tests\ui-composition-layout.spec.ts:13:1 › SPC-061/062 shared compositions own their gap and child boundaries on every canonical route (1.9m)
  ok 483 [firefox] › tests\ui-composition-positive-ancestry.spec.ts:62:1 › S15 Dashboard conditional content keeps an independently bordered surface inside its Panel owner (2.7s)
  ok 484 [firefox] › tests\ui-composition-positive-ancestry.spec.ts:103:1 › S15 catalog QueryState fragment keeps DataTable and Pager as peer children of one Panel (2.6s)
  ok 485 [firefox] › tests\ui-composition-positive-ancestry.spec.ts:137:1 › S15 Knowledge action group wraps children without losing its shared action owner (3.5s)
  ok 486 [firefox] › tests\ui-customers-layout.spec.ts:30:1 › Customers R07/R08/R54 layouts fit the shell at every responsive boundary (15.3s)
  ok 487 [firefox] › tests\ui-customers-layout.spec.ts:59:1 › Customer create and service-case dialogs stay in the viewport without submitting (5.4s)
  ok 488 [firefox] › tests\ui-dashboard-layout.spec.ts:15:1 › dashboard hierarchy, CTA targets, and page width hold across supported breakpoints (1.9s)
  ok 489 [firefox] › tests\ui-finance-layout.spec.ts:30:1 › Finance R20/R21/R22/R48/R49/R50 route layouts retain shell gutter without horizontal overflow from 320–1440px (29.3s)
  ok 490 [firefox] › tests\ui-finance-layout.spec.ts:62:1 › titled Finance Panels keep one 16px header-to-first-content boundary (9.4s)
  ok 491 [firefox] › tests\ui-finance-layout.spec.ts:124:1 › Finance report, entry, journal, reconciliation and period dialogs remain in the viewport without submitting (13.0s)
  ok 492 [firefox] › tests\ui-fulfillment-layout.spec.ts:30:1 › Fulfillment R41/R42 preserve shell gutter and contain responsive route layouts from 320-1440px (11.6s)
  ok 493 [firefox] › tests\ui-fulfillment-layout.spec.ts:59:1 › Fulfillment prep, shipment-create, detail and event dialogs fit mobile and desktop without submitting (6.0s)
  ok 494 [firefox] › tests\ui-integrations-layout.spec.ts:40:1 › Integrations routes R29/R30 fit the supported page-width boundaries (11.9s)
  ok 495 [firefox] › tests\ui-integrations-layout.spec.ts:50:1 › R29 disconnect and R30 create/edit credential dialogs stay inside mobile and desktop viewports (8.6s)
  ok 496 [firefox] › tests\ui-inventory-layout.spec.ts:15:1 › Inventory R15/R16 preserve shared gutter and contain table overflow at 320-1440px (10.6s)
  ok 497 [firefox] › tests\ui-inventory-layout.spec.ts:51:1 › Inventory filters reset cursor and preserve other URL state; adjustment validation sends no command (5.4s)
  ok 498 [firefox] › tests\ui-knowledge-layout.spec.ts:56:1 › Knowledge routes R23/R24/R25 fit every supported layout boundary (18.4s)
  ok 499 [firefox] › tests\ui-knowledge-layout.spec.ts:76:1 › Knowledge create, edit, and feedback-review dialogs remain inside mobile and desktop viewports (11.7s)
  ok 500 [firefox] › tests\ui-notifications-layout.spec.ts:40:1 › R39/R40 Notifications routes fit the supported page-width boundaries (11.3s)
  ok 501 [firefox] › tests\ui-notifications-layout.spec.ts:50:1 › R40 revoke-device confirmation stays inside mobile and desktop viewports (4.5s)
  ok 502 [firefox] › tests\ui-operations-layout.spec.ts:41:1 › R37/R38/R52 Operations routes fit the supported page-width boundaries (16.7s)
  ok 503 [firefox] › tests\ui-operations-layout.spec.ts:51:1 › R52 role-control confirmation stays inside mobile and desktop viewports (4.1s)
  ok 504 [firefox] › tests\ui-orders-layout.spec.ts:15:1 › Orders R17/R18/R19/R43 preserve responsive page geometry at 320-1440px (20.2s)
  ok 505 [firefox] › tests\ui-orders-layout.spec.ts:46:1 › Orders draft, versioned quote, synthetic address and return dialogs keep their behavior without writes (10.7s)
  ok 506 [firefox] › tests\ui-panel-layout.spec.ts:15:1 › the titled Fulfillment Panel owns its body inset and keeps one 16px header boundary (2.9s)
  ok 507 [firefox] › tests\ui-procurement-layout.spec.ts:36:1 › Procurement R44-R47 preserve shared page gutter and contain responsive tables at 320-1440px (20.8s)
  ok 508 [firefox] › tests\ui-procurement-layout.spec.ts:67:1 › Procurement supplier, offer, rule, purchase and receipt dialogs fit narrow and desktop viewports without writes (13.4s)
  ok 509 [firefox] › tests\ui-query-state-layout.spec.ts:68:5 › S12 R09 QueryState section profile preserves pending and ready layout (9.1s)
  ok 510 [firefox] › tests\ui-query-state-layout.spec.ts:68:5 › S12 R11 QueryState inline profile preserves pending and ready layout (9.0s)
  ok 511 [firefox] › tests\ui-shell-layout.spec.ts:44:1 › Shell keeps header, banner, main and footer on one responsive gutter (1.6s)
  ok 512 [firefox] › tests\ui-shell-layout.spec.ts:105:1 › demo controls stay discoverable on mobile and usable on desktop (711ms)
  ok 513 [firefox] › tests\ui-shell-layout.spec.ts:123:1 › SPC-055/057 floated demo-control labels keep a clear gap on every Shell route consumer (17.9s)
  ok 514 [firefox] › tests\ui-shell-layout.spec.ts:147:1 › unmatched route fallback owns its page gutter without horizontal overflow (453ms)
  ok 515 [firefox] › tests\ui-toolbar-layout.spec.ts:32:1 › Toolbar geometry: multiline category lookup cannot stretch the search button (2.1s)
  ok 516 [firefox] › tests\ui-toolbar-layout.spec.ts:49:1 › Toolbar affected routes keep intrinsic actions, capability branches and 320px reflow (43.2s)
  ok 517 [firefox] › tests\ui-toolbar-layout.spec.ts:74:1 › Toolbar public extra slot cannot stretch a single-line submit action (1.4s)
  ok 518 [firefox] › tests\ui-toolbar-layout.spec.ts:91:1 › Toolbar preserves Products URL filters, search submit, clear and independent category lookup (3.6s)
  ok 519 [firefox] › tests\ui-toolbar-layout.spec.ts:127:1 › Toolbar keeps Inventory apply/reset separate from search submission (2.4s)
  ok 520 [firefox] › tests\ui-toolbar-layout.spec.ts:143:1 › Toolbar category more/busy/error/retry branches preserve search geometry and actual pagination (3.8s)
  ok 521 [firefox] › tests\ui-workspace-layout.spec.ts:60:1 › workspace routes stay within the supported page-width boundaries (42.6s)
  ok 522 [firefox] › tests\ui-workspace-layout.spec.ts:72:1 › team invite and privacy request dialogs remain usable without submitting (7.7s)
  ok 523 [firefox] › tests\ui006-lookups.spec.ts:68:1 › UI006.C05 lookup and table cursors reach records after 150 synthetic suppliers, offers, and orders (20.4s)
  ok 524 [firefox] › tests\ui006-lookups.spec.ts:214:1 › UI006.C04 bounded previews disclose their sample and link to full collections (3.6s)
  ok 525 [firefox] › tests\ui006-lookups.spec.ts:231:1 › UI006.C02 selected order identity survives a failed search and cursor retry (2.0s)
  ok 526 [firefox] › tests\ui007-query-states.spec.ts:30:1 › UI007 secondary order query loads independently while the customer profile remains available (2.3s)
  ok 527 [firefox] › tests\ui007-query-states.spec.ts:60:1 › UI007 order query 503 is isolated from the primary customer query and retries only that query (3.1s)
  ok 528 [firefox] › tests\ui007-query-states.spec.ts:94:1 › UI007 forbidden order query is an access state and a successful empty query is distinct (1.8s)
  ok 529 [firefox] › tests\ui007-query-states.spec.ts:114:1 › UI007 supplier and offer failures keep purchase suggestions visible and have operation-specific recovery (3.0s)
  ok 530 [firefox] › tests\ui007-query-states.spec.ts:150:1 › UI007 auto-send budget query is lazy, permission-aware, and blocks an unverified budget (2.0s)
  ok 531 [firefox] › tests\ui008-integration-empty.spec.ts:54:1 › UI008 R29 successful empty collection exposes an accessible state and one permission-guarded connect CTA (1.4s)
  ok 532 [firefox] › tests\ui008-integration-empty.spec.ts:72:1 › UI008 R29 read-only bot_admin sees the empty state without a manage action (1.4s)
  ok 533 [firefox] › tests\ui008-integration-empty.spec.ts:87:1 › UI008 R29 pending channel query stays loading until its response arrives (1.7s)
  ok 534 [firefox] › tests\ui008-integration-empty.spec.ts:105:1 › UI008 R29 forbidden channel query is not presented as empty or retryable (779ms)
  ok 535 [firefox] › tests\ui008-integration-empty.spec.ts:119:1 › UI008 R29 503 remains an error and recovers through its retry control (2.3s)
  ok 536 [firefox] › tests\ui008-integration-empty.spec.ts:140:1 › UI008 R30 successful empty AI connection cards show a first-use state and one add CTA (803ms)
  ok 537 [firefox] › tests\ui008-integration-empty.spec.ts:158:1 › UI008 R30 read-only bot_admin sees the empty state without an add action (1.4s)
  ok 538 [firefox] › tests\ui009-scope-regression.spec.ts:23:1 › UI009 delayed customer orders from the previous shop cannot leak into the new shop profile (7.2s)
  ok 539 [firefox] › tests\ui010-dialog-draft.spec.ts:15:1 › UI010 a discarded confirmation reason is cleared before the dialog opens again (2.4s)
  ok 540 [firefox] › tests\ui011-date-time.spec.ts:16:1 › UI011 report defaults use the active shop calendar month at a UTC month boundary (1.3s)
  ok 541 [firefox] › tests\ui011-date-time.spec.ts:29:1 › UI011 journal effective date defaults to the active shop calendar date (2.0s)
  ok 542 [firefox] › tests\ui011-date-time.spec.ts:41:1 › UI011 shipment event input and API instant use the shop timezone, not browser timezone (1.7s)
  ok 543 [firefox] › tests\ui012-keyboard.spec.ts:42:1 › UI012 keyboard-only finance edit handles select, discard warning and focus return (2.5s)
  ok 544 [firefox] › tests\ui012-keyboard.spec.ts:103:1 › UI012 keyboard validation focuses the field named by a synthetic 422 response (2.7s)
  ok 545 [firefox] › tests\ui012-keyboard.spec.ts:160:1 › UI012 keyboard activates the CSV chooser and discards its selected file without upload (1.9s)
  ok 546 [firefox] › tests\ui012-keyboard.spec.ts:200:1 › UI012 keyboard can reach and horizontally scroll the marketing chart data alternative (1.4s)
  ok 547 [firefox] › tests\ui012-keyboard.spec.ts:227:1 › UI012 marketing chart keeps every category label visible beside its data table (2.5s)
  ok 548 [firefox] › tests\ui012-keyboard.spec.ts:268:1 › UI012 inbox feedback actions identify their message and return focus after Escape (2.5s)
  ok 549 [firefox] › tests\ui012-keyboard.spec.ts:301:1 › UI012 order draft does not announce an untouched required customer as invalid (1.3s)
  ok 550 [firefox] › tests\ui012-keyboard.spec.ts:314:1 › UI012 long BotConfig policy literal wraps inside its alert at a 320 CSS-pixel viewport (1.3s)
  ok 551 [firefox] › tests\ui012-keyboard.spec.ts:348:1 › UI012 dashboard CTA separates hover and pressed feedback while keeping keyboard focus visible (4.2s)
  ok 552 [firefox] › tests\ui013-url-state.spec.ts:19:1 › UI013 reconciliation tab deep links and survives refresh; malformed tab safely falls back (4.2s)
  ok 553 [firefox] › tests\ui013-url-state.spec.ts:39:1 › UI013 finance date range deep link, edit, refresh and Back use shop-local filter state (3.1s)
  ok 554 [firefox] › tests\ui013-url-state.spec.ts:70:1 › UI013 report type and export date filters are deep-linkable, refreshable and malformed values fall back safely (3.5s)
  ok 555 [firefox] › tests\ui021-permission-edge.spec.ts:4:1 › privacy page keeps the customers link when the destination permission is present (1.9s)
  ok 556 [firefox] › tests\ui021-permission-edge.spec.ts:19:1 › privacy page hides the customers link when the destination permission is missing (2.1s)
  ok 557 [firefox] › tests\ui028-w24-inbox-layout.spec.ts:15:1 › UI028.W24 Inbox spacing roles remain consistent across breakpoints without losing draft state (7.2s)
  ok 558 [firefox] › tests\ui028-w25-reports-layout.spec.ts:15:1 › UI028.W25 Reports semantic spacing stays stable at mobile, tablet and desktop widths (13.4s)
  ok 559 [firefox] › tests\ui028-w25-reports-layout.spec.ts:113:1 › UI028.W25 authorized report download link retains its 44px hit target (1.7s)
[w28-route-geometry] {"browser":"firefox","width":390,"routes":54,"issues":0,"pageErrors":0,"evidence":"evidence\\frontend-ui-improvements\\UI028\\W28\\route-geometry-firefox-390-current-components-1791461051112-24880.json"}
  ok 560 [firefox] › tests\ui028-w28-routes.spec.ts:47:5 › UI028.W28 54 canonical routes render with measured 390px layout geometry (56.4s)
[w28-route-geometry] {"browser":"firefox","width":1440,"routes":54,"issues":0,"pageErrors":0,"evidence":"evidence\\frontend-ui-improvements\\UI028\\W28\\route-geometry-firefox-1440-current-components-1791461051112-24880.json"}
  ok 561 [firefox] › tests\ui028-w28-routes.spec.ts:47:5 › UI028.W28 54 canonical routes render with measured 1440px layout geometry (39.0s)
[w29-responsive-profile] {"browser":"firefox","width":320,"profiles":7,"issues":0,"pageErrors":0,"evidence":"evidence\\frontend-ui-improvements\\UI028\\W29\\responsive-profile-firefox-320-current-components-1791461051112-24880.json"}
  ok 562 [firefox] › tests\ui028-w29-reflow.spec.ts:30:5 › UI028.W29 320px reflow retains representative actions and contains overflow (8.0s)
[w29-responsive-profile] {"browser":"firefox","width":390,"profiles":7,"issues":0,"pageErrors":0,"evidence":"evidence\\frontend-ui-improvements\\UI028\\W29\\responsive-profile-firefox-390-current-components-1791461051112-24880.json"}
  ok 563 [firefox] › tests\ui028-w29-reflow.spec.ts:30:5 › UI028.W29 390px reflow retains representative actions and contains overflow (8.0s)
[w29-responsive-profile] {"browser":"firefox","width":767,"profiles":7,"issues":0,"pageErrors":0,"evidence":"evidence\\frontend-ui-improvements\\UI028\\W29\\responsive-profile-firefox-767-current-components-1791461051112-24880.json"}
  ok 564 [firefox] › tests\ui028-w29-reflow.spec.ts:30:5 › UI028.W29 767px reflow retains representative actions and contains overflow (8.1s)
[w29-responsive-profile] {"browser":"firefox","width":768,"profiles":7,"issues":0,"pageErrors":0,"evidence":"evidence\\frontend-ui-improvements\\UI028\\W29\\responsive-profile-firefox-768-current-components-1791461051112-24880.json"}
  ok 565 [firefox] › tests\ui028-w29-reflow.spec.ts:30:5 › UI028.W29 768px reflow retains representative actions and contains overflow (8.1s)
[w29-responsive-profile] {"browser":"firefox","width":1024,"profiles":7,"issues":0,"pageErrors":0,"evidence":"evidence\\frontend-ui-improvements\\UI028\\W29\\responsive-profile-firefox-1024-current-components-1791461051112-24880.json"}
  ok 566 [firefox] › tests\ui028-w29-reflow.spec.ts:30:5 › UI028.W29 1024px reflow retains representative actions and contains overflow (8.1s)
[w29-responsive-profile] {"browser":"firefox","width":1279,"profiles":7,"issues":0,"pageErrors":0,"evidence":"evidence\\frontend-ui-improvements\\UI028\\W29\\responsive-profile-firefox-1279-current-components-1791461051112-24880.json"}
  ok 567 [firefox] › tests\ui028-w29-reflow.spec.ts:30:5 › UI028.W29 1279px reflow retains representative actions and contains overflow (8.2s)
[w29-responsive-profile] {"browser":"firefox","width":1280,"profiles":7,"issues":0,"pageErrors":0,"evidence":"evidence\\frontend-ui-improvements\\UI028\\W29\\responsive-profile-firefox-1280-current-components-1791461051112-24880.json"}
  ok 568 [firefox] › tests\ui028-w29-reflow.spec.ts:30:5 › UI028.W29 1280px reflow retains representative actions and contains overflow (6.4s)
[w29-responsive-profile] {"browser":"firefox","width":1440,"profiles":7,"issues":0,"pageErrors":0,"evidence":"evidence\\frontend-ui-improvements\\UI028\\W29\\responsive-profile-firefox-1440-current-components-1791461051112-24880.json"}
  ok 569 [firefox] › tests\ui028-w29-reflow.spec.ts:30:5 › UI028.W29 1440px reflow retains representative actions and contains overflow (6.3s)
[w29-responsive-profile] {"browser":"firefox","width":1920,"profiles":7,"issues":0,"pageErrors":0,"evidence":"evidence\\frontend-ui-improvements\\UI028\\W29\\responsive-profile-firefox-1920-current-components-1791461051112-24880.json"}
  ok 570 [firefox] › tests\ui028-w29-reflow.spec.ts:30:5 › UI028.W29 1920px reflow retains representative actions and contains overflow (6.3s)
[w30-stress] {"browser":"firefox","scenario":"form-error-short","viewport":{"width":320,"height":480},"scaledTextElements":54,"issues":0,"pageErrors":0,"evidence":"evidence\\frontend-ui-improvements\\UI028\\W30\\stress-firefox-form-error-short-current-components-1791461051112-24880.json"}
  ok 571 [firefox] › tests\ui028-w30-stress.spec.ts:75:5 › UI028.W30 form-error-short: 200% text and spacing stress at 320x480 (2.1s)
[w30-stress] {"browser":"firefox","scenario":"mobile-menu-long-label","viewport":{"width":390,"height":560},"scaledTextElements":141,"issues":0,"pageErrors":0,"evidence":"evidence\\frontend-ui-improvements\\UI028\\W30\\stress-firefox-mobile-menu-long-label-current-components-1791461051112-24880.json"}
  ok 572 [firefox] › tests\ui028-w30-stress.spec.ts:75:5 › UI028.W30 mobile-menu-long-label: 200% text and spacing stress at 390x560 (1.8s)
[w30-stress] {"browser":"firefox","scenario":"report-long-id","viewport":{"width":640,"height":450},"scaledTextElements":61,"issues":0,"pageErrors":0,"evidence":"evidence\\frontend-ui-improvements\\UI028\\W30\\stress-firefox-report-long-id-current-components-1791461051112-24880.json"}
  ok 573 [firefox] › tests\ui028-w30-stress.spec.ts:75:5 › UI028.W30 report-long-id: 200% text and spacing stress at 640x450 (1.3s)
[w30-stress] {"browser":"firefox","scenario":"inbox-long-composer","viewport":{"width":390,"height":560},"scaledTextElements":70,"issues":0,"pageErrors":0,"evidence":"evidence\\frontend-ui-improvements\\UI028\\W30\\stress-firefox-inbox-long-composer-current-components-1791461051112-24880.json"}
  ok 574 [firefox] › tests\ui028-w30-stress.spec.ts:75:5 › UI028.W30 inbox-long-composer: 200% text and spacing stress at 390x560 (1.4s)
[w30-stress] {"browser":"firefox","scenario":"dialog-long-reason","viewport":{"width":320,"height":480},"scaledTextElements":79,"issues":0,"pageErrors":0,"evidence":"evidence\\frontend-ui-improvements\\UI028\\W30\\stress-firefox-dialog-long-reason-current-components-1791461051112-24880.json"}
  ok 575 [firefox] › tests\ui028-w30-stress.spec.ts:75:5 › UI028.W30 dialog-long-reason: 200% text and spacing stress at 320x480 (1.4s)
  ok 576 [firefox] › tests\vertical-slices\fe022-flows.spec.ts:36:1 › FE022.VS01 catalog → stock → order → prep keeps product, reservation, and order references linked (3.2s)
  ok 577 [firefox] › tests\vertical-slices\fe022-flows.spec.ts:90:1 › FE022.VS02 procurement → approval → receipt → stock and payable preserves the purchase identity (6.4s)
  ok 578 [firefox] › tests\vertical-slices\fe022-flows.spec.ts:166:1 › FE022.VS03 finance → reconciliation retains bank transaction and partial debt allocation (2.2s)
  ok 579 [firefox] › tests\vertical-slices\fe022-flows.spec.ts:202:1 › FE022.VS04 inbox → knowledge draft → bot evaluation preserves feedback and revision source IDs (3.2s)
  ok 580 [firefox] › tests\vertical-slices\fe022-flows.spec.ts:244:1 › FE022.S05 route and feature matrix covers canonical IDs with executed cases or explicit frontend gaps (242ms)

  580 passed (56.7m)
