
> botsales-frontend@0.1.0 test:e2e
> node scripts/run-e2e.mjs


> npm run setup

> botsales-frontend@0.1.0 setup
> node scripts/setup.mjs

{"status":"PASS","outputs":11,"schemas":283,"operations":210,"routes":54}
Copying the worker script at "C:\Users\Joker-PC\Documents\Projects\Bot-AI-Ban-hang-FB\BotSalesAI_Frontend\apps\web\public"...

Worker script successfully copied!
  - public

Continue by describing the network in your application:


https://mswjs.io/docs/quick-start

Thiết lập xong. npm run dev chạy frontend mô phỏng; không kết nối khách hàng hoặc provider thật.

> npm run build

> botsales-frontend@0.1.0 build
> npm run generate:check && npm run typecheck && npm run build --workspace @botsales/web


> botsales-frontend@0.1.0 generate:check
> node scripts/generate.mjs --check

{"status":"PASS","outputs":11,"schemas":283,"operations":210,"routes":54}

> botsales-frontend@0.1.0 typecheck
> tsc -p apps/web/tsconfig.json --noEmit


> @botsales/web@0.1.0 build
> vite build --mode production

vite v7.3.6 building client environment for production...
transforming...
✓ 2061 modules transformed.
rendering chunks...
computing gzip size...
dist/index.html                              1.19 kB │ gzip:   0.60 kB
dist/assets/index-BQPx7lJM.css               3.56 kB │ gzip:   1.33 kB
dist/assets/download-8lJFmiSZ.js             0.23 kB │ gzip:   0.17 kB
dist/assets/filters-CVitQAxr.js              0.32 kB │ gzip:   0.25 kB
dist/assets/hooks-D2UkZy5S.js                4.58 kB │ gzip:   2.15 kB
dist/assets/draft-conflict-CBND0NF2.js       5.35 kB │ gzip:   2.48 kB
dist/assets/index-ju9s2idd.js                7.85 kB │ gzip:   3.13 kB
dist/assets/index-BBxBYGQm.js                8.30 kB │ gzip:   3.53 kB
dist/assets/index-DuYxNA0R.js                9.79 kB │ gzip:   3.68 kB
dist/assets/index-C8LUTKLs.js               13.78 kB │ gzip:   5.63 kB
dist/assets/index-D4HmueoE.js               14.52 kB │ gzip:   5.36 kB
dist/assets/index-Cljp79w8.js               14.57 kB │ gzip:   4.92 kB
dist/assets/index-BD_5ylfC.js               15.21 kB │ gzip:   5.85 kB
dist/assets/index-C3jZsbz4.js               16.16 kB │ gzip:   5.51 kB
dist/assets/index-BfUeo5oT.js               16.39 kB │ gzip:   5.41 kB
dist/assets/index-CxaETbF8.js               17.80 kB │ gzip:   6.26 kB
dist/assets/index-BAxlsRfb.js               18.33 kB │ gzip:   6.16 kB
dist/assets/index-C8JeilZg.js               23.65 kB │ gzip:   8.11 kB
dist/assets/index-DhRyX18w.js               23.69 kB │ gzip:   8.49 kB
dist/assets/index-CQjBRXA7.js               28.41 kB │ gzip:   9.35 kB
dist/assets/index-Cw2iUyw_.js               31.55 kB │ gzip:   9.82 kB
dist/assets/query-5vm9EU1C.js               33.15 kB │ gzip:   9.92 kB
dist/assets/index-BadZaoxL.js               37.93 kB │ gzip:  10.46 kB
dist/assets/i18n-xB0mQYCC.js                46.14 kB │ gzip:  15.12 kB
dist/assets/schemas-Ct4RWo9M.js             80.75 kB │ gzip:  24.39 kB
dist/assets/index-qAW6ABR6.js               88.73 kB │ gzip:  28.17 kB
dist/assets/schema-validation-Bhr7oAQE.js  149.80 kB │ gzip:  45.12 kB
dist/assets/react-runtime-D0NtfbPC.js      279.78 kB │ gzip:  90.28 kB
dist/assets/contract-data-BIzYYkc1.js      303.99 kB │ gzip:  36.17 kB
dist/assets/charts-CQ4oecFO.js             313.03 kB │ gzip:  94.99 kB
dist/assets/mui-Bz_aCSm2.js                328.33 kB │ gzip: 100.02 kB
✓ built in 3.16s

> npm run build:demo

> botsales-frontend@0.1.0 build:demo
> npm run generate:check && npm run typecheck && npm run build:demo --workspace @botsales/web


> botsales-frontend@0.1.0 generate:check
> node scripts/generate.mjs --check

{"status":"PASS","outputs":11,"schemas":283,"operations":210,"routes":54}

> botsales-frontend@0.1.0 typecheck
> tsc -p apps/web/tsconfig.json --noEmit


> @botsales/web@0.1.0 build:demo
> vite build --mode demo --outDir dist-demo

vite v7.3.6 building client environment for demo...
transforming...
✓ 2277 modules transformed.
rendering chunks...
computing gzip size...
dist-demo/index.html                              1.19 kB │ gzip:   0.59 kB
dist-demo/assets/index-BQPx7lJM.css               3.56 kB │ gzip:   1.33 kB
dist-demo/assets/download-CWiaXb8A.js             0.24 kB │ gzip:   0.17 kB
dist-demo/assets/filters-Bi-qlnQp.js              0.32 kB │ gzip:   0.24 kB
dist-demo/assets/control-6gq2NE8L.js              0.72 kB │ gzip:   0.43 kB
dist-demo/assets/hooks-CCwSwm40.js                4.58 kB │ gzip:   2.15 kB
dist-demo/assets/draft-conflict-BElv9ju1.js       5.35 kB │ gzip:   2.47 kB
dist-demo/assets/index-BKFlFzSn.js                8.30 kB │ gzip:   3.53 kB
dist-demo/assets/index-BG5OzWTT.js                8.39 kB │ gzip:   3.33 kB
dist-demo/assets/index-BR4bE951.js                9.79 kB │ gzip:   3.68 kB
dist-demo/assets/index-DuqcPAwt.js               13.97 kB │ gzip:   5.68 kB
dist-demo/assets/index-LZ99AMrc.js               14.57 kB │ gzip:   4.92 kB
dist-demo/assets/index-DkxRe21H.js               14.90 kB │ gzip:   5.66 kB
dist-demo/assets/index-DxiJ08xa.js               16.55 kB │ gzip:   5.45 kB
dist-demo/assets/index-Dg78_grO.js               17.80 kB │ gzip:   6.26 kB
dist-demo/assets/index-dkhRzq3M.js               18.33 kB │ gzip:   6.16 kB
dist-demo/assets/index-DPPPL6Qj.js               18.36 kB │ gzip:   6.28 kB
dist-demo/assets/index-klIXLLzk.js               22.53 kB │ gzip:   7.81 kB
dist-demo/assets/index-ha6lTM42.js               23.92 kB │ gzip:   8.56 kB
dist-demo/assets/index-DN91B3k5.js               24.06 kB │ gzip:   8.27 kB
dist-demo/assets/index-BRPyg10P.js               28.88 kB │ gzip:   9.49 kB
dist-demo/assets/query-5vm9EU1C.js               33.15 kB │ gzip:   9.92 kB
dist-demo/assets/index-DXYOsEAl.js               33.80 kB │ gzip:  10.54 kB
dist-demo/assets/index-BFZuYM0n.js               37.93 kB │ gzip:  10.45 kB
dist-demo/assets/i18n-xB0mQYCC.js                46.14 kB │ gzip:  15.12 kB
dist-demo/assets/schemas-Ct4RWo9M.js             80.75 kB │ gzip:  24.39 kB
dist-demo/assets/index-CigY6F18.js               92.57 kB │ gzip:  29.31 kB
dist-demo/assets/schema-validation-Bhr7oAQE.js  149.80 kB │ gzip:  45.12 kB
dist-demo/assets/service-BepI4YXI.js            159.35 kB │ gzip:  34.71 kB
dist-demo/assets/browser-CpOESL-K.js            255.64 kB │ gzip:  87.01 kB
dist-demo/assets/react-runtime-D0NtfbPC.js      279.78 kB │ gzip:  90.28 kB
dist-demo/assets/contract-data-D-QqiNa-.js      309.77 kB │ gzip:  37.31 kB
dist-demo/assets/charts-RcpaDpmM.js             313.03 kB │ gzip:  94.99 kB
dist-demo/assets/mui-azn9KfGV.js                328.33 kB │ gzip: 100.02 kB
✓ built in 3.75s

> node node_modules\@playwright\test\cli.js test
[WebServer] (node:51972) Warning: The 'NO_COLOR' env is ignored due to the 'FORCE_COLOR' env being set.
[WebServer] (Use `node --trace-warnings ...` to show where the warning was created)
✔ canonical contracts validate and generate the API base path from OpenAPI (62.8709ms)
✔ rejects drift in OpenAPI YAML and operation index projections (98.0691ms)
✔ generated operation registry preserves required and optional query parameter metadata (25.2153ms)
✔ rejects unresolved schema references before generation (48.6003ms)
✔ rejects missing API version and a server URL outside same-origin path form (43.3989ms)
✔ rejects route-to-operation drift without rewriting the canonical manifest (41.6174ms)
✔ detects a stale generated file and accepts it after regeneration (4.3635ms)
{
  "taskId": "FE011",
  "scope": "FRONTEND_WITH_SYNTHETIC_MOCK_API",
  "routes": [
    {
      "id": "R15",
      "path": "/s/:shopId/inventory",
      "permission": "inventory.read",
      "reads": [
        "listStockSnapshots",
        "getShop"
      ],
      "action": {
        "label": "Điều chỉnh tồn",
        "operationId": "createInventoryAdjustment",
        "permission": "inventory.adjust"
      }
    },
    {
      "id": "R16",
      "path": "/s/:shopId/inventory/movements",
      "permission": "inventory.read",
      "reads": [
        "listStockMovements"
      ]
    }
  ],
  "operations": [
    "listStockSnapshots",
    "listStockMovements",
    "createInventoryAdjustment",
    "getShop"
  ],
  "permissionBoundary": "Route reads require inventory.read; adjustment uses inventory.adjust; cost requires finance.read; product and order links are permission-gated.",
  "commandSemantics": "202 CommandResponse; expectedVersion and unitCost are contract-required body properties; the shared client waits for terminal state and handles unknown outcomes.",
  "checks": 17
}
✔ FE011 routes, permissions, operations and DTOs map to canonical contracts and current source (26.5134ms)
{
  "taskId": "FE012",
  "scope": "FRONTEND_WITH_SYNTHETIC_MOCK_API",
  "routes": [
    "R17",
    "R18",
    "R19",
    "R43"
  ],
  "operations": [
    "listOrders",
    "getOrder",
    "getShop",
    "listCustomers",
    "listProducts",
    "listConversations",
    "createOrder",
    "updateOrderDraft",
    "quoteOrder",
    "recordCustomerConfirmation",
    "confirmOrder",
    "cancelOrder",
    "listReturnCases",
    "getReturnCase",
    "createReturnCase",
    "inspectReturn",
    "getCommand",
    "handoverShipment",
    "payOrder",
    "refundOrder"
  ],
  "contractEvidence": "OrderDraft carries required IDs and 1..100 lines, integer quantity 1..1000000 and notes up to 2000; confirmation requires quote hash/version and customer message evidence; return inspection is line-scoped.",
  "permissionBoundary": "Customer/product pickers are enabled only with read capability; write actions follow orders.write, orders.confirm, orders.return and inventory.adjust.",
  "limitations": "No address CRUD endpoint is introduced; shippingAddressId remains an external verified ID and mock confirmation is only a demo simulation.",
  "checks": 35
}
✔ FE012 routes, operations, permissions and DTO limits map to canonical contracts and orders source (45.5261ms)
{"taskId":"FE016","scope":"FRONTEND_WITH_SYNTHETIC_MOCK_API","routes":["R05","R06"],"operations":["listConversations","getConversation","listMessages","sendMessage","takeoverConversation","releaseConversation","resolveConversation","assignConversation","listFeedback","createFeedback","reviewFeedback","listCommands","getCommand","getInboxMetadata"],"knownGap":"Canonical Message has no media or attachment field/operation; UI must not invent a provider endpoint.","checks":3}
{
  "taskId": "FE013",
  "scope": "FRONTEND_WITH_SYNTHETIC_MOCK_API",
  "routes": [
    "R41",
    "R42"
  ],
  "operations": [
    "listPrepJobs",
    "getPrepJob",
    "getWorkItem",
    "claimWorkItem",
    "pickPrepLine",
    "packPrepJob",
    "listShipments",
    "getShipment",
    "createShipment",
    "handoverShipment",
    "recordShipmentEvent"
  ],
  "permissionBoundary": "fulfillment.read gates route data, operations.claim gates WorkItem claim, fulfillment.write gates picks/pack/events/shipment creation, and fulfillment.handover gates stock-consuming handover.",
  "stateBoundary": "Claim/pick/pack/handover/delivery/payment remain separate states; return eligibility continues to come from the order API.",
  "checks": 54
}
✔ FE013 routes, permissions, DTOs and state transitions map to canonical contracts and fulfillment source (50.8561ms)
{"taskId":"FE017","scope":"FRONTEND_WITH_SYNTHETIC_MOCK_API","routes":["R23","R24","R25"],"operations":15,"unresolvedContractField":"Knowledge.allowedActions","checks":4}
{"taskId":"FE018","scope":"FRONTEND_WITH_SYNTHETIC_MOCK_API","routes":["R26","R27","R28","R51"],"operations":18,"checks":2,"knownRouteMappingGap":"R51 omits updateBudgetPolicy; UI uses canonical operation permission operations.manage"}
{
  "taskId": "FE014",
  "scope": "FRONTEND_WITH_SYNTHETIC_MOCK_API",
  "routes": [
    "R44",
    "R45",
    "R46",
    "R47"
  ],
  "operations": 13,
  "checks": 95
}
✔ FE014 procurement routes, permissions, DTOs and current source follow canonical contracts (60.346ms)
FE015 source map: 131 contract/source assertions passed
✔ FE015 finance routes, capabilities, operations and DTOs follow canonical contracts (65.2917ms)
✔ FE016 maps R05/R06 reads and mutations to canonical permissions and current inbox source (0.3457ms)
✔ FE016 contract bounds list filters, safe message refs and versioned send payloads (0.2367ms)
✔ FE016 uses shell-owned resync and command recovery, and mock takeover enforces current version (0.2196ms)
✔ FE017 R23-R25 operations and action permissions match canonical routes (0.4091ms)
✔ FE017 uses the user-approved permission and lifecycle UI substitute without inventing a Knowledge DTO field (0.1094ms)
✔ FE017 price and availability source preview uses separately permissioned canonical APIs (0.0619ms)
✔ FE017 mock keeps published revisions immutable and feedback approval creates a draft revision (0.0492ms)
✔ FE018 R26/R27/R28/R51 actions use canonical routes, operation IDs, and permissions (0.3066ms)
✔ FE018 capability, tool permissions, human confirmation, and evaluation labels stay within declared schemas (0.1126ms)
✔ FE020 source stays mapped to canonical operations, permissions, and safe missing-schedule boundary (0.6542ms)
✔ FE020 mock enforces work-item capabilities and keeps integration readiness unknown (0.083ms)
✔ accepts semantic bridge roles, the closed token-derived factor map, geometry, and reset values (1034.9186ms)
✔ rejects a CSS spacing role without a declared shared owner (991.3822ms)
✔ rejects scale-conforming and off-scale literals in sx, responsive leaves, named and namespace MUI System props (986.7546ms)
✔ follows local aliases and style callbacks; rejects theme spacing helpers and preset overrides (992.5065ms)
✔ scans nested slotProps but does not confuse event handlers or geometric dimensions with spacing (962.5615ms)
✔ keeps Panel geometry inspectable and rejects spacing hidden in its geometry prop (2856.3025ms)
✔ accepts only an exact CSS exception and reports stale or mismatched exception scope (2795.4544ms)
✔ rejects malformed TypeScript, malformed CSS, bad exception schema, and raw values in the bridge (3904.2402ms)
✔ rejects canonical pixel tokens used as MUI factors and an altered bridge factor table (1877.08ms)
✔ report mode inventories migration debt without turning findings into PASS (961.7575ms)
[WebServer] [BABEL] Note: The code generator has deoptimised the styling of C:\Users\Joker-PC\AppData\Local\Temp\botsales-vite-cache\ea27c7577456f6009d55\playwright-webserver\playwright-31712-ce832363-fa46-4476-bee4-3a75a96e81b9\deps\react-dom_client.js?v=1cf40589 as it exceeds the max of 500KB.
✔ module path classification accepts Windows and POSIX spellings, but excludes app files (5.863ms)
✔ the source-checker CLI rejects a prohibited color literal in a module (172.2005ms)
✔ the source-checker CLI accepts a token-based module and leaves app-level colors outside the rule (168.6508ms)
✔ uses the installed project compiler and the pinned version in this checkout (107.0074ms)
✔ accepts a local compiler whose manifest, module and executable match the project (48.0066ms)
✔ fails closed for missing local compiler without selecting a global fallback (17.0921ms)
✔ fails closed for different installed package version without selecting a global fallback (16.0484ms)
✔ fails closed for module version differs from its manifest without selecting a global fallback (15.153ms)
✔ fails closed for ancestor compiler silently resolved outside this project without selecting a global fallback (13.4845ms)
✔ fails closed for missing compiler executable without selecting a global fallback (15.5983ms)
✔ fails closed for unpinned project compiler requirement without selecting a global fallback (14.2455ms)
✔ production composition gate detects const MUI alias and namespace layout role (540.5842ms)
✔ production composition gate closes aliased barrel API props (389.3336ms)
✔ production composition gate does not mistake shadowed local component for shared API (382.7335ms)
✔ production composition gate keeps valid canonical barrel consumer (358.9788ms)
✔ production visual gate rejects pretrusted-name spoof and parameter shadow (344.9184ms)
✔ production visual gate rejects a fake canonical module suffix (334.8385ms)
✔ production visual gate inspects renamed genuine styled factory (327.8436ms)
✔ production visual gate preserves canonical barrel aliases and finite palette selection (371.0945ms)
✔ production visual gate rejects raw values hidden in a finite palette (312.2168ms)
✔ production visual gate does not follow a global alias through parameter shadow (308.061ms)
✔ production composition geometry cannot resolve a shadowed global variable (294.2849ms)
✔ finite semantic prop types do not grant trust to a different same-named parameter (304.9061ms)
✔ opaque namespace composition selection cannot bypass closed props (320.1582ms)
✔ opaque namespace style factory remains a visual binding failure (321.6989ms)
✔ canonical renamed import and constant alias preserve owner and path (287.8866ms)
✔ namespace and literal element access resolve canonical exports (288.8148ms)
✔ barrel re-export resolves original component identity (278.5826ms)
✔ parameter shadow does not inherit canonical import trust (278.6814ms)
✔ fake trusted names and a module named visual are not canonical (292.8986ms)
✔ mutable aliases, opaque keys and cyclic locals are not proven canonical (348.3301ms)
✔ destructured constant and safe type syntax preserve provenance (306.3518ms)
✔ installed MUI renamed styled resolves while local styled does not (312.5113ms)
✔ JavaScript workers remain in the Program import closure (308.7264ms)
✔ malformed element access is unproven rather than crashing the resolver (304.509ms)
✔ a tsconfig alias cannot label another dependency as genuine MUI (308.6987ms)
✔ MUI re-export through a first-party barrel keeps library identity (305.7966ms)
✔ constant property-key aliases preserve canonical element access (302.1132ms)
✔ public layout mapping cannot be written through a direct consumer reference (458.6665ms)
✔ public layout nested aliases remain readonly (421.839ms)
✔ public visual mapping already rejects consumer writes (130.7702ms)
✔ canonical readonly style maps remain readable by consumers (399.2696ms)
✔ canonical token space cannot be overwritten through an alias (137.0548ms)
✔ public color export cannot be overwritten (130.4182ms)
✔ readonly token and color reads retain their public types (139.7251ms)
✔ P10/P15 catch alias and neutral-wrapper duplicate insets through fragments and conditionals (310.4061ms)
✔ P20 resolves shared composition identities through a barrel and const component aliases (394.3898ms)
✔ P11/P13 catch static element access roles on every MUI surface, including Paper (397.3777ms)
✔ P12 checks React createElement and JSX-runtime element factories (313.6641ms)
✔ P14 resolves bodyMode literal aliases and fails closed when ownership is unknown (873.4994ms)
✔ checks Panel ancestry when React elements are created natively (311.419ms)
✔ keeps independent nested surfaces and portaled dialogs as separate owners (596.1199ms)
✔ accepts finite bodyMode branches and every mode in the public component contracts (1105.5689ms)
✔ stops inherited gap ownership at Panels and independent bordered surfaces (628.3546ms)
✔ tracks gaps through fragments, conditions and ready QueryState, but not inside DOM wrappers (313.2566ms)
✔ applies the same finite modes and wrapper boundaries to native React factories (583.1303ms)
✔ recognizes native outlined Paper and nested Box surface inset boundaries (604.1056ms)
✔ fails closed when an unresolved custom wrapper obscures a semantic gap owner (321.3156ms)
✔ rejects unsupported placement and rhythm values while accepting finite aliases and branches (682.9756ms)
✔ rejects unsupported finite values through React element factories (596.768ms)
✔ accepts semantic composition, closed geometry and business-specific MUI primitives (8.7833ms)
✔ rejects rebuilding each shared spacing owner at a consumer (7.9906ms)
✔ follows aliases, local style variables, object spreads and namespace imports (7.5876ms)
✔ rejects direct and spread spacing overrides on semantic components (7.9193ms)
✔ rejects spacing or opaque spreads hidden in geometry (7.4919ms)
✔ allows the canonical owner implementation and fails closed on malformed source (6.9665ms)
✔ rejects duplicated parent boundary and duplicated Panel inset (7.5355ms)
✔ checks default MUI imports and fails closed for opaque geometry (8.4987ms)
✔ distinguishes content grids from flex flows when reporting the shared owner (7.4958ms)
✔ rejects page spacing for paired fields and peer Panels without a section gap owner (9.0545ms)
✔ related sibling gaps belong to ActionGroup comfortable density, not consumer Stack styles (8.2642ms)
✔ check-layout rejects missing-html at the UI entry boundary (611.9113ms)
✔ check-layout rejects missing-style at the UI entry boundary (640.3105ms)
✔ check-layout rejects inline-style at the UI entry boundary (644.2466ms)
✔ check-layout rejects alias-mismatch at the UI entry boundary (625.1365ms)
✔ check-visual-tokens rejects missing-html at the UI entry boundary (596.8114ms)
✔ check-visual-tokens rejects missing-style at the UI entry boundary (639.6861ms)
✔ check-visual-tokens rejects inline-style at the UI entry boundary (624.2331ms)
✔ check-visual-tokens rejects alias-mismatch at the UI entry boundary (644.5936ms)
✔ check-ui-composition rejects missing-html at the UI entry boundary (626.5815ms)
✔ check-ui-composition rejects missing-style at the UI entry boundary (633.4099ms)
✔ check-ui-composition rejects inline-style at the UI entry boundary (639.9971ms)
✔ check-ui-composition rejects alias-mismatch at the UI entry boundary (624.7242ms)
✔ DOM entry inspection never executes an inline script and detects decoded attributes (21.5104ms)
✔ manifest icons are resolved and malformed manifest data fails closed (18.5152ms)
✔ data and remote module sources cannot stand in for a scanned script entry (16.9173ms)
✔ an unused alias map cannot prove the exported Vite configuration (14.5834ms)
✔ a Vite HTML generator cannot inject an unscanned stylesheet through a hook (13.9451ms)
✔ accepts current fingerprints, honest open coverage, and explained N/A (12.6573ms)
✔ rejects a stale source fingerprint (11.0881ms)
✔ rejects a stale command log (12.0887ms)
✔ rejects missing, absolute, and escaping source paths (11.7246ms)
✔ rejects unrun, missing, duplicate, and nonzero command results marked PASS (10.9824ms)
✔ rejects PASS when expected and observed results differ (11.4646ms)
✔ rejects inconsistent coverage and N/A without a reason (11.0836ms)
✔ rejects a baseline falsely dated after implementation started and detects changed baseline artifacts (14.0824ms)
✔ COMPLETE cannot contain open coverage or failed commands (11.5085ms)
✔ S19 must explicitly reconcile files, APIs, routes, rendered routes, slots, and states (14.8807ms)
✔ rejects malformed top-level evidence instead of treating missing fields as success (10.3214ms)
✔ check-layout fails closed for relative missing import (616.0715ms)
✔ check-layout fails closed for aliased missing import (637.9212ms)
✔ check-layout fails closed for missing CSS import (631.7134ms)
✔ check-layout fails closed for opaque dynamic import (627.823ms)
✔ check-visual-tokens fails closed for relative missing import (606.3312ms)
✔ check-visual-tokens fails closed for aliased missing import (613.7628ms)
✔ check-visual-tokens fails closed for missing CSS import (612.4553ms)
✔ check-visual-tokens fails closed for opaque dynamic import (611.894ms)
✔ check-ui-composition fails closed for relative missing import (617.6393ms)
✔ check-ui-composition fails closed for aliased missing import (620.4728ms)
✔ check-ui-composition fails closed for missing CSS import (629.405ms)
✔ check-ui-composition fails closed for opaque dynamic import (603.2056ms)
✔ scope follows a canonical package alias and classifies data assets separately (19.2602ms)
✔ scope follows CSS imports and rejects a missing nested stylesheet (19.5114ms)
✔ missing and malformed tsconfig cannot silently supply default resolution (11.9509ms)
✔ scope rejects discovered script sources omitted by the compiler config (16.7227ms)
✔ config includes are discovered even when a package source has no app import yet (18.9089ms)
✔ a first-party import cannot silently claim source outside the project (18.2847ms)
✔ malformed CSS and unhandled stylesheet languages cannot be classified as harmless data (19.8187ms)
✔ CSS asset URLs resolve with queries and fragments and reject missing files (28.0133ms)
✔ native service worker scripts enter the source closure and missing URLs fail (71.5366ms)
✔ Vite BASE_URL sample downloads enter asset coverage and missing samples fail (28.121ms)
✔ a declared MSW worker has a vendor owner and rejects modifications (42.9212ms)
✔ CommonJS and TypeScript import-equals cannot hide missing first-party modules (29.2113ms)
✔ canonical writes through casts and aliases fail outside style expressions (1013.4292ms)
✔ Object.assign cannot mutate canonical data but can copy to a fresh object (1990.0649ms)
✔ layout gate rejects raw spacing on const alias of MUI component (977.7502ms)
✔ canonical mutation gate follows global mutator aliases and reflection (988.7973ms)
✔ local mutator names do not acquire global mutation identity (980.9235ms)
✔ destructured mutators and call/apply retain canonical mutation checks (998.3891ms)
✔ global mutator call/apply can copy canonical values into fresh objects (1002.3009ms)
✔ mutable aliases with possible canonical destinations fail closed (1035.8099ms)
✔ opaque apply arguments fail closed while unrelated mutable data stays valid (2012.571ms)
✔ canonical references inside containers and destructured aliases cannot be mutated (1017.0734ms)
✔ independent shallow copies of scalar canonical fields remain mutable (1043.8189ms)
✔ array references and nested destructuring preserve canonical write provenance (1087.4566ms)
✔ array destinations distinguish independent elements from canonical references (1131.6312ms)
✔ array destructuring, dynamic indices and spread cannot hide canonical references (1014.8347ms)
✔ dynamic indices and destructuring of independent arrays stay mutable (991.1482ms)
✔ function parameters cannot hide canonical mutation across source files (996.9259ms)
✔ read-only helpers and mutations of unrelated arguments remain valid (989.8587ms)
✔ returned canonical references remain protected across helper boundaries (992.5013ms)
✔ helper returns of fresh scalar copies do not retain canonical destination identity (1003.4471ms)
✔ destructured object parameters cannot mutate canonical arguments (998.3457ms)
✔ destructured object parameters retain independent argument mutability (998.0073ms)
✔ default parameter and binding initializers cannot hide canonical mutations (1048.8095ms)
✔ fresh default parameter and binding copies remain mutable (962.2397ms)
✔ rest parameters retain canonical argument write provenance (969.3505ms)
✔ rest parameters distinguish independent positions from canonical siblings (959.0926ms)
✔ finite spread arguments preserve shifted positional and rest destinations (969.5992ms)
✔ finite spread expansion keeps independent argument positions mutable (982.7796ms)
✔ opaque spreads keep positional mutation destinations unknown (1064.3369ms)
✔ opaque spreads into read-only helpers do not invent mutation findings (1139.1029ms)
✔ array parameter patterns retain canonical positions including nested object arrays (984.5866ms)
✔ array parameter patterns retain independent bound element mutability (962.2463ms)
✔ layout gate rejects parameter shadow of canonical layout name (979.3977ms)
✔ layout gate follows genuine renamed styled factory (959.507ms)
✔ layout gate accepts canonical namespace, element access and barrel alias (1043.1389ms)
✔ layout gate does not mistake local component named Stack for MUI (952.2638ms)
✔ layout gate inspects renamed installed Emotion css tag (965.6804ms)
✔ layout gate preserves genuine aliased Controller field forwarding (968.5863ms)
✔ a same-named local Controller cannot exempt an unknown prop spread (958.4019ms)
✔ genuine useForm registration survives property and destructured aliases (974.8753ms)
✔ a function named register cannot exempt injected style props (966.6448ms)
✔ a bridge callback parameter cannot impersonate its private factor binding (951.3749ms)
✔ opaque namespace component selection remains a strict binding failure (985.944ms)
✔ opaque namespace factory cannot hide style arguments (983.5155ms)
✔ MUI re-export cannot hide raw spacing behind a first-party barrel (957.3577ms)
✔ destructuring assignments cannot hide canonical write targets (978.3202ms)
✔ destructuring assignments can update independent copied destinations (951.1669ms)
✔ object rest retains nested canonical references while copying the outer object (962.0138ms)
✔ rest scalar copies and replacement of container references stay mutable (959.1488ms)
✔ shallow object spread preserves canonical child references and last-writer order (966.8258ms)
✔ shallow spread with a later independent override stays mutable (954.2016ms)
✔ exported mutable aliases retain assignments from their declaring file (964.6882ms)
✔ exported independent mutable data does not acquire canonical provenance (958.8326ms)
✔ literal computed keys retain canonical container and parameter provenance (949.1783ms)
✔ literal computed keys do not taint independent selected properties (953.2898ms)
✔ Object.assign shallow copies retain canonical nested reference provenance (963.6923ms)
✔ Object.assign later independent overrides and scalar copies stay mutable (947.1782ms)
✔ union and dynamic property selections retain possible canonical destinations (960.1508ms)
✔ finite union property selections exclude canonical siblings not in the key set (969.676ms)
✔ union selection over Object.assign output retains canonical child provenance (965.1845ms)
✔ union selection over independent Object.assign output remains mutable (1015.4799ms)
✔ Reflect.set call/apply checks the target argument rather than the assigned value (2876.7784ms)
✔ aliased React createElement checks MUI and native style objects (984.9279ms)
✔ GlobalStyles.styles is checked and local createElement names stay local (1893.8168ms)
✔ React JSX runtime factories cannot bypass MUI or native style checks (949.3571ms)
✔ React cloneElement checks the cloned MUI element and preserves native props (3833.1199ms)
✔ Emotion css props and object factories are inspected with native CSS semantics (2888.1434ms)
✔ Inline style elements in JSX, React factories, DOM and the HTML entry fail closed (7659.2007ms)
✔ DOM CSSOM spacing writes use semantic roles and reject opaque style strings (1949.1826ms)
✔ HTML parsing and runtime stylesheet mutation cannot bypass the imported CSS boundary (1951.3348ms)
✔ spacing shorthand values and responsive breakpoints preserve token and unit provenance (9634.7457ms)
✔ function return producers cannot hide canonical children behind spreads (960.0542ms)
✔ producer spreads keep later independent child overrides writable (937.4865ms)
✔ the shared catalog covers every public React component and supporting Column type (41.1002ms)
✔ every public React API has a direct rendered contract test (7.9879ms)
✔ catalog declaration lines and stated JSX counts match resolved source symbols (27.9482ms)
✔ every shared React export has a resolved production consumer or an explicit zero-use lifecycle decision (22.4459ms)
✔ required UI evidence and regression gates remain wired to root verify and the active parent workflow (8.5866ms)
✔ composition prop allowlists match the TypeScript owners exactly (6.5952ms)
✔ QueryState uses only the approved inline and section pending profiles (7.036ms)
✔ QueryState consumers reserve section loading for primary content and keep every other state inline by default (26.9644ms)
✔ body modes, placement roles and geometry keys match the TypeScript contracts (11.672ms)
✔ Panel geometry and DataTable columns remain closed public contracts (11.1238ms)
✔ shared component and composition props expose no arbitrary layout/style escape hatch (6.7125ms)
✔ layout role types, runtime values, consumers and ownership documentation stay closed (2253.9704ms)
✔ check-layout rejects missing source instead of returning an empty PASS (412.6612ms)
✔ check-layout rejects empty source instead of returning an empty PASS (408.6082ms)
✔ check-layout rejects generated-only source instead of returning an empty PASS (404.9082ms)
✔ check-layout rejects jsx-parse source instead of returning an empty PASS (440.4349ms)
✔ check-visual-tokens rejects missing source instead of returning an empty PASS (425.6119ms)
✔ check-visual-tokens rejects empty source instead of returning an empty PASS (424.9064ms)
✔ check-visual-tokens rejects generated-only source instead of returning an empty PASS (413.06ms)
✔ check-visual-tokens rejects jsx-parse source instead of returning an empty PASS (400.011ms)
✔ check-ui-composition rejects missing source instead of returning an empty PASS (402.2438ms)
✔ check-ui-composition rejects empty source instead of returning an empty PASS (390.7244ms)
✔ check-ui-composition rejects generated-only source instead of returning an empty PASS (398.2637ms)
✔ check-ui-composition rejects jsx-parse source instead of returning an empty PASS (412.2131ms)
✔ visual checker accepts canonical theme roles, token references, geometry and semantic responsive props (389.5462ms)
✔ visual checker rejects raw literals across sx, JSX system props and CSS declarations (285.247ms)
✔ visual checker follows local style aliases and callback themes, but fails raw nested values (264.93ms)
✔ visual checker reports unresolved spreads and malformed style sources as UNKNOWN or parse errors (280.6115ms)
✔ visual checker includes newly added TSX files under the source root (297.2816ms)

Running 554 tests using 1 worker

(node:27952) Warning: The 'NO_COLOR' env is ignored due to the 'FORCE_COLOR' env being set.
(Use `node --trace-warnings ...` to show where the warning was created)
  ok   1 [chromium] › tests\accessibility\routes.spec.ts:17:1 › all canonical routes pass whole-page WCAG 2.1 A/AA axe checks in the React demo (55.0s)
[artifact-preview] {"scope":"FRONTEND_WITH_SYNTHETIC_MOCK_API","artifact":"apps/web/dist-demo","browserMetrics":{"browser":"Mozilla/5.0 (Windows NT 10.0; Win64; x64) AppleWebKit/537.36 (KHTML, like Gecko) Chrome/153.0.8010.12 Safari/537.36","viewport":{"width":1280,"height":720},"route":"/s/shop-demo/overview","domContentLoadedMs":66,"loadEventMs":66,"scriptCount":11,"scriptTransferBytes":451495,"scriptAssets":[{"file":"index-CigY6F18.js","transferBytes":29608,"decodedBytes":92573,"durationMs":10},{"file":"react-runtime-D0NtfbPC.js","transferBytes":90580,"decodedBytes":279779,"durationMs":14},{"file":"query-5vm9EU1C.js","transferBytes":10220,"decodedBytes":33154,"durationMs":8},{"file":"contract-data-D-QqiNa-.js","transferBytes":37614,"decodedBytes":309769,"durationMs":12},{"file":"schema-validation-Bhr7oAQE.js","transferBytes":45419,"decodedBytes":149800,"durationMs":13},{"file":"mui-azn9KfGV.js","transferBytes":100319,"decodedBytes":328326,"durationMs":15},{"file":"i18n-xB0mQYCC.js","transferBytes":15416,"decodedBytes":46142,"durationMs":11},{"file":"browser-CpOESL-K.js","transferBytes":87313,"decodedBytes":255636,"durationMs":8},{"file":"service-BepI4YXI.js","transferBytes":35006,"decodedBytes":159351,"durationMs":5},{"file":"index-BR4bE951.js","transferBytes":0,"decodedBytes":9794,"durationMs":52},{"file":"hooks-CCwSwm40.js","transferBytes":0,"decodedBytes":4582,"durationMs":55}]},"bundles":{"javascriptFiles":32,"totalBytes":2371604,"totalGzipBytes":679692,"initialRouteGzipBytes":454618,"proposedBudgets":{"initialRouteGzipKiB":500,"largestChunkGzipKiB":200,"basis":"Local demo preview limits for the measured Chromium artifact; not a backend or platform SLO."},"largest":[{"file":"apps/web/dist-demo/assets/mui-azn9KfGV.js","bytes":328326,"gzipBytes":100019},{"file":"apps/web/dist-demo/assets/charts-RcpaDpmM.js","bytes":313031,"gzipBytes":94993},{"file":"apps/web/dist-demo/assets/contract-data-D-QqiNa-.js","bytes":309769,"gzipBytes":37314},{"file":"apps/web/dist-demo/assets/react-runtime-D0NtfbPC.js","bytes":279779,"gzipBytes":90280},{"file":"apps/web/dist-demo/assets/browser-CpOESL-K.js","bytes":255636,"gzipBytes":87013}]},"observedApi":{"path":"/api/v2/session","status":200,"servedBy":"MSW in the built demo artifact"},"dataSource":"synthetic-msw"}
  ok   2 [chromium] › tests\artifacts\demo-preview.spec.ts:39:1 › the built demo artifact serves the React UI and synthetic API through preview (767ms)
[large-dataset-api] {"url":"http://127.0.0.1:52468/api/v2/shops/shop-demo/customers?limit=20","count":20,"page":{"limit":20,"total":1004,"hasMore":true,"nextCursor":"perf-customer-0016"},"firstIds":["c1","c2","c3"]}
[large-dataset-preview] {"scope":"FRONTEND_WITH_SYNTHETIC_MOCK_API","artifact":"apps/web/dist-demo","datasetId":"FE025-LARGE-CUSTOMERS-1000-V1","generatedRows":1000,"firstPageIds":["c1","c2","c3","c4","perf-customer-0001","perf-customer-0002","perf-customer-0003","perf-customer-0004","perf-customer-0005","perf-customer-0006","perf-customer-0007","perf-customer-0008","perf-customer-0009","perf-customer-0010","perf-customer-0011","perf-customer-0012","perf-customer-0013","perf-customer-0014","perf-customer-0015","perf-customer-0016"],"api":{"status":200,"pageLimit":20,"total":1004,"hasMore":true,"nextCursor":"perf-customer-0016"},"domRowsIncludingHeader":21,"firstPageReadyMs":346,"browser":"Mozilla/5.0 (Windows NT 10.0; Win64; x64) AppleWebKit/537.36 (KHTML, like Gecko) Chrome/153.0.8010.12 Safari/537.36","viewport":{"width":1280,"height":720},"note":"Synthetic customer identities only; the React screen renders one API page and exposes the next cursor instead of mounting the full collection."}
  ok   3 [chromium] › tests\artifacts\demo-preview.spec.ts:103:1 › a thousand synthetic customers remain API-paginated in the built demo artifact (953ms)
  ok   4 [chromium] › tests\artifacts\demo-preview.spec.ts:141:1 › the production artifact contains neither the mock worker asset nor MSW fixtures/runtime (8ms)
  ok   5 [chromium] › tests\fe009.spec.ts:35:1 › workspace onboarding creates a shop with an active membership and returns to its scoped route (2.4s)
  ok   6 [chromium] › tests\fe009.spec.ts:57:1 › customer create validates fields, submits through mock HTTP, and preserves edits after a stale version (5.0s)
  ok   7 [chromium] › tests\fe009.spec.ts:125:1 › customer detail keeps redacted contact fields read-only and does not overwrite them on save (1.2s)
  ok   8 [chromium] › tests\fe009.spec.ts:142:1 › job detail follows an export created in the current synthetic shop and can refetch it (1.4s)
  ok   9 [chromium] › tests\fe009.spec.ts:177:1 › FE009.G01 shop setup checklist guides to supported pages and leaves missing contract fields unverified (1.1s)
  ok  10 [chromium] › tests\fe009.spec.ts:190:1 › FE009.G05 marketing consent preview is interactive but never claims server opt-out (1.2s)
  ok  11 [chromium] › tests\fe009.spec.ts:205:1 › FE009.H06 audit screen distinguishes available fields from missing contract detail (1.1s)
  ok  12 [chromium] › tests\fe009.spec.ts:214:1 › FE009.B06 after-sale cases only link orders loaded for the selected customer and customer profile shows their shipment (5.1s)
  ok  13 [chromium] › tests\fe009.spec.ts:246:1 › team invitation and membership revoke stay shop-scoped and protect the active owner (2.3s)
  ok  14 [chromium] › tests\fe009.spec.ts:282:1 › privacy delete requests remain pending approval with no frontend step-up shortcut (2.6s)
  ok  15 [chromium] › tests\fe010.spec.ts:38:1 › product editor validates positive prices, protects image-only drafts, and saves variant payload through mock HTTP (3.7s)
  ok  16 [chromium] › tests\fe010.spec.ts:108:1 › product update sends If-Match and keeps edits visible after a 412 conflict (2.0s)
  ok  17 [chromium] › tests\fe010.spec.ts:140:1 › warehouse role can read catalog products but cannot edit product fields or price cost data (765ms)
  ok  18 [chromium] › tests\fe010.spec.ts:149:1 › categories create, search, update with a version, and render cursor pagination (2.0s)
  ok  19 [chromium] › tests\fe010.spec.ts:178:1 › CSV preview reports row-level errors and commits only valid product rows (2.1s)
  ok  20 [chromium] › tests\fe010.spec.ts:250:1 › import validation token is rejected with 412 after catalog changes and the preview remains visible (2.1s)
  ok  21 [chromium] › tests\fe010.spec.ts:282:1 › CSV demo row limit is explained and rejects more than 1000 data rows before preview (1.2s)
  ok  22 [chromium] › tests\fe010.spec.ts:295:1 › demo upload rejects files over 5 MB before making an upload request (1.4s)
UI005 acceptance: {"categoryTotal":105,"createCategoryId":"cat-2","editCategoryId":"cat-0","categoryRequests":20}
  ok  23 [chromium] › tests\fe010.spec.ts:306:1 › product category lookup pages the full collection and preserves the selected category while editing (8.8s)
  ok  24 [chromium] › tests\fe011.spec.ts:35:1 › FE011.AC01 snapshot drives stock totals and the SKU opens its catalog result (1.3s)
  ok  25 [chromium] › tests\fe011.spec.ts:54:1 › FE011.AC02 adjustment validates, waits for mock confirmation, and reconciles movement history once (3.7s)
  ok  26 [chromium] › tests\fe011.spec.ts:92:1 › FE011.AC03 conflict and insufficient stock preserve the draft and never update optimistically (2.7s)
  ok  27 [chromium] › tests\fe011.spec.ts:120:1 › FE011.AC03 forbidden adjustment retains user input and shows no success state (1.7s)
  ok  28 [chromium] › tests\fe011.spec.ts:136:1 › FE011.AC03 unknown command blocks duplicate submission until shared recovery reconciles it (1.8s)
  ok  29 [chromium] › tests\fe011.spec.ts:154:1 › FE011.AC04 movement contract filters are URL-backed and history exposes actor and permission-gated source (1.2s)
  ok  30 [chromium] › tests\fe011.spec.ts:182:1 › FE011.AC05 inventory reflows at mobile widths, passes axe, and restores keyboard focus after adjustment dialog (1.7s)
  ok  31 [chromium] › tests\fe011.spec.ts:205:1 › FE011.AC03 unknown shop scope shows no stock from another shop (277ms)
  ok  32 [chromium] › tests\fe012.spec.ts:35:1 › FE012.AC01 searchable customer and product pickers submit contract-shaped draft and reject fractional quantity (3.8s)
  ok  33 [chromium] › tests\fe012.spec.ts:93:1 › FE012 demo address choice is labeled synthetic and completes the mock order flow (4.8s)
  ok  34 [chromium] › tests\fe012.spec.ts:122:1 › FE012.AC01 editing lines invalidates quote and customer consent; a new quote is required before confirmation (4.0s)
  ok  35 [chromium] › tests\fe012.spec.ts:182:1 › FE012.AC03 mock stale-version 412 preserves draft fields and does not show success (1.4s)
  ok  36 [chromium] › tests\fe012.spec.ts:199:1 › FE012.AC03 offline state blocks quote mutation while retaining the loaded draft (1.1s)
  ok  37 [chromium] › tests\fe012.spec.ts:211:1 › FE012.AC03 unknown confirm outcome blocks duplicate writes until shared command recovery is available (2.1s)
  ok  38 [chromium] › tests\fe012.spec.ts:257:1 › FE012.AC03 quote and customer confirmation expiration disable confirmation using API time (2.5s)
  ok  39 [chromium] › tests\fe012.spec.ts:277:1 › FE012.AC03 returns reject fractional/over-original quantities locally and preserve data on cumulative mock rejection (1.2s)
  ok  40 [chromium] › tests\fe012.spec.ts:301:1 › FE012.AC04 return inspection loads the current case and applies accepted partial quantity to mock stock and refund (2.4s)
  ok  41 [chromium] › tests\fe012.spec.ts:354:1 › FE012.AC03 handed-over order routes to returns and exposes no ordinary cancel action (1.1s)
  ok  42 [chromium] › tests\fe012.spec.ts:361:1 › FE012.AC05 order drafting remains usable without horizontal page overflow and passes focused axe checks (1.5s)
  ok  43 [chromium] › tests\fe013.spec.ts:40:1 › FE013.C04 shipping preview distinguishes missing address, unserviceable zone, and expired mock quote (2.9s)
  ok  44 [chromium] › tests\fe013.spec.ts:65:1 › FE013.AC01–AC04 stale claim conflict is visible; pick, pack, dispatch and delivery use current API versions once (7.1s)
  ok  45 [chromium] › tests\fe013.spec.ts:203:1 › FE013.AC03 unknown handover cannot be repeated before command reconciliation (3.5s)
  ok  46 [chromium] › tests\fe013.spec.ts:250:1 › FE013.AC01 role scope and FE013.AC05 responsive shipment/preparation views remain accessible (3.0s)
  ok  47 [chromium] › tests\fe014.spec.ts:25:1 › FE014.AC01 multi-line purchase validates MOQ/pack size and binds approval to the created intent (3.3s)
  ok  48 [chromium] › tests\fe014.spec.ts:77:1 › FE027.D02 supplier workspace edits the selected contact through its current version and displays MOQ offers (1.5s)
  ok  49 [chromium] › tests\fe014.spec.ts:95:1 › FE014.AC02 approval covers the exact purchase intent; unknown send is blocked from blind retry (4.1s)
  ok  50 [chromium] › tests\fe014.spec.ts:154:1 › FE014.S03 auto-send cannot be configured without an enabled procurement budget (2.3s)
  ok  51 [chromium] › tests\fe014.spec.ts:167:1 › FE014.S03 manager without procurement.receive cannot open receipt actions (2.4s)
  ok  52 [chromium] › tests\fe014.spec.ts:187:1 › FE014.AC03 partial receipt posts only accepted units to synthetic stock and payable once (3.5s)
  ok  53 [chromium] › tests\fe014.spec.ts:258:1 › FE014.D03/D04/D07 replenishment uses min-max rules, labels forecast limits, and blocks duplicate proposals (1.8s)
  ok  54 [chromium] › tests\fe015.spec.ts:50:1 › FE015.AC01 report filters use exact timezone boundaries and mock API aggregates (1.3s)
  ok  55 [chromium] › tests\fe015.spec.ts:96:1 › FE021.E08 report explanation is mock-only, cites the filtered P&L snapshot, and never writes finance data (1.1s)
  ok  56 [chromium] › tests\fe015.spec.ts:117:1 › UI003 report timestamps follow the active shop timezone (2.2s)
  ok  57 [chromium] › tests\fe015.spec.ts:174:1 › FE015.E02/E03 profit report renders canonical cost, gross-profit and operating-expense values (679ms)
  ok  58 [chromium] › tests\fe015.spec.ts:202:1 › FE015.AC02 journal rejects unbalanced decimal lines before POST and sends exact money strings (3.5s)
  ok  59 [chromium] › tests\fe015.spec.ts:237:1 › FE015.AC02 closed accounting period is visible and disables journal draft creation (1.6s)
  ok  60 [chromium] › tests\fe015.spec.ts:258:1 › FE015.AC03 CSV import keeps partial row failures visible and deduplicates external transactions (1.5s)
  ok  61 [chromium] › tests\fe015.spec.ts:281:1 › UI001 reconciliation cursors stay scoped and dialogs load choices beyond the visible table page (8.4s)
  ok  62 [chromium] › tests\fe015.spec.ts:408:1 › FE015.AC03 COD settlement matches net remittance plus documented fee (3.2s)
  ok  63 [chromium] › tests\fe015.spec.ts:442:1 › FE015.AC03 partial bank allocation leaves the remaining amount and debt visible (2.4s)
  ok  64 [chromium] › tests\fe015.spec.ts:467:1 › FE015.AC03 unknown journal posting is not resent from the same draft (4.3s)
  ok  65 [chromium] › tests\fe016.spec.ts:67:1 › UI015 mobile demo tools disclose by keyboard and inbox stays within narrow viewports (796ms)
  ok  66 [chromium] › tests\fe016.spec.ts:100:1 › FE016 conversation keeps its composer visible while long demo context scrolls independently (1.1s)
  ok  67 [chromium] › tests\fe016.spec.ts:133:1 › FE016.AC01 inbox filters call canonical query fields and remain bookmarked through conversation details (1.9s)
  ok  68 [chromium] › tests\fe016.spec.ts:161:1 › FE016.AC01 list cursor is isolated from message cursor and restored on back navigation (765ms)
  ok  69 [chromium] › tests\fe016.spec.ts:180:1 › UI002 inbox list and message cursors stay independent through paging, conversation switch and shop change (2.3s)
  ok  70 [chromium] › tests\fe016.spec.ts:269:1 › UI002 mobile keeps the list page while messages page and Back restores it (1.9s)
  ok  71 [chromium] › tests\fe016.spec.ts:313:1 › UI002 Inbox search resets only the list cursor while a message page is open (1.6s)
  ok  72 [chromium] › tests\fe016.spec.ts:370:1 › UI002 deep link, refresh and mobile Back preserve their own cursors (1.3s)
  ok  73 [chromium] › tests\fe016.spec.ts:424:1 › UI002 list and message panel errors remain isolated (5.0s)
  ok  74 [chromium] › tests\fe016.spec.ts:448:1 › UI002 send, invalidation and resync keep both cursors and send only once (1.8s)
  ok  75 [chromium] › tests\fe016.spec.ts:508:1 › FE016.AC01 takeover and reply use current versions and show API send state without claiming delivery (1.7s)
  ok  76 [chromium] › tests\fe016.spec.ts:535:1 › FE016.AC02 internal notes render HTML-like text inert and feedback creates only a review draft (1.5s)
  ok  77 [chromium] › tests\fe016.spec.ts:566:1 › FE016.AC03 unknown send keeps the reply draft, exposes command recovery and never blindly resends (1.3s)
  ok  78 [chromium] › tests\fe016.spec.ts:589:1 › FE016.AC04 role without customer/order permissions cannot open those cross-module references (798ms)
  ok  79 [chromium] › tests\fe016.spec.ts:600:1 › FE016.S03 stale takeover preserves reason and reports the version conflict (1.7s)
  ok  80 [chromium] › tests\fe016.spec.ts:616:1 › FE016.B05 cross-sell promotion preview shows sample rules without applying a discount (1.1s)
  ok  81 [chromium] › tests\fe016.spec.ts:630:1 › FE016.B08 image and voice preview is synthetic and stays local (1.1s)
  ok  82 [chromium] › tests\fe016.spec.ts:645:1 › FE027.B01 industry sales script preview asks for missing facts and stays a local draft (1.4s)
  ok  83 [chromium] › tests\fe016.spec.ts:661:1 › FE027.B02 inbox price and available stock preview uses current canonical mock reads (766ms)
  ok  84 [chromium] › tests\fe016.spec.ts:682:1 › FE027.B03 order capture links the active customer and conversation into the manual order form (1.3s)
  ok  85 [chromium] › tests\fe016.spec.ts:692:1 › FE027.B04 automatic order confirmation stays unavailable until policy and customer evidence exist (1.1s)
  ok  86 [chromium] › tests\fe017-validation.spec.ts:15:1 › FE017 synthetic 422 keeps the knowledge draft fields and shows field errors (1.3s)
  ok  87 [chromium] › tests\fe017.spec.ts:24:1 › FE017.AC01 demo publishing uses the approved permission and lifecycle substitute without an API allowedActions field (2.9s)
  ok  88 [chromium] › tests\fe017.spec.ts:115:1 › FE017.AC02 knowledge file upload sends canonical purpose and detail reads processing status (1.7s)
  ok  89 [chromium] › tests\fe017.spec.ts:154:1 › FE017 price and stock source preview uses canonical product and timestamped inventory APIs (702ms)
  ok  90 [chromium] › tests\fe017.spec.ts:187:1 › FE017.AC03 missing content, unsupported and oversized files keep creation unavailable (1.6s)
  ok  91 [chromium] › tests\fe017.spec.ts:209:1 › FE017.AC04 feedback approval creates inert draft content and its first revision only (2.3s)
  ok  92 [chromium] › tests\fe017.spec.ts:242:1 › FE017.AC05 manager sees knowledge read-only and synthetic API rejects purpose-specific upload and publish (718ms)
  ok  93 [chromium] › tests\fe017.spec.ts:263:1 › FE017.AC06 stale review preserves the reason and explains the conflict (1.2s)
  ok  94 [chromium] › tests\fe017.spec.ts:278:1 › FE027.G02 product content brief edits source, size, warranty, alternatives, and forbidden claims locally (1.1s)
  ok  95 [chromium] › tests\fe017.spec.ts:296:1 › FE027.G03 policy revisions keep the published snapshot immutable when a draft changes (782ms)
  ok  96 [chromium] › tests\fe018.spec.ts:128:1 › FE018.S01 maps routes and operations to the canonical OpenAPI permissions (444ms)
  ok  97 [chromium] › tests\fe018.spec.ts:145:1 › FE018.AC01/04 draft saves use the contract version and keep human order confirmation locked after a conflict (2.9s)
  ok  98 [chromium] › tests\fe018.spec.ts:176:1 › FE018.AC03 evaluation is synthetic, revision-bound, and cannot publish a stale draft (2.8s)
  ok  99 [chromium] › tests\fe018.spec.ts:200:1 › FE018.AC01/04 successful publish is tied to the tested revision and pause explains its boundary (2.7s)
  ok 100 [chromium] › tests\fe018.spec.ts:230:1 › FE018.AC03 playground sends no external message and preserves unknown cost and token values (1.7s)
  ok 101 [chromium] › tests\fe018.spec.ts:252:1 › FE018.S03 synthetic budget and tool denials retain the prompt and never show a generated answer (3.1s)
  ok 102 [chromium] › tests\fe018.spec.ts:278:1 › FE027.H03 budget and provider failover preview refuses silent provider switching on exhaustion (1.6s)
  ok 103 [chromium] › tests\fe018.spec.ts:292:1 › FE018.AC02 role kill switch is versioned, preserves API tools, and does not pause the whole bot (3.2s)
  ok 104 [chromium] › tests\fe018.spec.ts:333:1 › FE018.AC02 expired, wrong-scope, and matching approvals produce honest budget results (1.8s)
  ok 105 [chromium] › tests\fe018.spec.ts:361:1 › FE018.AC05 manager and bot-admin roles cannot use operations outside their canonical permissions (1.7s)
  ok 106 [chromium] › tests\fe018.spec.ts:393:1 › FE018.AC05 unknown role command stays unresolved and does not claim successful resumption (2.2s)
UI004_25_ACCEPTANCE={"total":25,"pageSizes":[20,5],"cursor":"evaluation-10016","oldestRecord":"evaluation-10001","oldestReachable":true,"detailPreservedCursor":true,"browserBackRestoredFirstPage":true,"searchResetCursor":true}
  ok 107 [chromium] › tests\fe018.spec.ts:409:1 › UI004 25 evaluations: cursor pages reach the last record and preserve detail, search, and browser Back state (2.9s)
UI004_105_ACCEPTANCE={"total":105,"pageSizes":[20,20,20,20,20,5],"pagesVisited":6,"cursorRequests":["evaluation-10256","evaluation-10196","evaluation-10136","evaluation-10076","evaluation-10016"],"uniqueRecords":105,"oldestRecord":"evaluation-10001","oldestReachable":true,"failedCursorRetainedForRetry":"evaluation-10196","errorShowsNoFabricatedRows":true,"retrySucceeded":true}
  ok 108 [chromium] › tests\fe018.spec.ts:455:1 › UI004 105 evaluations: cursor traversal reaches every record and retains the failing cursor for retry (7.6s)
  ok 109 [chromium] › tests\fe019.spec.ts:21:1 › FE019.S01 maps integrations and notification routes, actions, schemas, and mock boundaries (13ms)
  ok 110 [chromium] › tests\fe019.spec.ts:70:1 › FE019.AC01 AI secret is write-only, cleared after submit, and absent from stored/read data (2.2s)
  ok 111 [chromium] › tests\fe019.spec.ts:117:1 › FE019.AC01 invalid mock credential is rejected, cleared from the form, and not submitted (1.7s)
  ok 112 [chromium] › tests\fe019.spec.ts:138:1 › FE019.AC02 channel OAuth failure stays on the page and never marks a channel connected (1.2s)
  ok 113 [chromium] › tests\fe019.spec.ts:172:1 › FE019.AC03/04 device, Telegram, and PWA checks stay synthetic and do not request OS permission (2.7s)
  ok 114 [chromium] › tests\fe019.spec.ts:251:1 › FE019.AC05 notification policy validates canonical numeric bounds before sending and acknowledges only allowed work (2.2s)
  ok 115 [chromium] › tests\fe019.spec.ts:273:1 › FE019.A03 notification order link stays within the active shop scope (1.2s)
  ok 116 [chromium] › tests\fe019.spec.ts:282:1 › FE019.A05 reminder policy saves shop-local schedule and quiet hours through the synthetic API (1.3s)
  ok 117 [chromium] › tests\fe019.spec.ts:309:1 › FE027.A02/A07 preparation notification keeps order evidence and separates queued, opened, and acknowledged states (641ms)
  ok 118 [chromium] › tests\fe019.spec.ts:334:1 › FE027.A08 notification settings disclose server-only deduplication and callback safeguards (1.1s)
  ok 119 [chromium] › tests\fe020.spec.ts:41:1 › FE020.AC01 approval detail is fetched and a changed source resource rejects the stale decision (2.9s)
  ok 120 [chromium] › tests\fe020.spec.ts:87:1 › FE020.AC02/03 work-item actions follow allowedActions and operations health stays explicitly synthetic (2.4s)
  ok 121 [chromium] › tests\fe020.spec.ts:137:1 › FE020.AC03 role pause control uses the canonical versioned mock and never claims readiness (1.5s)
  ok 122 [chromium] › tests\fe020.spec.ts:154:1 › FE020.F03 operations exception filter groups overdue, blocked, and unclaimed synthetic work (1.2s)
  ok 123 [chromium] › tests\fe020.spec.ts:175:1 › FE020.F05 delegation rule preview stays local and grants no API approval capability (1.6s)
  ok 124 [chromium] › tests\fe020.spec.ts:192:1 › FE020.F06/H01 digest and dependency health panels show synthetic history without claiming workers are ready (692ms)
  ok 125 [chromium] › tests\fe020.spec.ts:225:1 › FE027.H08 restore and release readiness stay unknown without a verified rehearsal or deployment gate (1.1s)
  ok 126 [chromium] › tests\fe021.spec.ts:29:1 › FE021 dashboard keeps independent panels usable and hides finance fields without finance.read (785ms)
  ok 127 [chromium] › tests\fe021.spec.ts:41:1 › FE021 marketing chart and table match the same synthetic API fixture and preserve missing actual spend (1.5s)
  ok 128 [chromium] › tests\fe021.spec.ts:64:1 › FE021 export uses inclusive shop-local boundaries, safe CSV, API jobs and cursor pagination (2.4s)
  ok 129 [chromium] › tests\fe021.spec.ts:119:1 › FE021 mock rejects an export when reports.export lacks the source permission (756ms)
  ok 130 [chromium] › tests\fe021.spec.ts:139:1 › FE021 mock rejects an invalid report timezone before creating an export job (1.1s)
  ok 131 [chromium] › tests\fe021.spec.ts:159:1 › FE021 ambiguous export result preserves the selected dates and never exposes a download (2.3s)
  ok 132 [chromium] › tests\fe021.spec.ts:172:1 › FE021 empty report and marketing payloads render explicit empty states (1.9s)
  ok 133 [chromium] › tests\fe021.spec.ts:191:1 › FE021 stale export conflict preserves dates and never exposes a download (2.4s)
  ok 134 [chromium] › tests\frontend-corrections.spec.ts:18:1 › F01 preserves a customer draft, compares three snapshots, and PATCHes only chosen changes (1.3s)
  ok 135 [chromium] › tests\frontend-corrections.spec.ts:46:1 › F01 requires an explicit choice for a field changed by both editors (1.4s)
  ok 136 [chromium] › tests\frontend-corrections.spec.ts:62:1 › F06 detects an order draft and blocks navigation until explicit discard (1.2s)
  ok 137 [chromium] › tests\frontend-corrections.spec.ts:75:1 › F02 retains an unsaved product image through an unrelated refetch (867ms)
  ok 138 [chromium] › tests\frontend-corrections.spec.ts:87:1 › F03 retains notification-policy inputs through a background resync and navigation (809ms)
  ok 139 [chromium] › tests\frontend-corrections.spec.ts:98:1 › F05 keeps text typed while a previous internal note is pending (2.0s)
  ok 140 [chromium] › tests\frontend-corrections.spec.ts:113:1 › F08 validates 4001 customer-note characters at the field and accepts 4000 (1.2s)
  ok 141 [chromium] › tests\frontend-corrections.spec.ts:147:1 › F07 routes the fulfillment footer close through the shared discard guard (1.1s)
  ok 142 [chromium] › tests\frontend-corrections.spec.ts:161:1 › F09 refreshes new Inbox messages without refetching the visible product and stock snapshots (791ms)
  ok 143 [chromium] › tests\frontend-corrections.spec.ts:191:1 › F01 shop settings merges a server-only locale change and preserves edits typed during save (1.8s)
  ok 144 [chromium] › tests\frontend-corrections.spec.ts:217:1 › F03 privacy policy preserves refetch drafts and compares before applying the newest version (856ms)
  ok 145 [chromium] › tests\frontend-corrections.spec.ts:234:1 › F01 category keeps a late edit after saving, and reopens with a clean current baseline (2.6s)
  ok 146 [chromium] › tests\frontend-corrections.spec.ts:255:1 › F01 supplier preserves a concurrent server-only term and PATCHes the local name (1.0s)
  ok 147 [chromium] › tests\frontend-corrections.spec.ts:272:1 › F08 customer update enforces 4000/4001 before HTTP and retains a 422 draft (1.1s)
  ok 148 [chromium] › tests\frontend-corrections.spec.ts:300:1 › F05 keeps mode changes and unknown sends, locks another send, and observes recovery-registry completion (1.7s)
  ok 149 [chromium] › tests\frontend-corrections.spec.ts:326:1 › F01 order editor keeps its original version and compares whole line lists before PATCH (1.2s)
  ok 150 [chromium] › tests\frontend-corrections.spec.ts:345:1 › F06 guards added order rows, shop switch, logout and native reload; successful creation leaves no false guard (13.1s)
  ok 151 [chromium] › tests\frontend-corrections.spec.ts:370:1 › F01 analogous return-inspection draft does not adopt a refetched version without comparison (1.8s)
  ok 152 [chromium] › tests\frontend-corrections.spec.ts:394:1 › F01 comparison supports keyboard choices, server changes again, axe and 320px reflow with long content (1.7s)
  ok 153 [chromium] › tests\frontend-corrections.spec.ts:423:1 › F08 privacy bounds reject invalid days and long jurisdiction before HTTP (1.1s)
  ok 154 [chromium] › tests\frontend-corrections.spec.ts:448:1 › F06 order custom close respects the draft guard and busy editors remain protected (2.6s)
  ok 155 [chromium] › tests\frontend.spec.ts:39:1 › catalog create uses the HTTP mock and successful save clears the draft guard (1.5s)
  ok 156 [chromium] › tests\frontend.spec.ts:56:1 › dirty drafts block in-app navigation and preserve input until the user decides (1.9s)
  ok 157 [chromium] › tests\frontend.spec.ts:74:1 › all canonical routes render inside the real React demo application (30.1s)
  ok 158 [chromium] › tests\frontend.spec.ts:99:1 › switching shops cancels a delayed request and loads only the new shop scope (5.2s)
  ok 159 [chromium] › tests\frontend.spec.ts:117:1 › role changes remove restricted navigation and the route guard explains denied access (729ms)
  ok 160 [chromium] › tests\frontend.spec.ts:130:1 › deep links survive browser refresh and logout clears the mock session (2.4s)
  ok 161 [chromium] › tests\frontend.spec.ts:143:1 › logout asks before discarding a draft and retains the session when logout fails (1.8s)
  ok 162 [chromium] › tests\frontend.spec.ts:200:1 › mobile navigation opens, routes, and closes without viewport overflow (878ms)
  ok 163 [chromium] › tests\frontend.spec.ts:214:1 › chunk loading errors use the route recovery boundary (722ms)
  ok 164 [chromium] › tests\frontend.spec.ts:253:1 › live mode reports an unavailable session API without enabling mock data (217ms)
ROUTE_ROLE_MATRIX_CASES=357 ROLES=7 PRIVATE_ROUTES=51 RESULT=PASS
  ok 165 [chromium] › tests\route-role-matrix.spec.ts:42:1 › route read access matches canonical permissions for every demo role (10.4s)
  ok 166 [chromium] › tests\security.spec.ts:35:1 › untrusted product text renders as text without activating markup (1.4s)
  ok 167 [chromium] › tests\security.spec.ts:53:1 › catalog import rejects a non-CSV file before an upload request (1.0s)
  ok 168 [chromium] › tests\security.spec.ts:71:1 › catalog import rejects files above the demo size limit before upload (1.4s)
  ok 169 [chromium] › tests\security.spec.ts:89:1 › mock uploads require a purpose, enforce its role, and fingerprint file content for retries (1.2s)
VITE_CACHE_ISOLATION=PASS rootA=C:\Users\Joker-PC\AppData\Local\Temp\botsales-vite-cache\ea27c7577456f6009d55\test-demo\playwright-27952-781b7fdb-2836-4eaa-840f-573a31a5502a-parallel-a rootB=C:\Users\Joker-PC\AppData\Local\Temp\botsales-vite-cache\ea27c7577456f6009d55\test-demo\playwright-27952-781b7fdb-2836-4eaa-840f-573a31a5502a-parallel-b otherCheckout=true
  ok 170 [chromium] › tests\session\demo-server-cache-isolation.spec.ts:7:1 › concurrent demo servers use isolated Vite caches and load the React app (1.3s)
  ok 171 [chromium] › tests\session\demo-worker-startup.spec.ts:17:1 › demo startup explains the required setup when the browser blocks Service Workers (297ms)
  ok 172 [chromium] › tests\session\session-revocation.spec.ts:20:1 › session.revoked SSE closes the stream and clears the active shop session (1.5s)
  ok 173 [chromium] › tests\session\session-unauthorized.spec.ts:17:1 › expired live session redirects to login and preserves the requested shop route (595ms)
  ok 174 [chromium] › tests\states\fe023.spec.ts:17:1 › FE023.S04 a dirty dialog keeps the form value until the user confirms discard (1.6s)
  ok 175 [chromium] › tests\states\fe023.spec.ts:35:1 › FE023.S03 a customer lookup loads the next cursor page without dropping earlier choices (1.5s)
  ok 176 [chromium] › tests\states\fe023.spec.ts:76:1 › FE023.S04 delayed requests show loading and failed refresh keeps a retry path (6.6s)
  ok 177 [chromium] › tests\states\fe023.spec.ts:103:1 › FE023 unsaved shop settings are preserved when navigation switches shop scope (2.4s)
  ok 178 [chromium] › tests\states\fe023.spec.ts:121:1 › FE023 a saved shop form resets its dirty baseline and reports success (1.4s)
ROUTE_EMPTY_COMPOSITION_PROGRESS=3/11
ROUTE_EMPTY_COMPOSITION_PROGRESS=6/11
ROUTE_EMPTY_COMPOSITION_PROGRESS=9/11
ROUTE_EMPTY_COMPOSITION=11/11 RESULT=PASS
  ok 179 [chromium] › tests\states\route-empty-composition.spec.ts:27:1 › empty collection responses render accessible empty states on canonical list routes (2.0s)
ROUTE_ERROR_COMPOSITION_PROGRESS=10/51
ROUTE_ERROR_COMPOSITION_PROGRESS=20/51
ROUTE_ERROR_COMPOSITION_PROGRESS=30/51
ROUTE_ERROR_COMPOSITION_PROGRESS=40/51
ROUTE_ERROR_COMPOSITION_PROGRESS=50/51
ROUTE_ERROR_COMPOSITION=51/51 RESULT=PASS
  ok 180 [chromium] › tests\states\route-error-composition.spec.ts:26:1 › every shop route composes the shared API error state with its page content (2.3m)
  ok 181 [chromium] › tests\ui-bot-layout.spec.ts:42:1 › Bot routes R26/R27/R28/R51 fit the supported page-width boundaries (19.3s)
  ok 182 [chromium] › tests\ui-bot-layout.spec.ts:52:1 › Bot config, evaluation, role and budget dialogs stay inside mobile and desktop viewports (12.8s)
  ok 183 [chromium] › tests\ui-catalog-layout.spec.ts:15:1 › catalog R09-R14 keeps shared gutters, inset ownership and dry-run flow at mobile and desktop (11.0s)
  ok 184 [chromium] › tests\ui-catalog-layout.spec.ts:67:1 › Imports review notice and demo controls keep the measured shared 24px clearance at 806x884 (1.1s)
  ok 185 [chromium] › tests\ui-composition-layout.spec.ts:13:1 › SPC-061/062 shared compositions own their gap and child boundaries on every canonical route (1.7m)
  ok 186 [chromium] › tests\ui-composition-positive-ancestry.spec.ts:62:1 › S15 Dashboard conditional content keeps an independently bordered surface inside its Panel owner (2.6s)
  ok 187 [chromium] › tests\ui-composition-positive-ancestry.spec.ts:103:1 › S15 catalog QueryState fragment keeps DataTable and Pager as peer children of one Panel (3.0s)
  ok 188 [chromium] › tests\ui-composition-positive-ancestry.spec.ts:137:1 › S15 Knowledge action group wraps children without losing its shared action owner (3.0s)
  ok 189 [chromium] › tests\ui-customers-layout.spec.ts:30:1 › Customers R07/R08/R54 layouts fit the shell at every responsive boundary (14.5s)
  ok 190 [chromium] › tests\ui-customers-layout.spec.ts:59:1 › Customer create and service-case dialogs stay in the viewport without submitting (4.8s)
  ok 191 [chromium] › tests\ui-dashboard-layout.spec.ts:15:1 › dashboard hierarchy, CTA targets, and page width hold across supported breakpoints (1.5s)
  ok 192 [chromium] › tests\ui-finance-layout.spec.ts:30:1 › Finance R20/R21/R22/R48/R49/R50 route layouts retain shell gutter without horizontal overflow from 320–1440px (29.0s)
  ok 193 [chromium] › tests\ui-finance-layout.spec.ts:62:1 › titled Finance Panels keep one 16px header-to-first-content boundary (8.9s)
  ok 194 [chromium] › tests\ui-finance-layout.spec.ts:124:1 › Finance report, entry, journal, reconciliation and period dialogs remain in the viewport without submitting (10.6s)
  ok 195 [chromium] › tests\ui-fulfillment-layout.spec.ts:30:1 › Fulfillment R41/R42 preserve shell gutter and contain responsive route layouts from 320-1440px (10.1s)
  ok 196 [chromium] › tests\ui-fulfillment-layout.spec.ts:59:1 › Fulfillment prep, shipment-create, detail and event dialogs fit mobile and desktop without submitting (5.2s)
  ok 197 [chromium] › tests\ui-integrations-layout.spec.ts:40:1 › Integrations routes R29/R30 fit the supported page-width boundaries (10.2s)
  ok 198 [chromium] › tests\ui-integrations-layout.spec.ts:50:1 › R29 disconnect and R30 create/edit credential dialogs stay inside mobile and desktop viewports (7.9s)
  ok 199 [chromium] › tests\ui-inventory-layout.spec.ts:15:1 › Inventory R15/R16 preserve shared gutter and contain table overflow at 320-1440px (10.2s)
  ok 200 [chromium] › tests\ui-inventory-layout.spec.ts:51:1 › Inventory filters reset cursor and preserve other URL state; adjustment validation sends no command (4.4s)
  ok 201 [chromium] › tests\ui-knowledge-layout.spec.ts:56:1 › Knowledge routes R23/R24/R25 fit every supported layout boundary (16.0s)
  ok 202 [chromium] › tests\ui-knowledge-layout.spec.ts:76:1 › Knowledge create, edit, and feedback-review dialogs remain inside mobile and desktop viewports (9.9s)
  ok 203 [chromium] › tests\ui-notifications-layout.spec.ts:40:1 › R39/R40 Notifications routes fit the supported page-width boundaries (10.2s)
  ok 204 [chromium] › tests\ui-notifications-layout.spec.ts:50:1 › R40 revoke-device confirmation stays inside mobile and desktop viewports (3.7s)
  ok 205 [chromium] › tests\ui-operations-layout.spec.ts:41:1 › R37/R38/R52 Operations routes fit the supported page-width boundaries (14.9s)
  ok 206 [chromium] › tests\ui-operations-layout.spec.ts:51:1 › R52 role-control confirmation stays inside mobile and desktop viewports (3.7s)
  ok 207 [chromium] › tests\ui-orders-layout.spec.ts:15:1 › Orders R17/R18/R19/R43 preserve responsive page geometry at 320-1440px (19.6s)
  ok 208 [chromium] › tests\ui-orders-layout.spec.ts:46:1 › Orders draft, versioned quote, synthetic address and return dialogs keep their behavior without writes (9.5s)
  ok 209 [chromium] › tests\ui-panel-layout.spec.ts:15:1 › the titled Fulfillment Panel owns its body inset and keeps one 16px header boundary (3.4s)
  ok 210 [chromium] › tests\ui-procurement-layout.spec.ts:36:1 › Procurement R44-R47 preserve shared page gutter and contain responsive tables at 320-1440px (19.9s)
  ok 211 [chromium] › tests\ui-procurement-layout.spec.ts:67:1 › Procurement supplier, offer, rule, purchase and receipt dialogs fit narrow and desktop viewports without writes (12.0s)
  ok 212 [chromium] › tests\ui-query-state-layout.spec.ts:68:5 › S12 R09 QueryState section profile preserves pending and ready layout (8.3s)
  ok 213 [chromium] › tests\ui-query-state-layout.spec.ts:68:5 › S12 R11 QueryState inline profile preserves pending and ready layout (7.9s)
  ok 214 [chromium] › tests\ui-shell-layout.spec.ts:44:1 › Shell keeps header, banner, main and footer on one responsive gutter (583ms)
  ok 215 [chromium] › tests\ui-shell-layout.spec.ts:99:1 › demo controls stay discoverable on mobile and usable on desktop (418ms)
  ok 216 [chromium] › tests\ui-shell-layout.spec.ts:117:1 › SPC-055/057 floated demo-control labels keep a clear gap on every Shell route consumer (10.0s)
  ok 217 [chromium] › tests\ui-shell-layout.spec.ts:141:1 › unmatched route fallback owns its page gutter without horizontal overflow (262ms)
  ok 218 [chromium] › tests\ui-workspace-layout.spec.ts:60:1 › workspace routes stay within the supported page-width boundaries (33.5s)
  ok 219 [chromium] › tests\ui-workspace-layout.spec.ts:72:1 › team invite and privacy request dialogs remain usable without submitting (6.7s)
  ok 220 [chromium] › tests\ui006-lookups.spec.ts:68:1 › UI006.C05 lookup and table cursors reach records after 150 synthetic suppliers, offers, and orders (12.3s)
  ok 221 [chromium] › tests\ui006-lookups.spec.ts:214:1 › UI006.C04 bounded previews disclose their sample and link to full collections (3.1s)
  ok 222 [chromium] › tests\ui006-lookups.spec.ts:231:1 › UI006.C02 selected order identity survives a failed search and cursor retry (1.7s)
  ok 223 [chromium] › tests\ui007-query-states.spec.ts:30:1 › UI007 secondary order query loads independently while the customer profile remains available (2.1s)
  ok 224 [chromium] › tests\ui007-query-states.spec.ts:60:1 › UI007 order query 503 is isolated from the primary customer query and retries only that query (2.6s)
  ok 225 [chromium] › tests\ui007-query-states.spec.ts:94:1 › UI007 forbidden order query is an access state and a successful empty query is distinct (1.4s)
  ok 226 [chromium] › tests\ui007-query-states.spec.ts:114:1 › UI007 supplier and offer failures keep purchase suggestions visible and have operation-specific recovery (2.6s)
  ok 227 [chromium] › tests\ui007-query-states.spec.ts:150:1 › UI007 auto-send budget query is lazy, permission-aware, and blocks an unverified budget (1.6s)
  ok 228 [chromium] › tests\ui008-integration-empty.spec.ts:54:1 › UI008 R29 successful empty collection exposes an accessible state and one permission-guarded connect CTA (687ms)
  ok 229 [chromium] › tests\ui008-integration-empty.spec.ts:72:1 › UI008 R29 read-only bot_admin sees the empty state without a manage action (1.0s)
  ok 230 [chromium] › tests\ui008-integration-empty.spec.ts:87:1 › UI008 R29 pending channel query stays loading until its response arrives (1.5s)
  ok 231 [chromium] › tests\ui008-integration-empty.spec.ts:105:1 › UI008 R29 forbidden channel query is not presented as empty or retryable (593ms)
  ok 232 [chromium] › tests\ui008-integration-empty.spec.ts:119:1 › UI008 R29 503 remains an error and recovers through its retry control (2.0s)
  ok 233 [chromium] › tests\ui008-integration-empty.spec.ts:140:1 › UI008 R30 successful empty AI connection cards show a first-use state and one add CTA (634ms)
  ok 234 [chromium] › tests\ui008-integration-empty.spec.ts:158:1 › UI008 R30 read-only bot_admin sees the empty state without an add action (1.0s)
  ok 235 [chromium] › tests\ui009-scope-regression.spec.ts:23:1 › UI009 delayed customer orders from the previous shop cannot leak into the new shop profile (2.3s)
  ok 236 [chromium] › tests\ui010-dialog-draft.spec.ts:15:1 › UI010 a discarded confirmation reason is cleared before the dialog opens again (2.1s)
  ok 237 [chromium] › tests\ui011-date-time.spec.ts:16:1 › UI011 report defaults use the active shop calendar month at a UTC month boundary (1.1s)
  ok 238 [chromium] › tests\ui011-date-time.spec.ts:29:1 › UI011 journal effective date defaults to the active shop calendar date (1.2s)
  ok 239 [chromium] › tests\ui011-date-time.spec.ts:41:1 › UI011 shipment event input and API instant use the shop timezone, not browser timezone (1.3s)
  ok 240 [chromium] › tests\ui012-keyboard.spec.ts:42:1 › UI012 keyboard-only finance edit handles select, discard warning and focus return (2.2s)
  ok 241 [chromium] › tests\ui012-keyboard.spec.ts:103:1 › UI012 keyboard validation focuses the field named by a synthetic 422 response (2.0s)
  ok 242 [chromium] › tests\ui012-keyboard.spec.ts:160:1 › UI012 keyboard activates the CSV chooser and discards its selected file without upload (1.6s)
  ok 243 [chromium] › tests\ui012-keyboard.spec.ts:200:1 › UI012 keyboard can reach and horizontally scroll the marketing chart data alternative (1.1s)
  ok 244 [chromium] › tests\ui012-keyboard.spec.ts:227:1 › UI012 marketing chart keeps every category label visible beside its data table (2.1s)
  ok 245 [chromium] › tests\ui012-keyboard.spec.ts:268:1 › UI012 inbox feedback actions identify their message and return focus after Escape (2.1s)
  ok 246 [chromium] › tests\ui012-keyboard.spec.ts:301:1 › UI012 order draft does not announce an untouched required customer as invalid (1.1s)
  ok 247 [chromium] › tests\ui012-keyboard.spec.ts:314:1 › UI012 long BotConfig policy literal wraps inside its alert at a 320 CSS-pixel viewport (1.0s)
  ok 248 [chromium] › tests\ui012-keyboard.spec.ts:348:1 › UI012 dashboard CTA separates hover and pressed feedback while keeping keyboard focus visible (1.7s)
  ok 249 [chromium] › tests\ui013-url-state.spec.ts:19:1 › UI013 reconciliation tab deep links and survives refresh; malformed tab safely falls back (4.1s)
  ok 250 [chromium] › tests\ui013-url-state.spec.ts:39:1 › UI013 finance date range deep link, edit, refresh and Back use shop-local filter state (3.1s)
  ok 251 [chromium] › tests\ui013-url-state.spec.ts:70:1 › UI013 report type and export date filters are deep-linkable, refreshable and malformed values fall back safely (3.3s)
  ok 252 [chromium] › tests\ui021-permission-edge.spec.ts:4:1 › privacy page keeps the customers link when the destination permission is present (1.6s)
  ok 253 [chromium] › tests\ui021-permission-edge.spec.ts:19:1 › privacy page hides the customers link when the destination permission is missing (1.7s)
  ok 254 [chromium] › tests\ui028-w24-inbox-layout.spec.ts:15:1 › UI028.W24 Inbox spacing roles remain consistent across breakpoints without losing draft state (6.1s)
  ok 255 [chromium] › tests\ui028-w25-reports-layout.spec.ts:15:1 › UI028.W25 Reports semantic spacing stays stable at mobile, tablet and desktop widths (11.8s)
  ok 256 [chromium] › tests\ui028-w25-reports-layout.spec.ts:113:1 › UI028.W25 authorized report download link retains its 44px hit target (1.8s)
[w28-route-geometry] {"browser":"chromium","width":390,"routes":54,"issues":0,"pageErrors":0,"evidence":"evidence\\frontend-ui-improvements\\UI028\\W28\\route-geometry-chromium-390-current-corrections-1791441445991-24436.json"}
  ok 257 [chromium] › tests\ui028-w28-routes.spec.ts:47:5 › UI028.W28 54 canonical routes render with measured 390px layout geometry (50.9s)
[w28-route-geometry] {"browser":"chromium","width":1440,"routes":54,"issues":0,"pageErrors":0,"evidence":"evidence\\frontend-ui-improvements\\UI028\\W28\\route-geometry-chromium-1440-current-corrections-1791441445991-24436.json"}
  ok 258 [chromium] › tests\ui028-w28-routes.spec.ts:47:5 › UI028.W28 54 canonical routes render with measured 1440px layout geometry (28.7s)
[w29-responsive-profile] {"browser":"chromium","width":320,"profiles":7,"issues":0,"pageErrors":0,"evidence":"evidence\\frontend-ui-improvements\\UI028\\W29\\responsive-profile-chromium-320-current-corrections-1791441445991-24436.json"}
  ok 259 [chromium] › tests\ui028-w29-reflow.spec.ts:30:5 › UI028.W29 320px reflow retains representative actions and contains overflow (7.1s)
[w29-responsive-profile] {"browser":"chromium","width":390,"profiles":7,"issues":0,"pageErrors":0,"evidence":"evidence\\frontend-ui-improvements\\UI028\\W29\\responsive-profile-chromium-390-current-corrections-1791441445991-24436.json"}
  ok 260 [chromium] › tests\ui028-w29-reflow.spec.ts:30:5 › UI028.W29 390px reflow retains representative actions and contains overflow (6.7s)
[w29-responsive-profile] {"browser":"chromium","width":767,"profiles":7,"issues":0,"pageErrors":0,"evidence":"evidence\\frontend-ui-improvements\\UI028\\W29\\responsive-profile-chromium-767-current-corrections-1791441445991-24436.json"}
  ok 261 [chromium] › tests\ui028-w29-reflow.spec.ts:30:5 › UI028.W29 767px reflow retains representative actions and contains overflow (7.2s)
[w29-responsive-profile] {"browser":"chromium","width":768,"profiles":7,"issues":0,"pageErrors":0,"evidence":"evidence\\frontend-ui-improvements\\UI028\\W29\\responsive-profile-chromium-768-current-corrections-1791441445991-24436.json"}
  ok 262 [chromium] › tests\ui028-w29-reflow.spec.ts:30:5 › UI028.W29 768px reflow retains representative actions and contains overflow (7.2s)
[w29-responsive-profile] {"browser":"chromium","width":1024,"profiles":7,"issues":0,"pageErrors":0,"evidence":"evidence\\frontend-ui-improvements\\UI028\\W29\\responsive-profile-chromium-1024-current-corrections-1791441445991-24436.json"}
  ok 263 [chromium] › tests\ui028-w29-reflow.spec.ts:30:5 › UI028.W29 1024px reflow retains representative actions and contains overflow (7.1s)
[w29-responsive-profile] {"browser":"chromium","width":1279,"profiles":7,"issues":0,"pageErrors":0,"evidence":"evidence\\frontend-ui-improvements\\UI028\\W29\\responsive-profile-chromium-1279-current-corrections-1791441445991-24436.json"}
  ok 264 [chromium] › tests\ui028-w29-reflow.spec.ts:30:5 › UI028.W29 1279px reflow retains representative actions and contains overflow (7.2s)
[w29-responsive-profile] {"browser":"chromium","width":1280,"profiles":7,"issues":0,"pageErrors":0,"evidence":"evidence\\frontend-ui-improvements\\UI028\\W29\\responsive-profile-chromium-1280-current-corrections-1791441445991-24436.json"}
  ok 265 [chromium] › tests\ui028-w29-reflow.spec.ts:30:5 › UI028.W29 1280px reflow retains representative actions and contains overflow (5.3s)
[w29-responsive-profile] {"browser":"chromium","width":1440,"profiles":7,"issues":0,"pageErrors":0,"evidence":"evidence\\frontend-ui-improvements\\UI028\\W29\\responsive-profile-chromium-1440-current-corrections-1791441445991-24436.json"}
  ok 266 [chromium] › tests\ui028-w29-reflow.spec.ts:30:5 › UI028.W29 1440px reflow retains representative actions and contains overflow (5.3s)
[w29-responsive-profile] {"browser":"chromium","width":1920,"profiles":7,"issues":0,"pageErrors":0,"evidence":"evidence\\frontend-ui-improvements\\UI028\\W29\\responsive-profile-chromium-1920-current-corrections-1791441445991-24436.json"}
  ok 267 [chromium] › tests\ui028-w29-reflow.spec.ts:30:5 › UI028.W29 1920px reflow retains representative actions and contains overflow (5.2s)
[w30-stress] {"browser":"chromium","scenario":"form-error-short","viewport":{"width":320,"height":480},"scaledTextElements":54,"issues":0,"pageErrors":0,"evidence":"evidence\\frontend-ui-improvements\\UI028\\W30\\stress-chromium-form-error-short-current-corrections-1791441445991-24436.json"}
  ok 268 [chromium] › tests\ui028-w30-stress.spec.ts:75:5 › UI028.W30 form-error-short: 200% text and spacing stress at 320x480 (1.2s)
[w30-stress] {"browser":"chromium","scenario":"mobile-menu-long-label","viewport":{"width":390,"height":560},"scaledTextElements":141,"issues":0,"pageErrors":0,"evidence":"evidence\\frontend-ui-improvements\\UI028\\W30\\stress-chromium-mobile-menu-long-label-current-corrections-1791441445991-24436.json"}
  ok 269 [chromium] › tests\ui028-w30-stress.spec.ts:75:5 › UI028.W30 mobile-menu-long-label: 200% text and spacing stress at 390x560 (1.4s)
[w30-stress] {"browser":"chromium","scenario":"report-long-id","viewport":{"width":640,"height":450},"scaledTextElements":61,"issues":0,"pageErrors":0,"evidence":"evidence\\frontend-ui-improvements\\UI028\\W30\\stress-chromium-report-long-id-current-corrections-1791441445991-24436.json"}
  ok 270 [chromium] › tests\ui028-w30-stress.spec.ts:75:5 › UI028.W30 report-long-id: 200% text and spacing stress at 640x450 (1.1s)
[w30-stress] {"browser":"chromium","scenario":"inbox-long-composer","viewport":{"width":390,"height":560},"scaledTextElements":70,"issues":0,"pageErrors":0,"evidence":"evidence\\frontend-ui-improvements\\UI028\\W30\\stress-chromium-inbox-long-composer-current-corrections-1791441445991-24436.json"}
  ok 271 [chromium] › tests\ui028-w30-stress.spec.ts:75:5 › UI028.W30 inbox-long-composer: 200% text and spacing stress at 390x560 (1.1s)
[w30-stress] {"browser":"chromium","scenario":"dialog-long-reason","viewport":{"width":320,"height":480},"scaledTextElements":79,"issues":0,"pageErrors":0,"evidence":"evidence\\frontend-ui-improvements\\UI028\\W30\\stress-chromium-dialog-long-reason-current-corrections-1791441445991-24436.json"}
  ok 272 [chromium] › tests\ui028-w30-stress.spec.ts:75:5 › UI028.W30 dialog-long-reason: 200% text and spacing stress at 320x480 (1.1s)
  ok 273 [chromium] › tests\vertical-slices\fe022-flows.spec.ts:36:1 › FE022.VS01 catalog → stock → order → prep keeps product, reservation, and order references linked (2.1s)
  ok 274 [chromium] › tests\vertical-slices\fe022-flows.spec.ts:90:1 › FE022.VS02 procurement → approval → receipt → stock and payable preserves the purchase identity (5.1s)
  ok 275 [chromium] › tests\vertical-slices\fe022-flows.spec.ts:166:1 › FE022.VS03 finance → reconciliation retains bank transaction and partial debt allocation (1.8s)
  ok 276 [chromium] › tests\vertical-slices\fe022-flows.spec.ts:202:1 › FE022.VS04 inbox → knowledge draft → bot evaluation preserves feedback and revision source IDs (2.5s)
  ok 277 [chromium] › tests\vertical-slices\fe022-flows.spec.ts:244:1 › FE022.S05 route and feature matrix covers canonical IDs with executed cases or explicit frontend gaps (338ms)
(node:51408) Warning: The 'NO_COLOR' env is ignored due to the 'FORCE_COLOR' env being set.
(Use `node --trace-warnings ...` to show where the warning was created)
  ok 278 [firefox] › tests\accessibility\routes.spec.ts:17:1 › all canonical routes pass whole-page WCAG 2.1 A/AA axe checks in the React demo (1.3m)
[artifact-preview] {"scope":"FRONTEND_WITH_SYNTHETIC_MOCK_API","artifact":"apps/web/dist-demo","browserMetrics":{"browser":"Mozilla/5.0 (Windows NT 10.0; Win64; x64; rv:155.0) Gecko/20100101 Firefox/155.0","viewport":{"width":1280,"height":720},"route":"/s/shop-demo/overview","domContentLoadedMs":147,"loadEventMs":147,"scriptCount":11,"scriptTransferBytes":451495,"scriptAssets":[{"file":"index-CigY6F18.js","transferBytes":29608,"decodedBytes":92573,"durationMs":72},{"file":"react-runtime-D0NtfbPC.js","transferBytes":90580,"decodedBytes":279779,"durationMs":77},{"file":"query-5vm9EU1C.js","transferBytes":10220,"decodedBytes":33154,"durationMs":69},{"file":"schema-validation-Bhr7oAQE.js","transferBytes":45419,"decodedBytes":149800,"durationMs":74},{"file":"i18n-xB0mQYCC.js","transferBytes":15416,"decodedBytes":46142,"durationMs":74},{"file":"contract-data-D-QqiNa-.js","transferBytes":37614,"decodedBytes":309769,"durationMs":74},{"file":"mui-azn9KfGV.js","transferBytes":100319,"decodedBytes":328326,"durationMs":77},{"file":"service-BepI4YXI.js","transferBytes":35006,"decodedBytes":159351,"durationMs":15},{"file":"browser-CpOESL-K.js","transferBytes":87313,"decodedBytes":255636,"durationMs":18},{"file":"index-BR4bE951.js","transferBytes":0,"decodedBytes":0,"durationMs":0},{"file":"hooks-CCwSwm40.js","transferBytes":0,"decodedBytes":0,"durationMs":0}]},"bundles":{"javascriptFiles":32,"totalBytes":2371604,"totalGzipBytes":679692,"initialRouteGzipBytes":454618,"proposedBudgets":{"initialRouteGzipKiB":500,"largestChunkGzipKiB":200,"basis":"Local demo preview limits for the measured Chromium artifact; not a backend or platform SLO."},"largest":[{"file":"apps/web/dist-demo/assets/mui-azn9KfGV.js","bytes":328326,"gzipBytes":100019},{"file":"apps/web/dist-demo/assets/charts-RcpaDpmM.js","bytes":313031,"gzipBytes":94993},{"file":"apps/web/dist-demo/assets/contract-data-D-QqiNa-.js","bytes":309769,"gzipBytes":37314},{"file":"apps/web/dist-demo/assets/react-runtime-D0NtfbPC.js","bytes":279779,"gzipBytes":90280},{"file":"apps/web/dist-demo/assets/browser-CpOESL-K.js","bytes":255636,"gzipBytes":87013}]},"observedApi":{"path":"/api/v2/session","status":200,"servedBy":"MSW in the built demo artifact"},"dataSource":"synthetic-msw"}
  ok 279 [firefox] › tests\artifacts\demo-preview.spec.ts:39:1 › the built demo artifact serves the React UI and synthetic API through preview (868ms)
[large-dataset-api] {"url":"http://127.0.0.1:53560/api/v2/shops/shop-demo/customers?limit=20","count":20,"page":{"limit":20,"total":1004,"hasMore":true,"nextCursor":"perf-customer-0016"},"firstIds":["c1","c2","c3"]}
[large-dataset-preview] {"scope":"FRONTEND_WITH_SYNTHETIC_MOCK_API","artifact":"apps/web/dist-demo","datasetId":"FE025-LARGE-CUSTOMERS-1000-V1","generatedRows":1000,"firstPageIds":["c1","c2","c3","c4","perf-customer-0001","perf-customer-0002","perf-customer-0003","perf-customer-0004","perf-customer-0005","perf-customer-0006","perf-customer-0007","perf-customer-0008","perf-customer-0009","perf-customer-0010","perf-customer-0011","perf-customer-0012","perf-customer-0013","perf-customer-0014","perf-customer-0015","perf-customer-0016"],"api":{"status":200,"pageLimit":20,"total":1004,"hasMore":true,"nextCursor":"perf-customer-0016"},"domRowsIncludingHeader":21,"firstPageReadyMs":434,"browser":"Mozilla/5.0 (Windows NT 10.0; Win64; x64; rv:155.0) Gecko/20100101 Firefox/155.0","viewport":{"width":1280,"height":720},"note":"Synthetic customer identities only; the React screen renders one API page and exposes the next cursor instead of mounting the full collection."}
  ok 280 [firefox] › tests\artifacts\demo-preview.spec.ts:103:1 › a thousand synthetic customers remain API-paginated in the built demo artifact (1.2s)
  ok 281 [firefox] › tests\artifacts\demo-preview.spec.ts:141:1 › the production artifact contains neither the mock worker asset nor MSW fixtures/runtime (20ms)
  ok 282 [firefox] › tests\fe009.spec.ts:35:1 › workspace onboarding creates a shop with an active membership and returns to its scoped route (2.5s)
  ok 283 [firefox] › tests\fe009.spec.ts:57:1 › customer create validates fields, submits through mock HTTP, and preserves edits after a stale version (3.9s)
  ok 284 [firefox] › tests\fe009.spec.ts:125:1 › customer detail keeps redacted contact fields read-only and does not overwrite them on save (1.5s)
  ok 285 [firefox] › tests\fe009.spec.ts:142:1 › job detail follows an export created in the current synthetic shop and can refetch it (1.8s)
  ok 286 [firefox] › tests\fe009.spec.ts:177:1 › FE009.G01 shop setup checklist guides to supported pages and leaves missing contract fields unverified (1.3s)
  ok 287 [firefox] › tests\fe009.spec.ts:190:1 › FE009.G05 marketing consent preview is interactive but never claims server opt-out (1.5s)
  ok 288 [firefox] › tests\fe009.spec.ts:205:1 › FE009.H06 audit screen distinguishes available fields from missing contract detail (1.8s)
  ok 289 [firefox] › tests\fe009.spec.ts:214:1 › FE009.B06 after-sale cases only link orders loaded for the selected customer and customer profile shows their shipment (5.9s)
  ok 290 [firefox] › tests\fe009.spec.ts:246:1 › team invitation and membership revoke stay shop-scoped and protect the active owner (2.7s)
  ok 291 [firefox] › tests\fe009.spec.ts:282:1 › privacy delete requests remain pending approval with no frontend step-up shortcut (2.9s)
  ok 292 [firefox] › tests\fe010.spec.ts:38:1 › product editor validates positive prices, protects image-only drafts, and saves variant payload through mock HTTP (4.3s)
  ok 293 [firefox] › tests\fe010.spec.ts:108:1 › product update sends If-Match and keeps edits visible after a 412 conflict (2.3s)
  ok 294 [firefox] › tests\fe010.spec.ts:140:1 › warehouse role can read catalog products but cannot edit product fields or price cost data (1.0s)
  ok 295 [firefox] › tests\fe010.spec.ts:149:1 › categories create, search, update with a version, and render cursor pagination (2.3s)
  ok 296 [firefox] › tests\fe010.spec.ts:178:1 › CSV preview reports row-level errors and commits only valid product rows (2.6s)
  ok 297 [firefox] › tests\fe010.spec.ts:250:1 › import validation token is rejected with 412 after catalog changes and the preview remains visible (2.5s)
  ok 298 [firefox] › tests\fe010.spec.ts:282:1 › CSV demo row limit is explained and rejects more than 1000 data rows before preview (1.9s)
  ok 299 [firefox] › tests\fe010.spec.ts:295:1 › demo upload rejects files over 5 MB before making an upload request (1.5s)
UI005 acceptance: {"categoryTotal":105,"createCategoryId":"cat-2","editCategoryId":"cat-0","categoryRequests":20}
  ok 300 [firefox] › tests\fe010.spec.ts:306:1 › product category lookup pages the full collection and preserves the selected category while editing (11.8s)
  ok 301 [firefox] › tests\fe011.spec.ts:35:1 › FE011.AC01 snapshot drives stock totals and the SKU opens its catalog result (1.6s)
  ok 302 [firefox] › tests\fe011.spec.ts:54:1 › FE011.AC02 adjustment validates, waits for mock confirmation, and reconciles movement history once (4.0s)
  ok 303 [firefox] › tests\fe011.spec.ts:92:1 › FE011.AC03 conflict and insufficient stock preserve the draft and never update optimistically (3.1s)
  ok 304 [firefox] › tests\fe011.spec.ts:120:1 › FE011.AC03 forbidden adjustment retains user input and shows no success state (2.0s)
  ok 305 [firefox] › tests\fe011.spec.ts:136:1 › FE011.AC03 unknown command blocks duplicate submission until shared recovery reconciles it (2.2s)
  ok 306 [firefox] › tests\fe011.spec.ts:154:1 › FE011.AC04 movement contract filters are URL-backed and history exposes actor and permission-gated source (1.4s)
  ok 307 [firefox] › tests\fe011.spec.ts:182:1 › FE011.AC05 inventory reflows at mobile widths, passes axe, and restores keyboard focus after adjustment dialog (2.1s)
  ok 308 [firefox] › tests\fe011.spec.ts:205:1 › FE011.AC03 unknown shop scope shows no stock from another shop (792ms)
  ok 309 [firefox] › tests\fe012.spec.ts:35:1 › FE012.AC01 searchable customer and product pickers submit contract-shaped draft and reject fractional quantity (4.3s)
  ok 310 [firefox] › tests\fe012.spec.ts:93:1 › FE012 demo address choice is labeled synthetic and completes the mock order flow (5.3s)
  ok 311 [firefox] › tests\fe012.spec.ts:122:1 › FE012.AC01 editing lines invalidates quote and customer consent; a new quote is required before confirmation (4.7s)
  ok 312 [firefox] › tests\fe012.spec.ts:182:1 › FE012.AC03 mock stale-version 412 preserves draft fields and does not show success (1.6s)
  ok 313 [firefox] › tests\fe012.spec.ts:199:1 › FE012.AC03 offline state blocks quote mutation while retaining the loaded draft (1.2s)
  ok 314 [firefox] › tests\fe012.spec.ts:211:1 › FE012.AC03 unknown confirm outcome blocks duplicate writes until shared command recovery is available (2.4s)
  ok 315 [firefox] › tests\fe012.spec.ts:257:1 › FE012.AC03 quote and customer confirmation expiration disable confirmation using API time (2.3s)
  ok 316 [firefox] › tests\fe012.spec.ts:277:1 › FE012.AC03 returns reject fractional/over-original quantities locally and preserve data on cumulative mock rejection (1.4s)
  ok 317 [firefox] › tests\fe012.spec.ts:301:1 › FE012.AC04 return inspection loads the current case and applies accepted partial quantity to mock stock and refund (2.8s)
  ok 318 [firefox] › tests\fe012.spec.ts:354:1 › FE012.AC03 handed-over order routes to returns and exposes no ordinary cancel action (1.7s)
  ok 319 [firefox] › tests\fe012.spec.ts:361:1 › FE012.AC05 order drafting remains usable without horizontal page overflow and passes focused axe checks (1.4s)
  ok 320 [firefox] › tests\fe013.spec.ts:40:1 › FE013.C04 shipping preview distinguishes missing address, unserviceable zone, and expired mock quote (3.2s)
  ok 321 [firefox] › tests\fe013.spec.ts:65:1 › FE013.AC01–AC04 stale claim conflict is visible; pick, pack, dispatch and delivery use current API versions once (7.9s)
  ok 322 [firefox] › tests\fe013.spec.ts:203:1 › FE013.AC03 unknown handover cannot be repeated before command reconciliation (4.3s)
  ok 323 [firefox] › tests\fe013.spec.ts:250:1 › FE013.AC01 role scope and FE013.AC05 responsive shipment/preparation views remain accessible (3.7s)
  ok 324 [firefox] › tests\fe014.spec.ts:25:1 › FE014.AC01 multi-line purchase validates MOQ/pack size and binds approval to the created intent (3.6s)
  ok 325 [firefox] › tests\fe014.spec.ts:77:1 › FE027.D02 supplier workspace edits the selected contact through its current version and displays MOQ offers (1.9s)
  ok 326 [firefox] › tests\fe014.spec.ts:95:1 › FE014.AC02 approval covers the exact purchase intent; unknown send is blocked from blind retry (5.3s)
  ok 327 [firefox] › tests\fe014.spec.ts:154:1 › FE014.S03 auto-send cannot be configured without an enabled procurement budget (2.6s)
  ok 328 [firefox] › tests\fe014.spec.ts:167:1 › FE014.S03 manager without procurement.receive cannot open receipt actions (3.0s)
  ok 329 [firefox] › tests\fe014.spec.ts:187:1 › FE014.AC03 partial receipt posts only accepted units to synthetic stock and payable once (4.4s)
  ok 330 [firefox] › tests\fe014.spec.ts:258:1 › FE014.D03/D04/D07 replenishment uses min-max rules, labels forecast limits, and blocks duplicate proposals (2.4s)
  ok 331 [firefox] › tests\fe015.spec.ts:50:1 › FE015.AC01 report filters use exact timezone boundaries and mock API aggregates (1.6s)
  ok 332 [firefox] › tests\fe015.spec.ts:96:1 › FE021.E08 report explanation is mock-only, cites the filtered P&L snapshot, and never writes finance data (1.3s)
  ok 333 [firefox] › tests\fe015.spec.ts:117:1 › UI003 report timestamps follow the active shop timezone (2.4s)
  ok 334 [firefox] › tests\fe015.spec.ts:174:1 › FE015.E02/E03 profit report renders canonical cost, gross-profit and operating-expense values (920ms)
  ok 335 [firefox] › tests\fe015.spec.ts:202:1 › FE015.AC02 journal rejects unbalanced decimal lines before POST and sends exact money strings (3.0s)
  ok 336 [firefox] › tests\fe015.spec.ts:237:1 › FE015.AC02 closed accounting period is visible and disables journal draft creation (2.0s)
  ok 337 [firefox] › tests\fe015.spec.ts:258:1 › FE015.AC03 CSV import keeps partial row failures visible and deduplicates external transactions (1.9s)
  ok 338 [firefox] › tests\fe015.spec.ts:281:1 › UI001 reconciliation cursors stay scoped and dialogs load choices beyond the visible table page (10.3s)
  ok 339 [firefox] › tests\fe015.spec.ts:408:1 › FE015.AC03 COD settlement matches net remittance plus documented fee (3.9s)
  ok 340 [firefox] › tests\fe015.spec.ts:442:1 › FE015.AC03 partial bank allocation leaves the remaining amount and debt visible (2.9s)
  ok 341 [firefox] › tests\fe015.spec.ts:467:1 › FE015.AC03 unknown journal posting is not resent from the same draft (4.3s)
  ok 342 [firefox] › tests\fe016.spec.ts:67:1 › UI015 mobile demo tools disclose by keyboard and inbox stays within narrow viewports (1.2s)
  ok 343 [firefox] › tests\fe016.spec.ts:100:1 › FE016 conversation keeps its composer visible while long demo context scrolls independently (1.3s)
  ok 344 [firefox] › tests\fe016.spec.ts:133:1 › FE016.AC01 inbox filters call canonical query fields and remain bookmarked through conversation details (2.2s)
  ok 345 [firefox] › tests\fe016.spec.ts:161:1 › FE016.AC01 list cursor is isolated from message cursor and restored on back navigation (1.1s)
  ok 346 [firefox] › tests\fe016.spec.ts:180:1 › UI002 inbox list and message cursors stay independent through paging, conversation switch and shop change (2.9s)
  ok 347 [firefox] › tests\fe016.spec.ts:269:1 › UI002 mobile keeps the list page while messages page and Back restores it (2.2s)
  ok 348 [firefox] › tests\fe016.spec.ts:313:1 › UI002 Inbox search resets only the list cursor while a message page is open (2.5s)
  ok 349 [firefox] › tests\fe016.spec.ts:370:1 › UI002 deep link, refresh and mobile Back preserve their own cursors (1.7s)
  ok 350 [firefox] › tests\fe016.spec.ts:424:1 › UI002 list and message panel errors remain isolated (5.4s)
  ok 351 [firefox] › tests\fe016.spec.ts:448:1 › UI002 send, invalidation and resync keep both cursors and send only once (2.2s)
  ok 352 [firefox] › tests\fe016.spec.ts:508:1 › FE016.AC01 takeover and reply use current versions and show API send state without claiming delivery (2.2s)
  ok 353 [firefox] › tests\fe016.spec.ts:535:1 › FE016.AC02 internal notes render HTML-like text inert and feedback creates only a review draft (1.8s)
  ok 354 [firefox] › tests\fe016.spec.ts:566:1 › FE016.AC03 unknown send keeps the reply draft, exposes command recovery and never blindly resends (1.5s)
  ok 355 [firefox] › tests\fe016.spec.ts:589:1 › FE016.AC04 role without customer/order permissions cannot open those cross-module references (1.0s)
  ok 356 [firefox] › tests\fe016.spec.ts:600:1 › FE016.S03 stale takeover preserves reason and reports the version conflict (1.9s)
  ok 357 [firefox] › tests\fe016.spec.ts:616:1 › FE016.B05 cross-sell promotion preview shows sample rules without applying a discount (1.2s)
  ok 358 [firefox] › tests\fe016.spec.ts:630:1 › FE016.B08 image and voice preview is synthetic and stays local (1.8s)
  ok 359 [firefox] › tests\fe016.spec.ts:645:1 › FE027.B01 industry sales script preview asks for missing facts and stays a local draft (1.6s)
  ok 360 [firefox] › tests\fe016.spec.ts:661:1 › FE027.B02 inbox price and available stock preview uses current canonical mock reads (1.0s)
  ok 361 [firefox] › tests\fe016.spec.ts:682:1 › FE027.B03 order capture links the active customer and conversation into the manual order form (1.6s)
  ok 362 [firefox] › tests\fe016.spec.ts:692:1 › FE027.B04 automatic order confirmation stays unavailable until policy and customer evidence exist (1.2s)
  ok 363 [firefox] › tests\fe017-validation.spec.ts:15:1 › FE017 synthetic 422 keeps the knowledge draft fields and shows field errors (1.5s)
  ok 364 [firefox] › tests\fe017.spec.ts:24:1 › FE017.AC01 demo publishing uses the approved permission and lifecycle substitute without an API allowedActions field (3.5s)
  ok 365 [firefox] › tests\fe017.spec.ts:115:1 › FE017.AC02 knowledge file upload sends canonical purpose and detail reads processing status (2.0s)
  ok 366 [firefox] › tests\fe017.spec.ts:154:1 › FE017 price and stock source preview uses canonical product and timestamped inventory APIs (920ms)
  ok 367 [firefox] › tests\fe017.spec.ts:187:1 › FE017.AC03 missing content, unsupported and oversized files keep creation unavailable (1.5s)
  ok 368 [firefox] › tests\fe017.spec.ts:209:1 › FE017.AC04 feedback approval creates inert draft content and its first revision only (3.3s)
  ok 369 [firefox] › tests\fe017.spec.ts:242:1 › FE017.AC05 manager sees knowledge read-only and synthetic API rejects purpose-specific upload and publish (975ms)
  ok 370 [firefox] › tests\fe017.spec.ts:263:1 › FE017.AC06 stale review preserves the reason and explains the conflict (1.3s)
  ok 371 [firefox] › tests\fe017.spec.ts:278:1 › FE027.G02 product content brief edits source, size, warranty, alternatives, and forbidden claims locally (1.3s)
  ok 372 [firefox] › tests\fe017.spec.ts:296:1 › FE027.G03 policy revisions keep the published snapshot immutable when a draft changes (1.0s)
  ok 373 [firefox] › tests\fe018.spec.ts:128:1 › FE018.S01 maps routes and operations to the canonical OpenAPI permissions (448ms)
  ok 374 [firefox] › tests\fe018.spec.ts:145:1 › FE018.AC01/04 draft saves use the contract version and keep human order confirmation locked after a conflict (3.1s)
  ok 375 [firefox] › tests\fe018.spec.ts:176:1 › FE018.AC03 evaluation is synthetic, revision-bound, and cannot publish a stale draft (2.8s)
  ok 376 [firefox] › tests\fe018.spec.ts:200:1 › FE018.AC01/04 successful publish is tied to the tested revision and pause explains its boundary (3.0s)
  ok 377 [firefox] › tests\fe018.spec.ts:230:1 › FE018.AC03 playground sends no external message and preserves unknown cost and token values (1.8s)
  ok 378 [firefox] › tests\fe018.spec.ts:252:1 › FE018.S03 synthetic budget and tool denials retain the prompt and never show a generated answer (3.2s)
  ok 379 [firefox] › tests\fe018.spec.ts:278:1 › FE027.H03 budget and provider failover preview refuses silent provider switching on exhaustion (2.2s)
  ok 380 [firefox] › tests\fe018.spec.ts:292:1 › FE018.AC02 role kill switch is versioned, preserves API tools, and does not pause the whole bot (3.7s)
  ok 381 [firefox] › tests\fe018.spec.ts:333:1 › FE018.AC02 expired, wrong-scope, and matching approvals produce honest budget results (2.0s)
  ok 382 [firefox] › tests\fe018.spec.ts:361:1 › FE018.AC05 manager and bot-admin roles cannot use operations outside their canonical permissions (1.9s)
  ok 383 [firefox] › tests\fe018.spec.ts:393:1 › FE018.AC05 unknown role command stays unresolved and does not claim successful resumption (2.4s)
UI004_25_ACCEPTANCE={"total":25,"pageSizes":[20,5],"cursor":"evaluation-10016","oldestRecord":"evaluation-10001","oldestReachable":true,"detailPreservedCursor":true,"browserBackRestoredFirstPage":true,"searchResetCursor":true}
  ok 384 [firefox] › tests\fe018.spec.ts:409:1 › UI004 25 evaluations: cursor pages reach the last record and preserve detail, search, and browser Back state (3.1s)
UI004_105_ACCEPTANCE={"total":105,"pageSizes":[20,20,20,20,20,5],"pagesVisited":6,"cursorRequests":["evaluation-10256","evaluation-10196","evaluation-10136","evaluation-10076","evaluation-10016"],"uniqueRecords":105,"oldestRecord":"evaluation-10001","oldestReachable":true,"failedCursorRetainedForRetry":"evaluation-10196","errorShowsNoFabricatedRows":true,"retrySucceeded":true}
  ok 385 [firefox] › tests\fe018.spec.ts:455:1 › UI004 105 evaluations: cursor traversal reaches every record and retains the failing cursor for retry (7.9s)
  ok 386 [firefox] › tests\fe019.spec.ts:21:1 › FE019.S01 maps integrations and notification routes, actions, schemas, and mock boundaries (11ms)
  ok 387 [firefox] › tests\fe019.spec.ts:70:1 › FE019.AC01 AI secret is write-only, cleared after submit, and absent from stored/read data (2.4s)
  ok 388 [firefox] › tests\fe019.spec.ts:117:1 › FE019.AC01 invalid mock credential is rejected, cleared from the form, and not submitted (1.9s)
  ok 389 [firefox] › tests\fe019.spec.ts:138:1 › FE019.AC02 channel OAuth failure stays on the page and never marks a channel connected (1.4s)
  ok 390 [firefox] › tests\fe019.spec.ts:172:1 › FE019.AC03/04 device, Telegram, and PWA checks stay synthetic and do not request OS permission (3.5s)
  ok 391 [firefox] › tests\fe019.spec.ts:251:1 › FE019.AC05 notification policy validates canonical numeric bounds before sending and acknowledges only allowed work (2.0s)
  ok 392 [firefox] › tests\fe019.spec.ts:273:1 › FE019.A03 notification order link stays within the active shop scope (1.5s)
  ok 393 [firefox] › tests\fe019.spec.ts:282:1 › FE019.A05 reminder policy saves shop-local schedule and quiet hours through the synthetic API (1.6s)
  ok 394 [firefox] › tests\fe019.spec.ts:309:1 › FE027.A02/A07 preparation notification keeps order evidence and separates queued, opened, and acknowledged states (796ms)
  ok 395 [firefox] › tests\fe019.spec.ts:334:1 › FE027.A08 notification settings disclose server-only deduplication and callback safeguards (1.3s)
  ok 396 [firefox] › tests\fe020.spec.ts:41:1 › FE020.AC01 approval detail is fetched and a changed source resource rejects the stale decision (3.3s)
  ok 397 [firefox] › tests\fe020.spec.ts:87:1 › FE020.AC02/03 work-item actions follow allowedActions and operations health stays explicitly synthetic (2.3s)
  ok 398 [firefox] › tests\fe020.spec.ts:137:1 › FE020.AC03 role pause control uses the canonical versioned mock and never claims readiness (1.7s)
  ok 399 [firefox] › tests\fe020.spec.ts:154:1 › FE020.F03 operations exception filter groups overdue, blocked, and unclaimed synthetic work (1.4s)
  ok 400 [firefox] › tests\fe020.spec.ts:175:1 › FE020.F05 delegation rule preview stays local and grants no API approval capability (2.3s)
  ok 401 [firefox] › tests\fe020.spec.ts:192:1 › FE020.F06/H01 digest and dependency health panels show synthetic history without claiming workers are ready (1.0s)
  ok 402 [firefox] › tests\fe020.spec.ts:225:1 › FE027.H08 restore and release readiness stay unknown without a verified rehearsal or deployment gate (1.3s)
  ok 403 [firefox] › tests\fe021.spec.ts:29:1 › FE021 dashboard keeps independent panels usable and hides finance fields without finance.read (1.0s)
  ok 404 [firefox] › tests\fe021.spec.ts:41:1 › FE021 marketing chart and table match the same synthetic API fixture and preserve missing actual spend (2.0s)
  ok 405 [firefox] › tests\fe021.spec.ts:64:1 › FE021 export uses inclusive shop-local boundaries, safe CSV, API jobs and cursor pagination (3.2s)
  ok 406 [firefox] › tests\fe021.spec.ts:119:1 › FE021 mock rejects an export when reports.export lacks the source permission (1.0s)
  ok 407 [firefox] › tests\fe021.spec.ts:139:1 › FE021 mock rejects an invalid report timezone before creating an export job (1.4s)
  ok 408 [firefox] › tests\fe021.spec.ts:159:1 › FE021 ambiguous export result preserves the selected dates and never exposes a download (2.7s)
  ok 409 [firefox] › tests\fe021.spec.ts:172:1 › FE021 empty report and marketing payloads render explicit empty states (2.4s)
  ok 410 [firefox] › tests\fe021.spec.ts:191:1 › FE021 stale export conflict preserves dates and never exposes a download (3.3s)
  ok 411 [firefox] › tests\frontend-corrections.spec.ts:18:1 › F01 preserves a customer draft, compares three snapshots, and PATCHes only chosen changes (2.0s)
  ok 412 [firefox] › tests\frontend-corrections.spec.ts:46:1 › F01 requires an explicit choice for a field changed by both editors (1.6s)
  ok 413 [firefox] › tests\frontend-corrections.spec.ts:62:1 › F06 detects an order draft and blocks navigation until explicit discard (1.4s)
  ok 414 [firefox] › tests\frontend-corrections.spec.ts:75:1 › F02 retains an unsaved product image through an unrelated refetch (1.1s)
  ok 415 [firefox] › tests\frontend-corrections.spec.ts:87:1 › F03 retains notification-policy inputs through a background resync and navigation (1.1s)
  ok 416 [firefox] › tests\frontend-corrections.spec.ts:98:1 › F05 keeps text typed while a previous internal note is pending (2.3s)
  ok 417 [firefox] › tests\frontend-corrections.spec.ts:113:1 › F08 validates 4001 customer-note characters at the field and accepts 4000 (1.7s)
  ok 418 [firefox] › tests\frontend-corrections.spec.ts:147:1 › F07 routes the fulfillment footer close through the shared discard guard (1.3s)
  ok 419 [firefox] › tests\frontend-corrections.spec.ts:161:1 › F09 refreshes new Inbox messages without refetching the visible product and stock snapshots (1.5s)
  ok 420 [firefox] › tests\frontend-corrections.spec.ts:191:1 › F01 shop settings merges a server-only locale change and preserves edits typed during save (2.7s)
  ok 421 [firefox] › tests\frontend-corrections.spec.ts:217:1 › F03 privacy policy preserves refetch drafts and compares before applying the newest version (1.1s)
  ok 422 [firefox] › tests\frontend-corrections.spec.ts:234:1 › F01 category keeps a late edit after saving, and reopens with a clean current baseline (2.9s)
  ok 423 [firefox] › tests\frontend-corrections.spec.ts:255:1 › F01 supplier preserves a concurrent server-only term and PATCHes the local name (1.3s)
  ok 424 [firefox] › tests\frontend-corrections.spec.ts:272:1 › F08 customer update enforces 4000/4001 before HTTP and retains a 422 draft (1.4s)
  ok 425 [firefox] › tests\frontend-corrections.spec.ts:300:1 › F05 keeps mode changes and unknown sends, locks another send, and observes recovery-registry completion (2.3s)
  ok 426 [firefox] › tests\frontend-corrections.spec.ts:326:1 › F01 order editor keeps its original version and compares whole line lists before PATCH (1.7s)
  ok 427 [firefox] › tests\frontend-corrections.spec.ts:345:1 › F06 guards added order rows, shop switch, logout and native reload; successful creation leaves no false guard (13.7s)
  ok 428 [firefox] › tests\frontend-corrections.spec.ts:370:1 › F01 analogous return-inspection draft does not adopt a refetched version without comparison (2.2s)
  ok 429 [firefox] › tests\frontend-corrections.spec.ts:394:1 › F01 comparison supports keyboard choices, server changes again, axe and 320px reflow with long content (2.0s)
  ok 430 [firefox] › tests\frontend-corrections.spec.ts:423:1 › F08 privacy bounds reject invalid days and long jurisdiction before HTTP (1.9s)
  ok 431 [firefox] › tests\frontend-corrections.spec.ts:448:1 › F06 order custom close respects the draft guard and busy editors remain protected (3.2s)
  ok 432 [firefox] › tests\frontend.spec.ts:39:1 › catalog create uses the HTTP mock and successful save clears the draft guard (1.9s)
  ok 433 [firefox] › tests\frontend.spec.ts:56:1 › dirty drafts block in-app navigation and preserve input until the user decides (2.0s)
  ok 434 [firefox] › tests\frontend.spec.ts:74:1 › all canonical routes render inside the real React demo application (36.6s)
  ok 435 [firefox] › tests\frontend.spec.ts:99:1 › switching shops cancels a delayed request and loads only the new shop scope (5.0s)
  ok 436 [firefox] › tests\frontend.spec.ts:117:1 › role changes remove restricted navigation and the route guard explains denied access (939ms)
  ok 437 [firefox] › tests\frontend.spec.ts:130:1 › deep links survive browser refresh and logout clears the mock session (2.7s)
  ok 438 [firefox] › tests\frontend.spec.ts:143:1 › logout asks before discarding a draft and retains the session when logout fails (2.2s)
  ok 439 [firefox] › tests\frontend.spec.ts:200:1 › mobile navigation opens, routes, and closes without viewport overflow (1.4s)
  ok 440 [firefox] › tests\frontend.spec.ts:214:1 › chunk loading errors use the route recovery boundary (1.5s)
  ok 441 [firefox] › tests\frontend.spec.ts:253:1 › live mode reports an unavailable session API without enabling mock data (398ms)
ROUTE_ROLE_MATRIX_CASES=357 ROLES=7 PRIVATE_ROUTES=51 RESULT=PASS
  ok 442 [firefox] › tests\route-role-matrix.spec.ts:42:1 › route read access matches canonical permissions for every demo role (15.2s)
  ok 443 [firefox] › tests\security.spec.ts:35:1 › untrusted product text renders as text without activating markup (1.8s)
  ok 444 [firefox] › tests\security.spec.ts:53:1 › catalog import rejects a non-CSV file before an upload request (1.3s)
  ok 445 [firefox] › tests\security.spec.ts:71:1 › catalog import rejects files above the demo size limit before upload (1.3s)
  ok 446 [firefox] › tests\security.spec.ts:89:1 › mock uploads require a purpose, enforce its role, and fingerprint file content for retries (1.8s)
VITE_CACHE_ISOLATION=PASS rootA=C:\Users\Joker-PC\AppData\Local\Temp\botsales-vite-cache\ea27c7577456f6009d55\test-demo\playwright-51408-8bf0ab46-8728-4003-86f1-c8055e260e27-parallel-a rootB=C:\Users\Joker-PC\AppData\Local\Temp\botsales-vite-cache\ea27c7577456f6009d55\test-demo\playwright-51408-8bf0ab46-8728-4003-86f1-c8055e260e27-parallel-b otherCheckout=true
  ok 447 [firefox] › tests\session\demo-server-cache-isolation.spec.ts:7:1 › concurrent demo servers use isolated Vite caches and load the React app (1.6s)
  ok 448 [firefox] › tests\session\demo-worker-startup.spec.ts:17:1 › demo startup explains the required setup when the browser blocks Service Workers (1.0s)
  ok 449 [firefox] › tests\session\session-revocation.spec.ts:20:1 › session.revoked SSE closes the stream and clears the active shop session (1.1s)
  ok 450 [firefox] › tests\session\session-unauthorized.spec.ts:17:1 › expired live session redirects to login and preserves the requested shop route (676ms)
  ok 451 [firefox] › tests\states\fe023.spec.ts:17:1 › FE023.S04 a dirty dialog keeps the form value until the user confirms discard (1.8s)
  ok 452 [firefox] › tests\states\fe023.spec.ts:35:1 › FE023.S03 a customer lookup loads the next cursor page without dropping earlier choices (2.1s)
  ok 453 [firefox] › tests\states\fe023.spec.ts:76:1 › FE023.S04 delayed requests show loading and failed refresh keeps a retry path (7.2s)
  ok 454 [firefox] › tests\states\fe023.spec.ts:103:1 › FE023 unsaved shop settings are preserved when navigation switches shop scope (2.9s)
  ok 455 [firefox] › tests\states\fe023.spec.ts:121:1 › FE023 a saved shop form resets its dirty baseline and reports success (2.5s)
ROUTE_EMPTY_COMPOSITION_PROGRESS=3/11
ROUTE_EMPTY_COMPOSITION_PROGRESS=6/11
ROUTE_EMPTY_COMPOSITION_PROGRESS=9/11
ROUTE_EMPTY_COMPOSITION=11/11 RESULT=PASS
  ok 456 [firefox] › tests\states\route-empty-composition.spec.ts:27:1 › empty collection responses render accessible empty states on canonical list routes (5.2s)
ROUTE_ERROR_COMPOSITION_PROGRESS=10/51
ROUTE_ERROR_COMPOSITION_PROGRESS=20/51
ROUTE_ERROR_COMPOSITION_PROGRESS=30/51
ROUTE_ERROR_COMPOSITION_PROGRESS=40/51
ROUTE_ERROR_COMPOSITION_PROGRESS=50/51
ROUTE_ERROR_COMPOSITION=51/51 RESULT=PASS
  ok 457 [firefox] › tests\states\route-error-composition.spec.ts:26:1 › every shop route composes the shared API error state with its page content (2.6m)
  ok 458 [firefox] › tests\ui-bot-layout.spec.ts:42:1 › Bot routes R26/R27/R28/R51 fit the supported page-width boundaries (22.7s)
  ok 459 [firefox] › tests\ui-bot-layout.spec.ts:52:1 › Bot config, evaluation, role and budget dialogs stay inside mobile and desktop viewports (14.4s)
  ok 460 [firefox] › tests\ui-catalog-layout.spec.ts:15:1 › catalog R09-R14 keeps shared gutters, inset ownership and dry-run flow at mobile and desktop (12.0s)
  ok 461 [firefox] › tests\ui-catalog-layout.spec.ts:67:1 › Imports review notice and demo controls keep the measured shared 24px clearance at 806x884 (1.3s)
  ok 462 [firefox] › tests\ui-composition-layout.spec.ts:13:1 › SPC-061/062 shared compositions own their gap and child boundaries on every canonical route (1.9m)
  ok 463 [firefox] › tests\ui-composition-positive-ancestry.spec.ts:62:1 › S15 Dashboard conditional content keeps an independently bordered surface inside its Panel owner (2.7s)
  ok 464 [firefox] › tests\ui-composition-positive-ancestry.spec.ts:103:1 › S15 catalog QueryState fragment keeps DataTable and Pager as peer children of one Panel (3.5s)
  ok 465 [firefox] › tests\ui-composition-positive-ancestry.spec.ts:137:1 › S15 Knowledge action group wraps children without losing its shared action owner (5.6s)
  ok 466 [firefox] › tests\ui-customers-layout.spec.ts:30:1 › Customers R07/R08/R54 layouts fit the shell at every responsive boundary (16.7s)
  ok 467 [firefox] › tests\ui-customers-layout.spec.ts:59:1 › Customer create and service-case dialogs stay in the viewport without submitting (5.9s)
  ok 468 [firefox] › tests\ui-dashboard-layout.spec.ts:15:1 › dashboard hierarchy, CTA targets, and page width hold across supported breakpoints (2.4s)
  ok 469 [firefox] › tests\ui-finance-layout.spec.ts:30:1 › Finance R20/R21/R22/R48/R49/R50 route layouts retain shell gutter without horizontal overflow from 320–1440px (31.0s)
  ok 470 [firefox] › tests\ui-finance-layout.spec.ts:62:1 › titled Finance Panels keep one 16px header-to-first-content boundary (9.8s)
  ok 471 [firefox] › tests\ui-finance-layout.spec.ts:124:1 › Finance report, entry, journal, reconciliation and period dialogs remain in the viewport without submitting (12.6s)
  ok 472 [firefox] › tests\ui-fulfillment-layout.spec.ts:30:1 › Fulfillment R41/R42 preserve shell gutter and contain responsive route layouts from 320-1440px (9.9s)
  ok 473 [firefox] › tests\ui-fulfillment-layout.spec.ts:59:1 › Fulfillment prep, shipment-create, detail and event dialogs fit mobile and desktop without submitting (5.8s)
  ok 474 [firefox] › tests\ui-integrations-layout.spec.ts:40:1 › Integrations routes R29/R30 fit the supported page-width boundaries (11.1s)
  ok 475 [firefox] › tests\ui-integrations-layout.spec.ts:50:1 › R29 disconnect and R30 create/edit credential dialogs stay inside mobile and desktop viewports (9.0s)
  ok 476 [firefox] › tests\ui-inventory-layout.spec.ts:15:1 › Inventory R15/R16 preserve shared gutter and contain table overflow at 320-1440px (10.7s)
  ok 477 [firefox] › tests\ui-inventory-layout.spec.ts:51:1 › Inventory filters reset cursor and preserve other URL state; adjustment validation sends no command (5.3s)
  ok 478 [firefox] › tests\ui-knowledge-layout.spec.ts:56:1 › Knowledge routes R23/R24/R25 fit every supported layout boundary (19.0s)
  ok 479 [firefox] › tests\ui-knowledge-layout.spec.ts:76:1 › Knowledge create, edit, and feedback-review dialogs remain inside mobile and desktop viewports (11.7s)
  ok 480 [firefox] › tests\ui-notifications-layout.spec.ts:40:1 › R39/R40 Notifications routes fit the supported page-width boundaries (11.3s)
  ok 481 [firefox] › tests\ui-notifications-layout.spec.ts:50:1 › R40 revoke-device confirmation stays inside mobile and desktop viewports (4.0s)
  ok 482 [firefox] › tests\ui-operations-layout.spec.ts:41:1 › R37/R38/R52 Operations routes fit the supported page-width boundaries (16.4s)
  ok 483 [firefox] › tests\ui-operations-layout.spec.ts:51:1 › R52 role-control confirmation stays inside mobile and desktop viewports (4.1s)
  ok 484 [firefox] › tests\ui-orders-layout.spec.ts:15:1 › Orders R17/R18/R19/R43 preserve responsive page geometry at 320-1440px (20.2s)
  ok 485 [firefox] › tests\ui-orders-layout.spec.ts:46:1 › Orders draft, versioned quote, synthetic address and return dialogs keep their behavior without writes (10.1s)
  ok 486 [firefox] › tests\ui-panel-layout.spec.ts:15:1 › the titled Fulfillment Panel owns its body inset and keeps one 16px header boundary (3.4s)
  ok 487 [firefox] › tests\ui-procurement-layout.spec.ts:36:1 › Procurement R44-R47 preserve shared page gutter and contain responsive tables at 320-1440px (21.2s)
  ok 488 [firefox] › tests\ui-procurement-layout.spec.ts:67:1 › Procurement supplier, offer, rule, purchase and receipt dialogs fit narrow and desktop viewports without writes (13.8s)
  ok 489 [firefox] › tests\ui-query-state-layout.spec.ts:68:5 › S12 R09 QueryState section profile preserves pending and ready layout (9.2s)
  ok 490 [firefox] › tests\ui-query-state-layout.spec.ts:68:5 › S12 R11 QueryState inline profile preserves pending and ready layout (8.9s)
  ok 491 [firefox] › tests\ui-shell-layout.spec.ts:44:1 › Shell keeps header, banner, main and footer on one responsive gutter (959ms)
  ok 492 [firefox] › tests\ui-shell-layout.spec.ts:99:1 › demo controls stay discoverable on mobile and usable on desktop (710ms)
  ok 493 [firefox] › tests\ui-shell-layout.spec.ts:117:1 › SPC-055/057 floated demo-control labels keep a clear gap on every Shell route consumer (19.2s)
  ok 494 [firefox] › tests\ui-shell-layout.spec.ts:141:1 › unmatched route fallback owns its page gutter without horizontal overflow (426ms)
  ok 495 [firefox] › tests\ui-workspace-layout.spec.ts:60:1 › workspace routes stay within the supported page-width boundaries (41.8s)
  ok 496 [firefox] › tests\ui-workspace-layout.spec.ts:72:1 › team invite and privacy request dialogs remain usable without submitting (7.6s)
  ok 497 [firefox] › tests\ui006-lookups.spec.ts:68:1 › UI006.C05 lookup and table cursors reach records after 150 synthetic suppliers, offers, and orders (19.6s)
  ok 498 [firefox] › tests\ui006-lookups.spec.ts:214:1 › UI006.C04 bounded previews disclose their sample and link to full collections (3.5s)
  ok 499 [firefox] › tests\ui006-lookups.spec.ts:231:1 › UI006.C02 selected order identity survives a failed search and cursor retry (2.0s)
  ok 500 [firefox] › tests\ui007-query-states.spec.ts:30:1 › UI007 secondary order query loads independently while the customer profile remains available (2.3s)
  ok 501 [firefox] › tests\ui007-query-states.spec.ts:60:1 › UI007 order query 503 is isolated from the primary customer query and retries only that query (3.0s)
  ok 502 [firefox] › tests\ui007-query-states.spec.ts:94:1 › UI007 forbidden order query is an access state and a successful empty query is distinct (1.8s)
  ok 503 [firefox] › tests\ui007-query-states.spec.ts:114:1 › UI007 supplier and offer failures keep purchase suggestions visible and have operation-specific recovery (2.9s)
  ok 504 [firefox] › tests\ui007-query-states.spec.ts:150:1 › UI007 auto-send budget query is lazy, permission-aware, and blocks an unverified budget (2.0s)
  ok 505 [firefox] › tests\ui008-integration-empty.spec.ts:54:1 › UI008 R29 successful empty collection exposes an accessible state and one permission-guarded connect CTA (787ms)
  ok 506 [firefox] › tests\ui008-integration-empty.spec.ts:72:1 › UI008 R29 read-only bot_admin sees the empty state without a manage action (1.3s)
  ok 507 [firefox] › tests\ui008-integration-empty.spec.ts:87:1 › UI008 R29 pending channel query stays loading until its response arrives (1.7s)
  ok 508 [firefox] › tests\ui008-integration-empty.spec.ts:105:1 › UI008 R29 forbidden channel query is not presented as empty or retryable (1.3s)
  ok 509 [firefox] › tests\ui008-integration-empty.spec.ts:119:1 › UI008 R29 503 remains an error and recovers through its retry control (2.3s)
  ok 510 [firefox] › tests\ui008-integration-empty.spec.ts:140:1 › UI008 R30 successful empty AI connection cards show a first-use state and one add CTA (790ms)
  ok 511 [firefox] › tests\ui008-integration-empty.spec.ts:158:1 › UI008 R30 read-only bot_admin sees the empty state without an add action (1.3s)
  ok 512 [firefox] › tests\ui009-scope-regression.spec.ts:23:1 › UI009 delayed customer orders from the previous shop cannot leak into the new shop profile (7.2s)
  ok 513 [firefox] › tests\ui010-dialog-draft.spec.ts:15:1 › UI010 a discarded confirmation reason is cleared before the dialog opens again (2.3s)
  ok 514 [firefox] › tests\ui011-date-time.spec.ts:16:1 › UI011 report defaults use the active shop calendar month at a UTC month boundary (1.3s)
  ok 515 [firefox] › tests\ui011-date-time.spec.ts:29:1 › UI011 journal effective date defaults to the active shop calendar date (1.4s)
  ok 516 [firefox] › tests\ui011-date-time.spec.ts:41:1 › UI011 shipment event input and API instant use the shop timezone, not browser timezone (1.7s)
  ok 517 [firefox] › tests\ui012-keyboard.spec.ts:42:1 › UI012 keyboard-only finance edit handles select, discard warning and focus return (2.5s)
  ok 518 [firefox] › tests\ui012-keyboard.spec.ts:103:1 › UI012 keyboard validation focuses the field named by a synthetic 422 response (3.0s)
  ok 519 [firefox] › tests\ui012-keyboard.spec.ts:160:1 › UI012 keyboard activates the CSV chooser and discards its selected file without upload (1.9s)
  ok 520 [firefox] › tests\ui012-keyboard.spec.ts:200:1 › UI012 keyboard can reach and horizontally scroll the marketing chart data alternative (1.5s)
  ok 521 [firefox] › tests\ui012-keyboard.spec.ts:227:1 › UI012 marketing chart keeps every category label visible beside its data table (2.4s)
  ok 522 [firefox] › tests\ui012-keyboard.spec.ts:268:1 › UI012 inbox feedback actions identify their message and return focus after Escape (2.4s)
  ok 523 [firefox] › tests\ui012-keyboard.spec.ts:301:1 › UI012 order draft does not announce an untouched required customer as invalid (1.3s)
  ok 524 [firefox] › tests\ui012-keyboard.spec.ts:314:1 › UI012 long BotConfig policy literal wraps inside its alert at a 320 CSS-pixel viewport (1.2s)
  ok 525 [firefox] › tests\ui012-keyboard.spec.ts:348:1 › UI012 dashboard CTA separates hover and pressed feedback while keeping keyboard focus visible (3.6s)
  ok 526 [firefox] › tests\ui013-url-state.spec.ts:19:1 › UI013 reconciliation tab deep links and survives refresh; malformed tab safely falls back (3.0s)
  ok 527 [firefox] › tests\ui013-url-state.spec.ts:39:1 › UI013 finance date range deep link, edit, refresh and Back use shop-local filter state (3.1s)
  ok 528 [firefox] › tests\ui013-url-state.spec.ts:70:1 › UI013 report type and export date filters are deep-linkable, refreshable and malformed values fall back safely (4.1s)
  ok 529 [firefox] › tests\ui021-permission-edge.spec.ts:4:1 › privacy page keeps the customers link when the destination permission is present (1.4s)
  ok 530 [firefox] › tests\ui021-permission-edge.spec.ts:19:1 › privacy page hides the customers link when the destination permission is missing (2.0s)
  ok 531 [firefox] › tests\ui028-w24-inbox-layout.spec.ts:15:1 › UI028.W24 Inbox spacing roles remain consistent across breakpoints without losing draft state (7.0s)
  ok 532 [firefox] › tests\ui028-w25-reports-layout.spec.ts:15:1 › UI028.W25 Reports semantic spacing stays stable at mobile, tablet and desktop widths (10.4s)
  ok 533 [firefox] › tests\ui028-w25-reports-layout.spec.ts:113:1 › UI028.W25 authorized report download link retains its 44px hit target (2.3s)
[w28-route-geometry] {"browser":"firefox","width":390,"routes":54,"issues":0,"pageErrors":0,"evidence":"evidence\\frontend-ui-improvements\\UI028\\W28\\route-geometry-firefox-390-current-corrections-1791441445991-24436.json"}
  ok 534 [firefox] › tests\ui028-w28-routes.spec.ts:47:5 › UI028.W28 54 canonical routes render with measured 390px layout geometry (55.5s)
[w28-route-geometry] {"browser":"firefox","width":1440,"routes":54,"issues":0,"pageErrors":0,"evidence":"evidence\\frontend-ui-improvements\\UI028\\W28\\route-geometry-firefox-1440-current-corrections-1791441445991-24436.json"}
  ok 535 [firefox] › tests\ui028-w28-routes.spec.ts:47:5 › UI028.W28 54 canonical routes render with measured 1440px layout geometry (45.4s)
[w29-responsive-profile] {"browser":"firefox","width":320,"profiles":7,"issues":0,"pageErrors":0,"evidence":"evidence\\frontend-ui-improvements\\UI028\\W29\\responsive-profile-firefox-320-current-corrections-1791441445991-24436.json"}
  ok 536 [firefox] › tests\ui028-w29-reflow.spec.ts:30:5 › UI028.W29 320px reflow retains representative actions and contains overflow (9.5s)
[w29-responsive-profile] {"browser":"firefox","width":390,"profiles":7,"issues":0,"pageErrors":0,"evidence":"evidence\\frontend-ui-improvements\\UI028\\W29\\responsive-profile-firefox-390-current-corrections-1791441445991-24436.json"}
  ok 537 [firefox] › tests\ui028-w29-reflow.spec.ts:30:5 › UI028.W29 390px reflow retains representative actions and contains overflow (8.4s)
[w29-responsive-profile] {"browser":"firefox","width":767,"profiles":7,"issues":0,"pageErrors":0,"evidence":"evidence\\frontend-ui-improvements\\UI028\\W29\\responsive-profile-firefox-767-current-corrections-1791441445991-24436.json"}
  ok 538 [firefox] › tests\ui028-w29-reflow.spec.ts:30:5 › UI028.W29 767px reflow retains representative actions and contains overflow (9.8s)
[w29-responsive-profile] {"browser":"firefox","width":768,"profiles":7,"issues":0,"pageErrors":0,"evidence":"evidence\\frontend-ui-improvements\\UI028\\W29\\responsive-profile-firefox-768-current-corrections-1791441445991-24436.json"}
  ok 539 [firefox] › tests\ui028-w29-reflow.spec.ts:30:5 › UI028.W29 768px reflow retains representative actions and contains overflow (8.5s)
[w29-responsive-profile] {"browser":"firefox","width":1024,"profiles":7,"issues":0,"pageErrors":0,"evidence":"evidence\\frontend-ui-improvements\\UI028\\W29\\responsive-profile-firefox-1024-current-corrections-1791441445991-24436.json"}
  ok 540 [firefox] › tests\ui028-w29-reflow.spec.ts:30:5 › UI028.W29 1024px reflow retains representative actions and contains overflow (8.2s)
[w29-responsive-profile] {"browser":"firefox","width":1279,"profiles":7,"issues":0,"pageErrors":0,"evidence":"evidence\\frontend-ui-improvements\\UI028\\W29\\responsive-profile-firefox-1279-current-corrections-1791441445991-24436.json"}
  ok 541 [firefox] › tests\ui028-w29-reflow.spec.ts:30:5 › UI028.W29 1279px reflow retains representative actions and contains overflow (8.2s)
[w29-responsive-profile] {"browser":"firefox","width":1280,"profiles":7,"issues":0,"pageErrors":0,"evidence":"evidence\\frontend-ui-improvements\\UI028\\W29\\responsive-profile-firefox-1280-current-corrections-1791441445991-24436.json"}
  ok 542 [firefox] › tests\ui028-w29-reflow.spec.ts:30:5 › UI028.W29 1280px reflow retains representative actions and contains overflow (6.0s)
[w29-responsive-profile] {"browser":"firefox","width":1440,"profiles":7,"issues":0,"pageErrors":0,"evidence":"evidence\\frontend-ui-improvements\\UI028\\W29\\responsive-profile-firefox-1440-current-corrections-1791441445991-24436.json"}
  ok 543 [firefox] › tests\ui028-w29-reflow.spec.ts:30:5 › UI028.W29 1440px reflow retains representative actions and contains overflow (6.0s)
[w29-responsive-profile] {"browser":"firefox","width":1920,"profiles":7,"issues":0,"pageErrors":0,"evidence":"evidence\\frontend-ui-improvements\\UI028\\W29\\responsive-profile-firefox-1920-current-corrections-1791441445991-24436.json"}
  ok 544 [firefox] › tests\ui028-w29-reflow.spec.ts:30:5 › UI028.W29 1920px reflow retains representative actions and contains overflow (6.6s)
[w30-stress] {"browser":"firefox","scenario":"form-error-short","viewport":{"width":320,"height":480},"scaledTextElements":54,"issues":0,"pageErrors":0,"evidence":"evidence\\frontend-ui-improvements\\UI028\\W30\\stress-firefox-form-error-short-current-corrections-1791441445991-24436.json"}
  ok 545 [firefox] › tests\ui028-w30-stress.spec.ts:75:5 › UI028.W30 form-error-short: 200% text and spacing stress at 320x480 (1.5s)
[w30-stress] {"browser":"firefox","scenario":"mobile-menu-long-label","viewport":{"width":390,"height":560},"scaledTextElements":141,"issues":0,"pageErrors":0,"evidence":"evidence\\frontend-ui-improvements\\UI028\\W30\\stress-firefox-mobile-menu-long-label-current-corrections-1791441445991-24436.json"}
  ok 546 [firefox] › tests\ui028-w30-stress.spec.ts:75:5 › UI028.W30 mobile-menu-long-label: 200% text and spacing stress at 390x560 (1.7s)
[w30-stress] {"browser":"firefox","scenario":"report-long-id","viewport":{"width":640,"height":450},"scaledTextElements":61,"issues":0,"pageErrors":0,"evidence":"evidence\\frontend-ui-improvements\\UI028\\W30\\stress-firefox-report-long-id-current-corrections-1791441445991-24436.json"}
  ok 547 [firefox] › tests\ui028-w30-stress.spec.ts:75:5 › UI028.W30 report-long-id: 200% text and spacing stress at 640x450 (1.3s)
[w30-stress] {"browser":"firefox","scenario":"inbox-long-composer","viewport":{"width":390,"height":560},"scaledTextElements":70,"issues":0,"pageErrors":0,"evidence":"evidence\\frontend-ui-improvements\\UI028\\W30\\stress-firefox-inbox-long-composer-current-corrections-1791441445991-24436.json"}
  ok 548 [firefox] › tests\ui028-w30-stress.spec.ts:75:5 › UI028.W30 inbox-long-composer: 200% text and spacing stress at 390x560 (1.9s)
[w30-stress] {"browser":"firefox","scenario":"dialog-long-reason","viewport":{"width":320,"height":480},"scaledTextElements":79,"issues":0,"pageErrors":0,"evidence":"evidence\\frontend-ui-improvements\\UI028\\W30\\stress-firefox-dialog-long-reason-current-corrections-1791441445991-24436.json"}
  ok 549 [firefox] › tests\ui028-w30-stress.spec.ts:75:5 › UI028.W30 dialog-long-reason: 200% text and spacing stress at 320x480 (1.4s)
  ok 550 [firefox] › tests\vertical-slices\fe022-flows.spec.ts:36:1 › FE022.VS01 catalog → stock → order → prep keeps product, reservation, and order references linked (3.1s)
  ok 551 [firefox] › tests\vertical-slices\fe022-flows.spec.ts:90:1 › FE022.VS02 procurement → approval → receipt → stock and payable preserves the purchase identity (6.3s)
  ok 552 [firefox] › tests\vertical-slices\fe022-flows.spec.ts:166:1 › FE022.VS03 finance → reconciliation retains bank transaction and partial debt allocation (2.2s)
  ok 553 [firefox] › tests\vertical-slices\fe022-flows.spec.ts:202:1 › FE022.VS04 inbox → knowledge draft → bot evaluation preserves feedback and revision source IDs (3.0s)
  ok 554 [firefox] › tests\vertical-slices\fe022-flows.spec.ts:244:1 › FE022.S05 route and feature matrix covers canonical IDs with executed cases or explicit frontend gaps (243ms)

  554 passed (52.0m)
