2026-10-10T15:16:04.0704127Z Current runner version: '2.337.0'
2026-10-10T15:16:04.0730615Z ##[group]Runner Image Provisioner
2026-10-10T15:16:04.0731617Z Hosted Compute Agent
2026-10-10T15:16:04.0732225Z Version: 20261002.596
2026-10-10T15:16:04.0733165Z Commit: c3d12f3313a95f25162a1503be624f3b0617f8c0
2026-10-10T15:16:04.0733962Z Build Date: 2026-10-02T22:28:27Z
2026-10-10T15:16:04.0734691Z Worker ID: {1d98d6f0-93a7-4cc3-b80a-9421c4ad7e3e}
2026-10-10T15:16:04.0735860Z Region: westus
2026-10-10T15:16:04.0736469Z Cloud: Azure
2026-10-10T15:16:04.0737053Z ##[endgroup]
2026-10-10T15:16:04.0738716Z ##[group]Operating System
2026-10-10T15:16:04.0739435Z Ubuntu
2026-10-10T15:16:04.0740070Z 24.04.5
2026-10-10T15:16:04.0740671Z LTS
2026-10-10T15:16:04.0741247Z ##[endgroup]
2026-10-10T15:16:04.0741894Z ##[group]Runner Image
2026-10-10T15:16:04.0742931Z Image: ubuntu-24.04
2026-10-10T15:16:04.0743623Z Version: 20261004.327.1
2026-10-10T15:16:04.0744932Z Included Software: https://github.com/actions/runner-images/blob/ubuntu24/20261004.327/images/ubuntu/Ubuntu2404-Readme.md
2026-10-10T15:16:04.0746567Z Image Release: https://github.com/actions/runner-images/releases/tag/ubuntu24%2F20261004.327
2026-10-10T15:16:04.0747589Z ##[endgroup]
2026-10-10T15:16:04.0748762Z ##[group]GITHUB_TOKEN Permissions
2026-10-10T15:16:04.0750812Z Contents: read
2026-10-10T15:16:04.0751574Z Metadata: read
2026-10-10T15:16:04.0752204Z ##[endgroup]
2026-10-10T15:16:04.0754711Z Secret source: Actions
2026-10-10T15:16:04.0755847Z Cache mode: write
2026-10-10T15:16:04.0756592Z Prepare workflow directory
2026-10-10T15:16:04.1230746Z Prepare all required actions
2026-10-10T15:16:04.1279604Z Getting action download info
2026-10-10T15:16:04.4596838Z Download action repository 'actions/checkout@3d3c42e5aac5ba805825da76410c181273ba90b1' (SHA:3d3c42e5aac5ba805825da76410c181273ba90b1)
2026-10-10T15:16:04.5615624Z Download action repository 'actions/setup-node@820762786026740c76f36085b0efc47a31fe5020' (SHA:820762786026740c76f36085b0efc47a31fe5020)
2026-10-10T15:16:04.6401848Z Download action repository 'actions/upload-artifact@043fb46d1a93c77aae656e7c1c64a875d1fc6a0a' (SHA:043fb46d1a93c77aae656e7c1c64a875d1fc6a0a)
2026-10-10T15:16:04.8256243Z Complete job name: verify (firefox)
2026-10-10T15:16:04.9000899Z ##[group]Run actions/checkout@3d3c42e5aac5ba805825da76410c181273ba90b1
2026-10-10T15:16:04.9001976Z with:
2026-10-10T15:16:04.9002724Z   repository: LonelyTraderBay/Bot-AI-Ban-hang-FB
2026-10-10T15:16:04.9006484Z   token: ***
2026-10-10T15:16:04.9006943Z   ssh-strict: true
2026-10-10T15:16:04.9007398Z   ssh-user: git
2026-10-10T15:16:04.9007858Z   persist-credentials: true
2026-10-10T15:16:04.9008360Z   clean: true
2026-10-10T15:16:04.9008809Z   sparse-checkout-cone-mode: true
2026-10-10T15:16:04.9009340Z   fetch-depth: 1
2026-10-10T15:16:04.9009778Z   fetch-tags: false
2026-10-10T15:16:04.9010216Z   show-progress: true
2026-10-10T15:16:04.9010671Z   lfs: false
2026-10-10T15:16:04.9011092Z   submodules: false
2026-10-10T15:16:04.9011553Z   set-safe-directory: true
2026-10-10T15:16:04.9012102Z   allow-unsafe-pr-checkout: false
2026-10-10T15:16:04.9013055Z ##[endgroup]
2026-10-10T15:16:05.0037471Z Syncing repository: LonelyTraderBay/Bot-AI-Ban-hang-FB
2026-10-10T15:16:05.0040268Z ##[group]Getting Git version info
2026-10-10T15:16:05.0041637Z Working directory is '/home/runner/work/Bot-AI-Ban-hang-FB/Bot-AI-Ban-hang-FB'
2026-10-10T15:16:05.0051622Z [command]/usr/bin/git version
2026-10-10T15:16:05.0194481Z git version 2.55.0
2026-10-10T15:16:05.0222726Z ##[endgroup]
2026-10-10T15:16:05.0231258Z Temporarily overriding HOME='/home/runner/work/_temp/25a4f5d6-1059-4edb-ac9f-dafe31fd16af' before making global git config changes
2026-10-10T15:16:05.0235069Z Adding repository directory to the temporary git global config as a safe directory
2026-10-10T15:16:05.0245801Z [command]/usr/bin/git config --global --add safe.directory /home/runner/work/Bot-AI-Ban-hang-FB/Bot-AI-Ban-hang-FB
2026-10-10T15:16:05.0295202Z Deleting the contents of '/home/runner/work/Bot-AI-Ban-hang-FB/Bot-AI-Ban-hang-FB'
2026-10-10T15:16:05.0299072Z ##[group]Determining repository object format
2026-10-10T15:16:05.0300872Z ##[endgroup]
2026-10-10T15:16:05.0302159Z ##[group]Initializing the repository
2026-10-10T15:16:05.0306599Z [command]/usr/bin/git init /home/runner/work/Bot-AI-Ban-hang-FB/Bot-AI-Ban-hang-FB
2026-10-10T15:16:05.0431760Z hint: Using 'master' as the name for the initial branch. This default branch name
2026-10-10T15:16:05.0434021Z hint: will change to "main" in Git 3.0. To configure the initial branch name
2026-10-10T15:16:05.0436016Z hint: to use in all of your new repositories, which will suppress this warning,
2026-10-10T15:16:05.0437770Z hint: call:
2026-10-10T15:16:05.0438976Z hint:
2026-10-10T15:16:05.0440403Z hint: 	git config --global init.defaultBranch <name>
2026-10-10T15:16:05.0442079Z hint:
2026-10-10T15:16:05.0443886Z hint: Names commonly chosen instead of 'master' are 'main', 'trunk' and
2026-10-10T15:16:05.0446176Z hint: 'development'. The just-created branch can be renamed via this command:
2026-10-10T15:16:05.0447886Z hint:
2026-10-10T15:16:05.0448708Z hint: 	git branch -m <name>
2026-10-10T15:16:05.0449583Z hint:
2026-10-10T15:16:05.0451050Z hint: Disable this message with "git config set advice.defaultBranchName false"
2026-10-10T15:16:05.0453390Z Initialized empty Git repository in /home/runner/work/Bot-AI-Ban-hang-FB/Bot-AI-Ban-hang-FB/.git/
2026-10-10T15:16:05.0457138Z [command]/usr/bin/git remote add origin https://github.com/LonelyTraderBay/Bot-AI-Ban-hang-FB
2026-10-10T15:16:05.0518134Z ##[endgroup]
2026-10-10T15:16:05.0519317Z ##[group]Disabling automatic garbage collection
2026-10-10T15:16:05.0523614Z [command]/usr/bin/git config --local gc.auto 0
2026-10-10T15:16:05.0558104Z ##[endgroup]
2026-10-10T15:16:05.0559564Z ##[group]Setting up auth
2026-10-10T15:16:05.0560331Z Removing SSH command configuration
2026-10-10T15:16:05.0567650Z [command]/usr/bin/git config --local --name-only --get-regexp core\.sshCommand
2026-10-10T15:16:05.0605320Z [command]/usr/bin/git submodule foreach --recursive sh -c "git config --local --name-only --get-regexp 'core\.sshCommand' && git config --local --unset-all 'core.sshCommand' || :"
2026-10-10T15:16:05.0976192Z Removing HTTP extra header
2026-10-10T15:16:05.0982066Z [command]/usr/bin/git config --local --name-only --get-regexp http\.https\:\/\/github\.com\/\.extraheader
2026-10-10T15:16:05.1016009Z [command]/usr/bin/git submodule foreach --recursive sh -c "git config --local --name-only --get-regexp 'http\.https\:\/\/github\.com\/\.extraheader' && git config --local --unset-all 'http.https://github.com/.extraheader' || :"
2026-10-10T15:16:05.1231452Z Removing includeIf entries pointing to credentials config files
2026-10-10T15:16:05.1236895Z [command]/usr/bin/git config --local --name-only --get-regexp ^includeIf\.gitdir:
2026-10-10T15:16:05.1277268Z [command]/usr/bin/git submodule foreach --recursive git config --local --show-origin --name-only --get-regexp remote.origin.url
2026-10-10T15:16:05.1526245Z [command]/usr/bin/git config --file /home/runner/work/_temp/git-credentials-01ccbd23-c78a-4ed1-acaa-20ccdce53515.config http.https://github.com/.extraheader AUTHORIZATION: basic ***
2026-10-10T15:16:05.1568960Z [command]/usr/bin/git config --local includeIf.gitdir:/home/runner/work/Bot-AI-Ban-hang-FB/Bot-AI-Ban-hang-FB/.git.path /home/runner/work/_temp/git-credentials-01ccbd23-c78a-4ed1-acaa-20ccdce53515.config
2026-10-10T15:16:05.1604707Z [command]/usr/bin/git config --local includeIf.gitdir:/home/runner/work/Bot-AI-Ban-hang-FB/Bot-AI-Ban-hang-FB/.git/worktrees/*.path /home/runner/work/_temp/git-credentials-01ccbd23-c78a-4ed1-acaa-20ccdce53515.config
2026-10-10T15:16:05.1640809Z [command]/usr/bin/git config --local includeIf.gitdir:/github/workspace/.git.path /github/runner_temp/git-credentials-01ccbd23-c78a-4ed1-acaa-20ccdce53515.config
2026-10-10T15:16:05.1677777Z [command]/usr/bin/git config --local includeIf.gitdir:/github/workspace/.git/worktrees/*.path /github/runner_temp/git-credentials-01ccbd23-c78a-4ed1-acaa-20ccdce53515.config
2026-10-10T15:16:05.1710960Z ##[endgroup]
2026-10-10T15:16:05.1713327Z ##[group]Fetching the repository
2026-10-10T15:16:05.1718223Z [command]/usr/bin/git -c protocol.version=2 fetch --no-tags --prune --no-recurse-submodules --depth=1 origin +1e3df01dad95696f407599aa9bd9f766757ee7bc:refs/remotes/origin/main
2026-10-10T15:16:24.1622414Z From https://github.com/LonelyTraderBay/Bot-AI-Ban-hang-FB
2026-10-10T15:16:24.1624479Z  * [new ref]           1e3df01dad95696f407599aa9bd9f766757ee7bc -> origin/main
2026-10-10T15:16:24.1630416Z [command]/usr/bin/git branch --list --remote origin/main
2026-10-10T15:16:24.1659881Z   origin/main
2026-10-10T15:16:24.1669678Z [command]/usr/bin/git rev-parse refs/remotes/origin/main
2026-10-10T15:16:24.1695623Z 1e3df01dad95696f407599aa9bd9f766757ee7bc
2026-10-10T15:16:24.1700868Z ##[endgroup]
2026-10-10T15:16:24.1702867Z ##[group]Determining the checkout info
2026-10-10T15:16:24.1705368Z ##[endgroup]
2026-10-10T15:16:24.1706725Z [command]/usr/bin/git sparse-checkout disable
2026-10-10T15:16:24.1761143Z [command]/usr/bin/git config --local --unset-all extensions.worktreeConfig
2026-10-10T15:16:24.1796056Z ##[group]Checking out the ref
2026-10-10T15:16:24.1798688Z [command]/usr/bin/git checkout --progress --force -B main refs/remotes/origin/main
2026-10-10T15:16:25.2112755Z Updating files:  26% (5728/21250)
2026-10-10T15:16:25.3795565Z Updating files:  27% (5738/21250)
2026-10-10T15:16:25.5135058Z Updating files:  28% (5950/21250)
2026-10-10T15:16:25.5903242Z Updating files:  29% (6163/21250)
2026-10-10T15:16:25.6711277Z Updating files:  30% (6375/21250)
2026-10-10T15:16:25.6971324Z Updating files:  31% (6588/21250)
2026-10-10T15:16:25.7477255Z Updating files:  32% (6800/21250)
2026-10-10T15:16:25.8917593Z Updating files:  33% (7013/21250)
2026-10-10T15:16:25.9330549Z Updating files:  34% (7225/21250)
2026-10-10T15:16:25.9630866Z Updating files:  35% (7438/21250)
2026-10-10T15:16:26.0244813Z Updating files:  36% (7650/21250)
2026-10-10T15:16:26.0895847Z Updating files:  37% (7863/21250)
2026-10-10T15:16:26.1403078Z Updating files:  38% (8075/21250)
2026-10-10T15:16:26.1951742Z Updating files:  39% (8288/21250)
2026-10-10T15:16:26.2000092Z Updating files:  40% (8500/21250)
2026-10-10T15:16:26.2151896Z Updating files:  40% (8563/21250)
2026-10-10T15:16:26.2725632Z Updating files:  41% (8713/21250)
2026-10-10T15:16:26.3190603Z Updating files:  42% (8925/21250)
2026-10-10T15:16:26.3719652Z Updating files:  43% (9138/21250)
2026-10-10T15:16:26.4213082Z Updating files:  44% (9350/21250)
2026-10-10T15:16:26.4366376Z Updating files:  45% (9563/21250)
2026-10-10T15:16:26.4449523Z Updating files:  46% (9775/21250)
2026-10-10T15:16:26.4790188Z Updating files:  47% (9988/21250)
2026-10-10T15:16:26.4982068Z Updating files:  48% (10200/21250)
2026-10-10T15:16:26.5360191Z Updating files:  49% (10413/21250)
2026-10-10T15:16:26.5525192Z Updating files:  50% (10625/21250)
2026-10-10T15:16:26.5636085Z Updating files:  51% (10838/21250)
2026-10-10T15:16:26.5768942Z Updating files:  52% (11050/21250)
2026-10-10T15:16:26.6465749Z Updating files:  53% (11263/21250)
2026-10-10T15:16:26.6726039Z Updating files:  54% (11475/21250)
2026-10-10T15:16:26.7082013Z Updating files:  55% (11688/21250)
2026-10-10T15:16:26.7715353Z Updating files:  56% (11900/21250)
2026-10-10T15:16:26.8206531Z Updating files:  57% (12113/21250)
2026-10-10T15:16:26.8595976Z Updating files:  58% (12325/21250)
2026-10-10T15:16:27.0691957Z Updating files:  59% (12538/21250)
2026-10-10T15:16:27.2024643Z Updating files:  60% (12750/21250)
2026-10-10T15:16:27.2181963Z Updating files:  60% (12950/21250)
2026-10-10T15:16:27.3310600Z Updating files:  61% (12963/21250)
2026-10-10T15:16:27.4326608Z Updating files:  62% (13175/21250)
2026-10-10T15:16:27.4567059Z Updating files:  63% (13388/21250)
2026-10-10T15:16:27.4732150Z Updating files:  64% (13600/21250)
2026-10-10T15:16:27.4900484Z Updating files:  65% (13813/21250)
2026-10-10T15:16:27.5035741Z Updating files:  66% (14025/21250)
2026-10-10T15:16:27.5193746Z Updating files:  67% (14238/21250)
2026-10-10T15:16:27.5323103Z Updating files:  68% (14450/21250)
2026-10-10T15:16:27.5435346Z Updating files:  69% (14663/21250)
2026-10-10T15:16:27.5558466Z Updating files:  70% (14875/21250)
2026-10-10T15:16:27.5677117Z Updating files:  71% (15088/21250)
2026-10-10T15:16:27.5897367Z Updating files:  72% (15300/21250)
2026-10-10T15:16:27.6159412Z Updating files:  73% (15513/21250)
2026-10-10T15:16:27.6288068Z Updating files:  74% (15725/21250)
2026-10-10T15:16:27.6447053Z Updating files:  75% (15938/21250)
2026-10-10T15:16:27.6635094Z Updating files:  76% (16150/21250)
2026-10-10T15:16:27.6773720Z Updating files:  77% (16363/21250)
2026-10-10T15:16:27.6913588Z Updating files:  78% (16575/21250)
2026-10-10T15:16:27.7052494Z Updating files:  79% (16788/21250)
2026-10-10T15:16:27.7185541Z Updating files:  80% (17000/21250)
2026-10-10T15:16:27.7311630Z Updating files:  81% (17213/21250)
2026-10-10T15:16:27.7432184Z Updating files:  82% (17425/21250)
2026-10-10T15:16:27.7563907Z Updating files:  83% (17638/21250)
2026-10-10T15:16:27.7715236Z Updating files:  84% (17850/21250)
2026-10-10T15:16:27.7844092Z Updating files:  85% (18063/21250)
2026-10-10T15:16:27.7969422Z Updating files:  86% (18275/21250)
2026-10-10T15:16:27.8105864Z Updating files:  87% (18488/21250)
2026-10-10T15:16:27.8316150Z Updating files:  88% (18700/21250)
2026-10-10T15:16:27.8473356Z Updating files:  89% (18913/21250)
2026-10-10T15:16:27.8618239Z Updating files:  90% (19125/21250)
2026-10-10T15:16:27.8766436Z Updating files:  91% (19338/21250)
2026-10-10T15:16:27.8912332Z Updating files:  92% (19550/21250)
2026-10-10T15:16:27.9056108Z Updating files:  93% (19763/21250)
2026-10-10T15:16:27.9246265Z Updating files:  94% (19975/21250)
2026-10-10T15:16:27.9379384Z Updating files:  95% (20188/21250)
2026-10-10T15:16:27.9528757Z Updating files:  96% (20400/21250)
2026-10-10T15:16:27.9967705Z Updating files:  97% (20613/21250)
2026-10-10T15:16:28.0142935Z Updating files:  98% (20825/21250)
2026-10-10T15:16:28.0607778Z Updating files:  99% (21038/21250)
2026-10-10T15:16:28.0608506Z Updating files: 100% (21250/21250)
2026-10-10T15:16:28.0609909Z Updating files: 100% (21250/21250), done.
2026-10-10T15:16:28.0836800Z Switched to a new branch 'main'
2026-10-10T15:16:28.0839433Z branch 'main' set up to track 'origin/main'.
2026-10-10T15:16:28.0969879Z ##[endgroup]
2026-10-10T15:16:28.1015479Z [command]/usr/bin/git log -1 --format=%H
2026-10-10T15:16:28.1046277Z 1e3df01dad95696f407599aa9bd9f766757ee7bc
2026-10-10T15:16:28.1309681Z ##[group]Run actions/setup-node@820762786026740c76f36085b0efc47a31fe5020
2026-10-10T15:16:28.1310094Z with:
2026-10-10T15:16:28.1310298Z   node-version: 24
2026-10-10T15:16:28.1310505Z   cache: npm
2026-10-10T15:16:28.1310802Z   cache-dependency-path: BotSalesAI_Frontend/package-lock.json
2026-10-10T15:16:28.1311164Z   check-latest: false
2026-10-10T15:16:28.1313847Z   token: ***
2026-10-10T15:16:28.1314081Z   package-manager-cache: true
2026-10-10T15:16:28.1314343Z ##[endgroup]
2026-10-10T15:16:28.2635222Z Found in cache @ /opt/hostedtoolcache/node/24.21.0/x64
2026-10-10T15:16:28.2639387Z ##[group]Environment details
2026-10-10T15:16:31.0314149Z node: v24.21.0
2026-10-10T15:16:31.0314613Z npm: 11.19.0
2026-10-10T15:16:31.0314957Z yarn: 1.22.22
2026-10-10T15:16:31.0317006Z ##[endgroup]
2026-10-10T15:16:31.0335142Z [command]/opt/hostedtoolcache/node/24.21.0/x64/bin/npm config get cache
2026-10-10T15:16:31.3777004Z /home/runner/.npm
2026-10-10T15:16:31.6382957Z Cache hit for: node-cache-Linux-x64-npm-59940755336ccebfb01608b4b67032f886f15c0a5419cadf1ab2b1b289ed121c
2026-10-10T15:16:32.9413171Z Received 0 of 47017133 (0.0%), 0.0 MBs/sec
2026-10-10T15:16:33.3050840Z Received 47017133 of 47017133 (100.0%), 32.8 MBs/sec
2026-10-10T15:16:33.3052153Z Cache Size: ~45 MB (47017133 B)
2026-10-10T15:16:33.3157764Z [command]/usr/bin/tar -xf /home/runner/work/_temp/4e1f8d23-2f14-4c12-8909-e7ca0720a026/cache.tzst -P -C /home/runner/work/Bot-AI-Ban-hang-FB/Bot-AI-Ban-hang-FB --use-compress-program unzstd
2026-10-10T15:16:33.5021668Z Cache restored successfully
2026-10-10T15:16:33.5052140Z Cache restored from key: node-cache-Linux-x64-npm-59940755336ccebfb01608b4b67032f886f15c0a5419cadf1ab2b1b289ed121c
2026-10-10T15:16:33.7063828Z ##[group]Run npm install --global npm@11.17.0
2026-10-10T15:16:33.7064273Z [36;1mnpm install --global npm@11.17.0[0m
2026-10-10T15:16:34.1113602Z shell: /usr/bin/bash -e {0}
2026-10-10T15:16:34.1113945Z ##[endgroup]
2026-10-10T15:16:39.1720366Z 
2026-10-10T15:16:39.1727150Z changed 19 packages in 5s
2026-10-10T15:16:39.1727462Z 
2026-10-10T15:16:39.1727659Z 15 packages are looking for funding
2026-10-10T15:16:39.1728001Z   run `npm fund` for details
2026-10-10T15:16:39.2254966Z ##[group]Run test -f package-lock.json || (echo 'Run npm install on an authorized online machine and commit the generated lockfile.' && exit 1)
2026-10-10T15:16:39.2255972Z [36;1mtest -f package-lock.json || (echo 'Run npm install on an authorized online machine and commit the generated lockfile.' && exit 1)[0m
2026-10-10T15:16:39.2325320Z shell: /usr/bin/bash -e {0}
2026-10-10T15:16:39.2325588Z ##[endgroup]
2026-10-10T15:16:39.2440710Z ##[group]Run npm ci
2026-10-10T15:16:39.2440986Z [36;1mnpm ci[0m
2026-10-10T15:16:39.2500355Z shell: /usr/bin/bash -e {0}
2026-10-10T15:16:39.2500625Z ##[endgroup]
2026-10-10T15:16:41.7548258Z npm warn deprecated whatwg-encoding@3.1.1: Use @exodus/bytes instead for a more spec-conformant and faster implementation
2026-10-10T15:16:44.8146541Z npm warn deprecated eslint@9.34.0: This version is no longer supported. Please see https://eslint.org/version-support for other options.
2026-10-10T15:16:54.3934505Z 
2026-10-10T15:16:54.3935345Z added 411 packages, and audited 413 packages in 15s
2026-10-10T15:16:54.3935899Z 
2026-10-10T15:16:54.3936246Z 86 packages are looking for funding
2026-10-10T15:16:54.3937452Z   run `npm fund` for details
2026-10-10T15:16:54.3947675Z 
2026-10-10T15:16:54.3947931Z found 0 vulnerabilities
2026-10-10T15:16:54.3960618Z npm warn allow-scripts 2 packages have install scripts not yet covered by allowScripts:
2026-10-10T15:16:54.3961866Z npm warn allow-scripts   esbuild@0.28.2 (postinstall: node install.js)
2026-10-10T15:16:54.3963817Z npm warn allow-scripts   msw@2.11.1 (postinstall: node -e "import('./config/scripts/postinstall.js').catch(() => void 0)")
2026-10-10T15:16:54.3965112Z npm warn allow-scripts
2026-10-10T15:16:54.3966667Z npm warn allow-scripts Run `npm approve-scripts --allow-scripts-pending` to review, or `npm approve-scripts <pkg>` to allow.
2026-10-10T15:16:54.4594153Z ##[group]Run npm audit --audit-level=low
2026-10-10T15:16:54.4594539Z [36;1mnpm audit --audit-level=low[0m
2026-10-10T15:16:54.4671385Z shell: /usr/bin/bash -e {0}
2026-10-10T15:16:54.4671671Z ##[endgroup]
2026-10-10T15:16:54.8979190Z found 0 vulnerabilities
2026-10-10T15:16:54.9114549Z ##[group]Run npm run setup
2026-10-10T15:16:54.9115029Z [36;1mnpm run setup[0m
2026-10-10T15:16:54.9180519Z shell: /usr/bin/bash -e {0}
2026-10-10T15:16:54.9180800Z ##[endgroup]
2026-10-10T15:16:55.0242642Z 
2026-10-10T15:16:55.0243113Z > botsales-frontend@0.1.0 setup
2026-10-10T15:16:55.0243771Z > node scripts/setup.mjs
2026-10-10T15:16:55.0243995Z 
2026-10-10T15:16:55.2506681Z {"status":"PASS","outputs":15,"schemas":346,"operations":245,"routes":61}
2026-10-10T15:16:55.3508029Z Copying the worker script at "/home/runner/work/Bot-AI-Ban-hang-FB/Bot-AI-Ban-hang-FB/BotSalesAI_Frontend/apps/web/public"...
2026-10-10T15:16:55.3555938Z 
2026-10-10T15:16:55.3556857Z [32mWorker script successfully copied![39m
2026-10-10T15:16:55.3557544Z [90m  - public
2026-10-10T15:16:55.3557995Z [39m
2026-10-10T15:16:55.3558622Z Continue by describing the network in your application:
2026-10-10T15:16:55.3559103Z 
2026-10-10T15:16:55.3559115Z 
2026-10-10T15:16:55.3559754Z [31m[1mhttps://mswjs.io/docs/quick-start[22m[39m
2026-10-10T15:16:55.3560202Z 
2026-10-10T15:16:55.3629392Z Thiết lập xong. npm run dev chạy frontend mô phỏng; không kết nối khách hàng hoặc provider thật.
2026-10-10T15:16:55.3809686Z ##[group]Run npx playwright install --with-deps chromium firefox
2026-10-10T15:16:55.3810191Z [36;1mnpx playwright install --with-deps chromium firefox[0m
2026-10-10T15:16:55.3873595Z shell: /usr/bin/bash -e {0}
2026-10-10T15:16:55.3873862Z ##[endgroup]
2026-10-10T15:16:56.1184987Z Installing dependencies...
2026-10-10T15:16:56.1269756Z Switching to root user to install dependencies...
2026-10-10T15:16:56.3068739Z Get:1 file:/etc/apt/apt-mirrors.txt Mirrorlist [144 B]
2026-10-10T15:16:56.3244336Z Get:6 https://packages.microsoft.com/ubuntu/24.04/prod noble InRelease [3600 B]
2026-10-10T15:16:56.3518824Z Hit:2 http://azure.archive.ubuntu.com/ubuntu noble InRelease
2026-10-10T15:16:56.3545924Z Get:3 http://azure.archive.ubuntu.com/ubuntu noble-updates InRelease [126 kB]
2026-10-10T15:16:56.3606488Z Get:4 http://azure.archive.ubuntu.com/ubuntu noble-backports InRelease [126 kB]
2026-10-10T15:16:56.3667513Z Get:5 http://azure.archive.ubuntu.com/ubuntu noble-security InRelease [126 kB]
2026-10-10T15:16:56.4625642Z Get:7 https://packages.microsoft.com/ubuntu/24.04/prod noble/main all Packages [640 B]
2026-10-10T15:16:56.4753522Z Get:8 https://packages.microsoft.com/ubuntu/24.04/prod noble/main armhf Packages [12.3 kB]
2026-10-10T15:16:56.4774510Z Get:9 https://packages.microsoft.com/ubuntu/24.04/prod noble/main amd64 Packages [548 kB]
2026-10-10T15:16:56.4843652Z Get:10 https://packages.microsoft.com/ubuntu/24.04/prod noble/main arm64 Packages [492 kB]
2026-10-10T15:16:56.5821118Z Get:11 http://azure.archive.ubuntu.com/ubuntu noble-updates/main amd64 Packages [1375 kB]
2026-10-10T15:16:56.5900378Z Get:12 http://azure.archive.ubuntu.com/ubuntu noble-updates/main Translation-en [306 kB]
2026-10-10T15:16:56.5902709Z Get:13 http://azure.archive.ubuntu.com/ubuntu noble-updates/universe amd64 Packages [1702 kB]
2026-10-10T15:16:56.5985444Z Get:14 http://azure.archive.ubuntu.com/ubuntu noble-updates/universe Translation-en [342 kB]
2026-10-10T15:16:56.6019768Z Get:15 http://azure.archive.ubuntu.com/ubuntu noble-updates/restricted amd64 Packages [1761 kB]
2026-10-10T15:16:56.6089814Z Get:16 http://azure.archive.ubuntu.com/ubuntu noble-updates/restricted Translation-en [401 kB]
2026-10-10T15:16:56.6123840Z Get:17 http://azure.archive.ubuntu.com/ubuntu noble-updates/multiverse amd64 Packages [55.0 kB]
2026-10-10T15:16:56.6124849Z Get:18 http://azure.archive.ubuntu.com/ubuntu noble-updates/multiverse Translation-en [14.3 kB]
2026-10-10T15:16:56.6904448Z Get:19 http://azure.archive.ubuntu.com/ubuntu noble-security/main amd64 Packages [1121 kB]
2026-10-10T15:16:56.6965011Z Get:20 http://azure.archive.ubuntu.com/ubuntu noble-security/main Translation-en [228 kB]
2026-10-10T15:16:56.7406998Z Get:21 http://azure.archive.ubuntu.com/ubuntu noble-security/universe amd64 Packages [1220 kB]
2026-10-10T15:16:56.7499013Z Get:22 http://azure.archive.ubuntu.com/ubuntu noble-security/universe Translation-en [245 kB]
2026-10-10T15:16:56.7516697Z Get:23 http://azure.archive.ubuntu.com/ubuntu noble-security/restricted amd64 Packages [1669 kB]
2026-10-10T15:16:56.7602849Z Get:24 http://azure.archive.ubuntu.com/ubuntu noble-security/restricted Translation-en [383 kB]
2026-10-10T15:16:56.7624967Z Get:25 http://azure.archive.ubuntu.com/ubuntu noble-security/multiverse amd64 Packages [49.8 kB]
2026-10-10T15:16:56.7633085Z Get:26 http://azure.archive.ubuntu.com/ubuntu noble-security/multiverse Translation-en [12.4 kB]
2026-10-10T15:17:02.6326672Z Fetched 12.3 MB in 1s (9313 kB/s)
2026-10-10T15:17:03.4815281Z Reading package lists...
2026-10-10T15:17:03.5080439Z Reading package lists...
2026-10-10T15:17:03.6904997Z Building dependency tree...
2026-10-10T15:17:03.6912795Z Reading state information...
2026-10-10T15:17:03.8312282Z libasound2t64 is already the newest version (1.2.11-1ubuntu0.3).
2026-10-10T15:17:03.8313599Z libasound2t64 set to manually installed.
2026-10-10T15:17:03.8314454Z libatk-bridge2.0-0t64 is already the newest version (2.52.0-1build1).
2026-10-10T15:17:03.8315914Z libatk-bridge2.0-0t64 set to manually installed.
2026-10-10T15:17:03.8316800Z libatk1.0-0t64 is already the newest version (2.52.0-1build1).
2026-10-10T15:17:03.8317575Z libatk1.0-0t64 set to manually installed.
2026-10-10T15:17:03.8318706Z libatspi2.0-0t64 is already the newest version (2.52.0-1build1).
2026-10-10T15:17:03.8319474Z libatspi2.0-0t64 set to manually installed.
2026-10-10T15:17:03.8320247Z libcairo2 is already the newest version (1.18.0-3build1).
2026-10-10T15:17:03.8321046Z libcairo2 set to manually installed.
2026-10-10T15:17:03.8321812Z libcups2t64 is already the newest version (2.4.7-1.2ubuntu7.14).
2026-10-10T15:17:03.8322887Z libcups2t64 set to manually installed.
2026-10-10T15:17:03.8323714Z libdbus-1-3 is already the newest version (1.14.10-4ubuntu4.1).
2026-10-10T15:17:03.8324428Z libdbus-1-3 set to manually installed.
2026-10-10T15:17:03.8325148Z libdrm2 is already the newest version (2.4.125-1ubuntu0.1~24.04.2).
2026-10-10T15:17:03.8325821Z libdrm2 set to manually installed.
2026-10-10T15:17:03.8326270Z libgbm1 is already the newest version (25.2.8-0ubuntu0.24.04.4).
2026-10-10T15:17:03.8326683Z libgbm1 set to manually installed.
2026-10-10T15:17:03.8327137Z libglib2.0-0t64 is already the newest version (2.80.0-6ubuntu3.9).
2026-10-10T15:17:03.8327623Z libglib2.0-0t64 set to manually installed.
2026-10-10T15:17:03.8328210Z libnspr4 is already the newest version (2:4.35-1.1build1).
2026-10-10T15:17:03.8328700Z libnspr4 set to manually installed.
2026-10-10T15:17:03.8329107Z libnss3 is already the newest version (2:3.98-1ubuntu0.2).
2026-10-10T15:17:03.8329482Z libnss3 set to manually installed.
2026-10-10T15:17:03.8329899Z libpango-1.0-0 is already the newest version (1.52.1+ds-1build1).
2026-10-10T15:17:03.8330519Z libpango-1.0-0 set to manually installed.
2026-10-10T15:17:03.8330937Z libx11-6 is already the newest version (2:1.8.7-1build1).
2026-10-10T15:17:03.8331314Z libx11-6 set to manually installed.
2026-10-10T15:17:03.8331683Z libxcb1 is already the newest version (1.15-1ubuntu2).
2026-10-10T15:17:03.8332067Z libxcb1 set to manually installed.
2026-10-10T15:17:03.8332800Z libxcomposite1 is already the newest version (1:0.4.5-1build3).
2026-10-10T15:17:03.8333587Z libxcomposite1 set to manually installed.
2026-10-10T15:17:03.8334190Z libxdamage1 is already the newest version (1:1.1.6-1build1).
2026-10-10T15:17:03.8334595Z libxdamage1 set to manually installed.
2026-10-10T15:17:03.8335002Z libxext6 is already the newest version (2:1.3.4-1build2).
2026-10-10T15:17:03.8335386Z libxext6 set to manually installed.
2026-10-10T15:17:03.8335778Z libxfixes3 is already the newest version (1:6.0.0-2build1).
2026-10-10T15:17:03.8336170Z libxfixes3 set to manually installed.
2026-10-10T15:17:03.8336583Z libxkbcommon0 is already the newest version (1.6.0-1build1).
2026-10-10T15:17:03.8336981Z libxkbcommon0 set to manually installed.
2026-10-10T15:17:03.8337390Z libxrandr2 is already the newest version (2:1.5.2-2build1).
2026-10-10T15:17:03.8337787Z libxrandr2 set to manually installed.
2026-10-10T15:17:03.8338194Z xvfb is already the newest version (2:21.1.12-1ubuntu1.8).
2026-10-10T15:17:03.8338739Z fonts-noto-color-emoji is already the newest version (2.047-0ubuntu0.24.04.1).
2026-10-10T15:17:03.8339326Z libfontconfig1 is already the newest version (2.15.0-1.1ubuntu2).
2026-10-10T15:17:03.8339751Z libfontconfig1 set to manually installed.
2026-10-10T15:17:03.8340168Z fonts-liberation is already the newest version (1:2.1.5-3).
2026-10-10T15:17:03.8340577Z fonts-liberation set to manually installed.
2026-10-10T15:17:03.8341037Z libcairo-gobject2 is already the newest version (1.18.0-3build1).
2026-10-10T15:17:03.8341478Z libcairo-gobject2 set to manually installed.
2026-10-10T15:17:03.8341973Z libgdk-pixbuf-2.0-0 is already the newest version (2.42.10+dfsg-3ubuntu3.3).
2026-10-10T15:17:03.8342683Z libgdk-pixbuf-2.0-0 set to manually installed.
2026-10-10T15:17:03.8343166Z libgtk-3-0t64 is already the newest version (3.24.41-4ubuntu1.3).
2026-10-10T15:17:03.8343583Z libgtk-3-0t64 set to manually installed.
2026-10-10T15:17:03.8344255Z libpangocairo-1.0-0 is already the newest version (1.52.1+ds-1build1).
2026-10-10T15:17:03.8344730Z libpangocairo-1.0-0 set to manually installed.
2026-10-10T15:17:03.8345334Z libx11-xcb1 is already the newest version (2:1.8.7-1build1).
2026-10-10T15:17:03.8345749Z libx11-xcb1 set to manually installed.
2026-10-10T15:17:03.8346155Z libxcb-shm0 is already the newest version (1.15-1ubuntu2).
2026-10-10T15:17:03.8346544Z libxcb-shm0 set to manually installed.
2026-10-10T15:17:03.8346959Z libxcursor1 is already the newest version (1:1.2.1-1build1).
2026-10-10T15:17:03.8347350Z libxcursor1 set to manually installed.
2026-10-10T15:17:03.8347734Z libxi6 is already the newest version (2:1.8.1-1build1).
2026-10-10T15:17:03.8348110Z libxi6 set to manually installed.
2026-10-10T15:17:03.8348514Z libxrender1 is already the newest version (1:0.9.10-1.1build1).
2026-10-10T15:17:03.8349004Z libxrender1 set to manually installed.
2026-10-10T15:17:03.8349424Z The following additional packages will be installed:
2026-10-10T15:17:03.8349947Z   libavutil58 libcodec2-1.2 libdav1d7 libgsm1 libhwy1t64 libjxl0.7 libmp3lame0
2026-10-10T15:17:03.8350547Z   libopus0 librav1e0 librsvg2-2 libshine3 libsoxr0 libspeex1 libsvtav1enc1d1
2026-10-10T15:17:03.8351108Z   libswresample4 libtheora0 libtwolame0 libva-drm2 libva-x11-2 libva2
2026-10-10T15:17:03.8351656Z   libvdpau1 libvorbisenc2 libvpl2 libvpx9 libx264-164 libx265-199 libxvidcore4
2026-10-10T15:17:03.8352244Z   libzvbi-common libzvbi0t64 ocl-icd-libopencl1 xfonts-encodings xfonts-utils
2026-10-10T15:17:03.8352980Z Suggested packages:
2026-10-10T15:17:03.8353370Z   libcuda1 libnvcuvid1 libnvidia-encode1 opus-tools librsvg2-bin speex
2026-10-10T15:17:03.8353781Z   opencl-icd
2026-10-10T15:17:03.8354013Z Recommended packages:
2026-10-10T15:17:03.8354394Z   fonts-ipafont-mincho fonts-tlwg-loma librsvg2-common va-driver-all
2026-10-10T15:17:03.8354833Z   | va-driver vdpau-driver-all | vdpau-driver
2026-10-10T15:17:03.8904439Z The following NEW packages will be installed:
2026-10-10T15:17:03.8905553Z   fonts-freefont-ttf fonts-ipafont-gothic fonts-tlwg-loma-otf fonts-unifont
2026-10-10T15:17:03.8906985Z   fonts-wqy-zenhei libavcodec60 libavutil58 libcodec2-1.2 libdav1d7 libgsm1
2026-10-10T15:17:03.8908247Z   libhwy1t64 libjxl0.7 libmp3lame0 libopus0 librav1e0 librsvg2-2 libshine3
2026-10-10T15:17:03.8909517Z   libsoxr0 libspeex1 libsvtav1enc1d1 libswresample4 libtheora0 libtwolame0
2026-10-10T15:17:03.8910617Z   libva-drm2 libva-x11-2 libva2 libvdpau1 libvorbisenc2 libvpl2 libvpx9
2026-10-10T15:17:03.8911730Z   libx264-164 libx265-199 libxvidcore4 libzvbi-common libzvbi0t64
2026-10-10T15:17:03.8913148Z   ocl-icd-libopencl1 xfonts-cyrillic xfonts-encodings xfonts-scalable
2026-10-10T15:17:03.8913752Z   xfonts-utils
2026-10-10T15:17:03.8916113Z The following packages will be upgraded:
2026-10-10T15:17:03.8920804Z   libfreetype6
2026-10-10T15:17:03.9095789Z 1 upgraded, 40 newly installed, 0 to remove and 22 not upgraded.
2026-10-10T15:17:03.9096466Z Need to get 49.2 MB of archives.
2026-10-10T15:17:03.9096942Z After this operation, 168 MB of additional disk space will be used.
2026-10-10T15:17:03.9097450Z Get:1 file:/etc/apt/apt-mirrors.txt Mirrorlist [144 B]
2026-10-10T15:17:04.0626149Z Get:2 http://azure.archive.ubuntu.com/ubuntu noble/universe amd64 fonts-ipafont-gothic all 00303-21ubuntu1 [3513 kB]
2026-10-10T15:17:04.3561431Z Get:3 http://azure.archive.ubuntu.com/ubuntu noble/main amd64 fonts-freefont-ttf all 20211204+svn4273-2 [5641 kB]
2026-10-10T15:17:04.6713280Z Get:4 http://azure.archive.ubuntu.com/ubuntu noble/universe amd64 fonts-tlwg-loma-otf all 1:0.7.3-1 [107 kB]
2026-10-10T15:17:04.8105022Z Get:5 http://azure.archive.ubuntu.com/ubuntu noble/universe amd64 fonts-unifont all 1:15.1.01-1build1 [2993 kB]
2026-10-10T15:17:04.9938510Z Get:6 http://azure.archive.ubuntu.com/ubuntu noble/universe amd64 fonts-wqy-zenhei all 0.9.45-8 [7472 kB]
2026-10-10T15:17:05.4274093Z Get:7 http://azure.archive.ubuntu.com/ubuntu noble-updates/universe amd64 libva2 amd64 2.20.0-2ubuntu0.2 [66.4 kB]
2026-10-10T15:17:05.5679179Z Get:8 http://azure.archive.ubuntu.com/ubuntu noble-updates/universe amd64 libva-drm2 amd64 2.20.0-2ubuntu0.2 [7124 B]
2026-10-10T15:17:05.7065001Z Get:9 http://azure.archive.ubuntu.com/ubuntu noble-updates/universe amd64 libva-x11-2 amd64 2.20.0-2ubuntu0.2 [12.0 kB]
2026-10-10T15:17:05.8452278Z Get:10 http://azure.archive.ubuntu.com/ubuntu noble/main amd64 libvdpau1 amd64 1.5-2build1 [27.8 kB]
2026-10-10T15:17:05.9840497Z Get:11 http://azure.archive.ubuntu.com/ubuntu noble/universe amd64 libvpl2 amd64 2023.3.0-1build1 [99.8 kB]
2026-10-10T15:17:06.1259031Z Get:12 http://azure.archive.ubuntu.com/ubuntu noble/universe amd64 ocl-icd-libopencl1 amd64 2.3.2-1build1 [38.5 kB]
2026-10-10T15:17:06.2649263Z Get:13 http://azure.archive.ubuntu.com/ubuntu noble/universe amd64 libavutil58 amd64 7:6.1.1-3ubuntu5 [401 kB]
2026-10-10T15:17:06.4199505Z Get:14 http://azure.archive.ubuntu.com/ubuntu noble/universe amd64 libcodec2-1.2 amd64 1.2.0-2build1 [8998 kB]
2026-10-10T15:17:06.9571144Z Get:15 http://azure.archive.ubuntu.com/ubuntu noble/universe amd64 libdav1d7 amd64 1.4.1-1build1 [604 kB]
2026-10-10T15:17:07.1206862Z Get:16 http://azure.archive.ubuntu.com/ubuntu noble/universe amd64 libgsm1 amd64 1.0.22-1build1 [27.8 kB]
2026-10-10T15:17:07.2593687Z Get:17 http://azure.archive.ubuntu.com/ubuntu noble/universe amd64 libhwy1t64 amd64 1.0.7-8.1build1 [584 kB]
2026-10-10T15:17:07.4218731Z Get:18 http://azure.archive.ubuntu.com/ubuntu noble-updates/universe amd64 libjxl0.7 amd64 0.7.0-10.2ubuntu6.1 [1001 kB]
2026-10-10T15:17:07.6028736Z Get:19 http://azure.archive.ubuntu.com/ubuntu noble/main amd64 libmp3lame0 amd64 3.100-6build1 [142 kB]
2026-10-10T15:17:07.7509930Z Get:20 http://azure.archive.ubuntu.com/ubuntu noble/main amd64 libopus0 amd64 1.4-1build1 [208 kB]
2026-10-10T15:17:07.8919179Z Get:21 http://azure.archive.ubuntu.com/ubuntu noble/universe amd64 librav1e0 amd64 0.7.1-2 [1022 kB]
2026-10-10T15:17:08.0774925Z Get:22 http://azure.archive.ubuntu.com/ubuntu noble-updates/main amd64 librsvg2-2 amd64 2.58.0+dfsg-1ubuntu0.1 [2141 kB]
2026-10-10T15:17:08.3040473Z Get:23 http://azure.archive.ubuntu.com/ubuntu noble/universe amd64 libshine3 amd64 3.1.1-2build1 [23.2 kB]
2026-10-10T15:17:08.4433389Z Get:24 http://azure.archive.ubuntu.com/ubuntu noble-updates/main amd64 libspeex1 amd64 1.2.1-2ubuntu2.24.04.1 [59.6 kB]
2026-10-10T15:17:08.5835877Z Get:25 http://azure.archive.ubuntu.com/ubuntu noble/universe amd64 libsvtav1enc1d1 amd64 1.7.0+dfsg-2build1 [2425 kB]
2026-10-10T15:17:08.9599483Z Get:26 http://azure.archive.ubuntu.com/ubuntu noble/universe amd64 libsoxr0 amd64 0.1.3-4build3 [80.0 kB]
2026-10-10T15:17:09.4706947Z Get:27 http://azure.archive.ubuntu.com/ubuntu noble/universe amd64 libswresample4 amd64 7:6.1.1-3ubuntu5 [63.8 kB]
2026-10-10T15:17:09.6947306Z Get:28 http://azure.archive.ubuntu.com/ubuntu noble/main amd64 libtheora0 amd64 1.1.1+dfsg.1-16.1build3 [211 kB]
2026-10-10T15:17:10.0775947Z Get:29 http://azure.archive.ubuntu.com/ubuntu noble/main amd64 libtwolame0 amd64 0.4.0-2build3 [52.3 kB]
2026-10-10T15:17:10.2335431Z Get:30 http://azure.archive.ubuntu.com/ubuntu noble/main amd64 libvorbisenc2 amd64 1.3.7-1build3 [80.8 kB]
2026-10-10T15:17:10.4003475Z Get:31 http://azure.archive.ubuntu.com/ubuntu noble-updates/main amd64 libvpx9 amd64 1.14.0-1ubuntu2.3 [1143 kB]
2026-10-10T15:17:10.8766287Z Get:32 http://azure.archive.ubuntu.com/ubuntu noble/universe amd64 libx264-164 amd64 2:0.164.3108+git31e19f9-1 [604 kB]
2026-10-10T15:17:11.0556798Z Get:33 http://azure.archive.ubuntu.com/ubuntu noble/universe amd64 libx265-199 amd64 3.5-2build1 [1226 kB]
2026-10-10T15:17:11.2793181Z Get:34 http://azure.archive.ubuntu.com/ubuntu noble/universe amd64 libxvidcore4 amd64 2:1.3.7-1build1 [219 kB]
2026-10-10T15:17:11.4304199Z Get:35 http://azure.archive.ubuntu.com/ubuntu noble/universe amd64 libzvbi-common all 0.2.42-2 [42.4 kB]
2026-10-10T15:17:11.5683441Z Get:36 http://azure.archive.ubuntu.com/ubuntu noble/universe amd64 libzvbi0t64 amd64 0.2.42-2 [261 kB]
2026-10-10T15:17:11.7195568Z Get:37 http://azure.archive.ubuntu.com/ubuntu noble/universe amd64 libavcodec60 amd64 7:6.1.1-3ubuntu5 [5851 kB]
2026-10-10T15:17:12.1630038Z Get:38 http://azure.archive.ubuntu.com/ubuntu noble-updates/main amd64 libfreetype6 amd64 2.13.2+dfsg-1ubuntu0.2 [403 kB]
2026-10-10T15:17:12.3039323Z Get:39 http://azure.archive.ubuntu.com/ubuntu noble/main amd64 xfonts-encodings all 1:1.0.5-0ubuntu2 [578 kB]
2026-10-10T15:17:12.4473075Z Get:40 http://azure.archive.ubuntu.com/ubuntu noble/main amd64 xfonts-utils amd64 1:7.7+6build3 [94.4 kB]
2026-10-10T15:17:12.5837003Z Get:41 http://azure.archive.ubuntu.com/ubuntu noble/universe amd64 xfonts-cyrillic all 1:1.0.5+nmu1 [384 kB]
2026-10-10T15:17:12.7261972Z Get:42 http://azure.archive.ubuntu.com/ubuntu noble/main amd64 xfonts-scalable all 1:1.0.3-1.3 [304 kB]
2026-10-10T15:17:13.0182321Z Fetched 49.2 MB in 9s (5574 kB/s)
2026-10-10T15:17:13.0636893Z Selecting previously unselected package fonts-ipafont-gothic.
2026-10-10T15:17:13.1143132Z (Reading database ... 
2026-10-10T15:17:13.1143743Z (Reading database ... 5%
2026-10-10T15:17:13.1144112Z (Reading database ... 10%
2026-10-10T15:17:13.1144422Z (Reading database ... 15%
2026-10-10T15:17:13.1144726Z (Reading database ... 20%
2026-10-10T15:17:13.1145038Z (Reading database ... 25%
2026-10-10T15:17:13.1145344Z (Reading database ... 30%
2026-10-10T15:17:13.1145798Z (Reading database ... 35%
2026-10-10T15:17:13.1146436Z (Reading database ... 40%
2026-10-10T15:17:13.1147049Z (Reading database ... 45%
2026-10-10T15:17:13.1147652Z (Reading database ... 50%
2026-10-10T15:17:13.1664651Z (Reading database ... 55%
2026-10-10T15:17:13.6106937Z (Reading database ... 60%
2026-10-10T15:17:13.9690094Z (Reading database ... 65%
2026-10-10T15:17:14.3010401Z (Reading database ... 70%
2026-10-10T15:17:14.7058806Z (Reading database ... 75%
2026-10-10T15:17:15.1155876Z (Reading database ... 80%
2026-10-10T15:17:15.9269421Z (Reading database ... 85%
2026-10-10T15:17:16.6643116Z (Reading database ... 90%
2026-10-10T15:17:17.4394637Z (Reading database ... 95%
2026-10-10T15:17:17.4395371Z (Reading database ... 100%
2026-10-10T15:17:17.4396413Z (Reading database ... 203191 files and directories currently installed.)
2026-10-10T15:17:17.4442214Z Preparing to unpack .../00-fonts-ipafont-gothic_00303-21ubuntu1_all.deb ...
2026-10-10T15:17:17.4533690Z Unpacking fonts-ipafont-gothic (00303-21ubuntu1) ...
2026-10-10T15:17:17.6809797Z Selecting previously unselected package fonts-freefont-ttf.
2026-10-10T15:17:17.6936760Z Preparing to unpack .../01-fonts-freefont-ttf_20211204+svn4273-2_all.deb ...
2026-10-10T15:17:17.6943136Z Unpacking fonts-freefont-ttf (20211204+svn4273-2) ...
2026-10-10T15:17:17.7716491Z Selecting previously unselected package fonts-tlwg-loma-otf.
2026-10-10T15:17:17.7844052Z Preparing to unpack .../02-fonts-tlwg-loma-otf_1%3a0.7.3-1_all.deb ...
2026-10-10T15:17:17.7854491Z Unpacking fonts-tlwg-loma-otf (1:0.7.3-1) ...
2026-10-10T15:17:17.8100254Z Selecting previously unselected package fonts-unifont.
2026-10-10T15:17:17.8226478Z Preparing to unpack .../03-fonts-unifont_1%3a15.1.01-1build1_all.deb ...
2026-10-10T15:17:17.8233833Z Unpacking fonts-unifont (1:15.1.01-1build1) ...
2026-10-10T15:17:17.9503534Z Selecting previously unselected package fonts-wqy-zenhei.
2026-10-10T15:17:17.9665442Z Preparing to unpack .../04-fonts-wqy-zenhei_0.9.45-8_all.deb ...
2026-10-10T15:17:17.9781503Z Unpacking fonts-wqy-zenhei (0.9.45-8) ...
2026-10-10T15:17:18.4863119Z Selecting previously unselected package libva2:amd64.
2026-10-10T15:17:18.4987842Z Preparing to unpack .../05-libva2_2.20.0-2ubuntu0.2_amd64.deb ...
2026-10-10T15:17:18.5002972Z Unpacking libva2:amd64 (2.20.0-2ubuntu0.2) ...
2026-10-10T15:17:18.5198326Z Selecting previously unselected package libva-drm2:amd64.
2026-10-10T15:17:18.5325376Z Preparing to unpack .../06-libva-drm2_2.20.0-2ubuntu0.2_amd64.deb ...
2026-10-10T15:17:18.5332632Z Unpacking libva-drm2:amd64 (2.20.0-2ubuntu0.2) ...
2026-10-10T15:17:18.5517818Z Selecting previously unselected package libva-x11-2:amd64.
2026-10-10T15:17:18.5643465Z Preparing to unpack .../07-libva-x11-2_2.20.0-2ubuntu0.2_amd64.deb ...
2026-10-10T15:17:18.5650682Z Unpacking libva-x11-2:amd64 (2.20.0-2ubuntu0.2) ...
2026-10-10T15:17:18.5840313Z Selecting previously unselected package libvdpau1:amd64.
2026-10-10T15:17:18.5964675Z Preparing to unpack .../08-libvdpau1_1.5-2build1_amd64.deb ...
2026-10-10T15:17:18.5972078Z Unpacking libvdpau1:amd64 (1.5-2build1) ...
2026-10-10T15:17:18.6175953Z Selecting previously unselected package libvpl2.
2026-10-10T15:17:18.6299429Z Preparing to unpack .../09-libvpl2_2023.3.0-1build1_amd64.deb ...
2026-10-10T15:17:18.6306559Z Unpacking libvpl2 (2023.3.0-1build1) ...
2026-10-10T15:17:18.6527749Z Selecting previously unselected package ocl-icd-libopencl1:amd64.
2026-10-10T15:17:18.6650874Z Preparing to unpack .../10-ocl-icd-libopencl1_2.3.2-1build1_amd64.deb ...
2026-10-10T15:17:18.6658348Z Unpacking ocl-icd-libopencl1:amd64 (2.3.2-1build1) ...
2026-10-10T15:17:18.6932909Z Selecting previously unselected package libavutil58:amd64.
2026-10-10T15:17:18.7055645Z Preparing to unpack .../11-libavutil58_7%3a6.1.1-3ubuntu5_amd64.deb ...
2026-10-10T15:17:18.7063006Z Unpacking libavutil58:amd64 (7:6.1.1-3ubuntu5) ...
2026-10-10T15:17:18.7294536Z Selecting previously unselected package libcodec2-1.2:amd64.
2026-10-10T15:17:18.7416982Z Preparing to unpack .../12-libcodec2-1.2_1.2.0-2build1_amd64.deb ...
2026-10-10T15:17:18.7423148Z Unpacking libcodec2-1.2:amd64 (1.2.0-2build1) ...
2026-10-10T15:17:18.8144017Z Selecting previously unselected package libdav1d7:amd64.
2026-10-10T15:17:18.8269843Z Preparing to unpack .../13-libdav1d7_1.4.1-1build1_amd64.deb ...
2026-10-10T15:17:18.8276153Z Unpacking libdav1d7:amd64 (1.4.1-1build1) ...
2026-10-10T15:17:18.8527550Z Selecting previously unselected package libgsm1:amd64.
2026-10-10T15:17:18.8656364Z Preparing to unpack .../14-libgsm1_1.0.22-1build1_amd64.deb ...
2026-10-10T15:17:18.8663749Z Unpacking libgsm1:amd64 (1.0.22-1build1) ...
2026-10-10T15:17:18.8858102Z Selecting previously unselected package libhwy1t64:amd64.
2026-10-10T15:17:18.8983670Z Preparing to unpack .../15-libhwy1t64_1.0.7-8.1build1_amd64.deb ...
2026-10-10T15:17:18.8990902Z Unpacking libhwy1t64:amd64 (1.0.7-8.1build1) ...
2026-10-10T15:17:18.9294974Z Selecting previously unselected package libjxl0.7:amd64.
2026-10-10T15:17:18.9420358Z Preparing to unpack .../16-libjxl0.7_0.7.0-10.2ubuntu6.1_amd64.deb ...
2026-10-10T15:17:18.9426533Z Unpacking libjxl0.7:amd64 (0.7.0-10.2ubuntu6.1) ...
2026-10-10T15:17:18.9753566Z Selecting previously unselected package libmp3lame0:amd64.
2026-10-10T15:17:18.9879254Z Preparing to unpack .../17-libmp3lame0_3.100-6build1_amd64.deb ...
2026-10-10T15:17:18.9886013Z Unpacking libmp3lame0:amd64 (3.100-6build1) ...
2026-10-10T15:17:19.0089298Z Selecting previously unselected package libopus0:amd64.
2026-10-10T15:17:19.0214547Z Preparing to unpack .../18-libopus0_1.4-1build1_amd64.deb ...
2026-10-10T15:17:19.0221027Z Unpacking libopus0:amd64 (1.4-1build1) ...
2026-10-10T15:17:19.0427895Z Selecting previously unselected package librav1e0:amd64.
2026-10-10T15:17:19.0553707Z Preparing to unpack .../19-librav1e0_0.7.1-2_amd64.deb ...
2026-10-10T15:17:19.0560336Z Unpacking librav1e0:amd64 (0.7.1-2) ...
2026-10-10T15:17:19.0866499Z Selecting previously unselected package librsvg2-2:amd64.
2026-10-10T15:17:19.0993504Z Preparing to unpack .../20-librsvg2-2_2.58.0+dfsg-1ubuntu0.1_amd64.deb ...
2026-10-10T15:17:19.0999742Z Unpacking librsvg2-2:amd64 (2.58.0+dfsg-1ubuntu0.1) ...
2026-10-10T15:17:19.1435002Z Selecting previously unselected package libshine3:amd64.
2026-10-10T15:17:19.1560516Z Preparing to unpack .../21-libshine3_3.1.1-2build1_amd64.deb ...
2026-10-10T15:17:19.1567006Z Unpacking libshine3:amd64 (3.1.1-2build1) ...
2026-10-10T15:17:19.1765755Z Selecting previously unselected package libspeex1:amd64.
2026-10-10T15:17:19.1891038Z Preparing to unpack .../22-libspeex1_1.2.1-2ubuntu2.24.04.1_amd64.deb ...
2026-10-10T15:17:19.1897822Z Unpacking libspeex1:amd64 (1.2.1-2ubuntu2.24.04.1) ...
2026-10-10T15:17:19.2096563Z Selecting previously unselected package libsvtav1enc1d1:amd64.
2026-10-10T15:17:19.2221426Z Preparing to unpack .../23-libsvtav1enc1d1_1.7.0+dfsg-2build1_amd64.deb ...
2026-10-10T15:17:19.2229162Z Unpacking libsvtav1enc1d1:amd64 (1.7.0+dfsg-2build1) ...
2026-10-10T15:17:19.2674147Z Selecting previously unselected package libsoxr0:amd64.
2026-10-10T15:17:19.2801353Z Preparing to unpack .../24-libsoxr0_0.1.3-4build3_amd64.deb ...
2026-10-10T15:17:19.2808148Z Unpacking libsoxr0:amd64 (0.1.3-4build3) ...
2026-10-10T15:17:19.3008159Z Selecting previously unselected package libswresample4:amd64.
2026-10-10T15:17:19.3133345Z Preparing to unpack .../25-libswresample4_7%3a6.1.1-3ubuntu5_amd64.deb ...
2026-10-10T15:17:19.3139873Z Unpacking libswresample4:amd64 (7:6.1.1-3ubuntu5) ...
2026-10-10T15:17:19.3341182Z Selecting previously unselected package libtheora0:amd64.
2026-10-10T15:17:19.3466059Z Preparing to unpack .../26-libtheora0_1.1.1+dfsg.1-16.1build3_amd64.deb ...
2026-10-10T15:17:19.3472945Z Unpacking libtheora0:amd64 (1.1.1+dfsg.1-16.1build3) ...
2026-10-10T15:17:19.3698283Z Selecting previously unselected package libtwolame0:amd64.
2026-10-10T15:17:19.3822978Z Preparing to unpack .../27-libtwolame0_0.4.0-2build3_amd64.deb ...
2026-10-10T15:17:19.3832189Z Unpacking libtwolame0:amd64 (0.4.0-2build3) ...
2026-10-10T15:17:19.4035679Z Selecting previously unselected package libvorbisenc2:amd64.
2026-10-10T15:17:19.4162759Z Preparing to unpack .../28-libvorbisenc2_1.3.7-1build3_amd64.deb ...
2026-10-10T15:17:19.4170370Z Unpacking libvorbisenc2:amd64 (1.3.7-1build3) ...
2026-10-10T15:17:19.4379971Z Selecting previously unselected package libvpx9:amd64.
2026-10-10T15:17:19.4504603Z Preparing to unpack .../29-libvpx9_1.14.0-1ubuntu2.3_amd64.deb ...
2026-10-10T15:17:19.4511268Z Unpacking libvpx9:amd64 (1.14.0-1ubuntu2.3) ...
2026-10-10T15:17:19.4817490Z Selecting previously unselected package libx264-164:amd64.
2026-10-10T15:17:19.4943453Z Preparing to unpack .../30-libx264-164_2%3a0.164.3108+git31e19f9-1_amd64.deb ...
2026-10-10T15:17:19.4950311Z Unpacking libx264-164:amd64 (2:0.164.3108+git31e19f9-1) ...
2026-10-10T15:17:19.5249559Z Selecting previously unselected package libx265-199:amd64.
2026-10-10T15:17:19.5375749Z Preparing to unpack .../31-libx265-199_3.5-2build1_amd64.deb ...
2026-10-10T15:17:19.5382805Z Unpacking libx265-199:amd64 (3.5-2build1) ...
2026-10-10T15:17:19.6013818Z Selecting previously unselected package libxvidcore4:amd64.
2026-10-10T15:17:19.6140096Z Preparing to unpack .../32-libxvidcore4_2%3a1.3.7-1build1_amd64.deb ...
2026-10-10T15:17:19.6147232Z Unpacking libxvidcore4:amd64 (2:1.3.7-1build1) ...
2026-10-10T15:17:19.6356254Z Selecting previously unselected package libzvbi-common.
2026-10-10T15:17:19.6480786Z Preparing to unpack .../33-libzvbi-common_0.2.42-2_all.deb ...
2026-10-10T15:17:19.6487708Z Unpacking libzvbi-common (0.2.42-2) ...
2026-10-10T15:17:19.7081617Z Selecting previously unselected package libzvbi0t64:amd64.
2026-10-10T15:17:19.7206619Z Preparing to unpack .../34-libzvbi0t64_0.2.42-2_amd64.deb ...
2026-10-10T15:17:19.7213450Z Unpacking libzvbi0t64:amd64 (0.2.42-2) ...
2026-10-10T15:17:19.7454821Z Selecting previously unselected package libavcodec60:amd64.
2026-10-10T15:17:19.7579863Z Preparing to unpack .../35-libavcodec60_7%3a6.1.1-3ubuntu5_amd64.deb ...
2026-10-10T15:17:19.7586819Z Unpacking libavcodec60:amd64 (7:6.1.1-3ubuntu5) ...
2026-10-10T15:17:19.8542840Z Preparing to unpack .../36-libfreetype6_2.13.2+dfsg-1ubuntu0.2_amd64.deb ...
2026-10-10T15:17:19.8564811Z Unpacking libfreetype6:amd64 (2.13.2+dfsg-1ubuntu0.2) over (2.13.2+dfsg-1ubuntu0.1) ...
2026-10-10T15:17:19.8800303Z Selecting previously unselected package xfonts-encodings.
2026-10-10T15:17:19.8927121Z Preparing to unpack .../37-xfonts-encodings_1%3a1.0.5-0ubuntu2_all.deb ...
2026-10-10T15:17:19.8933707Z Unpacking xfonts-encodings (1:1.0.5-0ubuntu2) ...
2026-10-10T15:17:19.9203558Z Selecting previously unselected package xfonts-utils.
2026-10-10T15:17:19.9331462Z Preparing to unpack .../38-xfonts-utils_1%3a7.7+6build3_amd64.deb ...
2026-10-10T15:17:19.9338743Z Unpacking xfonts-utils (1:7.7+6build3) ...
2026-10-10T15:17:20.0045739Z Selecting previously unselected package xfonts-cyrillic.
2026-10-10T15:17:20.0173361Z Preparing to unpack .../39-xfonts-cyrillic_1%3a1.0.5+nmu1_all.deb ...
2026-10-10T15:17:20.0179109Z Unpacking xfonts-cyrillic (1:1.0.5+nmu1) ...
2026-10-10T15:17:20.0507337Z Selecting previously unselected package xfonts-scalable.
2026-10-10T15:17:20.0634517Z Preparing to unpack .../40-xfonts-scalable_1%3a1.0.3-1.3_all.deb ...
2026-10-10T15:17:20.0642115Z Unpacking xfonts-scalable (1:1.0.3-1.3) ...
2026-10-10T15:17:20.1161959Z Setting up libhwy1t64:amd64 (1.0.7-8.1build1) ...
2026-10-10T15:17:20.1181328Z Setting up libspeex1:amd64 (1.2.1-2ubuntu2.24.04.1) ...
2026-10-10T15:17:20.1198485Z Setting up libshine3:amd64 (3.1.1-2build1) ...
2026-10-10T15:17:20.1217539Z Setting up libvpl2 (2023.3.0-1build1) ...
2026-10-10T15:17:20.1235716Z Setting up libx264-164:amd64 (2:0.164.3108+git31e19f9-1) ...
2026-10-10T15:17:20.1253933Z Setting up libtwolame0:amd64 (0.4.0-2build3) ...
2026-10-10T15:17:20.1272388Z Setting up libgsm1:amd64 (1.0.22-1build1) ...
2026-10-10T15:17:20.1289544Z Setting up libsoxr0:amd64 (0.1.3-4build3) ...
2026-10-10T15:17:20.1306455Z Setting up libcodec2-1.2:amd64 (1.2.0-2build1) ...
2026-10-10T15:17:20.1323243Z Setting up fonts-wqy-zenhei (0.9.45-8) ...
2026-10-10T15:17:20.1433140Z Setting up fonts-freefont-ttf (20211204+svn4273-2) ...
2026-10-10T15:17:20.1451979Z Setting up libsvtav1enc1d1:amd64 (1.7.0+dfsg-2build1) ...
2026-10-10T15:17:20.1468608Z Setting up libxvidcore4:amd64 (2:1.3.7-1build1) ...
2026-10-10T15:17:20.1486559Z Setting up librav1e0:amd64 (0.7.1-2) ...
2026-10-10T15:17:20.1504717Z Setting up librsvg2-2:amd64 (2.58.0+dfsg-1ubuntu0.1) ...
2026-10-10T15:17:20.1552246Z Setting up fonts-tlwg-loma-otf (1:0.7.3-1) ...
2026-10-10T15:17:20.1572261Z Setting up libva2:amd64 (2.20.0-2ubuntu0.2) ...
2026-10-10T15:17:20.1591065Z Setting up libfreetype6:amd64 (2.13.2+dfsg-1ubuntu0.2) ...
2026-10-10T15:17:20.1611366Z Setting up xfonts-encodings (1:1.0.5-0ubuntu2) ...
2026-10-10T15:17:20.1629362Z Setting up libopus0:amd64 (1.4-1build1) ...
2026-10-10T15:17:20.1647907Z Setting up libjxl0.7:amd64 (0.7.0-10.2ubuntu6.1) ...
2026-10-10T15:17:20.1667692Z Setting up libx265-199:amd64 (3.5-2build1) ...
2026-10-10T15:17:20.1687957Z Setting up libvpx9:amd64 (1.14.0-1ubuntu2.3) ...
2026-10-10T15:17:20.1706001Z Setting up libdav1d7:amd64 (1.4.1-1build1) ...
2026-10-10T15:17:20.1723925Z Setting up libva-drm2:amd64 (2.20.0-2ubuntu0.2) ...
2026-10-10T15:17:20.1741825Z Setting up fonts-ipafont-gothic (00303-21ubuntu1) ...
2026-10-10T15:17:20.1805892Z update-alternatives: using /usr/share/fonts/opentype/ipafont-gothic/ipag.ttf to provide /usr/share/fonts/truetype/fonts-japanese-gothic.ttf (fonts-japanese-gothic.ttf) in auto mode
2026-10-10T15:17:20.1820505Z Setting up ocl-icd-libopencl1:amd64 (2.3.2-1build1) ...
2026-10-10T15:17:20.1870216Z Setting up libvdpau1:amd64 (1.5-2build1) ...
2026-10-10T15:17:20.1895289Z Setting up libtheora0:amd64 (1.1.1+dfsg.1-16.1build3) ...
2026-10-10T15:17:20.1913457Z Setting up libva-x11-2:amd64 (2.20.0-2ubuntu0.2) ...
2026-10-10T15:17:20.1929781Z Setting up libzvbi-common (0.2.42-2) ...
2026-10-10T15:17:20.1945832Z Setting up libmp3lame0:amd64 (3.100-6build1) ...
2026-10-10T15:17:20.1962188Z Setting up libvorbisenc2:amd64 (1.3.7-1build3) ...
2026-10-10T15:17:20.1979188Z Setting up fonts-unifont (1:15.1.01-1build1) ...
2026-10-10T15:17:20.2010534Z Setting up libzvbi0t64:amd64 (0.2.42-2) ...
2026-10-10T15:17:20.2028714Z Setting up libavutil58:amd64 (7:6.1.1-3ubuntu5) ...
2026-10-10T15:17:20.2066236Z Setting up xfonts-utils (1:7.7+6build3) ...
2026-10-10T15:17:20.2104450Z Setting up libswresample4:amd64 (7:6.1.1-3ubuntu5) ...
2026-10-10T15:17:20.2121807Z Setting up libavcodec60:amd64 (7:6.1.1-3ubuntu5) ...
2026-10-10T15:17:20.2140620Z Setting up xfonts-cyrillic (1:1.0.5+nmu1) ...
2026-10-10T15:17:20.2413602Z Setting up xfonts-scalable (1:1.0.3-1.3) ...
2026-10-10T15:17:20.2675232Z Processing triggers for libc-bin (2.39-0ubuntu8.9) ...
2026-10-10T15:17:20.3315228Z Processing triggers for man-db (2.12.0-4build2) ...
2026-10-10T15:17:20.3335443Z Not building database; man-db/auto-update is not 'true'.
2026-10-10T15:17:20.3349785Z Processing triggers for fontconfig (2.15.0-1.1ubuntu2) ...
2026-10-10T15:17:21.7415913Z 
2026-10-10T15:17:21.7416530Z Running kernel seems to be up-to-date.
2026-10-10T15:17:21.7416925Z 
2026-10-10T15:17:21.7417138Z Restarting services...
2026-10-10T15:17:21.7493116Z  systemctl restart php8.3-fpm.service
2026-10-10T15:17:21.8504107Z 
2026-10-10T15:17:21.8505691Z No containers need to be restarted.
2026-10-10T15:17:21.8505963Z 
2026-10-10T15:17:21.8506454Z No user sessions are running outdated binaries.
2026-10-10T15:17:21.8506830Z 
2026-10-10T15:17:21.8507363Z No VM guests are running outdated hypervisor (qemu) binaries on this host.
2026-10-10T15:17:22.7174560Z Downloading Chrome for Testing 153.0.8010.12 (playwright chromium v1243) from https://cdn.playwright.dev/builds/cft/153.0.8010.12/linux64/chrome-linux64.zip
2026-10-10T15:17:23.1336333Z |                                                                                |   0% of 186.8 MiB
2026-10-10T15:17:23.3365171Z |■■■■■■■■                                                                        |  10% of 186.8 MiB
2026-10-10T15:17:23.4759917Z |■■■■■■■■■■■■■■■■                                                                |  20% of 186.8 MiB
2026-10-10T15:17:23.6027290Z |■■■■■■■■■■■■■■■■■■■■■■■■                                                        |  30% of 186.8 MiB
2026-10-10T15:17:23.7034575Z |■■■■■■■■■■■■■■■■■■■■■■■■■■■■■■■■                                                |  40% of 186.8 MiB
2026-10-10T15:17:23.8248382Z |■■■■■■■■■■■■■■■■■■■■■■■■■■■■■■■■■■■■■■■■                                        |  50% of 186.8 MiB
2026-10-10T15:17:23.9314132Z |■■■■■■■■■■■■■■■■■■■■■■■■■■■■■■■■■■■■■■■■■■■■■■■■                                |  60% of 186.8 MiB
2026-10-10T15:17:24.0525243Z |■■■■■■■■■■■■■■■■■■■■■■■■■■■■■■■■■■■■■■■■■■■■■■■■■■■■■■■■                        |  70% of 186.8 MiB
2026-10-10T15:17:24.1676869Z |■■■■■■■■■■■■■■■■■■■■■■■■■■■■■■■■■■■■■■■■■■■■■■■■■■■■■■■■■■■■■■■■                |  80% of 186.8 MiB
2026-10-10T15:17:24.3284397Z |■■■■■■■■■■■■■■■■■■■■■■■■■■■■■■■■■■■■■■■■■■■■■■■■■■■■■■■■■■■■■■■■■■■■■■■■        |  90% of 186.8 MiB
2026-10-10T15:17:24.4552296Z |■■■■■■■■■■■■■■■■■■■■■■■■■■■■■■■■■■■■■■■■■■■■■■■■■■■■■■■■■■■■■■■■■■■■■■■■■■■■■■■■| 100% of 186.8 MiB
2026-10-10T15:17:27.6123098Z Chrome for Testing 153.0.8010.12 (playwright chromium v1243) downloaded to /home/runner/.cache/ms-playwright/chromium-1243
2026-10-10T15:17:27.6127193Z Downloading FFmpeg (playwright ffmpeg v1011) from https://cdn.playwright.dev/dbazure/download/playwright/builds/ffmpeg/1011/ffmpeg-linux.zip
2026-10-10T15:17:27.9573876Z |                                                                                |   0% of 2.3 MiB
2026-10-10T15:17:27.9607298Z |■■■■■■■■                                                                        |  10% of 2.3 MiB
2026-10-10T15:17:27.9633716Z |■■■■■■■■■■■■■■■■                                                                |  20% of 2.3 MiB
2026-10-10T15:17:27.9650036Z |■■■■■■■■■■■■■■■■■■■■■■■■                                                        |  30% of 2.3 MiB
2026-10-10T15:17:27.9676370Z |■■■■■■■■■■■■■■■■■■■■■■■■■■■■■■■■                                                |  40% of 2.3 MiB
2026-10-10T15:17:27.9688086Z |■■■■■■■■■■■■■■■■■■■■■■■■■■■■■■■■■■■■■■■■                                        |  50% of 2.3 MiB
2026-10-10T15:17:27.9707740Z |■■■■■■■■■■■■■■■■■■■■■■■■■■■■■■■■■■■■■■■■■■■■■■■■                                |  60% of 2.3 MiB
2026-10-10T15:17:27.9724160Z |■■■■■■■■■■■■■■■■■■■■■■■■■■■■■■■■■■■■■■■■■■■■■■■■■■■■■■■■                        |  70% of 2.3 MiB
2026-10-10T15:17:27.9742894Z |■■■■■■■■■■■■■■■■■■■■■■■■■■■■■■■■■■■■■■■■■■■■■■■■■■■■■■■■■■■■■■■■                |  80% of 2.3 MiB
2026-10-10T15:17:27.9755958Z |■■■■■■■■■■■■■■■■■■■■■■■■■■■■■■■■■■■■■■■■■■■■■■■■■■■■■■■■■■■■■■■■■■■■■■■■        |  90% of 2.3 MiB
2026-10-10T15:17:27.9764875Z |■■■■■■■■■■■■■■■■■■■■■■■■■■■■■■■■■■■■■■■■■■■■■■■■■■■■■■■■■■■■■■■■■■■■■■■■■■■■■■■■| 100% of 2.3 MiB
2026-10-10T15:17:28.0361725Z FFmpeg (playwright ffmpeg v1011) downloaded to /home/runner/.cache/ms-playwright/ffmpeg-1011
2026-10-10T15:17:28.0366313Z Downloading Chrome Headless Shell 153.0.8010.12 (playwright chromium-headless-shell v1243) from https://cdn.playwright.dev/builds/cft/153.0.8010.12/linux64/chrome-headless-shell-linux64.zip
2026-10-10T15:17:28.4496985Z |                                                                                |   0% of 114.3 MiB
2026-10-10T15:17:28.5720534Z |■■■■■■■■                                                                        |  10% of 114.3 MiB
2026-10-10T15:17:28.6421402Z |■■■■■■■■■■■■■■■■                                                                |  20% of 114.3 MiB
2026-10-10T15:17:28.7039462Z |■■■■■■■■■■■■■■■■■■■■■■■■                                                        |  30% of 114.3 MiB
2026-10-10T15:17:28.7610346Z |■■■■■■■■■■■■■■■■■■■■■■■■■■■■■■■■                                                |  40% of 114.3 MiB
2026-10-10T15:17:28.8556962Z |■■■■■■■■■■■■■■■■■■■■■■■■■■■■■■■■■■■■■■■■                                        |  50% of 114.3 MiB
2026-10-10T15:17:28.9407307Z |■■■■■■■■■■■■■■■■■■■■■■■■■■■■■■■■■■■■■■■■■■■■■■■■                                |  60% of 114.3 MiB
2026-10-10T15:17:29.0344730Z |■■■■■■■■■■■■■■■■■■■■■■■■■■■■■■■■■■■■■■■■■■■■■■■■■■■■■■■■                        |  70% of 114.3 MiB
2026-10-10T15:17:29.1360972Z |■■■■■■■■■■■■■■■■■■■■■■■■■■■■■■■■■■■■■■■■■■■■■■■■■■■■■■■■■■■■■■■■                |  80% of 114.3 MiB
2026-10-10T15:17:29.2197849Z |■■■■■■■■■■■■■■■■■■■■■■■■■■■■■■■■■■■■■■■■■■■■■■■■■■■■■■■■■■■■■■■■■■■■■■■■        |  90% of 114.3 MiB
2026-10-10T15:17:29.3031794Z |■■■■■■■■■■■■■■■■■■■■■■■■■■■■■■■■■■■■■■■■■■■■■■■■■■■■■■■■■■■■■■■■■■■■■■■■■■■■■■■■| 100% of 114.3 MiB
2026-10-10T15:17:31.5807536Z Chrome Headless Shell 153.0.8010.12 (playwright chromium-headless-shell v1243) downloaded to /home/runner/.cache/ms-playwright/chromium_headless_shell-1243
2026-10-10T15:17:31.5811100Z Downloading Firefox 155.0 (playwright firefox v1543) from https://cdn.playwright.dev/dbazure/download/playwright/builds/firefox/1543/firefox-ubuntu-24.04.zip
2026-10-10T15:17:31.9236165Z |                                                                                |   0% of 109.5 MiB
2026-10-10T15:17:31.9876393Z |■■■■■■■■                                                                        |  10% of 109.5 MiB
2026-10-10T15:17:32.0553316Z |■■■■■■■■■■■■■■■■                                                                |  20% of 109.5 MiB
2026-10-10T15:17:32.1139282Z |■■■■■■■■■■■■■■■■■■■■■■■■                                                        |  30% of 109.5 MiB
2026-10-10T15:17:32.1694557Z |■■■■■■■■■■■■■■■■■■■■■■■■■■■■■■■■                                                |  40% of 109.5 MiB
2026-10-10T15:17:32.2337466Z |■■■■■■■■■■■■■■■■■■■■■■■■■■■■■■■■■■■■■■■■                                        |  50% of 109.5 MiB
2026-10-10T15:17:32.2880737Z |■■■■■■■■■■■■■■■■■■■■■■■■■■■■■■■■■■■■■■■■■■■■■■■■                                |  60% of 109.5 MiB
2026-10-10T15:17:32.3424539Z |■■■■■■■■■■■■■■■■■■■■■■■■■■■■■■■■■■■■■■■■■■■■■■■■■■■■■■■■                        |  70% of 109.5 MiB
2026-10-10T15:17:32.4036680Z |■■■■■■■■■■■■■■■■■■■■■■■■■■■■■■■■■■■■■■■■■■■■■■■■■■■■■■■■■■■■■■■■                |  80% of 109.5 MiB
2026-10-10T15:17:32.4554646Z |■■■■■■■■■■■■■■■■■■■■■■■■■■■■■■■■■■■■■■■■■■■■■■■■■■■■■■■■■■■■■■■■■■■■■■■■        |  90% of 109.5 MiB
2026-10-10T15:17:32.5160460Z |■■■■■■■■■■■■■■■■■■■■■■■■■■■■■■■■■■■■■■■■■■■■■■■■■■■■■■■■■■■■■■■■■■■■■■■■■■■■■■■■| 100% of 109.5 MiB
2026-10-10T15:17:34.6558796Z Firefox 155.0 (playwright firefox v1543) downloaded to /home/runner/.cache/ms-playwright/firefox-1543
2026-10-10T15:17:34.7850800Z ##[group]Run npm run verify
2026-10-10T15:17:34.7851124Z [36;1mnpm run verify[0m
2026-10-10T15:17:34.7914048Z shell: /usr/bin/bash -e {0}
2026-10-10T15:17:34.7914322Z ##[endgroup]
2026-10-10T15:17:34.8932312Z 
2026-10-10T15:17:34.8932837Z > botsales-frontend@0.1.0 verify
2026-10-10T15:17:34.8934644Z > npm run generate:check && npm run test:source && npm run boundaries && npm run lint && npm run typecheck && npm run test:domain && npm test && npm run build && npm run test:layout && npm run test:visual-tokens && npm run test:ui-composition && npm run test:evidence
2026-10-10T15:17:34.8935792Z 
2026-10-10T15:17:34.9928823Z 
2026-10-10T15:17:34.9929380Z > botsales-frontend@0.1.0 generate:check
2026-10-10T15:17:34.9929909Z > node scripts/generate.mjs --check
2026-10-10T15:17:34.9930157Z 
2026-10-10T15:17:35.1711168Z {"status":"PASS","outputs":15,"schemas":346,"operations":245,"routes":61}
2026-10-10T15:17:35.2819165Z 
2026-10-10T15:17:35.2819841Z > botsales-frontend@0.1.0 test:source
2026-10-10T15:17:35.2820534Z > node scripts/check-source.mjs && node --test tests/source-checker.test.mjs
2026-10-10T15:17:35.2820955Z 
2026-10-10T15:17:35.8469946Z {
2026-10-10T15:17:35.8470545Z   "checkedAt": "2026-10-10T15:17:35.844Z",
2026-10-10T15:17:35.8471875Z   "scope": "Syntax, operation identifiers, route-source mapping, permissions and token adoption. NOT React typecheck, build or browser test.",
2026-10-10T15:17:35.8473296Z   "compiler": "5.9.2",
2026-10-10T15:17:35.8474147Z   "compilerSource": "project dependency",
2026-10-10T15:17:35.8474628Z   "files": 85,
2026-10-10T15:17:35.8474990Z   "operationCalls": 262,
2026-10-10T15:17:35.8475395Z   "routes": 61,
2026-10-10T15:17:35.8475734Z   "issues": [],
2026-10-10T15:17:35.8476110Z   "status": "PASS"
2026-10-10T15:17:35.8476514Z }
2026-10-10T15:17:36.3748328Z ✔ module path classification accepts Windows and POSIX spellings, but excludes app files (1.182303ms)
2026-10-10T15:17:36.3753312Z ✔ the source-checker CLI rejects a prohibited color literal in a module (212.88997ms)
2026-10-10T15:17:36.3764190Z ✔ the source-checker CLI accepts a token-based module and leaves app-level colors outside the rule (213.081272ms)
2026-10-10T15:17:36.3856633Z ℹ tests 3
2026-10-10T15:17:36.3857060Z ℹ suites 0
2026-10-10T15:17:36.3857438Z ℹ pass 3
2026-10-10T15:17:36.3857794Z ℹ fail 0
2026-10-10T15:17:36.3858162Z ℹ cancelled 0
2026-10-10T15:17:36.3859549Z ℹ skipped 0
2026-10-10T15:17:36.3859789Z ℹ todo 0
2026-10-10T15:17:36.3860078Z ℹ duration_ms 490.14056
2026-10-10T15:17:36.4883517Z 
2026-10-10T15:17:36.4884158Z > botsales-frontend@0.1.0 boundaries
2026-10-10T15:17:36.4884777Z > node scripts/check-boundaries.mjs
2026-10-10T15:17:36.4885030Z 
2026-10-10T15:17:39.1878221Z {
2026-10-10T15:17:39.1878593Z   "checkedAt": "2026-10-10T15:17:39.185Z",
2026-10-10T15:17:39.1879312Z   "scope": "AST imports resolve aliases/relative paths, module boundaries and cycles; parser diagnostics are errors",
2026-10-10T15:17:39.1879908Z   "files": 85,
2026-10-10T15:17:39.1880169Z   "imports": 722,
2026-10-10T15:17:39.1881048Z   "negativeFixtures": "Boundary fixtures: PASS 10/10 scenarios (allowed shared/public imports, alias, relative, app deep import, type-only, dynamic, unresolved, cycle, parser error).",
2026-10-10T15:17:39.1881877Z   "status": "PASS",
2026-10-10T15:17:39.1882102Z   "issues": []
2026-10-10T15:17:39.1882312Z }
2026-10-10T15:17:39.3077825Z 
2026-10-10T15:17:39.3078256Z > botsales-frontend@0.1.0 lint
2026-10-10T15:17:39.3078725Z > eslint apps/web/src --max-warnings 0
2026-10-10T15:17:39.3079013Z 
2026-10-10T15:17:42.7931749Z 
2026-10-10T15:17:42.7932392Z > botsales-frontend@0.1.0 typecheck
2026-10-10T15:17:42.7933181Z > tsc -p apps/web/tsconfig.json --noEmit
2026-10-10T15:17:42.7933457Z 
2026-10-10T15:17:50.1556098Z 
2026-10-10T15:17:50.1556838Z > botsales-frontend@0.1.0 test:domain
2026-10-10T15:17:50.1557329Z > node scripts/test-domain.mjs
2026-10-10T15:17:50.1557546Z 
2026-10-10T15:17:58.0701949Z {"status":"PASS","simulatorChecks":86,"networkChecks":31,"networkHandlers":245,"passed":117,"operations":100,"node":"v24.21.0","typescript":"5.9.2"}
2026-10-10T15:17:58.2244729Z 
2026-10-10T15:17:58.2245324Z > botsales-frontend@0.1.0 test
2026-10-10T15:17:58.2245853Z > vitest run --config apps/web/vitest.config.ts
2026-10-10T15:17:58.2246138Z 
2026-10-10T15:17:58.5064677Z 
2026-10-10T15:17:58.5067371Z [1m[30m[46m RUN [49m[39m[22m [36mv5.0.3 [39m[90m/home/runner/work/Bot-AI-Ban-hang-FB/Bot-AI-Ban-hang-FB/BotSalesAI_Frontend[39m
2026-10-10T15:17:58.5069642Z 
2026-10-10T15:18:00.7479471Z  [32m✓[39m apps/web/tests/api-client.test.tsx [2m([22m[2m25 tests[22m[2m)[22m[33m 933[2mms[22m[39m
2026-10-10T15:18:00.7481241Z    [32m✓[39m typed HTTP boundary [2m(25)[22m
2026-10-10T15:18:00.7483254Z      [33m[2m✓[22m[39m waits for command completion after HTTP 202 before resolving useCommand[33m 429[2mms[22m[39m
2026-10-10T15:18:00.7485569Z      [33m[2m✓[22m[39m keeps an accepted command unresolved when command status polling fails[33m 410[2mms[22m[39m
2026-10-10T15:18:02.3433554Z  [32m✓[39m apps/web/tests/purchase-delegation.test.ts [2m([22m[2m7 tests[22m[2m)[22m[32m 145[2mms[22m[39m
2026-10-10T15:18:03.1356249Z [90mstderr[2m | apps/web/tests/shared-ui-render-contract.test.tsx[2m > [22m[2mS10 shared component rendered-slot contract[2m > [22m[2mEditDialog guards custom actions and the Escape close path for dirty and busy states
2026-10-10T15:18:03.1360179Z [22m[39mAn update to ForwardRef(FormControl) inside a test was not wrapped in act(...).
2026-10-10T15:18:03.1371018Z 
2026-10-10T15:18:03.1371974Z When testing, code that causes React state updates should be wrapped into act(...):
2026-10-10T15:18:03.1373046Z 
2026-10-10T15:18:03.1373400Z act(() => {
2026-10-10T15:18:03.1374049Z   /* fire events that update state */
2026-10-10T15:18:03.1374724Z });
2026-10-10T15:18:03.1375311Z /* assert on the output */
2026-10-10T15:18:03.1375793Z 
2026-10-10T15:18:03.1377003Z This ensures that you're testing the behavior the user would see in the browser. Learn more at https://react.dev/link/wrap-tests-with-act
2026-10-10T15:18:03.1378622Z An update to ForwardRef(FormControl) inside a test was not wrapped in act(...).
2026-10-10T15:18:03.1379354Z 
2026-10-10T15:18:03.1380117Z When testing, code that causes React state updates should be wrapped into act(...):
2026-10-10T15:18:03.1432889Z 
2026-10-10T15:18:03.1473439Z act(() => {
2026-10-10T15:18:03.1474411Z   /* fire events that update state */
2026-10-10T15:18:03.1504487Z });
2026-10-10T15:18:03.1534126Z /* assert on the output */
2026-10-10T15:18:03.1562827Z 
2026-10-10T15:18:03.1566389Z This ensures that you're testing the behavior the user would see in the browser. Learn more at https://react.dev/link/wrap-tests-with-act
2026-10-10T15:18:03.1626662Z 
2026-10-10T15:18:03.1629384Z [90mstderr[2m | apps/web/tests/shared-ui-render-contract.test.tsx[2m > [22m[2mS10 shared component rendered-slot contract[2m > [22m[2mEditDialog guards custom actions and the Escape close path for dirty and busy states
2026-10-10T15:18:03.1654851Z [22m[39mA component suspended inside an `act` scope, but the `act` call was not awaited. When testing React components that depend on asynchronous data, you must await the result:
2026-10-10T15:18:03.1682991Z 
2026-10-10T15:18:03.1713955Z await act(() => ...)
2026-10-10T15:18:03.1738003Z 
2026-10-10T15:18:03.4816273Z  [32m✓[39m apps/web/tests/privacy-consent.test.ts [2m([22m[2m6 tests[22m[2m)[22m[32m 141[2mms[22m[39m
2026-10-10T15:18:03.6658658Z [90mstderr[2m | apps/web/tests/shared-ui-render-contract.test.tsx[2m > [22m[2mS10 shared component rendered-slot contract[2m > [22m[2mEditDialog guards custom actions and the backdrop close path for dirty and busy states
2026-10-10T15:18:03.6662956Z [22m[39mAn update to ForwardRef(FormControl) inside a test was not wrapped in act(...).
2026-10-10T15:18:03.6663831Z 
2026-10-10T15:18:03.6664681Z When testing, code that causes React state updates should be wrapped into act(...):
2026-10-10T15:18:03.6665416Z 
2026-10-10T15:18:03.6666155Z act(() => {
2026-10-10T15:18:03.6666791Z   /* fire events that update state */
2026-10-10T15:18:03.6667404Z });
2026-10-10T15:18:03.6667962Z /* assert on the output */
2026-10-10T15:18:03.6668458Z 
2026-10-10T15:18:03.6669561Z This ensures that you're testing the behavior the user would see in the browser. Learn more at https://react.dev/link/wrap-tests-with-act
2026-10-10T15:18:03.6671078Z An update to ForwardRef(FormControl) inside a test was not wrapped in act(...).
2026-10-10T15:18:03.6672163Z 
2026-10-10T15:18:03.6673100Z When testing, code that causes React state updates should be wrapped into act(...):
2026-10-10T15:18:03.6673858Z 
2026-10-10T15:18:03.6674176Z act(() => {
2026-10-10T15:18:03.6674753Z   /* fire events that update state */
2026-10-10T15:18:03.6675359Z });
2026-10-10T15:18:03.6675885Z /* assert on the output */
2026-10-10T15:18:03.6676326Z 
2026-10-10T15:18:03.6677429Z This ensures that you're testing the behavior the user would see in the browser. Learn more at https://react.dev/link/wrap-tests-with-act
2026-10-10T15:18:03.6678538Z 
2026-10-10T15:18:05.0394763Z  [32m✓[39m apps/web/tests/command-lifetime.test.tsx [2m([22m[2m11 tests[22m[2m)[22m[32m 232[2mms[22m[39m
2026-10-10T15:18:06.3563037Z  [32m✓[39m apps/web/tests/media-inbox.test.ts [2m([22m[2m6 tests[22m[2m)[22m[32m 117[2mms[22m[39m
2026-10-10T15:18:06.5980892Z  [32m✓[39m apps/web/tests/shared-ui-render-contract.test.tsx [2m([22m[2m54 tests[22m[2m)[22m[33m 6289[2mms[22m[39m
2026-10-10T15:18:06.5983564Z    [32m✓[39m S10 shared component rendered-slot contract [2m(30)[22m
2026-10-10T15:18:06.5991418Z      [33m[2m✓[22m[39m DraftConflict requires a two-sided choice, excludes hidden data, and applies only to the draft[33m 746[2mms[22m[39m
2026-10-10T15:18:06.5993948Z      [33m[2m✓[22m[39m EditDialog guards custom actions and the footer close path for dirty and busy states[33m 523[2mms[22m[39m
2026-10-10T15:18:06.5996060Z      [33m[2m✓[22m[39m EditDialog guards custom actions and the icon close path for dirty and busy states[33m 513[2mms[22m[39m
2026-10-10T15:18:06.5998125Z      [33m[2m✓[22m[39m EditDialog guards custom actions and the Escape close path for dirty and busy states[33m 597[2mms[22m[39m
2026-10-10T15:18:06.6000284Z      [33m[2m✓[22m[39m EditDialog guards custom actions and the backdrop close path for dirty and busy states[33m 425[2mms[22m[39m
2026-10-10T15:18:06.6003092Z      [33m[2m✓[22m[39m EditDialog clears stale controls from its baseline after a successful save removes the form[33m 352[2mms[22m[39m
2026-10-10T15:18:06.6023441Z      [33m[2m✓[22m[39m ConfirmDialog validates the reason and keeps a rejected action visible[33m 1433[2mms[22m[39m
2026-10-10T15:18:08.6329513Z  [32m✓[39m apps/web/tests/scope-events.test.tsx [2m([22m[2m18 tests[22m[2m)[22m[32m 85[2mms[22m[39m
2026-10-10T15:18:09.5612093Z  [32m✓[39m apps/web/tests/versioned-draft.test.tsx [2m([22m[2m7 tests[22m[2m)[22m[32m 59[2mms[22m[39m
2026-10-10T15:18:09.9014703Z  [32m✓[39m apps/web/tests/states/fe023-state.test.tsx [2m([22m[2m12 tests[22m[2m)[22m[33m 1768[2mms[22m[39m
2026-10-10T15:18:09.9016647Z    [32m✓[39m FE023 shared state and form behavior [2m(12)[22m
2026-10-10T15:18:09.9018594Z      [33m[2m✓[22m[39m asks before closing a dialog with a dirty field and keeps the field until discard is chosen[33m 1265[2mms[22m[39m
2026-10-10T15:18:10.3424318Z  [32m✓[39m apps/web/tests/fe021-source-map.test.ts [2m([22m[2m3 tests[22m[2m)[22m[32m 14[2mms[22m[39m
2026-10-10T15:18:10.6599124Z  [32m✓[39m apps/web/tests/marketing-report.test.ts [2m([22m[2m11 tests[22m[2m)[22m[32m 47[2mms[22m[39m
2026-10-10T15:18:11.4654494Z  [32m✓[39m apps/web/tests/timezone.test.ts [2m([22m[2m10 tests[22m[2m)[22m[32m 40[2mms[22m[39m
2026-10-10T15:18:11.5075208Z [BABEL] Note: The code generator has deoptimised the styling of /tmp/botsales-vite-cache/2fbc71299afedf720605/direct-vite/4011/deps/react-dom_client.js?v=beb36e75 as it exceeds the max of 500KB.
2026-10-10T15:18:11.5124511Z  [32m✓[39m apps/web/tests/components.test.tsx [2m([22m[2m25 tests[22m[2m)[22m[33m 11172[2mms[22m[39m
2026-10-10T15:18:11.5154013Z    [32m✓[39m Accessible shared presentation [2m(19)[22m
2026-10-10T15:18:11.5194246Z      [33m[2m✓[22m[39m associates form errors with the visible label and returns focus after dialog close[33m 327[2mms[22m[39m
2026-10-10T15:18:11.5204061Z      [33m[2m✓[22m[39m reflows the real mock application from 320px to 1440px and passes browser axe[33m 9284[2mms[22m[39m
2026-10-10T15:18:12.4661736Z  [32m✓[39m apps/web/tests/format.test.ts [2m([22m[2m12 tests[22m[2m)[22m[32m 38[2mms[22m[39m
2026-10-10T15:18:12.6801703Z  [32m✓[39m apps/web/tests/confirmation.test.tsx [2m([22m[2m4 tests[22m[2m)[22m[33m 747[2mms[22m[39m
2026-10-10T15:18:13.3136744Z  [32m✓[39m apps/web/tests/report-utils.test.ts [2m([22m[2m6 tests[22m[2m)[22m[32m 35[2mms[22m[39m
2026-10-10T15:18:13.4364276Z  [32m✓[39m apps/web/tests/domain-labels.test.ts [2m([22m[2m3 tests[22m[2m)[22m[32m 23[2mms[22m[39m
2026-10-10T15:18:13.5754754Z  [32m✓[39m apps/web/tests/composition.test.tsx [2m([22m[2m3 tests[22m[2m)[22m[33m 426[2mms[22m[39m
2026-10-10T15:18:14.0958963Z  [32m✓[39m apps/web/tests/catalog-import-file.test.ts [2m([22m[2m5 tests[22m[2m)[22m[32m 6[2mms[22m[39m
2026-10-10T15:18:14.1594438Z  [32m✓[39m apps/web/tests/push-capabilities.test.ts [2m([22m[2m2 tests[22m[2m)[22m[32m 7[2mms[22m[39m
2026-10-10T15:18:14.8843785Z  [32m✓[39m apps/web/tests/list-return.test.ts [2m([22m[2m3 tests[22m[2m)[22m[32m 4[2mms[22m[39m
2026-10-10T15:18:15.0363075Z  [32m✓[39m apps/web/tests/route-metadata.test.ts [2m([22m[2m2 tests[22m[2m)[22m[32m 45[2mms[22m[39m
2026-10-10T15:18:15.1323424Z  [32m✓[39m apps/web/tests/dashboard-labels.test.ts [2m([22m[2m3 tests[22m[2m)[22m[32m 4[2mms[22m[39m
2026-10-10T15:18:15.1351292Z 
2026-10-10T15:18:15.1358277Z [2m Test Files [22m [1m[32m23 passed[39m[22m[90m (23)[39m
2026-10-10T15:18:15.1359676Z [2m      Tests [22m [1m[32m238 passed[39m[22m[90m (238)[39m
2026-10-10T15:18:15.1360928Z [2m   Start at [22m 15:17:58
2026-10-10T15:18:15.1366270Z [2m   Duration [22m 16.62s[2m (tests 49%, environment 26%, import 17%, setup 5%, transform 3%)[22m
2026-10-10T15:18:15.1373425Z 
2026-10-10T15:18:15.1375537Z [2mEnvironment [22m [33mjsdom was created 23 times[39m[2m · 11.88s total, 26% of tracked time[22m
2026-10-10T15:18:15.1377153Z [2m            [22m [2mcreate it once per worker with [22m[33mpool: 'vmThreads'[39m[2m (keeps per-file isolation) or [22m[33misolate: false[39m[2m (shares it across files)[22m
2026-10-10T15:18:15.1378367Z [2m            [22m [2mlearn more: https://vitest.dev/guide/improving-performance#test-environments[22m
2026-10-10T15:18:15.1379089Z 
2026-10-10T15:18:15.2777835Z 
2026-10-10T15:18:15.2778438Z > botsales-frontend@0.1.0 build
2026-10-10T15:18:15.2779186Z > npm run generate:check && npm run typecheck && npm run build --workspace @botsales/web
2026-10-10T15:18:15.2779622Z 
2026-10-10T15:18:15.3745596Z 
2026-10-10T15:18:15.3746294Z > botsales-frontend@0.1.0 generate:check
2026-10-10T15:18:15.3746884Z > node scripts/generate.mjs --check
2026-10-10T15:18:15.3747145Z 
2026-10-10T15:18:15.5469064Z {"status":"PASS","outputs":15,"schemas":346,"operations":245,"routes":61}
2026-10-10T15:18:15.6565032Z 
2026-10-10T15:18:15.6565725Z > botsales-frontend@0.1.0 typecheck
2026-10-10T15:18:15.6566361Z > tsc -p apps/web/tsconfig.json --noEmit
2026-10-10T15:18:15.6566625Z 
2026-10-10T15:18:23.0058653Z 
2026-10-10T15:18:23.0059299Z > @botsales/web@0.1.0 build
2026-10-10T15:18:23.0059805Z > vite build --mode production
2026-10-10T15:18:23.0060051Z 
2026-10-10T15:18:23.2067285Z [36mvite v7.3.6 [32mbuilding client environment for production...[36m[39m
2026-10-10T15:18:23.2821355Z transforming...
2026-10-10T15:18:28.7183021Z [32m✓[39m 2077 modules transformed.
2026-10-10T15:18:29.2595490Z rendering chunks...
2026-10-10T15:18:29.4748428Z computing gzip size...
2026-10-10T15:18:29.5032761Z [2mdist/[22m[32mindex.html                            [39m[1m[2m  1.23 kB[22m[1m[22m[2m │ gzip:   0.61 kB[22m
2026-10-10T15:18:29.5034648Z [2mdist/[22m[2massets/[22m[35mindex-BQPx7lJM.css             [39m[1m[2m  3.56 kB[22m[1m[22m[2m │ gzip:   1.33 kB[22m
2026-10-10T15:18:29.5036637Z [2mdist/[22m[2massets/[22m[36mdownload-8lJFmiSZ.js           [39m[1m[2m  0.23 kB[22m[1m[22m[2m │ gzip:   0.17 kB[22m
2026-10-10T15:18:29.5038553Z [2mdist/[22m[2massets/[22m[36mfilters-CM07jGKE.js            [39m[1m[2m  0.32 kB[22m[1m[22m[2m │ gzip:   0.25 kB[22m
2026-10-10T15:18:29.5040424Z [2mdist/[22m[2massets/[22m[36mhooks-L2nh8X7I.js              [39m[1m[2m  4.59 kB[22m[1m[22m[2m │ gzip:   2.15 kB[22m
2026-10-10T15:18:29.5042314Z [2mdist/[22m[2massets/[22m[36mdraft-conflict-CQUoJQ4o.js     [39m[1m[2m  5.37 kB[22m[1m[22m[2m │ gzip:   2.49 kB[22m
2026-10-10T15:18:29.5044401Z [2mdist/[22m[2massets/[22m[36mindex-mquMxiPF.js              [39m[1m[2m  8.25 kB[22m[1m[22m[2m │ gzip:   3.27 kB[22m
2026-10-10T15:18:29.5046182Z [2mdist/[22m[2massets/[22m[36mindex-CiWOs-TV.js              [39m[1m[2m  9.42 kB[22m[1m[22m[2m │ gzip:   3.73 kB[22m
2026-10-10T15:18:29.5047924Z [2mdist/[22m[2massets/[22m[36mindex-DQGrQuEv.js              [39m[1m[2m 13.14 kB[22m[1m[22m[2m │ gzip:   5.19 kB[22m
2026-10-10T15:18:29.5050372Z [2mdist/[22m[2massets/[22m[36mindex-OVGPogNo.js              [39m[1m[2m 15.39 kB[22m[1m[22m[2m │ gzip:   5.90 kB[22m
2026-10-10T15:18:29.5051945Z [2mdist/[22m[2massets/[22m[36mindex-Bd9mcE3C.js              [39m[1m[2m 16.98 kB[22m[1m[22m[2m │ gzip:   5.58 kB[22m
2026-10-10T15:18:29.5053836Z [2mdist/[22m[2massets/[22m[36mindex-Bg61UgeK.js              [39m[1m[2m 16.99 kB[22m[1m[22m[2m │ gzip:   5.81 kB[22m
2026-10-10T15:18:29.5055430Z [2mdist/[22m[2massets/[22m[36mindex-PCRh2M1X.js              [39m[1m[2m 18.85 kB[22m[1m[22m[2m │ gzip:   6.33 kB[22m
2026-10-10T15:18:29.5057007Z [2mdist/[22m[2massets/[22m[36mindex-BUtDDvPf.js              [39m[1m[2m 19.08 kB[22m[1m[22m[2m │ gzip:   7.02 kB[22m
2026-10-10T15:18:29.5058548Z [2mdist/[22m[2massets/[22m[36mindex-CvmCKMdV.js              [39m[1m[2m 20.90 kB[22m[1m[22m[2m │ gzip:   6.92 kB[22m
2026-10-10T15:18:29.5060103Z [2mdist/[22m[2massets/[22m[36mindex-Dzt3sNfY.js              [39m[1m[2m 21.23 kB[22m[1m[22m[2m │ gzip:   7.65 kB[22m
2026-10-10T15:18:29.5061690Z [2mdist/[22m[2massets/[22m[36mindex-RfTtRmBG.js              [39m[1m[2m 24.80 kB[22m[1m[22m[2m │ gzip:   8.25 kB[22m
2026-10-10T15:18:29.5063530Z [2mdist/[22m[2massets/[22m[36mindex-DWs4xu4k.js              [39m[1m[2m 25.06 kB[22m[1m[22m[2m │ gzip:   8.46 kB[22m
2026-10-10T15:18:29.5065237Z [2mdist/[22m[2massets/[22m[36mindex-BSXDucyP.js              [39m[1m[2m 30.93 kB[22m[1m[22m[2m │ gzip:   9.93 kB[22m
2026-10-10T15:18:29.5066931Z [2mdist/[22m[2massets/[22m[36mindex-DattA6PL.js              [39m[1m[2m 32.48 kB[22m[1m[22m[2m │ gzip:  10.82 kB[22m
2026-10-10T15:18:29.5068640Z [2mdist/[22m[2massets/[22m[36mquery-Df7VyXaF.js              [39m[1m[2m 33.15 kB[22m[1m[22m[2m │ gzip:   9.92 kB[22m
2026-10-10T15:18:29.5070332Z [2mdist/[22m[2massets/[22m[36mindex-WDyY7fx-.js              [39m[1m[2m 42.03 kB[22m[1m[22m[2m │ gzip:  11.49 kB[22m
2026-10-10T15:18:29.5072020Z [2mdist/[22m[2massets/[22m[36mi18n-D4N_7Z3Q.js               [39m[1m[2m 46.14 kB[22m[1m[22m[2m │ gzip:  15.12 kB[22m
2026-10-10T15:18:29.5073945Z [2mdist/[22m[2massets/[22m[36mindex-BeRebE9w.js              [39m[1m[2m 64.28 kB[22m[1m[22m[2m │ gzip:  17.67 kB[22m
2026-10-10T15:18:29.5075602Z [2mdist/[22m[2massets/[22m[36mschemas-CoWCwirf.js            [39m[1m[2m 85.75 kB[22m[1m[22m[2m │ gzip:  25.72 kB[22m
2026-10-10T15:18:29.5077517Z [2mdist/[22m[2massets/[22m[36mindex-DgXyZ4_1.js              [39m[1m[2m100.89 kB[22m[1m[22m[2m │ gzip:  32.02 kB[22m
2026-10-10T15:18:29.5079289Z [2mdist/[22m[2massets/[22m[36mschema-validation-B78jEm7B.js  [39m[1m[2m149.80 kB[22m[1m[22m[2m │ gzip:  45.12 kB[22m
2026-10-10T15:18:29.5081092Z [2mdist/[22m[2massets/[22m[36mreact-runtime-gLMyUIL2.js      [39m[1m[2m279.79 kB[22m[1m[22m[2m │ gzip:  90.28 kB[22m
2026-10-10T15:18:29.5083048Z [2mdist/[22m[2massets/[22m[36mcharts-BwhaRlrs.js             [39m[1m[2m320.23 kB[22m[1m[22m[2m │ gzip:  96.79 kB[22m
2026-10-10T15:18:29.5084804Z [2mdist/[22m[2massets/[22m[36mmui-CJj7QyVx.js                [39m[1m[2m328.77 kB[22m[1m[22m[2m │ gzip: 100.20 kB[22m
2026-10-10T15:18:29.5086517Z [2mdist/[22m[2massets/[22m[36mcontract-data-BRT-TOMX.js      [39m[1m[2m368.62 kB[22m[1m[22m[2m │ gzip:  42.83 kB[22m
2026-10-10T15:18:29.5087584Z [32m✓ built in 6.27s[39m
2026-10-10T15:18:29.6964585Z 
2026-10-10T15:18:29.6965448Z > botsales-frontend@0.1.0 test:layout
2026-10-10T15:18:29.6968449Z > node --test tests/layout-checker.test.mjs tests/ui-layout-binding-gates.test.mjs && node scripts/check-layout.mjs
2026-10-10T15:18:29.6969230Z 
2026-10-10T15:19:18.9762346Z ✔ CSS label gap accepts the canonical direct pixel constructor and its exact owner/property (2281.94ms)
2026-10-10T15:19:18.9764734Z ✔ CSS label gap cannot be used as an unrelated spacing property (2286.50954ms)
2026-10-10T15:19:18.9766619Z ✔ CSS label gap rejects a raw pixel constructor argument (2210.731709ms)
2026-10-10T15:19:18.9768043Z ✔ CSS label gap cannot impersonate a role from another owner (2230.77011ms)
2026-10-10T15:19:18.9769958Z ✔ accepts semantic bridge roles, the closed token-derived factor map, geometry, and reset values (2214.812433ms)
2026-10-10T15:19:18.9771804Z ✔ rejects a CSS spacing role without a declared shared owner (2155.144237ms)
2026-10-10T15:19:18.9774204Z ✔ rejects scale-conforming and off-scale literals in sx, responsive leaves, named and namespace MUI System props (2255.366093ms)
2026-10-10T15:19:18.9785268Z ✔ follows local aliases and style callbacks; rejects theme spacing helpers and preset overrides (2261.557362ms)
2026-10-10T15:19:18.9788669Z ✔ scans nested slotProps but does not confuse event handlers or geometric dimensions with spacing (2290.694715ms)
2026-10-10T15:19:18.9790815Z ✔ keeps Panel geometry inspectable and rejects spacing hidden in its geometry prop (6559.341241ms)
2026-10-10T15:19:18.9793046Z ✔ accepts only an exact CSS exception and reports stale or mismatched exception scope (6680.108615ms)
2026-10-10T15:19:18.9795053Z ✔ rejects malformed TypeScript, malformed CSS, bad exception schema, and raw values in the bridge (8994.438683ms)
2026-10-10T15:19:18.9796982Z ✔ rejects canonical pixel tokens used as MUI factors and an altered bridge factor table (4529.767237ms)
2026-10-10T15:19:18.9798672Z ✔ report mode inventories migration debt without turning findings into PASS (2231.524243ms)
2026-10-10T15:21:37.9906173Z ✔ canonical writes through casts and aliases fail outside style expressions (2352.606911ms)
2026-10-10T15:21:37.9914189Z ✔ Object.assign cannot mutate canonical data but can copy to a fresh object (4689.978245ms)
2026-10-10T15:21:37.9915740Z ✔ layout gate rejects raw spacing on const alias of MUI component (2330.220235ms)
2026-10-10T15:21:37.9917183Z ✔ canonical mutation gate follows global mutator aliases and reflection (2386.973883ms)
2026-10-10T15:21:37.9918773Z ✔ local mutator names do not acquire global mutation identity (2332.061757ms)
2026-10-10T15:21:37.9921844Z ✔ destructured mutators and call/apply retain canonical mutation checks (2354.899453ms)
2026-10-10T15:21:37.9923861Z ✔ global mutator call/apply can copy canonical values into fresh objects (2293.070339ms)
2026-10-10T15:21:37.9925254Z ✔ mutable aliases with possible canonical destinations fail closed (2360.147563ms)
2026-10-10T15:21:37.9933082Z ✔ opaque apply arguments fail closed while unrelated mutable data stays valid (4747.853707ms)
2026-10-10T15:21:37.9934506Z ✔ canonical references inside containers and destructured aliases cannot be mutated (2329.031396ms)
2026-10-10T15:21:37.9938834Z ✔ independent shallow copies of scalar canonical fields remain mutable (2364.051326ms)
2026-10-10T15:21:37.9940456Z ✔ array references and nested destructuring preserve canonical write provenance (2343.072431ms)
2026-10-10T15:21:37.9942419Z ✔ array destinations distinguish independent elements from canonical references (2325.429806ms)
2026-10-10T15:21:37.9958811Z ✔ array destructuring, dynamic indices and spread cannot hide canonical references (2373.445778ms)
2026-10-10T15:21:37.9974326Z ✔ dynamic indices and destructuring of independent arrays stay mutable (2454.232756ms)
2026-10-10T15:21:38.0033884Z ✔ function parameters cannot hide canonical mutation across source files (2376.856021ms)
2026-10-10T15:21:38.0035504Z ✔ read-only helpers and mutations of unrelated arguments remain valid (2356.501497ms)
2026-10-10T15:21:38.0037080Z ✔ returned canonical references remain protected across helper boundaries (2382.609012ms)
2026-10-10T15:21:38.0038778Z ✔ helper returns of fresh scalar copies do not retain canonical destination identity (2308.698995ms)
2026-10-10T15:21:38.0040336Z ✔ destructured object parameters cannot mutate canonical arguments (1765.508154ms)
2026-10-10T15:21:38.0041313Z ✔ destructured object parameters retain independent argument mutability (1768.834044ms)
2026-10-10T15:21:38.0042191Z ✔ default parameter and binding initializers cannot hide canonical mutations (1781.410407ms)
2026-10-10T15:21:38.0043628Z ✔ fresh default parameter and binding copies remain mutable (1774.530978ms)
2026-10-10T15:21:38.0044362Z ✔ rest parameters retain canonical argument write provenance (1755.436535ms)
2026-10-10T15:21:38.0045154Z ✔ rest parameters distinguish independent positions from canonical siblings (1767.349538ms)
2026-10-10T15:21:38.0045994Z ✔ finite spread arguments preserve shifted positional and rest destinations (1787.9995ms)
2026-10-10T15:21:38.0046818Z ✔ finite spread expansion keeps independent argument positions mutable (1765.342265ms)
2026-10-10T15:21:38.0047583Z ✔ opaque spreads keep positional mutation destinations unknown (1762.12973ms)
2026-10-10T15:21:38.0048344Z ✔ opaque spreads into read-only helpers do not invent mutation findings (1742.063005ms)
2026-10-10T15:21:38.0049198Z ✔ array parameter patterns retain canonical positions including nested object arrays (1780.537399ms)
2026-10-10T15:21:38.0050081Z ✔ array parameter patterns retain independent bound element mutability (1772.550025ms)
2026-10-10T15:21:38.0050841Z ✔ layout gate rejects parameter shadow of canonical layout name (1743.87064ms)
2026-10-10T15:21:38.0051516Z ✔ layout gate follows genuine renamed styled factory (1762.074821ms)
2026-10-10T15:21:38.0052241Z ✔ layout gate accepts canonical namespace, element access and barrel alias (1747.079731ms)
2026-10-10T15:21:38.0053277Z ✔ layout gate does not mistake local component named Stack for MUI (1744.353641ms)
2026-10-10T15:21:38.0053988Z ✔ layout gate inspects renamed installed Emotion css tag (1741.519845ms)
2026-10-10T15:21:38.0054709Z ✔ layout gate preserves genuine aliased Controller field forwarding (1774.684758ms)
2026-10-10T15:21:38.0055463Z ✔ a same-named local Controller cannot exempt an unknown prop spread (1760.932879ms)
2026-10-10T15:21:38.0061593Z ✔ genuine useForm registration survives property and destructured aliases (1742.490657ms)
2026-10-10T15:21:38.0063590Z ✔ a function named register cannot exempt injected style props (1745.537011ms)
2026-10-10T15:21:38.0065769Z ✔ a bridge callback parameter cannot impersonate its private factor binding (1751.371046ms)
2026-10-10T15:21:38.0068931Z ✔ opaque namespace component selection remains a strict binding failure (1750.28652ms)
2026-10-10T15:21:38.0070569Z ✔ opaque namespace factory cannot hide style arguments (1767.587843ms)
2026-10-10T15:21:38.0072992Z ✔ MUI re-export cannot hide raw spacing behind a first-party barrel (1778.007438ms)
2026-10-10T15:21:38.0084088Z ✔ destructuring assignments cannot hide canonical write targets (1751.965912ms)
2026-10-10T15:21:38.0085931Z ✔ destructuring assignments can update independent copied destinations (1742.358964ms)
2026-10-10T15:21:38.0097770Z ✔ object rest retains nested canonical references while copying the outer object (1750.795007ms)
2026-10-10T15:21:38.0099638Z ✔ rest scalar copies and replacement of container references stay mutable (1731.849906ms)
2026-10-10T15:21:38.0101425Z ✔ shallow object spread preserves canonical child references and last-writer order (1773.811467ms)
2026-10-10T15:21:38.0103585Z ✔ shallow spread with a later independent override stays mutable (1741.385017ms)
2026-10-10T15:21:38.0116679Z ✔ exported mutable aliases retain assignments from their declaring file (1755.915371ms)
2026-10-10T15:21:38.0118480Z ✔ exported independent mutable data does not acquire canonical provenance (1747.177265ms)
2026-10-10T15:21:38.0120300Z ✔ literal computed keys retain canonical container and parameter provenance (1783.293352ms)
2026-10-10T15:21:38.0122035Z ✔ literal computed keys do not taint independent selected properties (1765.874666ms)
2026-10-10T15:21:38.0124030Z ✔ Object.assign shallow copies retain canonical nested reference provenance (1783.908832ms)
2026-10-10T15:21:38.0125772Z ✔ Object.assign later independent overrides and scalar copies stay mutable (1744.373254ms)
2026-10-10T15:21:38.0127553Z ✔ union and dynamic property selections retain possible canonical destinations (1772.08119ms)
2026-10-10T15:21:38.0129679Z ✔ finite union property selections exclude canonical siblings not in the key set (1739.421407ms)
2026-10-10T15:21:38.0131565Z ✔ union selection over Object.assign output retains canonical child provenance (1750.257289ms)
2026-10-10T15:21:38.0133581Z ✔ union selection over independent Object.assign output remains mutable (1725.780234ms)
2026-10-10T15:21:38.0135371Z ✔ Reflect.set call/apply checks the target argument rather than the assigned value (5331.450352ms)
2026-10-10T15:21:38.0137023Z ✔ aliased React createElement checks MUI and native style objects (1756.687358ms)
2026-10-10T15:21:38.0138565Z ✔ GlobalStyles.styles is checked and local createElement names stay local (3453.488438ms)
2026-10-10T15:21:38.0144618Z ✔ React JSX runtime factories cannot bypass MUI or native style checks (1737.513798ms)
2026-10-10T15:21:38.0146339Z ✔ React cloneElement checks the cloned MUI element and preserves native props (7025.779272ms)
2026-10-10T15:21:38.0147979Z ✔ Emotion css props and object factories are inspected with native CSS semantics (5256.890929ms)
2026-10-10T15:21:38.0149741Z ✔ Inline style elements in JSX, React factories, DOM and the HTML entry fail closed (14014.700807ms)
2026-10-10T15:21:38.0151497Z ✔ DOM CSSOM spacing writes use semantic roles and reject opaque style strings (3501.16033ms)
2026-10-10T15:21:38.0153481Z ✔ HTML parsing and runtime stylesheet mutation cannot bypass the imported CSS boundary (3539.716819ms)
2026-10-10T15:21:38.0155357Z ✔ spacing shorthand values and responsive breakpoints preserve token and unit provenance (17500.247249ms)
2026-10-10T15:21:38.0157210Z ✔ function return producers cannot hide canonical children behind spreads (1757.741146ms)
2026-10-10T15:21:38.0158795Z ✔ producer spreads keep later independent child overrides writable (1763.591369ms)
2026-10-10T15:21:38.0248405Z ℹ tests 86
2026-10-10T15:21:38.0248884Z ℹ suites 0
2026-10-10T15:21:38.0249319Z ℹ pass 86
2026-10-10T15:21:38.0249732Z ℹ fail 0
2026-10-10T15:21:38.0250151Z ℹ cancelled 0
2026-10-10T15:21:38.0250653Z ℹ skipped 0
2026-10-10T15:21:38.0251086Z ℹ todo 0
2026-10-10T15:21:38.0251564Z ℹ duration_ms 188294.028654
2026-10-10T15:21:46.0566327Z layout-check PASS: 93 source files, 0 finding(s), 1 exception(s) used
2026-10-10T15:21:46.2502597Z 
2026-10-10T15:21:46.2503534Z > botsales-frontend@0.1.0 test:visual-tokens
2026-10-10T15:21:46.2504682Z > node --test tests/visual-token-checker.test.mjs && node scripts/check-visual-tokens.mjs
2026-10-10T15:21:46.2505382Z 
2026-10-10T15:21:50.2225238Z ✔ visual checker accepts canonical theme roles, token references, geometry and semantic responsive props (1065.991498ms)
2026-10-10T15:21:50.2235830Z ✔ visual checker rejects raw literals across sx, JSX system props and CSS declarations (615.220109ms)
2026-10-10T15:21:50.2237622Z ✔ visual checker follows local style aliases and callback themes, but fails raw nested values (574.446514ms)
2026-10-10T15:21:50.2239574Z ✔ visual checker reports unresolved spreads and malformed style sources as UNKNOWN or parse errors (536.051774ms)
2026-10-10T15:21:50.2241226Z ✔ visual checker includes newly added TSX files under the source root (591.538532ms)
2026-10-10T15:21:50.2905989Z ℹ tests 5
2026-10-10T15:21:50.2906416Z ℹ suites 0
2026-10-10T15:21:50.2906802Z ℹ pass 5
2026-10-10T15:21:50.2907155Z ℹ fail 0
2026-10-10T15:21:50.2907526Z ℹ cancelled 0
2026-10-10T15:21:50.2907921Z ℹ skipped 0
2026-10-10T15:21:50.2910687Z ℹ todo 0
2026-10-10T15:21:50.2911132Z ℹ duration_ms 4009.01491
2026-10-10T15:21:56.2143989Z visual-token-check PASS: 92 source files, 0 finding(s)
2026-10-10T15:21:56.3805136Z 
2026-10-10T15:21:56.3805817Z > botsales-frontend@0.1.0 test:ui-composition
2026-10-10T15:21:56.3807098Z > node --test tests/ui-composition-checker.test.mjs tests/ui-composition-ancestry.test.mjs tests/ui-shared-api-contract.test.mjs && node scripts/check-ui-composition.mjs
2026-10-10T15:21:56.3807944Z 
2026-10-10T15:22:13.8966679Z ✔ P10/P15 catch alias and neutral-wrapper duplicate insets through fragments and conditionals (1528.521129ms)
2026-10-10T15:22:13.8969389Z ✔ P20 resolves shared composition identities through a barrel and const component aliases (880.994831ms)
2026-10-10T15:22:13.8971918Z ✔ P11/P13 catch static element access roles on every MUI surface, including Paper (821.510154ms)
2026-10-10T15:22:13.8974110Z ✔ P12 checks React createElement and JSX-runtime element factories (726.572825ms)
2026-10-10T15:22:13.8975932Z ✔ P14 resolves bodyMode literal aliases and fails closed when ownership is unknown (2465.783131ms)
2026-10-10T15:22:13.8977925Z ✔ checks Panel ancestry when React elements are created natively (798.097932ms)
2026-10-10T15:22:13.8979658Z ✔ keeps independent nested surfaces and portaled dialogs as separate owners (1405.68616ms)
2026-10-10T15:22:13.8981544Z ✔ accepts finite bodyMode branches and every mode in the public component contracts (1718.23367ms)
2026-10-10T15:22:13.8983615Z ✔ stops inherited gap ownership at Panels and independent bordered surfaces (1051.186326ms)
2026-10-10T15:22:13.8985591Z ✔ tracks gaps through fragments, conditions and ready QueryState, but not inside DOM wrappers (520.344765ms)
2026-10-10T15:22:13.8987580Z ✔ applies the same finite modes and wrapper boundaries to native React factories (1078.840719ms)
2026-10-10T15:22:13.8989394Z ✔ recognizes native outlined Paper and nested Box surface inset boundaries (1023.581491ms)
2026-10-10T15:22:13.8999250Z ✔ fails closed when an unresolved custom wrapper obscures a semantic gap owner (499.891826ms)
2026-10-10T15:22:13.9000886Z ✔ rejects unsupported placement and rhythm values while accepting finite aliases and branches (1035.579014ms)
2026-10-10T15:22:13.9002331Z ✔ rejects unsupported finite values through React element factories (1090.687753ms)
2026-10-10T15:22:14.0114902Z ✔ accepts semantic composition, closed geometry and business-specific MUI primitives (21.976859ms)
2026-10-10T15:22:14.0116236Z ✔ rejects rebuilding each shared spacing owner at a consumer (12.615825ms)
2026-10-10T15:22:14.0117297Z ✔ follows aliases, local style variables, object spreads and namespace imports (3.867477ms)
2026-10-10T15:22:14.0118499Z ✔ rejects direct and spread spacing overrides on semantic components (3.322887ms)
2026-10-10T15:22:14.0119487Z ✔ rejects spacing or opaque spreads hidden in geometry (2.054724ms)
2026-10-10T15:22:14.0120605Z ✔ allows the canonical owner implementation and fails closed on malformed source (3.348946ms)
2026-10-10T15:22:14.0121352Z ✔ rejects duplicated parent boundary and duplicated Panel inset (2.387867ms)
2026-10-10T15:22:14.0122386Z ✔ checks default MUI imports and fails closed for opaque geometry (2.01472ms)
2026-10-10T15:22:14.0123476Z ✔ distinguishes content grids from flex flows when reporting the shared owner (1.434203ms)
2026-10-10T15:22:14.0124513Z ✔ rejects page spacing for paired fields and peer Panels without a section gap owner (6.968629ms)
2026-10-10T15:22:14.0125962Z ✔ related sibling gaps belong to ActionGroup comfortable density, not consumer Stack styles (2.2804ms)
2026-10-10T15:22:14.0127203Z ✔ density profiles are finite and new spacing paths retain the shared owner (4.449114ms)
2026-10-10T15:22:14.0128847Z ✔ Amount consumers declare wrapping outside DataTable columns and keep table money unbroken (178.682126ms)
2026-10-10T15:22:14.0130468Z ✔ the shared catalog covers every public React component and supporting Column type (113.46828ms)
2026-10-10T15:22:14.0131949Z ✔ SPC-067 covers discovered public Shared APIs without a fixed export count (1.19748ms)
2026-10-10T15:22:14.0132970Z ✔ every public React API has a direct rendered contract test (2.308259ms)
2026-10-10T15:22:14.0133757Z ✔ catalog declaration lines and stated JSX counts match resolved source symbols (284.826256ms)
2026-10-10T15:22:14.0134691Z ✔ every shared React export has a resolved production consumer or an explicit zero-use lifecycle decision (167.480553ms)
2026-10-10T15:22:14.0135675Z ✔ required UI evidence and regression gates remain wired to root verify and the active parent workflow (0.756466ms)
2026-10-10T15:22:14.0136474Z ✔ composition prop allowlists match the TypeScript owners exactly (0.417581ms)
2026-10-10T15:22:14.0137839Z ✔ QueryState uses only the approved inline and section pending profiles (0.588812ms)
2026-10-10T15:22:14.0138785Z ✔ QueryState consumers reserve section loading for primary content and keep every other state inline by default (125.644933ms)
2026-10-10T15:22:14.0139835Z ✔ body modes, placement roles and geometry keys match the TypeScript contracts (3.083499ms)
2026-10-10T15:22:14.0141025Z ✔ Panel geometry and DataTable columns remain closed public contracts (16.464455ms)
2026-10-10T15:22:14.0142038Z ✔ shared component and composition props expose no arbitrary layout/style escape hatch (0.503763ms)
2026-10-10T15:22:14.0143190Z ✔ layout role types, runtime values, consumers and ownership documentation stay closed (6759.524496ms)
2026-10-10T15:22:14.0143705Z ℹ tests 41
2026-10-10T15:22:14.0143923Z ℹ suites 0
2026-10-10T15:22:14.0144136Z ℹ pass 41
2026-10-10T15:22:14.0144368Z ℹ fail 0
2026-10-10T15:22:14.0144580Z ℹ cancelled 0
2026-10-10T15:22:14.0144810Z ℹ skipped 0
2026-10-10T15:22:14.0145031Z ℹ todo 0
2026-10-10T15:22:14.0145305Z ℹ duration_ms 17599.524037
2026-10-10T15:23:50.9478469Z ui-composition PASS: 91 source files, 0 finding(s)
2026-10-10T15:23:50.9478943Z 
2026-10-10T15:23:51.1345008Z 
2026-10-10T15:23:51.1345691Z > botsales-frontend@0.1.0 test:evidence
2026-10-10T15:23:51.1347013Z > node --test tests/ui-evidence-validator.test.mjs && node scripts/validate-ui-evidence.mjs evidence/frontend-ui-improvements/ui-governance-rollout-20261007/S17-current-evidence.json
2026-10-10T15:23:51.1347851Z 
2026-10-10T15:23:51.2394712Z ✔ accepts current fingerprints, honest open coverage, and explained N/A (3.914337ms)
2026-10-10T15:23:51.2399641Z ✔ rejects a stale source fingerprint (2.098559ms)
2026-10-10T15:23:51.2400682Z ✔ rejects a stale command log (1.013947ms)
2026-10-10T15:23:51.2401862Z ✔ rejects missing, absolute, and escaping source paths (0.995172ms)
2026-10-10T15:23:51.2403540Z ✔ rejects unrun, missing, duplicate, and nonzero command results marked PASS (1.07384ms)
2026-10-10T15:23:51.2405035Z ✔ rejects PASS when expected and observed results differ (0.866652ms)
2026-10-10T15:23:51.2406835Z ✔ rejects inconsistent coverage and N/A without a reason (0.77992ms)
2026-10-10T15:23:51.2409148Z ✔ rejects a baseline falsely dated after implementation started and detects changed baseline artifacts (1.32472ms)
2026-10-10T15:23:51.2411903Z ✔ COMPLETE cannot contain open coverage or failed commands (1.165552ms)
2026-10-10T15:23:51.2415537Z ✔ S19 must explicitly reconcile files, APIs, routes, rendered routes, slots, and states (1.299252ms)
2026-10-10T15:23:51.2418025Z ✔ rejects malformed top-level evidence instead of treating missing fields as success (0.576699ms)
2026-10-10T15:23:51.2513966Z ℹ tests 11
2026-10-10T15:23:51.2514453Z ℹ suites 0
2026-10-10T15:23:51.2514903Z ℹ pass 11
2026-10-10T15:23:51.2515325Z ℹ fail 0
2026-10-10T15:23:51.2516896Z ℹ cancelled 0
2026-10-10T15:23:51.2517339Z ℹ skipped 0
2026-10-10T15:23:51.2517704Z ℹ todo 0
2026-10-10T15:23:51.2518117Z ℹ duration_ms 82.075242
2026-10-10T15:23:51.3201962Z ui-evidence PASS: S17; 3 command/log record(s), 3 coverage row(s), 275 current fingerprint(s); status=COMPLETE
2026-10-10T15:23:51.3433641Z ##[group]Run npm run test:e2e -- --project=firefox --reporter=line
2026-10-10T15:23:51.3434170Z [36;1mnpm run test:e2e -- --project=firefox --reporter=line[0m
2026-10-10T15:23:51.3496789Z shell: /usr/bin/bash -e {0}
2026-10-10T15:23:51.3497069Z ##[endgroup]
2026-10-10T15:23:51.4553540Z 
2026-10-10T15:23:51.4554131Z > botsales-frontend@0.1.0 test:e2e
2026-10-10T15:23:51.4554762Z > node scripts/run-e2e.mjs --project=firefox --reporter=line
2026-10-10T15:23:51.4555075Z 
2026-10-10T15:23:51.4886231Z 
2026-10-10T15:23:51.4886711Z > npm run setup
2026-10-10T15:23:51.5835509Z 
2026-10-10T15:23:51.5836078Z > botsales-frontend@0.1.0 setup
2026-10-10T15:23:51.5836636Z > node scripts/setup.mjs
2026-10-10T15:23:51.5836905Z 
2026-10-10T15:23:51.8038942Z {"status":"PASS","outputs":15,"schemas":346,"operations":245,"routes":61}
2026-10-10T15:23:51.8931392Z Copying the worker script at "/home/runner/work/Bot-AI-Ban-hang-FB/Bot-AI-Ban-hang-FB/BotSalesAI_Frontend/apps/web/public"...
2026-10-10T15:23:51.8975223Z 
2026-10-10T15:23:51.8975830Z [32mWorker script successfully copied![39m
2026-10-10T15:23:51.8976239Z [90m  - public
2026-10-10T15:23:51.8976491Z [39m
2026-10-10T15:23:51.8976857Z Continue by describing the network in your application:
2026-10-10T15:23:51.8977139Z 
2026-10-10T15:23:51.8977146Z 
2026-10-10T15:23:51.8977437Z [31m[1mhttps://mswjs.io/docs/quick-start[22m[39m
2026-10-10T15:23:51.8977710Z 
2026-10-10T15:23:51.9038761Z Thiết lập xong. npm run dev chạy frontend mô phỏng; không kết nối khách hàng hoặc provider thật.
2026-10-10T15:23:51.9141062Z 
2026-10-10T15:23:51.9141298Z > npm run build
2026-10-10T15:23:52.0183377Z 
2026-10-10T15:23:52.0213861Z > botsales-frontend@0.1.0 build
2026-10-10T15:23:52.0245038Z > npm run generate:check && npm run typecheck && npm run build --workspace @botsales/web
2026-10-10T15:23:52.0245936Z 
2026-10-10T15:23:52.1261558Z 
2026-10-10T15:23:52.1262072Z > botsales-frontend@0.1.0 generate:check
2026-10-10T15:23:52.1263065Z > node scripts/generate.mjs --check
2026-10-10T15:23:52.1263362Z 
2026-10-10T15:23:52.3148759Z {"status":"PASS","outputs":15,"schemas":346,"operations":245,"routes":61}
2026-10-10T15:23:52.4255971Z 
2026-10-10T15:23:52.4256629Z > botsales-frontend@0.1.0 typecheck
2026-10-10T15:23:52.4257154Z > tsc -p apps/web/tsconfig.json --noEmit
2026-10-10T15:23:52.4257403Z 
2026-10-10T15:23:59.7896532Z 
2026-10-10T15:23:59.7897186Z > @botsales/web@0.1.0 build
2026-10-10T15:23:59.7897694Z > vite build --mode production
2026-10-10T15:23:59.7897942Z 
2026-10-10T15:23:59.9560895Z [36mvite v7.3.6 [32mbuilding client environment for production...[36m[39m
2026-10-10T15:24:00.0193898Z transforming...
2026-10-10T15:24:05.4583836Z [32m✓[39m 2077 modules transformed.
2026-10-10T15:24:06.0096084Z rendering chunks...
2026-10-10T15:24:06.2408419Z computing gzip size...
2026-10-10T15:24:06.2654465Z [2mdist/[22m[32mindex.html                            [39m[1m[2m  1.23 kB[22m[1m[22m[2m │ gzip:   0.61 kB[22m
2026-10-10T15:24:06.2656091Z [2mdist/[22m[2massets/[22m[35mindex-BQPx7lJM.css             [39m[1m[2m  3.56 kB[22m[1m[22m[2m │ gzip:   1.33 kB[22m
2026-10-10T15:24:06.2657578Z [2mdist/[22m[2massets/[22m[36mdownload-8lJFmiSZ.js           [39m[1m[2m  0.23 kB[22m[1m[22m[2m │ gzip:   0.17 kB[22m
2026-10-10T15:24:06.2659321Z [2mdist/[22m[2massets/[22m[36mfilters-CM07jGKE.js            [39m[1m[2m  0.32 kB[22m[1m[22m[2m │ gzip:   0.25 kB[22m
2026-10-10T15:24:06.2660328Z [2mdist/[22m[2massets/[22m[36mhooks-L2nh8X7I.js              [39m[1m[2m  4.59 kB[22m[1m[22m[2m │ gzip:   2.15 kB[22m
2026-10-10T15:24:06.2661295Z [2mdist/[22m[2massets/[22m[36mdraft-conflict-CQUoJQ4o.js     [39m[1m[2m  5.37 kB[22m[1m[22m[2m │ gzip:   2.49 kB[22m
2026-10-10T15:24:06.2662624Z [2mdist/[22m[2massets/[22m[36mindex-mquMxiPF.js              [39m[1m[2m  8.25 kB[22m[1m[22m[2m │ gzip:   3.27 kB[22m
2026-10-10T15:24:06.2664657Z [2mdist/[22m[2massets/[22m[36mindex-CiWOs-TV.js              [39m[1m[2m  9.42 kB[22m[1m[22m[2m │ gzip:   3.73 kB[22m
2026-10-10T15:24:06.2665677Z [2mdist/[22m[2massets/[22m[36mindex-DQGrQuEv.js              [39m[1m[2m 13.14 kB[22m[1m[22m[2m │ gzip:   5.19 kB[22m
2026-10-10T15:24:06.2666606Z [2mdist/[22m[2massets/[22m[36mindex-OVGPogNo.js              [39m[1m[2m 15.39 kB[22m[1m[22m[2m │ gzip:   5.90 kB[22m
2026-10-10T15:24:06.2667516Z [2mdist/[22m[2massets/[22m[36mindex-Bd9mcE3C.js              [39m[1m[2m 16.98 kB[22m[1m[22m[2m │ gzip:   5.58 kB[22m
2026-10-10T15:24:06.2668512Z [2mdist/[22m[2massets/[22m[36mindex-Bg61UgeK.js              [39m[1m[2m 16.99 kB[22m[1m[22m[2m │ gzip:   5.81 kB[22m
2026-10-10T15:24:06.2670301Z [2mdist/[22m[2massets/[22m[36mindex-PCRh2M1X.js              [39m[1m[2m 18.85 kB[22m[1m[22m[2m │ gzip:   6.33 kB[22m
2026-10-10T15:24:06.2671473Z [2mdist/[22m[2massets/[22m[36mindex-BUtDDvPf.js              [39m[1m[2m 19.08 kB[22m[1m[22m[2m │ gzip:   7.02 kB[22m
2026-10-10T15:24:06.2672724Z [2mdist/[22m[2massets/[22m[36mindex-CvmCKMdV.js              [39m[1m[2m 20.90 kB[22m[1m[22m[2m │ gzip:   6.92 kB[22m
2026-10-10T15:24:06.2674431Z [2mdist/[22m[2massets/[22m[36mindex-Dzt3sNfY.js              [39m[1m[2m 21.23 kB[22m[1m[22m[2m │ gzip:   7.65 kB[22m
2026-10-10T15:24:06.2676002Z [2mdist/[22m[2massets/[22m[36mindex-RfTtRmBG.js              [39m[1m[2m 24.80 kB[22m[1m[22m[2m │ gzip:   8.25 kB[22m
2026-10-10T15:24:06.2677624Z [2mdist/[22m[2massets/[22m[36mindex-DWs4xu4k.js              [39m[1m[2m 25.06 kB[22m[1m[22m[2m │ gzip:   8.46 kB[22m
2026-10-10T15:24:06.2679213Z [2mdist/[22m[2massets/[22m[36mindex-BSXDucyP.js              [39m[1m[2m 30.93 kB[22m[1m[22m[2m │ gzip:   9.93 kB[22m
2026-10-10T15:24:06.2680866Z [2mdist/[22m[2massets/[22m[36mindex-DattA6PL.js              [39m[1m[2m 32.48 kB[22m[1m[22m[2m │ gzip:  10.82 kB[22m
2026-10-10T15:24:06.2682724Z [2mdist/[22m[2massets/[22m[36mquery-Df7VyXaF.js              [39m[1m[2m 33.15 kB[22m[1m[22m[2m │ gzip:   9.92 kB[22m
2026-10-10T15:24:06.2684319Z [2mdist/[22m[2massets/[22m[36mindex-WDyY7fx-.js              [39m[1m[2m 42.03 kB[22m[1m[22m[2m │ gzip:  11.49 kB[22m
2026-10-10T15:24:06.2686006Z [2mdist/[22m[2massets/[22m[36mi18n-D4N_7Z3Q.js               [39m[1m[2m 46.14 kB[22m[1m[22m[2m │ gzip:  15.12 kB[22m
2026-10-10T15:24:06.2687593Z [2mdist/[22m[2massets/[22m[36mindex-BeRebE9w.js              [39m[1m[2m 64.28 kB[22m[1m[22m[2m │ gzip:  17.67 kB[22m
2026-10-10T15:24:06.2689111Z [2mdist/[22m[2massets/[22m[36mschemas-CoWCwirf.js            [39m[1m[2m 85.75 kB[22m[1m[22m[2m │ gzip:  25.72 kB[22m
2026-10-10T15:24:06.2690814Z [2mdist/[22m[2massets/[22m[36mindex-DgXyZ4_1.js              [39m[1m[2m100.89 kB[22m[1m[22m[2m │ gzip:  32.02 kB[22m
2026-10-10T15:24:06.2692749Z [2mdist/[22m[2massets/[22m[36mschema-validation-B78jEm7B.js  [39m[1m[2m149.80 kB[22m[1m[22m[2m │ gzip:  45.12 kB[22m
2026-10-10T15:24:06.2694542Z [2mdist/[22m[2massets/[22m[36mreact-runtime-gLMyUIL2.js      [39m[1m[2m279.79 kB[22m[1m[22m[2m │ gzip:  90.28 kB[22m
2026-10-10T15:24:06.2696260Z [2mdist/[22m[2massets/[22m[36mcharts-BwhaRlrs.js             [39m[1m[2m320.23 kB[22m[1m[22m[2m │ gzip:  96.79 kB[22m
2026-10-10T15:24:06.2697955Z [2mdist/[22m[2massets/[22m[36mmui-CJj7QyVx.js                [39m[1m[2m328.77 kB[22m[1m[22m[2m │ gzip: 100.20 kB[22m
2026-10-10T15:24:06.2699649Z [2mdist/[22m[2massets/[22m[36mcontract-data-BRT-TOMX.js      [39m[1m[2m368.62 kB[22m[1m[22m[2m │ gzip:  42.83 kB[22m
2026-10-10T15:24:06.2700666Z [32m✓ built in 6.30s[39m
2026-10-10T15:24:06.3594115Z 
2026-10-10T15:24:06.3594662Z > npm run build:demo
2026-10-10T15:24:06.4520732Z 
2026-10-10T15:24:06.4521817Z > botsales-frontend@0.1.0 build:demo
2026-10-10T15:24:06.4523298Z > npm run generate:check && npm run typecheck && npm run build:demo --workspace @botsales/web
2026-10-10T15:24:06.4523908Z 
2026-10-10T15:24:06.5494620Z 
2026-10-10T15:24:06.5495266Z > botsales-frontend@0.1.0 generate:check
2026-10-10T15:24:06.5495790Z > node scripts/generate.mjs --check
2026-10-10T15:24:06.5496017Z 
2026-10-10T15:24:06.7306965Z {"status":"PASS","outputs":15,"schemas":346,"operations":245,"routes":61}
2026-10-10T15:24:06.8427292Z 
2026-10-10T15:24:06.8427862Z > botsales-frontend@0.1.0 typecheck
2026-10-10T15:24:06.8428366Z > tsc -p apps/web/tsconfig.json --noEmit
2026-10-10T15:24:06.8428618Z 
2026-10-10T15:24:14.2168441Z 
2026-10-10T15:24:14.2169145Z > @botsales/web@0.1.0 build:demo
2026-10-10T15:24:14.2169709Z > vite build --mode demo --outDir dist-demo
2026-10-10T15:24:14.2170014Z 
2026-10-10T15:24:14.3813457Z [36mvite v7.3.6 [32mbuilding client environment for demo...[36m[39m
2026-10-10T15:24:14.4503736Z transforming...
2026-10-10T15:24:20.4806964Z [32m✓[39m 2293 modules transformed.
2026-10-10T15:24:21.0689549Z rendering chunks...
2026-10-10T15:24:21.3384842Z computing gzip size...
2026-10-10T15:24:21.3974821Z [2mdist-demo/[22m[32mindex.html                            [39m[1m[2m  1.23 kB[22m[1m[22m[2m │ gzip:   0.61 kB[22m
2026-10-10T15:24:21.3976964Z [2mdist-demo/[22m[2massets/[22m[35mindex-BQPx7lJM.css             [39m[1m[2m  3.56 kB[22m[1m[22m[2m │ gzip:   1.33 kB[22m
2026-10-10T15:24:21.4004229Z [2mdist-demo/[22m[2massets/[22m[36mdownload-CWiaXb8A.js           [39m[1m[2m  0.24 kB[22m[1m[22m[2m │ gzip:   0.17 kB[22m
2026-10-10T15:24:21.4033922Z [2mdist-demo/[22m[2massets/[22m[36mfilters-CirfTR7_.js            [39m[1m[2m  0.32 kB[22m[1m[22m[2m │ gzip:   0.25 kB[22m
2026-10-10T15:24:21.4063896Z [2mdist-demo/[22m[2massets/[22m[36mcontrol-Criu5A-7.js            [39m[1m[2m  1.73 kB[22m[1m[22m[2m │ gzip:   0.94 kB[22m
2026-10-10T15:24:21.4065757Z [2mdist-demo/[22m[2massets/[22m[36mhooks-BeC01d3Y.js              [39m[1m[2m  4.59 kB[22m[1m[22m[2m │ gzip:   2.15 kB[22m
2026-10-10T15:24:21.4093899Z [2mdist-demo/[22m[2massets/[22m[36mdraft-conflict-tNpI-HAo.js     [39m[1m[2m  5.37 kB[22m[1m[22m[2m │ gzip:   2.49 kB[22m
2026-10-10T15:24:21.4123829Z [2mdist-demo/[22m[2massets/[22m[36mindex-SkfVeie4.js              [39m[1m[2m  8.79 kB[22m[1m[22m[2m │ gzip:   3.47 kB[22m
2026-10-10T15:24:21.4153775Z [2mdist-demo/[22m[2massets/[22m[36mindex-DH5AOH0G.js              [39m[1m[2m  9.42 kB[22m[1m[22m[2m │ gzip:   3.73 kB[22m
2026-10-10T15:24:21.4174026Z [2mdist-demo/[22m[2massets/[22m[36mindex-B3gGpiMi.js              [39m[1m[2m 13.14 kB[22m[1m[22m[2m │ gzip:   5.18 kB[22m
2026-10-10T15:24:21.4193759Z [2mdist-demo/[22m[2massets/[22m[36mindex-D3UNZ1L-.js              [39m[1m[2m 15.09 kB[22m[1m[22m[2m │ gzip:   5.71 kB[22m
2026-10-10T15:24:21.4223760Z [2mdist-demo/[22m[2massets/[22m[36mindex-BWSxRwQH.js              [39m[1m[2m 17.14 kB[22m[1m[22m[2m │ gzip:   5.61 kB[22m
2026-10-10T15:24:21.4243877Z [2mdist-demo/[22m[2massets/[22m[36mindex-BGP_Ad-y.js              [39m[1m[2m 18.85 kB[22m[1m[22m[2m │ gzip:   6.33 kB[22m
2026-10-10T15:24:21.4273671Z [2mdist-demo/[22m[2massets/[22m[36mindex-01nb5nQj.js              [39m[1m[2m 19.18 kB[22m[1m[22m[2m │ gzip:   6.54 kB[22m
2026-10-10T15:24:21.4283800Z [2mdist-demo/[22m[2massets/[22m[36mindex-DgCh8QFc.js              [39m[1m[2m 19.28 kB[22m[1m[22m[2m │ gzip:   7.08 kB[22m
2026-10-10T15:24:21.4313722Z [2mdist-demo/[22m[2massets/[22m[36mindex-Cco5VbEE.js              [39m[1m[2m 20.90 kB[22m[1m[22m[2m │ gzip:   6.92 kB[22m
2026-10-10T15:24:21.4333695Z [2mdist-demo/[22m[2massets/[22m[36mindex-hYjqNRGb.js              [39m[1m[2m 24.80 kB[22m[1m[22m[2m │ gzip:   8.24 kB[22m
2026-10-10T15:24:21.4343783Z [2mdist-demo/[22m[2massets/[22m[36mindex-BDJDBZpL.js              [39m[1m[2m 25.47 kB[22m[1m[22m[2m │ gzip:   8.62 kB[22m
2026-10-10T15:24:21.4373980Z [2mdist-demo/[22m[2massets/[22m[36mindex-DQbFFBlT.js              [39m[1m[2m 28.10 kB[22m[1m[22m[2m │ gzip:   9.80 kB[22m
2026-10-10T15:24:21.4403769Z [2mdist-demo/[22m[2massets/[22m[36mindex-DX4hKm3W.js              [39m[1m[2m 30.93 kB[22m[1m[22m[2m │ gzip:   9.93 kB[22m
2026-10-10T15:24:21.4423928Z [2mdist-demo/[22m[2massets/[22m[36mindex-f6PQjW3Q.js              [39m[1m[2m 32.93 kB[22m[1m[22m[2m │ gzip:  10.94 kB[22m
2026-10-10T15:24:21.4433766Z [2mdist-demo/[22m[2massets/[22m[36mquery-Df7VyXaF.js              [39m[1m[2m 33.15 kB[22m[1m[22m[2m │ gzip:   9.92 kB[22m
2026-10-10T15:24:21.4463726Z [2mdist-demo/[22m[2massets/[22m[36mindex-D6MJeQeX.js              [39m[1m[2m 42.03 kB[22m[1m[22m[2m │ gzip:  11.49 kB[22m
2026-10-10T15:24:21.4493739Z [2mdist-demo/[22m[2massets/[22m[36mi18n-D4N_7Z3Q.js               [39m[1m[2m 46.14 kB[22m[1m[22m[2m │ gzip:  15.12 kB[22m
2026-10-10T15:24:21.4513777Z [2mdist-demo/[22m[2massets/[22m[36mindex-BoOL50Pn.js              [39m[1m[2m 65.49 kB[22m[1m[22m[2m │ gzip:  18.10 kB[22m
2026-10-10T15:24:21.4523837Z [2mdist-demo/[22m[2massets/[22m[36mschemas-CoWCwirf.js            [39m[1m[2m 85.75 kB[22m[1m[22m[2m │ gzip:  25.72 kB[22m
2026-10-10T15:24:21.4553705Z [2mdist-demo/[22m[2massets/[22m[36mindex-C6ptp12n.js              [39m[1m[2m105.42 kB[22m[1m[22m[2m │ gzip:  33.42 kB[22m
2026-10-10T15:24:21.4583761Z [2mdist-demo/[22m[2massets/[22m[36mschema-validation-B78jEm7B.js  [39m[1m[2m149.80 kB[22m[1m[22m[2m │ gzip:  45.12 kB[22m
2026-10-10T15:24:21.4603811Z [2mdist-demo/[22m[2massets/[22m[36mservice-DOnisuXi.js            [39m[1m[2m233.46 kB[22m[1m[22m[2m │ gzip:  54.15 kB[22m
2026-10-10T15:24:21.4613824Z [2mdist-demo/[22m[2massets/[22m[36mbrowser-CQeKKnYr.js            [39m[1m[2m255.64 kB[22m[1m[22m[2m │ gzip:  87.02 kB[22m
2026-10-10T15:24:21.4674471Z [2mdist-demo/[22m[2massets/[22m[36mreact-runtime-gLMyUIL2.js      [39m[1m[2m279.79 kB[22m[1m[22m[2m │ gzip:  90.28 kB[22m
2026-10-10T15:24:21.4683818Z [2mdist-demo/[22m[2massets/[22m[36mcharts-uDdGNk6t.js             [39m[1m[2m320.23 kB[22m[1m[22m[2m │ gzip:  96.79 kB[22m
2026-10-10T15:24:21.4723749Z [2mdist-demo/[22m[2massets/[22m[36mmui-CUCPJGs1.js                [39m[1m[2m328.77 kB[22m[1m[22m[2m │ gzip: 100.20 kB[22m
2026-10-10T15:24:21.4733914Z [2mdist-demo/[22m[2massets/[22m[36mcontract-data-CJyvN5AM.js      [39m[1m[2m375.47 kB[22m[1m[22m[2m │ gzip:  44.43 kB[22m
2026-10-10T15:24:21.4752933Z [32m✓ built in 7.00s[39m
2026-10-10T15:24:21.7429928Z 
2026-10-10T15:24:21.7430905Z > node node_modules/@playwright/test/cli.js test --project=firefox --reporter=line
2026-10-10T15:24:24.8787156Z 
2026-10-10T15:24:24.8787717Z Running 407 tests using 1 worker
2026-10-10T15:24:24.8788088Z 
2026-10-10T15:24:25.7164743Z [1/407] [firefox] › tests/accessibility/routes.spec.ts:17:1 › all canonical routes pass whole-page WCAG 2.1 A/AA axe checks in the React demo
2026-10-10T15:27:31.3935085Z [2/407] [firefox] › tests/accessibility/routes.spec.ts:84:1 › contained action buttons do not animate between contrasting enabled and disabled color pairs
2026-10-10T15:27:35.7239429Z [3/407] [firefox] › tests/artifacts/demo-preview.spec.ts:40:1 › the built demo artifact serves the React UI and synthetic API through preview
2026-10-10T15:27:37.2022722Z [firefox] › tests/artifacts/demo-preview.spec.ts:40:1 › the built demo artifact serves the React UI and synthetic API through preview
2026-10-10T15:27:37.2035380Z [artifact-preview] {"scope":"FRONTEND_WITH_SYNTHETIC_MOCK_API","artifact":"apps/web/dist-demo","browserMetrics":{"browser":"Mozilla/5.0 (Windows NT 10.0; Win64; x64; rv:155.0) Gecko/20100101 Firefox/155.0","viewport":{"width":1280,"height":720},"route":"/s/shop-demo/overview","domContentLoadedMs":225,"loadEventMs":225,"scriptCount":11,"scriptTransferBytes":482369,"scriptAssets":[{"file":"index-C6ptp12n.js","transferBytes":33723,"decodedBytes":105422,"durationMs":27},{"file":"query-Df7VyXaF.js","transferBytes":10222,"decodedBytes":33154,"durationMs":40},{"file":"mui-CUCPJGs1.js","transferBytes":100504,"decodedBytes":328773,"durationMs":56},{"file":"schema-validation-B78jEm7B.js","transferBytes":45420,"decodedBytes":149800,"durationMs":54},{"file":"react-runtime-gLMyUIL2.js","transferBytes":90583,"decodedBytes":279787,"durationMs":55},{"file":"contract-data-CJyvN5AM.js","transferBytes":44731,"decodedBytes":375469,"durationMs":56},{"file":"i18n-D4N_7Z3Q.js","transferBytes":15416,"decodedBytes":46142,"durationMs":51},{"file":"service-DOnisuXi.js","transferBytes":54454,"decodedBytes":233456,"durationMs":15},{"file":"browser-CQeKKnYr.js","transferBytes":87316,"decodedBytes":255636,"durationMs":17},{"file":"index-DH5AOH0G.js","transferBytes":0,"decodedBytes":0,"durationMs":0},{"file":"hooks-BeC01d3Y.js","transferBytes":0,"decodedBytes":0,"durationMs":0}]},"bundles":{"javascriptFiles":32,"totalBytes":2617401,"totalGzipBytes":735870,"initialRouteGzipBytes":485552,"proposedBudgets":{"initialRouteGzipKiB":500,"largestChunkGzipKiB":200,"basis":"Local demo preview limits for the measured Chromium artifact; not a backend or platform SLO."},"largest":[{"file":"apps/web/dist-demo/assets/contract-data-CJyvN5AM.js","bytes":375469,"gzipBytes":44431},{"file":"apps/web/dist-demo/assets/mui-CUCPJGs1.js","bytes":328773,"gzipBytes":100204},{"file":"apps/web/dist-demo/assets/charts-uDdGNk6t.js","bytes":320234,"gzipBytes":96785},{"file":"apps/web/dist-demo/assets/react-runtime-gLMyUIL2.js","bytes":279787,"gzipBytes":90283},{"file":"apps/web/dist-demo/assets/browser-CQeKKnYr.js","bytes":255636,"gzipBytes":87016}]},"observedApi":{"path":"/api/v2/session","status":200,"servedBy":"MSW in the built demo artifact"},"dataSource":"synthetic-msw"}
2026-10-10T15:27:37.2043364Z 
2026-10-10T15:27:37.2213023Z [4/407] [firefox] › tests/artifacts/demo-preview.spec.ts:104:1 › a thousand synthetic customers remain API-paginated in the built demo artifact
2026-10-10T15:27:39.8086349Z [firefox] › tests/artifacts/demo-preview.spec.ts:104:1 › a thousand synthetic customers remain API-paginated in the built demo artifact
2026-10-10T15:27:39.8088937Z [large-dataset-api] {"url":"http://127.0.0.1:44133/api/v2/shops/shop-demo/customers?limit=20","count":20,"page":{"limit":20,"total":1004,"hasMore":true,"nextCursor":"perf-customer-0016"},"firstIds":["c1","c2","c3"]}
2026-10-10T15:27:39.8090033Z 
2026-10-10T15:27:39.9173616Z [large-dataset-preview] {"scope":"FRONTEND_WITH_SYNTHETIC_MOCK_API","artifact":"apps/web/dist-demo","datasetId":"FE025-LARGE-CUSTOMERS-1000-V1","generatedRows":1000,"firstPageIds":["c1","c2","c3","c4","perf-customer-0001","perf-customer-0002","perf-customer-0003","perf-customer-0004","perf-customer-0005","perf-customer-0006","perf-customer-0007","perf-customer-0008","perf-customer-0009","perf-customer-0010","perf-customer-0011","perf-customer-0012","perf-customer-0013","perf-customer-0014","perf-customer-0015","perf-customer-0016"],"api":{"status":200,"pageLimit":20,"total":1004,"hasMore":true,"nextCursor":"perf-customer-0016"},"domRowsIncludingHeader":21,"firstPageReadyMs":560,"browser":"Mozilla/5.0 (Windows NT 10.0; Win64; x64; rv:155.0) Gecko/20100101 Firefox/155.0","viewport":{"width":1280,"height":720},"note":"Synthetic customer identities only; the React screen renders one API page and exposes the next cursor instead of mounting the full collection."}
2026-10-10T15:27:39.9176959Z 
2026-10-10T15:27:39.9361130Z [5/407] [firefox] › tests/artifacts/demo-preview.spec.ts:143:1 › the production artifact contains neither the mock worker asset nor MSW fixtures/runtime
2026-10-10T15:27:39.9923686Z [6/407] [firefox] › tests/fe009.spec.ts:37:1 › workspace onboarding creates a shop with an active membership and returns to its scoped route
2026-10-10T15:27:45.1445533Z [7/407] [firefox] › tests/fe009.spec.ts:59:1 › customer create validates fields, submits through mock HTTP, and preserves edits after a stale version
2026-10-10T15:27:54.8700374Z [8/407] [firefox] › tests/fe009.spec.ts:127:1 › customer detail keeps redacted contact fields read-only and does not overwrite them on save
2026-10-10T15:27:58.1599570Z [9/407] [firefox] › tests/fe009.spec.ts:144:1 › job detail follows an export created in the current synthetic shop and can refetch it
2026-10-10T15:28:02.9254358Z [10/407] [firefox] › tests/fe009.spec.ts:179:1 › FE009.G01 shop setup checklist guides to supported pages and leaves missing contract fields unverified
2026-10-10T15:28:05.0106120Z [11/407] [firefox] › tests/fe009.spec.ts:192:1 › FE009.G05 consent management persists challenges without granting consent before customer action
2026-10-10T15:28:09.3216517Z [12/407] [firefox] › tests/fe009.spec.ts:202:1 › FE009.H06 audit screen distinguishes available fields from missing contract detail
2026-10-10T15:28:11.2832436Z [13/407] [firefox] › tests/fe009.spec.ts:211:1 › FE009.B06 after-sale cases only link orders loaded for the selected customer and customer profile shows their shipment
2026-10-10T15:28:20.5936096Z [14/407] [firefox] › tests/fe009.spec.ts:243:1 › team invitation and membership revoke stay shop-scoped and protect the active owner
2026-10-10T15:28:25.9156252Z [15/407] [firefox] › tests/fe009.spec.ts:279:1 › privacy delete requests remain pending approval with no frontend step-up shortcut
2026-10-10T15:28:31.1651531Z [16/407] [firefox] › tests/fe010.spec.ts:40:1 › product editor validates positive prices, protects image-only drafts, and saves variant payload through mock HTTP
2026-10-10T15:28:42.6709754Z [17/407] [firefox] › tests/fe010.spec.ts:110:1 › product update sends If-Match and keeps edits visible after a 412 conflict
2026-10-10T15:28:47.4658011Z [18/407] [firefox] › tests/fe010.spec.ts:142:1 › warehouse role can read catalog products but cannot edit product fields or price cost data
2026-10-10T15:28:51.0824546Z [19/407] [firefox] › tests/fe010.spec.ts:151:1 › categories create, search, update with a version, and render cursor pagination
2026-10-10T15:28:55.8364887Z [20/407] [firefox] › tests/fe010.spec.ts:180:1 › CSV preview reports row-level errors and commits only valid product rows
2026-10-10T15:29:03.3085192Z [21/407] [firefox] › tests/fe010.spec.ts:252:1 › import validation token is rejected with 412 after catalog changes and the preview remains visible
2026-10-10T15:29:10.7573783Z [22/407] [firefox] › tests/fe010.spec.ts:284:1 › CSV demo row limit is explained and rejects more than 1000 data rows before preview
2026-10-10T15:29:13.8207760Z [23/407] [firefox] › tests/fe010.spec.ts:297:1 › demo upload rejects files over 5 MB before making an upload request
2026-10-10T15:29:16.4916057Z [24/407] [firefox] › tests/fe010.spec.ts:308:1 › product category lookup pages the full collection and preserves the selected category while editing
2026-10-10T15:29:57.4038673Z [firefox] › tests/fe010.spec.ts:308:1 › product category lookup pages the full collection and preserves the selected category while editing
2026-10-10T15:29:57.4040765Z UI005 acceptance: {"categoryTotal":105,"createCategoryId":"cat-2","editCategoryId":"cat-0","categoryRequests":20}
2026-10-10T15:29:57.4041792Z 
2026-10-10T15:29:57.5089308Z [25/407] [firefox] › tests/fe011.spec.ts:37:1 › FE011.AC01 snapshot drives stock totals and the SKU opens its catalog result
2026-10-10T15:30:03.2695359Z [26/407] [firefox] › tests/fe011.spec.ts:56:1 › FE011.AC02 adjustment validates, waits for mock confirmation, and reconciles movement history once
2026-10-10T15:30:10.6468581Z [27/407] [firefox] › tests/fe011.spec.ts:95:1 › FE011.AC03 conflict and insufficient stock preserve the draft and never update optimistically
2026-10-10T15:30:16.9190103Z [28/407] [firefox] › tests/fe011.spec.ts:125:1 › FE011.AC03 forbidden adjustment retains user input and shows no success state
2026-10-10T15:30:21.7656055Z [29/407] [firefox] › tests/fe011.spec.ts:141:1 › FE011.AC03 unknown command blocks duplicate submission until shared recovery reconciles it
2026-10-10T15:30:27.1977627Z [30/407] [firefox] › tests/fe011.spec.ts:159:1 › FE011.AC04 movement contract filters are URL-backed and history exposes actor and permission-gated source
2026-10-10T15:30:30.7812411Z [31/407] [firefox] › tests/fe011.spec.ts:187:1 › FE011.AC05 inventory reflows at mobile widths, passes axe, and restores keyboard focus after adjustment dialog
2026-10-10T15:30:36.5729408Z [32/407] [firefox] › tests/fe011.spec.ts:210:1 › FE011.AC03 unknown shop scope shows no stock from another shop
2026-10-10T15:30:37.6295134Z [33/407] [firefox] › tests/fe012.spec.ts:37:1 › FE012.AC01 searchable customer and product pickers submit contract-shaped draft and reject fractional quantity
2026-10-10T15:30:46.0058461Z [34/407] [firefox] › tests/fe012.spec.ts:95:1 › FE012 canonical customer address choice completes the mock order flow with a versioned snapshot
2026-10-10T15:30:54.3965062Z [35/407] [firefox] › tests/fe012.spec.ts:124:1 › FE012.AC01 editing lines invalidates quote and customer consent; a new quote is required before confirmation
2026-10-10T15:31:03.8235929Z [36/407] [firefox] › tests/fe012.spec.ts:184:1 › FE012.AC03 mock stale-version 412 preserves draft fields and does not show success
2026-10-10T15:31:08.4395098Z [37/407] [firefox] › tests/fe012.spec.ts:201:1 › FE012.AC03 offline state blocks quote mutation while retaining the loaded draft
2026-10-10T15:31:10.7912956Z [38/407] [firefox] › tests/fe012.spec.ts:213:1 › FE012.AC03 unknown confirm outcome blocks duplicate writes until shared command recovery is available
2026-10-10T15:31:15.8967240Z [39/407] [firefox] › tests/fe012.spec.ts:259:1 › FE012.AC03 quote and customer confirmation expiration disable confirmation using API time
2026-10-10T15:31:19.7548050Z [40/407] [firefox] › tests/fe012.spec.ts:279:1 › FE012.AC03 returns reject fractional/over-original quantities locally and preserve data on cumulative mock rejection
2026-10-10T15:31:22.5827485Z [41/407] [firefox] › tests/fe012.spec.ts:303:1 › FE012.AC04 return inspection loads the current case and applies accepted partial quantity to mock stock and refund
2026-10-10T15:31:30.5211853Z [42/407] [firefox] › tests/fe012.spec.ts:356:1 › FE012.AC03 handed-over order routes to returns and exposes no ordinary cancel action
2026-10-10T15:31:32.5105896Z [43/407] [firefox] › tests/fe012.spec.ts:363:1 › FE012.AC05 order drafting remains usable without horizontal page overflow and passes focused axe checks
2026-10-10T15:31:35.7935884Z [44/407] [firefox] › tests/fe013.spec.ts:42:1 › FE013.C04 shipping preview distinguishes missing address, unserviceable zone, and expired mock quote
2026-10-10T15:31:41.6056332Z [45/407] [firefox] › tests/fe013.spec.ts:68:1 › FE013.AC01–AC04 stale claim conflict is visible; pick, pack, dispatch and delivery use current API versions once
2026-10-10T15:32:00.8804205Z [46/407] [firefox] › tests/fe013.spec.ts:212:1 › FE013.AC03 unknown handover cannot be repeated before command reconciliation
2026-10-10T15:32:11.9036493Z [47/407] [firefox] › tests/fe013.spec.ts:259:1 › FE013.AC01 role scope and FE013.AC05 responsive shipment/preparation views remain accessible
2026-10-10T15:32:19.8475612Z [48/407] [firefox] › tests/fe014.spec.ts:27:1 › FE014.AC01 multi-line purchase validates MOQ/pack size and binds approval to the created intent
2026-10-10T15:32:27.3436614Z [49/407] [firefox] › tests/fe014.spec.ts:79:1 › FE027.D02 supplier workspace edits the selected contact through its current version and displays MOQ offers
2026-10-10T15:32:31.4789785Z [50/407] [firefox] › tests/fe014.spec.ts:97:1 › FE014.AC02 approval covers the exact purchase intent; unknown send is blocked from blind retry
2026-10-10T15:32:41.8587635Z [51/407] [firefox] › tests/fe014.spec.ts:156:1 › FE014.S03 auto-send requires an active matching purchase delegation
2026-10-10T15:32:48.2892122Z [52/407] [firefox] › tests/fe014.spec.ts:170:1 › FE014.S04 owner manages a paused purchase delegation only after rechecking the buyer role
2026-10-10T15:32:58.6348988Z [53/407] [firefox] › tests/fe014.spec.ts:217:1 › FE014.S03 manager without procurement.receive cannot open receipt actions
2026-10-10T15:33:03.8495092Z [54/407] [firefox] › tests/fe014.spec.ts:237:1 › FE014.AC03 partial receipt posts only accepted units to synthetic stock and payable once
2026-10-10T15:33:12.6955656Z [55/407] [firefox] › tests/fe014.spec.ts:308:1 › FE014.D03/D04/D07 replenishment uses min-max rules, labels forecast limits, and blocks duplicate proposals
2026-10-10T15:33:18.4029305Z [56/407] [firefox] › tests/fe015.spec.ts:59:1 › FE015.AC01 report filters use exact timezone boundaries and mock API aggregates
2026-10-10T15:33:24.2609934Z [57/407] [firefox] › tests/fe015.spec.ts:109:1 › FE021.E08 report explanation is mock-only, cites the filtered P&L snapshot, and never writes finance data
2026-10-10T15:33:27.3084966Z [58/407] [firefox] › tests/fe015.spec.ts:130:1 › UI003 report timestamps follow the active shop timezone
2026-10-10T15:33:34.7638385Z [59/407] [firefox] › tests/fe015.spec.ts:187:1 › FE015.E02/E03 profit report renders canonical cost, gross-profit and operating-expense values
2026-10-10T15:33:37.3037355Z [60/407] [firefox] › tests/fe015.spec.ts:215:1 › FE015.AC02 journal rejects unbalanced decimal lines before POST and sends exact money strings
2026-10-10T15:33:44.1815817Z [61/407] [firefox] › tests/fe015.spec.ts:250:1 › FE015.AC02 closed accounting period is visible and disables journal draft creation
2026-10-10T15:33:51.5335294Z [62/407] [firefox] › tests/fe015.spec.ts:274:1 › FE015.AC03 CSV import keeps partial row failures visible and deduplicates external transactions
2026-10-10T15:33:58.4144518Z [63/407] [firefox] › tests/fe015.spec.ts:297:1 › UI001 reconciliation cursors stay scoped and dialogs load choices beyond the visible table page
2026-10-10T15:34:20.4804822Z [64/407] [firefox] › tests/fe015.spec.ts:424:1 › FE015.AC03 COD settlement matches net remittance plus documented fee
2026-10-10T15:34:31.2309689Z [65/407] [firefox] › tests/fe015.spec.ts:459:1 › FE015.AC03 partial bank allocation leaves the remaining amount and debt visible
2026-10-10T15:34:38.8465347Z [66/407] [firefox] › tests/fe015.spec.ts:485:1 › FE015.AC03 unknown journal posting is not resent from the same draft
2026-10-10T15:34:47.8619635Z [67/407] [firefox] › tests/fe016.spec.ts:70:1 › UI015 mobile demo tools disclose by keyboard and inbox stays within narrow viewports
2026-10-10T15:34:52.6844559Z [68/407] [firefox] › tests/fe016.spec.ts:103:1 › FE016 conversation keeps its composer visible while long demo context scrolls independently
2026-10-10T15:34:55.8900119Z [69/407] [firefox] › tests/fe016.spec.ts:210:1 › FE016.AC01 inbox filters call canonical query fields and remain bookmarked through conversation details
2026-10-10T15:35:00.3021101Z [70/407] [firefox] › tests/fe016.spec.ts:238:1 › Shared consolidation Inbox preserves selected filters and composer draft through metadata pending error empty and recovery
2026-10-10T15:35:05.6695638Z [71/407] [firefox] › tests/fe016.spec.ts:298:1 › FE016.AC01 list cursor is isolated from message cursor and restored on back navigation
2026-10-10T15:35:10.9941211Z [72/407] [firefox] › tests/fe016.spec.ts:317:1 › UI002 inbox list and message cursors stay independent through paging, conversation switch and shop change
2026-10-10T15:35:18.2936411Z [73/407] [firefox] › tests/fe016.spec.ts:406:1 › UI002 mobile keeps the list page while messages page and Back restores it
2026-10-10T15:35:24.0743244Z [74/407] [firefox] › tests/fe016.spec.ts:450:1 › UI002 Inbox search resets only the list cursor while a message page is open
2026-10-10T15:35:29.4047165Z [75/407] [firefox] › tests/fe016.spec.ts:507:1 › UI002 deep link, refresh and mobile Back preserve their own cursors
2026-10-10T15:35:33.9147523Z [76/407] [firefox] › tests/fe016.spec.ts:561:1 › UI002 list and message panel errors remain isolated
2026-10-10T15:35:42.3193367Z [77/407] [firefox] › tests/fe016.spec.ts:585:1 › UI002 send, invalidation and resync keep both cursors and send only once
2026-10-10T15:35:48.0625285Z [78/407] [firefox] › tests/fe016.spec.ts:645:1 › FE016.AC01 takeover and reply use current versions and show API send state without claiming delivery
2026-10-10T15:35:52.8515591Z [79/407] [firefox] › tests/fe016.spec.ts:672:1 › FE016.AC02 internal notes render HTML-like text inert and feedback creates only a review draft
2026-10-10T15:35:57.5415437Z [80/407] [firefox] › tests/fe016.spec.ts:705:1 › FE016.AC03 unknown send keeps the reply draft, exposes command recovery and never blindly resends
2026-10-10T15:36:02.0941665Z [81/407] [firefox] › tests/fe016.spec.ts:728:1 › FE016.AC04 role without customer/order permissions cannot open those cross-module references
2026-10-10T15:36:09.2633532Z [82/407] [firefox] › tests/fe016.spec.ts:739:1 › FE016.S03 stale takeover preserves reason and reports the version conflict
2026-10-10T15:36:13.2179823Z [83/407] [firefox] › tests/fe016.spec.ts:755:1 › FE016.B05 cross-sell promotion preview shows sample rules without applying a discount
2026-10-10T15:36:15.6725449Z [84/407] [firefox] › tests/fe016.spec.ts:769:1 › FE016.B08 capability-driven image, voice and document media upload and send by scoped file IDs
2026-10-10T15:36:22.4552190Z [85/407] [firefox] › tests/fe016.spec.ts:835:1 › FE016.B09 pending media send preserves newer text and blocks blind retry after unknown outcome
2026-10-10T15:36:30.8047422Z [86/407] [firefox] › tests/fe016.spec.ts:879:1 › FE016.B10 a channel without an explicit media policy keeps text composer and denies attachments
2026-10-10T15:36:33.1871001Z [87/407] [firefox] › tests/fe016.spec.ts:891:1 › FE027.B01 industry sales script preview asks for missing facts and stays a local draft
2026-10-10T15:36:36.2412322Z [88/407] [firefox] › tests/fe016.spec.ts:907:1 › FE027.B02 inbox price and available stock preview uses current canonical mock reads
2026-10-10T15:36:38.9189596Z [89/407] [firefox] › tests/fe016.spec.ts:928:1 › FE027.B03 order capture links the active customer and conversation into the manual order form
2026-10-10T15:36:43.3295098Z [90/407] [firefox] › tests/fe016.spec.ts:938:1 › FE027.B04 automatic order confirmation stays unavailable until policy and customer evidence exist
2026-10-10T15:36:45.9968994Z [91/407] [firefox] › tests/fe017-validation.spec.ts:15:1 › FE017 synthetic 422 keeps the knowledge draft fields and shows field errors
2026-10-10T15:36:54.5316302Z [92/407] [firefox] › tests/fe017.spec.ts:26:1 › FE017.AC01 demo publishing uses the approved permission and lifecycle substitute without an API allowedActions field
2026-10-10T15:37:05.5128141Z [93/407] [firefox] › tests/fe017.spec.ts:117:1 › FE017.AC02 knowledge file upload sends canonical purpose and detail reads processing status
2026-10-10T15:37:10.8470071Z [94/407] [firefox] › tests/fe017.spec.ts:156:1 › FE017 price and stock source preview uses canonical product and timestamped inventory APIs
2026-10-10T15:37:13.0270992Z [95/407] [firefox] › tests/fe017.spec.ts:189:1 › FE017.AC03 missing content, unsupported and oversized files keep creation unavailable
2026-10-10T15:37:16.1458621Z [96/407] [firefox] › tests/fe017.spec.ts:211:1 › FE017.AC04 feedback approval creates inert draft content and its first revision only
2026-10-10T15:37:25.0341690Z [97/407] [firefox] › tests/fe017.spec.ts:244:1 › FE017.AC05 manager sees knowledge read-only and synthetic API rejects purpose-specific upload and publish
2026-10-10T15:37:28.4820696Z [98/407] [firefox] › tests/fe017.spec.ts:265:1 › FE017.AC06 stale review preserves the reason and explains the conflict
2026-10-10T15:37:32.0365265Z [99/407] [firefox] › tests/fe017.spec.ts:280:1 › FE027.G02 product content brief edits source, size, warranty, alternatives, and forbidden claims locally
2026-10-10T15:37:34.3677813Z [100/407] [firefox] › tests/fe017.spec.ts:298:1 › FE027.G03 policy revisions keep the published snapshot immutable when a draft changes
2026-10-10T15:37:37.1631030Z [101/407] [firefox] › tests/fe018.spec.ts:130:1 › FE018.S01 maps routes and operations to the canonical OpenAPI permissions
2026-10-10T15:37:37.6266902Z [102/407] [firefox] › tests/fe018.spec.ts:147:1 › FE018.AC01/04 draft saves use the contract version and keep human order confirmation locked after a conflict
2026-10-10T15:37:48.8247111Z [103/407] [firefox] › tests/fe018.spec.ts:178:1 › FE018.AC03 evaluation is synthetic, revision-bound, and cannot publish a stale draft
2026-10-10T15:37:57.0875690Z [104/407] [firefox] › tests/fe018.spec.ts:202:1 › FE018.AC01/04 successful publish is tied to the tested revision and pause explains its boundary
2026-10-10T15:38:04.7934558Z [105/407] [firefox] › tests/fe018.spec.ts:232:1 › FE018.AC03 playground sends no external message and preserves unknown cost and token values
2026-10-10T15:38:09.0681742Z [106/407] [firefox] › tests/fe018.spec.ts:254:1 › FE018.S03 synthetic budget and tool denials retain the prompt and never show a generated answer
2026-10-10T15:38:15.5844525Z [107/407] [firefox] › tests/fe018.spec.ts:280:1 › FE027.H03 budget and provider failover preview refuses silent provider switching on exhaustion
2026-10-10T15:38:19.5954920Z [108/407] [firefox] › tests/fe018.spec.ts:294:1 › FE018.AC02 role kill switch is versioned, preserves API tools, and does not pause the whole bot
2026-10-10T15:38:29.4034064Z [109/407] [firefox] › tests/fe018.spec.ts:335:1 › FE018.AC02 expired, wrong-scope, and matching approvals produce honest budget results
2026-10-10T15:38:34.7150902Z [110/407] [firefox] › tests/fe018.spec.ts:363:1 › FE018.AC05 manager and bot-admin roles cannot use operations outside their canonical permissions
2026-10-10T15:38:41.4846857Z [111/407] [firefox] › tests/fe018.spec.ts:395:1 › FE018.AC05 unknown role command stays unresolved and does not claim successful resumption
2026-10-10T15:38:46.9584778Z [112/407] [firefox] › tests/fe018.spec.ts:411:1 › UI004 25 evaluations: cursor pages reach the last record and preserve detail, search, and browser Back state
2026-10-10T15:38:56.4382918Z [firefox] › tests/fe018.spec.ts:411:1 › UI004 25 evaluations: cursor pages reach the last record and preserve detail, search, and browser Back state
2026-10-10T15:38:56.4387684Z UI004_25_ACCEPTANCE={"total":25,"pageSizes":[20,5],"cursor":"evaluation-10016","oldestRecord":"evaluation-10001","oldestReachable":true,"detailPreservedCursor":true,"browserBackRestoredFirstPage":true,"searchResetCursor":true}
2026-10-10T15:38:56.4389676Z 
2026-10-10T15:39:00.3185849Z [113/407] [firefox] › tests/fe018.spec.ts:457:1 › UI004 105 evaluations: cursor traversal reaches every record and retains the failing cursor for retry
2026-10-10T15:39:21.3980760Z [firefox] › tests/fe018.spec.ts:457:1 › UI004 105 evaluations: cursor traversal reaches every record and retains the failing cursor for retry
2026-10-10T15:39:21.3984130Z UI004_105_ACCEPTANCE={"total":105,"pageSizes":[20,20,20,20,20,5],"pagesVisited":6,"cursorRequests":["evaluation-10256","evaluation-10196","evaluation-10136","evaluation-10076","evaluation-10016"],"uniqueRecords":105,"oldestRecord":"evaluation-10001","oldestReachable":true,"failedCursorRetainedForRetry":"evaluation-10196","errorShowsNoFabricatedRows":true,"retrySucceeded":true}
2026-10-10T15:39:21.3985549Z 
2026-10-10T15:39:21.5008824Z [114/407] [firefox] › tests/fe019.spec.ts:21:1 › FE019.S01 maps integrations and notification routes, actions, schemas, and mock boundaries
2026-10-10T15:39:21.8179219Z [115/407] [firefox] › tests/fe019.spec.ts:70:1 › FE019.AC01 AI secret is write-only, cleared after submit, and absent from stored/read data
2026-10-10T15:39:27.8563885Z [116/407] [firefox] › tests/fe019.spec.ts:117:1 › FE019.AC01 invalid mock credential is rejected, cleared from the form, and not submitted
2026-10-10T15:39:31.2064743Z [117/407] [firefox] › tests/fe019.spec.ts:138:1 › FE019.AC02 channel OAuth failure stays on the page and never marks a channel connected
2026-10-10T15:39:33.8037168Z [118/407] [firefox] › tests/fe019.spec.ts:172:1 › FE019.AC03/04 device, Telegram, and PWA checks stay synthetic and do not request OS permission
2026-10-10T15:39:40.1902985Z [119/407] [firefox] › tests/fe019.spec.ts:251:1 › FE019.AC05 notification policy validates canonical numeric bounds before sending and acknowledges only allowed work
2026-10-10T15:39:45.2164859Z [120/407] [firefox] › tests/fe019.spec.ts:273:1 › FE019.A03 notification order link stays within the active shop scope
2026-10-10T15:39:49.0228544Z [121/407] [firefox] › tests/fe019.spec.ts:282:1 › FE019.A05 reminder policy saves shop-local schedule and quiet hours through the synthetic API
2026-10-10T15:39:52.4366969Z [122/407] [firefox] › tests/fe019.spec.ts:309:1 › FE027.A02/A07 preparation notification keeps order evidence and separates queued, opened, and acknowledged states
2026-10-10T15:39:54.6469605Z [123/407] [firefox] › tests/fe019.spec.ts:334:1 › FE027.A08 notification settings disclose server-only deduplication and callback safeguards
2026-10-10T15:40:02.4481896Z [124/407] [firefox] › tests/fe020.spec.ts:43:1 › FE020.AC01 approval detail is fetched and a changed source resource rejects the stale decision
2026-10-10T15:40:11.7423477Z [125/407] [firefox] › tests/fe020.spec.ts:89:1 › FE020.AC02/03 work-item actions follow allowedActions and operations health stays explicitly synthetic
2026-10-10T15:40:17.6280089Z [126/407] [firefox] › tests/fe020.spec.ts:140:1 › FE020.AC03 role pause control uses the canonical versioned mock and never claims readiness
2026-10-10T15:40:21.4277756Z [127/407] [firefox] › tests/fe020.spec.ts:157:1 › FE020.F03 operations exception filter groups overdue, blocked, and unclaimed synthetic work
2026-10-10T15:40:23.7576888Z [128/407] [firefox] › tests/fe020.spec.ts:178:1 › FE020.F05 purchase delegation is bounded, saved paused, and requires a separate activation decision
2026-10-10T15:40:30.8025041Z [129/407] [firefox] › tests/fe020.spec.ts:209:1 › FE020.F06/H01 digest and dependency health panels show synthetic history without claiming workers are ready
2026-10-10T15:40:33.1667973Z [130/407] [firefox] › tests/fe020.spec.ts:242:1 › FE027.H08 restore and release readiness stay unknown without a verified rehearsal or deployment gate
2026-10-10T15:40:35.5975030Z [131/407] [firefox] › tests/fe021.spec.ts:34:1 › FE021 dashboard keeps independent panels usable and hides finance fields without finance.read
2026-10-10T15:40:41.0302999Z [132/407] [firefox] › tests/fe021.spec.ts:46:1 › FE021 timezone and privacy validation waits for interaction and blocks invalid writes
2026-10-10T15:40:47.4894914Z [133/407] [firefox] › tests/fe021.spec.ts:82:1 › FE021 approval and shipment work queues appear before sample previews
2026-10-10T15:40:58.2744561Z [134/407] [firefox] › tests/fe021.spec.ts:104:1 › FE021 marketing filters preserve API-side aggregates, URL context and missing actual spend
2026-10-10T15:41:06.3913850Z [135/407] [firefox] › tests/fe021.spec.ts:170:5 › FE021 marketing filters preserve edits while the default period response is pending
2026-10-10T15:41:16.1161586Z [136/407] [firefox] › tests/fe021.spec.ts:170:5 › FE021 marketing filters preserve edits while the canonical period response is pending
2026-10-10T15:41:26.4607267Z [137/407] [firefox] › tests/fe021.spec.ts:234:1 › FE021 invalid marketing deep links mark the responsible field and never send the invalid range
2026-10-10T15:41:29.4445604Z [138/407] [firefox] › tests/fe021.spec.ts:248:1 › FE021 export uses inclusive shop-local boundaries, safe CSV, API jobs and cursor pagination
2026-10-10T15:41:39.5829197Z [139/407] [firefox] › tests/fe021.spec.ts:303:1 › FE021 mock rejects an export when reports.export lacks the source permission
2026-10-10T15:41:43.5138940Z [140/407] [firefox] › tests/fe021.spec.ts:323:1 › FE021 mock rejects an invalid report timezone before creating an export job
2026-10-10T15:41:46.1888287Z [141/407] [firefox] › tests/fe021.spec.ts:343:1 › FE021 ambiguous export result preserves the selected dates and never exposes a download
2026-10-10T15:41:50.5496290Z [142/407] [firefox] › tests/fe021.spec.ts:356:1 › FE021 empty report and marketing payloads render explicit empty states
2026-10-10T15:41:56.9455077Z [143/407] [firefox] › tests/fe021.spec.ts:375:1 › FE021 stale export conflict preserves dates and never exposes a download
2026-10-10T15:42:07.3266493Z [144/407] [firefox] › tests/frontend-corrections.spec.ts:18:1 › F01 preserves a customer draft, compares three snapshots, and PATCHes only chosen changes
2026-10-10T15:42:15.2485744Z [145/407] [firefox] › tests/frontend-corrections.spec.ts:46:1 › F01 requires an explicit choice for a field changed by both editors
2026-10-10T15:42:19.9003411Z [146/407] [firefox] › tests/frontend-corrections.spec.ts:62:1 › F06 detects an order draft and blocks navigation until explicit discard
2026-10-10T15:42:24.7264789Z [147/407] [firefox] › tests/frontend-corrections.spec.ts:75:1 › F02 retains an unsaved product image through an unrelated refetch
2026-10-10T15:42:29.4878494Z [148/407] [firefox] › tests/frontend-corrections.spec.ts:87:1 › F03 retains notification-policy inputs through a background resync and navigation
2026-10-10T15:42:33.2305205Z [149/407] [firefox] › tests/frontend-corrections.spec.ts:98:1 › F05 keeps text typed while a previous internal note is pending
2026-10-10T15:42:37.8240018Z [150/407] [firefox] › tests/frontend-corrections.spec.ts:113:1 › F08 validates 4001 customer-note characters at the field and accepts 4000
2026-10-10T15:42:44.0124931Z [151/407] [firefox] › tests/frontend-corrections.spec.ts:147:1 › F07 routes the fulfillment footer close through the shared discard guard
2026-10-10T15:42:47.0714957Z [152/407] [firefox] › tests/frontend-corrections.spec.ts:161:1 › F09 refreshes new Inbox messages without refetching the visible product and stock snapshots
2026-10-10T15:42:50.2663577Z [153/407] [firefox] › tests/frontend-corrections.spec.ts:191:1 › F01 shop settings merges a server-only locale change and preserves edits typed during save
2026-10-10T15:43:00.3780098Z [154/407] [firefox] › tests/frontend-corrections.spec.ts:219:1 › F03 privacy policy preserves refetch drafts and compares before applying the newest version
2026-10-10T15:43:04.1802123Z [155/407] [firefox] › tests/frontend-corrections.spec.ts:236:1 › F01 category keeps a late edit after saving, and reopens with a clean current baseline
2026-10-10T15:43:09.9606027Z [156/407] [firefox] › tests/frontend-corrections.spec.ts:257:1 › F01 supplier preserves a concurrent server-only term and PATCHes the local name
2026-10-10T15:43:14.2120345Z [157/407] [firefox] › tests/frontend-corrections.spec.ts:274:1 › F08 customer update enforces 4000/4001 before HTTP and retains a 422 draft
2026-10-10T15:43:19.7800863Z [158/407] [firefox] › tests/frontend-corrections.spec.ts:302:1 › F05 keeps mode changes and unknown sends, locks another send, and observes recovery-registry completion
2026-10-10T15:43:24.3654246Z [159/407] [firefox] › tests/frontend-corrections.spec.ts:328:1 › F01 order editor keeps its original version and compares whole line lists before PATCH
2026-10-10T15:43:30.8117470Z [160/407] [firefox] › tests/frontend-corrections.spec.ts:350:1 › F06 guards added order rows, shop switch, logout and native reload; successful creation leaves no false guard
2026-10-10T15:43:50.1000853Z [161/407] [firefox] › tests/frontend-corrections.spec.ts:375:1 › F01 analogous return-inspection draft does not adopt a refetched version without comparison
2026-10-10T15:43:54.6373692Z [162/407] [firefox] › tests/frontend-corrections.spec.ts:415:1 › F01 comparison supports keyboard choices, server changes again, axe and 320px reflow with long content
2026-10-10T15:44:00.3205758Z [163/407] [firefox] › tests/frontend-corrections.spec.ts:444:1 › F08 privacy bounds reject invalid days and long jurisdiction before HTTP
2026-10-10T15:44:12.8250521Z [164/407] [firefox] › tests/frontend-corrections.spec.ts:474:1 › F06 order custom close respects the draft guard and busy editors remain protected
2026-10-10T15:44:19.7904191Z [165/407] [firefox] › tests/frontend.spec.ts:41:1 › catalog create uses the HTTP mock and successful save clears the draft guard
2026-10-10T15:44:29.4265554Z [166/407] [firefox] › tests/frontend.spec.ts:73:1 › dirty drafts block in-app navigation and preserve input until the user decides
2026-10-10T15:44:35.8458108Z [167/407] [firefox] › tests/frontend.spec.ts:91:1 › all canonical routes render inside the real React demo application
2026-10-10T15:46:40.6464705Z [168/407] [firefox] › tests/frontend.spec.ts:116:1 › switching shops cancels a delayed request and loads only the new shop scope
2026-10-10T15:46:49.6766029Z [169/407] [firefox] › tests/frontend.spec.ts:134:1 › role changes remove restricted navigation and the route guard explains denied access
2026-10-10T15:46:53.5877428Z [170/407] [firefox] › tests/frontend.spec.ts:147:1 › deep links survive browser refresh and logout clears the mock session
2026-10-10T15:46:58.1647156Z [171/407] [firefox] › tests/frontend.spec.ts:160:1 › logout asks before discarding a draft and retains the session when logout fails
2026-10-10T15:47:02.0715804Z [172/407] [firefox] › tests/frontend.spec.ts:217:1 › mobile navigation opens, routes, and closes without viewport overflow
2026-10-10T15:47:06.3982363Z [173/407] [firefox] › tests/frontend.spec.ts:231:1 › chunk loading errors use the route recovery boundary
2026-10-10T15:47:15.1017958Z [174/407] [firefox] › tests/frontend.spec.ts:270:1 › live mode reports an unavailable session API without enabling mock data
2026-10-10T15:47:16.4091151Z [175/407] [firefox] › tests/route-role-matrix.spec.ts:44:1 › route read access matches canonical permissions for every demo role
2026-10-10T15:48:27.2537061Z [firefox] › tests/route-role-matrix.spec.ts:44:1 › route read access matches canonical permissions for every demo role
2026-10-10T15:48:27.2537840Z ROUTE_ROLE_MATRIX_CASES=399 ROLES=7 PRIVATE_ROUTES=57 RESULT=PASS
2026-10-10T15:48:27.2538145Z 
2026-10-10T15:48:27.4065984Z [176/407] [firefox] › tests/security.spec.ts:36:1 › untrusted product text renders as text without activating markup
2026-10-10T15:48:34.6421462Z [177/407] [firefox] › tests/security.spec.ts:54:1 › catalog import rejects a non-CSV file before an upload request
2026-10-10T15:48:37.4576434Z [178/407] [firefox] › tests/security.spec.ts:72:1 › catalog import rejects files above the demo size limit before upload
2026-10-10T15:48:40.4569599Z [179/407] [firefox] › tests/security.spec.ts:90:1 › mock uploads require a purpose, enforce its role, and fingerprint file content for retries
2026-10-10T15:48:47.0023336Z [180/407] [firefox] › tests/session/demo-server-cache-isolation.spec.ts:7:1 › concurrent demo servers use isolated Vite caches and load the React app
2026-10-10T15:48:48.3152037Z [firefox] › tests/session/demo-server-cache-isolation.spec.ts:7:1 › concurrent demo servers use isolated Vite caches and load the React app
2026-10-10T15:48:48.3223911Z VITE_CACHE_ISOLATION=PASS rootA=/tmp/botsales-vite-cache/2fbc71299afedf720605/test-demo/playwright-5828-fcbbe1c9-4526-44c6-af39-abdfaeeef5ae-parallel-a rootB=/tmp/botsales-vite-cache/2fbc71299afedf720605/test-demo/playwright-5828-fcbbe1c9-4526-44c6-af39-abdfaeeef5ae-parallel-b otherCheckout=true
2026-10-10T15:48:48.3267294Z 
2026-10-10T15:48:54.8178754Z [181/407] [firefox] › tests/session/demo-worker-startup.spec.ts:17:1 › demo conditional module requests return complete exports without changing live or non-asset caching
2026-10-10T15:49:09.2766070Z [182/407] [firefox] › tests/session/demo-worker-startup.spec.ts:80:1 › demo startup explains the required setup when the browser blocks Service Workers
2026-10-10T15:49:10.6470926Z [183/407] [firefox] › tests/session/session-revocation.spec.ts:20:1 › session.revoked SSE closes the stream and clears the active shop session
2026-10-10T15:49:14.2898765Z [184/407] [firefox] › tests/session/session-unauthorized.spec.ts:17:1 › expired live session redirects to login and preserves the requested shop route
2026-10-10T15:49:17.2974338Z [185/407] [firefox] › tests/states/fe023.spec.ts:18:1 › FE023.S04 a dirty dialog keeps the form value until the user confirms discard
2026-10-10T15:49:22.2186472Z [186/407] [firefox] › tests/states/fe023.spec.ts:36:1 › FE023.S03 a customer lookup loads the next cursor page without dropping earlier choices
2026-10-10T15:49:28.2494890Z [187/407] [firefox] › tests/states/fe023.spec.ts:77:1 › FE023.S04 delayed requests show loading and failed refresh keeps a retry path
2026-10-10T15:49:39.4253456Z [188/407] [firefox] › tests/states/fe023.spec.ts:107:1 › FE023 unsaved shop settings are preserved when navigation switches shop scope
2026-10-10T15:49:44.3844971Z [189/407] [firefox] › tests/states/fe023.spec.ts:125:1 › FE023 a saved shop form resets its dirty baseline and reports success
2026-10-10T15:49:48.0887289Z [190/407] [firefox] › tests/states/route-empty-composition.spec.ts:29:1 › empty collection responses render accessible empty states on canonical list routes
2026-10-10T15:49:55.3757674Z [firefox] › tests/states/route-empty-composition.spec.ts:29:1 › empty collection responses render accessible empty states on canonical list routes
2026-10-10T15:49:55.3759626Z ROUTE_EMPTY_COMPOSITION_PROGRESS=3/11
2026-10-10T15:49:55.3760276Z 
2026-10-10T15:49:56.6090533Z ROUTE_EMPTY_COMPOSITION_PROGRESS=6/11
2026-10-10T15:49:56.6090867Z 
2026-10-10T15:49:59.8290598Z ROUTE_EMPTY_COMPOSITION_PROGRESS=9/11
2026-10-10T15:49:59.8291024Z 
2026-10-10T15:50:00.0721367Z ROUTE_EMPTY_COMPOSITION=11/11 RESULT=PASS
2026-10-10T15:50:00.0722194Z 
2026-10-10T15:50:00.2555780Z [191/407] [firefox] › tests/states/route-error-composition.spec.ts:44:9 › every shop route composes the shared API error state with its page content › R04 /s/:shopId/overview
2026-10-10T15:50:08.3024001Z [firefox] › tests/states/route-error-composition.spec.ts:44:9 › every shop route composes the shared API error state with its page content › R04 /s/:shopId/overview
2026-10-10T15:50:08.3025704Z ROUTE_ERROR_COMPOSITION_ROUTE=R04 RESULT=PASS
2026-10-10T15:50:08.3026206Z 
2026-10-10T15:50:15.2009831Z [192/407] [firefox] › tests/states/route-error-composition.spec.ts:44:9 › every shop route composes the shared API error state with its page content › R05 /s/:shopId/inbox
2026-10-10T15:50:21.6273371Z [firefox] › tests/states/route-error-composition.spec.ts:44:9 › every shop route composes the shared API error state with its page content › R05 /s/:shopId/inbox
2026-10-10T15:50:21.6276592Z ROUTE_ERROR_COMPOSITION_ROUTE=R05 RESULT=PASS
2026-10-10T15:50:21.6277047Z 
2026-10-10T15:50:21.6894895Z [193/407] [firefox] › tests/states/route-error-composition.spec.ts:44:9 › every shop route composes the shared API error state with its page content › R06 /s/:shopId/inbox/:conversationId
2026-10-10T15:50:28.1625334Z [firefox] › tests/states/route-error-composition.spec.ts:44:9 › every shop route composes the shared API error state with its page content › R06 /s/:shopId/inbox/:conversationId
2026-10-10T15:50:28.1633721Z ROUTE_ERROR_COMPOSITION_ROUTE=R06 RESULT=PASS
2026-10-10T15:50:28.1649874Z 
2026-10-10T15:50:28.2197470Z [194/407] [firefox] › tests/states/route-error-composition.spec.ts:44:9 › every shop route composes the shared API error state with its page content › R07 /s/:shopId/customers
2026-10-10T15:50:34.9269112Z [firefox] › tests/states/route-error-composition.spec.ts:44:9 › every shop route composes the shared API error state with its page content › R07 /s/:shopId/customers
2026-10-10T15:50:34.9305201Z ROUTE_ERROR_COMPOSITION_ROUTE=R07 RESULT=PASS
2026-10-10T15:50:34.9305722Z 
2026-10-10T15:50:34.9888789Z [195/407] [firefox] › tests/states/route-error-composition.spec.ts:44:9 › every shop route composes the shared API error state with its page content › R08 /s/:shopId/customers/:customerId
2026-10-10T15:50:41.3749903Z [firefox] › tests/states/route-error-composition.spec.ts:44:9 › every shop route composes the shared API error state with its page content › R08 /s/:shopId/customers/:customerId
2026-10-10T15:50:41.3751506Z ROUTE_ERROR_COMPOSITION_ROUTE=R08 RESULT=PASS
2026-10-10T15:50:41.3751909Z 
2026-10-10T15:50:41.4240506Z [196/407] [firefox] › tests/states/route-error-composition.spec.ts:44:9 › every shop route composes the shared API error state with its page content › R09 /s/:shopId/products
2026-10-10T15:50:47.6552161Z [firefox] › tests/states/route-error-composition.spec.ts:44:9 › every shop route composes the shared API error state with its page content › R09 /s/:shopId/products
2026-10-10T15:50:47.6554406Z ROUTE_ERROR_COMPOSITION_ROUTE=R09 RESULT=PASS
2026-10-10T15:50:47.6554988Z 
2026-10-10T15:50:47.6985995Z [197/407] [firefox] › tests/states/route-error-composition.spec.ts:44:9 › every shop route composes the shared API error state with its page content › R10 /s/:shopId/products/new
2026-10-10T15:50:54.5677183Z [firefox] › tests/states/route-error-composition.spec.ts:44:9 › every shop route composes the shared API error state with its page content › R10 /s/:shopId/products/new
2026-10-10T15:50:54.5678560Z ROUTE_ERROR_COMPOSITION_ROUTE=R10 RESULT=PASS
2026-10-10T15:50:54.5678811Z 
2026-10-10T15:50:54.6149965Z [198/407] [firefox] › tests/states/route-error-composition.spec.ts:44:9 › every shop route composes the shared API error state with its page content › R11 /s/:shopId/products/:productId
2026-10-10T15:51:00.8500239Z [firefox] › tests/states/route-error-composition.spec.ts:44:9 › every shop route composes the shared API error state with its page content › R11 /s/:shopId/products/:productId
2026-10-10T15:51:00.8528132Z ROUTE_ERROR_COMPOSITION_ROUTE=R11 RESULT=PASS
2026-10-10T15:51:00.8543251Z 
2026-10-10T15:51:00.8994990Z [199/407] [firefox] › tests/states/route-error-composition.spec.ts:44:9 › every shop route composes the shared API error state with its page content › R12 /s/:shopId/categories
2026-10-10T15:51:07.3136582Z [firefox] › tests/states/route-error-composition.spec.ts:44:9 › every shop route composes the shared API error state with its page content › R12 /s/:shopId/categories
2026-10-10T15:51:07.3137455Z ROUTE_ERROR_COMPOSITION_ROUTE=R12 RESULT=PASS
2026-10-10T15:51:07.3137686Z 
2026-10-10T15:51:07.3582850Z [200/407] [firefox] › tests/states/route-error-composition.spec.ts:44:9 › every shop route composes the shared API error state with its page content › R13 /s/:shopId/imports
2026-10-10T15:51:13.7595211Z [firefox] › tests/states/route-error-composition.spec.ts:44:9 › every shop route composes the shared API error state with its page content › R13 /s/:shopId/imports
2026-10-10T15:51:13.7603871Z ROUTE_ERROR_COMPOSITION_ROUTE=R13 RESULT=PASS
2026-10-10T15:51:13.7604290Z 
2026-10-10T15:51:13.8071046Z [201/407] [firefox] › tests/states/route-error-composition.spec.ts:44:9 › every shop route composes the shared API error state with its page content › R14 /s/:shopId/imports/:jobId
2026-10-10T15:51:19.9314518Z [firefox] › tests/states/route-error-composition.spec.ts:44:9 › every shop route composes the shared API error state with its page content › R14 /s/:shopId/imports/:jobId
2026-10-10T15:51:19.9315429Z ROUTE_ERROR_COMPOSITION_ROUTE=R14 RESULT=PASS
2026-10-10T15:51:19.9315666Z 
2026-10-10T15:51:27.3957833Z [202/407] [firefox] › tests/states/route-error-composition.spec.ts:44:9 › every shop route composes the shared API error state with its page content › R15 /s/:shopId/inventory
2026-10-10T15:51:34.0241222Z [firefox] › tests/states/route-error-composition.spec.ts:44:9 › every shop route composes the shared API error state with its page content › R15 /s/:shopId/inventory
2026-10-10T15:51:34.0244108Z ROUTE_ERROR_COMPOSITION_ROUTE=R15 RESULT=PASS
2026-10-10T15:51:34.0244653Z 
2026-10-10T15:51:34.0849455Z [203/407] [firefox] › tests/states/route-error-composition.spec.ts:44:9 › every shop route composes the shared API error state with its page content › R16 /s/:shopId/inventory/movements
2026-10-10T15:51:40.7046165Z [firefox] › tests/states/route-error-composition.spec.ts:44:9 › every shop route composes the shared API error state with its page content › R16 /s/:shopId/inventory/movements
2026-10-10T15:51:40.7051681Z ROUTE_ERROR_COMPOSITION_ROUTE=R16 RESULT=PASS
2026-10-10T15:51:40.7059694Z 
2026-10-10T15:51:40.7552752Z [204/407] [firefox] › tests/states/route-error-composition.spec.ts:44:9 › every shop route composes the shared API error state with its page content › R17 /s/:shopId/orders
2026-10-10T15:51:47.1087158Z [firefox] › tests/states/route-error-composition.spec.ts:44:9 › every shop route composes the shared API error state with its page content › R17 /s/:shopId/orders
2026-10-10T15:51:47.1088403Z ROUTE_ERROR_COMPOSITION_ROUTE=R17 RESULT=PASS
2026-10-10T15:51:47.1088655Z 
2026-10-10T15:51:47.1582038Z [205/407] [firefox] › tests/states/route-error-composition.spec.ts:44:9 › every shop route composes the shared API error state with its page content › R18 /s/:shopId/orders/new
2026-10-10T15:51:53.3202101Z [firefox] › tests/states/route-error-composition.spec.ts:44:9 › every shop route composes the shared API error state with its page content › R18 /s/:shopId/orders/new
2026-10-10T15:51:53.3203851Z ROUTE_ERROR_COMPOSITION_ROUTE=R18 RESULT=PASS
2026-10-10T15:51:53.3204242Z 
2026-10-10T15:51:53.3775717Z [206/407] [firefox] › tests/states/route-error-composition.spec.ts:44:9 › every shop route composes the shared API error state with its page content › R19 /s/:shopId/orders/:orderId
2026-10-10T15:51:59.7867928Z [firefox] › tests/states/route-error-composition.spec.ts:44:9 › every shop route composes the shared API error state with its page content › R19 /s/:shopId/orders/:orderId
2026-10-10T15:51:59.7899575Z ROUTE_ERROR_COMPOSITION_ROUTE=R19 RESULT=PASS
2026-10-10T15:51:59.7900339Z 
2026-10-10T15:51:59.8383347Z [207/407] [firefox] › tests/states/route-error-composition.spec.ts:44:9 › every shop route composes the shared API error state with its page content › R20 /s/:shopId/finance
2026-10-10T15:52:06.4505976Z [firefox] › tests/states/route-error-composition.spec.ts:44:9 › every shop route composes the shared API error state with its page content › R20 /s/:shopId/finance
2026-10-10T15:52:06.4507453Z ROUTE_ERROR_COMPOSITION_ROUTE=R20 RESULT=PASS
2026-10-10T15:52:06.4507754Z 
2026-10-10T15:52:06.5018535Z [208/407] [firefox] › tests/states/route-error-composition.spec.ts:44:9 › every shop route composes the shared API error state with its page content › R21 /s/:shopId/finance/entries
2026-10-10T15:52:13.4693209Z [firefox] › tests/states/route-error-composition.spec.ts:44:9 › every shop route composes the shared API error state with its page content › R21 /s/:shopId/finance/entries
2026-10-10T15:52:13.4694426Z ROUTE_ERROR_COMPOSITION_ROUTE=R21 RESULT=PASS
2026-10-10T15:52:13.4694725Z 
2026-10-10T15:52:13.5336268Z [209/407] [firefox] › tests/states/route-error-composition.spec.ts:44:9 › every shop route composes the shared API error state with its page content › R22 /s/:shopId/finance/profit-loss
2026-10-10T15:52:20.0468290Z [firefox] › tests/states/route-error-composition.spec.ts:44:9 › every shop route composes the shared API error state with its page content › R22 /s/:shopId/finance/profit-loss
2026-10-10T15:52:20.0470023Z ROUTE_ERROR_COMPOSITION_ROUTE=R22 RESULT=PASS
2026-10-10T15:52:20.0470529Z 
2026-10-10T15:52:20.1006843Z [210/407] [firefox] › tests/states/route-error-composition.spec.ts:44:9 › every shop route composes the shared API error state with its page content › R23 /s/:shopId/knowledge
2026-10-10T15:52:26.7896501Z [firefox] › tests/states/route-error-composition.spec.ts:44:9 › every shop route composes the shared API error state with its page content › R23 /s/:shopId/knowledge
2026-10-10T15:52:26.7897999Z ROUTE_ERROR_COMPOSITION_ROUTE=R23 RESULT=PASS
2026-10-10T15:52:26.7898404Z 
2026-10-10T15:52:26.8576036Z [211/407] [firefox] › tests/states/route-error-composition.spec.ts:44:9 › every shop route composes the shared API error state with its page content › R24 /s/:shopId/knowledge/:knowledgeId
2026-10-10T15:52:33.5947158Z [firefox] › tests/states/route-error-composition.spec.ts:44:9 › every shop route composes the shared API error state with its page content › R24 /s/:shopId/knowledge/:knowledgeId
2026-10-10T15:52:33.5948798Z ROUTE_ERROR_COMPOSITION_ROUTE=R24 RESULT=PASS
2026-10-10T15:52:33.5949184Z 
2026-10-10T15:52:41.1787674Z [212/407] [firefox] › tests/states/route-error-composition.spec.ts:44:9 › every shop route composes the shared API error state with its page content › R25 /s/:shopId/knowledge/review
2026-10-10T15:52:46.9163027Z [firefox] › tests/states/route-error-composition.spec.ts:44:9 › every shop route composes the shared API error state with its page content › R25 /s/:shopId/knowledge/review
2026-10-10T15:52:46.9164615Z ROUTE_ERROR_COMPOSITION_ROUTE=R25 RESULT=PASS
2026-10-10T15:52:46.9165030Z 
2026-10-10T15:52:46.9771859Z [213/407] [firefox] › tests/states/route-error-composition.spec.ts:44:9 › every shop route composes the shared API error state with its page content › R26 /s/:shopId/bot
2026-10-10T15:52:52.9875442Z [firefox] › tests/states/route-error-composition.spec.ts:44:9 › every shop route composes the shared API error state with its page content › R26 /s/:shopId/bot
2026-10-10T15:52:52.9876882Z ROUTE_ERROR_COMPOSITION_ROUTE=R26 RESULT=PASS
2026-10-10T15:52:52.9877272Z 
2026-10-10T15:52:53.0565184Z [214/407] [firefox] › tests/states/route-error-composition.spec.ts:44:9 › every shop route composes the shared API error state with its page content › R27 /s/:shopId/bot/playground
2026-10-10T15:52:58.9295395Z [firefox] › tests/states/route-error-composition.spec.ts:44:9 › every shop route composes the shared API error state with its page content › R27 /s/:shopId/bot/playground
2026-10-10T15:52:58.9296367Z ROUTE_ERROR_COMPOSITION_ROUTE=R27 RESULT=PASS
2026-10-10T15:52:58.9296603Z 
2026-10-10T15:52:58.9898233Z [215/407] [firefox] › tests/states/route-error-composition.spec.ts:44:9 › every shop route composes the shared API error state with its page content › R28 /s/:shopId/bot/evaluations
2026-10-10T15:53:04.6419073Z [firefox] › tests/states/route-error-composition.spec.ts:44:9 › every shop route composes the shared API error state with its page content › R28 /s/:shopId/bot/evaluations
2026-10-10T15:53:04.6420647Z ROUTE_ERROR_COMPOSITION_ROUTE=R28 RESULT=PASS
2026-10-10T15:53:04.6421040Z 
2026-10-10T15:53:04.6935273Z [216/407] [firefox] › tests/states/route-error-composition.spec.ts:44:9 › every shop route composes the shared API error state with its page content › R29 /s/:shopId/integrations/channels
2026-10-10T15:53:10.4341669Z [firefox] › tests/states/route-error-composition.spec.ts:44:9 › every shop route composes the shared API error state with its page content › R29 /s/:shopId/integrations/channels
2026-10-10T15:53:10.4342911Z ROUTE_ERROR_COMPOSITION_ROUTE=R29 RESULT=PASS
2026-10-10T15:53:10.4343157Z 
2026-10-10T15:53:10.4866175Z [217/407] [firefox] › tests/states/route-error-composition.spec.ts:44:9 › every shop route composes the shared API error state with its page content › R30 /s/:shopId/integrations/ai
2026-10-10T15:53:16.1374947Z [firefox] › tests/states/route-error-composition.spec.ts:44:9 › every shop route composes the shared API error state with its page content › R30 /s/:shopId/integrations/ai
2026-10-10T15:53:16.1375826Z ROUTE_ERROR_COMPOSITION_ROUTE=R30 RESULT=PASS
2026-10-10T15:53:16.1376227Z 
2026-10-10T15:53:16.1915825Z [218/407] [firefox] › tests/states/route-error-composition.spec.ts:44:9 › every shop route composes the shared API error state with its page content › R31 /s/:shopId/reports
2026-10-10T15:53:22.6777061Z [firefox] › tests/states/route-error-composition.spec.ts:44:9 › every shop route composes the shared API error state with its page content › R31 /s/:shopId/reports
2026-10-10T15:53:22.6778050Z ROUTE_ERROR_COMPOSITION_ROUTE=R31 RESULT=PASS
2026-10-10T15:53:22.6778285Z 
2026-10-10T15:53:22.7282953Z [219/407] [firefox] › tests/states/route-error-composition.spec.ts:44:9 › every shop route composes the shared API error state with its page content › R32 /s/:shopId/settings/team
2026-10-10T15:53:28.9196130Z [firefox] › tests/states/route-error-composition.spec.ts:44:9 › every shop route composes the shared API error state with its page content › R32 /s/:shopId/settings/team
2026-10-10T15:53:28.9218216Z ROUTE_ERROR_COMPOSITION_ROUTE=R32 RESULT=PASS
2026-10-10T15:53:28.9218921Z 
2026-10-10T15:53:28.9946016Z [220/407] [firefox] › tests/states/route-error-composition.spec.ts:44:9 › every shop route composes the shared API error state with its page content › R33 /s/:shopId/settings/shop
2026-10-10T15:53:35.2046337Z [firefox] › tests/states/route-error-composition.spec.ts:44:9 › every shop route composes the shared API error state with its page content › R33 /s/:shopId/settings/shop
2026-10-10T15:53:35.2047857Z ROUTE_ERROR_COMPOSITION_ROUTE=R33 RESULT=PASS
2026-10-10T15:53:35.2048214Z 
2026-10-10T15:53:35.2614161Z [221/407] [firefox] › tests/states/route-error-composition.spec.ts:44:9 › every shop route composes the shared API error state with its page content › R34 /s/:shopId/settings/audit
2026-10-10T15:53:41.5204275Z [firefox] › tests/states/route-error-composition.spec.ts:44:9 › every shop route composes the shared API error state with its page content › R34 /s/:shopId/settings/audit
2026-10-10T15:53:41.5205841Z ROUTE_ERROR_COMPOSITION_ROUTE=R34 RESULT=PASS
2026-10-10T15:53:41.5206225Z 
2026-10-10T15:53:49.2675287Z [222/407] [firefox] › tests/states/route-error-composition.spec.ts:44:9 › every shop route composes the shared API error state with its page content › R35 /s/:shopId/settings/privacy
2026-10-10T15:53:55.6887389Z [firefox] › tests/states/route-error-composition.spec.ts:44:9 › every shop route composes the shared API error state with its page content › R35 /s/:shopId/settings/privacy
2026-10-10T15:53:55.6888574Z ROUTE_ERROR_COMPOSITION_ROUTE=R35 RESULT=PASS
2026-10-10T15:53:55.6888941Z 
2026-10-10T15:53:55.7342257Z [223/407] [firefox] › tests/states/route-error-composition.spec.ts:44:9 › every shop route composes the shared API error state with its page content › R36 /s/:shopId/jobs/:jobId
2026-10-10T15:54:01.5311897Z [firefox] › tests/states/route-error-composition.spec.ts:44:9 › every shop route composes the shared API error state with its page content › R36 /s/:shopId/jobs/:jobId
2026-10-10T15:54:01.5313720Z ROUTE_ERROR_COMPOSITION_ROUTE=R36 RESULT=PASS
2026-10-10T15:54:01.5314129Z 
2026-10-10T15:54:01.5899339Z [224/407] [firefox] › tests/states/route-error-composition.spec.ts:44:9 › every shop route composes the shared API error state with its page content › R37 /s/:shopId/operations
2026-10-10T15:54:07.8695381Z [firefox] › tests/states/route-error-composition.spec.ts:44:9 › every shop route composes the shared API error state with its page content › R37 /s/:shopId/operations
2026-10-10T15:54:07.8715916Z ROUTE_ERROR_COMPOSITION_ROUTE=R37 RESULT=PASS
2026-10-10T15:54:07.8720786Z 
2026-10-10T15:54:07.9226712Z [225/407] [firefox] › tests/states/route-error-composition.spec.ts:44:9 › every shop route composes the shared API error state with its page content › R38 /s/:shopId/approvals
2026-10-10T15:54:14.2370919Z [firefox] › tests/states/route-error-composition.spec.ts:44:9 › every shop route composes the shared API error state with its page content › R38 /s/:shopId/approvals
2026-10-10T15:54:14.2372958Z ROUTE_ERROR_COMPOSITION_ROUTE=R38 RESULT=PASS
2026-10-10T15:54:14.2373467Z 
2026-10-10T15:54:14.2894298Z [226/407] [firefox] › tests/states/route-error-composition.spec.ts:44:9 › every shop route composes the shared API error state with its page content › R39 /s/:shopId/notifications
2026-10-10T15:54:20.9766374Z [firefox] › tests/states/route-error-composition.spec.ts:44:9 › every shop route composes the shared API error state with its page content › R39 /s/:shopId/notifications
2026-10-10T15:54:20.9768255Z ROUTE_ERROR_COMPOSITION_ROUTE=R39 RESULT=PASS
2026-10-10T15:54:20.9769086Z 
2026-10-10T15:54:21.0295674Z [227/407] [firefox] › tests/states/route-error-composition.spec.ts:44:9 › every shop route composes the shared API error state with its page content › R40 /s/:shopId/notifications/devices
2026-10-10T15:54:26.8687524Z [firefox] › tests/states/route-error-composition.spec.ts:44:9 › every shop route composes the shared API error state with its page content › R40 /s/:shopId/notifications/devices
2026-10-10T15:54:26.8688941Z ROUTE_ERROR_COMPOSITION_ROUTE=R40 RESULT=PASS
2026-10-10T15:54:26.8689231Z 
2026-10-10T15:54:26.9305375Z [228/407] [firefox] › tests/states/route-error-composition.spec.ts:44:9 › every shop route composes the shared API error state with its page content › R41 /s/:shopId/fulfillment
2026-10-10T15:54:33.6267952Z [firefox] › tests/states/route-error-composition.spec.ts:44:9 › every shop route composes the shared API error state with its page content › R41 /s/:shopId/fulfillment
2026-10-10T15:54:33.6270643Z ROUTE_ERROR_COMPOSITION_ROUTE=R41 RESULT=PASS
2026-10-10T15:54:33.6271261Z 
2026-10-10T15:54:33.6796187Z [229/407] [firefox] › tests/states/route-error-composition.spec.ts:44:9 › every shop route composes the shared API error state with its page content › R42 /s/:shopId/shipments
2026-10-10T15:54:40.2885291Z [firefox] › tests/states/route-error-composition.spec.ts:44:9 › every shop route composes the shared API error state with its page content › R42 /s/:shopId/shipments
2026-10-10T15:54:40.2886803Z ROUTE_ERROR_COMPOSITION_ROUTE=R42 RESULT=PASS
2026-10-10T15:54:40.2887091Z 
2026-10-10T15:54:40.3523017Z [230/407] [firefox] › tests/states/route-error-composition.spec.ts:44:9 › every shop route composes the shared API error state with its page content › R43 /s/:shopId/returns
2026-10-10T15:54:46.7500249Z [firefox] › tests/states/route-error-composition.spec.ts:44:9 › every shop route composes the shared API error state with its page content › R43 /s/:shopId/returns
2026-10-10T15:54:46.7501773Z ROUTE_ERROR_COMPOSITION_ROUTE=R43 RESULT=PASS
2026-10-10T15:54:46.7502185Z 
2026-10-10T15:54:46.8054834Z [231/407] [firefox] › tests/states/route-error-composition.spec.ts:44:9 › every shop route composes the shared API error state with its page content › R44 /s/:shopId/suppliers
2026-10-10T15:54:53.2667731Z [firefox] › tests/states/route-error-composition.spec.ts:44:9 › every shop route composes the shared API error state with its page content › R44 /s/:shopId/suppliers
2026-10-10T15:54:53.2670324Z ROUTE_ERROR_COMPOSITION_ROUTE=R44 RESULT=PASS
2026-10-10T15:54:53.2671018Z 
2026-10-10T15:55:00.0486479Z [232/407] [firefox] › tests/states/route-error-composition.spec.ts:44:9 › every shop route composes the shared API error state with its page content › R45 /s/:shopId/replenishment
2026-10-10T15:55:06.1085490Z [firefox] › tests/states/route-error-composition.spec.ts:44:9 › every shop route composes the shared API error state with its page content › R45 /s/:shopId/replenishment
2026-10-10T15:55:06.1098860Z ROUTE_ERROR_COMPOSITION_ROUTE=R45 RESULT=PASS
2026-10-10T15:55:06.1103152Z 
2026-10-10T15:55:06.1595203Z [233/407] [firefox] › tests/states/route-error-composition.spec.ts:44:9 › every shop route composes the shared API error state with its page content › R46 /s/:shopId/purchases
2026-10-10T15:55:11.7752044Z [firefox] › tests/states/route-error-composition.spec.ts:44:9 › every shop route composes the shared API error state with its page content › R46 /s/:shopId/purchases
2026-10-10T15:55:11.7753802Z ROUTE_ERROR_COMPOSITION_ROUTE=R46 RESULT=PASS
2026-10-10T15:55:11.7754184Z 
2026-10-10T15:55:11.8237844Z [234/407] [firefox] › tests/states/route-error-composition.spec.ts:44:9 › every shop route composes the shared API error state with its page content › R47 /s/:shopId/receipts
2026-10-10T15:55:18.0411384Z [firefox] › tests/states/route-error-composition.spec.ts:44:9 › every shop route composes the shared API error state with its page content › R47 /s/:shopId/receipts
2026-10-10T15:55:18.0413425Z ROUTE_ERROR_COMPOSITION_ROUTE=R47 RESULT=PASS
2026-10-10T15:55:18.0413833Z 
2026-10-10T15:55:18.0912356Z [235/407] [firefox] › tests/states/route-error-composition.spec.ts:44:9 › every shop route composes the shared API error state with its page content › R48 /s/:shopId/finance/journals
2026-10-10T15:55:24.6748979Z [firefox] › tests/states/route-error-composition.spec.ts:44:9 › every shop route composes the shared API error state with its page content › R48 /s/:shopId/finance/journals
2026-10-10T15:55:24.6750724Z ROUTE_ERROR_COMPOSITION_ROUTE=R48 RESULT=PASS
2026-10-10T15:55:24.6751347Z 
2026-10-10T15:55:24.7535391Z [236/407] [firefox] › tests/states/route-error-composition.spec.ts:44:9 › every shop route composes the shared API error state with its page content › R49 /s/:shopId/finance/reconciliation
2026-10-10T15:55:31.8459715Z [firefox] › tests/states/route-error-composition.spec.ts:44:9 › every shop route composes the shared API error state with its page content › R49 /s/:shopId/finance/reconciliation
2026-10-10T15:55:31.8473621Z ROUTE_ERROR_COMPOSITION_ROUTE=R49 RESULT=PASS
2026-10-10T15:55:31.8474237Z 
2026-10-10T15:55:31.8995236Z [237/407] [firefox] › tests/states/route-error-composition.spec.ts:44:9 › every shop route composes the shared API error state with its page content › R50 /s/:shopId/finance/debts-periods
2026-10-10T15:55:38.3142195Z [firefox] › tests/states/route-error-composition.spec.ts:44:9 › every shop route composes the shared API error state with its page content › R50 /s/:shopId/finance/debts-periods
2026-10-10T15:55:38.3144125Z ROUTE_ERROR_COMPOSITION_ROUTE=R50 RESULT=PASS
2026-10-10T15:55:38.3144568Z 
2026-10-10T15:55:38.3652347Z [238/407] [firefox] › tests/states/route-error-composition.spec.ts:44:9 › every shop route composes the shared API error state with its page content › R51 /s/:shopId/bot/team
2026-10-10T15:55:44.0988228Z [firefox] › tests/states/route-error-composition.spec.ts:44:9 › every shop route composes the shared API error state with its page content › R51 /s/:shopId/bot/team
2026-10-10T15:55:44.0990007Z ROUTE_ERROR_COMPOSITION_ROUTE=R51 RESULT=PASS
2026-10-10T15:55:44.0990580Z 
2026-10-10T15:55:44.1507375Z [239/407] [firefox] › tests/states/route-error-composition.spec.ts:44:9 › every shop route composes the shared API error state with its page content › R52 /s/:shopId/operations/digests
2026-10-10T15:55:49.8651580Z [firefox] › tests/states/route-error-composition.spec.ts:44:9 › every shop route composes the shared API error state with its page content › R52 /s/:shopId/operations/digests
2026-10-10T15:55:49.8653093Z ROUTE_ERROR_COMPOSITION_ROUTE=R52 RESULT=PASS
2026-10-10T15:55:49.8653497Z 
2026-10-10T15:55:49.9683088Z [240/407] [firefox] › tests/states/route-error-composition.spec.ts:44:9 › every shop route composes the shared API error state with its page content › R53 /s/:shopId/reports/marketing
2026-10-10T15:55:56.7783078Z [firefox] › tests/states/route-error-composition.spec.ts:44:9 › every shop route composes the shared API error state with its page content › R53 /s/:shopId/reports/marketing
2026-10-10T15:55:56.7784647Z ROUTE_ERROR_COMPOSITION_ROUTE=R53 RESULT=PASS
2026-10-10T15:55:56.7785046Z 
2026-10-10T15:55:56.8274641Z [241/407] [firefox] › tests/states/route-error-composition.spec.ts:44:9 › every shop route composes the shared API error state with its page content › R54 /s/:shopId/service-cases
2026-10-10T15:56:03.3523785Z [firefox] › tests/states/route-error-composition.spec.ts:44:9 › every shop route composes the shared API error state with its page content › R54 /s/:shopId/service-cases
2026-10-10T15:56:03.3525228Z ROUTE_ERROR_COMPOSITION_ROUTE=R54 RESULT=PASS
2026-10-10T15:56:03.3525613Z 
2026-10-10T15:56:12.1487225Z [242/407] [firefox] › tests/states/route-error-composition.spec.ts:44:9 › every shop route composes the shared API error state with its page content › R55 /s/:shopId/settings/warehouses
2026-10-10T15:56:18.6111580Z [firefox] › tests/states/route-error-composition.spec.ts:44:9 › every shop route composes the shared API error state with its page content › R55 /s/:shopId/settings/warehouses
2026-10-10T15:56:18.6113885Z ROUTE_ERROR_COMPOSITION_ROUTE=R55 RESULT=PASS
2026-10-10T15:56:18.6114473Z 
2026-10-10T15:56:18.6690846Z [243/407] [firefox] › tests/states/route-error-composition.spec.ts:44:9 › every shop route composes the shared API error state with its page content › R56 /s/:shopId/finance/accounts
2026-10-10T15:56:25.4382884Z [firefox] › tests/states/route-error-composition.spec.ts:44:9 › every shop route composes the shared API error state with its page content › R56 /s/:shopId/finance/accounts
2026-10-10T15:56:25.4384513Z ROUTE_ERROR_COMPOSITION_ROUTE=R56 RESULT=PASS
2026-10-10T15:56:25.4384912Z 
2026-10-10T15:56:25.4886861Z [244/407] [firefox] › tests/states/route-error-composition.spec.ts:44:9 › every shop route composes the shared API error state with its page content › R57 /s/:shopId/finance/opening-balances
2026-10-10T15:56:32.3497109Z [firefox] › tests/states/route-error-composition.spec.ts:44:9 › every shop route composes the shared API error state with its page content › R57 /s/:shopId/finance/opening-balances
2026-10-10T15:56:32.3500414Z ROUTE_ERROR_COMPOSITION_ROUTE=R57 RESULT=PASS
2026-10-10T15:56:32.3501022Z 
2026-10-10T15:56:32.4317380Z [245/407] [firefox] › tests/states/route-error-composition.spec.ts:44:9 › every shop route composes the shared API error state with its page content › R58 /s/:shopId/finance/ledger
2026-10-10T15:56:39.5123400Z [firefox] › tests/states/route-error-composition.spec.ts:44:9 › every shop route composes the shared API error state with its page content › R58 /s/:shopId/finance/ledger
2026-10-10T15:56:39.5124677Z ROUTE_ERROR_COMPOSITION_ROUTE=R58 RESULT=PASS
2026-10-10T15:56:39.5125397Z 
2026-10-10T15:56:39.5781403Z [246/407] [firefox] › tests/states/route-error-composition.spec.ts:44:9 › every shop route composes the shared API error state with its page content › R59 /s/:shopId/finance/trial-balance
2026-10-10T15:56:46.3030169Z [firefox] › tests/states/route-error-composition.spec.ts:44:9 › every shop route composes the shared API error state with its page content › R59 /s/:shopId/finance/trial-balance
2026-10-10T15:56:46.3054582Z ROUTE_ERROR_COMPOSITION_ROUTE=R59 RESULT=PASS
2026-10-10T15:56:46.3083598Z 
2026-10-10T15:56:46.3687240Z [247/407] [firefox] › tests/states/route-error-composition.spec.ts:44:9 › every shop route composes the shared API error state with its page content › R60 /s/:shopId/finance/balance-sheet
2026-10-10T15:56:52.9739497Z [firefox] › tests/states/route-error-composition.spec.ts:44:9 › every shop route composes the shared API error state with its page content › R60 /s/:shopId/finance/balance-sheet
2026-10-10T15:56:52.9741111Z ROUTE_ERROR_COMPOSITION_ROUTE=R60 RESULT=PASS
2026-10-10T15:56:52.9741541Z 
2026-10-10T15:56:53.1300942Z [248/407] [firefox] › tests/ui-bot-layout.spec.ts:42:1 › Bot routes R26/R27/R28/R51 fit the supported page-width boundaries
2026-10-10T15:57:34.8677744Z [249/407] [firefox] › tests/ui-bot-layout.spec.ts:52:1 › Bot config, evaluation, role and budget dialogs stay inside mobile and desktop viewports
2026-10-10T15:58:04.5976643Z [250/407] [firefox] › tests/ui-catalog-layout.spec.ts:15:1 › catalog R09-R14 keeps shared gutters, inset ownership and dry-run flow at mobile and desktop
2026-10-10T15:58:39.8958539Z [251/407] [firefox] › tests/ui-catalog-layout.spec.ts:67:1 › Imports review notice and demo controls keep the measured shared disclosure boundary at 806x884
2026-10-10T15:58:52.0450727Z [252/407] [firefox] › tests/ui-component-layout.spec.ts:40:1 › A01 order lines keep intrinsic remove actions with clean and invalid quantities
2026-10-10T15:59:02.9408180Z [253/407] [firefox] › tests/ui-component-layout.spec.ts:61:1 › A02 product editors align category and status faces independently from lookup metadata
2026-10-10T15:59:22.5444188Z [254/407] [firefox] › tests/ui-component-layout.spec.ts:84:1 › Shared outlined labels focus empty and populated native controls
2026-10-10T15:59:26.4191259Z [255/407] [firefox] › tests/ui-component-layout.spec.ts:99:1 › A02 variant fields retain readable widths when text doubles
2026-10-10T15:59:54.1348316Z [256/407] [firefox] › tests/ui-component-layout.spec.ts:130:1 › A03 import mapping preserves natural remove actions and editable mappings
2026-10-10T16:00:03.0575662Z [257/407] [firefox] › tests/ui-component-layout.spec.ts:150:1 › A04 full precision money wraps outside tables and remains unbroken in the named scroll region
2026-10-10T16:00:14.8248854Z [258/407] [firefox] › tests/ui-component-layout.spec.ts:176:1 › A05 status height follows its own label while long labels remain fully readable
2026-10-10T16:00:25.3925010Z [259/407] [firefox] › tests/ui-component-layout.spec.ts:196:1 › A06 Empty wraps unbroken reference text and retains its keyboard action
2026-10-10T16:00:37.4328297Z [260/407] [firefox] › tests/ui-component-layout.spec.ts:209:1 › A07 canonical order address selection exposes full text and edit lines retain intrinsic actions
2026-10-10T16:00:56.0013068Z [261/407] [firefox] › tests/ui-composition-layout.spec.ts:13:1 › SPC-061/062 shared compositions own their gap and child boundaries on every canonical route
2026-10-10T16:05:11.2145092Z [262/407] [firefox] › tests/ui-composition-positive-ancestry.spec.ts:62:1 › S15 Dashboard conditional content keeps an independently bordered surface inside its Panel owner
2026-10-10T16:05:18.9474035Z [263/407] [firefox] › tests/ui-composition-positive-ancestry.spec.ts:103:1 › S15 catalog QueryState fragment keeps DataTable and Pager as peer children of one Panel
2026-10-10T16:05:25.7153701Z [264/407] [firefox] › tests/ui-composition-positive-ancestry.spec.ts:137:1 › S15 Knowledge action group wraps children without losing its shared action owner
2026-10-10T16:05:32.4096595Z [265/407] [firefox] › tests/ui-consent-management.spec.ts:16:1 › R35 creates a pending challenge from API and shows consent history without local opt-out state
2026-10-10T16:05:38.0225168Z [266/407] [firefox] › tests/ui-consent-management.spec.ts:36:1 › R61 confirms an opt-out through POST body, removes the token from URL and leaves service messages available
2026-10-10T16:05:39.9763068Z [267/407] [firefox] › tests/ui-consent-management.spec.ts:74:1 › R61 public confirmation remains keyboard-accessible and reflows at 320px
2026-10-10T16:05:42.5744944Z [268/407] [firefox] › tests/ui-customers-layout.spec.ts:30:1 › Customers R07/R08/R54 layouts fit the shell at every responsive boundary
2026-10-10T16:06:21.0256380Z [269/407] [firefox] › tests/ui-customers-layout.spec.ts:59:1 › Customer create and service-case dialogs stay in the viewport without submitting
2026-10-10T16:06:32.5705113Z [270/407] [firefox] › tests/ui-dashboard-layout.spec.ts:17:1 › Shared consolidation Dashboard primary link respects all eight permission tuples and native anchor interactions
2026-10-10T16:06:45.6023908Z [271/407] [firefox] › tests/ui-dashboard-layout.spec.ts:62:1 › Shared consolidation Dashboard primary link opens a native modified-click page from a fresh authorized scope
2026-10-10T16:06:59.1049663Z [272/407] [firefox] › tests/ui-dashboard-layout.spec.ts:83:1 › dashboard hierarchy, CTA targets, and page width hold across supported breakpoints
2026-10-10T16:07:03.3392051Z [273/407] [firefox] › tests/ui-density-layout.spec.ts:10:1 › density table saves row space while preserving action target and data
2026-10-10T16:07:14.5987202Z [274/407] [firefox] › tests/ui-density-layout.spec.ts:22:1 › density divided facts list has one row inset and no additional inter-row gap
2026-10-10T16:07:18.9334375Z [275/407] [firefox] › tests/ui-density-layout.spec.ts:33:1 › density demo disclosure retains state and always shows the synthetic warning
2026-10-10T16:07:33.8654834Z [276/407] [firefox] › tests/ui-density-layout.spec.ts:48:1 › density operational Panel uses 12px boundary while complex form and reading Panel keep comfortable rhythm
2026-10-10T16:07:47.6855049Z [277/407] [firefox] › tests/ui-density-layout.spec.ts:60:1 › density simple category editor keeps labels, errors and keyboard reflow usable
2026-10-10T16:08:04.1915603Z [278/407] [firefox] › tests/ui-finance-layout.spec.ts:30:1 › Finance R20/R21/R22/R48/R49/R50 route layouts retain shell gutter without horizontal overflow from 320–1440px
2026-10-10T16:09:20.4092179Z [279/407] [firefox] › tests/ui-finance-layout.spec.ts:62:1 › titled Finance Panels keep one 12px header-to-first-content boundary
2026-10-10T16:09:43.7473125Z [280/407] [firefox] › tests/ui-finance-layout.spec.ts:129:1 › Finance report, entry, journal, reconciliation and period dialogs remain in the viewport without submitting
2026-10-10T16:10:33.9577179Z [281/407] [firefox] › tests/ui-finance-management.spec.ts:14:1 › C06 opening validates before HTTP and preserves added/removed list drafts through every close guard
2026-10-10T16:10:56.4506327Z [282/407] [firefox] › tests/ui-finance-management.spec.ts:19:1 › C06 opening UI posts only its reviewed version and reports/ledger drill down to real journal IDs
2026-10-10T16:11:09.5574910Z [283/407] [firefox] › tests/ui-finance-management.spec.ts:25:1 › C06 opening conflict retains whole lists and reconciles two changing server versions without forced retry
2026-10-10T16:11:27.5748151Z [284/407] [firefox] › tests/ui-finance-management.spec.ts:31:1 › C06 finance entry validation and refetch conflict keep the saved baseline and draft
2026-10-10T16:11:39.3444627Z [285/407] [firefox] › tests/ui-finance-management.spec.ts:35:1 › C06 all new financial routes and dialog use keyboard/axe and reflow at required widths
2026-10-10T16:13:24.7869937Z [286/407] [firefox] › tests/ui-fulfillment-layout.spec.ts:30:1 › Fulfillment R41/R42 preserve shell gutter and contain responsive route layouts from 320-1440px
2026-10-10T16:13:48.8251096Z [287/407] [firefox] › tests/ui-fulfillment-layout.spec.ts:59:1 › Fulfillment prep, shipment-create, detail and event dialogs fit mobile and desktop without submitting
2026-10-10T16:14:01.3269953Z [288/407] [firefox] › tests/ui-integrations-layout.spec.ts:45:1 › Integrations routes R29/R30 fit the supported page-width boundaries
2026-10-10T16:14:21.3655550Z [289/407] [firefox] › tests/ui-integrations-layout.spec.ts:55:1 › R29 disconnect and R30 create/edit credential dialogs stay inside mobile and desktop viewports
2026-10-10T16:14:38.7255390Z [290/407] [firefox] › tests/ui-inventory-layout.spec.ts:15:1 › Inventory R15/R16 preserve shared gutter and contain table overflow at 320-1440px
2026-10-10T16:15:03.5939453Z [291/407] [firefox] › tests/ui-inventory-layout.spec.ts:55:1 › Inventory filters reset cursor and preserve other URL state; adjustment validation sends no command
2026-10-10T16:15:35.1642912Z [292/407] [firefox] › tests/ui-knowledge-layout.spec.ts:67:1 › Knowledge routes R23/R24/R25 fit every supported layout boundary
2026-10-10T16:16:24.9537730Z [293/407] [firefox] › tests/ui-knowledge-layout.spec.ts:87:1 › Knowledge create, edit, and feedback-review dialogs remain inside mobile and desktop viewports
2026-10-10T16:17:06.3008983Z [294/407] [firefox] › tests/ui-master-resources.spec.ts:13:1 › C05 warehouses validate before HTTP, protect drafts and create/update/archive with visible results
2026-10-10T16:17:22.3663034Z [295/407] [firefox] › tests/ui-master-resources.spec.ts:26:1 › C05 warehouse conflicts keep the draft across two concurrent versions and require explicit reconciliation
2026-10-10T16:17:33.1364967Z [296/407] [firefox] › tests/ui-master-resources.spec.ts:34:1 › C05 accounts create and protect used fields; journal choices come from the same API lookup
2026-10-10T16:17:45.5492215Z [297/407] [firefox] › tests/ui-master-resources.spec.ts:40:1 › C05 customer address UI never replays a masked phone and orders load per-customer addresses
2026-10-10T16:17:57.1644994Z [298/407] [firefox] › tests/ui-master-resources.spec.ts:49:1 › C05 new management routes and address dialog reflow at all required widths with keyboard and axe
2026-10-10T16:19:11.4755316Z [299/407] [firefox] › tests/ui-master-resources.spec.ts:61:1 › C05 complete customer addresses create/archive through HTTP; masked mandatory fields prevent creation
2026-10-10T16:19:21.0029605Z [300/407] [firefox] › tests/ui-master-resources.spec.ts:80:1 › C05 an unknown warehouse creation keeps the draft and prevents a second request
2026-10-10T16:19:24.3666958Z [301/407] [firefox] › tests/ui-notifications-layout.spec.ts:40:1 › R39/R40 Notifications routes fit the supported page-width boundaries
2026-10-10T16:19:59.3962823Z [302/407] [firefox] › tests/ui-notifications-layout.spec.ts:50:1 › R40 revoke-device confirmation stays inside mobile and desktop viewports
2026-10-10T16:20:08.3518947Z [303/407] [firefox] › tests/ui-operations-layout.spec.ts:41:1 › R37/R38/R52 Operations routes fit the supported page-width boundaries
2026-10-10T16:20:41.7503496Z [304/407] [firefox] › tests/ui-operations-layout.spec.ts:51:1 › R52 role-control confirmation stays inside mobile and desktop viewports
2026-10-10T16:20:51.2929899Z [305/407] [firefox] › tests/ui-orders-layout.spec.ts:15:1 › Orders R17/R18/R19/R43 preserve responsive page geometry at 320-1440px
2026-10-10T16:21:34.7265360Z [306/407] [firefox] › tests/ui-orders-layout.spec.ts:46:1 › Orders draft, versioned quote, canonical address snapshot and return dialogs keep their behavior without writes
2026-10-10T16:22:02.8629144Z   1) [firefox] › tests/ui-orders-layout.spec.ts:46:1 › Orders draft, versioned quote, canonical address snapshot and return dialogs keep their behavior without writes 
2026-10-10T16:22:02.8634052Z 
2026-10-10T16:22:02.8634357Z     Error: expect(locator).toBeVisible() failed
2026-10-10T16:22:02.8634792Z 
2026-10-10T16:22:02.8643084Z     Locator: getByText('Phiên bản 1', { exact: true })
2026-10-10T16:22:02.8647006Z     Expected: visible
2026-10-10T16:22:02.8652677Z     Timeout: 5000ms
2026-10-10T16:22:02.8658425Z     Error: element(s) not found
2026-10-10T16:22:02.8658700Z 
2026-10-10T16:22:02.8658900Z     Call log:
2026-10-10T16:22:02.8663158Z       - Expect "toBeVisible" getByText('Phiên bản 1', { exact: true }) with timeout 5000ms
2026-10-10T16:22:02.8671554Z       - waiting for getByText('Phiên bản 1', { exact: true })
2026-10-10T16:22:02.8671888Z 
2026-10-10T16:22:02.8671896Z 
2026-10-10T16:22:02.8672011Z       69 |
2026-10-10T16:22:02.8672898Z       70 |     await page.goto(new URL('/s/shop-demo/orders/DH-1001', demoUrl).toString());
2026-10-10T16:22:02.8673829Z     > 71 |     await expect(page.getByText('Phiên bản 1', { exact: true })).toBeVisible();
2026-10-10T16:22:02.9418546Z          |                                                                  ^
2026-10-10T16:22:02.9419676Z       72 |     const quoteResponse = page.waitForResponse(response => response.request().method() === 'POST' && new URL(response.url()).pathname.endsWith('/orders/DH-1001/quote'));
2026-10-10T16:22:02.9421507Z       73 |     await page.getByRole('button', { name: 'Lấy báo giá hiện tại', exact: true }).click();
2026-10-10T16:22:02.9422221Z       74 |     expect((await quoteResponse).status()).toBe(200);
2026-10-10T16:22:02.9423565Z         at /home/runner/work/Bot-AI-Ban-hang-FB/Bot-AI-Ban-hang-FB/BotSalesAI_Frontend/tests/ui-orders-layout.spec.ts:71:66
2026-10-10T16:22:02.9424158Z 
2026-10-10T16:22:02.9425051Z     Error Context: test-results/playwright-5828-fcbbe1c9-4526-44c6-af39-abdfaeeef5ae/ui-orders-layout-Orders-dr-2ae47-eir-behavior-without-writes-firefox/error-context.md
2026-10-10T16:22:02.9425953Z 
2026-10-10T16:22:02.9426866Z     Error Context: test-results/playwright-5828-fcbbe1c9-4526-44c6-af39-abdfaeeef5ae/ui-orders-layout-Orders-dr-2ae47-eir-behavior-without-writes-firefox/error-context.md
2026-10-10T16:22:02.9427761Z 
2026-10-10T16:22:02.9428292Z     attachment #3: trace (application/zip) ─────────────────────────────────────────────────────────
2026-10-10T16:22:02.9429510Z     test-results/playwright-5828-fcbbe1c9-4526-44c6-af39-abdfaeeef5ae/ui-orders-layout-Orders-dr-2ae47-eir-behavior-without-writes-firefox/trace.zip
2026-10-10T16:22:02.9430318Z     Usage:
2026-10-10T16:22:02.9430440Z 
2026-10-10T16:22:02.9431169Z         npx playwright show-trace test-results/playwright-5828-fcbbe1c9-4526-44c6-af39-abdfaeeef5ae/ui-orders-layout-Orders-dr-2ae47-eir-behavior-without-writes-firefox/trace.zip
2026-10-10T16:22:02.9431900Z 
2026-10-10T16:22:02.9434246Z     ────────────────────────────────────────────────────────────────────────────────────────────────
2026-10-10T16:22:02.9434588Z 
2026-10-10T16:22:02.9434594Z 
2026-10-10T16:22:06.1118797Z [307/407] [firefox] › tests/ui-panel-layout.spec.ts:15:1 › the titled Fulfillment Panel owns its body inset and keeps one 12px header boundary
2026-10-10T16:22:15.4180952Z [308/407] [firefox] › tests/ui-procurement-layout.spec.ts:38:1 › Procurement R44-R47 preserve shared page gutter and contain responsive tables at 320-1440px
2026-10-10T16:22:50.9013720Z [309/407] [firefox] › tests/ui-procurement-layout.spec.ts:69:1 › Procurement supplier, offer, rule, purchase and receipt dialogs fit narrow and desktop viewports without writes
2026-10-10T16:23:12.4396016Z [310/407] [firefox] › tests/ui-query-state-layout.spec.ts:68:5 › S12 R09 QueryState section profile preserves pending and ready layout
2026-10-10T16:23:29.0538487Z [311/407] [firefox] › tests/ui-query-state-layout.spec.ts:68:5 › S12 R11 QueryState inline profile preserves pending and ready layout
2026-10-10T16:23:43.0267475Z [312/407] [firefox] › tests/ui-shell-layout.spec.ts:45:1 › Shell keeps header, banner, main and footer on one responsive gutter
2026-10-10T16:23:48.1376958Z [313/407] [firefox] › tests/ui-shell-layout.spec.ts:106:1 › demo controls stay discoverable on mobile and usable on desktop
2026-10-10T16:23:50.3754795Z [314/407] [firefox] › tests/ui-shell-layout.spec.ts:124:1 › SPC-055/057 demo-control labels keep a clear gap on every Shell route consumer
2026-10-10T16:25:24.1755095Z [315/407] [firefox] › tests/ui-shell-layout.spec.ts:149:1 › unmatched route fallback owns its page gutter without horizontal overflow
2026-10-10T16:25:25.9283047Z [316/407] [firefox] › tests/ui-toolbar-layout.spec.ts:36:1 › Shared Toolbar and demo tools keep labels clear when text doubles
2026-10-10T16:25:37.6126748Z [317/407] [firefox] › tests/ui-toolbar-layout.spec.ts:64:1 › Toolbar geometry: multiline category lookup cannot stretch the search button
2026-10-10T16:25:41.3327324Z [318/407] [firefox] › tests/ui-toolbar-layout.spec.ts:81:1 › Shared consolidation Inbox filters share Toolbar ownership and stay outside search across pane widths
2026-10-10T16:26:05.5636171Z [319/407] [firefox] › tests/ui-toolbar-layout.spec.ts:124:1 › Toolbar affected routes keep intrinsic actions, capability branches and 320px reflow
2026-10-10T16:27:45.3885862Z [320/407] [firefox] › tests/ui-toolbar-layout.spec.ts:149:1 › Toolbar public extra slot cannot stretch a single-line submit action
2026-10-10T16:27:48.1371460Z [321/407] [firefox] › tests/ui-toolbar-layout.spec.ts:166:1 › Toolbar preserves Products URL filters, search submit, clear and independent category lookup
2026-10-10T16:27:53.6419014Z [322/407] [firefox] › tests/ui-toolbar-layout.spec.ts:202:1 › Toolbar keeps Inventory apply/reset separate from search submission
2026-10-10T16:28:01.6717047Z [323/407] [firefox] › tests/ui-toolbar-layout.spec.ts:222:1 › Toolbar category more/busy/error/retry branches preserve search geometry and actual pagination
2026-10-10T16:28:08.6276819Z [324/407] [firefox] › tests/ui-ux-completion.spec.ts:9:1 › UX01 setup feedback CTA reaches review workflow rather than dynamic knowledge detail
2026-10-10T16:28:14.1833826Z [325/407] [firefox] › tests/ui-ux-completion.spec.ts:15:1 › UX02 stock warnings describe low/zero stock without implying a server block
2026-10-10T16:28:16.5661963Z [326/407] [firefox] › tests/ui-ux-completion.spec.ts:22:1 › UX02 inventory receipts and accounting open periods have domain-specific names
2026-10-10T16:28:22.9603778Z [327/407] [firefox] › tests/ui-ux-completion.spec.ts:31:1 › UX04 onboarding protects the whole draft on leave and reload
2026-10-10T16:28:35.3095301Z [328/407] [firefox] › tests/ui-ux-completion.spec.ts:52:1 › UX04 acknowledged shop creation leaves without a false dirty warning
2026-10-10T16:28:37.4598218Z [329/407] [firefox] › tests/ui-ux-completion.spec.ts:60:1 › UX05 product detail returns to committed filters; direct links use the list fallback
2026-10-10T16:28:42.7254810Z [330/407] [firefox] › tests/ui-ux-completion.spec.ts:70:60 › UX05 customers list returns to its own filter context
2026-10-10T16:28:47.5984059Z [331/407] [firefox] › tests/ui-ux-completion.spec.ts:70:60 › UX05 orders list returns to its own filter context
2026-10-10T16:28:52.1255590Z [332/407] [firefox] › tests/ui-ux-completion.spec.ts:70:60 › UX05 knowledge list returns to its own filter context
2026-10-10T16:28:56.5925028Z [333/407] [firefox] › tests/ui-ux-completion.spec.ts:86:1 › UX03 category, member and AI deletion confirmations name the selected object and consequence
2026-10-10T16:29:02.5207206Z [334/407] [firefox] › tests/ui-ux-completion.spec.ts:108:1 › UX07 titles and breadcrumb distinguish create/detail/review; menu empty state clears with focus
2026-10-10T16:29:07.5050118Z [335/407] [firefox] › tests/ui-ux-completion.spec.ts:126:1 › UX10 multi-table pages have distinct business names
2026-10-10T16:29:12.0975103Z [336/407] [firefox] › tests/ui-ux-completion.spec.ts:136:1 › UX06 AI capability names and states are readable in Vietnamese
2026-10-10T16:29:16.7840419Z [337/407] [firefox] › tests/ui-ux-completion.spec.ts:143:1 › UX15 detail captions reflow without splitting short words across all required viewports
2026-10-10T16:29:21.1639564Z [338/407] [firefox] › tests/ui-width-layout.spec.ts:29:1 › W01 AI single connection fills its collection at breakpoint edges and wide viewports
2026-10-10T16:29:33.4671160Z [339/407] [firefox] › tests/ui-width-layout.spec.ts:42:1 › W01 AI keeps two-column collection for two/three items and refetch preserves the new count
2026-10-10T16:29:38.8408871Z [340/407] [firefox] › tests/ui-width-layout.spec.ts:63:1 › W01 AI empty result keeps one accessible create action and no empty grid
2026-10-10T16:29:42.3310025Z [341/407] [firefox] › tests/ui-width-layout.spec.ts:72:35 › W01 workspace collection handles 0 visible shops
2026-10-10T16:29:50.9994856Z [342/407] [firefox] › tests/ui-width-layout.spec.ts:72:35 › W01 workspace collection handles 1 visible shops
2026-10-10T16:29:59.7673435Z [343/407] [firefox] › tests/ui-width-layout.spec.ts:72:35 › W01 workspace collection handles 2 visible shops
2026-10-10T16:30:08.7384364Z [344/407] [firefox] › tests/ui-width-layout.spec.ts:72:35 › W01 workspace collection handles 3 visible shops
2026-10-10T16:30:17.4305012Z [345/407] [firefox] › tests/ui-width-layout.spec.ts:104:1 › W02 full-width form groups fill their panel and retain input/mapping/shipping behavior
2026-10-10T16:30:52.1310831Z [346/407] [firefox] › tests/ui-width-layout.spec.ts:144:1 › W03 notification protection notice occupies the full page row after the two panes
2026-10-10T16:31:02.1145434Z [347/407] [firefox] › tests/ui-width-layout.spec.ts:163:1 › W04 detail rows stay atomic in divided rhythm and plain containers
2026-10-10T16:31:09.3697955Z [348/407] [firefox] › tests/ui-workspace-layout.spec.ts:60:1 › workspace routes stay within the supported page-width boundaries
2026-10-10T16:32:12.8716162Z [349/407] [firefox] › tests/ui-workspace-layout.spec.ts:72:1 › team invite and privacy request dialogs remain usable without submitting
2026-10-10T16:32:28.1717949Z [350/407] [firefox] › tests/ui006-lookups.spec.ts:69:1 › UI006.C05 lookup and table cursors reach records after 150 synthetic suppliers, offers, and orders
2026-10-10T16:33:39.2549665Z [351/407] [firefox] › tests/ui006-lookups.spec.ts:215:1 › UI006.C04 bounded previews disclose their sample and link to full collections
2026-10-10T16:33:46.6195605Z [352/407] [firefox] › tests/ui006-lookups.spec.ts:232:1 › UI006.C02 selected order identity survives a failed search and cursor retry
2026-10-10T16:33:50.6608423Z [353/407] [firefox] › tests/ui007-query-states.spec.ts:30:1 › UI007 secondary order query loads independently while the customer profile remains available
2026-10-10T16:33:56.3401305Z [354/407] [firefox] › tests/ui007-query-states.spec.ts:60:1 › UI007 order query 503 is isolated from the primary customer query and retries only that query
2026-10-10T16:34:01.1753615Z [355/407] [firefox] › tests/ui007-query-states.spec.ts:94:1 › UI007 forbidden order query is an access state and a successful empty query is distinct
2026-10-10T16:34:06.4234511Z [356/407] [firefox] › tests/ui007-query-states.spec.ts:114:1 › UI007 supplier and offer failures keep purchase suggestions visible and have operation-specific recovery
2026-10-10T16:34:15.0568942Z [357/407] [firefox] › tests/ui007-query-states.spec.ts:150:1 › UI007 auto-send budget query is lazy, permission-aware, and blocks an unverified budget
2026-10-10T16:34:19.4067806Z [358/407] [firefox] › tests/ui008-integration-empty.spec.ts:57:1 › UI008 R29 successful empty collection exposes an accessible state and one permission-guarded connect CTA
2026-10-10T16:34:23.7494997Z [359/407] [firefox] › tests/ui008-integration-empty.spec.ts:75:1 › UI008 R29 read-only bot_admin sees the empty state without a manage action
2026-10-10T16:34:27.0885058Z [360/407] [firefox] › tests/ui008-integration-empty.spec.ts:90:1 › UI008 R29 pending channel query stays loading until its response arrives
2026-10-10T16:34:30.6506479Z [361/407] [firefox] › tests/ui008-integration-empty.spec.ts:109:1 › UI008 R29 forbidden channel query is not presented as empty or retryable
2026-10-10T16:34:33.1303807Z [362/407] [firefox] › tests/ui008-integration-empty.spec.ts:123:1 › UI008 R29 503 remains an error and recovers through its retry control
2026-10-10T16:34:36.8745568Z [363/407] [firefox] › tests/ui008-integration-empty.spec.ts:144:1 › UI008 R30 successful empty AI connection cards show a first-use state and one add CTA
2026-10-10T16:34:39.5225161Z [364/407] [firefox] › tests/ui008-integration-empty.spec.ts:162:1 › UI008 R30 read-only bot_admin sees the empty state without an add action
2026-10-10T16:34:43.1233989Z [365/407] [firefox] › tests/ui009-scope-regression.spec.ts:23:1 › UI009 delayed customer orders from the previous shop cannot leak into the new shop profile
2026-10-10T16:34:50.8060452Z [366/407] [firefox] › tests/ui010-dialog-draft.spec.ts:15:1 › UI010 a discarded confirmation reason is cleared before the dialog opens again
2026-10-10T16:34:59.9293551Z [367/407] [firefox] › tests/ui011-date-time.spec.ts:16:1 › UI011 report defaults use the active shop calendar month at a UTC month boundary
2026-10-10T16:35:04.1732331Z [368/407] [firefox] › tests/ui011-date-time.spec.ts:29:1 › UI011 journal effective date defaults to the active shop calendar date
2026-10-10T16:35:07.3545650Z [369/407] [firefox] › tests/ui011-date-time.spec.ts:41:1 › UI011 shipment event input and API instant use the shop timezone, not browser timezone
2026-10-10T16:35:10.8030057Z [370/407] [firefox] › tests/ui012-keyboard.spec.ts:42:1 › UI012 keyboard-only finance edit handles select, discard warning and focus return
2026-10-10T16:35:17.8841032Z [371/407] [firefox] › tests/ui012-keyboard.spec.ts:103:1 › UI012 keyboard validation focuses the field named by a synthetic 422 response
2026-10-10T16:35:26.3132247Z [372/407] [firefox] › tests/ui012-keyboard.spec.ts:160:1 › UI012 keyboard activates the CSV chooser and discards its selected file without upload
2026-10-10T16:35:30.2941960Z [373/407] [firefox] › tests/ui012-keyboard.spec.ts:200:1 › UI012 keyboard can reach and horizontally scroll the marketing chart data alternative
2026-10-10T16:35:34.4837537Z [374/407] [firefox] › tests/ui012-keyboard.spec.ts:227:1 › UI012 marketing chart keeps every category label visible beside its data table
2026-10-10T16:35:40.3030548Z [375/407] [firefox] › tests/ui012-keyboard.spec.ts:276:1 › UI012 inbox feedback actions identify their message and return focus after Escape
2026-10-10T16:35:46.5188221Z [376/407] [firefox] › tests/ui012-keyboard.spec.ts:309:1 › UI012 order draft does not announce an untouched required customer as invalid
2026-10-10T16:35:52.8284485Z [377/407] [firefox] › tests/ui012-keyboard.spec.ts:322:1 › UI012 human-confirmation policy copy wraps inside its alert at a 320 CSS-pixel viewport
2026-10-10T16:35:54.9820952Z [378/407] [firefox] › tests/ui012-keyboard.spec.ts:356:1 › UI012 dashboard CTA separates hover and pressed feedback while keeping keyboard focus visible
2026-10-10T16:36:03.1597051Z [379/407] [firefox] › tests/ui013-url-state.spec.ts:19:1 › UI013 reconciliation tab deep links and survives refresh; malformed tab safely falls back
2026-10-10T16:36:14.0795215Z [380/407] [firefox] › tests/ui013-url-state.spec.ts:39:1 › UI013 finance date range deep link, edit, refresh and Back use shop-local filter state
2026-10-10T16:36:21.2564170Z [381/407] [firefox] › tests/ui013-url-state.spec.ts:70:1 › UI013 report type and export date filters are deep-linkable, refreshable and malformed values fall back safely
2026-10-10T16:36:28.5098076Z [382/407] [firefox] › tests/ui021-permission-edge.spec.ts:4:1 › privacy page keeps the customers link when the destination permission is present
2026-10-10T16:36:33.1493520Z [383/407] [firefox] › tests/ui021-permission-edge.spec.ts:19:1 › privacy page hides the customers link when the destination permission is missing
2026-10-10T16:36:38.3260787Z [384/407] [firefox] › tests/ui028-w24-inbox-layout.spec.ts:15:1 › UI028.W24 Inbox spacing roles remain consistent across breakpoints without losing draft state
2026-10-10T16:36:52.8277199Z [385/407] [firefox] › tests/ui028-w25-reports-layout.spec.ts:16:1 › UI028.W25 Reports semantic spacing stays stable at mobile, tablet and desktop widths
2026-10-10T16:37:22.2385893Z [386/407] [firefox] › tests/ui028-w25-reports-layout.spec.ts:123:1 › UI028.W25 authorized report download link retains its 44px hit target
2026-10-10T16:37:31.8014824Z [387/407] [firefox] › tests/ui028-w28-routes.spec.ts:47:5 › UI028.W28 61 canonical routes render with measured 390px layout geometry
2026-10-10T16:39:24.5020006Z [firefox] › tests/ui028-w28-routes.spec.ts:47:5 › UI028.W28 61 canonical routes render with measured 390px layout geometry
2026-10-10T16:39:24.5022298Z [w28-route-geometry] {"browser":"firefox","width":390,"routes":61,"issues":0,"pageErrors":0,"evidence":"evidence/frontend-ui-improvements/UI028/W28/route-geometry-firefox-390-current-20261010-162312-32952.json"}
2026-10-10T16:39:24.5024020Z 
2026-10-10T16:39:24.5945555Z [388/407] [firefox] › tests/ui028-w28-routes.spec.ts:47:5 › UI028.W28 61 canonical routes render with measured 1440px layout geometry
2026-10-10T16:41:09.5553825Z [firefox] › tests/ui028-w28-routes.spec.ts:47:5 › UI028.W28 61 canonical routes render with measured 1440px layout geometry
2026-10-10T16:41:09.5555352Z [w28-route-geometry] {"browser":"firefox","width":1440,"routes":61,"issues":0,"pageErrors":0,"evidence":"evidence/frontend-ui-improvements/UI028/W28/route-geometry-firefox-1440-current-20261010-162312-32952.json"}
2026-10-10T16:41:09.5556192Z 
2026-10-10T16:41:09.6758160Z [389/407] [firefox] › tests/ui028-w29-reflow.spec.ts:30:5 › UI028.W29 320px reflow retains representative actions and contains overflow
2026-10-10T16:41:26.9701280Z [firefox] › tests/ui028-w29-reflow.spec.ts:30:5 › UI028.W29 320px reflow retains representative actions and contains overflow
2026-10-10T16:41:26.9704059Z [w29-responsive-profile] {"browser":"firefox","width":320,"profiles":7,"issues":0,"pageErrors":0,"evidence":"evidence/frontend-ui-improvements/UI028/W29/responsive-profile-firefox-320-current-20261010-162312-32952.json"}
2026-10-10T16:41:26.9705565Z 
2026-10-10T16:41:27.0097087Z [390/407] [firefox] › tests/ui028-w29-reflow.spec.ts:30:5 › UI028.W29 390px reflow retains representative actions and contains overflow
2026-10-10T16:41:41.0798410Z [firefox] › tests/ui028-w29-reflow.spec.ts:30:5 › UI028.W29 390px reflow retains representative actions and contains overflow
2026-10-10T16:41:41.0801057Z [w29-responsive-profile] {"browser":"firefox","width":390,"profiles":7,"issues":0,"pageErrors":0,"evidence":"evidence/frontend-ui-improvements/UI028/W29/responsive-profile-firefox-390-current-20261010-162312-32952.json"}
2026-10-10T16:41:41.0802931Z 
2026-10-10T16:41:41.1382918Z [391/407] [firefox] › tests/ui028-w29-reflow.spec.ts:30:5 › UI028.W29 767px reflow retains representative actions and contains overflow
2026-10-10T16:41:56.9357575Z [firefox] › tests/ui028-w29-reflow.spec.ts:30:5 › UI028.W29 767px reflow retains representative actions and contains overflow
2026-10-10T16:41:56.9359138Z [w29-responsive-profile] {"browser":"firefox","width":767,"profiles":7,"issues":0,"pageErrors":0,"evidence":"evidence/frontend-ui-improvements/UI028/W29/responsive-profile-firefox-767-current-20261010-162312-32952.json"}
2026-10-10T16:41:56.9360040Z 
2026-10-10T16:41:56.9710317Z [392/407] [firefox] › tests/ui028-w29-reflow.spec.ts:30:5 › UI028.W29 768px reflow retains representative actions and contains overflow
2026-10-10T16:42:11.8790282Z [firefox] › tests/ui028-w29-reflow.spec.ts:30:5 › UI028.W29 768px reflow retains representative actions and contains overflow
2026-10-10T16:42:11.8793339Z [w29-responsive-profile] {"browser":"firefox","width":768,"profiles":7,"issues":0,"pageErrors":0,"evidence":"evidence/frontend-ui-improvements/UI028/W29/responsive-profile-firefox-768-current-20261010-162312-32952.json"}
2026-10-10T16:42:11.8794976Z 
2026-10-10T16:42:11.9249045Z [393/407] [firefox] › tests/ui028-w29-reflow.spec.ts:30:5 › UI028.W29 1024px reflow retains representative actions and contains overflow
2026-10-10T16:42:26.9458257Z [firefox] › tests/ui028-w29-reflow.spec.ts:30:5 › UI028.W29 1024px reflow retains representative actions and contains overflow
2026-10-10T16:42:26.9460965Z [w29-responsive-profile] {"browser":"firefox","width":1024,"profiles":7,"issues":0,"pageErrors":0,"evidence":"evidence/frontend-ui-improvements/UI028/W29/responsive-profile-firefox-1024-current-20261010-162312-32952.json"}
2026-10-10T16:42:26.9462670Z 
2026-10-10T16:42:27.0045159Z [394/407] [firefox] › tests/ui028-w29-reflow.spec.ts:30:5 › UI028.W29 1279px reflow retains representative actions and contains overflow
2026-10-10T16:42:41.6829106Z [firefox] › tests/ui028-w29-reflow.spec.ts:30:5 › UI028.W29 1279px reflow retains representative actions and contains overflow
2026-10-10T16:42:41.6854135Z [w29-responsive-profile] {"browser":"firefox","width":1279,"profiles":7,"issues":0,"pageErrors":0,"evidence":"evidence/frontend-ui-improvements/UI028/W29/responsive-profile-firefox-1279-current-20261010-162312-32952.json"}
2026-10-10T16:42:41.6855154Z 
2026-10-10T16:42:41.7313180Z [395/407] [firefox] › tests/ui028-w29-reflow.spec.ts:30:5 › UI028.W29 1280px reflow retains representative actions and contains overflow
2026-10-10T16:42:56.7754751Z [firefox] › tests/ui028-w29-reflow.spec.ts:30:5 › UI028.W29 1280px reflow retains representative actions and contains overflow
2026-10-10T16:42:56.7756748Z [w29-responsive-profile] {"browser":"firefox","width":1280,"profiles":7,"issues":0,"pageErrors":0,"evidence":"evidence/frontend-ui-improvements/UI028/W29/responsive-profile-firefox-1280-current-20261010-162312-32952.json"}
2026-10-10T16:42:56.7757907Z 
2026-10-10T16:42:56.8211136Z [396/407] [firefox] › tests/ui028-w29-reflow.spec.ts:30:5 › UI028.W29 1440px reflow retains representative actions and contains overflow
2026-10-10T16:43:11.6584718Z [firefox] › tests/ui028-w29-reflow.spec.ts:30:5 › UI028.W29 1440px reflow retains representative actions and contains overflow
2026-10-10T16:43:11.6588313Z [w29-responsive-profile] {"browser":"firefox","width":1440,"profiles":7,"issues":0,"pageErrors":0,"evidence":"evidence/frontend-ui-improvements/UI028/W29/responsive-profile-firefox-1440-current-20261010-162312-32952.json"}
2026-10-10T16:43:11.6590420Z 
2026-10-10T16:43:16.2531381Z [397/407] [firefox] › tests/ui028-w29-reflow.spec.ts:30:5 › UI028.W29 1920px reflow retains representative actions and contains overflow
2026-10-10T16:43:31.2130334Z [firefox] › tests/ui028-w29-reflow.spec.ts:30:5 › UI028.W29 1920px reflow retains representative actions and contains overflow
2026-10-10T16:43:31.2133088Z [w29-responsive-profile] {"browser":"firefox","width":1920,"profiles":7,"issues":0,"pageErrors":0,"evidence":"evidence/frontend-ui-improvements/UI028/W29/responsive-profile-firefox-1920-current-20261010-162312-32952.json"}
2026-10-10T16:43:31.2153163Z 
2026-10-10T16:43:31.3686122Z [398/407] [firefox] › tests/ui028-w30-stress.spec.ts:75:5 › UI028.W30 form-error-short: 200% text and spacing stress at 320x480
2026-10-10T16:43:36.3011599Z [firefox] › tests/ui028-w30-stress.spec.ts:75:5 › UI028.W30 form-error-short: 200% text and spacing stress at 320x480
2026-10-10T16:43:36.3013760Z [w30-stress] {"browser":"firefox","scenario":"form-error-short","viewport":{"width":320,"height":480},"scaledTextElements":55,"issues":0,"pageErrors":0,"evidence":"evidence/frontend-ui-improvements/UI028/W30/stress-firefox-form-error-short-current-20261010-162312-32952.json"}
2026-10-10T16:43:36.3014839Z 
2026-10-10T16:43:36.3380977Z [399/407] [firefox] › tests/ui028-w30-stress.spec.ts:75:5 › UI028.W30 mobile-menu-long-label: 200% text and spacing stress at 390x560
2026-10-10T16:43:39.2235701Z [firefox] › tests/ui028-w30-stress.spec.ts:75:5 › UI028.W30 mobile-menu-long-label: 200% text and spacing stress at 390x560
2026-10-10T16:43:39.2238092Z [w30-stress] {"browser":"firefox","scenario":"mobile-menu-long-label","viewport":{"width":390,"height":560},"scaledTextElements":148,"issues":0,"pageErrors":0,"evidence":"evidence/frontend-ui-improvements/UI028/W30/stress-firefox-mobile-menu-long-label-current-20261010-162312-32952.json"}
2026-10-10T16:43:39.2239517Z 
2026-10-10T16:43:39.2576761Z [400/407] [firefox] › tests/ui028-w30-stress.spec.ts:75:5 › UI028.W30 report-long-id: 200% text and spacing stress at 640x450
2026-10-10T16:43:42.4423774Z [firefox] › tests/ui028-w30-stress.spec.ts:75:5 › UI028.W30 report-long-id: 200% text and spacing stress at 640x450
2026-10-10T16:43:42.4425463Z [w30-stress] {"browser":"firefox","scenario":"report-long-id","viewport":{"width":640,"height":450},"scaledTextElements":244,"issues":0,"pageErrors":0,"evidence":"evidence/frontend-ui-improvements/UI028/W30/stress-firefox-report-long-id-current-20261010-162312-32952.json"}
2026-10-10T16:43:42.4426600Z 
2026-10-10T16:43:42.4939075Z [401/407] [firefox] › tests/ui028-w30-stress.spec.ts:75:5 › UI028.W30 inbox-long-composer: 200% text and spacing stress at 390x560
2026-10-10T16:43:45.2350204Z [firefox] › tests/ui028-w30-stress.spec.ts:75:5 › UI028.W30 inbox-long-composer: 200% text and spacing stress at 390x560
2026-10-10T16:43:45.2352805Z [w30-stress] {"browser":"firefox","scenario":"inbox-long-composer","viewport":{"width":390,"height":560},"scaledTextElements":71,"issues":0,"pageErrors":0,"evidence":"evidence/frontend-ui-improvements/UI028/W30/stress-firefox-inbox-long-composer-current-20261010-162312-32952.json"}
2026-10-10T16:43:45.2354388Z 
2026-10-10T16:43:45.2699719Z [402/407] [firefox] › tests/ui028-w30-stress.spec.ts:75:5 › UI028.W30 dialog-long-reason: 200% text and spacing stress at 320x480
2026-10-10T16:43:48.1917626Z [firefox] › tests/ui028-w30-stress.spec.ts:75:5 › UI028.W30 dialog-long-reason: 200% text and spacing stress at 320x480
2026-10-10T16:43:48.1920771Z [w30-stress] {"browser":"firefox","scenario":"dialog-long-reason","viewport":{"width":320,"height":480},"scaledTextElements":80,"issues":0,"pageErrors":0,"evidence":"evidence/frontend-ui-improvements/UI028/W30/stress-firefox-dialog-long-reason-current-20261010-162312-32952.json"}
2026-10-10T16:43:48.1923172Z 
2026-10-10T16:43:48.3133463Z [403/407] [firefox] › tests/vertical-slices/fe022-flows.spec.ts:38:1 › FE022.VS01 catalog → stock → order → prep keeps product, reservation, and order references linked
2026-10-10T16:44:00.5485770Z [404/407] [firefox] › tests/vertical-slices/fe022-flows.spec.ts:97:1 › FE022.VS02 procurement → approval → receipt → stock and payable preserves the purchase identity
2026-10-10T16:44:14.9938360Z [405/407] [firefox] › tests/vertical-slices/fe022-flows.spec.ts:177:1 › FE022.VS03 finance → reconciliation retains bank transaction and partial debt allocation
2026-10-10T16:44:21.8128995Z [406/407] [firefox] › tests/vertical-slices/fe022-flows.spec.ts:219:1 › FE022.VS04 inbox → knowledge draft → bot evaluation preserves feedback and revision source IDs
2026-10-10T16:44:36.5247478Z [407/407] [firefox] › tests/vertical-slices/fe022-flows.spec.ts:261:1 › FE022.S05 route and feature matrix covers canonical IDs with executed cases or explicit frontend gaps
2026-10-10T16:44:50.1677815Z   Slow test file: [firefox] › tests/states/route-error-composition.spec.ts (6.9m)
2026-10-10T16:44:50.1678736Z   Consider running tests from slow files in parallel. See: https://playwright.dev/docs/test-parallel
2026-10-10T16:44:50.1679403Z   1 failed
2026-10-10T16:44:50.1681034Z     [firefox] › tests/ui-orders-layout.spec.ts:46:1 › Orders draft, versioned quote, canonical address snapshot and return dialogs keep their behavior without writes 
2026-10-10T16:44:50.1681994Z   406 passed (1.3h)
2026-10-10T16:44:50.4459032Z ##[error]Process completed with exit code 1.
2026-10-10T16:44:50.5295238Z ##[group]Run actions/upload-artifact@043fb46d1a93c77aae656e7c1c64a875d1fc6a0a
2026-10-10T16:44:50.5295730Z with:
2026-10-10T16:44:50.5296120Z   name: frontend-firefox-38062907027-1-1e3df01dad95696f407599aa9bd9f766757ee7bc
2026-10-10T16:44:50.5296881Z   path: BotSalesAI_Frontend/apps/web/dist/
BotSalesAI_Frontend/apps/web/dist-demo/
BotSalesAI_Frontend/test-results/

2026-10-10T16:44:50.5297488Z   if-no-files-found: ignore
2026-10-10T16:44:50.5297748Z   retention-days: 14
2026-10-10T16:44:50.5297978Z   compression-level: 6
2026-10-10T16:44:50.5298208Z   overwrite: false
2026-10-10T16:44:50.5298455Z   include-hidden-files: false
2026-10-10T16:44:50.5298711Z   archive: true
2026-10-10T16:44:50.5298921Z ##[endgroup]
2026-10-10T16:44:50.8388521Z Multiple search paths detected. Calculating the least common ancestor of all paths
2026-10-10T16:44:50.8391915Z The least common ancestor is /home/runner/work/Bot-AI-Ban-hang-FB/Bot-AI-Ban-hang-FB/BotSalesAI_Frontend. This will be the root directory of the artifact
2026-10-10T16:44:50.8393483Z With the provided path, there will be 77 files uploaded
2026-10-10T16:44:50.8397778Z Artifact name is valid!
2026-10-10T16:44:50.8398600Z Root directory input is valid!
2026-10-10T16:44:51.2076239Z Uploading artifact: frontend-firefox-38062907027-1-1e3df01dad95696f407599aa9bd9f766757ee7bc.zip
2026-10-10T16:44:51.2150394Z Beginning upload of artifact content to blob storage
2026-10-10T16:44:52.1538729Z Uploaded bytes 2111925
2026-10-10T16:44:52.2238583Z Finished uploading artifact content to blob storage!
2026-10-10T16:44:52.2240000Z SHA256 digest of uploaded artifact is 8bbc9a8769cad108494df1495afbc32bcdf4c3104f14da965a74afbb216cd84d
2026-10-10T16:44:52.2241164Z Finalizing artifact upload
2026-10-10T16:44:52.6587214Z Artifact frontend-firefox-38062907027-1-1e3df01dad95696f407599aa9bd9f766757ee7bc successfully finalized. Artifact ID 11676366480
2026-10-10T16:44:52.6589075Z Artifact frontend-firefox-38062907027-1-1e3df01dad95696f407599aa9bd9f766757ee7bc has been successfully uploaded! Final size is 2111925 bytes. Artifact ID is 11676366480
2026-10-10T16:44:52.6591421Z Artifact download URL: https://github.com/LonelyTraderBay/Bot-AI-Ban-hang-FB/actions/runs/38062907027/artifacts/11676366480
2026-10-10T16:44:52.6818322Z Post job cleanup.
2026-10-10T16:44:52.7702950Z [command]/usr/bin/git version
2026-10-10T16:44:52.7792117Z git version 2.55.0
2026-10-10T16:44:52.7832258Z Temporarily overriding HOME='/home/runner/work/_temp/b7fe9822-8df0-47d2-9655-1791779087f8' before making global git config changes
2026-10-10T16:44:52.7834380Z Adding repository directory to the temporary git global config as a safe directory
2026-10-10T16:44:52.7838503Z [command]/usr/bin/git config --global --add safe.directory /home/runner/work/Bot-AI-Ban-hang-FB/Bot-AI-Ban-hang-FB
2026-10-10T16:44:52.7881520Z Removing SSH command configuration
2026-10-10T16:44:52.7889938Z [command]/usr/bin/git config --local --name-only --get-regexp core\.sshCommand
2026-10-10T16:44:52.7940529Z [command]/usr/bin/git submodule foreach --recursive sh -c "git config --local --name-only --get-regexp 'core\.sshCommand' && git config --local --unset-all 'core.sshCommand' || :"
2026-10-10T16:44:52.8285150Z Removing HTTP extra header
2026-10-10T16:44:52.8290751Z [command]/usr/bin/git config --local --name-only --get-regexp http\.https\:\/\/github\.com\/\.extraheader
2026-10-10T16:44:52.8330675Z [command]/usr/bin/git submodule foreach --recursive sh -c "git config --local --name-only --get-regexp 'http\.https\:\/\/github\.com\/\.extraheader' && git config --local --unset-all 'http.https://github.com/.extraheader' || :"
2026-10-10T16:44:52.8590004Z Removing includeIf entries pointing to credentials config files
2026-10-10T16:44:52.8598927Z [command]/usr/bin/git config --local --name-only --get-regexp ^includeIf\.gitdir:
2026-10-10T16:44:52.8632652Z includeif.gitdir:/home/runner/work/Bot-AI-Ban-hang-FB/Bot-AI-Ban-hang-FB/.git.path
2026-10-10T16:44:52.8634212Z includeif.gitdir:/home/runner/work/Bot-AI-Ban-hang-FB/Bot-AI-Ban-hang-FB/.git/worktrees/*.path
2026-10-10T16:44:52.8635205Z includeif.gitdir:/github/workspace/.git.path
2026-10-10T16:44:52.8635980Z includeif.gitdir:/github/workspace/.git/worktrees/*.path
2026-10-10T16:44:52.8641934Z [command]/usr/bin/git config --local --get-all includeif.gitdir:/home/runner/work/Bot-AI-Ban-hang-FB/Bot-AI-Ban-hang-FB/.git.path
2026-10-10T16:44:52.8668952Z /home/runner/work/_temp/git-credentials-01ccbd23-c78a-4ed1-acaa-20ccdce53515.config
2026-10-10T16:44:52.8679047Z [command]/usr/bin/git config --local --unset includeif.gitdir:/home/runner/work/Bot-AI-Ban-hang-FB/Bot-AI-Ban-hang-FB/.git.path \/home\/runner\/work\/_temp\/git\-credentials\-01ccbd23\-c78a\-4ed1\-acaa\-20ccdce53515\.config
2026-10-10T16:44:52.8725418Z [command]/usr/bin/git config --local --get-all includeif.gitdir:/home/runner/work/Bot-AI-Ban-hang-FB/Bot-AI-Ban-hang-FB/.git/worktrees/*.path
2026-10-10T16:44:52.8755840Z /home/runner/work/_temp/git-credentials-01ccbd23-c78a-4ed1-acaa-20ccdce53515.config
2026-10-10T16:44:52.8768178Z [command]/usr/bin/git config --local --unset includeif.gitdir:/home/runner/work/Bot-AI-Ban-hang-FB/Bot-AI-Ban-hang-FB/.git/worktrees/*.path \/home\/runner\/work\/_temp\/git\-credentials\-01ccbd23\-c78a\-4ed1\-acaa\-20ccdce53515\.config
2026-10-10T16:44:52.8827621Z [command]/usr/bin/git config --local --get-all includeif.gitdir:/github/workspace/.git.path
2026-10-10T16:44:52.8856938Z /github/runner_temp/git-credentials-01ccbd23-c78a-4ed1-acaa-20ccdce53515.config
2026-10-10T16:44:52.8865624Z [command]/usr/bin/git config --local --unset includeif.gitdir:/github/workspace/.git.path \/github\/runner_temp\/git\-credentials\-01ccbd23\-c78a\-4ed1\-acaa\-20ccdce53515\.config
2026-10-10T16:44:52.8905730Z [command]/usr/bin/git config --local --get-all includeif.gitdir:/github/workspace/.git/worktrees/*.path
2026-10-10T16:44:52.8941128Z /github/runner_temp/git-credentials-01ccbd23-c78a-4ed1-acaa-20ccdce53515.config
2026-10-10T16:44:52.8949946Z [command]/usr/bin/git config --local --unset includeif.gitdir:/github/workspace/.git/worktrees/*.path \/github\/runner_temp\/git\-credentials\-01ccbd23\-c78a\-4ed1\-acaa\-20ccdce53515\.config
2026-10-10T16:44:52.8990949Z [command]/usr/bin/git submodule foreach --recursive git config --local --show-origin --name-only --get-regexp remote.origin.url
2026-10-10T16:44:52.9254872Z Removing credentials config '/home/runner/work/_temp/git-credentials-01ccbd23-c78a-4ed1-acaa-20ccdce53515.config'
2026-10-10T16:44:52.9440036Z Cleaning up orphan processes
