2026-10-10T06:25:01.2428582Z Current runner version: '2.337.0'
2026-10-10T06:25:01.2448161Z ##[group]Runner Image Provisioner
2026-10-10T06:25:01.2448926Z Hosted Compute Agent
2026-10-10T06:25:01.2449421Z Version: 20261002.596
2026-10-10T06:25:01.2449932Z Commit: c3d12f3313a95f25162a1503be624f3b0617f8c0
2026-10-10T06:25:01.2450632Z Build Date: 2026-10-02T22:28:27Z
2026-10-10T06:25:01.2451241Z Worker ID: {f0462494-5e07-4382-8a3e-eadf7eb10ebf}
2026-10-10T06:25:01.2452187Z Region: westus3
2026-10-10T06:25:01.2452661Z Cloud: Azure
2026-10-10T06:25:01.2453106Z ##[endgroup]
2026-10-10T06:25:01.2454341Z ##[group]Operating System
2026-10-10T06:25:01.2455011Z Ubuntu
2026-10-10T06:25:01.2455500Z 24.04.5
2026-10-10T06:25:01.2455957Z LTS
2026-10-10T06:25:01.2456423Z ##[endgroup]
2026-10-10T06:25:01.2456986Z ##[group]Runner Image
2026-10-10T06:25:01.2457535Z Image: ubuntu-24.04
2026-10-10T06:25:01.2458034Z Version: 20261004.327.1
2026-10-10T06:25:01.2459081Z Included Software: https://github.com/actions/runner-images/blob/ubuntu24/20261004.327/images/ubuntu/Ubuntu2404-Readme.md
2026-10-10T06:25:01.2460405Z Image Release: https://github.com/actions/runner-images/releases/tag/ubuntu24%2F20261004.327
2026-10-10T06:25:01.2461206Z ##[endgroup]
2026-10-10T06:25:01.2462136Z ##[group]GITHUB_TOKEN Permissions
2026-10-10T06:25:01.2463649Z Contents: read
2026-10-10T06:25:01.2464236Z Metadata: read
2026-10-10T06:25:01.2464724Z ##[endgroup]
2026-10-10T06:25:01.2466551Z Secret source: Actions
2026-10-10T06:25:01.2467421Z Cache mode: write
2026-10-10T06:25:01.2468017Z Prepare workflow directory
2026-10-10T06:25:01.3251218Z Prepare all required actions
2026-10-10T06:25:01.3288784Z Getting action download info
2026-10-10T06:25:01.6115580Z Download action repository 'actions/checkout@3d3c42e5aac5ba805825da76410c181273ba90b1' (SHA:3d3c42e5aac5ba805825da76410c181273ba90b1)
2026-10-10T06:25:01.8626741Z Download action repository 'actions/setup-node@820762786026740c76f36085b0efc47a31fe5020' (SHA:820762786026740c76f36085b0efc47a31fe5020)
2026-10-10T06:25:02.1418706Z Download action repository 'actions/upload-artifact@043fb46d1a93c77aae656e7c1c64a875d1fc6a0a' (SHA:043fb46d1a93c77aae656e7c1c64a875d1fc6a0a)
2026-10-10T06:25:02.6041359Z Complete job name: verify (chromium)
2026-10-10T06:25:02.6880849Z ##[group]Run actions/checkout@3d3c42e5aac5ba805825da76410c181273ba90b1
2026-10-10T06:25:02.6882221Z with:
2026-10-10T06:25:02.6882951Z   repository: LonelyTraderBay/Bot-AI-Ban-hang-FB
2026-10-10T06:25:02.6889367Z   token: ***
2026-10-10T06:25:02.6890023Z   ssh-strict: true
2026-10-10T06:25:02.6890704Z   ssh-user: git
2026-10-10T06:25:02.6891387Z   persist-credentials: true
2026-10-10T06:25:02.6892132Z   clean: true
2026-10-10T06:25:02.6892804Z   sparse-checkout-cone-mode: true
2026-10-10T06:25:02.6893610Z   fetch-depth: 1
2026-10-10T06:25:02.6894272Z   fetch-tags: false
2026-10-10T06:25:02.6895059Z   show-progress: true
2026-10-10T06:25:02.6895754Z   lfs: false
2026-10-10T06:25:02.6896394Z   submodules: false
2026-10-10T06:25:02.6897092Z   set-safe-directory: true
2026-10-10T06:25:02.6897919Z   allow-unsafe-pr-checkout: false
2026-10-10T06:25:02.6898905Z ##[endgroup]
2026-10-10T06:25:02.7691519Z Syncing repository: LonelyTraderBay/Bot-AI-Ban-hang-FB
2026-10-10T06:25:02.7693752Z ##[group]Getting Git version info
2026-10-10T06:25:02.7695198Z Working directory is '/home/runner/work/Bot-AI-Ban-hang-FB/Bot-AI-Ban-hang-FB'
2026-10-10T06:25:02.7696970Z [command]/usr/bin/git version
2026-10-10T06:25:02.8445846Z git version 2.55.0
2026-10-10T06:25:02.8462457Z ##[endgroup]
2026-10-10T06:25:02.8471169Z Temporarily overriding HOME='/home/runner/work/_temp/bbd59451-1e25-480e-b58b-edd750db5623' before making global git config changes
2026-10-10T06:25:02.8473741Z Adding repository directory to the temporary git global config as a safe directory
2026-10-10T06:25:02.8476467Z [command]/usr/bin/git config --global --add safe.directory /home/runner/work/Bot-AI-Ban-hang-FB/Bot-AI-Ban-hang-FB
2026-10-10T06:25:02.8562849Z Deleting the contents of '/home/runner/work/Bot-AI-Ban-hang-FB/Bot-AI-Ban-hang-FB'
2026-10-10T06:25:02.8565853Z ##[group]Determining repository object format
2026-10-10T06:25:02.8567569Z ##[endgroup]
2026-10-10T06:25:02.8568673Z ##[group]Initializing the repository
2026-10-10T06:25:02.8570494Z [command]/usr/bin/git init /home/runner/work/Bot-AI-Ban-hang-FB/Bot-AI-Ban-hang-FB
2026-10-10T06:25:02.8771025Z hint: Using 'master' as the name for the initial branch. This default branch name
2026-10-10T06:25:02.8773177Z hint: will change to "main" in Git 3.0. To configure the initial branch name
2026-10-10T06:25:02.8774635Z hint: to use in all of your new repositories, which will suppress this warning,
2026-10-10T06:25:02.8775926Z hint: call:
2026-10-10T06:25:02.8776595Z hint:
2026-10-10T06:25:02.8777428Z hint: 	git config --global init.defaultBranch <name>
2026-10-10T06:25:02.8778356Z hint:
2026-10-10T06:25:02.8779254Z hint: Names commonly chosen instead of 'master' are 'main', 'trunk' and
2026-10-10T06:25:02.8781148Z hint: 'development'. The just-created branch can be renamed via this command:
2026-10-10T06:25:02.8782323Z hint:
2026-10-10T06:25:02.8782930Z hint: 	git branch -m <name>
2026-10-10T06:25:02.8783643Z hint:
2026-10-10T06:25:02.8784594Z hint: Disable this message with "git config set advice.defaultBranchName false"
2026-10-10T06:25:02.8786437Z Initialized empty Git repository in /home/runner/work/Bot-AI-Ban-hang-FB/Bot-AI-Ban-hang-FB/.git/
2026-10-10T06:25:02.8789365Z [command]/usr/bin/git remote add origin https://github.com/LonelyTraderBay/Bot-AI-Ban-hang-FB
2026-10-10T06:25:02.8868355Z ##[endgroup]
2026-10-10T06:25:02.8869490Z ##[group]Disabling automatic garbage collection
2026-10-10T06:25:02.8870732Z [command]/usr/bin/git config --local gc.auto 0
2026-10-10T06:25:02.8965227Z ##[endgroup]
2026-10-10T06:25:02.8966589Z ##[group]Setting up auth
2026-10-10T06:25:02.8967395Z Removing SSH command configuration
2026-10-10T06:25:02.8969319Z [command]/usr/bin/git config --local --name-only --get-regexp core\.sshCommand
2026-10-10T06:25:02.9000060Z [command]/usr/bin/git submodule foreach --recursive sh -c "git config --local --name-only --get-regexp 'core\.sshCommand' && git config --local --unset-all 'core.sshCommand' || :"
2026-10-10T06:25:02.9358910Z Removing HTTP extra header
2026-10-10T06:25:02.9363721Z [command]/usr/bin/git config --local --name-only --get-regexp http\.https\:\/\/github\.com\/\.extraheader
2026-10-10T06:25:02.9393328Z [command]/usr/bin/git submodule foreach --recursive sh -c "git config --local --name-only --get-regexp 'http\.https\:\/\/github\.com\/\.extraheader' && git config --local --unset-all 'http.https://github.com/.extraheader' || :"
2026-10-10T06:25:02.9578556Z Removing includeIf entries pointing to credentials config files
2026-10-10T06:25:02.9581842Z [command]/usr/bin/git config --local --name-only --get-regexp ^includeIf\.gitdir:
2026-10-10T06:25:02.9610968Z [command]/usr/bin/git submodule foreach --recursive git config --local --show-origin --name-only --get-regexp remote.origin.url
2026-10-10T06:25:02.9830138Z [command]/usr/bin/git config --file /home/runner/work/_temp/git-credentials-2469dabc-1d01-49dd-ba99-138fb79632f0.config http.https://github.com/.extraheader AUTHORIZATION: basic ***
2026-10-10T06:25:02.9951116Z [command]/usr/bin/git config --local includeIf.gitdir:/home/runner/work/Bot-AI-Ban-hang-FB/Bot-AI-Ban-hang-FB/.git.path /home/runner/work/_temp/git-credentials-2469dabc-1d01-49dd-ba99-138fb79632f0.config
2026-10-10T06:25:03.0065097Z [command]/usr/bin/git config --local includeIf.gitdir:/home/runner/work/Bot-AI-Ban-hang-FB/Bot-AI-Ban-hang-FB/.git/worktrees/*.path /home/runner/work/_temp/git-credentials-2469dabc-1d01-49dd-ba99-138fb79632f0.config
2026-10-10T06:25:03.0267152Z [command]/usr/bin/git config --local includeIf.gitdir:/github/workspace/.git.path /github/runner_temp/git-credentials-2469dabc-1d01-49dd-ba99-138fb79632f0.config
2026-10-10T06:25:03.0425098Z [command]/usr/bin/git config --local includeIf.gitdir:/github/workspace/.git/worktrees/*.path /github/runner_temp/git-credentials-2469dabc-1d01-49dd-ba99-138fb79632f0.config
2026-10-10T06:25:03.0567065Z ##[endgroup]
2026-10-10T06:25:03.0568473Z ##[group]Fetching the repository
2026-10-10T06:25:03.0572677Z [command]/usr/bin/git -c protocol.version=2 fetch --no-tags --prune --no-recurse-submodules --depth=1 origin +66077b4c02e3b1a00894dd16af10744ad0f1ab54:refs/remotes/origin/main
2026-10-10T06:25:17.1509017Z From https://github.com/LonelyTraderBay/Bot-AI-Ban-hang-FB
2026-10-10T06:25:17.1509614Z  * [new ref]         66077b4c02e3b1a00894dd16af10744ad0f1ab54 -> origin/main
2026-10-10T06:25:17.1521115Z [command]/usr/bin/git branch --list --remote origin/main
2026-10-10T06:25:17.1547051Z   origin/main
2026-10-10T06:25:17.1553328Z [command]/usr/bin/git rev-parse refs/remotes/origin/main
2026-10-10T06:25:17.1577003Z 66077b4c02e3b1a00894dd16af10744ad0f1ab54
2026-10-10T06:25:17.1580271Z ##[endgroup]
2026-10-10T06:25:17.1580815Z ##[group]Determining the checkout info
2026-10-10T06:25:17.1581440Z ##[endgroup]
2026-10-10T06:25:17.1584606Z [command]/usr/bin/git sparse-checkout disable
2026-10-10T06:25:17.1720029Z [command]/usr/bin/git config --local --unset-all extensions.worktreeConfig
2026-10-10T06:25:17.2333036Z ##[group]Checking out the ref
2026-10-10T06:25:17.2337845Z [command]/usr/bin/git checkout --progress --force -B main refs/remotes/origin/main
2026-10-10T06:25:18.3267844Z Updating files:  28% (5980/20818)
2026-10-10T06:25:18.3854725Z Updating files:  29% (6038/20818)
2026-10-10T06:25:18.4542294Z Updating files:  30% (6246/20818)
2026-10-10T06:25:18.5053706Z Updating files:  31% (6454/20818)
2026-10-10T06:25:18.5229480Z Updating files:  32% (6662/20818)
2026-10-10T06:25:18.5772521Z Updating files:  33% (6870/20818)
2026-10-10T06:25:18.6810824Z Updating files:  34% (7079/20818)
2026-10-10T06:25:18.7101271Z Updating files:  35% (7287/20818)
2026-10-10T06:25:18.7468573Z Updating files:  36% (7495/20818)
2026-10-10T06:25:18.7951375Z Updating files:  37% (7703/20818)
2026-10-10T06:25:18.8425578Z Updating files:  38% (7911/20818)
2026-10-10T06:25:18.8946147Z Updating files:  39% (8120/20818)
2026-10-10T06:25:18.9276683Z Updating files:  40% (8328/20818)
2026-10-10T06:25:18.9491606Z Updating files:  41% (8536/20818)
2026-10-10T06:25:18.9967057Z Updating files:  42% (8744/20818)
2026-10-10T06:25:19.0372213Z Updating files:  43% (8952/20818)
2026-10-10T06:25:19.0791513Z Updating files:  44% (9160/20818)
2026-10-10T06:25:19.1191304Z Updating files:  45% (9369/20818)
2026-10-10T06:25:19.1290627Z Updating files:  46% (9577/20818)
2026-10-10T06:25:19.1351080Z Updating files:  47% (9785/20818)
2026-10-10T06:25:19.1633913Z Updating files:  48% (9993/20818)
2026-10-10T06:25:19.1783707Z Updating files:  49% (10201/20818)
2026-10-10T06:25:19.2076745Z Updating files:  50% (10409/20818)
2026-10-10T06:25:19.2213650Z Updating files:  51% (10618/20818)
2026-10-10T06:25:19.2293327Z Updating files:  52% (10826/20818)
2026-10-10T06:25:19.2360190Z Updating files:  53% (11034/20818)
2026-10-10T06:25:19.2832087Z Updating files:  54% (11242/20818)
2026-10-10T06:25:19.2916043Z Updating files:  54% (11368/20818)
2026-10-10T06:25:19.3166383Z Updating files:  55% (11450/20818)
2026-10-10T06:25:19.3459940Z Updating files:  56% (11659/20818)
2026-10-10T06:25:19.3916987Z Updating files:  57% (11867/20818)
2026-10-10T06:25:19.4374539Z Updating files:  58% (12075/20818)
2026-10-10T06:25:19.4570834Z Updating files:  59% (12283/20818)
2026-10-10T06:25:19.6366926Z Updating files:  60% (12491/20818)
2026-10-10T06:25:19.7197927Z Updating files:  61% (12699/20818)
2026-10-10T06:25:19.7348252Z Updating files:  62% (12908/20818)
2026-10-10T06:25:19.7520733Z Updating files:  63% (13116/20818)
2026-10-10T06:25:19.7755643Z Updating files:  64% (13324/20818)
2026-10-10T06:25:19.8420589Z Updating files:  65% (13532/20818)
2026-10-10T06:25:19.8536377Z Updating files:  66% (13740/20818)
2026-10-10T06:25:19.8631766Z Updating files:  67% (13949/20818)
2026-10-10T06:25:19.8723441Z Updating files:  68% (14157/20818)
2026-10-10T06:25:19.8809194Z Updating files:  69% (14365/20818)
2026-10-10T06:25:19.8901198Z Updating files:  70% (14573/20818)
2026-10-10T06:25:19.9005262Z Updating files:  71% (14781/20818)
2026-10-10T06:25:19.9230082Z Updating files:  72% (14989/20818)
2026-10-10T06:25:19.9377005Z Updating files:  73% (15198/20818)
2026-10-10T06:25:19.9500577Z Updating files:  74% (15406/20818)
2026-10-10T06:25:19.9636385Z Updating files:  75% (15614/20818)
2026-10-10T06:25:19.9741187Z Updating files:  76% (15822/20818)
2026-10-10T06:25:19.9854318Z Updating files:  77% (16030/20818)
2026-10-10T06:25:19.9955947Z Updating files:  78% (16239/20818)
2026-10-10T06:25:20.0060444Z Updating files:  79% (16447/20818)
2026-10-10T06:25:20.0156009Z Updating files:  80% (16655/20818)
2026-10-10T06:25:20.0250020Z Updating files:  81% (16863/20818)
2026-10-10T06:25:20.0351010Z Updating files:  82% (17071/20818)
2026-10-10T06:25:20.0452564Z Updating files:  83% (17279/20818)
2026-10-10T06:25:20.0559357Z Updating files:  84% (17488/20818)
2026-10-10T06:25:20.0651166Z Updating files:  85% (17696/20818)
2026-10-10T06:25:20.0749802Z Updating files:  86% (17904/20818)
2026-10-10T06:25:20.0848894Z Updating files:  87% (18112/20818)
2026-10-10T06:25:20.0944086Z Updating files:  88% (18320/20818)
2026-10-10T06:25:20.1035028Z Updating files:  89% (18529/20818)
2026-10-10T06:25:20.1129920Z Updating files:  90% (18737/20818)
2026-10-10T06:25:20.1227226Z Updating files:  91% (18945/20818)
2026-10-10T06:25:20.1334432Z Updating files:  92% (19153/20818)
2026-10-10T06:25:20.1425270Z Updating files:  93% (19361/20818)
2026-10-10T06:25:20.1568176Z Updating files:  94% (19569/20818)
2026-10-10T06:25:20.1668760Z Updating files:  95% (19778/20818)
2026-10-10T06:25:20.1781264Z Updating files:  96% (19986/20818)
2026-10-10T06:25:20.2136807Z Updating files:  97% (20194/20818)
2026-10-10T06:25:20.2271245Z Updating files:  98% (20402/20818)
2026-10-10T06:25:20.2660539Z Updating files:  99% (20610/20818)
2026-10-10T06:25:20.2660936Z Updating files: 100% (20818/20818)
2026-10-10T06:25:20.2661334Z Updating files: 100% (20818/20818), done.
2026-10-10T06:25:20.3300905Z Switched to a new branch 'main'
2026-10-10T06:25:20.3301587Z branch 'main' set up to track 'origin/main'.
2026-10-10T06:25:20.3395828Z ##[endgroup]
2026-10-10T06:25:20.3436259Z [command]/usr/bin/git log -1 --format=%H
2026-10-10T06:25:20.3463941Z 66077b4c02e3b1a00894dd16af10744ad0f1ab54
2026-10-10T06:25:20.3786739Z ##[group]Run actions/setup-node@820762786026740c76f36085b0efc47a31fe5020
2026-10-10T06:25:20.3787028Z with:
2026-10-10T06:25:20.3787188Z   node-version: 24
2026-10-10T06:25:20.3787420Z   cache: npm
2026-10-10T06:25:20.3787719Z   cache-dependency-path: BotSalesAI_Frontend/package-lock.json
2026-10-10T06:25:20.3788023Z   check-latest: false
2026-10-10T06:25:20.3789780Z   token: ***
2026-10-10T06:25:20.3789959Z   package-manager-cache: true
2026-10-10T06:25:20.3790162Z ##[endgroup]
2026-10-10T06:25:20.5017136Z Found in cache @ /opt/hostedtoolcache/node/24.21.0/x64
2026-10-10T06:25:20.5019968Z ##[group]Environment details
2026-10-10T06:25:20.8552939Z node: v24.21.0
2026-10-10T06:25:20.8553568Z npm: 11.19.0
2026-10-10T06:25:20.8554030Z yarn: 1.22.22
2026-10-10T06:25:20.8555583Z ##[endgroup]
2026-10-10T06:25:20.8570664Z [command]/opt/hostedtoolcache/node/24.21.0/x64/bin/npm config get cache
2026-10-10T06:25:20.9563828Z /home/runner/.npm
2026-10-10T06:25:21.1714417Z npm cache is not found
2026-10-10T06:25:21.2682538Z ##[group]Run npm install --global npm@11.17.0
2026-10-10T06:25:21.2682908Z [36;1mnpm install --global npm@11.17.0[0m
2026-10-10T06:25:21.3997609Z shell: /usr/bin/bash -e {0}
2026-10-10T06:25:21.3997873Z ##[endgroup]
2026-10-10T06:25:25.1109861Z 
2026-10-10T06:25:25.1119095Z changed 19 packages in 4s
2026-10-10T06:25:25.1119375Z 
2026-10-10T06:25:25.1119649Z 15 packages are looking for funding
2026-10-10T06:25:25.1120023Z   run `npm fund` for details
2026-10-10T06:25:25.1546098Z ##[group]Run test -f package-lock.json || (echo 'Run npm install on an authorized online machine and commit the generated lockfile.' && exit 1)
2026-10-10T06:25:25.1547185Z [36;1mtest -f package-lock.json || (echo 'Run npm install on an authorized online machine and commit the generated lockfile.' && exit 1)[0m
2026-10-10T06:25:25.1605974Z shell: /usr/bin/bash -e {0}
2026-10-10T06:25:25.1606184Z ##[endgroup]
2026-10-10T06:25:25.3347338Z ##[group]Run npm ci
2026-10-10T06:25:25.3347660Z [36;1mnpm ci[0m
2026-10-10T06:25:25.3408845Z shell: /usr/bin/bash -e {0}
2026-10-10T06:25:25.3409061Z ##[endgroup]
2026-10-10T06:25:26.5055656Z npm warn deprecated whatwg-encoding@3.1.1: Use @exodus/bytes instead for a more spec-conformant and faster implementation
2026-10-10T06:25:30.0515537Z npm warn deprecated eslint@9.34.0: This version is no longer supported. Please see https://eslint.org/version-support for other options.
2026-10-10T06:25:35.5065260Z 
2026-10-10T06:25:35.5066115Z added 411 packages, and audited 413 packages in 10s
2026-10-10T06:25:35.5066480Z 
2026-10-10T06:25:35.5066696Z 86 packages are looking for funding
2026-10-10T06:25:35.5067198Z   run `npm fund` for details
2026-10-10T06:25:35.5075062Z 
2026-10-10T06:25:35.5075325Z found 0 vulnerabilities
2026-10-10T06:25:35.5084446Z npm warn allow-scripts 2 packages have install scripts not yet covered by allowScripts:
2026-10-10T06:25:35.5085352Z npm warn allow-scripts   esbuild@0.28.2 (postinstall: node install.js)
2026-10-10T06:25:35.5085995Z npm warn allow-scripts   msw@2.11.1 (postinstall: node -e "import('./config/scripts/postinstall.js').catch(() => void 0)")
2026-10-10T06:25:35.5086542Z npm warn allow-scripts
2026-10-10T06:25:35.5087345Z npm warn allow-scripts Run `npm approve-scripts --allow-scripts-pending` to review, or `npm approve-scripts <pkg>` to allow.
2026-10-10T06:25:35.5441922Z ##[group]Run npm audit --audit-level=low
2026-10-10T06:25:35.5442206Z [36;1mnpm audit --audit-level=low[0m
2026-10-10T06:25:35.5499614Z shell: /usr/bin/bash -e {0}
2026-10-10T06:25:35.5499835Z ##[endgroup]
2026-10-10T06:25:35.9311736Z found 0 vulnerabilities
2026-10-10T06:25:35.9412221Z ##[group]Run npm run setup
2026-10-10T06:25:35.9412450Z [36;1mnpm run setup[0m
2026-10-10T06:25:35.9469184Z shell: /usr/bin/bash -e {0}
2026-10-10T06:25:35.9469417Z ##[endgroup]
2026-10-10T06:25:36.0313646Z 
2026-10-10T06:25:36.0314388Z > botsales-frontend@0.1.0 setup
2026-10-10T06:25:36.0315121Z > node scripts/setup.mjs
2026-10-10T06:25:36.0315424Z 
2026-10-10T06:25:36.1970170Z {"status":"PASS","outputs":15,"schemas":346,"operations":245,"routes":61}
2026-10-10T06:25:36.2735523Z Copying the worker script at "/home/runner/work/Bot-AI-Ban-hang-FB/Bot-AI-Ban-hang-FB/BotSalesAI_Frontend/apps/web/public"...
2026-10-10T06:25:36.2767081Z 
2026-10-10T06:25:36.2767691Z [32mWorker script successfully copied![39m
2026-10-10T06:25:36.2768093Z [90m  - public
2026-10-10T06:25:36.2768302Z [39m
2026-10-10T06:25:36.2768574Z Continue by describing the network in your application:
2026-10-10T06:25:36.2768770Z 
2026-10-10T06:25:36.2768775Z 
2026-10-10T06:25:36.2769080Z [31m[1mhttps://mswjs.io/docs/quick-start[22m[39m
2026-10-10T06:25:36.2769279Z 
2026-10-10T06:25:36.2821485Z Thiết lập xong. npm run dev chạy frontend mô phỏng; không kết nối khách hàng hoặc provider thật.
2026-10-10T06:25:36.2956198Z ##[group]Run npx playwright install --with-deps chromium firefox
2026-10-10T06:25:36.2956605Z [36;1mnpx playwright install --with-deps chromium firefox[0m
2026-10-10T06:25:36.3013630Z shell: /usr/bin/bash -e {0}
2026-10-10T06:25:36.3013842Z ##[endgroup]
2026-10-10T06:25:36.8593965Z Installing dependencies...
2026-10-10T06:25:36.8661548Z Switching to root user to install dependencies...
2026-10-10T06:25:36.9445888Z Get:1 file:/etc/apt/apt-mirrors.txt Mirrorlist [144 B]
2026-10-10T06:25:36.9727404Z Hit:2 http://azure.archive.ubuntu.com/ubuntu noble InRelease
2026-10-10T06:25:36.9742875Z Get:3 http://azure.archive.ubuntu.com/ubuntu noble-updates InRelease [126 kB]
2026-10-10T06:25:36.9785908Z Get:4 http://azure.archive.ubuntu.com/ubuntu noble-backports InRelease [126 kB]
2026-10-10T06:25:36.9797577Z Get:5 http://azure.archive.ubuntu.com/ubuntu noble-security InRelease [126 kB]
2026-10-10T06:25:36.9846736Z Get:6 https://packages.microsoft.com/ubuntu/24.04/prod noble InRelease [3600 B]
2026-10-10T06:25:37.0840080Z Get:7 http://azure.archive.ubuntu.com/ubuntu noble-updates/main amd64 Packages [1375 kB]
2026-10-10T06:25:37.0986152Z Get:8 http://azure.archive.ubuntu.com/ubuntu noble-updates/main Translation-en [306 kB]
2026-10-10T06:25:37.0995679Z Get:9 http://azure.archive.ubuntu.com/ubuntu noble-updates/universe amd64 Packages [1702 kB]
2026-10-10T06:25:37.1073864Z Get:10 http://azure.archive.ubuntu.com/ubuntu noble-updates/universe Translation-en [342 kB]
2026-10-10T06:25:37.1095942Z Get:11 http://azure.archive.ubuntu.com/ubuntu noble-updates/restricted amd64 Packages [1761 kB]
2026-10-10T06:25:37.1178671Z Get:12 http://azure.archive.ubuntu.com/ubuntu noble-updates/restricted Translation-en [401 kB]
2026-10-10T06:25:37.1201581Z Get:13 http://azure.archive.ubuntu.com/ubuntu noble-updates/multiverse amd64 Packages [55.0 kB]
2026-10-10T06:25:37.1209765Z Get:14 http://azure.archive.ubuntu.com/ubuntu noble-updates/multiverse Translation-en [14.3 kB]
2026-10-10T06:25:37.1761733Z Get:15 http://azure.archive.ubuntu.com/ubuntu noble-security/main amd64 Packages [1121 kB]
2026-10-10T06:25:37.1826427Z Get:16 http://azure.archive.ubuntu.com/ubuntu noble-security/main Translation-en [228 kB]
2026-10-10T06:25:37.2131611Z Get:23 https://packages.microsoft.com/ubuntu/24.04/prod noble/main all Packages [640 B]
2026-10-10T06:25:37.2154533Z Get:24 https://packages.microsoft.com/ubuntu/24.04/prod noble/main amd64 Packages [548 kB]
2026-10-10T06:25:37.2213763Z Get:25 https://packages.microsoft.com/ubuntu/24.04/prod noble/main armhf Packages [12.3 kB]
2026-10-10T06:25:37.2234549Z Get:26 https://packages.microsoft.com/ubuntu/24.04/prod noble/main arm64 Packages [492 kB]
2026-10-10T06:25:37.2359052Z Get:17 http://azure.archive.ubuntu.com/ubuntu noble-security/universe amd64 Packages [1220 kB]
2026-10-10T06:25:37.2425898Z Get:18 http://azure.archive.ubuntu.com/ubuntu noble-security/universe Translation-en [245 kB]
2026-10-10T06:25:37.2431841Z Get:19 http://azure.archive.ubuntu.com/ubuntu noble-security/restricted amd64 Packages [1669 kB]
2026-10-10T06:25:37.2506494Z Get:20 http://azure.archive.ubuntu.com/ubuntu noble-security/restricted Translation-en [383 kB]
2026-10-10T06:25:37.2526858Z Get:21 http://azure.archive.ubuntu.com/ubuntu noble-security/multiverse amd64 Packages [49.8 kB]
2026-10-10T06:25:37.2533169Z Get:22 http://azure.archive.ubuntu.com/ubuntu noble-security/multiverse Translation-en [12.4 kB]
2026-10-10T06:25:43.3853232Z Fetched 12.3 MB in 1s (11.9 MB/s)
2026-10-10T06:25:44.0293129Z Reading package lists...
2026-10-10T06:25:44.0493883Z Reading package lists...
2026-10-10T06:25:44.2062132Z Building dependency tree...
2026-10-10T06:25:44.2069505Z Reading state information...
2026-10-10T06:25:44.3319271Z libasound2t64 is already the newest version (1.2.11-1ubuntu0.3).
2026-10-10T06:25:44.3319803Z libasound2t64 set to manually installed.
2026-10-10T06:25:44.3320238Z libatk-bridge2.0-0t64 is already the newest version (2.52.0-1build1).
2026-10-10T06:25:44.3321131Z libatk-bridge2.0-0t64 set to manually installed.
2026-10-10T06:25:44.3321568Z libatk1.0-0t64 is already the newest version (2.52.0-1build1).
2026-10-10T06:25:44.3321885Z libatk1.0-0t64 set to manually installed.
2026-10-10T06:25:44.3322217Z libatspi2.0-0t64 is already the newest version (2.52.0-1build1).
2026-10-10T06:25:44.3322543Z libatspi2.0-0t64 set to manually installed.
2026-10-10T06:25:44.3322855Z libcairo2 is already the newest version (1.18.0-3build1).
2026-10-10T06:25:44.3323152Z libcairo2 set to manually installed.
2026-10-10T06:25:44.3323482Z libcups2t64 is already the newest version (2.4.7-1.2ubuntu7.14).
2026-10-10T06:25:44.3323794Z libcups2t64 set to manually installed.
2026-10-10T06:25:44.3324111Z libdbus-1-3 is already the newest version (1.14.10-4ubuntu4.1).
2026-10-10T06:25:44.3324414Z libdbus-1-3 set to manually installed.
2026-10-10T06:25:44.3325032Z libdrm2 is already the newest version (2.4.125-1ubuntu0.1~24.04.2).
2026-10-10T06:25:44.3325484Z libdrm2 set to manually installed.
2026-10-10T06:25:44.3325911Z libgbm1 is already the newest version (25.2.8-0ubuntu0.24.04.4).
2026-10-10T06:25:44.3326387Z libgbm1 set to manually installed.
2026-10-10T06:25:44.3326704Z libglib2.0-0t64 is already the newest version (2.80.0-6ubuntu3.9).
2026-10-10T06:25:44.3327048Z libglib2.0-0t64 set to manually installed.
2026-10-10T06:25:44.3327379Z libnspr4 is already the newest version (2:4.35-1.1build1).
2026-10-10T06:25:44.3327676Z libnspr4 set to manually installed.
2026-10-10T06:25:44.3327971Z libnss3 is already the newest version (2:3.98-1ubuntu0.2).
2026-10-10T06:25:44.3328251Z libnss3 set to manually installed.
2026-10-10T06:25:44.3328567Z libpango-1.0-0 is already the newest version (1.52.1+ds-1build1).
2026-10-10T06:25:44.3328882Z libpango-1.0-0 set to manually installed.
2026-10-10T06:25:44.3329213Z libx11-6 is already the newest version (2:1.8.7-1build1).
2026-10-10T06:25:44.3329496Z libx11-6 set to manually installed.
2026-10-10T06:25:44.3329773Z libxcb1 is already the newest version (1.15-1ubuntu2).
2026-10-10T06:25:44.3330055Z libxcb1 set to manually installed.
2026-10-10T06:25:44.3330374Z libxcomposite1 is already the newest version (1:0.4.5-1build3).
2026-10-10T06:25:44.3330696Z libxcomposite1 set to manually installed.
2026-10-10T06:25:44.3331035Z libxdamage1 is already the newest version (1:1.1.6-1build1).
2026-10-10T06:25:44.3331340Z libxdamage1 set to manually installed.
2026-10-10T06:25:44.3331643Z libxext6 is already the newest version (2:1.3.4-1build2).
2026-10-10T06:25:44.3331929Z libxext6 set to manually installed.
2026-10-10T06:25:44.3332230Z libxfixes3 is already the newest version (1:6.0.0-2build1).
2026-10-10T06:25:44.3332526Z libxfixes3 set to manually installed.
2026-10-10T06:25:44.3332842Z libxkbcommon0 is already the newest version (1.6.0-1build1).
2026-10-10T06:25:44.3333150Z libxkbcommon0 set to manually installed.
2026-10-10T06:25:44.3333461Z libxrandr2 is already the newest version (2:1.5.2-2build1).
2026-10-10T06:25:44.3333745Z libxrandr2 set to manually installed.
2026-10-10T06:25:44.3334048Z xvfb is already the newest version (2:21.1.12-1ubuntu1.8).
2026-10-10T06:25:44.3334464Z fonts-noto-color-emoji is already the newest version (2.047-0ubuntu0.24.04.1).
2026-10-10T06:25:44.3335139Z libfontconfig1 is already the newest version (2.15.0-1.1ubuntu2).
2026-10-10T06:25:44.3335654Z libfontconfig1 set to manually installed.
2026-10-10T06:25:44.3336173Z fonts-liberation is already the newest version (1:2.1.5-3).
2026-10-10T06:25:44.3336511Z fonts-liberation set to manually installed.
2026-10-10T06:25:44.3336857Z libcairo-gobject2 is already the newest version (1.18.0-3build1).
2026-10-10T06:25:44.3337194Z libcairo-gobject2 set to manually installed.
2026-10-10T06:25:44.3337568Z libgdk-pixbuf-2.0-0 is already the newest version (2.42.10+dfsg-3ubuntu3.3).
2026-10-10T06:25:44.3337929Z libgdk-pixbuf-2.0-0 set to manually installed.
2026-10-10T06:25:44.3338275Z libgtk-3-0t64 is already the newest version (3.24.41-4ubuntu1.3).
2026-10-10T06:25:44.3338588Z libgtk-3-0t64 set to manually installed.
2026-10-10T06:25:44.3339075Z libpangocairo-1.0-0 is already the newest version (1.52.1+ds-1build1).
2026-10-10T06:25:44.3339463Z libpangocairo-1.0-0 set to manually installed.
2026-10-10T06:25:44.3339807Z libx11-xcb1 is already the newest version (2:1.8.7-1build1).
2026-10-10T06:25:44.3340109Z libx11-xcb1 set to manually installed.
2026-10-10T06:25:44.3340409Z libxcb-shm0 is already the newest version (1.15-1ubuntu2).
2026-10-10T06:25:44.3340698Z libxcb-shm0 set to manually installed.
2026-10-10T06:25:44.3341003Z libxcursor1 is already the newest version (1:1.2.1-1build1).
2026-10-10T06:25:44.3341306Z libxcursor1 set to manually installed.
2026-10-10T06:25:44.3341591Z libxi6 is already the newest version (2:1.8.1-1build1).
2026-10-10T06:25:44.3341937Z libxi6 set to manually installed.
2026-10-10T06:25:44.3342322Z libxrender1 is already the newest version (1:0.9.10-1.1build1).
2026-10-10T06:25:44.3342642Z libxrender1 set to manually installed.
2026-10-10T06:25:44.3342941Z The following additional packages will be installed:
2026-10-10T06:25:44.3343334Z   libavutil58 libcodec2-1.2 libdav1d7 libgsm1 libhwy1t64 libjxl0.7 libmp3lame0
2026-10-10T06:25:44.3343897Z   libopus0 librav1e0 librsvg2-2 libshine3 libsoxr0 libspeex1 libsvtav1enc1d1
2026-10-10T06:25:44.3344312Z   libswresample4 libtheora0 libtwolame0 libva-drm2 libva-x11-2 libva2
2026-10-10T06:25:44.3344737Z   libvdpau1 libvorbisenc2 libvpl2 libvpx9 libx264-164 libx265-199 libxvidcore4
2026-10-10T06:25:44.3347100Z   libzvbi-common libzvbi0t64 ocl-icd-libopencl1 xfonts-encodings xfonts-utils
2026-10-10T06:25:44.3347431Z Suggested packages:
2026-10-10T06:25:44.3347728Z   libcuda1 libnvcuvid1 libnvidia-encode1 opus-tools librsvg2-bin speex
2026-10-10T06:25:44.3348033Z   opencl-icd
2026-10-10T06:25:44.3348235Z Recommended packages:
2026-10-10T06:25:44.3348538Z   fonts-ipafont-mincho fonts-tlwg-loma librsvg2-common va-driver-all
2026-10-10T06:25:44.3348882Z   | va-driver vdpau-driver-all | vdpau-driver
2026-10-10T06:25:44.3577908Z The following NEW packages will be installed:
2026-10-10T06:25:44.3578359Z   fonts-freefont-ttf fonts-ipafont-gothic fonts-tlwg-loma-otf fonts-unifont
2026-10-10T06:25:44.3578954Z   fonts-wqy-zenhei libavcodec60 libavutil58 libcodec2-1.2 libdav1d7 libgsm1
2026-10-10T06:25:44.3580812Z   libhwy1t64 libjxl0.7 libmp3lame0 libopus0 librav1e0 librsvg2-2 libshine3
2026-10-10T06:25:44.3581228Z   libsoxr0 libspeex1 libsvtav1enc1d1 libswresample4 libtheora0 libtwolame0
2026-10-10T06:25:44.3581745Z   libva-drm2 libva-x11-2 libva2 libvdpau1 libvorbisenc2 libvpl2 libvpx9
2026-10-10T06:25:44.3582172Z   libx264-164 libx265-199 libxvidcore4 libzvbi-common libzvbi0t64
2026-10-10T06:25:44.3582922Z   ocl-icd-libopencl1 xfonts-cyrillic xfonts-encodings xfonts-scalable
2026-10-10T06:25:44.3583222Z   xfonts-utils
2026-10-10T06:25:44.3586271Z The following packages will be upgraded:
2026-10-10T06:25:44.3589814Z   libfreetype6
2026-10-10T06:25:44.3738422Z 1 upgraded, 40 newly installed, 0 to remove and 22 not upgraded.
2026-10-10T06:25:44.3738799Z Need to get 49.2 MB of archives.
2026-10-10T06:25:44.3739216Z After this operation, 168 MB of additional disk space will be used.
2026-10-10T06:25:44.3739831Z Get:1 file:/etc/apt/apt-mirrors.txt Mirrorlist [144 B]
2026-10-10T06:25:44.4532585Z Get:2 http://azure.archive.ubuntu.com/ubuntu noble/universe amd64 fonts-ipafont-gothic all 00303-21ubuntu1 [3513 kB]
2026-10-10T06:25:44.5872540Z Get:3 http://azure.archive.ubuntu.com/ubuntu noble/main amd64 fonts-freefont-ttf all 20211204+svn4273-2 [5641 kB]
2026-10-10T06:25:44.7332344Z Get:4 http://azure.archive.ubuntu.com/ubuntu noble/universe amd64 fonts-tlwg-loma-otf all 1:0.7.3-1 [107 kB]
2026-10-10T06:25:44.7980150Z Get:5 http://azure.archive.ubuntu.com/ubuntu noble/universe amd64 fonts-unifont all 1:15.1.01-1build1 [2993 kB]
2026-10-10T06:25:44.8832187Z Get:6 http://azure.archive.ubuntu.com/ubuntu noble/universe amd64 fonts-wqy-zenhei all 0.9.45-8 [7472 kB]
2026-10-10T06:25:45.0846188Z Get:7 http://azure.archive.ubuntu.com/ubuntu noble-updates/universe amd64 libva2 amd64 2.20.0-2ubuntu0.2 [66.4 kB]
2026-10-10T06:25:45.1512708Z Get:8 http://azure.archive.ubuntu.com/ubuntu noble-updates/universe amd64 libva-drm2 amd64 2.20.0-2ubuntu0.2 [7124 B]
2026-10-10T06:25:45.2156121Z Get:9 http://azure.archive.ubuntu.com/ubuntu noble-updates/universe amd64 libva-x11-2 amd64 2.20.0-2ubuntu0.2 [12.0 kB]
2026-10-10T06:25:45.2798282Z Get:10 http://azure.archive.ubuntu.com/ubuntu noble/main amd64 libvdpau1 amd64 1.5-2build1 [27.8 kB]
2026-10-10T06:25:45.3441991Z Get:11 http://azure.archive.ubuntu.com/ubuntu noble/universe amd64 libvpl2 amd64 2023.3.0-1build1 [99.8 kB]
2026-10-10T06:25:45.4107001Z Get:12 http://azure.archive.ubuntu.com/ubuntu noble/universe amd64 ocl-icd-libopencl1 amd64 2.3.2-1build1 [38.5 kB]
2026-10-10T06:25:45.4777235Z Get:13 http://azure.archive.ubuntu.com/ubuntu noble/universe amd64 libavutil58 amd64 7:6.1.1-3ubuntu5 [401 kB]
2026-10-10T06:25:45.5492951Z Get:14 http://azure.archive.ubuntu.com/ubuntu noble/universe amd64 libcodec2-1.2 amd64 1.2.0-2build1 [8998 kB]
2026-10-10T06:25:45.7995205Z Get:15 http://azure.archive.ubuntu.com/ubuntu noble/universe amd64 libdav1d7 amd64 1.4.1-1build1 [604 kB]
2026-10-10T06:25:45.8754003Z Get:16 http://azure.archive.ubuntu.com/ubuntu noble/universe amd64 libgsm1 amd64 1.0.22-1build1 [27.8 kB]
2026-10-10T06:25:45.9397602Z Get:17 http://azure.archive.ubuntu.com/ubuntu noble/universe amd64 libhwy1t64 amd64 1.0.7-8.1build1 [584 kB]
2026-10-10T06:25:46.0154520Z Get:18 http://azure.archive.ubuntu.com/ubuntu noble-updates/universe amd64 libjxl0.7 amd64 0.7.0-10.2ubuntu6.1 [1001 kB]
2026-10-10T06:25:46.0995774Z Get:19 http://azure.archive.ubuntu.com/ubuntu noble/main amd64 libmp3lame0 amd64 3.100-6build1 [142 kB]
2026-10-10T06:25:46.1657455Z Get:20 http://azure.archive.ubuntu.com/ubuntu noble/main amd64 libopus0 amd64 1.4-1build1 [208 kB]
2026-10-10T06:25:46.2331306Z Get:21 http://azure.archive.ubuntu.com/ubuntu noble/universe amd64 librav1e0 amd64 0.7.1-2 [1022 kB]
2026-10-10T06:25:46.3176338Z Get:22 http://azure.archive.ubuntu.com/ubuntu noble-updates/main amd64 librsvg2-2 amd64 2.58.0+dfsg-1ubuntu0.1 [2141 kB]
2026-10-10T06:25:46.4249058Z Get:23 http://azure.archive.ubuntu.com/ubuntu noble/universe amd64 libshine3 amd64 3.1.1-2build1 [23.2 kB]
2026-10-10T06:25:46.4894235Z Get:24 http://azure.archive.ubuntu.com/ubuntu noble-updates/main amd64 libspeex1 amd64 1.2.1-2ubuntu2.24.04.1 [59.6 kB]
2026-10-10T06:25:46.5544097Z Get:25 http://azure.archive.ubuntu.com/ubuntu noble/universe amd64 libsvtav1enc1d1 amd64 1.7.0+dfsg-2build1 [2425 kB]
2026-10-10T06:25:46.6672925Z Get:26 http://azure.archive.ubuntu.com/ubuntu noble/universe amd64 libsoxr0 amd64 0.1.3-4build3 [80.0 kB]
2026-10-10T06:25:46.8129160Z Get:27 http://azure.archive.ubuntu.com/ubuntu noble/universe amd64 libswresample4 amd64 7:6.1.1-3ubuntu5 [63.8 kB]
2026-10-10T06:25:46.9227445Z Get:28 http://azure.archive.ubuntu.com/ubuntu noble/main amd64 libtheora0 amd64 1.1.1+dfsg.1-16.1build3 [211 kB]
2026-10-10T06:25:47.0424603Z Get:29 http://azure.archive.ubuntu.com/ubuntu noble/main amd64 libtwolame0 amd64 0.4.0-2build3 [52.3 kB]
2026-10-10T06:25:47.1543086Z Get:30 http://azure.archive.ubuntu.com/ubuntu noble/main amd64 libvorbisenc2 amd64 1.3.7-1build3 [80.8 kB]
2026-10-10T06:25:47.2736577Z Get:31 http://azure.archive.ubuntu.com/ubuntu noble-updates/main amd64 libvpx9 amd64 1.14.0-1ubuntu2.3 [1143 kB]
2026-10-10T06:25:47.3879835Z Get:32 http://azure.archive.ubuntu.com/ubuntu noble/universe amd64 libx264-164 amd64 2:0.164.3108+git31e19f9-1 [604 kB]
2026-10-10T06:25:47.4729136Z Get:33 http://azure.archive.ubuntu.com/ubuntu noble/universe amd64 libx265-199 amd64 3.5-2build1 [1226 kB]
2026-10-10T06:25:47.5527533Z Get:34 http://azure.archive.ubuntu.com/ubuntu noble/universe amd64 libxvidcore4 amd64 2:1.3.7-1build1 [219 kB]
2026-10-10T06:25:47.6230700Z Get:35 http://azure.archive.ubuntu.com/ubuntu noble/universe amd64 libzvbi-common all 0.2.42-2 [42.4 kB]
2026-10-10T06:25:47.7647658Z Get:36 http://azure.archive.ubuntu.com/ubuntu noble/universe amd64 libzvbi0t64 amd64 0.2.42-2 [261 kB]
2026-10-10T06:25:48.1125603Z Get:37 http://azure.archive.ubuntu.com/ubuntu noble/universe amd64 libavcodec60 amd64 7:6.1.1-3ubuntu5 [5851 kB]
2026-10-10T06:25:48.5440339Z Get:38 http://azure.archive.ubuntu.com/ubuntu noble-updates/main amd64 libfreetype6 amd64 2.13.2+dfsg-1ubuntu0.2 [403 kB]
2026-10-10T06:25:48.6136200Z Get:39 http://azure.archive.ubuntu.com/ubuntu noble/main amd64 xfonts-encodings all 1:1.0.5-0ubuntu2 [578 kB]
2026-10-10T06:25:48.6952167Z Get:40 http://azure.archive.ubuntu.com/ubuntu noble/main amd64 xfonts-utils amd64 1:7.7+6build3 [94.4 kB]
2026-10-10T06:25:48.7845802Z Get:41 http://azure.archive.ubuntu.com/ubuntu noble/universe amd64 xfonts-cyrillic all 1:1.0.5+nmu1 [384 kB]
2026-10-10T06:25:48.9137962Z Get:42 http://azure.archive.ubuntu.com/ubuntu noble/main amd64 xfonts-scalable all 1:1.0.3-1.3 [304 kB]
2026-10-10T06:25:49.2131980Z Fetched 49.2 MB in 5s (10.8 MB/s)
2026-10-10T06:25:49.2625805Z Selecting previously unselected package fonts-ipafont-gothic.
2026-10-10T06:25:49.2865146Z (Reading database ... 
2026-10-10T06:25:49.2865888Z (Reading database ... 5%
2026-10-10T06:25:49.2866413Z (Reading database ... 10%
2026-10-10T06:25:49.2866635Z (Reading database ... 15%
2026-10-10T06:25:49.2866829Z (Reading database ... 20%
2026-10-10T06:25:49.2867019Z (Reading database ... 25%
2026-10-10T06:25:49.2867227Z (Reading database ... 30%
2026-10-10T06:25:49.2867418Z (Reading database ... 35%
2026-10-10T06:25:49.2867602Z (Reading database ... 40%
2026-10-10T06:25:49.2867793Z (Reading database ... 45%
2026-10-10T06:25:49.2867984Z (Reading database ... 50%
2026-10-10T06:25:49.2911905Z (Reading database ... 55%
2026-10-10T06:25:49.3724961Z (Reading database ... 60%
2026-10-10T06:25:49.5628885Z (Reading database ... 65%
2026-10-10T06:25:49.7682070Z (Reading database ... 70%
2026-10-10T06:25:49.9697738Z (Reading database ... 75%
2026-10-10T06:25:50.0769486Z (Reading database ... 80%
2026-10-10T06:25:50.1936993Z (Reading database ... 85%
2026-10-10T06:25:50.3216677Z (Reading database ... 90%
2026-10-10T06:25:50.4638866Z (Reading database ... 95%
2026-10-10T06:25:50.4639342Z (Reading database ... 100%
2026-10-10T06:25:50.4639716Z (Reading database ... 203191 files and directories currently installed.)
2026-10-10T06:25:50.4681307Z Preparing to unpack .../00-fonts-ipafont-gothic_00303-21ubuntu1_all.deb ...
2026-10-10T06:25:50.5382855Z Unpacking fonts-ipafont-gothic (00303-21ubuntu1) ...
2026-10-10T06:25:50.8530590Z Selecting previously unselected package fonts-freefont-ttf.
2026-10-10T06:25:50.8657722Z Preparing to unpack .../01-fonts-freefont-ttf_20211204+svn4273-2_all.deb ...
2026-10-10T06:25:50.8838801Z Unpacking fonts-freefont-ttf (20211204+svn4273-2) ...
2026-10-10T06:25:51.0943142Z Selecting previously unselected package fonts-tlwg-loma-otf.
2026-10-10T06:25:51.1064526Z Preparing to unpack .../02-fonts-tlwg-loma-otf_1%3a0.7.3-1_all.deb ...
2026-10-10T06:25:51.1246413Z Unpacking fonts-tlwg-loma-otf (1:0.7.3-1) ...
2026-10-10T06:25:51.1838330Z Selecting previously unselected package fonts-unifont.
2026-10-10T06:25:51.1967558Z Preparing to unpack .../03-fonts-unifont_1%3a15.1.01-1build1_all.deb ...
2026-10-10T06:25:51.2046794Z Unpacking fonts-unifont (1:15.1.01-1build1) ...
2026-10-10T06:25:51.4557507Z Selecting previously unselected package fonts-wqy-zenhei.
2026-10-10T06:25:51.4669945Z Preparing to unpack .../04-fonts-wqy-zenhei_0.9.45-8_all.deb ...
2026-10-10T06:25:51.4811237Z Unpacking fonts-wqy-zenhei (0.9.45-8) ...
2026-10-10T06:25:52.0135798Z Selecting previously unselected package libva2:amd64.
2026-10-10T06:25:52.0269682Z Preparing to unpack .../05-libva2_2.20.0-2ubuntu0.2_amd64.deb ...
2026-10-10T06:25:52.0343147Z Unpacking libva2:amd64 (2.20.0-2ubuntu0.2) ...
2026-10-10T06:25:52.0658895Z Selecting previously unselected package libva-drm2:amd64.
2026-10-10T06:25:52.0767429Z Preparing to unpack .../06-libva-drm2_2.20.0-2ubuntu0.2_amd64.deb ...
2026-10-10T06:25:52.0833553Z Unpacking libva-drm2:amd64 (2.20.0-2ubuntu0.2) ...
2026-10-10T06:25:52.1162630Z Selecting previously unselected package libva-x11-2:amd64.
2026-10-10T06:25:52.1291048Z Preparing to unpack .../07-libva-x11-2_2.20.0-2ubuntu0.2_amd64.deb ...
2026-10-10T06:25:52.1355640Z Unpacking libva-x11-2:amd64 (2.20.0-2ubuntu0.2) ...
2026-10-10T06:25:52.1659499Z Selecting previously unselected package libvdpau1:amd64.
2026-10-10T06:25:52.1783467Z Preparing to unpack .../08-libvdpau1_1.5-2build1_amd64.deb ...
2026-10-10T06:25:52.1849289Z Unpacking libvdpau1:amd64 (1.5-2build1) ...
2026-10-10T06:25:52.2357892Z Selecting previously unselected package libvpl2.
2026-10-10T06:25:52.2466035Z Preparing to unpack .../09-libvpl2_2023.3.0-1build1_amd64.deb ...
2026-10-10T06:25:52.2473347Z Unpacking libvpl2 (2023.3.0-1build1) ...
2026-10-10T06:25:52.2859948Z Selecting previously unselected package ocl-icd-libopencl1:amd64.
2026-10-10T06:25:52.2968892Z Preparing to unpack .../10-ocl-icd-libopencl1_2.3.2-1build1_amd64.deb ...
2026-10-10T06:25:52.3034317Z Unpacking ocl-icd-libopencl1:amd64 (2.3.2-1build1) ...
2026-10-10T06:25:52.3460610Z Selecting previously unselected package libavutil58:amd64.
2026-10-10T06:25:52.3576281Z Preparing to unpack .../11-libavutil58_7%3a6.1.1-3ubuntu5_amd64.deb ...
2026-10-10T06:25:52.3640574Z Unpacking libavutil58:amd64 (7:6.1.1-3ubuntu5) ...
2026-10-10T06:25:52.4255913Z Selecting previously unselected package libcodec2-1.2:amd64.
2026-10-10T06:25:52.4372803Z Preparing to unpack .../12-libcodec2-1.2_1.2.0-2build1_amd64.deb ...
2026-10-10T06:25:52.4445323Z Unpacking libcodec2-1.2:amd64 (1.2.0-2build1) ...
2026-10-10T06:25:52.6169967Z Selecting previously unselected package libdav1d7:amd64.
2026-10-10T06:25:52.6282442Z Preparing to unpack .../13-libdav1d7_1.4.1-1build1_amd64.deb ...
2026-10-10T06:25:52.6342065Z Unpacking libdav1d7:amd64 (1.4.1-1build1) ...
2026-10-10T06:25:53.1363228Z Selecting previously unselected package libgsm1:amd64.
2026-10-10T06:25:53.1473823Z Preparing to unpack .../14-libgsm1_1.0.22-1build1_amd64.deb ...
2026-10-10T06:25:53.1479029Z Unpacking libgsm1:amd64 (1.0.22-1build1) ...
2026-10-10T06:25:53.1645103Z Selecting previously unselected package libhwy1t64:amd64.
2026-10-10T06:25:53.1745308Z Preparing to unpack .../15-libhwy1t64_1.0.7-8.1build1_amd64.deb ...
2026-10-10T06:25:53.1751502Z Unpacking libhwy1t64:amd64 (1.0.7-8.1build1) ...
2026-10-10T06:25:53.2086604Z Selecting previously unselected package libjxl0.7:amd64.
2026-10-10T06:25:53.2190409Z Preparing to unpack .../16-libjxl0.7_0.7.0-10.2ubuntu6.1_amd64.deb ...
2026-10-10T06:25:53.2196571Z Unpacking libjxl0.7:amd64 (0.7.0-10.2ubuntu6.1) ...
2026-10-10T06:25:53.2542665Z Selecting previously unselected package libmp3lame0:amd64.
2026-10-10T06:25:53.2647373Z Preparing to unpack .../17-libmp3lame0_3.100-6build1_amd64.deb ...
2026-10-10T06:25:53.2654223Z Unpacking libmp3lame0:amd64 (3.100-6build1) ...
2026-10-10T06:25:53.2826699Z Selecting previously unselected package libopus0:amd64.
2026-10-10T06:25:53.2928240Z Preparing to unpack .../18-libopus0_1.4-1build1_amd64.deb ...
2026-10-10T06:25:53.2934212Z Unpacking libopus0:amd64 (1.4-1build1) ...
2026-10-10T06:25:53.3259195Z Selecting previously unselected package librav1e0:amd64.
2026-10-10T06:25:53.3362357Z Preparing to unpack .../19-librav1e0_0.7.1-2_amd64.deb ...
2026-10-10T06:25:53.3367775Z Unpacking librav1e0:amd64 (0.7.1-2) ...
2026-10-10T06:25:53.3676650Z Selecting previously unselected package librsvg2-2:amd64.
2026-10-10T06:25:53.3780104Z Preparing to unpack .../20-librsvg2-2_2.58.0+dfsg-1ubuntu0.1_amd64.deb ...
2026-10-10T06:25:53.3786224Z Unpacking librsvg2-2:amd64 (2.58.0+dfsg-1ubuntu0.1) ...
2026-10-10T06:25:53.4381769Z Selecting previously unselected package libshine3:amd64.
2026-10-10T06:25:53.4489995Z Preparing to unpack .../21-libshine3_3.1.1-2build1_amd64.deb ...
2026-10-10T06:25:53.4495980Z Unpacking libshine3:amd64 (3.1.1-2build1) ...
2026-10-10T06:25:53.4655306Z Selecting previously unselected package libspeex1:amd64.
2026-10-10T06:25:53.4756960Z Preparing to unpack .../22-libspeex1_1.2.1-2ubuntu2.24.04.1_amd64.deb ...
2026-10-10T06:25:53.4762667Z Unpacking libspeex1:amd64 (1.2.1-2ubuntu2.24.04.1) ...
2026-10-10T06:25:53.4924016Z Selecting previously unselected package libsvtav1enc1d1:amd64.
2026-10-10T06:25:53.5024435Z Preparing to unpack .../23-libsvtav1enc1d1_1.7.0+dfsg-2build1_amd64.deb ...
2026-10-10T06:25:53.5030410Z Unpacking libsvtav1enc1d1:amd64 (1.7.0+dfsg-2build1) ...
2026-10-10T06:25:53.5716084Z Selecting previously unselected package libsoxr0:amd64.
2026-10-10T06:25:53.5824381Z Preparing to unpack .../24-libsoxr0_0.1.3-4build3_amd64.deb ...
2026-10-10T06:25:53.5830651Z Unpacking libsoxr0:amd64 (0.1.3-4build3) ...
2026-10-10T06:25:53.5999242Z Selecting previously unselected package libswresample4:amd64.
2026-10-10T06:25:53.6100800Z Preparing to unpack .../25-libswresample4_7%3a6.1.1-3ubuntu5_amd64.deb ...
2026-10-10T06:25:53.6106481Z Unpacking libswresample4:amd64 (7:6.1.1-3ubuntu5) ...
2026-10-10T06:25:53.6274388Z Selecting previously unselected package libtheora0:amd64.
2026-10-10T06:25:53.6376036Z Preparing to unpack .../26-libtheora0_1.1.1+dfsg.1-16.1build3_amd64.deb ...
2026-10-10T06:25:53.6381339Z Unpacking libtheora0:amd64 (1.1.1+dfsg.1-16.1build3) ...
2026-10-10T06:25:53.6565474Z Selecting previously unselected package libtwolame0:amd64.
2026-10-10T06:25:53.6667518Z Preparing to unpack .../27-libtwolame0_0.4.0-2build3_amd64.deb ...
2026-10-10T06:25:53.6673876Z Unpacking libtwolame0:amd64 (0.4.0-2build3) ...
2026-10-10T06:25:53.6843123Z Selecting previously unselected package libvorbisenc2:amd64.
2026-10-10T06:25:53.6944954Z Preparing to unpack .../28-libvorbisenc2_1.3.7-1build3_amd64.deb ...
2026-10-10T06:25:53.6950463Z Unpacking libvorbisenc2:amd64 (1.3.7-1build3) ...
2026-10-10T06:25:53.7419477Z Selecting previously unselected package libvpx9:amd64.
2026-10-10T06:25:53.7529583Z Preparing to unpack .../29-libvpx9_1.14.0-1ubuntu2.3_amd64.deb ...
2026-10-10T06:25:53.7535902Z Unpacking libvpx9:amd64 (1.14.0-1ubuntu2.3) ...
2026-10-10T06:25:53.7880009Z Selecting previously unselected package libx264-164:amd64.
2026-10-10T06:25:53.7984221Z Preparing to unpack .../30-libx264-164_2%3a0.164.3108+git31e19f9-1_amd64.deb ...
2026-10-10T06:25:53.7989909Z Unpacking libx264-164:amd64 (2:0.164.3108+git31e19f9-1) ...
2026-10-10T06:25:53.8208846Z Selecting previously unselected package libx265-199:amd64.
2026-10-10T06:25:53.8312595Z Preparing to unpack .../31-libx265-199_3.5-2build1_amd64.deb ...
2026-10-10T06:25:53.8318822Z Unpacking libx265-199:amd64 (3.5-2build1) ...
2026-10-10T06:25:53.9785762Z Selecting previously unselected package libxvidcore4:amd64.
2026-10-10T06:25:53.9894515Z Preparing to unpack .../32-libxvidcore4_2%3a1.3.7-1build1_amd64.deb ...
2026-10-10T06:25:53.9900811Z Unpacking libxvidcore4:amd64 (2:1.3.7-1build1) ...
2026-10-10T06:25:54.0075501Z Selecting previously unselected package libzvbi-common.
2026-10-10T06:25:54.0176880Z Preparing to unpack .../33-libzvbi-common_0.2.42-2_all.deb ...
2026-10-10T06:25:54.0182931Z Unpacking libzvbi-common (0.2.42-2) ...
2026-10-10T06:25:54.0400780Z Selecting previously unselected package libzvbi0t64:amd64.
2026-10-10T06:25:54.0500068Z Preparing to unpack .../34-libzvbi0t64_0.2.42-2_amd64.deb ...
2026-10-10T06:25:54.0507300Z Unpacking libzvbi0t64:amd64 (0.2.42-2) ...
2026-10-10T06:25:54.0698749Z Selecting previously unselected package libavcodec60:amd64.
2026-10-10T06:25:54.0799392Z Preparing to unpack .../35-libavcodec60_7%3a6.1.1-3ubuntu5_amd64.deb ...
2026-10-10T06:25:54.0805414Z Unpacking libavcodec60:amd64 (7:6.1.1-3ubuntu5) ...
2026-10-10T06:25:54.2685421Z Preparing to unpack .../36-libfreetype6_2.13.2+dfsg-1ubuntu0.2_amd64.deb ...
2026-10-10T06:25:54.2703299Z Unpacking libfreetype6:amd64 (2.13.2+dfsg-1ubuntu0.2) over (2.13.2+dfsg-1ubuntu0.1) ...
2026-10-10T06:25:54.2953515Z Selecting previously unselected package xfonts-encodings.
2026-10-10T06:25:54.3058074Z Preparing to unpack .../37-xfonts-encodings_1%3a1.0.5-0ubuntu2_all.deb ...
2026-10-10T06:25:54.3063180Z Unpacking xfonts-encodings (1:1.0.5-0ubuntu2) ...
2026-10-10T06:25:54.3279888Z Selecting previously unselected package xfonts-utils.
2026-10-10T06:25:54.3380467Z Preparing to unpack .../38-xfonts-utils_1%3a7.7+6build3_amd64.deb ...
2026-10-10T06:25:54.3386877Z Unpacking xfonts-utils (1:7.7+6build3) ...
2026-10-10T06:25:54.3663628Z Selecting previously unselected package xfonts-cyrillic.
2026-10-10T06:25:54.3765200Z Preparing to unpack .../39-xfonts-cyrillic_1%3a1.0.5+nmu1_all.deb ...
2026-10-10T06:25:54.3770607Z Unpacking xfonts-cyrillic (1:1.0.5+nmu1) ...
2026-10-10T06:25:54.4140213Z Selecting previously unselected package xfonts-scalable.
2026-10-10T06:25:54.4245165Z Preparing to unpack .../40-xfonts-scalable_1%3a1.0.3-1.3_all.deb ...
2026-10-10T06:25:54.4251012Z Unpacking xfonts-scalable (1:1.0.3-1.3) ...
2026-10-10T06:25:54.4746843Z Setting up libhwy1t64:amd64 (1.0.7-8.1build1) ...
2026-10-10T06:25:54.4761816Z Setting up libspeex1:amd64 (1.2.1-2ubuntu2.24.04.1) ...
2026-10-10T06:25:54.4774970Z Setting up libshine3:amd64 (3.1.1-2build1) ...
2026-10-10T06:25:54.4787436Z Setting up libvpl2 (2023.3.0-1build1) ...
2026-10-10T06:25:54.4800597Z Setting up libx264-164:amd64 (2:0.164.3108+git31e19f9-1) ...
2026-10-10T06:25:54.4812739Z Setting up libtwolame0:amd64 (0.4.0-2build3) ...
2026-10-10T06:25:54.4826478Z Setting up libgsm1:amd64 (1.0.22-1build1) ...
2026-10-10T06:25:54.4839145Z Setting up libsoxr0:amd64 (0.1.3-4build3) ...
2026-10-10T06:25:54.4852457Z Setting up libcodec2-1.2:amd64 (1.2.0-2build1) ...
2026-10-10T06:25:54.4865440Z Setting up fonts-wqy-zenhei (0.9.45-8) ...
2026-10-10T06:25:54.4955198Z Setting up fonts-freefont-ttf (20211204+svn4273-2) ...
2026-10-10T06:25:54.4968017Z Setting up libsvtav1enc1d1:amd64 (1.7.0+dfsg-2build1) ...
2026-10-10T06:25:54.4983545Z Setting up libxvidcore4:amd64 (2:1.3.7-1build1) ...
2026-10-10T06:25:54.4998992Z Setting up librav1e0:amd64 (0.7.1-2) ...
2026-10-10T06:25:54.5019783Z Setting up librsvg2-2:amd64 (2.58.0+dfsg-1ubuntu0.1) ...
2026-10-10T06:25:54.5032804Z Setting up fonts-tlwg-loma-otf (1:0.7.3-1) ...
2026-10-10T06:25:54.5058546Z Setting up libva2:amd64 (2.20.0-2ubuntu0.2) ...
2026-10-10T06:25:54.5071339Z Setting up libfreetype6:amd64 (2.13.2+dfsg-1ubuntu0.2) ...
2026-10-10T06:25:54.5084480Z Setting up xfonts-encodings (1:1.0.5-0ubuntu2) ...
2026-10-10T06:25:54.5098912Z Setting up libopus0:amd64 (1.4-1build1) ...
2026-10-10T06:25:54.5114140Z Setting up libjxl0.7:amd64 (0.7.0-10.2ubuntu6.1) ...
2026-10-10T06:25:54.5128566Z Setting up libx265-199:amd64 (3.5-2build1) ...
2026-10-10T06:25:54.5146503Z Setting up libvpx9:amd64 (1.14.0-1ubuntu2.3) ...
2026-10-10T06:25:54.5162145Z Setting up libdav1d7:amd64 (1.4.1-1build1) ...
2026-10-10T06:25:54.5187806Z Setting up libva-drm2:amd64 (2.20.0-2ubuntu0.2) ...
2026-10-10T06:25:54.5207359Z Setting up fonts-ipafont-gothic (00303-21ubuntu1) ...
2026-10-10T06:25:54.5263035Z update-alternatives: using /usr/share/fonts/opentype/ipafont-gothic/ipag.ttf to provide /usr/share/fonts/truetype/fonts-japanese-gothic.ttf (fonts-japanese-gothic.ttf) in auto mode
2026-10-10T06:25:54.5275242Z Setting up ocl-icd-libopencl1:amd64 (2.3.2-1build1) ...
2026-10-10T06:25:54.5288019Z Setting up libvdpau1:amd64 (1.5-2build1) ...
2026-10-10T06:25:54.5310467Z Setting up libtheora0:amd64 (1.1.1+dfsg.1-16.1build3) ...
2026-10-10T06:25:54.5325653Z Setting up libva-x11-2:amd64 (2.20.0-2ubuntu0.2) ...
2026-10-10T06:25:54.5342162Z Setting up libzvbi-common (0.2.42-2) ...
2026-10-10T06:25:54.5358202Z Setting up libmp3lame0:amd64 (3.100-6build1) ...
2026-10-10T06:25:54.5373318Z Setting up libvorbisenc2:amd64 (1.3.7-1build3) ...
2026-10-10T06:25:54.5391216Z Setting up fonts-unifont (1:15.1.01-1build1) ...
2026-10-10T06:25:54.5404573Z Setting up libzvbi0t64:amd64 (0.2.42-2) ...
2026-10-10T06:25:54.5420741Z Setting up libavutil58:amd64 (7:6.1.1-3ubuntu5) ...
2026-10-10T06:25:54.5438114Z Setting up xfonts-utils (1:7.7+6build3) ...
2026-10-10T06:25:54.5472274Z Setting up libswresample4:amd64 (7:6.1.1-3ubuntu5) ...
2026-10-10T06:25:54.5489611Z Setting up libavcodec60:amd64 (7:6.1.1-3ubuntu5) ...
2026-10-10T06:25:54.5508395Z Setting up xfonts-cyrillic (1:1.0.5+nmu1) ...
2026-10-10T06:25:54.5739656Z Setting up xfonts-scalable (1:1.0.3-1.3) ...
2026-10-10T06:25:54.6140407Z Processing triggers for libc-bin (2.39-0ubuntu8.9) ...
2026-10-10T06:25:54.8273074Z Processing triggers for man-db (2.12.0-4build2) ...
2026-10-10T06:25:54.8293089Z Not building database; man-db/auto-update is not 'true'.
2026-10-10T06:25:54.8328449Z Processing triggers for fontconfig (2.15.0-1.1ubuntu2) ...
2026-10-10T06:25:55.4206597Z 
2026-10-10T06:25:55.4207220Z Running kernel seems to be up-to-date.
2026-10-10T06:25:55.4207543Z 
2026-10-10T06:25:55.4207694Z Restarting services...
2026-10-10T06:25:55.4272387Z  systemctl restart php8.3-fpm.service
2026-10-10T06:25:55.5252331Z 
2026-10-10T06:25:55.5253115Z No containers need to be restarted.
2026-10-10T06:25:55.5253337Z 
2026-10-10T06:25:55.5253509Z No user sessions are running outdated binaries.
2026-10-10T06:25:55.5253895Z 
2026-10-10T06:25:55.5254263Z No VM guests are running outdated hypervisor (qemu) binaries on this host.
2026-10-10T06:25:56.2687337Z Downloading Chrome for Testing 153.0.8010.12 (playwright chromium v1243) from https://cdn.playwright.dev/builds/cft/153.0.8010.12/linux64/chrome-linux64.zip
2026-10-10T06:25:56.6044690Z |                                                                                |   0% of 186.8 MiB
2026-10-10T06:25:56.7171425Z |■■■■■■■■                                                                        |  10% of 186.8 MiB
2026-10-10T06:25:56.7729624Z |■■■■■■■■■■■■■■■■                                                                |  20% of 186.8 MiB
2026-10-10T06:25:56.8428947Z |■■■■■■■■■■■■■■■■■■■■■■■■                                                        |  30% of 186.8 MiB
2026-10-10T06:25:56.8872107Z |■■■■■■■■■■■■■■■■■■■■■■■■■■■■■■■■                                                |  40% of 186.8 MiB
2026-10-10T06:25:56.9448696Z |■■■■■■■■■■■■■■■■■■■■■■■■■■■■■■■■■■■■■■■■                                        |  50% of 186.8 MiB
2026-10-10T06:25:56.9838994Z |■■■■■■■■■■■■■■■■■■■■■■■■■■■■■■■■■■■■■■■■■■■■■■■■                                |  60% of 186.8 MiB
2026-10-10T06:25:57.0420130Z |■■■■■■■■■■■■■■■■■■■■■■■■■■■■■■■■■■■■■■■■■■■■■■■■■■■■■■■■                        |  70% of 186.8 MiB
2026-10-10T06:25:57.1002092Z |■■■■■■■■■■■■■■■■■■■■■■■■■■■■■■■■■■■■■■■■■■■■■■■■■■■■■■■■■■■■■■■■                |  80% of 186.8 MiB
2026-10-10T06:25:57.1461512Z |■■■■■■■■■■■■■■■■■■■■■■■■■■■■■■■■■■■■■■■■■■■■■■■■■■■■■■■■■■■■■■■■■■■■■■■■        |  90% of 186.8 MiB
2026-10-10T06:25:57.2192840Z |■■■■■■■■■■■■■■■■■■■■■■■■■■■■■■■■■■■■■■■■■■■■■■■■■■■■■■■■■■■■■■■■■■■■■■■■■■■■■■■■| 100% of 186.8 MiB
2026-10-10T06:25:59.5893363Z Chrome for Testing 153.0.8010.12 (playwright chromium v1243) downloaded to /home/runner/.cache/ms-playwright/chromium-1243
2026-10-10T06:25:59.5896542Z Downloading FFmpeg (playwright ffmpeg v1011) from https://cdn.playwright.dev/dbazure/download/playwright/builds/ffmpeg/1011/ffmpeg-linux.zip
2026-10-10T06:25:59.8761228Z |                                                                                |   0% of 2.3 MiB
2026-10-10T06:25:59.8784241Z |■■■■■■■■                                                                        |  10% of 2.3 MiB
2026-10-10T06:25:59.8814274Z |■■■■■■■■■■■■■■■■                                                                |  20% of 2.3 MiB
2026-10-10T06:25:59.8835102Z |■■■■■■■■■■■■■■■■■■■■■■■■                                                        |  30% of 2.3 MiB
2026-10-10T06:25:59.8856534Z |■■■■■■■■■■■■■■■■■■■■■■■■■■■■■■■■                                                |  40% of 2.3 MiB
2026-10-10T06:25:59.8872872Z |■■■■■■■■■■■■■■■■■■■■■■■■■■■■■■■■■■■■■■■■                                        |  50% of 2.3 MiB
2026-10-10T06:25:59.8886349Z |■■■■■■■■■■■■■■■■■■■■■■■■■■■■■■■■■■■■■■■■■■■■■■■■                                |  60% of 2.3 MiB
2026-10-10T06:25:59.8902360Z |■■■■■■■■■■■■■■■■■■■■■■■■■■■■■■■■■■■■■■■■■■■■■■■■■■■■■■■■                        |  70% of 2.3 MiB
2026-10-10T06:25:59.8912699Z |■■■■■■■■■■■■■■■■■■■■■■■■■■■■■■■■■■■■■■■■■■■■■■■■■■■■■■■■■■■■■■■■                |  80% of 2.3 MiB
2026-10-10T06:25:59.8925693Z |■■■■■■■■■■■■■■■■■■■■■■■■■■■■■■■■■■■■■■■■■■■■■■■■■■■■■■■■■■■■■■■■■■■■■■■■        |  90% of 2.3 MiB
2026-10-10T06:25:59.8939028Z |■■■■■■■■■■■■■■■■■■■■■■■■■■■■■■■■■■■■■■■■■■■■■■■■■■■■■■■■■■■■■■■■■■■■■■■■■■■■■■■■| 100% of 2.3 MiB
2026-10-10T06:25:59.9384516Z FFmpeg (playwright ffmpeg v1011) downloaded to /home/runner/.cache/ms-playwright/ffmpeg-1011
2026-10-10T06:25:59.9387735Z Downloading Chrome Headless Shell 153.0.8010.12 (playwright chromium-headless-shell v1243) from https://cdn.playwright.dev/builds/cft/153.0.8010.12/linux64/chrome-headless-shell-linux64.zip
2026-10-10T06:26:00.2582166Z |                                                                                |   0% of 114.3 MiB
2026-10-10T06:26:00.4356127Z |■■■■■■■■                                                                        |  10% of 114.3 MiB
2026-10-10T06:26:00.5529645Z |■■■■■■■■■■■■■■■■                                                                |  20% of 114.3 MiB
2026-10-10T06:26:00.6083745Z |■■■■■■■■■■■■■■■■■■■■■■■■                                                        |  30% of 114.3 MiB
2026-10-10T06:26:00.6562307Z |■■■■■■■■■■■■■■■■■■■■■■■■■■■■■■■■                                                |  40% of 114.3 MiB
2026-10-10T06:26:00.7087778Z |■■■■■■■■■■■■■■■■■■■■■■■■■■■■■■■■■■■■■■■■                                        |  50% of 114.3 MiB
2026-10-10T06:26:00.7360457Z |■■■■■■■■■■■■■■■■■■■■■■■■■■■■■■■■■■■■■■■■■■■■■■■■                                |  60% of 114.3 MiB
2026-10-10T06:26:00.7633084Z |■■■■■■■■■■■■■■■■■■■■■■■■■■■■■■■■■■■■■■■■■■■■■■■■■■■■■■■■                        |  70% of 114.3 MiB
2026-10-10T06:26:00.8056255Z |■■■■■■■■■■■■■■■■■■■■■■■■■■■■■■■■■■■■■■■■■■■■■■■■■■■■■■■■■■■■■■■■                |  80% of 114.3 MiB
2026-10-10T06:26:00.8304476Z |■■■■■■■■■■■■■■■■■■■■■■■■■■■■■■■■■■■■■■■■■■■■■■■■■■■■■■■■■■■■■■■■■■■■■■■■        |  90% of 114.3 MiB
2026-10-10T06:26:00.8552935Z |■■■■■■■■■■■■■■■■■■■■■■■■■■■■■■■■■■■■■■■■■■■■■■■■■■■■■■■■■■■■■■■■■■■■■■■■■■■■■■■■| 100% of 114.3 MiB
2026-10-10T06:26:02.5591018Z Chrome Headless Shell 153.0.8010.12 (playwright chromium-headless-shell v1243) downloaded to /home/runner/.cache/ms-playwright/chromium_headless_shell-1243
2026-10-10T06:26:02.5593297Z Downloading Firefox 155.0 (playwright firefox v1543) from https://cdn.playwright.dev/dbazure/download/playwright/builds/firefox/1543/firefox-ubuntu-24.04.zip
2026-10-10T06:26:02.8381061Z |                                                                                |   0% of 109.5 MiB
2026-10-10T06:26:02.9753343Z |■■■■■■■■                                                                        |  10% of 109.5 MiB
2026-10-10T06:26:03.1868553Z |■■■■■■■■■■■■■■■■                                                                |  20% of 109.5 MiB
2026-10-10T06:26:03.3472706Z |■■■■■■■■■■■■■■■■■■■■■■■■                                                        |  30% of 109.5 MiB
2026-10-10T06:26:03.4735525Z |■■■■■■■■■■■■■■■■■■■■■■■■■■■■■■■■                                                |  40% of 109.5 MiB
2026-10-10T06:26:03.6404268Z |■■■■■■■■■■■■■■■■■■■■■■■■■■■■■■■■■■■■■■■■                                        |  50% of 109.5 MiB
2026-10-10T06:26:03.7278032Z |■■■■■■■■■■■■■■■■■■■■■■■■■■■■■■■■■■■■■■■■■■■■■■■■                                |  60% of 109.5 MiB
2026-10-10T06:26:03.8124450Z |■■■■■■■■■■■■■■■■■■■■■■■■■■■■■■■■■■■■■■■■■■■■■■■■■■■■■■■■                        |  70% of 109.5 MiB
2026-10-10T06:26:03.8657997Z |■■■■■■■■■■■■■■■■■■■■■■■■■■■■■■■■■■■■■■■■■■■■■■■■■■■■■■■■■■■■■■■■                |  80% of 109.5 MiB
2026-10-10T06:26:03.9132247Z |■■■■■■■■■■■■■■■■■■■■■■■■■■■■■■■■■■■■■■■■■■■■■■■■■■■■■■■■■■■■■■■■■■■■■■■■        |  90% of 109.5 MiB
2026-10-10T06:26:03.9602163Z |■■■■■■■■■■■■■■■■■■■■■■■■■■■■■■■■■■■■■■■■■■■■■■■■■■■■■■■■■■■■■■■■■■■■■■■■■■■■■■■■| 100% of 109.5 MiB
2026-10-10T06:26:05.5849187Z Firefox 155.0 (playwright firefox v1543) downloaded to /home/runner/.cache/ms-playwright/firefox-1543
2026-10-10T06:26:05.6843178Z ##[group]Run npm run verify
2026-10-10T06:26:05.6843475Z [36;1mnpm run verify[0m
2026-10-10T06:26:05.6901398Z shell: /usr/bin/bash -e {0}
2026-10-10T06:26:05.6901612Z ##[endgroup]
2026-10-10T06:26:05.7698696Z 
2026-10-10T06:26:05.7699262Z > botsales-frontend@0.1.0 verify
2026-10-10T06:26:05.7701081Z > npm run generate:check && npm run test:source && npm run boundaries && npm run lint && npm run typecheck && npm run test:domain && npm test && npm run build && npm run test:layout && npm run test:visual-tokens && npm run test:ui-composition && npm run test:evidence
2026-10-10T06:26:05.7702281Z 
2026-10-10T06:26:05.8450677Z 
2026-10-10T06:26:05.8451255Z > botsales-frontend@0.1.0 generate:check
2026-10-10T06:26:05.8451816Z > node scripts/generate.mjs --check
2026-10-10T06:26:05.8452112Z 
2026-10-10T06:26:05.9870694Z {"status":"PASS","outputs":15,"schemas":346,"operations":245,"routes":61}
2026-10-10T06:26:06.0724475Z 
2026-10-10T06:26:06.0725141Z > botsales-frontend@0.1.0 test:source
2026-10-10T06:26:06.0725620Z > node scripts/check-source.mjs && node --test tests/source-checker.test.mjs
2026-10-10T06:26:06.0725883Z 
2026-10-10T06:26:06.4748998Z {
2026-10-10T06:26:06.4749404Z   "checkedAt": "2026-10-10T06:26:06.472Z",
2026-10-10T06:26:06.4750011Z   "scope": "Syntax, operation identifiers, route-source mapping, permissions and token adoption. NOT React typecheck, build or browser test.",
2026-10-10T06:26:06.4750548Z   "compiler": "5.9.2",
2026-10-10T06:26:06.4750781Z   "compilerSource": "project dependency",
2026-10-10T06:26:06.4751019Z   "files": 85,
2026-10-10T06:26:06.4751196Z   "operationCalls": 262,
2026-10-10T06:26:06.4751399Z   "routes": 61,
2026-10-10T06:26:06.4751566Z   "issues": [],
2026-10-10T06:26:06.4751728Z   "status": "PASS"
2026-10-10T06:26:06.4751901Z }
2026-10-10T06:26:06.8967293Z ✔ module path classification accepts Windows and POSIX spellings, but excludes app files (0.906275ms)
2026-10-10T06:26:06.8968554Z ✔ the source-checker CLI rejects a prohibited color literal in a module (174.948368ms)
2026-10-10T06:26:06.8972422Z ✔ the source-checker CLI accepts a token-based module and leaves app-level colors outside the rule (161.824103ms)
2026-10-10T06:26:06.9047475Z ℹ tests 3
2026-10-10T06:26:06.9047758Z ℹ suites 0
2026-10-10T06:26:06.9048032Z ℹ pass 3
2026-10-10T06:26:06.9048284Z ℹ fail 0
2026-10-10T06:26:06.9048536Z ℹ cancelled 0
2026-10-10T06:26:06.9049139Z ℹ skipped 0
2026-10-10T06:26:06.9049392Z ℹ todo 0
2026-10-10T06:26:06.9049700Z ℹ duration_ms 387.130124
2026-10-10T06:26:06.9851230Z 
2026-10-10T06:26:06.9851975Z > botsales-frontend@0.1.0 boundaries
2026-10-10T06:26:06.9852497Z > node scripts/check-boundaries.mjs
2026-10-10T06:26:06.9852754Z 
2026-10-10T06:26:09.0466447Z {
2026-10-10T06:26:09.0466864Z   "checkedAt": "2026-10-10T06:26:09.044Z",
2026-10-10T06:26:09.0467666Z   "scope": "AST imports resolve aliases/relative paths, module boundaries and cycles; parser diagnostics are errors",
2026-10-10T06:26:09.0468347Z   "files": 85,
2026-10-10T06:26:09.0468636Z   "imports": 722,
2026-10-10T06:26:09.0469562Z   "negativeFixtures": "Boundary fixtures: PASS 10/10 scenarios (allowed shared/public imports, alias, relative, app deep import, type-only, dynamic, unresolved, cycle, parser error).",
2026-10-10T06:26:09.0470476Z   "status": "PASS",
2026-10-10T06:26:09.0470743Z   "issues": []
2026-10-10T06:26:09.0470989Z }
2026-10-10T06:26:09.1415342Z 
2026-10-10T06:26:09.1415918Z > botsales-frontend@0.1.0 lint
2026-10-10T06:26:09.1416346Z > eslint apps/web/src --max-warnings 0
2026-10-10T06:26:09.1416525Z 
2026-10-10T06:26:11.8156115Z 
2026-10-10T06:26:11.8156728Z > botsales-frontend@0.1.0 typecheck
2026-10-10T06:26:11.8157231Z > tsc -p apps/web/tsconfig.json --noEmit
2026-10-10T06:26:11.8157403Z 
2026-10-10T06:26:17.4745328Z 
2026-10-10T06:26:17.4745919Z > botsales-frontend@0.1.0 test:domain
2026-10-10T06:26:17.4746438Z > node scripts/test-domain.mjs
2026-10-10T06:26:17.4746669Z 
2026-10-10T06:26:23.5434236Z {"status":"PASS","simulatorChecks":86,"networkChecks":31,"networkHandlers":245,"passed":117,"operations":100,"node":"v24.21.0","typescript":"5.9.2"}
2026-10-10T06:26:23.6665048Z 
2026-10-10T06:26:23.6665677Z > botsales-frontend@0.1.0 test
2026-10-10T06:26:23.6666235Z > vitest run --config apps/web/vitest.config.ts
2026-10-10T06:26:23.6666535Z 
2026-10-10T06:26:23.8815563Z 
2026-10-10T06:26:23.8817456Z [1m[30m[46m RUN [49m[39m[22m [36mv5.0.3 [39m[90m/home/runner/work/Bot-AI-Ban-hang-FB/Bot-AI-Ban-hang-FB/BotSalesAI_Frontend[39m
2026-10-10T06:26:23.8818382Z 
2026-10-10T06:26:25.7965989Z  [32m✓[39m apps/web/tests/api-client.test.tsx [2m([22m[2m25 tests[22m[2m)[22m[33m 903[2mms[22m[39m
2026-10-10T06:26:25.7976841Z    [32m✓[39m typed HTTP boundary [2m(25)[22m
2026-10-10T06:26:25.7986450Z      [33m[2m✓[22m[39m waits for command completion after HTTP 202 before resolving useCommand[33m 417[2mms[22m[39m
2026-10-10T06:26:25.7987973Z      [33m[2m✓[22m[39m keeps an accepted command unresolved when command status polling fails[33m 406[2mms[22m[39m
2026-10-10T06:26:26.8068264Z  [32m✓[39m apps/web/tests/purchase-delegation.test.ts [2m([22m[2m7 tests[22m[2m)[22m[32m 142[2mms[22m[39m
2026-10-10T06:26:27.2681223Z [90mstderr[2m | apps/web/tests/shared-ui-render-contract.test.tsx[2m > [22m[2mS10 shared component rendered-slot contract[2m > [22m[2mEditDialog guards custom actions and the Escape close path for dirty and busy states
2026-10-10T06:26:27.2726440Z [22m[39mAn update to ForwardRef(FormControl) inside a test was not wrapped in act(...).
2026-10-10T06:26:27.2727138Z 
2026-10-10T06:26:27.2727910Z When testing, code that causes React state updates should be wrapped into act(...):
2026-10-10T06:26:27.2728615Z 
2026-10-10T06:26:27.2728881Z act(() => {
2026-10-10T06:26:27.2729373Z   /* fire events that update state */
2026-10-10T06:26:27.2729893Z });
2026-10-10T06:26:27.2730329Z /* assert on the output */
2026-10-10T06:26:27.2730697Z 
2026-10-10T06:26:27.2731628Z This ensures that you're testing the behavior the user would see in the browser. Learn more at https://react.dev/link/wrap-tests-with-act
2026-10-10T06:26:27.2732885Z An update to ForwardRef(FormControl) inside a test was not wrapped in act(...).
2026-10-10T06:26:27.2733475Z 
2026-10-10T06:26:27.2734046Z When testing, code that causes React state updates should be wrapped into act(...):
2026-10-10T06:26:27.2734626Z 
2026-10-10T06:26:27.2735607Z act(() => {
2026-10-10T06:26:27.2736098Z   /* fire events that update state */
2026-10-10T06:26:27.2736595Z });
2026-10-10T06:26:27.2737032Z /* assert on the output */
2026-10-10T06:26:27.2737381Z 
2026-10-10T06:26:27.2738267Z This ensures that you're testing the behavior the user would see in the browser. Learn more at https://react.dev/link/wrap-tests-with-act
2026-10-10T06:26:27.2739050Z 
2026-10-10T06:26:27.2740699Z [90mstderr[2m | apps/web/tests/shared-ui-render-contract.test.tsx[2m > [22m[2mS10 shared component rendered-slot contract[2m > [22m[2mEditDialog guards custom actions and the Escape close path for dirty and busy states
2026-10-10T06:26:27.2743159Z [22m[39mA component suspended inside an `act` scope, but the `act` call was not awaited. When testing React components that depend on asynchronous data, you must await the result:
2026-10-10T06:26:27.2744152Z 
2026-10-10T06:26:27.2744450Z await act(() => ...)
2026-10-10T06:26:27.2744919Z 
2026-10-10T06:26:27.6397714Z  [32m✓[39m apps/web/tests/privacy-consent.test.ts [2m([22m[2m6 tests[22m[2m)[22m[32m 100[2mms[22m[39m
2026-10-10T06:26:27.7086899Z [90mstderr[2m | apps/web/tests/shared-ui-render-contract.test.tsx[2m > [22m[2mS10 shared component rendered-slot contract[2m > [22m[2mEditDialog guards custom actions and the backdrop close path for dirty and busy states
2026-10-10T06:26:27.7116199Z [22m[39mAn update to ForwardRef(FormControl) inside a test was not wrapped in act(...).
2026-10-10T06:26:27.7117441Z 
2026-10-10T06:26:27.7118057Z When testing, code that causes React state updates should be wrapped into act(...):
2026-10-10T06:26:27.7175077Z 
2026-10-10T06:26:27.7176019Z act(() => {
2026-10-10T06:26:27.7205374Z   /* fire events that update state */
2026-10-10T06:26:27.7225198Z });
2026-10-10T06:26:27.7265238Z /* assert on the output */
2026-10-10T06:26:27.7265691Z 
2026-10-10T06:26:27.7266804Z This ensures that you're testing the behavior the user would see in the browser. Learn more at https://react.dev/link/wrap-tests-with-act
2026-10-10T06:26:27.7295583Z An update to ForwardRef(FormControl) inside a test was not wrapped in act(...).
2026-10-10T06:26:27.7315169Z 
2026-10-10T06:26:27.7325517Z When testing, code that causes React state updates should be wrapped into act(...):
2026-10-10T06:26:27.7355191Z 
2026-10-10T06:26:27.7385273Z act(() => {
2026-10-10T06:26:27.7391713Z   /* fire events that update state */
2026-10-10T06:26:27.7392260Z });
2026-10-10T06:26:27.7392724Z /* assert on the output */
2026-10-10T06:26:27.7393078Z 
2026-10-10T06:26:27.7393989Z This ensures that you're testing the behavior the user would see in the browser. Learn more at https://react.dev/link/wrap-tests-with-act
2026-10-10T06:26:27.7395145Z 
2026-10-10T06:26:28.7286914Z  [32m✓[39m apps/web/tests/command-lifetime.test.tsx [2m([22m[2m11 tests[22m[2m)[22m[32m 186[2mms[22m[39m
2026-10-10T06:26:29.7583301Z  [32m✓[39m apps/web/tests/media-inbox.test.ts [2m([22m[2m6 tests[22m[2m)[22m[32m 110[2mms[22m[39m
2026-10-10T06:26:29.9035114Z  [32m✓[39m apps/web/tests/shared-ui-render-contract.test.tsx [2m([22m[2m54 tests[22m[2m)[22m[33m 4647[2mms[22m[39m
2026-10-10T06:26:29.9036445Z    [32m✓[39m S10 shared component rendered-slot contract [2m(30)[22m
2026-10-10T06:26:29.9037752Z      [33m[2m✓[22m[39m DraftConflict requires a two-sided choice, excludes hidden data, and applies only to the draft[33m 476[2mms[22m[39m
2026-10-10T06:26:29.9039235Z      [33m[2m✓[22m[39m EditDialog guards custom actions and the footer close path for dirty and busy states[33m 427[2mms[22m[39m
2026-10-10T06:26:29.9040630Z      [33m[2m✓[22m[39m EditDialog guards custom actions and the icon close path for dirty and busy states[33m 408[2mms[22m[39m
2026-10-10T06:26:29.9043913Z      [33m[2m✓[22m[39m EditDialog guards custom actions and the Escape close path for dirty and busy states[33m 455[2mms[22m[39m
2026-10-10T06:26:29.9045479Z      [33m[2m✓[22m[39m EditDialog guards custom actions and the backdrop close path for dirty and busy states[33m 521[2mms[22m[39m
2026-10-10T06:26:29.9047561Z      [33m[2m✓[22m[39m ConfirmDialog validates the reason and keeps a rejected action visible[33m 1066[2mms[22m[39m
2026-10-10T06:26:31.2919461Z  [32m✓[39m apps/web/tests/scope-events.test.tsx [2m([22m[2m18 tests[22m[2m)[22m[32m 53[2mms[22m[39m
2026-10-10T06:26:31.9274178Z  [32m✓[39m apps/web/tests/versioned-draft.test.tsx [2m([22m[2m7 tests[22m[2m)[22m[32m 28[2mms[22m[39m
2026-10-10T06:26:32.3676396Z  [32m✓[39m apps/web/tests/states/fe023-state.test.tsx [2m([22m[2m12 tests[22m[2m)[22m[33m 1355[2mms[22m[39m
2026-10-10T06:26:32.3726361Z    [32m✓[39m FE023 shared state and form behavior [2m(12)[22m
2026-10-10T06:26:32.3727804Z      [33m[2m✓[22m[39m asks before closing a dialog with a dirty field and keeps the field until discard is chosen[33m 940[2mms[22m[39m
2026-10-10T06:26:32.4440204Z  [32m✓[39m apps/web/tests/fe021-source-map.test.ts [2m([22m[2m3 tests[22m[2m)[22m[32m 8[2mms[22m[39m
2026-10-10T06:26:32.9888665Z  [32m✓[39m apps/web/tests/marketing-report.test.ts [2m([22m[2m11 tests[22m[2m)[22m[32m 37[2mms[22m[39m
2026-10-10T06:26:33.6125313Z  [32m✓[39m apps/web/tests/timezone.test.ts [2m([22m[2m10 tests[22m[2m)[22m[32m 24[2mms[22m[39m
2026-10-10T06:26:34.0246983Z [BABEL] Note: The code generator has deoptimised the styling of /tmp/botsales-vite-cache/2fbc71299afedf720605/direct-vite/3785/deps/react-dom_client.js?v=d355538c as it exceeds the max of 500KB.
2026-10-10T06:26:34.0374160Z  [32m✓[39m apps/web/tests/components.test.tsx [2m([22m[2m25 tests[22m[2m)[22m[33m 8768[2mms[22m[39m
2026-10-10T06:26:34.0406603Z    [32m✓[39m Accessible shared presentation [2m(19)[22m
2026-10-10T06:26:34.0407897Z      [33m[2m✓[22m[39m reflows the real mock application from 320px to 1440px and passes browser axe[33m 7359[2mms[22m[39m
2026-10-10T06:26:34.0769279Z  [32m✓[39m apps/web/tests/confirmation.test.tsx [2m([22m[2m4 tests[22m[2m)[22m[33m 515[2mms[22m[39m
2026-10-10T06:26:34.6106779Z  [32m✓[39m apps/web/tests/report-utils.test.ts [2m([22m[2m6 tests[22m[2m)[22m[32m 20[2mms[22m[39m
2026-10-10T06:26:34.7372877Z  [32m✓[39m apps/web/tests/format.test.ts [2m([22m[2m12 tests[22m[2m)[22m[32m 35[2mms[22m[39m
2026-10-10T06:26:35.2160417Z  [32m✓[39m apps/web/tests/domain-labels.test.ts [2m([22m[2m3 tests[22m[2m)[22m[32m 13[2mms[22m[39m
2026-10-10T06:26:35.2271812Z  [32m✓[39m apps/web/tests/composition.test.tsx [2m([22m[2m3 tests[22m[2m)[22m[33m 346[2mms[22m[39m
2026-10-10T06:26:35.2907443Z  [32m✓[39m apps/web/tests/catalog-import-file.test.ts [2m([22m[2m5 tests[22m[2m)[22m[32m 5[2mms[22m[39m
2026-10-10T06:26:35.7301896Z  [32m✓[39m apps/web/tests/push-capabilities.test.ts [2m([22m[2m2 tests[22m[2m)[22m[32m 4[2mms[22m[39m
2026-10-10T06:26:35.9339386Z  [32m✓[39m apps/web/tests/list-return.test.ts [2m([22m[2m3 tests[22m[2m)[22m[32m 6[2mms[22m[39m
2026-10-10T06:26:36.2385100Z  [32m✓[39m apps/web/tests/route-metadata.test.ts [2m([22m[2m2 tests[22m[2m)[22m[32m 30[2mms[22m[39m
2026-10-10T06:26:36.3249675Z  [32m✓[39m apps/web/tests/dashboard-labels.test.ts [2m([22m[2m3 tests[22m[2m)[22m[32m 3[2mms[22m[39m
2026-10-10T06:26:36.3278487Z 
2026-10-10T06:26:36.3282828Z [2m Test Files [22m [1m[32m23 passed[39m[22m[90m (23)[39m
2026-10-10T06:26:36.3285911Z [2m      Tests [22m [1m[32m238 passed[39m[22m[90m (238)[39m
2026-10-10T06:26:36.3286427Z [2m   Start at [22m 06:26:23
2026-10-10T06:26:36.3287823Z [2m   Duration [22m 12.44s[2m (tests 51%, environment 26%, import 16%, setup 4%, transform 4%)[22m
2026-10-10T06:26:36.3292961Z 
2026-10-10T06:26:36.3294148Z [2mEnvironment [22m [33mjsdom was created 23 times[39m[2m · 8.75s total, 26% of tracked time[22m
2026-10-10T06:26:36.3295687Z [2m            [22m [2mcreate it once per worker with [22m[33mpool: 'vmThreads'[39m[2m (keeps per-file isolation) or [22m[33misolate: false[39m[2m (shares it across files)[22m
2026-10-10T06:26:36.3297296Z [2m            [22m [2mlearn more: https://vitest.dev/guide/improving-performance#test-environments[22m
2026-10-10T06:26:36.3297731Z 
2026-10-10T06:26:36.4432996Z 
2026-10-10T06:26:36.4433579Z > botsales-frontend@0.1.0 build
2026-10-10T06:26:36.4434365Z > npm run generate:check && npm run typecheck && npm run build --workspace @botsales/web
2026-10-10T06:26:36.4435005Z 
2026-10-10T06:26:36.5196354Z 
2026-10-10T06:26:36.5196755Z > botsales-frontend@0.1.0 generate:check
2026-10-10T06:26:36.5197109Z > node scripts/generate.mjs --check
2026-10-10T06:26:36.5197274Z 
2026-10-10T06:26:36.6588302Z {"status":"PASS","outputs":15,"schemas":346,"operations":245,"routes":61}
2026-10-10T06:26:36.7466665Z 
2026-10-10T06:26:36.7467219Z > botsales-frontend@0.1.0 typecheck
2026-10-10T06:26:36.7467595Z > tsc -p apps/web/tsconfig.json --noEmit
2026-10-10T06:26:36.7467764Z 
2026-10-10T06:26:42.3630372Z 
2026-10-10T06:26:42.3630873Z > @botsales/web@0.1.0 build
2026-10-10T06:26:42.3631304Z > vite build --mode production
2026-10-10T06:26:42.3631462Z 
2026-10-10T06:26:42.5147605Z [36mvite v7.3.6 [32mbuilding client environment for production...[36m[39m
2026-10-10T06:26:42.5729661Z transforming...
2026-10-10T06:26:46.9329849Z [32m✓[39m 2077 modules transformed.
2026-10-10T06:26:47.3786047Z rendering chunks...
2026-10-10T06:26:47.5434724Z computing gzip size...
2026-10-10T06:26:47.5647745Z [2mdist/[22m[32mindex.html                            [39m[1m[2m  1.23 kB[22m[1m[22m[2m │ gzip:   0.61 kB[22m
2026-10-10T06:26:47.5649246Z [2mdist/[22m[2massets/[22m[35mindex-BQPx7lJM.css             [39m[1m[2m  3.56 kB[22m[1m[22m[2m │ gzip:   1.33 kB[22m
2026-10-10T06:26:47.5650540Z [2mdist/[22m[2massets/[22m[36mdownload-8lJFmiSZ.js           [39m[1m[2m  0.23 kB[22m[1m[22m[2m │ gzip:   0.17 kB[22m
2026-10-10T06:26:47.5651814Z [2mdist/[22m[2massets/[22m[36mfilters-CM07jGKE.js            [39m[1m[2m  0.32 kB[22m[1m[22m[2m │ gzip:   0.25 kB[22m
2026-10-10T06:26:47.5652668Z [2mdist/[22m[2massets/[22m[36mhooks-L2nh8X7I.js              [39m[1m[2m  4.59 kB[22m[1m[22m[2m │ gzip:   2.15 kB[22m
2026-10-10T06:26:47.5653439Z [2mdist/[22m[2massets/[22m[36mdraft-conflict-CQUoJQ4o.js     [39m[1m[2m  5.37 kB[22m[1m[22m[2m │ gzip:   2.49 kB[22m
2026-10-10T06:26:47.5654208Z [2mdist/[22m[2massets/[22m[36mindex-mquMxiPF.js              [39m[1m[2m  8.25 kB[22m[1m[22m[2m │ gzip:   3.27 kB[22m
2026-10-10T06:26:47.5655035Z [2mdist/[22m[2massets/[22m[36mindex-CiWOs-TV.js              [39m[1m[2m  9.42 kB[22m[1m[22m[2m │ gzip:   3.73 kB[22m
2026-10-10T06:26:47.5655734Z [2mdist/[22m[2massets/[22m[36mindex-DQGrQuEv.js              [39m[1m[2m 13.14 kB[22m[1m[22m[2m │ gzip:   5.19 kB[22m
2026-10-10T06:26:47.5656452Z [2mdist/[22m[2massets/[22m[36mindex-OVGPogNo.js              [39m[1m[2m 15.39 kB[22m[1m[22m[2m │ gzip:   5.90 kB[22m
2026-10-10T06:26:47.5657139Z [2mdist/[22m[2massets/[22m[36mindex-Bd9mcE3C.js              [39m[1m[2m 16.98 kB[22m[1m[22m[2m │ gzip:   5.58 kB[22m
2026-10-10T06:26:47.5657837Z [2mdist/[22m[2massets/[22m[36mindex-Bg61UgeK.js              [39m[1m[2m 16.99 kB[22m[1m[22m[2m │ gzip:   5.81 kB[22m
2026-10-10T06:26:47.5658537Z [2mdist/[22m[2massets/[22m[36mindex-PCRh2M1X.js              [39m[1m[2m 18.85 kB[22m[1m[22m[2m │ gzip:   6.33 kB[22m
2026-10-10T06:26:47.5659251Z [2mdist/[22m[2massets/[22m[36mindex-BUtDDvPf.js              [39m[1m[2m 19.08 kB[22m[1m[22m[2m │ gzip:   7.02 kB[22m
2026-10-10T06:26:47.5659942Z [2mdist/[22m[2massets/[22m[36mindex-CvmCKMdV.js              [39m[1m[2m 20.90 kB[22m[1m[22m[2m │ gzip:   6.92 kB[22m
2026-10-10T06:26:47.5660638Z [2mdist/[22m[2massets/[22m[36mindex-Dzt3sNfY.js              [39m[1m[2m 21.23 kB[22m[1m[22m[2m │ gzip:   7.65 kB[22m
2026-10-10T06:26:47.5661312Z [2mdist/[22m[2massets/[22m[36mindex-RfTtRmBG.js              [39m[1m[2m 24.80 kB[22m[1m[22m[2m │ gzip:   8.25 kB[22m
2026-10-10T06:26:47.5662179Z [2mdist/[22m[2massets/[22m[36mindex-DWs4xu4k.js              [39m[1m[2m 25.06 kB[22m[1m[22m[2m │ gzip:   8.46 kB[22m
2026-10-10T06:26:47.5662849Z [2mdist/[22m[2massets/[22m[36mindex-BSXDucyP.js              [39m[1m[2m 30.93 kB[22m[1m[22m[2m │ gzip:   9.93 kB[22m
2026-10-10T06:26:47.5663527Z [2mdist/[22m[2massets/[22m[36mindex-DattA6PL.js              [39m[1m[2m 32.48 kB[22m[1m[22m[2m │ gzip:  10.82 kB[22m
2026-10-10T06:26:47.5664209Z [2mdist/[22m[2massets/[22m[36mquery-Df7VyXaF.js              [39m[1m[2m 33.15 kB[22m[1m[22m[2m │ gzip:   9.92 kB[22m
2026-10-10T06:26:47.5665065Z [2mdist/[22m[2massets/[22m[36mindex-WDyY7fx-.js              [39m[1m[2m 42.03 kB[22m[1m[22m[2m │ gzip:  11.49 kB[22m
2026-10-10T06:26:47.5666055Z [2mdist/[22m[2massets/[22m[36mi18n-D4N_7Z3Q.js               [39m[1m[2m 46.14 kB[22m[1m[22m[2m │ gzip:  15.12 kB[22m
2026-10-10T06:26:47.5666723Z [2mdist/[22m[2massets/[22m[36mindex-BeRebE9w.js              [39m[1m[2m 64.28 kB[22m[1m[22m[2m │ gzip:  17.67 kB[22m
2026-10-10T06:26:47.5667428Z [2mdist/[22m[2massets/[22m[36mschemas-CoWCwirf.js            [39m[1m[2m 85.75 kB[22m[1m[22m[2m │ gzip:  25.72 kB[22m
2026-10-10T06:26:47.5668130Z [2mdist/[22m[2massets/[22m[36mindex-DgXyZ4_1.js              [39m[1m[2m100.89 kB[22m[1m[22m[2m │ gzip:  32.02 kB[22m
2026-10-10T06:26:47.5668838Z [2mdist/[22m[2massets/[22m[36mschema-validation-B78jEm7B.js  [39m[1m[2m149.80 kB[22m[1m[22m[2m │ gzip:  45.12 kB[22m
2026-10-10T06:26:47.5669672Z [2mdist/[22m[2massets/[22m[36mreact-runtime-gLMyUIL2.js      [39m[1m[2m279.79 kB[22m[1m[22m[2m │ gzip:  90.28 kB[22m
2026-10-10T06:26:47.5670395Z [2mdist/[22m[2massets/[22m[36mcharts-BwhaRlrs.js             [39m[1m[2m320.23 kB[22m[1m[22m[2m │ gzip:  96.79 kB[22m
2026-10-10T06:26:47.5671079Z [2mdist/[22m[2massets/[22m[36mmui-CJj7QyVx.js                [39m[1m[2m328.77 kB[22m[1m[22m[2m │ gzip: 100.20 kB[22m
2026-10-10T06:26:47.5671787Z [2mdist/[22m[2massets/[22m[36mcontract-data-BRT-TOMX.js      [39m[1m[2m368.62 kB[22m[1m[22m[2m │ gzip:  42.83 kB[22m
2026-10-10T06:26:47.5672241Z [32m✓ built in 5.03s[39m
2026-10-10T06:26:47.7211421Z 
2026-10-10T06:26:47.7211998Z > botsales-frontend@0.1.0 test:layout
2026-10-10T06:26:47.7212694Z > node --test tests/layout-checker.test.mjs tests/ui-layout-binding-gates.test.mjs && node scripts/check-layout.mjs
2026-10-10T06:26:47.7213054Z 
2026-10-10T06:27:25.2449435Z ✔ CSS label gap accepts the canonical direct pixel constructor and its exact owner/property (1691.576875ms)
2026-10-10T06:27:25.2450849Z ✔ CSS label gap cannot be used as an unrelated spacing property (1708.087097ms)
2026-10-10T06:27:25.2451933Z ✔ CSS label gap rejects a raw pixel constructor argument (1719.858487ms)
2026-10-10T06:27:25.2452998Z ✔ CSS label gap cannot impersonate a role from another owner (1713.480251ms)
2026-10-10T06:27:25.2454315Z ✔ accepts semantic bridge roles, the closed token-derived factor map, geometry, and reset values (1642.985119ms)
2026-10-10T06:27:25.2465805Z ✔ rejects a CSS spacing role without a declared shared owner (1697.420028ms)
2026-10-10T06:27:25.2495948Z ✔ rejects scale-conforming and off-scale literals in sx, responsive leaves, named and namespace MUI System props (1690.681887ms)
2026-10-10T06:27:25.2498410Z ✔ follows local aliases and style callbacks; rejects theme spacing helpers and preset overrides (1659.198194ms)
2026-10-10T06:27:25.2499805Z ✔ scans nested slotProps but does not confuse event handlers or geometric dimensions with spacing (1699.712954ms)
2026-10-10T06:27:25.2501328Z ✔ keeps Panel geometry inspectable and rejects spacing hidden in its geometry prop (5000.859761ms)
2026-10-10T06:27:25.2502670Z ✔ accepts only an exact CSS exception and reports stale or mismatched exception scope (5041.23238ms)
2026-10-10T06:27:25.2504001Z ✔ rejects malformed TypeScript, malformed CSS, bad exception schema, and raw values in the bridge (6984.569591ms)
2026-10-10T06:27:25.2505938Z ✔ rejects canonical pixel tokens used as MUI factors and an altered bridge factor table (3507.720964ms)
2026-10-10T06:27:25.2507147Z ✔ report mode inventories migration debt without turning findings into PASS (1689.80184ms)
2026-10-10T06:29:11.1904023Z ✔ canonical writes through casts and aliases fail outside style expressions (1796.765848ms)
2026-10-10T06:29:11.1908709Z ✔ Object.assign cannot mutate canonical data but can copy to a fresh object (3534.659138ms)
2026-10-10T06:29:11.1909883Z ✔ layout gate rejects raw spacing on const alias of MUI component (1777.378384ms)
2026-10-10T06:29:11.1910917Z ✔ canonical mutation gate follows global mutator aliases and reflection (1868.854373ms)
2026-10-10T06:29:11.1911942Z ✔ local mutator names do not acquire global mutation identity (1765.53873ms)
2026-10-10T06:29:11.1912904Z ✔ destructured mutators and call/apply retain canonical mutation checks (1792.958823ms)
2026-10-10T06:29:11.1916778Z ✔ global mutator call/apply can copy canonical values into fresh objects (1743.977336ms)
2026-10-10T06:29:11.1917643Z ✔ mutable aliases with possible canonical destinations fail closed (1767.935865ms)
2026-10-10T06:29:11.1924989Z ✔ opaque apply arguments fail closed while unrelated mutable data stays valid (3495.908588ms)
2026-10-10T06:29:11.1926016Z ✔ canonical references inside containers and destructured aliases cannot be mutated (1768.399715ms)
2026-10-10T06:29:11.1926979Z ✔ independent shallow copies of scalar canonical fields remain mutable (1819.614135ms)
2026-10-10T06:29:11.1928322Z ✔ array references and nested destructuring preserve canonical write provenance (1883.477192ms)
2026-10-10T06:29:11.1932547Z ✔ array destinations distinguish independent elements from canonical references (1822.075421ms)
2026-10-10T06:29:11.1961344Z ✔ array destructuring, dynamic indices and spread cannot hide canonical references (1852.215883ms)
2026-10-10T06:29:11.1962380Z ✔ dynamic indices and destructuring of independent arrays stay mutable (1747.239043ms)
2026-10-10T06:29:11.1975723Z ✔ function parameters cannot hide canonical mutation across source files (1799.736866ms)
2026-10-10T06:29:11.1976794Z ✔ read-only helpers and mutations of unrelated arguments remain valid (1752.241122ms)
2026-10-10T06:29:11.1977828Z ✔ returned canonical references remain protected across helper boundaries (1789.996301ms)
2026-10-10T06:29:11.1978922Z ✔ helper returns of fresh scalar copies do not retain canonical destination identity (1761.342531ms)
2026-10-10T06:29:11.1979942Z ✔ destructured object parameters cannot mutate canonical arguments (1336.291552ms)
2026-10-10T06:29:11.1980955Z ✔ destructured object parameters retain independent argument mutability (1347.845404ms)
2026-10-10T06:29:11.1981971Z ✔ default parameter and binding initializers cannot hide canonical mutations (1362.544976ms)
2026-10-10T06:29:11.1994517Z ✔ fresh default parameter and binding copies remain mutable (1332.782737ms)
2026-10-10T06:29:11.1995432Z ✔ rest parameters retain canonical argument write provenance (1351.977112ms)
2026-10-10T06:29:11.1996304Z ✔ rest parameters distinguish independent positions from canonical siblings (1346.40771ms)
2026-10-10T06:29:11.1997321Z ✔ finite spread arguments preserve shifted positional and rest destinations (1354.882352ms)
2026-10-10T06:29:11.1998267Z ✔ finite spread expansion keeps independent argument positions mutable (1347.90323ms)
2026-10-10T06:29:11.1999115Z ✔ opaque spreads keep positional mutation destinations unknown (1354.588027ms)
2026-10-10T06:29:11.2000007Z ✔ opaque spreads into read-only helpers do not invent mutation findings (1332.025264ms)
2026-10-10T06:29:11.2001063Z ✔ array parameter patterns retain canonical positions including nested object arrays (1353.398199ms)
2026-10-10T06:29:11.2002127Z ✔ array parameter patterns retain independent bound element mutability (1342.295591ms)
2026-10-10T06:29:11.2003017Z ✔ layout gate rejects parameter shadow of canonical layout name (1340.430035ms)
2026-10-10T06:29:11.2003813Z ✔ layout gate follows genuine renamed styled factory (1327.264537ms)
2026-10-10T06:29:11.2005147Z ✔ layout gate accepts canonical namespace, element access and barrel alias (1336.162352ms)
2026-10-10T06:29:11.2006056Z ✔ layout gate does not mistake local component named Stack for MUI (1342.479729ms)
2026-10-10T06:29:11.2006822Z ✔ layout gate inspects renamed installed Emotion css tag (1329.771436ms)
2026-10-10T06:29:11.2007624Z ✔ layout gate preserves genuine aliased Controller field forwarding (1326.739478ms)
2026-10-10T06:29:11.2008489Z ✔ a same-named local Controller cannot exempt an unknown prop spread (1323.30074ms)
2026-10-10T06:29:11.2009391Z ✔ genuine useForm registration survives property and destructured aliases (1324.910489ms)
2026-10-10T06:29:11.2010283Z ✔ a function named register cannot exempt injected style props (1319.422633ms)
2026-10-10T06:29:11.2011176Z ✔ a bridge callback parameter cannot impersonate its private factor binding (1336.890774ms)
2026-10-10T06:29:11.2012104Z ✔ opaque namespace component selection remains a strict binding failure (1337.2115ms)
2026-10-10T06:29:11.2012895Z ✔ opaque namespace factory cannot hide style arguments (1334.970543ms)
2026-10-10T06:29:11.2013707Z ✔ MUI re-export cannot hide raw spacing behind a first-party barrel (1330.411803ms)
2026-10-10T06:29:11.2014567Z ✔ destructuring assignments cannot hide canonical write targets (1337.30614ms)
2026-10-10T06:29:11.2015664Z ✔ destructuring assignments can update independent copied destinations (1345.243995ms)
2026-10-10T06:29:11.2016655Z ✔ object rest retains nested canonical references while copying the outer object (1343.103045ms)
2026-10-10T06:29:11.2017863Z ✔ rest scalar copies and replacement of container references stay mutable (1349.171738ms)
2026-10-10T06:29:11.2030110Z ✔ shallow object spread preserves canonical child references and last-writer order (1349.702021ms)
2026-10-10T06:29:11.2034590Z ✔ shallow spread with a later independent override stays mutable (1330.474802ms)
2026-10-10T06:29:11.2035869Z ✔ exported mutable aliases retain assignments from their declaring file (1349.243602ms)
2026-10-10T06:29:11.2036969Z ✔ exported independent mutable data does not acquire canonical provenance (1325.41806ms)
2026-10-10T06:29:11.2037825Z ✔ literal computed keys retain canonical container and parameter provenance (1334.559816ms)
2026-10-10T06:29:11.2038445Z ✔ literal computed keys do not taint independent selected properties (1333.922064ms)
2026-10-10T06:29:11.2039066Z ✔ Object.assign shallow copies retain canonical nested reference provenance (1357.374022ms)
2026-10-10T06:29:11.2039695Z ✔ Object.assign later independent overrides and scalar copies stay mutable (1339.214063ms)
2026-10-10T06:29:11.2040355Z ✔ union and dynamic property selections retain possible canonical destinations (1356.101984ms)
2026-10-10T06:29:11.2041005Z ✔ finite union property selections exclude canonical siblings not in the key set (1344.165862ms)
2026-10-10T06:29:11.2041643Z ✔ union selection over Object.assign output retains canonical child provenance (1369.993539ms)
2026-10-10T06:29:11.2042256Z ✔ union selection over independent Object.assign output remains mutable (1338.61677ms)
2026-10-10T06:29:11.2042885Z ✔ Reflect.set call/apply checks the target argument rather than the assigned value (4018.810513ms)
2026-10-10T06:29:11.2043488Z ✔ aliased React createElement checks MUI and native style objects (1343.021597ms)
2026-10-10T06:29:11.2044070Z ✔ GlobalStyles.styles is checked and local createElement names stay local (2665.496391ms)
2026-10-10T06:29:11.2044656Z ✔ React JSX runtime factories cannot bypass MUI or native style checks (1333.686168ms)
2026-10-10T06:29:11.2046851Z ✔ React cloneElement checks the cloned MUI element and preserves native props (5347.284265ms)
2026-10-10T06:29:11.2047958Z ✔ Emotion css props and object factories are inspected with native CSS semantics (4022.154832ms)
2026-10-10T06:29:11.2049321Z ✔ Inline style elements in JSX, React factories, DOM and the HTML entry fail closed (10722.225555ms)
2026-10-10T06:29:11.2050379Z ✔ DOM CSSOM spacing writes use semantic roles and reject opaque style strings (2719.763131ms)
2026-10-10T06:29:11.2051732Z ✔ HTML parsing and runtime stylesheet mutation cannot bypass the imported CSS boundary (2686.577247ms)
2026-10-10T06:29:11.2052870Z ✔ spacing shorthand values and responsive breakpoints preserve token and unit provenance (13348.518519ms)
2026-10-10T06:29:11.2053900Z ✔ function return producers cannot hide canonical children behind spreads (1351.194611ms)
2026-10-10T06:29:11.2054979Z ✔ producer spreads keep later independent child overrides writable (1311.630085ms)
2026-10-10T06:29:11.2118744Z ℹ tests 86
2026-10-10T06:29:11.2119119Z ℹ suites 0
2026-10-10T06:29:11.2119432Z ℹ pass 86
2026-10-10T06:29:11.2119737Z ℹ fail 0
2026-10-10T06:29:11.2120106Z ℹ cancelled 0
2026-10-10T06:29:11.2120491Z ℹ skipped 0
2026-10-10T06:29:11.2120820Z ℹ todo 0
2026-10-10T06:29:11.2121194Z ℹ duration_ms 143462.93121
2026-10-10T06:29:17.3488038Z layout-check PASS: 93 source files, 0 finding(s), 1 exception(s) used
2026-10-10T06:29:17.5103113Z 
2026-10-10T06:29:17.5103759Z > botsales-frontend@0.1.0 test:visual-tokens
2026-10-10T06:29:17.5104583Z > node --test tests/visual-token-checker.test.mjs && node scripts/check-visual-tokens.mjs
2026-10-10T06:29:17.5105263Z 
2026-10-10T06:29:20.6211660Z ✔ visual checker accepts canonical theme roles, token references, geometry and semantic responsive props (808.808807ms)
2026-10-10T06:29:20.6213414Z ✔ visual checker rejects raw literals across sx, JSX system props and CSS declarations (481.861462ms)
2026-10-10T06:29:20.6214472Z ✔ visual checker follows local style aliases and callback themes, but fails raw nested values (461.886196ms)
2026-10-10T06:29:20.6217102Z ✔ visual checker reports unresolved spreads and malformed style sources as UNKNOWN or parse errors (430.606408ms)
2026-10-10T06:29:20.6218269Z ✔ visual checker includes newly added TSX files under the source root (472.297211ms)
2026-10-10T06:29:20.6816753Z ℹ tests 5
2026-10-10T06:29:20.6817032Z ℹ suites 0
2026-10-10T06:29:20.6817308Z ℹ pass 5
2026-10-10T06:29:20.6818289Z ℹ fail 0
2026-10-10T06:29:20.6818544Z ℹ cancelled 0
2026-10-10T06:29:20.6818822Z ℹ skipped 0
2026-10-10T06:29:20.6819081Z ℹ todo 0
2026-10-10T06:29:20.6819352Z ℹ duration_ms 3144.022289
2026-10-10T06:29:25.2296099Z visual-token-check PASS: 92 source files, 0 finding(s)
2026-10-10T06:29:25.3664296Z 
2026-10-10T06:29:25.3665052Z > botsales-frontend@0.1.0 test:ui-composition
2026-10-10T06:29:25.3666377Z > node --test tests/ui-composition-checker.test.mjs tests/ui-composition-ancestry.test.mjs tests/ui-shared-api-contract.test.mjs && node scripts/check-ui-composition.mjs
2026-10-10T06:29:25.3667236Z 
2026-10-10T06:29:39.0575913Z ✔ P10/P15 catch alias and neutral-wrapper duplicate insets through fragments and conditionals (1110.500205ms)
2026-10-10T06:29:39.0577499Z ✔ P20 resolves shared composition identities through a barrel and const component aliases (695.994297ms)
2026-10-10T06:29:39.0579049Z ✔ P11/P13 catch static element access roles on every MUI surface, including Paper (598.417865ms)
2026-10-10T06:29:39.0580100Z ✔ P12 checks React createElement and JSX-runtime element factories (566.266466ms)
2026-10-10T06:29:39.0581114Z ✔ P14 resolves bodyMode literal aliases and fails closed when ownership is unknown (1919.376203ms)
2026-10-10T06:29:39.0582053Z ✔ checks Panel ancestry when React elements are created natively (600.739352ms)
2026-10-10T06:29:39.0582999Z ✔ keeps independent nested surfaces and portaled dialogs as separate owners (1084.860006ms)
2026-10-10T06:29:39.0586222Z ✔ accepts finite bodyMode branches and every mode in the public component contracts (1402.999435ms)
2026-10-10T06:29:39.0587117Z ✔ stops inherited gap ownership at Panels and independent bordered surfaces (846.69233ms)
2026-10-10T06:29:39.0587991Z ✔ tracks gaps through fragments, conditions and ready QueryState, but not inside DOM wrappers (418.329405ms)
2026-10-10T06:29:39.0588893Z ✔ applies the same finite modes and wrapper boundaries to native React factories (854.010474ms)
2026-10-10T06:29:39.0590150Z ✔ recognizes native outlined Paper and nested Box surface inset boundaries (826.453716ms)
2026-10-10T06:29:39.0591091Z ✔ fails closed when an unresolved custom wrapper obscures a semantic gap owner (431.138379ms)
2026-10-10T06:29:39.0592169Z ✔ rejects unsupported placement and rhythm values while accepting finite aliases and branches (827.317304ms)
2026-10-10T06:29:39.0593083Z ✔ rejects unsupported finite values through React element factories (853.079495ms)
2026-10-10T06:29:39.1521763Z ✔ accepts semantic composition, closed geometry and business-specific MUI primitives (15.914115ms)
2026-10-10T06:29:39.1522699Z ✔ rejects rebuilding each shared spacing owner at a consumer (8.166919ms)
2026-10-10T06:29:39.1523586Z ✔ follows aliases, local style variables, object spreads and namespace imports (4.895951ms)
2026-10-10T06:29:39.1524463Z ✔ rejects direct and spread spacing overrides on semantic components (1.434861ms)
2026-10-10T06:29:39.1525409Z ✔ rejects spacing or opaque spreads hidden in geometry (0.614062ms)
2026-10-10T06:29:39.1526292Z ✔ allows the canonical owner implementation and fails closed on malformed source (1.537734ms)
2026-10-10T06:29:39.1526959Z ✔ rejects duplicated parent boundary and duplicated Panel inset (1.496512ms)
2026-10-10T06:29:39.1527460Z ✔ checks default MUI imports and fails closed for opaque geometry (0.850894ms)
2026-10-10T06:29:39.1528001Z ✔ distinguishes content grids from flex flows when reporting the shared owner (0.685217ms)
2026-10-10T06:29:39.1528602Z ✔ rejects page spacing for paired fields and peer Panels without a section gap owner (4.85441ms)
2026-10-10T06:29:39.1529857Z ✔ related sibling gaps belong to ActionGroup comfortable density, not consumer Stack styles (1.111631ms)
2026-10-10T06:29:39.1530830Z ✔ density profiles are finite and new spacing paths retain the shared owner (2.597819ms)
2026-10-10T06:29:39.1531615Z ✔ Amount consumers declare wrapping outside DataTable columns and keep table money unbroken (140.523904ms)
2026-10-10T06:29:39.1532255Z ✔ the shared catalog covers every public React component and supporting Column type (90.078497ms)
2026-10-10T06:29:39.1532862Z ✔ SPC-067 covers discovered public Shared APIs without a fixed export count (1.045292ms)
2026-10-10T06:29:39.1533374Z ✔ every public React API has a direct rendered contract test (1.765142ms)
2026-10-10T06:29:39.1533909Z ✔ catalog declaration lines and stated JSX counts match resolved source symbols (220.642134ms)
2026-10-10T06:29:39.1534587Z ✔ every shared React export has a resolved production consumer or an explicit zero-use lifecycle decision (149.978344ms)
2026-10-10T06:29:39.1535502Z ✔ required UI evidence and regression gates remain wired to root verify and the active parent workflow (0.623136ms)
2026-10-10T06:29:39.1536108Z ✔ composition prop allowlists match the TypeScript owners exactly (0.361426ms)
2026-10-10T06:29:39.1536639Z ✔ QueryState uses only the approved inline and section pending profiles (0.48514ms)
2026-10-10T06:29:39.1537311Z ✔ QueryState consumers reserve section loading for primary content and keep every other state inline by default (109.89077ms)
2026-10-10T06:29:39.1537973Z ✔ body modes, placement roles and geometry keys match the TypeScript contracts (2.359474ms)
2026-10-10T06:29:39.1538835Z ✔ Panel geometry and DataTable columns remain closed public contracts (7.552697ms)
2026-10-10T06:29:39.1539511Z ✔ shared component and composition props expose no arbitrary layout/style escape hatch (0.385883ms)
2026-10-10T06:29:39.1540142Z ✔ layout role types, runtime values, consumers and ownership documentation stay closed (5101.052979ms)
2026-10-10T06:29:39.1540525Z ℹ tests 41
2026-10-10T06:29:39.1540691Z ℹ suites 0
2026-10-10T06:29:39.1540868Z ℹ pass 41
2026-10-10T06:29:39.1541035Z ℹ fail 0
2026-10-10T06:29:39.1541209Z ℹ cancelled 0
2026-10-10T06:29:39.1541387Z ℹ skipped 0
2026-10-10T06:29:39.1541552Z ℹ todo 0
2026-10-10T06:29:39.1541745Z ℹ duration_ms 13760.473236
2026-10-10T06:30:51.5295628Z ui-composition PASS: 91 source files, 0 finding(s)
2026-10-10T06:30:51.5295968Z 
2026-10-10T06:30:51.6874108Z 
2026-10-10T06:30:51.6874374Z > botsales-frontend@0.1.0 test:evidence
2026-10-10T06:30:51.6875357Z > node --test tests/ui-evidence-validator.test.mjs && node scripts/validate-ui-evidence.mjs evidence/frontend-ui-improvements/ui-governance-rollout-20261007/S17-current-evidence.json
2026-10-10T06:30:51.6875897Z 
2026-10-10T06:30:51.7708754Z ✔ accepts current fingerprints, honest open coverage, and explained N/A (3.01621ms)
2026-10-10T06:30:51.7711898Z ✔ rejects a stale source fingerprint (1.466178ms)
2026-10-10T06:30:51.7712561Z ✔ rejects a stale command log (0.760569ms)
2026-10-10T06:30:51.7714602Z ✔ rejects missing, absolute, and escaping source paths (0.683545ms)
2026-10-10T06:30:51.7715781Z ✔ rejects unrun, missing, duplicate, and nonzero command results marked PASS (0.751757ms)
2026-10-10T06:30:51.7716667Z ✔ rejects PASS when expected and observed results differ (0.628423ms)
2026-10-10T06:30:51.7717456Z ✔ rejects inconsistent coverage and N/A without a reason (0.562846ms)
2026-10-10T06:30:51.7718571Z ✔ rejects a baseline falsely dated after implementation started and detects changed baseline artifacts (0.896121ms)
2026-10-10T06:30:51.7719648Z ✔ COMPLETE cannot contain open coverage or failed commands (0.829542ms)
2026-10-10T06:30:51.7720667Z ✔ S19 must explicitly reconcile files, APIs, routes, rendered routes, slots, and states (0.865465ms)
2026-10-10T06:30:51.7722046Z ✔ rejects malformed top-level evidence instead of treating missing fields as success (0.474455ms)
2026-10-10T06:30:51.7793378Z ℹ tests 11
2026-10-10T06:30:51.7793685Z ℹ suites 0
2026-10-10T06:30:51.7793959Z ℹ pass 11
2026-10-10T06:30:51.7794228Z ℹ fail 0
2026-10-10T06:30:51.7795281Z ℹ cancelled 0
2026-10-10T06:30:51.7795682Z ℹ skipped 0
2026-10-10T06:30:51.7795952Z ℹ todo 0
2026-10-10T06:30:51.7796257Z ℹ duration_ms 64.295234
2026-10-10T06:30:51.8347553Z ui-evidence PASS: S17; 3 command/log record(s), 3 coverage row(s), 275 current fingerprint(s); status=COMPLETE
2026-10-10T06:30:51.8533510Z ##[group]Run npm run test:e2e -- --project=chromium --reporter=line
2026-10-10T06:30:51.8533911Z [36;1mnpm run test:e2e -- --project=chromium --reporter=line[0m
2026-10-10T06:30:51.8590508Z shell: /usr/bin/bash -e {0}
2026-10-10T06:30:51.8590718Z ##[endgroup]
2026-10-10T06:30:51.9420497Z 
2026-10-10T06:30:51.9421042Z > botsales-frontend@0.1.0 test:e2e
2026-10-10T06:30:51.9421516Z > node scripts/run-e2e.mjs --project=chromium --reporter=line
2026-10-10T06:30:51.9421739Z 
2026-10-10T06:30:51.9676871Z 
2026-10-10T06:30:51.9677329Z > npm run setup
2026-10-10T06:30:52.0397870Z 
2026-10-10T06:30:52.0398452Z > botsales-frontend@0.1.0 setup
2026-10-10T06:30:52.0398879Z > node scripts/setup.mjs
2026-10-10T06:30:52.0399069Z 
2026-10-10T06:30:52.2076235Z {"status":"PASS","outputs":15,"schemas":346,"operations":245,"routes":61}
2026-10-10T06:30:52.2868952Z Copying the worker script at "/home/runner/work/Bot-AI-Ban-hang-FB/Bot-AI-Ban-hang-FB/BotSalesAI_Frontend/apps/web/public"...
2026-10-10T06:30:52.2902230Z 
2026-10-10T06:30:52.2902794Z [32mWorker script successfully copied![39m
2026-10-10T06:30:52.2903264Z [90m  - public
2026-10-10T06:30:52.2903553Z [39m
2026-10-10T06:30:52.2903978Z Continue by describing the network in your application:
2026-10-10T06:30:52.2904291Z 
2026-10-10T06:30:52.2904305Z 
2026-10-10T06:30:52.2904634Z [31m[1mhttps://mswjs.io/docs/quick-start[22m[39m
2026-10-10T06:30:52.2905104Z 
2026-10-10T06:30:52.2956313Z Thiết lập xong. npm run dev chạy frontend mô phỏng; không kết nối khách hàng hoặc provider thật.
2026-10-10T06:30:52.3048861Z 
2026-10-10T06:30:52.3049090Z > npm run build
2026-10-10T06:30:52.3806581Z 
2026-10-10T06:30:52.3807098Z > botsales-frontend@0.1.0 build
2026-10-10T06:30:52.3807836Z > npm run generate:check && npm run typecheck && npm run build --workspace @botsales/web
2026-10-10T06:30:52.3808262Z 
2026-10-10T06:30:52.4569704Z 
2026-10-10T06:30:52.4570257Z > botsales-frontend@0.1.0 generate:check
2026-10-10T06:30:52.4570791Z > node scripts/generate.mjs --check
2026-10-10T06:30:52.4571023Z 
2026-10-10T06:30:52.6045658Z {"status":"PASS","outputs":15,"schemas":346,"operations":245,"routes":61}
2026-10-10T06:30:52.6913016Z 
2026-10-10T06:30:52.6913451Z > botsales-frontend@0.1.0 typecheck
2026-10-10T06:30:52.6913810Z > tsc -p apps/web/tsconfig.json --noEmit
2026-10-10T06:30:52.6913984Z 
2026-10-10T06:30:58.2435276Z 
2026-10-10T06:30:58.2435842Z > @botsales/web@0.1.0 build
2026-10-10T06:30:58.2436318Z > vite build --mode production
2026-10-10T06:30:58.2436553Z 
2026-10-10T06:30:58.3723511Z [36mvite v7.3.6 [32mbuilding client environment for production...[36m[39m
2026-10-10T06:30:58.4193677Z transforming...
2026-10-10T06:31:02.7978366Z [32m✓[39m 2077 modules transformed.
2026-10-10T06:31:03.2545934Z rendering chunks...
2026-10-10T06:31:03.4203681Z computing gzip size...
2026-10-10T06:31:03.4402710Z [2mdist/[22m[32mindex.html                            [39m[1m[2m  1.23 kB[22m[1m[22m[2m │ gzip:   0.61 kB[22m
2026-10-10T06:31:03.4403987Z [2mdist/[22m[2massets/[22m[35mindex-BQPx7lJM.css             [39m[1m[2m  3.56 kB[22m[1m[22m[2m │ gzip:   1.33 kB[22m
2026-10-10T06:31:03.4405414Z [2mdist/[22m[2massets/[22m[36mdownload-8lJFmiSZ.js           [39m[1m[2m  0.23 kB[22m[1m[22m[2m │ gzip:   0.17 kB[22m
2026-10-10T06:31:03.4408686Z [2mdist/[22m[2massets/[22m[36mfilters-CM07jGKE.js            [39m[1m[2m  0.32 kB[22m[1m[22m[2m │ gzip:   0.25 kB[22m
2026-10-10T06:31:03.4409929Z [2mdist/[22m[2massets/[22m[36mhooks-L2nh8X7I.js              [39m[1m[2m  4.59 kB[22m[1m[22m[2m │ gzip:   2.15 kB[22m
2026-10-10T06:31:03.4411122Z [2mdist/[22m[2massets/[22m[36mdraft-conflict-CQUoJQ4o.js     [39m[1m[2m  5.37 kB[22m[1m[22m[2m │ gzip:   2.49 kB[22m
2026-10-10T06:31:03.4412318Z [2mdist/[22m[2massets/[22m[36mindex-mquMxiPF.js              [39m[1m[2m  8.25 kB[22m[1m[22m[2m │ gzip:   3.27 kB[22m
2026-10-10T06:31:03.4413869Z [2mdist/[22m[2massets/[22m[36mindex-CiWOs-TV.js              [39m[1m[2m  9.42 kB[22m[1m[22m[2m │ gzip:   3.73 kB[22m
2026-10-10T06:31:03.4415100Z [2mdist/[22m[2massets/[22m[36mindex-DQGrQuEv.js              [39m[1m[2m 13.14 kB[22m[1m[22m[2m │ gzip:   5.19 kB[22m
2026-10-10T06:31:03.4416104Z [2mdist/[22m[2massets/[22m[36mindex-OVGPogNo.js              [39m[1m[2m 15.39 kB[22m[1m[22m[2m │ gzip:   5.90 kB[22m
2026-10-10T06:31:03.4417179Z [2mdist/[22m[2massets/[22m[36mindex-Bd9mcE3C.js              [39m[1m[2m 16.98 kB[22m[1m[22m[2m │ gzip:   5.58 kB[22m
2026-10-10T06:31:03.4418228Z [2mdist/[22m[2massets/[22m[36mindex-Bg61UgeK.js              [39m[1m[2m 16.99 kB[22m[1m[22m[2m │ gzip:   5.81 kB[22m
2026-10-10T06:31:03.4419317Z [2mdist/[22m[2massets/[22m[36mindex-PCRh2M1X.js              [39m[1m[2m 18.85 kB[22m[1m[22m[2m │ gzip:   6.33 kB[22m
2026-10-10T06:31:03.4420424Z [2mdist/[22m[2massets/[22m[36mindex-BUtDDvPf.js              [39m[1m[2m 19.08 kB[22m[1m[22m[2m │ gzip:   7.02 kB[22m
2026-10-10T06:31:03.4421475Z [2mdist/[22m[2massets/[22m[36mindex-CvmCKMdV.js              [39m[1m[2m 20.90 kB[22m[1m[22m[2m │ gzip:   6.92 kB[22m
2026-10-10T06:31:03.4422671Z [2mdist/[22m[2massets/[22m[36mindex-Dzt3sNfY.js              [39m[1m[2m 21.23 kB[22m[1m[22m[2m │ gzip:   7.65 kB[22m
2026-10-10T06:31:03.4423798Z [2mdist/[22m[2massets/[22m[36mindex-RfTtRmBG.js              [39m[1m[2m 24.80 kB[22m[1m[22m[2m │ gzip:   8.25 kB[22m
2026-10-10T06:31:03.4455140Z [2mdist/[22m[2massets/[22m[36mindex-DWs4xu4k.js              [39m[1m[2m 25.06 kB[22m[1m[22m[2m │ gzip:   8.46 kB[22m
2026-10-10T06:31:03.4456358Z [2mdist/[22m[2massets/[22m[36mindex-BSXDucyP.js              [39m[1m[2m 30.93 kB[22m[1m[22m[2m │ gzip:   9.93 kB[22m
2026-10-10T06:31:03.4457404Z [2mdist/[22m[2massets/[22m[36mindex-DattA6PL.js              [39m[1m[2m 32.48 kB[22m[1m[22m[2m │ gzip:  10.82 kB[22m
2026-10-10T06:31:03.4458564Z [2mdist/[22m[2massets/[22m[36mquery-Df7VyXaF.js              [39m[1m[2m 33.15 kB[22m[1m[22m[2m │ gzip:   9.92 kB[22m
2026-10-10T06:31:03.4459591Z [2mdist/[22m[2massets/[22m[36mindex-WDyY7fx-.js              [39m[1m[2m 42.03 kB[22m[1m[22m[2m │ gzip:  11.49 kB[22m
2026-10-10T06:31:03.4460609Z [2mdist/[22m[2massets/[22m[36mi18n-D4N_7Z3Q.js               [39m[1m[2m 46.14 kB[22m[1m[22m[2m │ gzip:  15.12 kB[22m
2026-10-10T06:31:03.4461567Z [2mdist/[22m[2massets/[22m[36mindex-BeRebE9w.js              [39m[1m[2m 64.28 kB[22m[1m[22m[2m │ gzip:  17.67 kB[22m
2026-10-10T06:31:03.4462565Z [2mdist/[22m[2massets/[22m[36mschemas-CoWCwirf.js            [39m[1m[2m 85.75 kB[22m[1m[22m[2m │ gzip:  25.72 kB[22m
2026-10-10T06:31:03.4463622Z [2mdist/[22m[2massets/[22m[36mindex-DgXyZ4_1.js              [39m[1m[2m100.89 kB[22m[1m[22m[2m │ gzip:  32.02 kB[22m
2026-10-10T06:31:03.4464942Z [2mdist/[22m[2massets/[22m[36mschema-validation-B78jEm7B.js  [39m[1m[2m149.80 kB[22m[1m[22m[2m │ gzip:  45.12 kB[22m
2026-10-10T06:31:03.4466029Z [2mdist/[22m[2massets/[22m[36mreact-runtime-gLMyUIL2.js      [39m[1m[2m279.79 kB[22m[1m[22m[2m │ gzip:  90.28 kB[22m
2026-10-10T06:31:03.4467065Z [2mdist/[22m[2massets/[22m[36mcharts-BwhaRlrs.js             [39m[1m[2m320.23 kB[22m[1m[22m[2m │ gzip:  96.79 kB[22m
2026-10-10T06:31:03.4468215Z [2mdist/[22m[2massets/[22m[36mmui-CJj7QyVx.js                [39m[1m[2m328.77 kB[22m[1m[22m[2m │ gzip: 100.20 kB[22m
2026-10-10T06:31:03.4469379Z [2mdist/[22m[2massets/[22m[36mcontract-data-BRT-TOMX.js      [39m[1m[2m368.62 kB[22m[1m[22m[2m │ gzip:  42.83 kB[22m
2026-10-10T06:31:03.4470193Z [32m✓ built in 5.06s[39m
2026-10-10T06:31:03.5209595Z 
2026-10-10T06:31:03.5210095Z > npm run build:demo
2026-10-10T06:31:03.5948704Z 
2026-10-10T06:31:03.5949341Z > botsales-frontend@0.1.0 build:demo
2026-10-10T06:31:03.5949968Z > npm run generate:check && npm run typecheck && npm run build:demo --workspace @botsales/web
2026-10-10T06:31:03.5950262Z 
2026-10-10T06:31:03.6707912Z 
2026-10-10T06:31:03.6708403Z > botsales-frontend@0.1.0 generate:check
2026-10-10T06:31:03.6708774Z > node scripts/generate.mjs --check
2026-10-10T06:31:03.6708929Z 
2026-10-10T06:31:03.8125106Z {"status":"PASS","outputs":15,"schemas":346,"operations":245,"routes":61}
2026-10-10T06:31:03.8971545Z 
2026-10-10T06:31:03.8972110Z > botsales-frontend@0.1.0 typecheck
2026-10-10T06:31:03.8972651Z > tsc -p apps/web/tsconfig.json --noEmit
2026-10-10T06:31:03.8972921Z 
2026-10-10T06:31:09.4477411Z 
2026-10-10T06:31:09.4477943Z > @botsales/web@0.1.0 build:demo
2026-10-10T06:31:09.4478355Z > vite build --mode demo --outDir dist-demo
2026-10-10T06:31:09.4478538Z 
2026-10-10T06:31:09.5733138Z [36mvite v7.3.6 [32mbuilding client environment for demo...[36m[39m
2026-10-10T06:31:09.6264235Z transforming...
2026-10-10T06:31:14.4386240Z [32m✓[39m 2293 modules transformed.
2026-10-10T06:31:14.9296376Z rendering chunks...
2026-10-10T06:31:15.1403018Z computing gzip size...
2026-10-10T06:31:15.1648436Z [2mdist-demo/[22m[32mindex.html                            [39m[1m[2m  1.23 kB[22m[1m[22m[2m │ gzip:   0.61 kB[22m
2026-10-10T06:31:15.1649717Z [2mdist-demo/[22m[2massets/[22m[35mindex-BQPx7lJM.css             [39m[1m[2m  3.56 kB[22m[1m[22m[2m │ gzip:   1.33 kB[22m
2026-10-10T06:31:15.1650952Z [2mdist-demo/[22m[2massets/[22m[36mdownload-CWiaXb8A.js           [39m[1m[2m  0.24 kB[22m[1m[22m[2m │ gzip:   0.17 kB[22m
2026-10-10T06:31:15.1656198Z [2mdist-demo/[22m[2massets/[22m[36mfilters-CirfTR7_.js            [39m[1m[2m  0.32 kB[22m[1m[22m[2m │ gzip:   0.25 kB[22m
2026-10-10T06:31:15.1657404Z [2mdist-demo/[22m[2massets/[22m[36mcontrol-Criu5A-7.js            [39m[1m[2m  1.73 kB[22m[1m[22m[2m │ gzip:   0.94 kB[22m
2026-10-10T06:31:15.1658149Z [2mdist-demo/[22m[2massets/[22m[36mhooks-BeC01d3Y.js              [39m[1m[2m  4.59 kB[22m[1m[22m[2m │ gzip:   2.15 kB[22m
2026-10-10T06:31:15.1658918Z [2mdist-demo/[22m[2massets/[22m[36mdraft-conflict-tNpI-HAo.js     [39m[1m[2m  5.37 kB[22m[1m[22m[2m │ gzip:   2.49 kB[22m
2026-10-10T06:31:15.1659685Z [2mdist-demo/[22m[2massets/[22m[36mindex-SkfVeie4.js              [39m[1m[2m  8.79 kB[22m[1m[22m[2m │ gzip:   3.47 kB[22m
2026-10-10T06:31:15.1660446Z [2mdist-demo/[22m[2massets/[22m[36mindex-DH5AOH0G.js              [39m[1m[2m  9.42 kB[22m[1m[22m[2m │ gzip:   3.73 kB[22m
2026-10-10T06:31:15.1661147Z [2mdist-demo/[22m[2massets/[22m[36mindex-B3gGpiMi.js              [39m[1m[2m 13.14 kB[22m[1m[22m[2m │ gzip:   5.18 kB[22m
2026-10-10T06:31:15.1661849Z [2mdist-demo/[22m[2massets/[22m[36mindex-D3UNZ1L-.js              [39m[1m[2m 15.09 kB[22m[1m[22m[2m │ gzip:   5.71 kB[22m
2026-10-10T06:31:15.1662538Z [2mdist-demo/[22m[2massets/[22m[36mindex-BWSxRwQH.js              [39m[1m[2m 17.14 kB[22m[1m[22m[2m │ gzip:   5.61 kB[22m
2026-10-10T06:31:15.1663307Z [2mdist-demo/[22m[2massets/[22m[36mindex-BGP_Ad-y.js              [39m[1m[2m 18.85 kB[22m[1m[22m[2m │ gzip:   6.33 kB[22m
2026-10-10T06:31:15.1664024Z [2mdist-demo/[22m[2massets/[22m[36mindex-01nb5nQj.js              [39m[1m[2m 19.18 kB[22m[1m[22m[2m │ gzip:   6.54 kB[22m
2026-10-10T06:31:15.1664869Z [2mdist-demo/[22m[2massets/[22m[36mindex-DgCh8QFc.js              [39m[1m[2m 19.28 kB[22m[1m[22m[2m │ gzip:   7.08 kB[22m
2026-10-10T06:31:15.1665866Z [2mdist-demo/[22m[2massets/[22m[36mindex-Cco5VbEE.js              [39m[1m[2m 20.90 kB[22m[1m[22m[2m │ gzip:   6.92 kB[22m
2026-10-10T06:31:15.1666629Z [2mdist-demo/[22m[2massets/[22m[36mindex-hYjqNRGb.js              [39m[1m[2m 24.80 kB[22m[1m[22m[2m │ gzip:   8.24 kB[22m
2026-10-10T06:31:15.1667358Z [2mdist-demo/[22m[2massets/[22m[36mindex-BDJDBZpL.js              [39m[1m[2m 25.47 kB[22m[1m[22m[2m │ gzip:   8.62 kB[22m
2026-10-10T06:31:15.1668245Z [2mdist-demo/[22m[2massets/[22m[36mindex-DQbFFBlT.js              [39m[1m[2m 28.10 kB[22m[1m[22m[2m │ gzip:   9.80 kB[22m
2026-10-10T06:31:15.1668956Z [2mdist-demo/[22m[2massets/[22m[36mindex-DX4hKm3W.js              [39m[1m[2m 30.93 kB[22m[1m[22m[2m │ gzip:   9.93 kB[22m
2026-10-10T06:31:15.1669668Z [2mdist-demo/[22m[2massets/[22m[36mindex-f6PQjW3Q.js              [39m[1m[2m 32.93 kB[22m[1m[22m[2m │ gzip:  10.94 kB[22m
2026-10-10T06:31:15.1670389Z [2mdist-demo/[22m[2massets/[22m[36mquery-Df7VyXaF.js              [39m[1m[2m 33.15 kB[22m[1m[22m[2m │ gzip:   9.92 kB[22m
2026-10-10T06:31:15.1671090Z [2mdist-demo/[22m[2massets/[22m[36mindex-D6MJeQeX.js              [39m[1m[2m 42.03 kB[22m[1m[22m[2m │ gzip:  11.49 kB[22m
2026-10-10T06:31:15.1671786Z [2mdist-demo/[22m[2massets/[22m[36mi18n-D4N_7Z3Q.js               [39m[1m[2m 46.14 kB[22m[1m[22m[2m │ gzip:  15.12 kB[22m
2026-10-10T06:31:15.1672481Z [2mdist-demo/[22m[2massets/[22m[36mindex-BoOL50Pn.js              [39m[1m[2m 65.49 kB[22m[1m[22m[2m │ gzip:  18.10 kB[22m
2026-10-10T06:31:15.1673188Z [2mdist-demo/[22m[2massets/[22m[36mschemas-CoWCwirf.js            [39m[1m[2m 85.75 kB[22m[1m[22m[2m │ gzip:  25.72 kB[22m
2026-10-10T06:31:15.1674019Z [2mdist-demo/[22m[2massets/[22m[36mindex-C6ptp12n.js              [39m[1m[2m105.42 kB[22m[1m[22m[2m │ gzip:  33.42 kB[22m
2026-10-10T06:31:15.1674904Z [2mdist-demo/[22m[2massets/[22m[36mschema-validation-B78jEm7B.js  [39m[1m[2m149.80 kB[22m[1m[22m[2m │ gzip:  45.12 kB[22m
2026-10-10T06:31:15.1675662Z [2mdist-demo/[22m[2massets/[22m[36mservice-DOnisuXi.js            [39m[1m[2m233.46 kB[22m[1m[22m[2m │ gzip:  54.15 kB[22m
2026-10-10T06:31:15.1676412Z [2mdist-demo/[22m[2massets/[22m[36mbrowser-CQeKKnYr.js            [39m[1m[2m255.64 kB[22m[1m[22m[2m │ gzip:  87.02 kB[22m
2026-10-10T06:31:15.1677139Z [2mdist-demo/[22m[2massets/[22m[36mreact-runtime-gLMyUIL2.js      [39m[1m[2m279.79 kB[22m[1m[22m[2m │ gzip:  90.28 kB[22m
2026-10-10T06:31:15.1677870Z [2mdist-demo/[22m[2massets/[22m[36mcharts-uDdGNk6t.js             [39m[1m[2m320.23 kB[22m[1m[22m[2m │ gzip:  96.79 kB[22m
2026-10-10T06:31:15.1678586Z [2mdist-demo/[22m[2massets/[22m[36mmui-CUCPJGs1.js                [39m[1m[2m328.77 kB[22m[1m[22m[2m │ gzip: 100.20 kB[22m
2026-10-10T06:31:15.1679306Z [2mdist-demo/[22m[2massets/[22m[36mcontract-data-CJyvN5AM.js      [39m[1m[2m375.47 kB[22m[1m[22m[2m │ gzip:  44.43 kB[22m
2026-10-10T06:31:15.1679752Z [32m✓ built in 5.58s[39m
2026-10-10T06:31:15.2515766Z 
2026-10-10T06:31:15.2516542Z > node node_modules/@playwright/test/cli.js test --project=chromium --reporter=line
2026-10-10T06:31:17.6023950Z 
2026-10-10T06:31:17.6024518Z Running 406 tests using 1 worker
2026-10-10T06:31:17.6024730Z 
2026-10-10T06:31:18.1956931Z [1/406] [chromium] › tests/accessibility/routes.spec.ts:17:1 › all canonical routes pass whole-page WCAG 2.1 A/AA axe checks in the React demo
2026-10-10T06:33:02.2226298Z [2/406] [chromium] › tests/accessibility/routes.spec.ts:84:1 › contained action buttons do not animate between contrasting enabled and disabled color pairs
2026-10-10T06:33:05.1891994Z [3/406] [chromium] › tests/artifacts/demo-preview.spec.ts:40:1 › the built demo artifact serves the React UI and synthetic API through preview
2026-10-10T06:33:06.2210198Z [chromium] › tests/artifacts/demo-preview.spec.ts:40:1 › the built demo artifact serves the React UI and synthetic API through preview
2026-10-10T06:33:06.2224077Z [artifact-preview] {"scope":"FRONTEND_WITH_SYNTHETIC_MOCK_API","artifact":"apps/web/dist-demo","browserMetrics":{"browser":"Mozilla/5.0 (Windows NT 10.0; Win64; x64) AppleWebKit/537.36 (KHTML, like Gecko) Chrome/153.0.8010.12 Safari/537.36","viewport":{"width":1280,"height":720},"route":"/s/shop-demo/overview","domContentLoadedMs":126,"loadEventMs":126,"scriptCount":11,"scriptTransferBytes":482369,"scriptAssets":[{"file":"index-C6ptp12n.js","transferBytes":33723,"decodedBytes":105422,"durationMs":16},{"file":"query-Df7VyXaF.js","transferBytes":10222,"decodedBytes":33154,"durationMs":15},{"file":"react-runtime-gLMyUIL2.js","transferBytes":90583,"decodedBytes":279787,"durationMs":28},{"file":"mui-CUCPJGs1.js","transferBytes":100504,"decodedBytes":328773,"durationMs":28},{"file":"contract-data-CJyvN5AM.js","transferBytes":44731,"decodedBytes":375469,"durationMs":26},{"file":"schema-validation-B78jEm7B.js","transferBytes":45420,"decodedBytes":149800,"durationMs":27},{"file":"i18n-D4N_7Z3Q.js","transferBytes":15416,"decodedBytes":46142,"durationMs":22},{"file":"browser-CQeKKnYr.js","transferBytes":87316,"decodedBytes":255636,"durationMs":16},{"file":"service-DOnisuXi.js","transferBytes":54454,"decodedBytes":233456,"durationMs":16},{"file":"index-DH5AOH0G.js","transferBytes":0,"decodedBytes":9416,"durationMs":62},{"file":"hooks-BeC01d3Y.js","transferBytes":0,"decodedBytes":4585,"durationMs":77}]},"bundles":{"javascriptFiles":32,"totalBytes":2617401,"totalGzipBytes":735870,"initialRouteGzipBytes":485552,"proposedBudgets":{"initialRouteGzipKiB":500,"largestChunkGzipKiB":200,"basis":"Local demo preview limits for the measured Chromium artifact; not a backend or platform SLO."},"largest":[{"file":"apps/web/dist-demo/assets/contract-data-CJyvN5AM.js","bytes":375469,"gzipBytes":44431},{"file":"apps/web/dist-demo/assets/mui-CUCPJGs1.js","bytes":328773,"gzipBytes":100204},{"file":"apps/web/dist-demo/assets/charts-uDdGNk6t.js","bytes":320234,"gzipBytes":96785},{"file":"apps/web/dist-demo/assets/react-runtime-gLMyUIL2.js","bytes":279787,"gzipBytes":90283},{"file":"apps/web/dist-demo/assets/browser-CQeKKnYr.js","bytes":255636,"gzipBytes":87016}]},"observedApi":{"path":"/api/v2/session","status":200,"servedBy":"MSW in the built demo artifact"},"dataSource":"synthetic-msw"}
2026-10-10T06:33:06.2235968Z 
2026-10-10T06:33:06.2420180Z [4/406] [chromium] › tests/artifacts/demo-preview.spec.ts:104:1 › a thousand synthetic customers remain API-paginated in the built demo artifact
2026-10-10T06:33:07.3647031Z [chromium] › tests/artifacts/demo-preview.spec.ts:104:1 › a thousand synthetic customers remain API-paginated in the built demo artifact
2026-10-10T06:33:07.3676640Z [large-dataset-api] {"url":"http://127.0.0.1:43387/api/v2/shops/shop-demo/customers?limit=20","count":20,"page":{"limit":20,"total":1004,"hasMore":true,"nextCursor":"perf-customer-0016"},"firstIds":["c1","c2","c3"]}
2026-10-10T06:33:07.3705755Z 
2026-10-10T06:33:07.4245405Z [large-dataset-preview] {"scope":"FRONTEND_WITH_SYNTHETIC_MOCK_API","artifact":"apps/web/dist-demo","datasetId":"FE025-LARGE-CUSTOMERS-1000-V1","generatedRows":1000,"firstPageIds":["c1","c2","c3","c4","perf-customer-0001","perf-customer-0002","perf-customer-0003","perf-customer-0004","perf-customer-0005","perf-customer-0006","perf-customer-0007","perf-customer-0008","perf-customer-0009","perf-customer-0010","perf-customer-0011","perf-customer-0012","perf-customer-0013","perf-customer-0014","perf-customer-0015","perf-customer-0016"],"api":{"status":200,"pageLimit":20,"total":1004,"hasMore":true,"nextCursor":"perf-customer-0016"},"domRowsIncludingHeader":21,"firstPageReadyMs":253,"browser":"Mozilla/5.0 (Windows NT 10.0; Win64; x64) AppleWebKit/537.36 (KHTML, like Gecko) Chrome/153.0.8010.12 Safari/537.36","viewport":{"width":1280,"height":720},"note":"Synthetic customer identities only; the React screen renders one API page and exposes the next cursor instead of mounting the full collection."}
2026-10-10T06:33:07.4248188Z 
2026-10-10T06:33:07.4347309Z [5/406] [chromium] › tests/artifacts/demo-preview.spec.ts:143:1 › the production artifact contains neither the mock worker asset nor MSW fixtures/runtime
2026-10-10T06:33:07.4645417Z [6/406] [chromium] › tests/fe009.spec.ts:37:1 › workspace onboarding creates a shop with an active membership and returns to its scoped route
2026-10-10T06:33:11.4197958Z [7/406] [chromium] › tests/fe009.spec.ts:59:1 › customer create validates fields, submits through mock HTTP, and preserves edits after a stale version
2026-10-10T06:33:17.0272165Z [8/406] [chromium] › tests/fe009.spec.ts:127:1 › customer detail keeps redacted contact fields read-only and does not overwrite them on save
2026-10-10T06:33:19.0690990Z [9/406] [chromium] › tests/fe009.spec.ts:144:1 › job detail follows an export created in the current synthetic shop and can refetch it
2026-10-10T06:33:21.3755427Z [10/406] [chromium] › tests/fe009.spec.ts:179:1 › FE009.G01 shop setup checklist guides to supported pages and leaves missing contract fields unverified
2026-10-10T06:33:23.1151593Z [11/406] [chromium] › tests/fe009.spec.ts:192:1 › FE009.G05 consent management persists challenges without granting consent before customer action
2026-10-10T06:33:25.1622411Z [12/406] [chromium] › tests/fe009.spec.ts:202:1 › FE009.H06 audit screen distinguishes available fields from missing contract detail
2026-10-10T06:33:26.8887186Z [13/406] [chromium] › tests/fe009.spec.ts:211:1 › FE009.B06 after-sale cases only link orders loaded for the selected customer and customer profile shows their shipment
2026-10-10T06:33:33.6035406Z [14/406] [chromium] › tests/fe009.spec.ts:243:1 › team invitation and membership revoke stay shop-scoped and protect the active owner
2026-10-10T06:33:37.1129548Z [15/406] [chromium] › tests/fe009.spec.ts:279:1 › privacy delete requests remain pending approval with no frontend step-up shortcut
2026-10-10T06:33:41.2553837Z [16/406] [chromium] › tests/fe010.spec.ts:40:1 › product editor validates positive prices, protects image-only drafts, and saves variant payload through mock HTTP
2026-10-10T06:33:47.9052989Z [17/406] [chromium] › tests/fe010.spec.ts:110:1 › product update sends If-Match and keeps edits visible after a 412 conflict
2026-10-10T06:33:51.0102272Z [18/406] [chromium] › tests/fe010.spec.ts:142:1 › warehouse role can read catalog products but cannot edit product fields or price cost data
2026-10-10T06:33:53.1438722Z [19/406] [chromium] › tests/fe010.spec.ts:151:1 › categories create, search, update with a version, and render cursor pagination
2026-10-10T06:33:56.3016919Z [20/406] [chromium] › tests/fe010.spec.ts:180:1 › CSV preview reports row-level errors and commits only valid product rows
2026-10-10T06:34:00.2485060Z [21/406] [chromium] › tests/fe010.spec.ts:252:1 › import validation token is rejected with 412 after catalog changes and the preview remains visible
2026-10-10T06:34:03.8936148Z [22/406] [chromium] › tests/fe010.spec.ts:284:1 › CSV demo row limit is explained and rejects more than 1000 data rows before preview
2026-10-10T06:34:05.8188959Z [23/406] [chromium] › tests/fe010.spec.ts:297:1 › demo upload rejects files over 5 MB before making an upload request
2026-10-10T06:34:07.9326865Z [24/406] [chromium] › tests/fe010.spec.ts:308:1 › product category lookup pages the full collection and preserves the selected category while editing
2026-10-10T06:34:28.9407073Z [chromium] › tests/fe010.spec.ts:308:1 › product category lookup pages the full collection and preserves the selected category while editing
2026-10-10T06:34:28.9436322Z UI005 acceptance: {"categoryTotal":105,"createCategoryId":"cat-2","editCategoryId":"cat-0","categoryRequests":20}
2026-10-10T06:34:28.9453718Z 
2026-10-10T06:34:29.0107808Z [25/406] [chromium] › tests/fe011.spec.ts:37:1 › FE011.AC01 snapshot drives stock totals and the SKU opens its catalog result
2026-10-10T06:34:32.3810494Z [26/406] [chromium] › tests/fe011.spec.ts:56:1 › FE011.AC02 adjustment validates, waits for mock confirmation, and reconciles movement history once
2026-10-10T06:34:38.6453740Z [27/406] [chromium] › tests/fe011.spec.ts:95:1 › FE011.AC03 conflict and insufficient stock preserve the draft and never update optimistically
2026-10-10T06:34:43.1966120Z [28/406] [chromium] › tests/fe011.spec.ts:125:1 › FE011.AC03 forbidden adjustment retains user input and shows no success state
2026-10-10T06:34:46.5297823Z [29/406] [chromium] › tests/fe011.spec.ts:141:1 › FE011.AC03 unknown command blocks duplicate submission until shared recovery reconciles it
2026-10-10T06:34:50.0989436Z [30/406] [chromium] › tests/fe011.spec.ts:159:1 › FE011.AC04 movement contract filters are URL-backed and history exposes actor and permission-gated source
2026-10-10T06:34:52.6713217Z [31/406] [chromium] › tests/fe011.spec.ts:187:1 › FE011.AC05 inventory reflows at mobile widths, passes axe, and restores keyboard focus after adjustment dialog
2026-10-10T06:34:55.6160468Z [32/406] [chromium] › tests/fe011.spec.ts:210:1 › FE011.AC03 unknown shop scope shows no stock from another shop
2026-10-10T06:34:56.3910523Z [33/406] [chromium] › tests/fe012.spec.ts:37:1 › FE012.AC01 searchable customer and product pickers submit contract-shaped draft and reject fractional quantity
2026-10-10T06:35:02.6533545Z [34/406] [chromium] › tests/fe012.spec.ts:95:1 › FE012 canonical customer address choice completes the mock order flow with a versioned snapshot
2026-10-10T06:35:08.9599054Z [35/406] [chromium] › tests/fe012.spec.ts:124:1 › FE012.AC01 editing lines invalidates quote and customer consent; a new quote is required before confirmation
2026-10-10T06:35:15.5075479Z [36/406] [chromium] › tests/fe012.spec.ts:184:1 › FE012.AC03 mock stale-version 412 preserves draft fields and does not show success
2026-10-10T06:35:18.4293623Z [37/406] [chromium] › tests/fe012.spec.ts:201:1 › FE012.AC03 offline state blocks quote mutation while retaining the loaded draft
2026-10-10T06:35:20.2554279Z [38/406] [chromium] › tests/fe012.spec.ts:213:1 › FE012.AC03 unknown confirm outcome blocks duplicate writes until shared command recovery is available
2026-10-10T06:35:23.4992730Z [39/406] [chromium] › tests/fe012.spec.ts:259:1 › FE012.AC03 quote and customer confirmation expiration disable confirmation using API time
2026-10-10T06:35:26.2903292Z [40/406] [chromium] › tests/fe012.spec.ts:279:1 › FE012.AC03 returns reject fractional/over-original quantities locally and preserve data on cumulative mock rejection
2026-10-10T06:35:28.3322656Z [41/406] [chromium] › tests/fe012.spec.ts:303:1 › FE012.AC04 return inspection loads the current case and applies accepted partial quantity to mock stock and refund
2026-10-10T06:35:32.1940067Z [42/406] [chromium] › tests/fe012.spec.ts:356:1 › FE012.AC03 handed-over order routes to returns and exposes no ordinary cancel action
2026-10-10T06:35:33.7682592Z [43/406] [chromium] › tests/fe012.spec.ts:363:1 › FE012.AC05 order drafting remains usable without horizontal page overflow and passes focused axe checks
2026-10-10T06:35:36.1640913Z [44/406] [chromium] › tests/fe013.spec.ts:42:1 › FE013.C04 shipping preview distinguishes missing address, unserviceable zone, and expired mock quote
2026-10-10T06:35:40.4443368Z [45/406] [chromium] › tests/fe013.spec.ts:68:1 › FE013.AC01–AC04 stale claim conflict is visible; pick, pack, dispatch and delivery use current API versions once
2026-10-10T06:35:51.2179602Z [46/406] [chromium] › tests/fe013.spec.ts:212:1 › FE013.AC03 unknown handover cannot be repeated before command reconciliation
2026-10-10T06:35:57.5409422Z [47/406] [chromium] › tests/fe013.spec.ts:259:1 › FE013.AC01 role scope and FE013.AC05 responsive shipment/preparation views remain accessible
2026-10-10T06:36:02.5375235Z [48/406] [chromium] › tests/fe014.spec.ts:27:1 › FE014.AC01 multi-line purchase validates MOQ/pack size and binds approval to the created intent
2026-10-10T06:36:08.1022139Z [49/406] [chromium] › tests/fe014.spec.ts:79:1 › FE027.D02 supplier workspace edits the selected contact through its current version and displays MOQ offers
2026-10-10T06:36:10.4266653Z [50/406] [chromium] › tests/fe014.spec.ts:97:1 › FE014.AC02 approval covers the exact purchase intent; unknown send is blocked from blind retry
2026-10-10T06:36:17.0028524Z [51/406] [chromium] › tests/fe014.spec.ts:156:1 › FE014.S03 auto-send requires an active matching purchase delegation
2026-10-10T06:36:20.6827390Z [52/406] [chromium] › tests/fe014.spec.ts:170:1 › FE014.S04 owner manages a paused purchase delegation only after rechecking the buyer role
2026-10-10T06:36:27.6506616Z [53/406] [chromium] › tests/fe014.spec.ts:217:1 › FE014.S03 manager without procurement.receive cannot open receipt actions
2026-10-10T06:36:31.0801821Z [54/406] [chromium] › tests/fe014.spec.ts:237:1 › FE014.AC03 partial receipt posts only accepted units to synthetic stock and payable once
2026-10-10T06:36:37.4838840Z [55/406] [chromium] › tests/fe014.spec.ts:308:1 › FE014.D03/D04/D07 replenishment uses min-max rules, labels forecast limits, and blocks duplicate proposals
2026-10-10T06:36:41.0779919Z [56/406] [chromium] › tests/fe015.spec.ts:59:1 › FE015.AC01 report filters use exact timezone boundaries and mock API aggregates
2026-10-10T06:36:44.7182653Z [57/406] [chromium] › tests/fe015.spec.ts:109:1 › FE021.E08 report explanation is mock-only, cites the filtered P&L snapshot, and never writes finance data
2026-10-10T06:36:46.2484292Z [58/406] [chromium] › tests/fe015.spec.ts:130:1 › UI003 report timestamps follow the active shop timezone
2026-10-10T06:36:51.5796329Z [59/406] [chromium] › tests/fe015.spec.ts:187:1 › FE015.E02/E03 profit report renders canonical cost, gross-profit and operating-expense values
2026-10-10T06:36:52.9448980Z [60/406] [chromium] › tests/fe015.spec.ts:215:1 › FE015.AC02 journal rejects unbalanced decimal lines before POST and sends exact money strings
2026-10-10T06:36:57.7257068Z [61/406] [chromium] › tests/fe015.spec.ts:250:1 › FE015.AC02 closed accounting period is visible and disables journal draft creation
2026-10-10T06:37:00.9942628Z [62/406] [chromium] › tests/fe015.spec.ts:274:1 › FE015.AC03 CSV import keeps partial row failures visible and deduplicates external transactions
2026-10-10T06:37:05.2893741Z [63/406] [chromium] › tests/fe015.spec.ts:297:1 › UI001 reconciliation cursors stay scoped and dialogs load choices beyond the visible table page
2026-10-10T06:37:20.2955996Z [64/406] [chromium] › tests/fe015.spec.ts:424:1 › FE015.AC03 COD settlement matches net remittance plus documented fee
2026-10-10T06:37:26.5778672Z [65/406] [chromium] › tests/fe015.spec.ts:459:1 › FE015.AC03 partial bank allocation leaves the remaining amount and debt visible
2026-10-10T06:37:30.8706845Z [66/406] [chromium] › tests/fe015.spec.ts:485:1 › FE015.AC03 unknown journal posting is not resent from the same draft
2026-10-10T06:37:37.2729705Z [67/406] [chromium] › tests/fe016.spec.ts:70:1 › UI015 mobile demo tools disclose by keyboard and inbox stays within narrow viewports
2026-10-10T06:37:40.3482453Z [68/406] [chromium] › tests/fe016.spec.ts:103:1 › FE016 conversation keeps its composer visible while long demo context scrolls independently
2026-10-10T06:37:42.3077698Z [69/406] [chromium] › tests/fe016.spec.ts:210:1 › FE016.AC01 inbox filters call canonical query fields and remain bookmarked through conversation details
2026-10-10T06:37:45.1740070Z [70/406] [chromium] › tests/fe016.spec.ts:238:1 › Shared consolidation Inbox preserves selected filters and composer draft through metadata pending error empty and recovery
2026-10-10T06:37:48.2111735Z [71/406] [chromium] › tests/fe016.spec.ts:298:1 › FE016.AC01 list cursor is isolated from message cursor and restored on back navigation
2026-10-10T06:37:49.8927984Z [72/406] [chromium] › tests/fe016.spec.ts:317:1 › UI002 inbox list and message cursors stay independent through paging, conversation switch and shop change
2026-10-10T06:37:54.5438477Z [73/406] [chromium] › tests/fe016.spec.ts:406:1 › UI002 mobile keeps the list page while messages page and Back restores it
2026-10-10T06:37:57.9208629Z [74/406] [chromium] › tests/fe016.spec.ts:450:1 › UI002 Inbox search resets only the list cursor while a message page is open
2026-10-10T06:38:01.0706955Z [75/406] [chromium] › tests/fe016.spec.ts:507:1 › UI002 deep link, refresh and mobile Back preserve their own cursors
2026-10-10T06:38:04.0479038Z [76/406] [chromium] › tests/fe016.spec.ts:561:1 › UI002 list and message panel errors remain isolated
2026-10-10T06:38:10.2904226Z [77/406] [chromium] › tests/fe016.spec.ts:585:1 › UI002 send, invalidation and resync keep both cursors and send only once
2026-10-10T06:38:13.7922161Z [78/406] [chromium] › tests/fe016.spec.ts:645:1 › FE016.AC01 takeover and reply use current versions and show API send state without claiming delivery
2026-10-10T06:38:16.5028445Z [79/406] [chromium] › tests/fe016.spec.ts:672:1 › FE016.AC02 internal notes render HTML-like text inert and feedback creates only a review draft
2026-10-10T06:38:19.0765886Z [80/406] [chromium] › tests/fe016.spec.ts:705:1 › FE016.AC03 unknown send keeps the reply draft, exposes command recovery and never blindly resends
2026-10-10T06:38:21.8204296Z [81/406] [chromium] › tests/fe016.spec.ts:728:1 › FE016.AC04 role without customer/order permissions cannot open those cross-module references
2026-10-10T06:38:24.4379662Z [82/406] [chromium] › tests/fe016.spec.ts:739:1 › FE016.S03 stale takeover preserves reason and reports the version conflict
2026-10-10T06:38:27.7291876Z [83/406] [chromium] › tests/fe016.spec.ts:755:1 › FE016.B05 cross-sell promotion preview shows sample rules without applying a discount
2026-10-10T06:38:29.2977781Z [84/406] [chromium] › tests/fe016.spec.ts:769:1 › FE016.B08 capability-driven image, voice and document media upload and send by scoped file IDs
2026-10-10T06:38:32.8196491Z [85/406] [chromium] › tests/fe016.spec.ts:835:1 › FE016.B09 pending media send preserves newer text and blocks blind retry after unknown outcome
2026-10-10T06:38:38.4093766Z [86/406] [chromium] › tests/fe016.spec.ts:879:1 › FE016.B10 a channel without an explicit media policy keeps text composer and denies attachments
2026-10-10T06:38:40.0879585Z [87/406] [chromium] › tests/fe016.spec.ts:891:1 › FE027.B01 industry sales script preview asks for missing facts and stays a local draft
2026-10-10T06:38:42.2136701Z [88/406] [chromium] › tests/fe016.spec.ts:907:1 › FE027.B02 inbox price and available stock preview uses current canonical mock reads
2026-10-10T06:38:43.8479498Z [89/406] [chromium] › tests/fe016.spec.ts:928:1 › FE027.B03 order capture links the active customer and conversation into the manual order form
2026-10-10T06:38:46.0266599Z [90/406] [chromium] › tests/fe016.spec.ts:938:1 › FE027.B04 automatic order confirmation stays unavailable until policy and customer evidence exist
2026-10-10T06:38:47.7529057Z [91/406] [chromium] › tests/fe017-validation.spec.ts:15:1 › FE017 synthetic 422 keeps the knowledge draft fields and shows field errors
2026-10-10T06:38:51.1471933Z [92/406] [chromium] › tests/fe017.spec.ts:26:1 › FE017.AC01 demo publishing uses the approved permission and lifecycle substitute without an API allowedActions field
2026-10-10T06:38:57.8909732Z [93/406] [chromium] › tests/fe017.spec.ts:117:1 › FE017.AC02 knowledge file upload sends canonical purpose and detail reads processing status
2026-10-10T06:39:00.8769547Z [94/406] [chromium] › tests/fe017.spec.ts:156:1 › FE017 price and stock source preview uses canonical product and timestamped inventory APIs
2026-10-10T06:39:02.3327782Z [95/406] [chromium] › tests/fe017.spec.ts:189:1 › FE017.AC03 missing content, unsupported and oversized files keep creation unavailable
2026-10-10T06:39:04.8587838Z [96/406] [chromium] › tests/fe017.spec.ts:211:1 › FE017.AC04 feedback approval creates inert draft content and its first revision only
2026-10-10T06:39:09.3941705Z [97/406] [chromium] › tests/fe017.spec.ts:244:1 › FE017.AC05 manager sees knowledge read-only and synthetic API rejects purpose-specific upload and publish
2026-10-10T06:39:11.3675621Z [98/406] [chromium] › tests/fe017.spec.ts:265:1 › FE017.AC06 stale review preserves the reason and explains the conflict
2026-10-10T06:39:13.6663977Z [99/406] [chromium] › tests/fe017.spec.ts:280:1 › FE027.G02 product content brief edits source, size, warranty, alternatives, and forbidden claims locally
2026-10-10T06:39:15.4136388Z [100/406] [chromium] › tests/fe017.spec.ts:298:1 › FE027.G03 policy revisions keep the published snapshot immutable when a draft changes
2026-10-10T06:39:17.2506727Z [101/406] [chromium] › tests/fe018.spec.ts:130:1 › FE018.S01 maps routes and operations to the canonical OpenAPI permissions
2026-10-10T06:39:17.6416220Z [102/406] [chromium] › tests/fe018.spec.ts:147:1 › FE018.AC01/04 draft saves use the contract version and keep human order confirmation locked after a conflict
2026-10-10T06:39:23.0276979Z [103/406] [chromium] › tests/fe018.spec.ts:178:1 › FE018.AC03 evaluation is synthetic, revision-bound, and cannot publish a stale draft
2026-10-10T06:39:28.4057609Z [104/406] [chromium] › tests/fe018.spec.ts:202:1 › FE018.AC01/04 successful publish is tied to the tested revision and pause explains its boundary
2026-10-10T06:39:33.2912288Z [105/406] [chromium] › tests/fe018.spec.ts:232:1 › FE018.AC03 playground sends no external message and preserves unknown cost and token values
2026-10-10T06:39:36.3461285Z [106/406] [chromium] › tests/fe018.spec.ts:254:1 › FE018.S03 synthetic budget and tool denials retain the prompt and never show a generated answer
2026-10-10T06:39:41.3305349Z [107/406] [chromium] › tests/fe018.spec.ts:280:1 › FE027.H03 budget and provider failover preview refuses silent provider switching on exhaustion
2026-10-10T06:39:44.1763799Z [108/406] [chromium] › tests/fe018.spec.ts:294:1 › FE018.AC02 role kill switch is versioned, preserves API tools, and does not pause the whole bot
2026-10-10T06:39:50.1701160Z [109/406] [chromium] › tests/fe018.spec.ts:335:1 › FE018.AC02 expired, wrong-scope, and matching approvals produce honest budget results
2026-10-10T06:39:53.8255599Z [110/406] [chromium] › tests/fe018.spec.ts:363:1 › FE018.AC05 manager and bot-admin roles cannot use operations outside their canonical permissions
2026-10-10T06:39:57.8593916Z [111/406] [chromium] › tests/fe018.spec.ts:395:1 › FE018.AC05 unknown role command stays unresolved and does not claim successful resumption
2026-10-10T06:40:01.5540342Z [112/406] [chromium] › tests/fe018.spec.ts:411:1 › UI004 25 evaluations: cursor pages reach the last record and preserve detail, search, and browser Back state
2026-10-10T06:40:07.0307668Z [chromium] › tests/fe018.spec.ts:411:1 › UI004 25 evaluations: cursor pages reach the last record and preserve detail, search, and browser Back state
2026-10-10T06:40:07.0309665Z UI004_25_ACCEPTANCE={"total":25,"pageSizes":[20,5],"cursor":"evaluation-10016","oldestRecord":"evaluation-10001","oldestReachable":true,"detailPreservedCursor":true,"browserBackRestoredFirstPage":true,"searchResetCursor":true}
2026-10-10T06:40:07.0310507Z 
2026-10-10T06:40:07.0790911Z [113/406] [chromium] › tests/fe018.spec.ts:457:1 › UI004 105 evaluations: cursor traversal reaches every record and retains the failing cursor for retry
2026-10-10T06:40:19.3287537Z [chromium] › tests/fe018.spec.ts:457:1 › UI004 105 evaluations: cursor traversal reaches every record and retains the failing cursor for retry
2026-10-10T06:40:19.3289813Z UI004_105_ACCEPTANCE={"total":105,"pageSizes":[20,20,20,20,20,5],"pagesVisited":6,"cursorRequests":["evaluation-10256","evaluation-10196","evaluation-10136","evaluation-10076","evaluation-10016"],"uniqueRecords":105,"oldestRecord":"evaluation-10001","oldestReachable":true,"failedCursorRetainedForRetry":"evaluation-10196","errorShowsNoFabricatedRows":true,"retrySucceeded":true}
2026-10-10T06:40:19.3290844Z 
2026-10-10T06:40:19.3911998Z [114/406] [chromium] › tests/fe019.spec.ts:21:1 › FE019.S01 maps integrations and notification routes, actions, schemas, and mock boundaries
2026-10-10T06:40:19.6801187Z [115/406] [chromium] › tests/fe019.spec.ts:70:1 › FE019.AC01 AI secret is write-only, cleared after submit, and absent from stored/read data
2026-10-10T06:40:23.7230304Z [116/406] [chromium] › tests/fe019.spec.ts:117:1 › FE019.AC01 invalid mock credential is rejected, cleared from the form, and not submitted
2026-10-10T06:40:26.1100423Z [117/406] [chromium] › tests/fe019.spec.ts:138:1 › FE019.AC02 channel OAuth failure stays on the page and never marks a channel connected
2026-10-10T06:40:28.0270274Z [118/406] [chromium] › tests/fe019.spec.ts:172:1 › FE019.AC03/04 device, Telegram, and PWA checks stay synthetic and do not request OS permission
2026-10-10T06:40:32.0436545Z [119/406] [chromium] › tests/fe019.spec.ts:251:1 › FE019.AC05 notification policy validates canonical numeric bounds before sending and acknowledges only allowed work
2026-10-10T06:40:35.3927899Z [120/406] [chromium] › tests/fe019.spec.ts:273:1 › FE019.A03 notification order link stays within the active shop scope
2026-10-10T06:40:37.9261757Z [121/406] [chromium] › tests/fe019.spec.ts:282:1 › FE019.A05 reminder policy saves shop-local schedule and quiet hours through the synthetic API
2026-10-10T06:40:40.0537897Z [122/406] [chromium] › tests/fe019.spec.ts:309:1 › FE027.A02/A07 preparation notification keeps order evidence and separates queued, opened, and acknowledged states
2026-10-10T06:40:41.2858840Z [123/406] [chromium] › tests/fe019.spec.ts:334:1 › FE027.A08 notification settings disclose server-only deduplication and callback safeguards
2026-10-10T06:40:42.9765861Z [124/406] [chromium] › tests/fe020.spec.ts:43:1 › FE020.AC01 approval detail is fetched and a changed source resource rejects the stale decision
2026-10-10T06:40:48.7989355Z [125/406] [chromium] › tests/fe020.spec.ts:89:1 › FE020.AC02/03 work-item actions follow allowedActions and operations health stays explicitly synthetic
2026-10-10T06:40:53.0556578Z [126/406] [chromium] › tests/fe020.spec.ts:140:1 › FE020.AC03 role pause control uses the canonical versioned mock and never claims readiness
2026-10-10T06:40:55.2045374Z [127/406] [chromium] › tests/fe020.spec.ts:157:1 › FE020.F03 operations exception filter groups overdue, blocked, and unclaimed synthetic work
2026-10-10T06:40:57.0316899Z [128/406] [chromium] › tests/fe020.spec.ts:178:1 › FE020.F05 purchase delegation is bounded, saved paused, and requires a separate activation decision
2026-10-10T06:41:02.1884187Z [129/406] [chromium] › tests/fe020.spec.ts:209:1 › FE020.F06/H01 digest and dependency health panels show synthetic history without claiming workers are ready
2026-10-10T06:41:03.6218551Z [130/406] [chromium] › tests/fe020.spec.ts:242:1 › FE027.H08 restore and release readiness stay unknown without a verified rehearsal or deployment gate
2026-10-10T06:41:05.2973787Z [131/406] [chromium] › tests/fe021.spec.ts:34:1 › FE021 dashboard keeps independent panels usable and hides finance fields without finance.read
2026-10-10T06:41:08.5552091Z [132/406] [chromium] › tests/fe021.spec.ts:46:1 › FE021 timezone and privacy validation waits for interaction and blocks invalid writes
2026-10-10T06:41:13.1879412Z [133/406] [chromium] › tests/fe021.spec.ts:82:1 › FE021 approval and shipment work queues appear before sample previews
2026-10-10T06:41:16.6360872Z [134/406] [chromium] › tests/fe021.spec.ts:104:1 › FE021 marketing filters preserve API-side aggregates, URL context and missing actual spend
2026-10-10T06:41:21.8648790Z [135/406] [chromium] › tests/fe021.spec.ts:170:5 › FE021 marketing filters preserve edits while the default period response is pending
2026-10-10T06:41:27.7235356Z [136/406] [chromium] › tests/fe021.spec.ts:170:5 › FE021 marketing filters preserve edits while the canonical period response is pending
2026-10-10T06:41:33.7998101Z [137/406] [chromium] › tests/fe021.spec.ts:234:1 › FE021 invalid marketing deep links mark the responsible field and never send the invalid range
2026-10-10T06:41:35.5582612Z [138/406] [chromium] › tests/fe021.spec.ts:248:1 › FE021 export uses inclusive shop-local boundaries, safe CSV, API jobs and cursor pagination
2026-10-10T06:41:40.9399672Z [139/406] [chromium] › tests/fe021.spec.ts:303:1 › FE021 mock rejects an export when reports.export lacks the source permission
2026-10-10T06:41:43.0815064Z [140/406] [chromium] › tests/fe021.spec.ts:323:1 › FE021 mock rejects an invalid report timezone before creating an export job
2026-10-10T06:41:44.6106897Z [141/406] [chromium] › tests/fe021.spec.ts:343:1 › FE021 ambiguous export result preserves the selected dates and never exposes a download
2026-10-10T06:41:47.2252984Z [142/406] [chromium] › tests/fe021.spec.ts:356:1 › FE021 empty report and marketing payloads render explicit empty states
2026-10-10T06:41:50.5610245Z [143/406] [chromium] › tests/fe021.spec.ts:375:1 › FE021 stale export conflict preserves dates and never exposes a download
2026-10-10T06:41:53.3870519Z [144/406] [chromium] › tests/frontend-corrections.spec.ts:18:1 › F01 preserves a customer draft, compares three snapshots, and PATCHes only chosen changes
2026-10-10T06:41:57.6706780Z [145/406] [chromium] › tests/frontend-corrections.spec.ts:46:1 › F01 requires an explicit choice for a field changed by both editors
2026-10-10T06:42:00.1979231Z [146/406] [chromium] › tests/frontend-corrections.spec.ts:62:1 › F06 detects an order draft and blocks navigation until explicit discard
2026-10-10T06:42:02.4947054Z [147/406] [chromium] › tests/frontend-corrections.spec.ts:75:1 › F02 retains an unsaved product image through an unrelated refetch
2026-10-10T06:42:04.3543287Z [148/406] [chromium] › tests/frontend-corrections.spec.ts:87:1 › F03 retains notification-policy inputs through a background resync and navigation
2026-10-10T06:42:06.0635099Z [149/406] [chromium] › tests/frontend-corrections.spec.ts:98:1 › F05 keeps text typed while a previous internal note is pending
2026-10-10T06:42:08.8570501Z [150/406] [chromium] › tests/frontend-corrections.spec.ts:113:1 › F08 validates 4001 customer-note characters at the field and accepts 4000
2026-10-10T06:42:11.7771190Z [151/406] [chromium] › tests/frontend-corrections.spec.ts:147:1 › F07 routes the fulfillment footer close through the shared discard guard
2026-10-10T06:42:13.5877978Z [152/406] [chromium] › tests/frontend-corrections.spec.ts:161:1 › F09 refreshes new Inbox messages without refetching the visible product and stock snapshots
2026-10-10T06:42:15.6551582Z [153/406] [chromium] › tests/frontend-corrections.spec.ts:191:1 › F01 shop settings merges a server-only locale change and preserves edits typed during save
2026-10-10T06:42:18.6503060Z [154/406] [chromium] › tests/frontend-corrections.spec.ts:219:1 › F03 privacy policy preserves refetch drafts and compares before applying the newest version
2026-10-10T06:42:20.9734686Z [155/406] [chromium] › tests/frontend-corrections.spec.ts:236:1 › F01 category keeps a late edit after saving, and reopens with a clean current baseline
2026-10-10T06:42:24.5357509Z [156/406] [chromium] › tests/frontend-corrections.spec.ts:257:1 › F01 supplier preserves a concurrent server-only term and PATCHes the local name
2026-10-10T06:42:27.2280859Z [157/406] [chromium] › tests/frontend-corrections.spec.ts:274:1 › F08 customer update enforces 4000/4001 before HTTP and retains a 422 draft
2026-10-10T06:42:29.7487067Z [158/406] [chromium] › tests/frontend-corrections.spec.ts:302:1 › F05 keeps mode changes and unknown sends, locks another send, and observes recovery-registry completion
2026-10-10T06:42:32.7057740Z [159/406] [chromium] › tests/frontend-corrections.spec.ts:328:1 › F01 order editor keeps its original version and compares whole line lists before PATCH
2026-10-10T06:42:36.2479790Z [160/406] [chromium] › tests/frontend-corrections.spec.ts:350:1 › F06 guards added order rows, shop switch, logout and native reload; successful creation leaves no false guard
2026-10-10T06:42:51.9638729Z [161/406] [chromium] › tests/frontend-corrections.spec.ts:375:1 › F01 analogous return-inspection draft does not adopt a refetched version without comparison
2026-10-10T06:42:54.9362007Z [162/406] [chromium] › tests/frontend-corrections.spec.ts:399:1 › F01 comparison supports keyboard choices, server changes again, axe and 320px reflow with long content
2026-10-10T06:42:58.1125518Z [163/406] [chromium] › tests/frontend-corrections.spec.ts:428:1 › F08 privacy bounds reject invalid days and long jurisdiction before HTTP
2026-10-10T06:43:01.3385034Z [164/406] [chromium] › tests/frontend-corrections.spec.ts:458:1 › F06 order custom close respects the draft guard and busy editors remain protected
2026-10-10T06:43:05.9508009Z [165/406] [chromium] › tests/frontend.spec.ts:41:1 › catalog create uses the HTTP mock and successful save clears the draft guard
2026-10-10T06:43:11.2410245Z [166/406] [chromium] › tests/frontend.spec.ts:73:1 › dirty drafts block in-app navigation and preserve input until the user decides
2026-10-10T06:43:14.7537594Z [167/406] [chromium] › tests/frontend.spec.ts:91:1 › all canonical routes render inside the real React demo application
2026-10-10T06:44:21.4397211Z [168/406] [chromium] › tests/frontend.spec.ts:116:1 › switching shops cancels a delayed request and loads only the new shop scope
2026-10-10T06:44:28.0925773Z [169/406] [chromium] › tests/frontend.spec.ts:134:1 › role changes remove restricted navigation and the route guard explains denied access
2026-10-10T06:44:30.1260478Z [170/406] [chromium] › tests/frontend.spec.ts:147:1 › deep links survive browser refresh and logout clears the mock session
2026-10-10T06:44:34.1066981Z [171/406] [chromium] › tests/frontend.spec.ts:160:1 › logout asks before discarding a draft and retains the session when logout fails
2026-10-10T06:44:36.5951989Z [172/406] [chromium] › tests/frontend.spec.ts:217:1 › mobile navigation opens, routes, and closes without viewport overflow
2026-10-10T06:44:38.6741260Z [173/406] [chromium] › tests/frontend.spec.ts:231:1 › chunk loading errors use the route recovery boundary
2026-10-10T06:44:39.9112532Z [174/406] [chromium] › tests/frontend.spec.ts:270:1 › live mode reports an unavailable session API without enabling mock data
2026-10-10T06:44:40.5921116Z [175/406] [chromium] › tests/route-role-matrix.spec.ts:44:1 › route read access matches canonical permissions for every demo role
2026-10-10T06:45:12.9510243Z [chromium] › tests/route-role-matrix.spec.ts:44:1 › route read access matches canonical permissions for every demo role
2026-10-10T06:45:12.9511051Z ROUTE_ROLE_MATRIX_CASES=399 ROLES=7 PRIVATE_ROUTES=57 RESULT=PASS
2026-10-10T06:45:12.9513172Z 
2026-10-10T06:45:13.0261404Z [176/406] [chromium] › tests/security.spec.ts:36:1 › untrusted product text renders as text without activating markup
2026-10-10T06:45:16.8748436Z [177/406] [chromium] › tests/security.spec.ts:54:1 › catalog import rejects a non-CSV file before an upload request
2026-10-10T06:45:18.5481569Z [178/406] [chromium] › tests/security.spec.ts:72:1 › catalog import rejects files above the demo size limit before upload
2026-10-10T06:45:20.5622528Z [179/406] [chromium] › tests/security.spec.ts:90:1 › mock uploads require a purpose, enforce its role, and fingerprint file content for retries
2026-10-10T06:45:24.1361201Z [180/406] [chromium] › tests/session/demo-server-cache-isolation.spec.ts:7:1 › concurrent demo servers use isolated Vite caches and load the React app
2026-10-10T06:45:24.5197142Z [chromium] › tests/session/demo-server-cache-isolation.spec.ts:7:1 › concurrent demo servers use isolated Vite caches and load the React app
2026-10-10T06:45:24.5201148Z VITE_CACHE_ISOLATION=PASS rootA=/tmp/botsales-vite-cache/2fbc71299afedf720605/test-demo/playwright-5605-aea52ec7-cbee-43ab-8054-3994bca67f4d-parallel-a rootB=/tmp/botsales-vite-cache/2fbc71299afedf720605/test-demo/playwright-5605-aea52ec7-cbee-43ab-8054-3994bca67f4d-parallel-b otherCheckout=true
2026-10-10T06:45:24.5226061Z 
2026-10-10T06:45:28.8742110Z [181/406] [chromium] › tests/session/demo-worker-startup.spec.ts:17:1 › demo conditional module requests return complete exports without changing live or non-asset caching
2026-10-10T06:45:33.6482959Z [182/406] [chromium] › tests/session/demo-worker-startup.spec.ts:80:1 › demo startup explains the required setup when the browser blocks Service Workers
2026-10-10T06:45:34.3421908Z [183/406] [chromium] › tests/session/session-revocation.spec.ts:20:1 › session.revoked SSE closes the stream and clears the active shop session
2026-10-10T06:45:37.6282630Z [184/406] [chromium] › tests/session/session-unauthorized.spec.ts:17:1 › expired live session redirects to login and preserves the requested shop route
2026-10-10T06:45:40.3434973Z [185/406] [chromium] › tests/states/fe023.spec.ts:18:1 › FE023.S04 a dirty dialog keeps the form value until the user confirms discard
2026-10-10T06:45:43.7989933Z [186/406] [chromium] › tests/states/fe023.spec.ts:36:1 › FE023.S03 a customer lookup loads the next cursor page without dropping earlier choices
2026-10-10T06:45:46.7638356Z [187/406] [chromium] › tests/states/fe023.spec.ts:77:1 › FE023.S04 delayed requests show loading and failed refresh keeps a retry path
2026-10-10T06:45:55.4077421Z [188/406] [chromium] › tests/states/fe023.spec.ts:107:1 › FE023 unsaved shop settings are preserved when navigation switches shop scope
2026-10-10T06:45:58.7955007Z [189/406] [chromium] › tests/states/fe023.spec.ts:125:1 › FE023 a saved shop form resets its dirty baseline and reports success
2026-10-10T06:46:01.3604620Z [190/406] [chromium] › tests/states/route-empty-composition.spec.ts:29:1 › empty collection responses render accessible empty states on canonical list routes
2026-10-10T06:46:05.6677119Z [chromium] › tests/states/route-empty-composition.spec.ts:29:1 › empty collection responses render accessible empty states on canonical list routes
2026-10-10T06:46:05.6677952Z ROUTE_EMPTY_COMPOSITION_PROGRESS=3/11
2026-10-10T06:46:05.6678507Z 
2026-10-10T06:46:06.3542871Z ROUTE_EMPTY_COMPOSITION_PROGRESS=6/11
2026-10-10T06:46:06.3544278Z 
2026-10-10T06:46:07.2002796Z ROUTE_EMPTY_COMPOSITION_PROGRESS=9/11
2026-10-10T06:46:07.2003105Z 
2026-10-10T06:46:07.4060349Z ROUTE_EMPTY_COMPOSITION=11/11 RESULT=PASS
2026-10-10T06:46:07.4060700Z 
2026-10-10T06:46:07.4795843Z [191/406] [chromium] › tests/states/route-error-composition.spec.ts:44:9 › every shop route composes the shared API error state with its page content › R04 /s/:shopId/overview
2026-10-10T06:46:12.8185733Z [chromium] › tests/states/route-error-composition.spec.ts:44:9 › every shop route composes the shared API error state with its page content › R04 /s/:shopId/overview
2026-10-10T06:46:12.8187069Z ROUTE_ERROR_COMPOSITION_ROUTE=R04 RESULT=PASS
2026-10-10T06:46:12.8187611Z 
2026-10-10T06:46:12.8301961Z [192/406] [chromium] › tests/states/route-error-composition.spec.ts:44:9 › every shop route composes the shared API error state with its page content › R05 /s/:shopId/inbox
2026-10-10T06:46:17.1952176Z [chromium] › tests/states/route-error-composition.spec.ts:44:9 › every shop route composes the shared API error state with its page content › R05 /s/:shopId/inbox
2026-10-10T06:46:17.1953590Z ROUTE_ERROR_COMPOSITION_ROUTE=R05 RESULT=PASS
2026-10-10T06:46:17.1954490Z 
2026-10-10T06:46:17.2077455Z [193/406] [chromium] › tests/states/route-error-composition.spec.ts:44:9 › every shop route composes the shared API error state with its page content › R06 /s/:shopId/inbox/:conversationId
2026-10-10T06:46:21.0666316Z [chromium] › tests/states/route-error-composition.spec.ts:44:9 › every shop route composes the shared API error state with its page content › R06 /s/:shopId/inbox/:conversationId
2026-10-10T06:46:21.0667399Z ROUTE_ERROR_COMPOSITION_ROUTE=R06 RESULT=PASS
2026-10-10T06:46:21.0667677Z 
2026-10-10T06:46:21.0791881Z [194/406] [chromium] › tests/states/route-error-composition.spec.ts:44:9 › every shop route composes the shared API error state with its page content › R07 /s/:shopId/customers
2026-10-10T06:46:25.4671071Z [chromium] › tests/states/route-error-composition.spec.ts:44:9 › every shop route composes the shared API error state with its page content › R07 /s/:shopId/customers
2026-10-10T06:46:25.4672135Z ROUTE_ERROR_COMPOSITION_ROUTE=R07 RESULT=PASS
2026-10-10T06:46:25.4672403Z 
2026-10-10T06:46:25.4780633Z [195/406] [chromium] › tests/states/route-error-composition.spec.ts:44:9 › every shop route composes the shared API error state with its page content › R08 /s/:shopId/customers/:customerId
2026-10-10T06:46:29.3207242Z [chromium] › tests/states/route-error-composition.spec.ts:44:9 › every shop route composes the shared API error state with its page content › R08 /s/:shopId/customers/:customerId
2026-10-10T06:46:29.3236002Z ROUTE_ERROR_COMPOSITION_ROUTE=R08 RESULT=PASS
2026-10-10T06:46:29.3257226Z 
2026-10-10T06:46:29.3457153Z [196/406] [chromium] › tests/states/route-error-composition.spec.ts:44:9 › every shop route composes the shared API error state with its page content › R09 /s/:shopId/products
2026-10-10T06:46:33.8058442Z [chromium] › tests/states/route-error-composition.spec.ts:44:9 › every shop route composes the shared API error state with its page content › R09 /s/:shopId/products
2026-10-10T06:46:33.8059537Z ROUTE_ERROR_COMPOSITION_ROUTE=R09 RESULT=PASS
2026-10-10T06:46:33.8060430Z 
2026-10-10T06:46:33.8177496Z [197/406] [chromium] › tests/states/route-error-composition.spec.ts:44:9 › every shop route composes the shared API error state with its page content › R10 /s/:shopId/products/new
2026-10-10T06:46:38.1104387Z [chromium] › tests/states/route-error-composition.spec.ts:44:9 › every shop route composes the shared API error state with its page content › R10 /s/:shopId/products/new
2026-10-10T06:46:38.1105365Z ROUTE_ERROR_COMPOSITION_ROUTE=R10 RESULT=PASS
2026-10-10T06:46:38.1105623Z 
2026-10-10T06:46:38.1210822Z [198/406] [chromium] › tests/states/route-error-composition.spec.ts:44:9 › every shop route composes the shared API error state with its page content › R11 /s/:shopId/products/:productId
2026-10-10T06:46:42.0632261Z [chromium] › tests/states/route-error-composition.spec.ts:44:9 › every shop route composes the shared API error state with its page content › R11 /s/:shopId/products/:productId
2026-10-10T06:46:42.0633783Z ROUTE_ERROR_COMPOSITION_ROUTE=R11 RESULT=PASS
2026-10-10T06:46:42.0634132Z 
2026-10-10T06:46:42.0785614Z [199/406] [chromium] › tests/states/route-error-composition.spec.ts:44:9 › every shop route composes the shared API error state with its page content › R12 /s/:shopId/categories
2026-10-10T06:46:46.0593815Z [chromium] › tests/states/route-error-composition.spec.ts:44:9 › every shop route composes the shared API error state with its page content › R12 /s/:shopId/categories
2026-10-10T06:46:46.0595415Z ROUTE_ERROR_COMPOSITION_ROUTE=R12 RESULT=PASS
2026-10-10T06:46:46.0595975Z 
2026-10-10T06:46:46.0702017Z [200/406] [chromium] › tests/states/route-error-composition.spec.ts:44:9 › every shop route composes the shared API error state with its page content › R13 /s/:shopId/imports
2026-10-10T06:46:50.0573865Z [chromium] › tests/states/route-error-composition.spec.ts:44:9 › every shop route composes the shared API error state with its page content › R13 /s/:shopId/imports
2026-10-10T06:46:50.0575050Z ROUTE_ERROR_COMPOSITION_ROUTE=R13 RESULT=PASS
2026-10-10T06:46:50.0575369Z 
2026-10-10T06:46:50.0689331Z [201/406] [chromium] › tests/states/route-error-composition.spec.ts:44:9 › every shop route composes the shared API error state with its page content › R14 /s/:shopId/imports/:jobId
2026-10-10T06:46:53.8262943Z [chromium] › tests/states/route-error-composition.spec.ts:44:9 › every shop route composes the shared API error state with its page content › R14 /s/:shopId/imports/:jobId
2026-10-10T06:46:53.8265143Z ROUTE_ERROR_COMPOSITION_ROUTE=R14 RESULT=PASS
2026-10-10T06:46:53.8265631Z 
2026-10-10T06:46:53.8577165Z [202/406] [chromium] › tests/states/route-error-composition.spec.ts:44:9 › every shop route composes the shared API error state with its page content › R15 /s/:shopId/inventory
2026-10-10T06:46:57.9744435Z [chromium] › tests/states/route-error-composition.spec.ts:44:9 › every shop route composes the shared API error state with its page content › R15 /s/:shopId/inventory
2026-10-10T06:46:57.9745908Z ROUTE_ERROR_COMPOSITION_ROUTE=R15 RESULT=PASS
2026-10-10T06:46:57.9746523Z 
2026-10-10T06:46:57.9868599Z [203/406] [chromium] › tests/states/route-error-composition.spec.ts:44:9 › every shop route composes the shared API error state with its page content › R16 /s/:shopId/inventory/movements
2026-10-10T06:47:02.3248439Z [chromium] › tests/states/route-error-composition.spec.ts:44:9 › every shop route composes the shared API error state with its page content › R16 /s/:shopId/inventory/movements
2026-10-10T06:47:02.3249950Z ROUTE_ERROR_COMPOSITION_ROUTE=R16 RESULT=PASS
2026-10-10T06:47:02.3250174Z 
2026-10-10T06:47:02.3372462Z [204/406] [chromium] › tests/states/route-error-composition.spec.ts:44:9 › every shop route composes the shared API error state with its page content › R17 /s/:shopId/orders
2026-10-10T06:47:06.6925617Z [chromium] › tests/states/route-error-composition.spec.ts:44:9 › every shop route composes the shared API error state with its page content › R17 /s/:shopId/orders
2026-10-10T06:47:06.6926916Z ROUTE_ERROR_COMPOSITION_ROUTE=R17 RESULT=PASS
2026-10-10T06:47:06.6927373Z 
2026-10-10T06:47:06.7036771Z [205/406] [chromium] › tests/states/route-error-composition.spec.ts:44:9 › every shop route composes the shared API error state with its page content › R18 /s/:shopId/orders/new
2026-10-10T06:47:10.5426059Z [chromium] › tests/states/route-error-composition.spec.ts:44:9 › every shop route composes the shared API error state with its page content › R18 /s/:shopId/orders/new
2026-10-10T06:47:10.5427142Z ROUTE_ERROR_COMPOSITION_ROUTE=R18 RESULT=PASS
2026-10-10T06:47:10.5427401Z 
2026-10-10T06:47:10.5560361Z [206/406] [chromium] › tests/states/route-error-composition.spec.ts:44:9 › every shop route composes the shared API error state with its page content › R19 /s/:shopId/orders/:orderId
2026-10-10T06:47:14.3420687Z [chromium] › tests/states/route-error-composition.spec.ts:44:9 › every shop route composes the shared API error state with its page content › R19 /s/:shopId/orders/:orderId
2026-10-10T06:47:14.3421795Z ROUTE_ERROR_COMPOSITION_ROUTE=R19 RESULT=PASS
2026-10-10T06:47:14.3422093Z 
2026-10-10T06:47:14.3540736Z [207/406] [chromium] › tests/states/route-error-composition.spec.ts:44:9 › every shop route composes the shared API error state with its page content › R20 /s/:shopId/finance
2026-10-10T06:47:18.9473824Z [chromium] › tests/states/route-error-composition.spec.ts:44:9 › every shop route composes the shared API error state with its page content › R20 /s/:shopId/finance
2026-10-10T06:47:18.9474965Z ROUTE_ERROR_COMPOSITION_ROUTE=R20 RESULT=PASS
2026-10-10T06:47:18.9475337Z 
2026-10-10T06:47:18.9593154Z [208/406] [chromium] › tests/states/route-error-composition.spec.ts:44:9 › every shop route composes the shared API error state with its page content › R21 /s/:shopId/finance/entries
2026-10-10T06:47:22.9892146Z [chromium] › tests/states/route-error-composition.spec.ts:44:9 › every shop route composes the shared API error state with its page content › R21 /s/:shopId/finance/entries
2026-10-10T06:47:22.9893405Z ROUTE_ERROR_COMPOSITION_ROUTE=R21 RESULT=PASS
2026-10-10T06:47:22.9894387Z 
2026-10-10T06:47:23.0008771Z [209/406] [chromium] › tests/states/route-error-composition.spec.ts:44:9 › every shop route composes the shared API error state with its page content › R22 /s/:shopId/finance/profit-loss
2026-10-10T06:47:27.3298924Z [chromium] › tests/states/route-error-composition.spec.ts:44:9 › every shop route composes the shared API error state with its page content › R22 /s/:shopId/finance/profit-loss
2026-10-10T06:47:27.3300245Z ROUTE_ERROR_COMPOSITION_ROUTE=R22 RESULT=PASS
2026-10-10T06:47:27.3300682Z 
2026-10-10T06:47:27.3396868Z [210/406] [chromium] › tests/states/route-error-composition.spec.ts:44:9 › every shop route composes the shared API error state with its page content › R23 /s/:shopId/knowledge
2026-10-10T06:47:31.1290078Z [chromium] › tests/states/route-error-composition.spec.ts:44:9 › every shop route composes the shared API error state with its page content › R23 /s/:shopId/knowledge
2026-10-10T06:47:31.1290752Z ROUTE_ERROR_COMPOSITION_ROUTE=R23 RESULT=PASS
2026-10-10T06:47:31.1291208Z 
2026-10-10T06:47:31.1406449Z [211/406] [chromium] › tests/states/route-error-composition.spec.ts:44:9 › every shop route composes the shared API error state with its page content › R24 /s/:shopId/knowledge/:knowledgeId
2026-10-10T06:47:35.0043817Z [chromium] › tests/states/route-error-composition.spec.ts:44:9 › every shop route composes the shared API error state with its page content › R24 /s/:shopId/knowledge/:knowledgeId
2026-10-10T06:47:35.0045290Z ROUTE_ERROR_COMPOSITION_ROUTE=R24 RESULT=PASS
2026-10-10T06:47:35.0045800Z 
2026-10-10T06:47:35.0186545Z [212/406] [chromium] › tests/states/route-error-composition.spec.ts:44:9 › every shop route composes the shared API error state with its page content › R25 /s/:shopId/knowledge/review
2026-10-10T06:47:38.8393326Z [chromium] › tests/states/route-error-composition.spec.ts:44:9 › every shop route composes the shared API error state with its page content › R25 /s/:shopId/knowledge/review
2026-10-10T06:47:38.8394053Z ROUTE_ERROR_COMPOSITION_ROUTE=R25 RESULT=PASS
2026-10-10T06:47:38.8394312Z 
2026-10-10T06:47:38.8547842Z [213/406] [chromium] › tests/states/route-error-composition.spec.ts:44:9 › every shop route composes the shared API error state with its page content › R26 /s/:shopId/bot
2026-10-10T06:47:42.6285951Z [chromium] › tests/states/route-error-composition.spec.ts:44:9 › every shop route composes the shared API error state with its page content › R26 /s/:shopId/bot
2026-10-10T06:47:42.6286939Z ROUTE_ERROR_COMPOSITION_ROUTE=R26 RESULT=PASS
2026-10-10T06:47:42.6287205Z 
2026-10-10T06:47:42.6415376Z [214/406] [chromium] › tests/states/route-error-composition.spec.ts:44:9 › every shop route composes the shared API error state with its page content › R27 /s/:shopId/bot/playground
2026-10-10T06:47:46.4081172Z [chromium] › tests/states/route-error-composition.spec.ts:44:9 › every shop route composes the shared API error state with its page content › R27 /s/:shopId/bot/playground
2026-10-10T06:47:46.4082576Z ROUTE_ERROR_COMPOSITION_ROUTE=R27 RESULT=PASS
2026-10-10T06:47:46.4082964Z 
2026-10-10T06:47:46.4204437Z [215/406] [chromium] › tests/states/route-error-composition.spec.ts:44:9 › every shop route composes the shared API error state with its page content › R28 /s/:shopId/bot/evaluations
2026-10-10T06:47:50.3153960Z [chromium] › tests/states/route-error-composition.spec.ts:44:9 › every shop route composes the shared API error state with its page content › R28 /s/:shopId/bot/evaluations
2026-10-10T06:47:50.3155353Z ROUTE_ERROR_COMPOSITION_ROUTE=R28 RESULT=PASS
2026-10-10T06:47:50.3156497Z 
2026-10-10T06:47:50.3279705Z [216/406] [chromium] › tests/states/route-error-composition.spec.ts:44:9 › every shop route composes the shared API error state with its page content › R29 /s/:shopId/integrations/channels
2026-10-10T06:47:54.2045601Z [chromium] › tests/states/route-error-composition.spec.ts:44:9 › every shop route composes the shared API error state with its page content › R29 /s/:shopId/integrations/channels
2026-10-10T06:47:54.2047001Z ROUTE_ERROR_COMPOSITION_ROUTE=R29 RESULT=PASS
2026-10-10T06:47:54.2054687Z 
2026-10-10T06:47:54.2172228Z [217/406] [chromium] › tests/states/route-error-composition.spec.ts:44:9 › every shop route composes the shared API error state with its page content › R30 /s/:shopId/integrations/ai
2026-10-10T06:47:57.8345191Z [chromium] › tests/states/route-error-composition.spec.ts:44:9 › every shop route composes the shared API error state with its page content › R30 /s/:shopId/integrations/ai
2026-10-10T06:47:57.8346481Z ROUTE_ERROR_COMPOSITION_ROUTE=R30 RESULT=PASS
2026-10-10T06:47:57.8347580Z 
2026-10-10T06:47:57.8495465Z [218/406] [chromium] › tests/states/route-error-composition.spec.ts:44:9 › every shop route composes the shared API error state with its page content › R31 /s/:shopId/reports
2026-10-10T06:48:02.2593651Z [chromium] › tests/states/route-error-composition.spec.ts:44:9 › every shop route composes the shared API error state with its page content › R31 /s/:shopId/reports
2026-10-10T06:48:02.2595878Z ROUTE_ERROR_COMPOSITION_ROUTE=R31 RESULT=PASS
2026-10-10T06:48:02.2596349Z 
2026-10-10T06:48:02.2723629Z [219/406] [chromium] › tests/states/route-error-composition.spec.ts:44:9 › every shop route composes the shared API error state with its page content › R32 /s/:shopId/settings/team
2026-10-10T06:48:06.2131411Z [chromium] › tests/states/route-error-composition.spec.ts:44:9 › every shop route composes the shared API error state with its page content › R32 /s/:shopId/settings/team
2026-10-10T06:48:06.2132074Z ROUTE_ERROR_COMPOSITION_ROUTE=R32 RESULT=PASS
2026-10-10T06:48:06.2132257Z 
2026-10-10T06:48:06.2256325Z [220/406] [chromium] › tests/states/route-error-composition.spec.ts:44:9 › every shop route composes the shared API error state with its page content › R33 /s/:shopId/settings/shop
2026-10-10T06:48:09.0763194Z [chromium] › tests/states/route-error-composition.spec.ts:44:9 › every shop route composes the shared API error state with its page content › R33 /s/:shopId/settings/shop
2026-10-10T06:48:09.0764337Z ROUTE_ERROR_COMPOSITION_ROUTE=R33 RESULT=PASS
2026-10-10T06:48:09.0765097Z 
2026-10-10T06:48:09.0868669Z [221/406] [chromium] › tests/states/route-error-composition.spec.ts:44:9 › every shop route composes the shared API error state with its page content › R34 /s/:shopId/settings/audit
2026-10-10T06:48:12.9543815Z [chromium] › tests/states/route-error-composition.spec.ts:44:9 › every shop route composes the shared API error state with its page content › R34 /s/:shopId/settings/audit
2026-10-10T06:48:12.9544477Z ROUTE_ERROR_COMPOSITION_ROUTE=R34 RESULT=PASS
2026-10-10T06:48:12.9544660Z 
2026-10-10T06:48:12.9656978Z [222/406] [chromium] › tests/states/route-error-composition.spec.ts:44:9 › every shop route composes the shared API error state with its page content › R35 /s/:shopId/settings/privacy
2026-10-10T06:48:16.7762962Z [chromium] › tests/states/route-error-composition.spec.ts:44:9 › every shop route composes the shared API error state with its page content › R35 /s/:shopId/settings/privacy
2026-10-10T06:48:16.7764234Z ROUTE_ERROR_COMPOSITION_ROUTE=R35 RESULT=PASS
2026-10-10T06:48:16.7764910Z 
2026-10-10T06:48:16.7897097Z [223/406] [chromium] › tests/states/route-error-composition.spec.ts:44:9 › every shop route composes the shared API error state with its page content › R36 /s/:shopId/jobs/:jobId
2026-10-10T06:48:20.6601961Z [chromium] › tests/states/route-error-composition.spec.ts:44:9 › every shop route composes the shared API error state with its page content › R36 /s/:shopId/jobs/:jobId
2026-10-10T06:48:20.6603138Z ROUTE_ERROR_COMPOSITION_ROUTE=R36 RESULT=PASS
2026-10-10T06:48:20.6603485Z 
2026-10-10T06:48:20.6709494Z [224/406] [chromium] › tests/states/route-error-composition.spec.ts:44:9 › every shop route composes the shared API error state with its page content › R37 /s/:shopId/operations
2026-10-10T06:48:24.4355889Z [chromium] › tests/states/route-error-composition.spec.ts:44:9 › every shop route composes the shared API error state with its page content › R37 /s/:shopId/operations
2026-10-10T06:48:24.4357257Z ROUTE_ERROR_COMPOSITION_ROUTE=R37 RESULT=PASS
2026-10-10T06:48:24.4357658Z 
2026-10-10T06:48:24.4483456Z [225/406] [chromium] › tests/states/route-error-composition.spec.ts:44:9 › every shop route composes the shared API error state with its page content › R38 /s/:shopId/approvals
2026-10-10T06:48:28.2729258Z [chromium] › tests/states/route-error-composition.spec.ts:44:9 › every shop route composes the shared API error state with its page content › R38 /s/:shopId/approvals
2026-10-10T06:48:28.2730419Z ROUTE_ERROR_COMPOSITION_ROUTE=R38 RESULT=PASS
2026-10-10T06:48:28.2731384Z 
2026-10-10T06:48:28.2867292Z [226/406] [chromium] › tests/states/route-error-composition.spec.ts:44:9 › every shop route composes the shared API error state with its page content › R39 /s/:shopId/notifications
2026-10-10T06:48:32.1588168Z [chromium] › tests/states/route-error-composition.spec.ts:44:9 › every shop route composes the shared API error state with its page content › R39 /s/:shopId/notifications
2026-10-10T06:48:32.1589412Z ROUTE_ERROR_COMPOSITION_ROUTE=R39 RESULT=PASS
2026-10-10T06:48:32.1589752Z 
2026-10-10T06:48:32.1699636Z [227/406] [chromium] › tests/states/route-error-composition.spec.ts:44:9 › every shop route composes the shared API error state with its page content › R40 /s/:shopId/notifications/devices
2026-10-10T06:48:36.0861798Z [chromium] › tests/states/route-error-composition.spec.ts:44:9 › every shop route composes the shared API error state with its page content › R40 /s/:shopId/notifications/devices
2026-10-10T06:48:36.0863309Z ROUTE_ERROR_COMPOSITION_ROUTE=R40 RESULT=PASS
2026-10-10T06:48:36.0863761Z 
2026-10-10T06:48:36.1015803Z [228/406] [chromium] › tests/states/route-error-composition.spec.ts:44:9 › every shop route composes the shared API error state with its page content › R41 /s/:shopId/fulfillment
2026-10-10T06:48:39.8857127Z [chromium] › tests/states/route-error-composition.spec.ts:44:9 › every shop route composes the shared API error state with its page content › R41 /s/:shopId/fulfillment
2026-10-10T06:48:39.8859031Z ROUTE_ERROR_COMPOSITION_ROUTE=R41 RESULT=PASS
2026-10-10T06:48:39.8859795Z 
2026-10-10T06:48:39.8976663Z [229/406] [chromium] › tests/states/route-error-composition.spec.ts:44:9 › every shop route composes the shared API error state with its page content › R42 /s/:shopId/shipments
2026-10-10T06:48:43.9281532Z [chromium] › tests/states/route-error-composition.spec.ts:44:9 › every shop route composes the shared API error state with its page content › R42 /s/:shopId/shipments
2026-10-10T06:48:43.9282553Z ROUTE_ERROR_COMPOSITION_ROUTE=R42 RESULT=PASS
2026-10-10T06:48:43.9282814Z 
2026-10-10T06:48:43.9389634Z [230/406] [chromium] › tests/states/route-error-composition.spec.ts:44:9 › every shop route composes the shared API error state with its page content › R43 /s/:shopId/returns
2026-10-10T06:48:47.7667095Z [chromium] › tests/states/route-error-composition.spec.ts:44:9 › every shop route composes the shared API error state with its page content › R43 /s/:shopId/returns
2026-10-10T06:48:47.7668355Z ROUTE_ERROR_COMPOSITION_ROUTE=R43 RESULT=PASS
2026-10-10T06:48:47.7668704Z 
2026-10-10T06:48:47.7786855Z [231/406] [chromium] › tests/states/route-error-composition.spec.ts:44:9 › every shop route composes the shared API error state with its page content › R44 /s/:shopId/suppliers
2026-10-10T06:48:51.5318532Z [chromium] › tests/states/route-error-composition.spec.ts:44:9 › every shop route composes the shared API error state with its page content › R44 /s/:shopId/suppliers
2026-10-10T06:48:51.5319209Z ROUTE_ERROR_COMPOSITION_ROUTE=R44 RESULT=PASS
2026-10-10T06:48:51.5319386Z 
2026-10-10T06:48:51.5460330Z [232/406] [chromium] › tests/states/route-error-composition.spec.ts:44:9 › every shop route composes the shared API error state with its page content › R45 /s/:shopId/replenishment
2026-10-10T06:48:55.4394120Z [chromium] › tests/states/route-error-composition.spec.ts:44:9 › every shop route composes the shared API error state with its page content › R45 /s/:shopId/replenishment
2026-10-10T06:48:55.4395002Z ROUTE_ERROR_COMPOSITION_ROUTE=R45 RESULT=PASS
2026-10-10T06:48:55.4395279Z 
2026-10-10T06:48:55.4527200Z [233/406] [chromium] › tests/states/route-error-composition.spec.ts:44:9 › every shop route composes the shared API error state with its page content › R46 /s/:shopId/purchases
2026-10-10T06:48:59.2776308Z [chromium] › tests/states/route-error-composition.spec.ts:44:9 › every shop route composes the shared API error state with its page content › R46 /s/:shopId/purchases
2026-10-10T06:48:59.2777266Z ROUTE_ERROR_COMPOSITION_ROUTE=R46 RESULT=PASS
2026-10-10T06:48:59.2777668Z 
2026-10-10T06:48:59.2910682Z [234/406] [chromium] › tests/states/route-error-composition.spec.ts:44:9 › every shop route composes the shared API error state with its page content › R47 /s/:shopId/receipts
2026-10-10T06:49:02.9952818Z [chromium] › tests/states/route-error-composition.spec.ts:44:9 › every shop route composes the shared API error state with its page content › R47 /s/:shopId/receipts
2026-10-10T06:49:02.9954429Z ROUTE_ERROR_COMPOSITION_ROUTE=R47 RESULT=PASS
2026-10-10T06:49:02.9955051Z 
2026-10-10T06:49:03.0104476Z [235/406] [chromium] › tests/states/route-error-composition.spec.ts:44:9 › every shop route composes the shared API error state with its page content › R48 /s/:shopId/finance/journals
2026-10-10T06:49:07.3660330Z [chromium] › tests/states/route-error-composition.spec.ts:44:9 › every shop route composes the shared API error state with its page content › R48 /s/:shopId/finance/journals
2026-10-10T06:49:07.3660998Z ROUTE_ERROR_COMPOSITION_ROUTE=R48 RESULT=PASS
2026-10-10T06:49:07.3661173Z 
2026-10-10T06:49:07.3827252Z [236/406] [chromium] › tests/states/route-error-composition.spec.ts:44:9 › every shop route composes the shared API error state with its page content › R49 /s/:shopId/finance/reconciliation
2026-10-10T06:49:11.8184590Z [chromium] › tests/states/route-error-composition.spec.ts:44:9 › every shop route composes the shared API error state with its page content › R49 /s/:shopId/finance/reconciliation
2026-10-10T06:49:11.8185988Z ROUTE_ERROR_COMPOSITION_ROUTE=R49 RESULT=PASS
2026-10-10T06:49:11.8186869Z 
2026-10-10T06:49:11.8288113Z [237/406] [chromium] › tests/states/route-error-composition.spec.ts:44:9 › every shop route composes the shared API error state with its page content › R50 /s/:shopId/finance/debts-periods
2026-10-10T06:49:16.0759317Z [chromium] › tests/states/route-error-composition.spec.ts:44:9 › every shop route composes the shared API error state with its page content › R50 /s/:shopId/finance/debts-periods
2026-10-10T06:49:16.0760635Z ROUTE_ERROR_COMPOSITION_ROUTE=R50 RESULT=PASS
2026-10-10T06:49:16.0761097Z 
2026-10-10T06:49:16.0864615Z [238/406] [chromium] › tests/states/route-error-composition.spec.ts:44:9 › every shop route composes the shared API error state with its page content › R51 /s/:shopId/bot/team
2026-10-10T06:49:19.7676656Z [chromium] › tests/states/route-error-composition.spec.ts:44:9 › every shop route composes the shared API error state with its page content › R51 /s/:shopId/bot/team
2026-10-10T06:49:19.7677625Z ROUTE_ERROR_COMPOSITION_ROUTE=R51 RESULT=PASS
2026-10-10T06:49:19.7678004Z 
2026-10-10T06:49:19.7798045Z [239/406] [chromium] › tests/states/route-error-composition.spec.ts:44:9 › every shop route composes the shared API error state with its page content › R52 /s/:shopId/operations/digests
2026-10-10T06:49:23.4993325Z [chromium] › tests/states/route-error-composition.spec.ts:44:9 › every shop route composes the shared API error state with its page content › R52 /s/:shopId/operations/digests
2026-10-10T06:49:23.4994013Z ROUTE_ERROR_COMPOSITION_ROUTE=R52 RESULT=PASS
2026-10-10T06:49:23.4994189Z 
2026-10-10T06:49:23.5107038Z [240/406] [chromium] › tests/states/route-error-composition.spec.ts:44:9 › every shop route composes the shared API error state with its page content › R53 /s/:shopId/reports/marketing
2026-10-10T06:49:27.5338947Z [chromium] › tests/states/route-error-composition.spec.ts:44:9 › every shop route composes the shared API error state with its page content › R53 /s/:shopId/reports/marketing
2026-10-10T06:49:27.5339877Z ROUTE_ERROR_COMPOSITION_ROUTE=R53 RESULT=PASS
2026-10-10T06:49:27.5340075Z 
2026-10-10T06:49:27.5469031Z [241/406] [chromium] › tests/states/route-error-composition.spec.ts:44:9 › every shop route composes the shared API error state with its page content › R54 /s/:shopId/service-cases
2026-10-10T06:49:31.3823973Z [chromium] › tests/states/route-error-composition.spec.ts:44:9 › every shop route composes the shared API error state with its page content › R54 /s/:shopId/service-cases
2026-10-10T06:49:31.3825236Z ROUTE_ERROR_COMPOSITION_ROUTE=R54 RESULT=PASS
2026-10-10T06:49:31.3825485Z 
2026-10-10T06:49:31.3952235Z [242/406] [chromium] › tests/states/route-error-composition.spec.ts:44:9 › every shop route composes the shared API error state with its page content › R55 /s/:shopId/settings/warehouses
2026-10-10T06:49:35.2977249Z [chromium] › tests/states/route-error-composition.spec.ts:44:9 › every shop route composes the shared API error state with its page content › R55 /s/:shopId/settings/warehouses
2026-10-10T06:49:35.2978552Z ROUTE_ERROR_COMPOSITION_ROUTE=R55 RESULT=PASS
2026-10-10T06:49:35.2978949Z 
2026-10-10T06:49:35.3088555Z [243/406] [chromium] › tests/states/route-error-composition.spec.ts:44:9 › every shop route composes the shared API error state with its page content › R56 /s/:shopId/finance/accounts
2026-10-10T06:49:39.6008065Z [chromium] › tests/states/route-error-composition.spec.ts:44:9 › every shop route composes the shared API error state with its page content › R56 /s/:shopId/finance/accounts
2026-10-10T06:49:39.6009387Z ROUTE_ERROR_COMPOSITION_ROUTE=R56 RESULT=PASS
2026-10-10T06:49:39.6009755Z 
2026-10-10T06:49:39.6134029Z [244/406] [chromium] › tests/states/route-error-composition.spec.ts:44:9 › every shop route composes the shared API error state with its page content › R57 /s/:shopId/finance/opening-balances
2026-10-10T06:49:44.1082400Z [chromium] › tests/states/route-error-composition.spec.ts:44:9 › every shop route composes the shared API error state with its page content › R57 /s/:shopId/finance/opening-balances
2026-10-10T06:49:44.1084319Z ROUTE_ERROR_COMPOSITION_ROUTE=R57 RESULT=PASS
2026-10-10T06:49:44.1085663Z 
2026-10-10T06:49:44.1220320Z [245/406] [chromium] › tests/states/route-error-composition.spec.ts:44:9 › every shop route composes the shared API error state with its page content › R58 /s/:shopId/finance/ledger
2026-10-10T06:49:48.1914196Z [chromium] › tests/states/route-error-composition.spec.ts:44:9 › every shop route composes the shared API error state with its page content › R58 /s/:shopId/finance/ledger
2026-10-10T06:49:48.1916284Z ROUTE_ERROR_COMPOSITION_ROUTE=R58 RESULT=PASS
2026-10-10T06:49:48.1916737Z 
2026-10-10T06:49:48.2057044Z [246/406] [chromium] › tests/states/route-error-composition.spec.ts:44:9 › every shop route composes the shared API error state with its page content › R59 /s/:shopId/finance/trial-balance
2026-10-10T06:49:52.5484580Z [chromium] › tests/states/route-error-composition.spec.ts:44:9 › every shop route composes the shared API error state with its page content › R59 /s/:shopId/finance/trial-balance
2026-10-10T06:49:52.5485872Z ROUTE_ERROR_COMPOSITION_ROUTE=R59 RESULT=PASS
2026-10-10T06:49:52.5486149Z 
2026-10-10T06:49:52.5597048Z [247/406] [chromium] › tests/states/route-error-composition.spec.ts:44:9 › every shop route composes the shared API error state with its page content › R60 /s/:shopId/finance/balance-sheet
2026-10-10T06:49:56.9293603Z [chromium] › tests/states/route-error-composition.spec.ts:44:9 › every shop route composes the shared API error state with its page content › R60 /s/:shopId/finance/balance-sheet
2026-10-10T06:49:56.9295303Z ROUTE_ERROR_COMPOSITION_ROUTE=R60 RESULT=PASS
2026-10-10T06:49:56.9295948Z 
2026-10-10T06:49:56.9882653Z [248/406] [chromium] › tests/ui-bot-layout.spec.ts:42:1 › Bot routes R26/R27/R28/R51 fit the supported page-width boundaries
2026-10-10T06:50:26.9922491Z [249/406] [chromium] › tests/ui-bot-layout.spec.ts:52:1 › Bot config, evaluation, role and budget dialogs stay inside mobile and desktop viewports
2026-10-10T06:50:47.1560116Z [250/406] [chromium] › tests/ui-catalog-layout.spec.ts:15:1 › catalog R09-R14 keeps shared gutters, inset ownership and dry-run flow at mobile and desktop
2026-10-10T06:51:07.2153867Z [251/406] [chromium] › tests/ui-catalog-layout.spec.ts:67:1 › Imports review notice and demo controls keep the measured shared disclosure boundary at 806x884
2026-10-10T06:51:09.1016327Z [252/406] [chromium] › tests/ui-component-layout.spec.ts:40:1 › A01 order lines keep intrinsic remove actions with clean and invalid quantities
2026-10-10T06:51:16.7886035Z [253/406] [chromium] › tests/ui-component-layout.spec.ts:61:1 › A02 product editors align category and status faces independently from lookup metadata
2026-10-10T06:51:28.4075974Z [254/406] [chromium] › tests/ui-component-layout.spec.ts:84:1 › Shared outlined labels focus empty and populated native controls
2026-10-10T06:51:30.5464906Z [255/406] [chromium] › tests/ui-component-layout.spec.ts:99:1 › A02 variant fields retain readable widths when text doubles
2026-10-10T06:51:45.2144110Z [256/406] [chromium] › tests/ui-component-layout.spec.ts:130:1 › A03 import mapping preserves natural remove actions and editable mappings
2026-10-10T06:51:50.8331277Z [257/406] [chromium] › tests/ui-component-layout.spec.ts:150:1 › A04 full precision money wraps outside tables and remains unbroken in the named scroll region
2026-10-10T06:51:56.6923299Z [258/406] [chromium] › tests/ui-component-layout.spec.ts:176:1 › A05 status height follows its own label while long labels remain fully readable
2026-10-10T06:52:02.5997679Z [259/406] [chromium] › tests/ui-component-layout.spec.ts:196:1 › A06 Empty wraps unbroken reference text and retains its keyboard action
2026-10-10T06:52:08.2789509Z [260/406] [chromium] › tests/ui-component-layout.spec.ts:209:1 › A07 canonical order address selection exposes full text and edit lines retain intrinsic actions
2026-10-10T06:52:20.8038933Z [261/406] [chromium] › tests/ui-composition-layout.spec.ts:13:1 › SPC-061/062 shared compositions own their gap and child boundaries on every canonical route
2026-10-10T06:55:10.1945515Z [262/406] [chromium] › tests/ui-composition-positive-ancestry.spec.ts:62:1 › S15 Dashboard conditional content keeps an independently bordered surface inside its Panel owner
2026-10-10T06:55:15.3466058Z [263/406] [chromium] › tests/ui-composition-positive-ancestry.spec.ts:103:1 › S15 catalog QueryState fragment keeps DataTable and Pager as peer children of one Panel
2026-10-10T06:55:19.8736224Z [264/406] [chromium] › tests/ui-composition-positive-ancestry.spec.ts:137:1 › S15 Knowledge action group wraps children without losing its shared action owner
2026-10-10T06:55:24.5584989Z [265/406] [chromium] › tests/ui-consent-management.spec.ts:16:1 › R35 creates a pending challenge from API and shows consent history without local opt-out state
2026-10-10T06:55:27.7458687Z [266/406] [chromium] › tests/ui-consent-management.spec.ts:36:1 › R61 confirms an opt-out through POST body, removes the token from URL and leaves service messages available
2026-10-10T06:55:28.9227246Z [267/406] [chromium] › tests/ui-consent-management.spec.ts:74:1 › R61 public confirmation remains keyboard-accessible and reflows at 320px
2026-10-10T06:55:30.5144118Z [268/406] [chromium] › tests/ui-customers-layout.spec.ts:30:1 › Customers R07/R08/R54 layouts fit the shell at every responsive boundary
2026-10-10T06:55:54.1701878Z [269/406] [chromium] › tests/ui-customers-layout.spec.ts:59:1 › Customer create and service-case dialogs stay in the viewport without submitting
2026-10-10T06:56:01.4920580Z [270/406] [chromium] › tests/ui-dashboard-layout.spec.ts:17:1 › Shared consolidation Dashboard primary link respects all eight permission tuples and native anchor interactions
2026-10-10T06:56:08.1356151Z [271/406] [chromium] › tests/ui-dashboard-layout.spec.ts:69:1 › dashboard hierarchy, CTA targets, and page width hold across supported breakpoints
2026-10-10T06:56:10.2131394Z [272/406] [chromium] › tests/ui-density-layout.spec.ts:10:1 › density table saves row space while preserving action target and data
2026-10-10T06:56:17.0033376Z [273/406] [chromium] › tests/ui-density-layout.spec.ts:22:1 › density divided facts list has one row inset and no additional inter-row gap
2026-10-10T06:56:20.2159421Z [274/406] [chromium] › tests/ui-density-layout.spec.ts:33:1 › density demo disclosure retains state and always shows the synthetic warning
2026-10-10T06:56:28.1763260Z [275/406] [chromium] › tests/ui-density-layout.spec.ts:48:1 › density operational Panel uses 12px boundary while complex form and reading Panel keep comfortable rhythm
2026-10-10T06:56:37.3717076Z [276/406] [chromium] › tests/ui-density-layout.spec.ts:60:1 › density simple category editor keeps labels, errors and keyboard reflow usable
2026-10-10T06:56:48.5363582Z [277/406] [chromium] › tests/ui-finance-layout.spec.ts:30:1 › Finance R20/R21/R22/R48/R49/R50 route layouts retain shell gutter without horizontal overflow from 320–1440px
2026-10-10T06:57:33.6806216Z [278/406] [chromium] › tests/ui-finance-layout.spec.ts:62:1 › titled Finance Panels keep one 12px header-to-first-content boundary
2026-10-10T06:57:46.8343830Z [279/406] [chromium] › tests/ui-finance-layout.spec.ts:129:1 › Finance report, entry, journal, reconciliation and period dialogs remain in the viewport without submitting
2026-10-10T06:58:04.7870698Z [280/406] [chromium] › tests/ui-finance-management.spec.ts:14:1 › C06 opening validates before HTTP and preserves added/removed list drafts through every close guard
2026-10-10T06:58:09.5049283Z [281/406] [chromium] › tests/ui-finance-management.spec.ts:19:1 › C06 opening UI posts only its reviewed version and reports/ledger drill down to real journal IDs
2026-10-10T06:58:17.4616793Z [282/406] [chromium] › tests/ui-finance-management.spec.ts:25:1 › C06 opening conflict retains whole lists and reconciles two changing server versions without forced retry
2026-10-10T06:58:25.7661701Z [283/406] [chromium] › tests/ui-finance-management.spec.ts:31:1 › C06 finance entry validation and refetch conflict keep the saved baseline and draft
2026-10-10T06:58:29.6046849Z [284/406] [chromium] › tests/ui-finance-management.spec.ts:35:1 › C06 all new financial routes and dialog use keyboard/axe and reflow at required widths
2026-10-10T06:59:20.2525202Z [285/406] [chromium] › tests/ui-fulfillment-layout.spec.ts:30:1 › Fulfillment R41/R42 preserve shell gutter and contain responsive route layouts from 320-1440px
2026-10-10T06:59:36.4961282Z [286/406] [chromium] › tests/ui-fulfillment-layout.spec.ts:59:1 › Fulfillment prep, shipment-create, detail and event dialogs fit mobile and desktop without submitting
2026-10-10T06:59:44.3714491Z [287/406] [chromium] › tests/ui-integrations-layout.spec.ts:40:1 › Integrations routes R29/R30 fit the supported page-width boundaries
2026-10-10T07:00:00.1207627Z [288/406] [chromium] › tests/ui-integrations-layout.spec.ts:50:1 › R29 disconnect and R30 create/edit credential dialogs stay inside mobile and desktop viewports
2026-10-10T07:00:12.6591991Z [289/406] [chromium] › tests/ui-inventory-layout.spec.ts:15:1 › Inventory R15/R16 preserve shared gutter and contain table overflow at 320-1440px
2026-10-10T07:00:29.7646842Z [290/406] [chromium] › tests/ui-inventory-layout.spec.ts:51:1 › Inventory filters reset cursor and preserve other URL state; adjustment validation sends no command
2026-10-10T07:00:38.0185568Z [291/406] [chromium] › tests/ui-knowledge-layout.spec.ts:67:1 › Knowledge routes R23/R24/R25 fit every supported layout boundary
2026-10-10T07:01:03.5551007Z [292/406] [chromium] › tests/ui-knowledge-layout.spec.ts:87:1 › Knowledge create, edit, and feedback-review dialogs remain inside mobile and desktop viewports
2026-10-10T07:01:19.0030124Z [293/406] [chromium] › tests/ui-master-resources.spec.ts:13:1 › C05 warehouses validate before HTTP, protect drafts and create/update/archive with visible results
2026-10-10T07:01:25.3795722Z [294/406] [chromium] › tests/ui-master-resources.spec.ts:26:1 › C05 warehouse conflicts keep the draft across two concurrent versions and require explicit reconciliation
2026-10-10T07:01:28.8842986Z [295/406] [chromium] › tests/ui-master-resources.spec.ts:34:1 › C05 accounts create and protect used fields; journal choices come from the same API lookup
2026-10-10T07:01:32.2427695Z [296/406] [chromium] › tests/ui-master-resources.spec.ts:40:1 › C05 customer address UI never replays a masked phone and orders load per-customer addresses
2026-10-10T07:01:37.6304503Z [297/406] [chromium] › tests/ui-master-resources.spec.ts:46:1 › C05 new management routes and address dialog reflow at all required widths with keyboard and axe
2026-10-10T07:02:11.1056337Z [298/406] [chromium] › tests/ui-master-resources.spec.ts:58:1 › C05 complete customer addresses create/archive through HTTP; masked mandatory fields prevent creation
2026-10-10T07:02:15.0530239Z [299/406] [chromium] › tests/ui-master-resources.spec.ts:77:1 › C05 an unknown warehouse creation keeps the draft and prevents a second request
2026-10-10T07:02:17.3006232Z [300/406] [chromium] › tests/ui-notifications-layout.spec.ts:40:1 › R39/R40 Notifications routes fit the supported page-width boundaries
2026-10-10T07:02:33.1622984Z [301/406] [chromium] › tests/ui-notifications-layout.spec.ts:50:1 › R40 revoke-device confirmation stays inside mobile and desktop viewports
2026-10-10T07:02:39.4703927Z [302/406] [chromium] › tests/ui-operations-layout.spec.ts:41:1 › R37/R38/R52 Operations routes fit the supported page-width boundaries
2026-10-10T07:03:02.5913640Z [303/406] [chromium] › tests/ui-operations-layout.spec.ts:51:1 › R52 role-control confirmation stays inside mobile and desktop viewports
2026-10-10T07:03:09.0089024Z [304/406] [chromium] › tests/ui-orders-layout.spec.ts:15:1 › Orders R17/R18/R19/R43 preserve responsive page geometry at 320-1440px
2026-10-10T07:03:39.7926678Z [305/406] [chromium] › tests/ui-orders-layout.spec.ts:46:1 › Orders draft, versioned quote, canonical address snapshot and return dialogs keep their behavior without writes
2026-10-10T07:03:53.2405443Z [306/406] [chromium] › tests/ui-panel-layout.spec.ts:15:1 › the titled Fulfillment Panel owns its body inset and keeps one 12px header boundary
2026-10-10T07:04:00.2434319Z [307/406] [chromium] › tests/ui-procurement-layout.spec.ts:38:1 › Procurement R44-R47 preserve shared page gutter and contain responsive tables at 320-1440px
2026-10-10T07:04:31.4945744Z [308/406] [chromium] › tests/ui-procurement-layout.spec.ts:69:1 › Procurement supplier, offer, rule, purchase and receipt dialogs fit narrow and desktop viewports without writes
2026-10-10T07:04:48.2428375Z [309/406] [chromium] › tests/ui-query-state-layout.spec.ts:68:5 › S12 R09 QueryState section profile preserves pending and ready layout
2026-10-10T07:05:00.6922353Z [310/406] [chromium] › tests/ui-query-state-layout.spec.ts:68:5 › S12 R11 QueryState inline profile preserves pending and ready layout
2026-10-10T07:05:11.4872735Z [311/406] [chromium] › tests/ui-shell-layout.spec.ts:45:1 › Shell keeps header, banner, main and footer on one responsive gutter
2026-10-10T07:05:14.5545783Z [312/406] [chromium] › tests/ui-shell-layout.spec.ts:106:1 › demo controls stay discoverable on mobile and usable on desktop
2026-10-10T07:05:16.0231889Z [313/406] [chromium] › tests/ui-shell-layout.spec.ts:124:1 › SPC-055/057 demo-control labels keep a clear gap on every Shell route consumer
2026-10-10T07:06:14.1576969Z [314/406] [chromium] › tests/ui-shell-layout.spec.ts:149:1 › unmatched route fallback owns its page gutter without horizontal overflow
2026-10-10T07:06:15.3361422Z [315/406] [chromium] › tests/ui-toolbar-layout.spec.ts:33:1 › Shared Toolbar and demo tools keep labels clear when text doubles
2026-10-10T07:06:24.4210490Z [316/406] [chromium] › tests/ui-toolbar-layout.spec.ts:61:1 › Toolbar geometry: multiline category lookup cannot stretch the search button
2026-10-10T07:06:26.9824485Z [317/406] [chromium] › tests/ui-toolbar-layout.spec.ts:78:1 › Shared consolidation Inbox filters share Toolbar ownership and stay outside search across pane widths
2026-10-10T07:06:43.9303962Z [318/406] [chromium] › tests/ui-toolbar-layout.spec.ts:121:1 › Toolbar affected routes keep intrinsic actions, capability branches and 320px reflow
2026-10-10T07:07:57.4894408Z [319/406] [chromium] › tests/ui-toolbar-layout.spec.ts:146:1 › Toolbar public extra slot cannot stretch a single-line submit action
2026-10-10T07:07:58.9204523Z [320/406] [chromium] › tests/ui-toolbar-layout.spec.ts:163:1 › Toolbar preserves Products URL filters, search submit, clear and independent category lookup
2026-10-10T07:08:03.0621122Z [321/406] [chromium] › tests/ui-toolbar-layout.spec.ts:199:1 › Toolbar keeps Inventory apply/reset separate from search submission
2026-10-10T07:08:09.1562863Z [322/406] [chromium] › tests/ui-toolbar-layout.spec.ts:219:1 › Toolbar category more/busy/error/retry branches preserve search geometry and actual pagination
2026-10-10T07:08:13.1378572Z [323/406] [chromium] › tests/ui-ux-completion.spec.ts:9:1 › UX01 setup feedback CTA reaches review workflow rather than dynamic knowledge detail
2026-10-10T07:08:17.1878619Z [324/406] [chromium] › tests/ui-ux-completion.spec.ts:15:1 › UX02 stock warnings describe low/zero stock without implying a server block
2026-10-10T07:08:19.0148014Z [325/406] [chromium] › tests/ui-ux-completion.spec.ts:22:1 › UX02 inventory receipts and accounting open periods have domain-specific names
2026-10-10T07:08:22.3935641Z [326/406] [chromium] › tests/ui-ux-completion.spec.ts:31:1 › UX04 onboarding protects the whole draft on leave and reload
2026-10-10T07:08:34.4877944Z [327/406] [chromium] › tests/ui-ux-completion.spec.ts:52:1 › UX04 acknowledged shop creation leaves without a false dirty warning
2026-10-10T07:08:36.1553616Z [328/406] [chromium] › tests/ui-ux-completion.spec.ts:60:1 › UX05 product detail returns to committed filters; direct links use the list fallback
2026-10-10T07:08:39.8310070Z [329/406] [chromium] › tests/ui-ux-completion.spec.ts:70:60 › UX05 customers list returns to its own filter context
2026-10-10T07:08:43.3607812Z [330/406] [chromium] › tests/ui-ux-completion.spec.ts:70:60 › UX05 orders list returns to its own filter context
2026-10-10T07:08:46.9553891Z [331/406] [chromium] › tests/ui-ux-completion.spec.ts:70:60 › UX05 knowledge list returns to its own filter context
2026-10-10T07:08:50.3437074Z [332/406] [chromium] › tests/ui-ux-completion.spec.ts:86:1 › UX03 category, member and AI deletion confirmations name the selected object and consequence
2026-10-10T07:08:55.0783457Z [333/406] [chromium] › tests/ui-ux-completion.spec.ts:108:1 › UX07 titles and breadcrumb distinguish create/detail/review; menu empty state clears with focus
2026-10-10T07:08:58.7267492Z [334/406] [chromium] › tests/ui-ux-completion.spec.ts:126:1 › UX10 multi-table pages have distinct business names
2026-10-10T07:09:02.0919577Z [335/406] [chromium] › tests/ui-ux-completion.spec.ts:136:1 › UX06 AI capability names and states are readable in Vietnamese
2026-10-10T07:09:03.6354920Z [336/406] [chromium] › tests/ui-ux-completion.spec.ts:143:1 › UX15 detail captions reflow without splitting short words across all required viewports
2026-10-10T07:09:06.4465021Z [337/406] [chromium] › tests/ui-width-layout.spec.ts:29:1 › W01 AI single connection fills its collection at breakpoint edges and wide viewports
2026-10-10T07:09:16.1816604Z [338/406] [chromium] › tests/ui-width-layout.spec.ts:42:1 › W01 AI keeps two-column collection for two/three items and refetch preserves the new count
2026-10-10T07:09:19.4008861Z [339/406] [chromium] › tests/ui-width-layout.spec.ts:63:1 › W01 AI empty result keeps one accessible create action and no empty grid
2026-10-10T07:09:21.2470256Z [340/406] [chromium] › tests/ui-width-layout.spec.ts:72:35 › W01 workspace collection handles 0 visible shops
2026-10-10T07:09:28.7394208Z [341/406] [chromium] › tests/ui-width-layout.spec.ts:72:35 › W01 workspace collection handles 1 visible shops
2026-10-10T07:09:36.0421971Z [342/406] [chromium] › tests/ui-width-layout.spec.ts:72:35 › W01 workspace collection handles 2 visible shops
2026-10-10T07:09:43.3529711Z [343/406] [chromium] › tests/ui-width-layout.spec.ts:72:35 › W01 workspace collection handles 3 visible shops
2026-10-10T07:09:50.6294499Z [344/406] [chromium] › tests/ui-width-layout.spec.ts:104:1 › W02 full-width form groups fill their panel and retain input/mapping/shipping behavior
2026-10-10T07:10:14.7158547Z [345/406] [chromium] › tests/ui-width-layout.spec.ts:144:1 › W03 notification protection notice occupies the full page row after the two panes
2026-10-10T07:10:20.6419848Z [346/406] [chromium] › tests/ui-width-layout.spec.ts:163:1 › W04 detail rows stay atomic in divided rhythm and plain containers
2026-10-10T07:10:26.4624510Z [347/406] [chromium] › tests/ui-workspace-layout.spec.ts:60:1 › workspace routes stay within the supported page-width boundaries
2026-10-10T07:11:22.4090837Z [348/406] [chromium] › tests/ui-workspace-layout.spec.ts:72:1 › team invite and privacy request dialogs remain usable without submitting
2026-10-10T07:11:33.9054538Z [349/406] [chromium] › tests/ui006-lookups.spec.ts:69:1 › UI006.C05 lookup and table cursors reach records after 150 synthetic suppliers, offers, and orders
2026-10-10T07:12:07.5468705Z [350/406] [chromium] › tests/ui006-lookups.spec.ts:215:1 › UI006.C04 bounded previews disclose their sample and link to full collections
2026-10-10T07:12:12.4498374Z [351/406] [chromium] › tests/ui006-lookups.spec.ts:232:1 › UI006.C02 selected order identity survives a failed search and cursor retry
2026-10-10T07:12:15.5210941Z [352/406] [chromium] › tests/ui007-query-states.spec.ts:30:1 › UI007 secondary order query loads independently while the customer profile remains available
2026-10-10T07:12:19.7881918Z [353/406] [chromium] › tests/ui007-query-states.spec.ts:60:1 › UI007 order query 503 is isolated from the primary customer query and retries only that query
2026-10-10T07:12:23.1206110Z [354/406] [chromium] › tests/ui007-query-states.spec.ts:94:1 › UI007 forbidden order query is an access state and a successful empty query is distinct
2026-10-10T07:12:25.9211037Z [355/406] [chromium] › tests/ui007-query-states.spec.ts:114:1 › UI007 supplier and offer failures keep purchase suggestions visible and have operation-specific recovery
2026-10-10T07:12:29.4754276Z [356/406] [chromium] › tests/ui007-query-states.spec.ts:150:1 › UI007 auto-send budget query is lazy, permission-aware, and blocks an unverified budget
2026-10-10T07:12:32.4419952Z [357/406] [chromium] › tests/ui008-integration-empty.spec.ts:57:1 › UI008 R29 successful empty collection exposes an accessible state and one permission-guarded connect CTA
2026-10-10T07:12:35.5266533Z [358/406] [chromium] › tests/ui008-integration-empty.spec.ts:75:1 › UI008 R29 read-only bot_admin sees the empty state without a manage action
2026-10-10T07:12:37.9136978Z [359/406] [chromium] › tests/ui008-integration-empty.spec.ts:90:1 › UI008 R29 pending channel query stays loading until its response arrives
2026-10-10T07:12:40.6358939Z [360/406] [chromium] › tests/ui008-integration-empty.spec.ts:109:1 › UI008 R29 forbidden channel query is not presented as empty or retryable
2026-10-10T07:12:42.2651682Z [361/406] [chromium] › tests/ui008-integration-empty.spec.ts:123:1 › UI008 R29 503 remains an error and recovers through its retry control
2026-10-10T07:12:45.3063476Z [362/406] [chromium] › tests/ui008-integration-empty.spec.ts:144:1 › UI008 R30 successful empty AI connection cards show a first-use state and one add CTA
2026-10-10T07:12:47.0703001Z [363/406] [chromium] › tests/ui008-integration-empty.spec.ts:162:1 › UI008 R30 read-only bot_admin sees the empty state without an add action
2026-10-10T07:12:49.5071475Z [364/406] [chromium] › tests/ui009-scope-regression.spec.ts:23:1 › UI009 delayed customer orders from the previous shop cannot leak into the new shop profile
2026-10-10T07:12:54.1870192Z [365/406] [chromium] › tests/ui010-dialog-draft.spec.ts:15:1 › UI010 a discarded confirmation reason is cleared before the dialog opens again
2026-10-10T07:12:58.4099450Z [366/406] [chromium] › tests/ui011-date-time.spec.ts:16:1 › UI011 report defaults use the active shop calendar month at a UTC month boundary
2026-10-10T07:13:01.4230893Z [367/406] [chromium] › tests/ui011-date-time.spec.ts:29:1 › UI011 journal effective date defaults to the active shop calendar date
2026-10-10T07:13:03.0952281Z [368/406] [chromium] › tests/ui011-date-time.spec.ts:41:1 › UI011 shipment event input and API instant use the shop timezone, not browser timezone
2026-10-10T07:13:05.6503468Z [369/406] [chromium] › tests/ui012-keyboard.spec.ts:42:1 › UI012 keyboard-only finance edit handles select, discard warning and focus return
2026-10-10T07:13:10.2252038Z [370/406] [chromium] › tests/ui012-keyboard.spec.ts:103:1 › UI012 keyboard validation focuses the field named by a synthetic 422 response
2026-10-10T07:13:15.3837134Z [371/406] [chromium] › tests/ui012-keyboard.spec.ts:160:1 › UI012 keyboard activates the CSV chooser and discards its selected file without upload
2026-10-10T07:13:17.9779051Z [372/406] [chromium] › tests/ui012-keyboard.spec.ts:200:1 › UI012 keyboard can reach and horizontally scroll the marketing chart data alternative
2026-10-10T07:13:20.7089083Z [373/406] [chromium] › tests/ui012-keyboard.spec.ts:227:1 › UI012 marketing chart keeps every category label visible beside its data table
2026-10-10T07:13:24.3826923Z [374/406] [chromium] › tests/ui012-keyboard.spec.ts:270:1 › UI012 inbox feedback actions identify their message and return focus after Escape
2026-10-10T07:13:28.4925007Z [375/406] [chromium] › tests/ui012-keyboard.spec.ts:303:1 › UI012 order draft does not announce an untouched required customer as invalid
2026-10-10T07:13:29.8930721Z [376/406] [chromium] › tests/ui012-keyboard.spec.ts:316:1 › UI012 human-confirmation policy copy wraps inside its alert at a 320 CSS-pixel viewport
2026-10-10T07:13:31.5252845Z [377/406] [chromium] › tests/ui012-keyboard.spec.ts:350:1 › UI012 dashboard CTA separates hover and pressed feedback while keeping keyboard focus visible
2026-10-10T07:13:36.3563084Z [378/406] [chromium] › tests/ui013-url-state.spec.ts:19:1 › UI013 reconciliation tab deep links and survives refresh; malformed tab safely falls back
2026-10-10T07:13:44.3256862Z [379/406] [chromium] › tests/ui013-url-state.spec.ts:39:1 › UI013 finance date range deep link, edit, refresh and Back use shop-local filter state
2026-10-10T07:13:48.7507275Z [380/406] [chromium] › tests/ui013-url-state.spec.ts:70:1 › UI013 report type and export date filters are deep-linkable, refreshable and malformed values fall back safely
2026-10-10T07:13:54.5119813Z [381/406] [chromium] › tests/ui021-permission-edge.spec.ts:4:1 › privacy page keeps the customers link when the destination permission is present
2026-10-10T07:13:57.6183209Z [382/406] [chromium] › tests/ui021-permission-edge.spec.ts:19:1 › privacy page hides the customers link when the destination permission is missing
2026-10-10T07:14:01.2475822Z [383/406] [chromium] › tests/ui028-w24-inbox-layout.spec.ts:15:1 › UI028.W24 Inbox spacing roles remain consistent across breakpoints without losing draft state
2026-10-10T07:14:11.8496439Z [384/406] [chromium] › tests/ui028-w25-reports-layout.spec.ts:16:1 › UI028.W25 Reports semantic spacing stays stable at mobile, tablet and desktop widths
2026-10-10T07:14:31.9634075Z [385/406] [chromium] › tests/ui028-w25-reports-layout.spec.ts:123:1 › UI028.W25 authorized report download link retains its 44px hit target
2026-10-10T07:14:35.5842366Z [386/406] [chromium] › tests/ui028-w28-routes.spec.ts:47:5 › UI028.W28 61 canonical routes render with measured 390px layout geometry
2026-10-10T07:16:02.7724634Z [chromium] › tests/ui028-w28-routes.spec.ts:47:5 › UI028.W28 61 canonical routes render with measured 390px layout geometry
2026-10-10T07:16:02.7726069Z [w28-route-geometry] {"browser":"chromium","width":390,"routes":61,"issues":0,"pageErrors":0,"evidence":"evidence/frontend-ui-improvements/UI028/W28/route-geometry-chromium-390-current-20261010-063305-5605.json"}
2026-10-10T07:16:02.7726704Z 
2026-10-10T07:16:02.7940102Z [387/406] [chromium] › tests/ui028-w28-routes.spec.ts:47:5 › UI028.W28 61 canonical routes render with measured 1440px layout geometry
2026-10-10T07:17:12.7268623Z [chromium] › tests/ui028-w28-routes.spec.ts:47:5 › UI028.W28 61 canonical routes render with measured 1440px layout geometry
2026-10-10T07:17:12.7270050Z [w28-route-geometry] {"browser":"chromium","width":1440,"routes":61,"issues":0,"pageErrors":0,"evidence":"evidence/frontend-ui-improvements/UI028/W28/route-geometry-chromium-1440-current-20261010-063305-5605.json"}
2026-10-10T07:17:12.7270768Z 
2026-10-10T07:17:12.7985423Z [388/406] [chromium] › tests/ui028-w29-reflow.spec.ts:30:5 › UI028.W29 320px reflow retains representative actions and contains overflow
2026-10-10T07:17:24.9230247Z [chromium] › tests/ui028-w29-reflow.spec.ts:30:5 › UI028.W29 320px reflow retains representative actions and contains overflow
2026-10-10T07:17:24.9231993Z [w29-responsive-profile] {"browser":"chromium","width":320,"profiles":7,"issues":0,"pageErrors":0,"evidence":"evidence/frontend-ui-improvements/UI028/W29/responsive-profile-chromium-320-current-20261010-063305-5605.json"}
2026-10-10T07:17:24.9232604Z 
2026-10-10T07:17:24.9368757Z [389/406] [chromium] › tests/ui028-w29-reflow.spec.ts:30:5 › UI028.W29 390px reflow retains representative actions and contains overflow
2026-10-10T07:17:35.7107276Z [chromium] › tests/ui028-w29-reflow.spec.ts:30:5 › UI028.W29 390px reflow retains representative actions and contains overflow
2026-10-10T07:17:35.7108997Z [w29-responsive-profile] {"browser":"chromium","width":390,"profiles":7,"issues":0,"pageErrors":0,"evidence":"evidence/frontend-ui-improvements/UI028/W29/responsive-profile-chromium-390-current-20261010-063305-5605.json"}
2026-10-10T07:17:35.7110051Z 
2026-10-10T07:17:35.7236696Z [390/406] [chromium] › tests/ui028-w29-reflow.spec.ts:30:5 › UI028.W29 767px reflow retains representative actions and contains overflow
2026-10-10T07:17:46.7427701Z [chromium] › tests/ui028-w29-reflow.spec.ts:30:5 › UI028.W29 767px reflow retains representative actions and contains overflow
2026-10-10T07:17:46.7429461Z [w29-responsive-profile] {"browser":"chromium","width":767,"profiles":7,"issues":0,"pageErrors":0,"evidence":"evidence/frontend-ui-improvements/UI028/W29/responsive-profile-chromium-767-current-20261010-063305-5605.json"}
2026-10-10T07:17:46.7430527Z 
2026-10-10T07:17:46.7575196Z [391/406] [chromium] › tests/ui028-w29-reflow.spec.ts:30:5 › UI028.W29 768px reflow retains representative actions and contains overflow
2026-10-10T07:17:57.5887776Z [chromium] › tests/ui028-w29-reflow.spec.ts:30:5 › UI028.W29 768px reflow retains representative actions and contains overflow
2026-10-10T07:17:57.5888946Z [w29-responsive-profile] {"browser":"chromium","width":768,"profiles":7,"issues":0,"pageErrors":0,"evidence":"evidence/frontend-ui-improvements/UI028/W29/responsive-profile-chromium-768-current-20261010-063305-5605.json"}
2026-10-10T07:17:57.5889562Z 
2026-10-10T07:17:57.6033056Z [392/406] [chromium] › tests/ui028-w29-reflow.spec.ts:30:5 › UI028.W29 1024px reflow retains representative actions and contains overflow
2026-10-10T07:18:08.2769410Z [chromium] › tests/ui028-w29-reflow.spec.ts:30:5 › UI028.W29 1024px reflow retains representative actions and contains overflow
2026-10-10T07:18:08.2770793Z [w29-responsive-profile] {"browser":"chromium","width":1024,"profiles":7,"issues":0,"pageErrors":0,"evidence":"evidence/frontend-ui-improvements/UI028/W29/responsive-profile-chromium-1024-current-20261010-063305-5605.json"}
2026-10-10T07:18:08.2771731Z 
2026-10-10T07:18:08.2909930Z [393/406] [chromium] › tests/ui028-w29-reflow.spec.ts:30:5 › UI028.W29 1279px reflow retains representative actions and contains overflow
2026-10-10T07:18:19.3891728Z [chromium] › tests/ui028-w29-reflow.spec.ts:30:5 › UI028.W29 1279px reflow retains representative actions and contains overflow
2026-10-10T07:18:19.3893600Z [w29-responsive-profile] {"browser":"chromium","width":1279,"profiles":7,"issues":0,"pageErrors":0,"evidence":"evidence/frontend-ui-improvements/UI028/W29/responsive-profile-chromium-1279-current-20261010-063305-5605.json"}
2026-10-10T07:18:19.3894646Z 
2026-10-10T07:18:19.4052466Z [394/406] [chromium] › tests/ui028-w29-reflow.spec.ts:30:5 › UI028.W29 1280px reflow retains representative actions and contains overflow
2026-10-10T07:18:28.9700525Z [chromium] › tests/ui028-w29-reflow.spec.ts:30:5 › UI028.W29 1280px reflow retains representative actions and contains overflow
2026-10-10T07:18:28.9702691Z [w29-responsive-profile] {"browser":"chromium","width":1280,"profiles":7,"issues":0,"pageErrors":0,"evidence":"evidence/frontend-ui-improvements/UI028/W29/responsive-profile-chromium-1280-current-20261010-063305-5605.json"}
2026-10-10T07:18:28.9704564Z 
2026-10-10T07:18:28.9829725Z [395/406] [chromium] › tests/ui028-w29-reflow.spec.ts:30:5 › UI028.W29 1440px reflow retains representative actions and contains overflow
2026-10-10T07:18:38.5561339Z [chromium] › tests/ui028-w29-reflow.spec.ts:30:5 › UI028.W29 1440px reflow retains representative actions and contains overflow
2026-10-10T07:18:38.5563120Z [w29-responsive-profile] {"browser":"chromium","width":1440,"profiles":7,"issues":0,"pageErrors":0,"evidence":"evidence/frontend-ui-improvements/UI028/W29/responsive-profile-chromium-1440-current-20261010-063305-5605.json"}
2026-10-10T07:18:38.5564515Z 
2026-10-10T07:18:38.5701926Z [396/406] [chromium] › tests/ui028-w29-reflow.spec.ts:30:5 › UI028.W29 1920px reflow retains representative actions and contains overflow
2026-10-10T07:18:48.5026745Z [chromium] › tests/ui028-w29-reflow.spec.ts:30:5 › UI028.W29 1920px reflow retains representative actions and contains overflow
2026-10-10T07:18:48.5028483Z [w29-responsive-profile] {"browser":"chromium","width":1920,"profiles":7,"issues":0,"pageErrors":0,"evidence":"evidence/frontend-ui-improvements/UI028/W29/responsive-profile-chromium-1920-current-20261010-063305-5605.json"}
2026-10-10T07:18:48.5029462Z 
2026-10-10T07:18:48.5727789Z [397/406] [chromium] › tests/ui028-w30-stress.spec.ts:75:5 › UI028.W30 form-error-short: 200% text and spacing stress at 320x480
2026-10-10T07:18:51.7400228Z [chromium] › tests/ui028-w30-stress.spec.ts:75:5 › UI028.W30 form-error-short: 200% text and spacing stress at 320x480
2026-10-10T07:18:51.7401748Z [w30-stress] {"browser":"chromium","scenario":"form-error-short","viewport":{"width":320,"height":480},"scaledTextElements":55,"issues":0,"pageErrors":0,"evidence":"evidence/frontend-ui-improvements/UI028/W30/stress-chromium-form-error-short-current-20261010-063305-5605.json"}
2026-10-10T07:18:51.7402677Z 
2026-10-10T07:18:51.7507767Z [398/406] [chromium] › tests/ui028-w30-stress.spec.ts:75:5 › UI028.W30 mobile-menu-long-label: 200% text and spacing stress at 390x560
2026-10-10T07:18:53.8005867Z [chromium] › tests/ui028-w30-stress.spec.ts:75:5 › UI028.W30 mobile-menu-long-label: 200% text and spacing stress at 390x560
2026-10-10T07:18:53.8008192Z [w30-stress] {"browser":"chromium","scenario":"mobile-menu-long-label","viewport":{"width":390,"height":560},"scaledTextElements":148,"issues":0,"pageErrors":0,"evidence":"evidence/frontend-ui-improvements/UI028/W30/stress-chromium-mobile-menu-long-label-current-20261010-063305-5605.json"}
2026-10-10T07:18:53.8009551Z 
2026-10-10T07:18:53.8123132Z [399/406] [chromium] › tests/ui028-w30-stress.spec.ts:75:5 › UI028.W30 report-long-id: 200% text and spacing stress at 640x450
2026-10-10T07:18:55.7728885Z [chromium] › tests/ui028-w30-stress.spec.ts:75:5 › UI028.W30 report-long-id: 200% text and spacing stress at 640x450
2026-10-10T07:18:55.7730494Z [w30-stress] {"browser":"chromium","scenario":"report-long-id","viewport":{"width":640,"height":450},"scaledTextElements":244,"issues":0,"pageErrors":0,"evidence":"evidence/frontend-ui-improvements/UI028/W30/stress-chromium-report-long-id-current-20261010-063305-5605.json"}
2026-10-10T07:18:55.7731361Z 
2026-10-10T07:18:55.7835439Z [400/406] [chromium] › tests/ui028-w30-stress.spec.ts:75:5 › UI028.W30 inbox-long-composer: 200% text and spacing stress at 390x560
2026-10-10T07:18:57.5298667Z [chromium] › tests/ui028-w30-stress.spec.ts:75:5 › UI028.W30 inbox-long-composer: 200% text and spacing stress at 390x560
2026-10-10T07:18:57.5301133Z [w30-stress] {"browser":"chromium","scenario":"inbox-long-composer","viewport":{"width":390,"height":560},"scaledTextElements":71,"issues":0,"pageErrors":0,"evidence":"evidence/frontend-ui-improvements/UI028/W30/stress-chromium-inbox-long-composer-current-20261010-063305-5605.json"}
2026-10-10T07:18:57.5302426Z 
2026-10-10T07:18:57.5408760Z [401/406] [chromium] › tests/ui028-w30-stress.spec.ts:75:5 › UI028.W30 dialog-long-reason: 200% text and spacing stress at 320x480
2026-10-10T07:18:59.2813517Z [chromium] › tests/ui028-w30-stress.spec.ts:75:5 › UI028.W30 dialog-long-reason: 200% text and spacing stress at 320x480
2026-10-10T07:18:59.2815969Z [w30-stress] {"browser":"chromium","scenario":"dialog-long-reason","viewport":{"width":320,"height":480},"scaledTextElements":80,"issues":0,"pageErrors":0,"evidence":"evidence/frontend-ui-improvements/UI028/W30/stress-chromium-dialog-long-reason-current-20261010-063305-5605.json"}
2026-10-10T07:18:59.2817291Z 
2026-10-10T07:18:59.3450914Z [402/406] [chromium] › tests/vertical-slices/fe022-flows.spec.ts:38:1 › FE022.VS01 catalog → stock → order → prep keeps product, reservation, and order references linked
2026-10-10T07:19:04.9134570Z [403/406] [chromium] › tests/vertical-slices/fe022-flows.spec.ts:92:1 › FE022.VS02 procurement → approval → receipt → stock and payable preserves the purchase identity
2026-10-10T07:19:13.0639165Z [404/406] [chromium] › tests/vertical-slices/fe022-flows.spec.ts:168:1 › FE022.VS03 finance → reconciliation retains bank transaction and partial debt allocation
2026-10-10T07:19:17.2421618Z [405/406] [chromium] › tests/vertical-slices/fe022-flows.spec.ts:210:1 › FE022.VS04 inbox → knowledge draft → bot evaluation preserves feedback and revision source IDs
2026-10-10T07:19:22.3536158Z [406/406] [chromium] › tests/vertical-slices/fe022-flows.spec.ts:252:1 › FE022.S05 route and feature matrix covers canonical IDs with executed cases or explicit frontend gaps
2026-10-10T07:19:27.6877872Z   406 passed (48.2m)
2026-10-10T07:19:27.7440015Z ##[group]Run npx playwright test --config playwright.built-demo.config.ts --output test-results/built-demo --project=chromium-built-demo --reporter=line
2026-10-10T07:19:27.7440887Z [36;1mnpx playwright test --config playwright.built-demo.config.ts --output test-results/built-demo --project=chromium-built-demo --reporter=line[0m
2026-10-10T07:19:27.8191577Z shell: /usr/bin/bash -e {0}
2026-10-10T07:19:27.8191839Z ##[endgroup]
2026-10-10T07:19:28.9140073Z 
2026-10-10T07:19:28.9140664Z Running 3 tests using 1 worker
2026-10-10T07:19:28.9140904Z 
2026-10-10T07:19:29.2237505Z [1/3] [chromium-built-demo] › tests/built-demo-regression.spec.ts:44:1 › built demo artifact loads React and its synthetic API from the isolated Vite preview
2026-10-10T07:19:30.3436838Z [chromium-built-demo] › tests/built-demo-regression.spec.ts:44:1 › built demo artifact loads React and its synthetic API from the isolated Vite preview
2026-10-10T07:19:30.3443002Z [built-demo-artifact] {"browser":"chromium","baseURL":"http://127.0.0.1:4174","route":"/s/shop-demo/overview","artifact":{"sha256":"09405e36f634fb68bf0baceb8ea501d73d13baa5e917668e9fe1c576789c25dc","fileCount":39,"files":["app-icon.svg","app-sw.js","assets/browser-CQeKKnYr.js","assets/charts-uDdGNk6t.js","assets/contract-data-CJyvN5AM.js","assets/control-Criu5A-7.js","assets/download-CWiaXb8A.js","assets/draft-conflict-tNpI-HAo.js","assets/filters-CirfTR7_.js","assets/hooks-BeC01d3Y.js","assets/i18n-D4N_7Z3Q.js","assets/index-01nb5nQj.js","assets/index-B3gGpiMi.js","assets/index-BDJDBZpL.js","assets/index-BGP_Ad-y.js","assets/index-BoOL50Pn.js","assets/index-BQPx7lJM.css","assets/index-BWSxRwQH.js","assets/index-C6ptp12n.js","assets/index-Cco5VbEE.js","assets/index-D3UNZ1L-.js","assets/index-D6MJeQeX.js","assets/index-DgCh8QFc.js","assets/index-DH5AOH0G.js","assets/index-DQbFFBlT.js","assets/index-DX4hKm3W.js","assets/index-f6PQjW3Q.js","assets/index-hYjqNRGb.js","assets/index-SkfVeie4.js","assets/mui-CUCPJGs1.js","assets/query-Df7VyXaF.js","assets/react-runtime-gLMyUIL2.js","assets/schema-validation-B78jEm7B.js","assets/schemas-CoWCwirf.js","assets/service-DOnisuXi.js","index.html","manifest.webmanifest","mockServiceWorker.js","samples/products.csv"]},"browserAssets":["/assets/browser-CQeKKnYr.js","/assets/contract-data-CJyvN5AM.js","/assets/hooks-BeC01d3Y.js","/assets/i18n-D4N_7Z3Q.js","/assets/index-BQPx7lJM.css","/assets/index-C6ptp12n.js","/assets/index-DH5AOH0G.js","/assets/mui-CUCPJGs1.js","/assets/query-Df7VyXaF.js","/assets/react-runtime-gLMyUIL2.js","/assets/schema-validation-B78jEm7B.js","/assets/service-DOnisuXi.js"],"sessionStatus":200,"workerStatus":200,"pageErrors":0,"apiWrites":0}
2026-10-10T07:19:30.3449405Z 
2026-10-10T07:19:30.3637794Z [2/3] [chromium-built-demo] › tests/built-demo-regression.spec.ts:74:5 › built demo serves all 61 manifest routes at 390px without shell overflow
2026-10-10T07:20:31.0173639Z [chromium-built-demo] › tests/built-demo-regression.spec.ts:74:5 › built demo serves all 61 manifest routes at 390px without shell overflow
2026-10-10T07:20:31.0175439Z [built-demo-routes] {"browser":"chromium","width":390,"routes":61,"issues":0,"pageErrors":0,"artifactSha256":"09405e36f634fb68bf0baceb8ea501d73d13baa5e917668e9fe1c576789c25dc","evidence":"evidence/frontend-ui-improvements/UI028/W32/built-demo-routes-chromium-390-current-20261007.json"}
2026-10-10T07:20:31.0176655Z 
2026-10-10T07:20:31.0379981Z [3/3] [chromium-built-demo] › tests/built-demo-regression.spec.ts:74:5 › built demo serves all 61 manifest routes at 1440px without shell overflow
2026-10-10T07:21:09.1605616Z [chromium-built-demo] › tests/built-demo-regression.spec.ts:74:5 › built demo serves all 61 manifest routes at 1440px without shell overflow
2026-10-10T07:21:09.1607981Z [built-demo-routes] {"browser":"chromium","width":1440,"routes":61,"issues":0,"pageErrors":0,"artifactSha256":"09405e36f634fb68bf0baceb8ea501d73d13baa5e917668e9fe1c576789c25dc","evidence":"evidence/frontend-ui-improvements/UI028/W32/built-demo-routes-chromium-1440-current-20261007.json"}
2026-10-10T07:21:09.1609701Z 
2026-10-10T07:21:09.4142099Z   3 passed (1.7m)
2026-10-10T07:21:09.4439522Z ##[group]Run actions/upload-artifact@043fb46d1a93c77aae656e7c1c64a875d1fc6a0a
2026-10-10T07:21:09.4439865Z with:
2026-10-10T07:21:09.4440135Z   name: frontend-chromium-38030831566-1-66077b4c02e3b1a00894dd16af10744ad0f1ab54
2026-10-10T07:21:09.4440642Z   path: BotSalesAI_Frontend/apps/web/dist/
BotSalesAI_Frontend/apps/web/dist-demo/
BotSalesAI_Frontend/test-results/

2026-10-10T07:21:09.4441044Z   if-no-files-found: ignore
2026-10-10T07:21:09.4441236Z   retention-days: 14
2026-10-10T07:21:09.4441413Z   compression-level: 6
2026-10-10T07:21:09.4441584Z   overwrite: false
2026-10-10T07:21:09.4441754Z   include-hidden-files: false
2026-10-10T07:21:09.4441942Z   archive: true
2026-10-10T07:21:09.4442099Z ##[endgroup]
2026-10-10T07:21:09.5783473Z Multiple search paths detected. Calculating the least common ancestor of all paths
2026-10-10T07:21:09.5786277Z The least common ancestor is /home/runner/work/Bot-AI-Ban-hang-FB/Bot-AI-Ban-hang-FB/BotSalesAI_Frontend. This will be the root directory of the artifact
2026-10-10T07:21:09.5787017Z With the provided path, there will be 75 files uploaded
2026-10-10T07:21:09.5790740Z Artifact name is valid!
2026-10-10T07:21:09.5791091Z Root directory input is valid!
2026-10-10T07:21:09.8993795Z Uploading artifact: frontend-chromium-38030831566-1-66077b4c02e3b1a00894dd16af10744ad0f1ab54.zip
2026-10-10T07:21:09.9026099Z Beginning upload of artifact content to blob storage
2026-10-10T07:21:10.6010287Z Uploaded bytes 1378081
2026-10-10T07:21:10.6626196Z Finished uploading artifact content to blob storage!
2026-10-10T07:21:10.6627217Z SHA256 digest of uploaded artifact is 6f1f503958413cb44130dcc3c636b634bd40bbe12387f69c66cda2088274798d
2026-10-10T07:21:10.6627931Z Finalizing artifact upload
2026-10-10T07:21:11.0379911Z Artifact frontend-chromium-38030831566-1-66077b4c02e3b1a00894dd16af10744ad0f1ab54 successfully finalized. Artifact ID 11663228719
2026-10-10T07:21:11.0381132Z Artifact frontend-chromium-38030831566-1-66077b4c02e3b1a00894dd16af10744ad0f1ab54 has been successfully uploaded! Final size is 1378081 bytes. Artifact ID is 11663228719
2026-10-10T07:21:11.0382664Z Artifact download URL: https://github.com/LonelyTraderBay/Bot-AI-Ban-hang-FB/actions/runs/38030831566/artifacts/11663228719
2026-10-10T07:21:11.0540223Z Post job cleanup.
2026-10-10T07:21:11.1585206Z [command]/usr/bin/tar --posix -cf cache.tzst --exclude cache.tzst -P -C /home/runner/work/Bot-AI-Ban-hang-FB/Bot-AI-Ban-hang-FB --files-from manifest.txt --use-compress-program zstdmt
2026-10-10T07:21:12.5751326Z Sent 43909120 of 47017133 (93.4%), 41.9 MBs/sec
2026-10-10T07:21:12.7618846Z Sent 47017133 of 47017133 (100.0%), 37.8 MBs/sec
2026-10-10T07:21:13.0014248Z Cache saved with the key: node-cache-Linux-x64-npm-59940755336ccebfb01608b4b67032f886f15c0a5419cadf1ab2b1b289ed121c
2026-10-10T07:21:13.0156220Z Post job cleanup.
2026-10-10T07:21:13.0861924Z [command]/usr/bin/git version
2026-10-10T07:21:13.0897882Z git version 2.55.0
2026-10-10T07:21:13.0932614Z Temporarily overriding HOME='/home/runner/work/_temp/5f5d5383-f8cb-45f9-bdb2-2fb1cf8c12d2' before making global git config changes
2026-10-10T07:21:13.0934049Z Adding repository directory to the temporary git global config as a safe directory
2026-10-10T07:21:13.0937300Z [command]/usr/bin/git config --global --add safe.directory /home/runner/work/Bot-AI-Ban-hang-FB/Bot-AI-Ban-hang-FB
2026-10-10T07:21:13.0963764Z Removing SSH command configuration
2026-10-10T07:21:13.0968796Z [command]/usr/bin/git config --local --name-only --get-regexp core\.sshCommand
2026-10-10T07:21:13.0998924Z [command]/usr/bin/git submodule foreach --recursive sh -c "git config --local --name-only --get-regexp 'core\.sshCommand' && git config --local --unset-all 'core.sshCommand' || :"
2026-10-10T07:21:13.1250295Z Removing HTTP extra header
2026-10-10T07:21:13.1251133Z [command]/usr/bin/git config --local --name-only --get-regexp http\.https\:\/\/github\.com\/\.extraheader
2026-10-10T07:21:13.1296538Z [command]/usr/bin/git submodule foreach --recursive sh -c "git config --local --name-only --get-regexp 'http\.https\:\/\/github\.com\/\.extraheader' && git config --local --unset-all 'http.https://github.com/.extraheader' || :"
2026-10-10T07:21:13.1517079Z Removing includeIf entries pointing to credentials config files
2026-10-10T07:21:13.1522342Z [command]/usr/bin/git config --local --name-only --get-regexp ^includeIf\.gitdir:
2026-10-10T07:21:13.1545055Z includeif.gitdir:/home/runner/work/Bot-AI-Ban-hang-FB/Bot-AI-Ban-hang-FB/.git.path
2026-10-10T07:21:13.1546152Z includeif.gitdir:/home/runner/work/Bot-AI-Ban-hang-FB/Bot-AI-Ban-hang-FB/.git/worktrees/*.path
2026-10-10T07:21:13.1547084Z includeif.gitdir:/github/workspace/.git.path
2026-10-10T07:21:13.1547849Z includeif.gitdir:/github/workspace/.git/worktrees/*.path
2026-10-10T07:21:13.1551624Z [command]/usr/bin/git config --local --get-all includeif.gitdir:/home/runner/work/Bot-AI-Ban-hang-FB/Bot-AI-Ban-hang-FB/.git.path
2026-10-10T07:21:13.1578071Z /home/runner/work/_temp/git-credentials-2469dabc-1d01-49dd-ba99-138fb79632f0.config
2026-10-10T07:21:13.1597168Z [command]/usr/bin/git config --local --unset includeif.gitdir:/home/runner/work/Bot-AI-Ban-hang-FB/Bot-AI-Ban-hang-FB/.git.path \/home\/runner\/work\/_temp\/git\-credentials\-2469dabc\-1d01\-49dd\-ba99\-138fb79632f0\.config
2026-10-10T07:21:13.1626783Z [command]/usr/bin/git config --local --get-all includeif.gitdir:/home/runner/work/Bot-AI-Ban-hang-FB/Bot-AI-Ban-hang-FB/.git/worktrees/*.path
2026-10-10T07:21:13.1647546Z /home/runner/work/_temp/git-credentials-2469dabc-1d01-49dd-ba99-138fb79632f0.config
2026-10-10T07:21:13.1654714Z [command]/usr/bin/git config --local --unset includeif.gitdir:/home/runner/work/Bot-AI-Ban-hang-FB/Bot-AI-Ban-hang-FB/.git/worktrees/*.path \/home\/runner\/work\/_temp\/git\-credentials\-2469dabc\-1d01\-49dd\-ba99\-138fb79632f0\.config
2026-10-10T07:21:13.1688596Z [command]/usr/bin/git config --local --get-all includeif.gitdir:/github/workspace/.git.path
2026-10-10T07:21:13.1710291Z /github/runner_temp/git-credentials-2469dabc-1d01-49dd-ba99-138fb79632f0.config
2026-10-10T07:21:13.1716779Z [command]/usr/bin/git config --local --unset includeif.gitdir:/github/workspace/.git.path \/github\/runner_temp\/git\-credentials\-2469dabc\-1d01\-49dd\-ba99\-138fb79632f0\.config
2026-10-10T07:21:13.1747751Z [command]/usr/bin/git config --local --get-all includeif.gitdir:/github/workspace/.git/worktrees/*.path
2026-10-10T07:21:13.1769532Z /github/runner_temp/git-credentials-2469dabc-1d01-49dd-ba99-138fb79632f0.config
2026-10-10T07:21:13.1777432Z [command]/usr/bin/git config --local --unset includeif.gitdir:/github/workspace/.git/worktrees/*.path \/github\/runner_temp\/git\-credentials\-2469dabc\-1d01\-49dd\-ba99\-138fb79632f0\.config
2026-10-10T07:21:13.1811775Z [command]/usr/bin/git submodule foreach --recursive git config --local --show-origin --name-only --get-regexp remote.origin.url
2026-10-10T07:21:13.2040757Z Removing credentials config '/home/runner/work/_temp/git-credentials-2469dabc-1d01-49dd-ba99-138fb79632f0.config'
2026-10-10T07:21:13.2170376Z Cleaning up orphan processes

