2026-10-10T13:35:54.9508425Z Current runner version: '2.337.0'
2026-10-10T13:35:54.9526987Z ##[group]Runner Image Provisioner
2026-10-10T13:35:54.9527567Z Hosted Compute Agent
2026-10-10T13:35:54.9527903Z Version: 20261002.596
2026-10-10T13:35:54.9528343Z Commit: c3d12f3313a95f25162a1503be624f3b0617f8c0
2026-10-10T13:35:54.9528762Z Build Date: 2026-10-02T22:28:27Z
2026-10-10T13:35:54.9529144Z Worker ID: {51812ff9-05d9-41fd-9199-d2f5d8be0420}
2026-10-10T13:35:54.9529568Z Region: centralus
2026-10-10T13:35:54.9529887Z Cloud: Azure
2026-10-10T13:35:54.9530221Z ##[endgroup]
2026-10-10T13:35:54.9530995Z ##[group]Operating System
2026-10-10T13:35:54.9531339Z Ubuntu
2026-10-10T13:35:54.9531685Z 24.04.5
2026-10-10T13:35:54.9531999Z LTS
2026-10-10T13:35:54.9532343Z ##[endgroup]
2026-10-10T13:35:54.9532701Z ##[group]Runner Image
2026-10-10T13:35:54.9533046Z Image: ubuntu-24.04
2026-10-10T13:35:54.9533398Z Version: 20261004.327.1
2026-10-10T13:35:54.9534288Z Included Software: https://github.com/actions/runner-images/blob/ubuntu24/20261004.327/images/ubuntu/Ubuntu2404-Readme.md
2026-10-10T13:35:54.9535159Z Image Release: https://github.com/actions/runner-images/releases/tag/ubuntu24%2F20261004.327
2026-10-10T13:35:54.9535685Z ##[endgroup]
2026-10-10T13:35:54.9536327Z ##[group]GITHUB_TOKEN Permissions
2026-10-10T13:35:54.9537663Z Contents: read
2026-10-10T13:35:54.9538027Z Metadata: read
2026-10-10T13:35:54.9538363Z ##[endgroup]
2026-10-10T13:35:54.9539597Z Secret source: Actions
2026-10-10T13:35:54.9540173Z Cache mode: write
2026-10-10T13:35:54.9540603Z Prepare workflow directory
2026-10-10T13:35:54.9777090Z Prepare all required actions
2026-10-10T13:35:54.9806141Z Getting action download info
2026-10-10T13:35:55.2062619Z Download action repository 'actions/checkout@3d3c42e5aac5ba805825da76410c181273ba90b1' (SHA:3d3c42e5aac5ba805825da76410c181273ba90b1)
2026-10-10T13:35:55.2770331Z Download action repository 'actions/setup-node@820762786026740c76f36085b0efc47a31fe5020' (SHA:820762786026740c76f36085b0efc47a31fe5020)
2026-10-10T13:35:55.3638767Z Download action repository 'actions/upload-artifact@043fb46d1a93c77aae656e7c1c64a875d1fc6a0a' (SHA:043fb46d1a93c77aae656e7c1c64a875d1fc6a0a)
2026-10-10T13:35:55.5210945Z Complete job name: verify (chromium)
2026-10-10T13:35:55.5616698Z ##[group]Run actions/checkout@3d3c42e5aac5ba805825da76410c181273ba90b1
2026-10-10T13:35:55.5617168Z with:
2026-10-10T13:35:55.5617472Z   repository: LonelyTraderBay/Bot-AI-Ban-hang-FB
2026-10-10T13:35:55.5619516Z   token: ***
2026-10-10T13:35:55.5619734Z   ssh-strict: true
2026-10-10T13:35:55.5619959Z   ssh-user: git
2026-10-10T13:35:55.5620187Z   persist-credentials: true
2026-10-10T13:35:55.5620438Z   clean: true
2026-10-10T13:35:55.5620666Z   sparse-checkout-cone-mode: true
2026-10-10T13:35:55.5620936Z   fetch-depth: 1
2026-10-10T13:35:55.5621159Z   fetch-tags: false
2026-10-10T13:35:55.5621391Z   show-progress: true
2026-10-10T13:35:55.5621623Z   lfs: false
2026-10-10T13:35:55.5621836Z   submodules: false
2026-10-10T13:35:55.5622073Z   set-safe-directory: true
2026-10-10T13:35:55.5622348Z   allow-unsafe-pr-checkout: false
2026-10-10T13:35:55.5622678Z ##[endgroup]
2026-10-10T13:35:55.6269315Z Syncing repository: LonelyTraderBay/Bot-AI-Ban-hang-FB
2026-10-10T13:35:55.6270998Z ##[group]Getting Git version info
2026-10-10T13:35:55.6271674Z Working directory is '/home/runner/work/Bot-AI-Ban-hang-FB/Bot-AI-Ban-hang-FB'
2026-10-10T13:35:55.6272609Z [command]/usr/bin/git version
2026-10-10T13:35:55.6350068Z git version 2.55.0
2026-10-10T13:35:55.6361246Z ##[endgroup]
2026-10-10T13:35:55.6368805Z Temporarily overriding HOME='/home/runner/work/_temp/1036f8fb-2f8d-4b8d-ae3f-0fad38a2a190' before making global git config changes
2026-10-10T13:35:55.6370044Z Adding repository directory to the temporary git global config as a safe directory
2026-10-10T13:35:55.6373670Z [command]/usr/bin/git config --global --add safe.directory /home/runner/work/Bot-AI-Ban-hang-FB/Bot-AI-Ban-hang-FB
2026-10-10T13:35:55.6412974Z Deleting the contents of '/home/runner/work/Bot-AI-Ban-hang-FB/Bot-AI-Ban-hang-FB'
2026-10-10T13:35:55.6415285Z ##[group]Determining repository object format
2026-10-10T13:35:55.6416280Z ##[endgroup]
2026-10-10T13:35:55.6416860Z ##[group]Initializing the repository
2026-10-10T13:35:55.6418854Z [command]/usr/bin/git init /home/runner/work/Bot-AI-Ban-hang-FB/Bot-AI-Ban-hang-FB
2026-10-10T13:35:55.6517063Z hint: Using 'master' as the name for the initial branch. This default branch name
2026-10-10T13:35:55.6518337Z hint: will change to "main" in Git 3.0. To configure the initial branch name
2026-10-10T13:35:55.6519214Z hint: to use in all of your new repositories, which will suppress this warning,
2026-10-10T13:35:55.6519970Z hint: call:
2026-10-10T13:35:55.6520335Z hint:
2026-10-10T13:35:55.6520749Z hint: 	git config --global init.defaultBranch <name>
2026-10-10T13:35:55.6521233Z hint:
2026-10-10T13:35:55.6521699Z hint: Names commonly chosen instead of 'master' are 'main', 'trunk' and
2026-10-10T13:35:55.6522441Z hint: 'development'. The just-created branch can be renamed via this command:
2026-10-10T13:35:55.6523061Z hint:
2026-10-10T13:35:55.6523392Z hint: 	git branch -m <name>
2026-10-10T13:35:55.6523767Z hint:
2026-10-10T13:35:55.6524382Z hint: Disable this message with "git config set advice.defaultBranchName false"
2026-10-10T13:35:55.6525280Z Initialized empty Git repository in /home/runner/work/Bot-AI-Ban-hang-FB/Bot-AI-Ban-hang-FB/.git/
2026-10-10T13:35:55.6530108Z [command]/usr/bin/git remote add origin https://github.com/LonelyTraderBay/Bot-AI-Ban-hang-FB
2026-10-10T13:35:55.6579065Z ##[endgroup]
2026-10-10T13:35:55.6579824Z ##[group]Disabling automatic garbage collection
2026-10-10T13:35:55.6582106Z [command]/usr/bin/git config --local gc.auto 0
2026-10-10T13:35:55.6614418Z ##[endgroup]
2026-10-10T13:35:55.6615038Z ##[group]Setting up auth
2026-10-10T13:35:55.6615496Z Removing SSH command configuration
2026-10-10T13:35:55.6618908Z [command]/usr/bin/git config --local --name-only --get-regexp core\.sshCommand
2026-10-10T13:35:55.6656732Z [command]/usr/bin/git submodule foreach --recursive sh -c "git config --local --name-only --get-regexp 'core\.sshCommand' && git config --local --unset-all 'core.sshCommand' || :"
2026-10-10T13:35:55.6937353Z Removing HTTP extra header
2026-10-10T13:35:55.6942040Z [command]/usr/bin/git config --local --name-only --get-regexp http\.https\:\/\/github\.com\/\.extraheader
2026-10-10T13:35:55.6970260Z [command]/usr/bin/git submodule foreach --recursive sh -c "git config --local --name-only --get-regexp 'http\.https\:\/\/github\.com\/\.extraheader' && git config --local --unset-all 'http.https://github.com/.extraheader' || :"
2026-10-10T13:35:55.7135178Z Removing includeIf entries pointing to credentials config files
2026-10-10T13:35:55.7139359Z [command]/usr/bin/git config --local --name-only --get-regexp ^includeIf\.gitdir:
2026-10-10T13:35:55.7167951Z [command]/usr/bin/git submodule foreach --recursive git config --local --show-origin --name-only --get-regexp remote.origin.url
2026-10-10T13:35:55.7333781Z [command]/usr/bin/git config --file /home/runner/work/_temp/git-credentials-ca0c000f-abc0-4770-9be6-dc29a9d108e6.config http.https://github.com/.extraheader AUTHORIZATION: basic ***
2026-10-10T13:35:55.7364410Z [command]/usr/bin/git config --local includeIf.gitdir:/home/runner/work/Bot-AI-Ban-hang-FB/Bot-AI-Ban-hang-FB/.git.path /home/runner/work/_temp/git-credentials-ca0c000f-abc0-4770-9be6-dc29a9d108e6.config
2026-10-10T13:35:55.7390909Z [command]/usr/bin/git config --local includeIf.gitdir:/home/runner/work/Bot-AI-Ban-hang-FB/Bot-AI-Ban-hang-FB/.git/worktrees/*.path /home/runner/work/_temp/git-credentials-ca0c000f-abc0-4770-9be6-dc29a9d108e6.config
2026-10-10T13:35:55.7419744Z [command]/usr/bin/git config --local includeIf.gitdir:/github/workspace/.git.path /github/runner_temp/git-credentials-ca0c000f-abc0-4770-9be6-dc29a9d108e6.config
2026-10-10T13:35:55.7448004Z [command]/usr/bin/git config --local includeIf.gitdir:/github/workspace/.git/worktrees/*.path /github/runner_temp/git-credentials-ca0c000f-abc0-4770-9be6-dc29a9d108e6.config
2026-10-10T13:35:55.7473411Z ##[endgroup]
2026-10-10T13:35:55.7474481Z ##[group]Fetching the repository
2026-10-10T13:35:55.7478857Z [command]/usr/bin/git -c protocol.version=2 fetch --no-tags --prune --no-recurse-submodules --depth=1 origin +8b80b960a8f7baece3bc2a94ddff4a0c951018c6:refs/remotes/origin/main
2026-10-10T13:36:11.9762903Z From https://github.com/LonelyTraderBay/Bot-AI-Ban-hang-FB
2026-10-10T13:36:11.9763497Z  * [new ref]           8b80b960a8f7baece3bc2a94ddff4a0c951018c6 -> origin/main
2026-10-10T13:36:11.9769682Z [command]/usr/bin/git branch --list --remote origin/main
2026-10-10T13:36:11.9794288Z   origin/main
2026-10-10T13:36:11.9799130Z [command]/usr/bin/git rev-parse refs/remotes/origin/main
2026-10-10T13:36:11.9819691Z 8b80b960a8f7baece3bc2a94ddff4a0c951018c6
2026-10-10T13:36:11.9822204Z ##[endgroup]
2026-10-10T13:36:11.9822472Z ##[group]Determining the checkout info
2026-10-10T13:36:11.9824996Z ##[endgroup]
2026-10-10T13:36:11.9825937Z [command]/usr/bin/git sparse-checkout disable
2026-10-10T13:36:11.9872214Z [command]/usr/bin/git config --local --unset-all extensions.worktreeConfig
2026-10-10T13:36:11.9898904Z ##[group]Checking out the ref
2026-10-10T13:36:11.9901712Z [command]/usr/bin/git checkout --progress --force -B main refs/remotes/origin/main
2026-10-10T13:36:13.0292970Z Updating files:  30% (6470/21196)
2026-10-10T13:36:13.0495769Z Updating files:  31% (6571/21196)
2026-10-10T13:36:13.0798490Z Updating files:  32% (6783/21196)
2026-10-10T13:36:13.1688138Z Updating files:  33% (6995/21196)
2026-10-10T13:36:13.2127073Z Updating files:  34% (7207/21196)
2026-10-10T13:36:13.2357117Z Updating files:  35% (7419/21196)
2026-10-10T13:36:13.2775355Z Updating files:  36% (7631/21196)
2026-10-10T13:36:13.3178621Z Updating files:  37% (7843/21196)
2026-10-10T13:36:13.3514973Z Updating files:  38% (8055/21196)
2026-10-10T13:36:13.3918668Z Updating files:  39% (8267/21196)
2026-10-10T13:36:13.4056679Z Updating files:  40% (8479/21196)
2026-10-10T13:36:13.4442691Z Updating files:  41% (8691/21196)
2026-10-10T13:36:13.4765852Z Updating files:  42% (8903/21196)
2026-10-10T13:36:13.5161487Z Updating files:  43% (9115/21196)
2026-10-10T13:36:13.5506214Z Updating files:  44% (9327/21196)
2026-10-10T13:36:13.5630375Z Updating files:  45% (9539/21196)
2026-10-10T13:36:13.5684926Z Updating files:  46% (9751/21196)
2026-10-10T13:36:13.5895771Z Updating files:  47% (9963/21196)
2026-10-10T13:36:13.6051632Z Updating files:  48% (10175/21196)
2026-10-10T13:36:13.6292690Z Updating files:  49% (10387/21196)
2026-10-10T13:36:13.6428696Z Updating files:  50% (10598/21196)
2026-10-10T13:36:13.6497496Z Updating files:  51% (10810/21196)
2026-10-10T13:36:13.6558684Z Updating files:  52% (11022/21196)
2026-10-10T13:36:13.7014579Z Updating files:  53% (11234/21196)
2026-10-10T13:36:13.7210167Z Updating files:  54% (11446/21196)
2026-10-10T13:36:13.7452403Z Updating files:  55% (11658/21196)
2026-10-10T13:36:13.7845747Z Updating files:  56% (11870/21196)
2026-10-10T13:36:13.8275157Z Updating files:  57% (12082/21196)
2026-10-10T13:36:13.8485605Z Updating files:  58% (12294/21196)
2026-10-10T13:36:13.9911010Z Updating files:  59% (12506/21196)
2026-10-10T13:36:14.0056114Z Updating files:  60% (12718/21196)
2026-10-10T13:36:14.0687928Z Updating files:  60% (12763/21196)
2026-10-10T13:36:14.1474900Z Updating files:  61% (12930/21196)
2026-10-10T13:36:14.2130220Z Updating files:  62% (13142/21196)
2026-10-10T13:36:14.2303344Z Updating files:  63% (13354/21196)
2026-10-10T13:36:14.2407472Z Updating files:  64% (13566/21196)
2026-10-10T13:36:14.2533312Z Updating files:  65% (13778/21196)
2026-10-10T13:36:14.2632394Z Updating files:  66% (13990/21196)
2026-10-10T13:36:14.2736490Z Updating files:  67% (14202/21196)
2026-10-10T13:36:14.2834905Z Updating files:  68% (14414/21196)
2026-10-10T13:36:14.2915646Z Updating files:  69% (14626/21196)
2026-10-10T13:36:14.2996532Z Updating files:  70% (14838/21196)
2026-10-10T13:36:14.3082637Z Updating files:  71% (15050/21196)
2026-10-10T13:36:14.3243920Z Updating files:  72% (15262/21196)
2026-10-10T13:36:14.3426643Z Updating files:  73% (15474/21196)
2026-10-10T13:36:14.3520145Z Updating files:  74% (15686/21196)
2026-10-10T13:36:14.3621307Z Updating files:  75% (15897/21196)
2026-10-10T13:36:14.3742228Z Updating files:  76% (16109/21196)
2026-10-10T13:36:14.3836840Z Updating files:  77% (16321/21196)
2026-10-10T13:36:14.3927050Z Updating files:  78% (16533/21196)
2026-10-10T13:36:14.4017551Z Updating files:  79% (16745/21196)
2026-10-10T13:36:14.4104200Z Updating files:  80% (16957/21196)
2026-10-10T13:36:14.4186927Z Updating files:  81% (17169/21196)
2026-10-10T13:36:14.4264620Z Updating files:  82% (17381/21196)
2026-10-10T13:36:14.4350344Z Updating files:  83% (17593/21196)
2026-10-10T13:36:14.4454616Z Updating files:  84% (17805/21196)
2026-10-10T13:36:14.4562659Z Updating files:  85% (18017/21196)
2026-10-10T13:36:14.4657881Z Updating files:  86% (18229/21196)
2026-10-10T13:36:14.4749206Z Updating files:  87% (18441/21196)
2026-10-10T13:36:14.4832029Z Updating files:  88% (18653/21196)
2026-10-10T13:36:14.4943378Z Updating files:  89% (18865/21196)
2026-10-10T13:36:14.5025675Z Updating files:  90% (19077/21196)
2026-10-10T13:36:14.5110068Z Updating files:  91% (19289/21196)
2026-10-10T13:36:14.5201580Z Updating files:  92% (19501/21196)
2026-10-10T13:36:14.5285090Z Updating files:  93% (19713/21196)
2026-10-10T13:36:14.5412797Z Updating files:  94% (19925/21196)
2026-10-10T13:36:14.5503587Z Updating files:  95% (20137/21196)
2026-10-10T13:36:14.5606140Z Updating files:  96% (20349/21196)
2026-10-10T13:36:14.5908400Z Updating files:  97% (20561/21196)
2026-10-10T13:36:14.6027608Z Updating files:  98% (20773/21196)
2026-10-10T13:36:14.6350556Z Updating files:  99% (20985/21196)
2026-10-10T13:36:14.6351253Z Updating files: 100% (21196/21196)
2026-10-10T13:36:14.6351550Z Updating files: 100% (21196/21196), done.
2026-10-10T13:36:14.6750483Z Switched to a new branch 'main'
2026-10-10T13:36:14.6756508Z branch 'main' set up to track 'origin/main'.
2026-10-10T13:36:14.6873175Z ##[endgroup]
2026-10-10T13:36:14.6914340Z [command]/usr/bin/git log -1 --format=%H
2026-10-10T13:36:14.6938457Z 8b80b960a8f7baece3bc2a94ddff4a0c951018c6
2026-10-10T13:36:14.7685387Z ##[group]Run actions/setup-node@820762786026740c76f36085b0efc47a31fe5020
2026-10-10T13:36:14.7685591Z with:
2026-10-10T13:36:14.7685701Z   node-version: 24
2026-10-10T13:36:14.7685812Z   cache: npm
2026-10-10T13:36:14.7685966Z   cache-dependency-path: BotSalesAI_Frontend/package-lock.json
2026-10-10T13:36:14.7686149Z   check-latest: false
2026-10-10T13:36:14.7687491Z   token: ***
2026-10-10T13:36:14.7687605Z   package-manager-cache: true
2026-10-10T13:36:14.7687755Z ##[endgroup]
2026-10-10T13:36:14.8582159Z Found in cache @ /opt/hostedtoolcache/node/24.21.0/x64
2026-10-10T13:36:14.8583403Z ##[group]Environment details
2026-10-10T13:36:15.2126001Z node: v24.21.0
2026-10-10T13:36:15.2126253Z npm: 11.19.0
2026-10-10T13:36:15.2126427Z yarn: 1.22.22
2026-10-10T13:36:15.2127563Z ##[endgroup]
2026-10-10T13:36:15.2137522Z [command]/opt/hostedtoolcache/node/24.21.0/x64/bin/npm config get cache
2026-10-10T13:36:15.2928751Z /home/runner/.npm
2026-10-10T13:36:15.4231102Z Cache hit for: node-cache-Linux-x64-npm-59940755336ccebfb01608b4b67032f886f15c0a5419cadf1ab2b1b289ed121c
2026-10-10T13:36:16.2462426Z Received 47017133 of 47017133 (100.0%), 65.4 MBs/sec
2026-10-10T13:36:16.2462972Z Cache Size: ~45 MB (47017133 B)
2026-10-10T13:36:16.2482663Z [command]/usr/bin/tar -xf /home/runner/work/_temp/236e78e2-cf7b-499b-a772-4ce0592dd8e7/cache.tzst -P -C /home/runner/work/Bot-AI-Ban-hang-FB/Bot-AI-Ban-hang-FB --use-compress-program unzstd
2026-10-10T13:36:16.3708124Z Cache restored successfully
2026-10-10T13:36:16.3731780Z Cache restored from key: node-cache-Linux-x64-npm-59940755336ccebfb01608b4b67032f886f15c0a5419cadf1ab2b1b289ed121c
2026-10-10T13:36:16.4416259Z ##[group]Run npm install --global npm@11.17.0
2026-10-10T13:36:16.4416500Z [36;1mnpm install --global npm@11.17.0[0m
2026-10-10T13:36:16.5006233Z shell: /usr/bin/bash -e {0}
2026-10-10T13:36:16.5006410Z ##[endgroup]
2026-10-10T13:36:17.8939755Z 
2026-10-10T13:36:17.8946030Z changed 19 packages in 1s
2026-10-10T13:36:17.8946213Z 
2026-10-10T13:36:17.8946343Z 15 packages are looking for funding
2026-10-10T13:36:17.8946535Z   run `npm fund` for details
2026-10-10T13:36:17.9324339Z ##[group]Run test -f package-lock.json || (echo 'Run npm install on an authorized online machine and commit the generated lockfile.' && exit 1)
2026-10-10T13:36:17.9324836Z [36;1mtest -f package-lock.json || (echo 'Run npm install on an authorized online machine and commit the generated lockfile.' && exit 1)[0m
2026-10-10T13:36:17.9376700Z shell: /usr/bin/bash -e {0}
2026-10-10T13:36:17.9376842Z ##[endgroup]
2026-10-10T13:36:17.9465243Z ##[group]Run npm ci
2026-10-10T13:36:17.9465378Z [36;1mnpm ci[0m
2026-10-10T13:36:17.9512726Z shell: /usr/bin/bash -e {0}
2026-10-10T13:36:17.9512867Z ##[endgroup]
2026-10-10T13:36:19.4047953Z npm warn deprecated whatwg-encoding@3.1.1: Use @exodus/bytes instead for a more spec-conformant and faster implementation
2026-10-10T13:36:20.6536399Z npm warn deprecated eslint@9.34.0: This version is no longer supported. Please see https://eslint.org/version-support for other options.
2026-10-10T13:36:25.1183599Z 
2026-10-10T13:36:25.1184484Z added 411 packages, and audited 413 packages in 7s
2026-10-10T13:36:25.1184677Z 
2026-10-10T13:36:25.1184788Z 86 packages are looking for funding
2026-10-10T13:36:25.1185106Z   run `npm fund` for details
2026-10-10T13:36:25.1191011Z 
2026-10-10T13:36:25.1191331Z found 0 vulnerabilities
2026-10-10T13:36:25.1198534Z npm warn allow-scripts 2 packages have install scripts not yet covered by allowScripts:
2026-10-10T13:36:25.1199204Z npm warn allow-scripts   esbuild@0.28.2 (postinstall: node install.js)
2026-10-10T13:36:25.1199817Z npm warn allow-scripts   msw@2.11.1 (postinstall: node -e "import('./config/scripts/postinstall.js').catch(() => void 0)")
2026-10-10T13:36:25.1200265Z npm warn allow-scripts
2026-10-10T13:36:25.1200815Z npm warn allow-scripts Run `npm approve-scripts --allow-scripts-pending` to review, or `npm approve-scripts <pkg>` to allow.
2026-10-10T13:36:25.4088599Z ##[group]Run npm audit --audit-level=low
2026-10-10T13:36:25.4088805Z [36;1mnpm audit --audit-level=low[0m
2026-10-10T13:36:25.4139564Z shell: /usr/bin/bash -e {0}
2026-10-10T13:36:25.4139707Z ##[endgroup]
2026-10-10T13:36:25.8864953Z found 0 vulnerabilities
2026-10-10T13:36:25.8971590Z ##[group]Run npm run setup
2026-10-10T13:36:25.8971830Z [36;1mnpm run setup[0m
2026-10-10T13:36:25.9026213Z shell: /usr/bin/bash -e {0}
2026-10-10T13:36:25.9026360Z ##[endgroup]
2026-10-10T13:36:25.9788140Z 
2026-10-10T13:36:25.9788568Z > botsales-frontend@0.1.0 setup
2026-10-10T13:36:25.9788789Z > node scripts/setup.mjs
2026-10-10T13:36:25.9788880Z 
2026-10-10T13:36:26.1660181Z {"status":"PASS","outputs":15,"schemas":346,"operations":245,"routes":61}
2026-10-10T13:36:26.2272240Z Copying the worker script at "/home/runner/work/Bot-AI-Ban-hang-FB/Bot-AI-Ban-hang-FB/BotSalesAI_Frontend/apps/web/public"...
2026-10-10T13:36:26.2296198Z 
2026-10-10T13:36:26.2296866Z [32mWorker script successfully copied![39m
2026-10-10T13:36:26.2297131Z [90m  - public
2026-10-10T13:36:26.2297267Z [39m
2026-10-10T13:36:26.2297458Z Continue by describing the network in your application:
2026-10-10T13:36:26.2297597Z 
2026-10-10T13:36:26.2297601Z 
2026-10-10T13:36:26.2297851Z [31m[1mhttps://mswjs.io/docs/quick-start[22m[39m
2026-10-10T13:36:26.2297979Z 
2026-10-10T13:36:26.2471664Z Thiết lập xong. npm run dev chạy frontend mô phỏng; không kết nối khách hàng hoặc provider thật.
2026-10-10T13:36:26.2666166Z ##[group]Run npx playwright install --with-deps chromium firefox
2026-10-10T13:36:26.2666561Z [36;1mnpx playwright install --with-deps chromium firefox[0m
2026-10-10T13:36:26.2717374Z shell: /usr/bin/bash -e {0}
2026-10-10T13:36:26.2717516Z ##[endgroup]
2026-10-10T13:36:26.7166137Z Installing dependencies...
2026-10-10T13:36:26.7223089Z Switching to root user to install dependencies...
2026-10-10T13:36:26.7938166Z Get:1 file:/etc/apt/apt-mirrors.txt Mirrorlist [144 B]
2026-10-10T13:36:26.8301313Z Hit:2 http://azure.archive.ubuntu.com/ubuntu noble InRelease
2026-10-10T13:36:26.8306785Z Get:6 https://packages.microsoft.com/ubuntu/24.04/prod noble InRelease [3600 B]
2026-10-10T13:36:26.8336496Z Get:3 http://azure.archive.ubuntu.com/ubuntu noble-updates InRelease [126 kB]
2026-10-10T13:36:26.8337352Z Get:4 http://azure.archive.ubuntu.com/ubuntu noble-backports InRelease [126 kB]
2026-10-10T13:36:26.8351337Z Get:5 http://azure.archive.ubuntu.com/ubuntu noble-security InRelease [126 kB]
2026-10-10T13:36:26.9118014Z Get:7 https://packages.microsoft.com/ubuntu/24.04/prod noble/main amd64 Packages [548 kB]
2026-10-10T13:36:26.9225753Z Get:8 https://packages.microsoft.com/ubuntu/24.04/prod noble/main arm64 Packages [492 kB]
2026-10-10T13:36:26.9269134Z Get:9 https://packages.microsoft.com/ubuntu/24.04/prod noble/main all Packages [640 B]
2026-10-10T13:36:26.9295010Z Get:10 https://packages.microsoft.com/ubuntu/24.04/prod noble/main armhf Packages [12.3 kB]
2026-10-10T13:36:26.9447701Z Get:11 http://azure.archive.ubuntu.com/ubuntu noble-updates/main amd64 Packages [1375 kB]
2026-10-10T13:36:26.9495245Z Get:12 http://azure.archive.ubuntu.com/ubuntu noble-updates/main Translation-en [306 kB]
2026-10-10T13:36:26.9503817Z Get:13 http://azure.archive.ubuntu.com/ubuntu noble-updates/universe amd64 Packages [1702 kB]
2026-10-10T13:36:26.9573880Z Get:14 http://azure.archive.ubuntu.com/ubuntu noble-updates/universe Translation-en [342 kB]
2026-10-10T13:36:26.9614650Z Get:15 http://azure.archive.ubuntu.com/ubuntu noble-updates/restricted amd64 Packages [1761 kB]
2026-10-10T13:36:26.9655069Z Get:16 http://azure.archive.ubuntu.com/ubuntu noble-updates/restricted Translation-en [401 kB]
2026-10-10T13:36:26.9664382Z Get:17 http://azure.archive.ubuntu.com/ubuntu noble-updates/multiverse amd64 Packages [55.0 kB]
2026-10-10T13:36:26.9669935Z Get:18 http://azure.archive.ubuntu.com/ubuntu noble-updates/multiverse Translation-en [14.3 kB]
2026-10-10T13:36:27.0198744Z Get:19 http://azure.archive.ubuntu.com/ubuntu noble-security/main amd64 Packages [1121 kB]
2026-10-10T13:36:27.0244298Z Get:20 http://azure.archive.ubuntu.com/ubuntu noble-security/main Translation-en [228 kB]
2026-10-10T13:36:27.0682023Z Get:21 http://azure.archive.ubuntu.com/ubuntu noble-security/universe amd64 Packages [1220 kB]
2026-10-10T13:36:27.0729734Z Get:22 http://azure.archive.ubuntu.com/ubuntu noble-security/universe Translation-en [245 kB]
2026-10-10T13:36:27.0741839Z Get:23 http://azure.archive.ubuntu.com/ubuntu noble-security/restricted amd64 Packages [1669 kB]
2026-10-10T13:36:27.0814658Z Get:24 http://azure.archive.ubuntu.com/ubuntu noble-security/restricted Translation-en [383 kB]
2026-10-10T13:36:27.0823720Z Get:25 http://azure.archive.ubuntu.com/ubuntu noble-security/multiverse amd64 Packages [49.8 kB]
2026-10-10T13:36:27.0828838Z Get:26 http://azure.archive.ubuntu.com/ubuntu noble-security/multiverse Translation-en [12.4 kB]
2026-10-10T13:36:31.6204156Z Fetched 12.3 MB in 1s (13.7 MB/s)
2026-10-10T13:36:32.1094728Z Reading package lists...
2026-10-10T13:36:32.1273602Z Reading package lists...
2026-10-10T13:36:32.2615364Z Building dependency tree...
2026-10-10T13:36:32.2619596Z Reading state information...
2026-10-10T13:36:32.3651976Z libasound2t64 is already the newest version (1.2.11-1ubuntu0.3).
2026-10-10T13:36:32.3652263Z libasound2t64 set to manually installed.
2026-10-10T13:36:32.3652514Z libatk-bridge2.0-0t64 is already the newest version (2.52.0-1build1).
2026-10-10T13:36:32.3653485Z libatk-bridge2.0-0t64 set to manually installed.
2026-10-10T13:36:32.3653797Z libatk1.0-0t64 is already the newest version (2.52.0-1build1).
2026-10-10T13:36:32.3654273Z libatk1.0-0t64 set to manually installed.
2026-10-10T13:36:32.3654499Z libatspi2.0-0t64 is already the newest version (2.52.0-1build1).
2026-10-10T13:36:32.3654723Z libatspi2.0-0t64 set to manually installed.
2026-10-10T13:36:32.3654942Z libcairo2 is already the newest version (1.18.0-3build1).
2026-10-10T13:36:32.3655221Z libcairo2 set to manually installed.
2026-10-10T13:36:32.3655446Z libcups2t64 is already the newest version (2.4.7-1.2ubuntu7.14).
2026-10-10T13:36:32.3655839Z libcups2t64 set to manually installed.
2026-10-10T13:36:32.3656056Z libdbus-1-3 is already the newest version (1.14.10-4ubuntu4.1).
2026-10-10T13:36:32.3656265Z libdbus-1-3 set to manually installed.
2026-10-10T13:36:32.3656492Z libdrm2 is already the newest version (2.4.125-1ubuntu0.1~24.04.2).
2026-10-10T13:36:32.3656704Z libdrm2 set to manually installed.
2026-10-10T13:36:32.3656924Z libgbm1 is already the newest version (25.2.8-0ubuntu0.24.04.4).
2026-10-10T13:36:32.3657131Z libgbm1 set to manually installed.
2026-10-10T13:36:32.3657350Z libglib2.0-0t64 is already the newest version (2.80.0-6ubuntu3.9).
2026-10-10T13:36:32.3657569Z libglib2.0-0t64 set to manually installed.
2026-10-10T13:36:32.3657794Z libnspr4 is already the newest version (2:4.35-1.1build1).
2026-10-10T13:36:32.3657994Z libnspr4 set to manually installed.
2026-10-10T13:36:32.3658198Z libnss3 is already the newest version (2:3.98-1ubuntu0.2).
2026-10-10T13:36:32.3658399Z libnss3 set to manually installed.
2026-10-10T13:36:32.3658613Z libpango-1.0-0 is already the newest version (1.52.1+ds-1build1).
2026-10-10T13:36:32.3658828Z libpango-1.0-0 set to manually installed.
2026-10-10T13:36:32.3659037Z libx11-6 is already the newest version (2:1.8.7-1build1).
2026-10-10T13:36:32.3659256Z libx11-6 set to manually installed.
2026-10-10T13:36:32.3659518Z libxcb1 is already the newest version (1.15-1ubuntu2).
2026-10-10T13:36:32.3659713Z libxcb1 set to manually installed.
2026-10-10T13:36:32.3659929Z libxcomposite1 is already the newest version (1:0.4.5-1build3).
2026-10-10T13:36:32.3660144Z libxcomposite1 set to manually installed.
2026-10-10T13:36:32.3660361Z libxdamage1 is already the newest version (1:1.1.6-1build1).
2026-10-10T13:36:32.3660567Z libxdamage1 set to manually installed.
2026-10-10T13:36:32.3660792Z libxext6 is already the newest version (2:1.3.4-1build2).
2026-10-10T13:36:32.3660984Z libxext6 set to manually installed.
2026-10-10T13:36:32.3661194Z libxfixes3 is already the newest version (1:6.0.0-2build1).
2026-10-10T13:36:32.3661394Z libxfixes3 set to manually installed.
2026-10-10T13:36:32.3661607Z libxkbcommon0 is already the newest version (1.6.0-1build1).
2026-10-10T13:36:32.3661816Z libxkbcommon0 set to manually installed.
2026-10-10T13:36:32.3662027Z libxrandr2 is already the newest version (2:1.5.2-2build1).
2026-10-10T13:36:32.3662227Z libxrandr2 set to manually installed.
2026-10-10T13:36:32.3662438Z xvfb is already the newest version (2:21.1.12-1ubuntu1.8).
2026-10-10T13:36:32.3662716Z fonts-noto-color-emoji is already the newest version (2.047-0ubuntu0.24.04.1).
2026-10-10T13:36:32.3663006Z libfontconfig1 is already the newest version (2.15.0-1.1ubuntu2).
2026-10-10T13:36:32.3663224Z libfontconfig1 set to manually installed.
2026-10-10T13:36:32.3663440Z fonts-liberation is already the newest version (1:2.1.5-3).
2026-10-10T13:36:32.3663650Z fonts-liberation set to manually installed.
2026-10-10T13:36:32.3663884Z libcairo-gobject2 is already the newest version (1.18.0-3build1).
2026-10-10T13:36:32.3664329Z libcairo-gobject2 set to manually installed.
2026-10-10T13:36:32.3664629Z libgdk-pixbuf-2.0-0 is already the newest version (2.42.10+dfsg-3ubuntu3.3).
2026-10-10T13:36:32.3664875Z libgdk-pixbuf-2.0-0 set to manually installed.
2026-10-10T13:36:32.3665234Z libgtk-3-0t64 is already the newest version (3.24.41-4ubuntu1.3).
2026-10-10T13:36:32.3665452Z libgtk-3-0t64 set to manually installed.
2026-10-10T13:36:32.3665789Z libpangocairo-1.0-0 is already the newest version (1.52.1+ds-1build1).
2026-10-10T13:36:32.3666023Z libpangocairo-1.0-0 set to manually installed.
2026-10-10T13:36:32.3666246Z libx11-xcb1 is already the newest version (2:1.8.7-1build1).
2026-10-10T13:36:32.3666447Z libx11-xcb1 set to manually installed.
2026-10-10T13:36:32.3666654Z libxcb-shm0 is already the newest version (1.15-1ubuntu2).
2026-10-10T13:36:32.3666970Z libxcb-shm0 set to manually installed.
2026-10-10T13:36:32.3667289Z libxcursor1 is already the newest version (1:1.2.1-1build1).
2026-10-10T13:36:32.3667698Z libxcursor1 set to manually installed.
2026-10-10T13:36:32.3667999Z libxi6 is already the newest version (2:1.8.1-1build1).
2026-10-10T13:36:32.3668292Z libxi6 set to manually installed.
2026-10-10T13:36:32.3668628Z libxrender1 is already the newest version (1:0.9.10-1.1build1).
2026-10-10T13:36:32.3669038Z libxrender1 set to manually installed.
2026-10-10T13:36:32.3669388Z The following additional packages will be installed:
2026-10-10T13:36:32.3669704Z   libavutil58 libcodec2-1.2 libdav1d7 libgsm1 libhwy1t64 libjxl0.7 libmp3lame0
2026-10-10T13:36:32.3669999Z   libopus0 librav1e0 librsvg2-2 libshine3 libsoxr0 libspeex1 libsvtav1enc1d1
2026-10-10T13:36:32.3670278Z   libswresample4 libtheora0 libtwolame0 libva-drm2 libva-x11-2 libva2
2026-10-10T13:36:32.3670554Z   libvdpau1 libvorbisenc2 libvpl2 libvpx9 libx264-164 libx265-199 libxvidcore4
2026-10-10T13:36:32.3670928Z   libzvbi-common libzvbi0t64 ocl-icd-libopencl1 xfonts-encodings xfonts-utils
2026-10-10T13:36:32.3671281Z Suggested packages:
2026-10-10T13:36:32.3671593Z   libcuda1 libnvcuvid1 libnvidia-encode1 opus-tools librsvg2-bin speex
2026-10-10T13:36:32.3671905Z   opencl-icd
2026-10-10T13:36:32.3672098Z Recommended packages:
2026-10-10T13:36:32.3672345Z   fonts-ipafont-mincho fonts-tlwg-loma librsvg2-common va-driver-all
2026-10-10T13:36:32.3672575Z   | va-driver vdpau-driver-all | vdpau-driver
2026-10-10T13:36:32.3884756Z The following NEW packages will be installed:
2026-10-10T13:36:32.3885434Z   fonts-freefont-ttf fonts-ipafont-gothic fonts-tlwg-loma-otf fonts-unifont
2026-10-10T13:36:32.3886202Z   fonts-wqy-zenhei libavcodec60 libavutil58 libcodec2-1.2 libdav1d7 libgsm1
2026-10-10T13:36:32.3887339Z   libhwy1t64 libjxl0.7 libmp3lame0 libopus0 librav1e0 librsvg2-2 libshine3
2026-10-10T13:36:32.3887927Z   libsoxr0 libspeex1 libsvtav1enc1d1 libswresample4 libtheora0 libtwolame0
2026-10-10T13:36:32.3888499Z   libva-drm2 libva-x11-2 libva2 libvdpau1 libvorbisenc2 libvpl2 libvpx9
2026-10-10T13:36:32.3889033Z   libx264-164 libx265-199 libxvidcore4 libzvbi-common libzvbi0t64
2026-10-10T13:36:32.3890796Z   ocl-icd-libopencl1 xfonts-cyrillic xfonts-encodings xfonts-scalable
2026-10-10T13:36:32.3891211Z   xfonts-utils
2026-10-10T13:36:32.3894814Z The following packages will be upgraded:
2026-10-10T13:36:32.3898013Z   libfreetype6
2026-10-10T13:36:32.4033443Z 1 upgraded, 40 newly installed, 0 to remove and 22 not upgraded.
2026-10-10T13:36:32.4033705Z Need to get 49.2 MB of archives.
2026-10-10T13:36:32.4034064Z After this operation, 168 MB of additional disk space will be used.
2026-10-10T13:36:32.4034367Z Get:1 file:/etc/apt/apt-mirrors.txt Mirrorlist [144 B]
2026-10-10T13:36:32.4499589Z Get:2 http://azure.archive.ubuntu.com/ubuntu noble/universe amd64 fonts-ipafont-gothic all 00303-21ubuntu1 [3513 kB]
2026-10-10T13:36:32.5086616Z Get:3 http://azure.archive.ubuntu.com/ubuntu noble/main amd64 fonts-freefont-ttf all 20211204+svn4273-2 [5641 kB]
2026-10-10T13:36:32.5857541Z Get:4 http://azure.archive.ubuntu.com/ubuntu noble/universe amd64 fonts-tlwg-loma-otf all 1:0.7.3-1 [107 kB]
2026-10-10T13:36:32.6140314Z Get:5 http://azure.archive.ubuntu.com/ubuntu noble/universe amd64 fonts-unifont all 1:15.1.01-1build1 [2993 kB]
2026-10-10T13:36:32.6675742Z Get:6 http://azure.archive.ubuntu.com/ubuntu noble/universe amd64 fonts-wqy-zenhei all 0.9.45-8 [7472 kB]
2026-10-10T13:36:32.7609305Z Get:7 http://azure.archive.ubuntu.com/ubuntu noble-updates/universe amd64 libva2 amd64 2.20.0-2ubuntu0.2 [66.4 kB]
2026-10-10T13:36:32.8227108Z Get:8 http://azure.archive.ubuntu.com/ubuntu noble-updates/universe amd64 libva-drm2 amd64 2.20.0-2ubuntu0.2 [7124 B]
2026-10-10T13:36:32.8525823Z Get:9 http://azure.archive.ubuntu.com/ubuntu noble-updates/universe amd64 libva-x11-2 amd64 2.20.0-2ubuntu0.2 [12.0 kB]
2026-10-10T13:36:32.8889331Z Get:10 http://azure.archive.ubuntu.com/ubuntu noble/main amd64 libvdpau1 amd64 1.5-2build1 [27.8 kB]
2026-10-10T13:36:32.9367039Z Get:11 http://azure.archive.ubuntu.com/ubuntu noble/universe amd64 libvpl2 amd64 2023.3.0-1build1 [99.8 kB]
2026-10-10T13:36:33.0201462Z Get:12 http://azure.archive.ubuntu.com/ubuntu noble/universe amd64 ocl-icd-libopencl1 amd64 2.3.2-1build1 [38.5 kB]
2026-10-10T13:36:33.0563431Z Get:13 http://azure.archive.ubuntu.com/ubuntu noble/universe amd64 libavutil58 amd64 7:6.1.1-3ubuntu5 [401 kB]
2026-10-10T13:36:33.1521612Z Get:14 http://azure.archive.ubuntu.com/ubuntu noble/universe amd64 libcodec2-1.2 amd64 1.2.0-2build1 [8998 kB]
2026-10-10T13:36:33.3359031Z Get:15 http://azure.archive.ubuntu.com/ubuntu noble/universe amd64 libdav1d7 amd64 1.4.1-1build1 [604 kB]
2026-10-10T13:36:33.3679488Z Get:16 http://azure.archive.ubuntu.com/ubuntu noble/universe amd64 libgsm1 amd64 1.0.22-1build1 [27.8 kB]
2026-10-10T13:36:33.3981400Z Get:17 http://azure.archive.ubuntu.com/ubuntu noble/universe amd64 libhwy1t64 amd64 1.0.7-8.1build1 [584 kB]
2026-10-10T13:36:33.4367484Z Get:18 http://azure.archive.ubuntu.com/ubuntu noble-updates/universe amd64 libjxl0.7 amd64 0.7.0-10.2ubuntu6.1 [1001 kB]
2026-10-10T13:36:33.4843353Z Get:19 http://azure.archive.ubuntu.com/ubuntu noble/main amd64 libmp3lame0 amd64 3.100-6build1 [142 kB]
2026-10-10T13:36:33.5641195Z Get:20 http://azure.archive.ubuntu.com/ubuntu noble/main amd64 libopus0 amd64 1.4-1build1 [208 kB]
2026-10-10T13:36:33.6024352Z Get:21 http://azure.archive.ubuntu.com/ubuntu noble/universe amd64 librav1e0 amd64 0.7.1-2 [1022 kB]
2026-10-10T13:36:33.6510723Z Get:22 http://azure.archive.ubuntu.com/ubuntu noble-updates/main amd64 librsvg2-2 amd64 2.58.0+dfsg-1ubuntu0.1 [2141 kB]
2026-10-10T13:36:33.7123854Z Get:23 http://azure.archive.ubuntu.com/ubuntu noble/universe amd64 libshine3 amd64 3.1.1-2build1 [23.2 kB]
2026-10-10T13:36:33.7494441Z Get:24 http://azure.archive.ubuntu.com/ubuntu noble-updates/main amd64 libspeex1 amd64 1.2.1-2ubuntu2.24.04.1 [59.6 kB]
2026-10-10T13:36:33.7861627Z Get:25 http://azure.archive.ubuntu.com/ubuntu noble/universe amd64 libsvtav1enc1d1 amd64 1.7.0+dfsg-2build1 [2425 kB]
2026-10-10T13:36:33.8506736Z Get:26 http://azure.archive.ubuntu.com/ubuntu noble/universe amd64 libsoxr0 amd64 0.1.3-4build3 [80.0 kB]
2026-10-10T13:36:33.8813418Z Get:27 http://azure.archive.ubuntu.com/ubuntu noble/universe amd64 libswresample4 amd64 7:6.1.1-3ubuntu5 [63.8 kB]
2026-10-10T13:36:33.9117399Z Get:28 http://azure.archive.ubuntu.com/ubuntu noble/main amd64 libtheora0 amd64 1.1.1+dfsg.1-16.1build3 [211 kB]
2026-10-10T13:36:33.9433846Z Get:29 http://azure.archive.ubuntu.com/ubuntu noble/main amd64 libtwolame0 amd64 0.4.0-2build3 [52.3 kB]
2026-10-10T13:36:33.9753610Z Get:30 http://azure.archive.ubuntu.com/ubuntu noble/main amd64 libvorbisenc2 amd64 1.3.7-1build3 [80.8 kB]
2026-10-10T13:36:34.0088107Z Get:31 http://azure.archive.ubuntu.com/ubuntu noble-updates/main amd64 libvpx9 amd64 1.14.0-1ubuntu2.3 [1143 kB]
2026-10-10T13:36:34.0492514Z Get:32 http://azure.archive.ubuntu.com/ubuntu noble/universe amd64 libx264-164 amd64 2:0.164.3108+git31e19f9-1 [604 kB]
2026-10-10T13:36:34.0904119Z Get:33 http://azure.archive.ubuntu.com/ubuntu noble/universe amd64 libx265-199 amd64 3.5-2build1 [1226 kB]
2026-10-10T13:36:34.1264453Z Get:34 http://azure.archive.ubuntu.com/ubuntu noble/universe amd64 libxvidcore4 amd64 2:1.3.7-1build1 [219 kB]
2026-10-10T13:36:34.1581879Z Get:35 http://azure.archive.ubuntu.com/ubuntu noble/universe amd64 libzvbi-common all 0.2.42-2 [42.4 kB]
2026-10-10T13:36:34.1886938Z Get:36 http://azure.archive.ubuntu.com/ubuntu noble/universe amd64 libzvbi0t64 amd64 0.2.42-2 [261 kB]
2026-10-10T13:36:34.2209135Z Get:37 http://azure.archive.ubuntu.com/ubuntu noble/universe amd64 libavcodec60 amd64 7:6.1.1-3ubuntu5 [5851 kB]
2026-10-10T13:36:34.3079895Z Get:38 http://azure.archive.ubuntu.com/ubuntu noble-updates/main amd64 libfreetype6 amd64 2.13.2+dfsg-1ubuntu0.2 [403 kB]
2026-10-10T13:36:34.3853853Z Get:39 http://azure.archive.ubuntu.com/ubuntu noble/main amd64 xfonts-encodings all 1:1.0.5-0ubuntu2 [578 kB]
2026-10-10T13:36:34.4271201Z Get:40 http://azure.archive.ubuntu.com/ubuntu noble/main amd64 xfonts-utils amd64 1:7.7+6build3 [94.4 kB]
2026-10-10T13:36:34.4604414Z Get:41 http://azure.archive.ubuntu.com/ubuntu noble/universe amd64 xfonts-cyrillic all 1:1.0.5+nmu1 [384 kB]
2026-10-10T13:36:34.4960560Z Get:42 http://azure.archive.ubuntu.com/ubuntu noble/main amd64 xfonts-scalable all 1:1.0.3-1.3 [304 kB]
2026-10-10T13:36:34.6963269Z Fetched 49.2 MB in 2s (23.4 MB/s)
2026-10-10T13:36:34.7125607Z Selecting previously unselected package fonts-ipafont-gothic.
2026-10-10T13:36:34.7341413Z (Reading database ... 
2026-10-10T13:36:34.7341885Z (Reading database ... 5%
2026-10-10T13:36:34.7342359Z (Reading database ... 10%
2026-10-10T13:36:34.7342586Z (Reading database ... 15%
2026-10-10T13:36:34.7342805Z (Reading database ... 20%
2026-10-10T13:36:34.7343024Z (Reading database ... 25%
2026-10-10T13:36:34.7343177Z (Reading database ... 30%
2026-10-10T13:36:34.7343315Z (Reading database ... 35%
2026-10-10T13:36:34.7343451Z (Reading database ... 40%
2026-10-10T13:36:34.7343587Z (Reading database ... 45%
2026-10-10T13:36:34.7343722Z (Reading database ... 50%
2026-10-10T13:36:34.7378198Z (Reading database ... 55%
2026-10-10T13:36:34.8209783Z (Reading database ... 60%
2026-10-10T13:36:35.0290984Z (Reading database ... 65%
2026-10-10T13:36:35.2173218Z (Reading database ... 70%
2026-10-10T13:36:35.4188098Z (Reading database ... 75%
2026-10-10T13:36:35.5788087Z (Reading database ... 80%
2026-10-10T13:36:35.7675739Z (Reading database ... 85%
2026-10-10T13:36:35.9732613Z (Reading database ... 90%
2026-10-10T13:36:36.1246772Z (Reading database ... 95%
2026-10-10T13:36:36.1247143Z (Reading database ... 100%
2026-10-10T13:36:36.1247518Z (Reading database ... 203191 files and directories currently installed.)
2026-10-10T13:36:36.1281689Z Preparing to unpack .../00-fonts-ipafont-gothic_00303-21ubuntu1_all.deb ...
2026-10-10T13:36:36.1352706Z Unpacking fonts-ipafont-gothic (00303-21ubuntu1) ...
2026-10-10T13:36:36.3385689Z Selecting previously unselected package fonts-freefont-ttf.
2026-10-10T13:36:36.3479856Z Preparing to unpack .../01-fonts-freefont-ttf_20211204+svn4273-2_all.deb ...
2026-10-10T13:36:36.3485665Z Unpacking fonts-freefont-ttf (20211204+svn4273-2) ...
2026-10-10T13:36:36.4355724Z Selecting previously unselected package fonts-tlwg-loma-otf.
2026-10-10T13:36:36.4450502Z Preparing to unpack .../02-fonts-tlwg-loma-otf_1%3a0.7.3-1_all.deb ...
2026-10-10T13:36:36.4456053Z Unpacking fonts-tlwg-loma-otf (1:0.7.3-1) ...
2026-10-10T13:36:36.4627623Z Selecting previously unselected package fonts-unifont.
2026-10-10T13:36:36.4720647Z Preparing to unpack .../03-fonts-unifont_1%3a15.1.01-1build1_all.deb ...
2026-10-10T13:36:36.4727116Z Unpacking fonts-unifont (1:15.1.01-1build1) ...
2026-10-10T13:36:36.6527109Z Selecting previously unselected package fonts-wqy-zenhei.
2026-10-10T13:36:36.6618825Z Preparing to unpack .../04-fonts-wqy-zenhei_0.9.45-8_all.deb ...
2026-10-10T13:36:36.6697004Z Unpacking fonts-wqy-zenhei (0.9.45-8) ...
2026-10-10T13:36:37.0811675Z Selecting previously unselected package libva2:amd64.
2026-10-10T13:36:37.0904726Z Preparing to unpack .../05-libva2_2.20.0-2ubuntu0.2_amd64.deb ...
2026-10-10T13:36:37.0919183Z Unpacking libva2:amd64 (2.20.0-2ubuntu0.2) ...
2026-10-10T13:36:37.1092677Z Selecting previously unselected package libva-drm2:amd64.
2026-10-10T13:36:37.1187443Z Preparing to unpack .../06-libva-drm2_2.20.0-2ubuntu0.2_amd64.deb ...
2026-10-10T13:36:37.1193418Z Unpacking libva-drm2:amd64 (2.20.0-2ubuntu0.2) ...
2026-10-10T13:36:37.3056614Z Selecting previously unselected package libva-x11-2:amd64.
2026-10-10T13:36:37.3150899Z Preparing to unpack .../07-libva-x11-2_2.20.0-2ubuntu0.2_amd64.deb ...
2026-10-10T13:36:37.3157905Z Unpacking libva-x11-2:amd64 (2.20.0-2ubuntu0.2) ...
2026-10-10T13:36:37.3325568Z Selecting previously unselected package libvdpau1:amd64.
2026-10-10T13:36:37.3414633Z Preparing to unpack .../08-libvdpau1_1.5-2build1_amd64.deb ...
2026-10-10T13:36:37.3421058Z Unpacking libvdpau1:amd64 (1.5-2build1) ...
2026-10-10T13:36:37.3580888Z Selecting previously unselected package libvpl2.
2026-10-10T13:36:37.3669857Z Preparing to unpack .../09-libvpl2_2023.3.0-1build1_amd64.deb ...
2026-10-10T13:36:37.3676423Z Unpacking libvpl2 (2023.3.0-1build1) ...
2026-10-10T13:36:37.3842408Z Selecting previously unselected package ocl-icd-libopencl1:amd64.
2026-10-10T13:36:37.3932707Z Preparing to unpack .../10-ocl-icd-libopencl1_2.3.2-1build1_amd64.deb ...
2026-10-10T13:36:37.3938933Z Unpacking ocl-icd-libopencl1:amd64 (2.3.2-1build1) ...
2026-10-10T13:36:37.4121157Z Selecting previously unselected package libavutil58:amd64.
2026-10-10T13:36:37.4211555Z Preparing to unpack .../11-libavutil58_7%3a6.1.1-3ubuntu5_amd64.deb ...
2026-10-10T13:36:37.4216869Z Unpacking libavutil58:amd64 (7:6.1.1-3ubuntu5) ...
2026-10-10T13:36:37.4402296Z Selecting previously unselected package libcodec2-1.2:amd64.
2026-10-10T13:36:37.4494126Z Preparing to unpack .../12-libcodec2-1.2_1.2.0-2build1_amd64.deb ...
2026-10-10T13:36:37.4499645Z Unpacking libcodec2-1.2:amd64 (1.2.0-2build1) ...
2026-10-10T13:36:37.5764777Z Selecting previously unselected package libdav1d7:amd64.
2026-10-10T13:36:37.5855401Z Preparing to unpack .../13-libdav1d7_1.4.1-1build1_amd64.deb ...
2026-10-10T13:36:37.5861925Z Unpacking libdav1d7:amd64 (1.4.1-1build1) ...
2026-10-10T13:36:37.6058630Z Selecting previously unselected package libgsm1:amd64.
2026-10-10T13:36:37.6148925Z Preparing to unpack .../14-libgsm1_1.0.22-1build1_amd64.deb ...
2026-10-10T13:36:37.6155047Z Unpacking libgsm1:amd64 (1.0.22-1build1) ...
2026-10-10T13:36:37.6309611Z Selecting previously unselected package libhwy1t64:amd64.
2026-10-10T13:36:37.6397610Z Preparing to unpack .../15-libhwy1t64_1.0.7-8.1build1_amd64.deb ...
2026-10-10T13:36:37.6403105Z Unpacking libhwy1t64:amd64 (1.0.7-8.1build1) ...
2026-10-10T13:36:37.6686547Z Selecting previously unselected package libjxl0.7:amd64.
2026-10-10T13:36:37.6774595Z Preparing to unpack .../16-libjxl0.7_0.7.0-10.2ubuntu6.1_amd64.deb ...
2026-10-10T13:36:37.6780405Z Unpacking libjxl0.7:amd64 (0.7.0-10.2ubuntu6.1) ...
2026-10-10T13:36:37.7157011Z Selecting previously unselected package libmp3lame0:amd64.
2026-10-10T13:36:37.7245458Z Preparing to unpack .../17-libmp3lame0_3.100-6build1_amd64.deb ...
2026-10-10T13:36:37.7251014Z Unpacking libmp3lame0:amd64 (3.100-6build1) ...
2026-10-10T13:36:37.7410217Z Selecting previously unselected package libopus0:amd64.
2026-10-10T13:36:37.7498332Z Preparing to unpack .../18-libopus0_1.4-1build1_amd64.deb ...
2026-10-10T13:36:37.7503634Z Unpacking libopus0:amd64 (1.4-1build1) ...
2026-10-10T13:36:37.7668599Z Selecting previously unselected package librav1e0:amd64.
2026-10-10T13:36:37.7757294Z Preparing to unpack .../19-librav1e0_0.7.1-2_amd64.deb ...
2026-10-10T13:36:37.7762515Z Unpacking librav1e0:amd64 (0.7.1-2) ...
2026-10-10T13:36:37.8083491Z Selecting previously unselected package librsvg2-2:amd64.
2026-10-10T13:36:37.8172841Z Preparing to unpack .../20-librsvg2-2_2.58.0+dfsg-1ubuntu0.1_amd64.deb ...
2026-10-10T13:36:37.8179480Z Unpacking librsvg2-2:amd64 (2.58.0+dfsg-1ubuntu0.1) ...
2026-10-10T13:36:37.8754604Z Selecting previously unselected package libshine3:amd64.
2026-10-10T13:36:37.8844786Z Preparing to unpack .../21-libshine3_3.1.1-2build1_amd64.deb ...
2026-10-10T13:36:37.8850343Z Unpacking libshine3:amd64 (3.1.1-2build1) ...
2026-10-10T13:36:37.9000780Z Selecting previously unselected package libspeex1:amd64.
2026-10-10T13:36:37.9090226Z Preparing to unpack .../22-libspeex1_1.2.1-2ubuntu2.24.04.1_amd64.deb ...
2026-10-10T13:36:37.9095594Z Unpacking libspeex1:amd64 (1.2.1-2ubuntu2.24.04.1) ...
2026-10-10T13:36:37.9247862Z Selecting previously unselected package libsvtav1enc1d1:amd64.
2026-10-10T13:36:37.9335816Z Preparing to unpack .../23-libsvtav1enc1d1_1.7.0+dfsg-2build1_amd64.deb ...
2026-10-10T13:36:37.9341671Z Unpacking libsvtav1enc1d1:amd64 (1.7.0+dfsg-2build1) ...
2026-10-10T13:36:37.9967328Z Selecting previously unselected package libsoxr0:amd64.
2026-10-10T13:36:38.0058879Z Preparing to unpack .../24-libsoxr0_0.1.3-4build3_amd64.deb ...
2026-10-10T13:36:38.0064170Z Unpacking libsoxr0:amd64 (0.1.3-4build3) ...
2026-10-10T13:36:38.0226977Z Selecting previously unselected package libswresample4:amd64.
2026-10-10T13:36:38.0318114Z Preparing to unpack .../25-libswresample4_7%3a6.1.1-3ubuntu5_amd64.deb ...
2026-10-10T13:36:38.0324296Z Unpacking libswresample4:amd64 (7:6.1.1-3ubuntu5) ...
2026-10-10T13:36:38.0483919Z Selecting previously unselected package libtheora0:amd64.
2026-10-10T13:36:38.0575958Z Preparing to unpack .../26-libtheora0_1.1.1+dfsg.1-16.1build3_amd64.deb ...
2026-10-10T13:36:38.0582619Z Unpacking libtheora0:amd64 (1.1.1+dfsg.1-16.1build3) ...
2026-10-10T13:36:38.0762990Z Selecting previously unselected package libtwolame0:amd64.
2026-10-10T13:36:38.0854866Z Preparing to unpack .../27-libtwolame0_0.4.0-2build3_amd64.deb ...
2026-10-10T13:36:38.0861030Z Unpacking libtwolame0:amd64 (0.4.0-2build3) ...
2026-10-10T13:36:38.1033014Z Selecting previously unselected package libvorbisenc2:amd64.
2026-10-10T13:36:38.1124571Z Preparing to unpack .../28-libvorbisenc2_1.3.7-1build3_amd64.deb ...
2026-10-10T13:36:38.1129335Z Unpacking libvorbisenc2:amd64 (1.3.7-1build3) ...
2026-10-10T13:36:38.1322415Z Selecting previously unselected package libvpx9:amd64.
2026-10-10T13:36:38.1413426Z Preparing to unpack .../29-libvpx9_1.14.0-1ubuntu2.3_amd64.deb ...
2026-10-10T13:36:38.1423350Z Unpacking libvpx9:amd64 (1.14.0-1ubuntu2.3) ...
2026-10-10T13:36:38.1746147Z Selecting previously unselected package libx264-164:amd64.
2026-10-10T13:36:38.1837915Z Preparing to unpack .../30-libx264-164_2%3a0.164.3108+git31e19f9-1_amd64.deb ...
2026-10-10T13:36:38.1843112Z Unpacking libx264-164:amd64 (2:0.164.3108+git31e19f9-1) ...
2026-10-10T13:36:38.2073297Z Selecting previously unselected package libx265-199:amd64.
2026-10-10T13:36:38.2165278Z Preparing to unpack .../31-libx265-199_3.5-2build1_amd64.deb ...
2026-10-10T13:36:38.2170762Z Unpacking libx265-199:amd64 (3.5-2build1) ...
2026-10-10T13:36:38.3490020Z Selecting previously unselected package libxvidcore4:amd64.
2026-10-10T13:36:38.3581210Z Preparing to unpack .../32-libxvidcore4_2%3a1.3.7-1build1_amd64.deb ...
2026-10-10T13:36:38.3587698Z Unpacking libxvidcore4:amd64 (2:1.3.7-1build1) ...
2026-10-10T13:36:38.3751149Z Selecting previously unselected package libzvbi-common.
2026-10-10T13:36:38.3842424Z Preparing to unpack .../33-libzvbi-common_0.2.42-2_all.deb ...
2026-10-10T13:36:38.3847836Z Unpacking libzvbi-common (0.2.42-2) ...
2026-10-10T13:36:38.4066409Z Selecting previously unselected package libzvbi0t64:amd64.
2026-10-10T13:36:38.4157465Z Preparing to unpack .../34-libzvbi0t64_0.2.42-2_amd64.deb ...
2026-10-10T13:36:38.4163350Z Unpacking libzvbi0t64:amd64 (0.2.42-2) ...
2026-10-10T13:36:38.4351473Z Selecting previously unselected package libavcodec60:amd64.
2026-10-10T13:36:38.4443510Z Preparing to unpack .../35-libavcodec60_7%3a6.1.1-3ubuntu5_amd64.deb ...
2026-10-10T13:36:38.4450058Z Unpacking libavcodec60:amd64 (7:6.1.1-3ubuntu5) ...
2026-10-10T13:36:38.5868748Z Preparing to unpack .../36-libfreetype6_2.13.2+dfsg-1ubuntu0.2_amd64.deb ...
2026-10-10T13:36:38.5886331Z Unpacking libfreetype6:amd64 (2.13.2+dfsg-1ubuntu0.2) over (2.13.2+dfsg-1ubuntu0.1) ...
2026-10-10T13:36:38.6079186Z Selecting previously unselected package xfonts-encodings.
2026-10-10T13:36:38.6172176Z Preparing to unpack .../37-xfonts-encodings_1%3a1.0.5-0ubuntu2_all.deb ...
2026-10-10T13:36:38.6178641Z Unpacking xfonts-encodings (1:1.0.5-0ubuntu2) ...
2026-10-10T13:36:38.6385138Z Selecting previously unselected package xfonts-utils.
2026-10-10T13:36:38.6476832Z Preparing to unpack .../38-xfonts-utils_1%3a7.7+6build3_amd64.deb ...
2026-10-10T13:36:38.6483095Z Unpacking xfonts-utils (1:7.7+6build3) ...
2026-10-10T13:36:38.6750282Z Selecting previously unselected package xfonts-cyrillic.
2026-10-10T13:36:38.6839961Z Preparing to unpack .../39-xfonts-cyrillic_1%3a1.0.5+nmu1_all.deb ...
2026-10-10T13:36:38.6845268Z Unpacking xfonts-cyrillic (1:1.0.5+nmu1) ...
2026-10-10T13:36:38.7870130Z Selecting previously unselected package xfonts-scalable.
2026-10-10T13:36:38.7963066Z Preparing to unpack .../40-xfonts-scalable_1%3a1.0.3-1.3_all.deb ...
2026-10-10T13:36:38.7969791Z Unpacking xfonts-scalable (1:1.0.3-1.3) ...
2026-10-10T13:36:38.8401665Z Setting up libhwy1t64:amd64 (1.0.7-8.1build1) ...
2026-10-10T13:36:38.8417309Z Setting up libspeex1:amd64 (1.2.1-2ubuntu2.24.04.1) ...
2026-10-10T13:36:38.8430593Z Setting up libshine3:amd64 (3.1.1-2build1) ...
2026-10-10T13:36:38.8445757Z Setting up libvpl2 (2023.3.0-1build1) ...
2026-10-10T13:36:38.8460000Z Setting up libx264-164:amd64 (2:0.164.3108+git31e19f9-1) ...
2026-10-10T13:36:38.8473587Z Setting up libtwolame0:amd64 (0.4.0-2build3) ...
2026-10-10T13:36:38.8487589Z Setting up libgsm1:amd64 (1.0.22-1build1) ...
2026-10-10T13:36:38.8501304Z Setting up libsoxr0:amd64 (0.1.3-4build3) ...
2026-10-10T13:36:38.8517332Z Setting up libcodec2-1.2:amd64 (1.2.0-2build1) ...
2026-10-10T13:36:38.8530857Z Setting up fonts-wqy-zenhei (0.9.45-8) ...
2026-10-10T13:36:38.8620211Z Setting up fonts-freefont-ttf (20211204+svn4273-2) ...
2026-10-10T13:36:38.8634886Z Setting up libsvtav1enc1d1:amd64 (1.7.0+dfsg-2build1) ...
2026-10-10T13:36:38.8652597Z Setting up libxvidcore4:amd64 (2:1.3.7-1build1) ...
2026-10-10T13:36:38.8666562Z Setting up librav1e0:amd64 (0.7.1-2) ...
2026-10-10T13:36:38.8679959Z Setting up librsvg2-2:amd64 (2.58.0+dfsg-1ubuntu0.1) ...
2026-10-10T13:36:38.8693671Z Setting up fonts-tlwg-loma-otf (1:0.7.3-1) ...
2026-10-10T13:36:38.8707659Z Setting up libva2:amd64 (2.20.0-2ubuntu0.2) ...
2026-10-10T13:36:38.8721327Z Setting up libfreetype6:amd64 (2.13.2+dfsg-1ubuntu0.2) ...
2026-10-10T13:36:38.8735284Z Setting up xfonts-encodings (1:1.0.5-0ubuntu2) ...
2026-10-10T13:36:38.8752889Z Setting up libopus0:amd64 (1.4-1build1) ...
2026-10-10T13:36:38.8766681Z Setting up libjxl0.7:amd64 (0.7.0-10.2ubuntu6.1) ...
2026-10-10T13:36:38.8779900Z Setting up libx265-199:amd64 (3.5-2build1) ...
2026-10-10T13:36:38.8793799Z Setting up libvpx9:amd64 (1.14.0-1ubuntu2.3) ...
2026-10-10T13:36:38.8806795Z Setting up libdav1d7:amd64 (1.4.1-1build1) ...
2026-10-10T13:36:38.8819938Z Setting up libva-drm2:amd64 (2.20.0-2ubuntu0.2) ...
2026-10-10T13:36:38.8833291Z Setting up fonts-ipafont-gothic (00303-21ubuntu1) ...
2026-10-10T13:36:38.8885787Z update-alternatives: using /usr/share/fonts/opentype/ipafont-gothic/ipag.ttf to provide /usr/share/fonts/truetype/fonts-japanese-gothic.ttf (fonts-japanese-gothic.ttf) in auto mode
2026-10-10T13:36:38.8897490Z Setting up ocl-icd-libopencl1:amd64 (2.3.2-1build1) ...
2026-10-10T13:36:38.8911284Z Setting up libvdpau1:amd64 (1.5-2build1) ...
2026-10-10T13:36:38.8931121Z Setting up libtheora0:amd64 (1.1.1+dfsg.1-16.1build3) ...
2026-10-10T13:36:38.8948298Z Setting up libva-x11-2:amd64 (2.20.0-2ubuntu0.2) ...
2026-10-10T13:36:38.8961908Z Setting up libzvbi-common (0.2.42-2) ...
2026-10-10T13:36:38.8976452Z Setting up libmp3lame0:amd64 (3.100-6build1) ...
2026-10-10T13:36:38.8990220Z Setting up libvorbisenc2:amd64 (1.3.7-1build3) ...
2026-10-10T13:36:38.9003760Z Setting up fonts-unifont (1:15.1.01-1build1) ...
2026-10-10T13:36:38.9017672Z Setting up libzvbi0t64:amd64 (0.2.42-2) ...
2026-10-10T13:36:38.9031116Z Setting up libavutil58:amd64 (7:6.1.1-3ubuntu5) ...
2026-10-10T13:36:38.9046657Z Setting up xfonts-utils (1:7.7+6build3) ...
2026-10-10T13:36:38.9077433Z Setting up libswresample4:amd64 (7:6.1.1-3ubuntu5) ...
2026-10-10T13:36:38.9091117Z Setting up libavcodec60:amd64 (7:6.1.1-3ubuntu5) ...
2026-10-10T13:36:38.9104731Z Setting up xfonts-cyrillic (1:1.0.5+nmu1) ...
2026-10-10T13:36:38.9310967Z Setting up xfonts-scalable (1:1.0.3-1.3) ...
2026-10-10T13:36:38.9506487Z Processing triggers for libc-bin (2.39-0ubuntu8.9) ...
2026-10-10T13:36:39.2046545Z Processing triggers for man-db (2.12.0-4build2) ...
2026-10-10T13:36:39.2066389Z Not building database; man-db/auto-update is not 'true'.
2026-10-10T13:36:39.2077351Z Processing triggers for fontconfig (2.15.0-1.1ubuntu2) ...
2026-10-10T13:36:39.7002580Z 
2026-10-10T13:36:39.7003174Z Running kernel seems to be up-to-date.
2026-10-10T13:36:39.7003414Z 
2026-10-10T13:36:39.7003506Z Restarting services...
2026-10-10T13:36:39.7061724Z  systemctl restart php8.3-fpm.service
2026-10-10T13:36:39.7873179Z 
2026-10-10T13:36:39.7874529Z No containers need to be restarted.
2026-10-10T13:36:39.7874703Z 
2026-10-10T13:36:39.7874972Z No user sessions are running outdated binaries.
2026-10-10T13:36:39.7875184Z 
2026-10-10T13:36:39.7875467Z No VM guests are running outdated hypervisor (qemu) binaries on this host.
2026-10-10T13:36:40.4491005Z Downloading Chrome for Testing 153.0.8010.12 (playwright chromium v1243) from https://cdn.playwright.dev/builds/cft/153.0.8010.12/linux64/chrome-linux64.zip
2026-10-10T13:36:40.7571503Z |                                                                                |   0% of 186.8 MiB
2026-10-10T13:36:40.9744371Z |■■■■■■■■                                                                        |  10% of 186.8 MiB
2026-10-10T13:36:41.0927729Z |■■■■■■■■■■■■■■■■                                                                |  20% of 186.8 MiB
2026-10-10T13:36:41.1843883Z |■■■■■■■■■■■■■■■■■■■■■■■■                                                        |  30% of 186.8 MiB
2026-10-10T13:36:41.3106750Z |■■■■■■■■■■■■■■■■■■■■■■■■■■■■■■■■                                                |  40% of 186.8 MiB
2026-10-10T13:36:41.4143651Z |■■■■■■■■■■■■■■■■■■■■■■■■■■■■■■■■■■■■■■■■                                        |  50% of 186.8 MiB
2026-10-10T13:36:41.5228767Z |■■■■■■■■■■■■■■■■■■■■■■■■■■■■■■■■■■■■■■■■■■■■■■■■                                |  60% of 186.8 MiB
2026-10-10T13:36:41.6348643Z |■■■■■■■■■■■■■■■■■■■■■■■■■■■■■■■■■■■■■■■■■■■■■■■■■■■■■■■■                        |  70% of 186.8 MiB
2026-10-10T13:36:41.7349103Z |■■■■■■■■■■■■■■■■■■■■■■■■■■■■■■■■■■■■■■■■■■■■■■■■■■■■■■■■■■■■■■■■                |  80% of 186.8 MiB
2026-10-10T13:36:41.8411780Z |■■■■■■■■■■■■■■■■■■■■■■■■■■■■■■■■■■■■■■■■■■■■■■■■■■■■■■■■■■■■■■■■■■■■■■■■        |  90% of 186.8 MiB
2026-10-10T13:36:41.9277559Z |■■■■■■■■■■■■■■■■■■■■■■■■■■■■■■■■■■■■■■■■■■■■■■■■■■■■■■■■■■■■■■■■■■■■■■■■■■■■■■■■| 100% of 186.8 MiB
2026-10-10T13:36:43.9625241Z Chrome for Testing 153.0.8010.12 (playwright chromium v1243) downloaded to /home/runner/.cache/ms-playwright/chromium-1243
2026-10-10T13:36:43.9628984Z Downloading FFmpeg (playwright ffmpeg v1011) from https://cdn.playwright.dev/dbazure/download/playwright/builds/ffmpeg/1011/ffmpeg-linux.zip
2026-10-10T13:36:44.2470406Z |                                                                                |   0% of 2.3 MiB
2026-10-10T13:36:44.2847535Z |■■■■■■■■                                                                        |  10% of 2.3 MiB
2026-10-10T13:36:44.2990787Z |■■■■■■■■■■■■■■■■                                                                |  20% of 2.3 MiB
2026-10-10T13:36:44.3119979Z |■■■■■■■■■■■■■■■■■■■■■■■■                                                        |  30% of 2.3 MiB
2026-10-10T13:36:44.3246962Z |■■■■■■■■■■■■■■■■■■■■■■■■■■■■■■■■                                                |  40% of 2.3 MiB
2026-10-10T13:36:44.3264427Z |■■■■■■■■■■■■■■■■■■■■■■■■■■■■■■■■■■■■■■■■                                        |  50% of 2.3 MiB
2026-10-10T13:36:44.3382512Z |■■■■■■■■■■■■■■■■■■■■■■■■■■■■■■■■■■■■■■■■■■■■■■■■                                |  60% of 2.3 MiB
2026-10-10T13:36:44.3397630Z |■■■■■■■■■■■■■■■■■■■■■■■■■■■■■■■■■■■■■■■■■■■■■■■■■■■■■■■■                        |  70% of 2.3 MiB
2026-10-10T13:36:44.3417029Z |■■■■■■■■■■■■■■■■■■■■■■■■■■■■■■■■■■■■■■■■■■■■■■■■■■■■■■■■■■■■■■■■                |  80% of 2.3 MiB
2026-10-10T13:36:44.3517660Z |■■■■■■■■■■■■■■■■■■■■■■■■■■■■■■■■■■■■■■■■■■■■■■■■■■■■■■■■■■■■■■■■■■■■■■■■        |  90% of 2.3 MiB
2026-10-10T13:36:44.3528432Z |■■■■■■■■■■■■■■■■■■■■■■■■■■■■■■■■■■■■■■■■■■■■■■■■■■■■■■■■■■■■■■■■■■■■■■■■■■■■■■■■| 100% of 2.3 MiB
2026-10-10T13:36:44.3903138Z FFmpeg (playwright ffmpeg v1011) downloaded to /home/runner/.cache/ms-playwright/ffmpeg-1011
2026-10-10T13:36:44.3904900Z Downloading Chrome Headless Shell 153.0.8010.12 (playwright chromium-headless-shell v1243) from https://cdn.playwright.dev/builds/cft/153.0.8010.12/linux64/chrome-headless-shell-linux64.zip
2026-10-10T13:36:44.6917758Z |                                                                                |   0% of 114.3 MiB
2026-10-10T13:36:44.8732645Z |■■■■■■■■                                                                        |  10% of 114.3 MiB
2026-10-10T13:36:44.9883690Z |■■■■■■■■■■■■■■■■                                                                |  20% of 114.3 MiB
2026-10-10T13:36:45.2952698Z |■■■■■■■■■■■■■■■■■■■■■■■■                                                        |  30% of 114.3 MiB
2026-10-10T13:36:45.3922148Z |■■■■■■■■■■■■■■■■■■■■■■■■■■■■■■■■                                                |  40% of 114.3 MiB
2026-10-10T13:36:45.5564163Z |■■■■■■■■■■■■■■■■■■■■■■■■■■■■■■■■■■■■■■■■                                        |  50% of 114.3 MiB
2026-10-10T13:36:45.6415965Z |■■■■■■■■■■■■■■■■■■■■■■■■■■■■■■■■■■■■■■■■■■■■■■■■                                |  60% of 114.3 MiB
2026-10-10T13:36:45.7411076Z |■■■■■■■■■■■■■■■■■■■■■■■■■■■■■■■■■■■■■■■■■■■■■■■■■■■■■■■■                        |  70% of 114.3 MiB
2026-10-10T13:36:45.8085142Z |■■■■■■■■■■■■■■■■■■■■■■■■■■■■■■■■■■■■■■■■■■■■■■■■■■■■■■■■■■■■■■■■                |  80% of 114.3 MiB
2026-10-10T13:36:45.9022005Z |■■■■■■■■■■■■■■■■■■■■■■■■■■■■■■■■■■■■■■■■■■■■■■■■■■■■■■■■■■■■■■■■■■■■■■■■        |  90% of 114.3 MiB
2026-10-10T13:36:46.0047934Z |■■■■■■■■■■■■■■■■■■■■■■■■■■■■■■■■■■■■■■■■■■■■■■■■■■■■■■■■■■■■■■■■■■■■■■■■■■■■■■■■| 100% of 114.3 MiB
2026-10-10T13:36:47.4701159Z Chrome Headless Shell 153.0.8010.12 (playwright chromium-headless-shell v1243) downloaded to /home/runner/.cache/ms-playwright/chromium_headless_shell-1243
2026-10-10T13:36:47.4703840Z Downloading Firefox 155.0 (playwright firefox v1543) from https://cdn.playwright.dev/dbazure/download/playwright/builds/firefox/1543/firefox-ubuntu-24.04.zip
2026-10-10T13:36:47.7561769Z |                                                                                |   0% of 109.5 MiB
2026-10-10T13:36:47.9196866Z |■■■■■■■■                                                                        |  10% of 109.5 MiB
2026-10-10T13:36:47.9617498Z |■■■■■■■■■■■■■■■■                                                                |  20% of 109.5 MiB
2026-10-10T13:36:47.9861659Z |■■■■■■■■■■■■■■■■■■■■■■■■                                                        |  30% of 109.5 MiB
2026-10-10T13:36:48.0124131Z |■■■■■■■■■■■■■■■■■■■■■■■■■■■■■■■■                                                |  40% of 109.5 MiB
2026-10-10T13:36:48.0468795Z |■■■■■■■■■■■■■■■■■■■■■■■■■■■■■■■■■■■■■■■■                                        |  50% of 109.5 MiB
2026-10-10T13:36:48.0633464Z |■■■■■■■■■■■■■■■■■■■■■■■■■■■■■■■■■■■■■■■■■■■■■■■■                                |  60% of 109.5 MiB
2026-10-10T13:36:48.0885367Z |■■■■■■■■■■■■■■■■■■■■■■■■■■■■■■■■■■■■■■■■■■■■■■■■■■■■■■■■                        |  70% of 109.5 MiB
2026-10-10T13:36:48.1249887Z |■■■■■■■■■■■■■■■■■■■■■■■■■■■■■■■■■■■■■■■■■■■■■■■■■■■■■■■■■■■■■■■■                |  80% of 109.5 MiB
2026-10-10T13:36:48.1549953Z |■■■■■■■■■■■■■■■■■■■■■■■■■■■■■■■■■■■■■■■■■■■■■■■■■■■■■■■■■■■■■■■■■■■■■■■■        |  90% of 109.5 MiB
2026-10-10T13:36:48.1867840Z |■■■■■■■■■■■■■■■■■■■■■■■■■■■■■■■■■■■■■■■■■■■■■■■■■■■■■■■■■■■■■■■■■■■■■■■■■■■■■■■■| 100% of 109.5 MiB
2026-10-10T13:36:49.5921250Z Firefox 155.0 (playwright firefox v1543) downloaded to /home/runner/.cache/ms-playwright/firefox-1543
2026-10-10T13:36:49.6971307Z ##[group]Run npm run verify
2026-10-10T13:36:49.6971486Z [36;1mnpm run verify[0m
2026-10-10T13:36:49.7021145Z shell: /usr/bin/bash -e {0}
2026-10-10T13:36:49.7021295Z ##[endgroup]
2026-10-10T13:36:49.7677105Z 
2026-10-10T13:36:49.7680234Z > botsales-frontend@0.1.0 verify
2026-10-10T13:36:49.7681719Z > npm run generate:check && npm run test:source && npm run boundaries && npm run lint && npm run typecheck && npm run test:domain && npm test && npm run build && npm run test:layout && npm run test:visual-tokens && npm run test:ui-composition && npm run test:evidence
2026-10-10T13:36:49.7682670Z 
2026-10-10T13:36:49.8404457Z 
2026-10-10T13:36:49.8404990Z > botsales-frontend@0.1.0 generate:check
2026-10-10T13:36:49.8405278Z > node scripts/generate.mjs --check
2026-10-10T13:36:49.8405386Z 
2026-10-10T13:36:49.9720962Z {"status":"PASS","outputs":15,"schemas":346,"operations":245,"routes":61}
2026-10-10T13:36:50.0504554Z 
2026-10-10T13:36:50.0505297Z > botsales-frontend@0.1.0 test:source
2026-10-10T13:36:50.0505835Z > node scripts/check-source.mjs && node --test tests/source-checker.test.mjs
2026-10-10T13:36:50.5711436Z 
2026-10-10T13:36:50.5711992Z {
2026-10-10T13:36:50.5713661Z   "checkedAt": "2026-10-10T13:36:50.469Z",
2026-10-10T13:36:50.5714512Z   "scope": "Syntax, operation identifiers, route-source mapping, permissions and token adoption. NOT React typecheck, build or browser test.",
2026-10-10T13:36:50.5716055Z   "compiler": "5.9.2",
2026-10-10T13:36:50.5716547Z   "compilerSource": "project dependency",
2026-10-10T13:36:50.5716790Z   "files": 85,
2026-10-10T13:36:50.5716980Z   "operationCalls": 262,
2026-10-10T13:36:50.5717179Z   "routes": 61,
2026-10-10T13:36:50.5717358Z   "issues": [],
2026-10-10T13:36:50.5718962Z   "status": "PASS"
2026-10-10T13:36:50.5719147Z }
2026-10-10T13:36:51.1987739Z ✔ module path classification accepts Windows and POSIX spellings, but excludes app files (1.069107ms)
2026-10-10T13:36:51.1988906Z ✔ the source-checker CLI rejects a prohibited color literal in a module (166.901594ms)
2026-10-10T13:36:51.1989643Z ✔ the source-checker CLI accepts a token-based module and leaves app-level colors outside the rule (350.384022ms)
2026-10-10T13:36:51.2060531Z ℹ tests 3
2026-10-10T13:36:51.2060741Z ℹ suites 0
2026-10-10T13:36:51.2060915Z ℹ pass 3
2026-10-10T13:36:51.2061090Z ℹ fail 0
2026-10-10T13:36:51.2061270Z ℹ cancelled 0
2026-10-10T13:36:51.2061453Z ℹ skipped 0
2026-10-10T13:36:51.2061632Z ℹ todo 0
2026-10-10T13:36:51.2061852Z ℹ duration_ms 589.123377
2026-10-10T13:36:51.2692544Z 
2026-10-10T13:36:51.2693152Z > botsales-frontend@0.1.0 boundaries
2026-10-10T13:36:51.2693508Z > node scripts/check-boundaries.mjs
2026-10-10T13:36:51.2693663Z 
2026-10-10T13:36:52.9205989Z {
2026-10-10T13:36:52.9206357Z   "checkedAt": "2026-10-10T13:36:52.919Z",
2026-10-10T13:36:52.9206935Z   "scope": "AST imports resolve aliases/relative paths, module boundaries and cycles; parser diagnostics are errors",
2026-10-10T13:36:52.9207488Z   "files": 85,
2026-10-10T13:36:52.9207687Z   "imports": 722,
2026-10-10T13:36:52.9208351Z   "negativeFixtures": "Boundary fixtures: PASS 10/10 scenarios (allowed shared/public imports, alias, relative, app deep import, type-only, dynamic, unresolved, cycle, parser error).",
2026-10-10T13:36:52.9208983Z   "status": "PASS",
2026-10-10T13:36:52.9209171Z   "issues": []
2026-10-10T13:36:52.9209344Z }
2026-10-10T13:36:53.0009579Z 
2026-10-10T13:36:53.0010309Z > botsales-frontend@0.1.0 lint
2026-10-10T13:36:53.0010580Z > eslint apps/web/src --max-warnings 0
2026-10-10T13:36:53.0010700Z 
2026-10-10T13:36:55.3668132Z 
2026-10-10T13:36:55.3668717Z > botsales-frontend@0.1.0 typecheck
2026-10-10T13:36:55.3669166Z > tsc -p apps/web/tsconfig.json --noEmit
2026-10-10T13:36:55.3669357Z 
2026-10-10T13:36:59.8067108Z 
2026-10-10T13:36:59.8067769Z > botsales-frontend@0.1.0 test:domain
2026-10-10T13:36:59.8068099Z > node scripts/test-domain.mjs
2026-10-10T13:36:59.8068200Z 
2026-10-10T13:37:04.9843864Z {"status":"PASS","simulatorChecks":86,"networkChecks":31,"networkHandlers":245,"passed":117,"operations":100,"node":"v24.21.0","typescript":"5.9.2"}
2026-10-10T13:37:05.0891351Z 
2026-10-10T13:37:05.0891813Z > botsales-frontend@0.1.0 test
2026-10-10T13:37:05.0892240Z > vitest run --config apps/web/vitest.config.ts
2026-10-10T13:37:05.0892438Z 
2026-10-10T13:37:05.2575088Z 
2026-10-10T13:37:05.2578155Z [1m[30m[46m RUN [49m[39m[22m [36mv5.0.3 [39m[90m/home/runner/work/Bot-AI-Ban-hang-FB/Bot-AI-Ban-hang-FB/BotSalesAI_Frontend[39m
2026-10-10T13:37:05.2578656Z 
2026-10-10T13:37:06.9416267Z  [32m✓[39m apps/web/tests/api-client.test.tsx [2m([22m[2m25 tests[22m[2m)[22m[33m 891[2mms[22m[39m
2026-10-10T13:37:06.9455380Z    [32m✓[39m typed HTTP boundary [2m(25)[22m
2026-10-10T13:37:06.9462643Z      [33m[2m✓[22m[39m waits for command completion after HTTP 202 before resolving useCommand[33m 417[2mms[22m[39m
2026-10-10T13:37:06.9464997Z      [33m[2m✓[22m[39m keeps an accepted command unresolved when command status polling fails[33m 406[2mms[22m[39m
2026-10-10T13:37:07.8166816Z  [32m✓[39m apps/web/tests/purchase-delegation.test.ts [2m([22m[2m7 tests[22m[2m)[22m[32m 125[2mms[22m[39m
2026-10-10T13:37:08.0602474Z [90mstderr[2m | apps/web/tests/shared-ui-render-contract.test.tsx[2m > [22m[2mS10 shared component rendered-slot contract[2m > [22m[2mEditDialog guards custom actions and the Escape close path for dirty and busy states
2026-10-10T13:37:08.0635684Z [22m[39mAn update to ForwardRef(FormControl) inside a test was not wrapped in act(...).
2026-10-10T13:37:08.0636087Z 
2026-10-10T13:37:08.0681982Z When testing, code that causes React state updates should be wrapped into act(...):
2026-10-10T13:37:08.0724498Z 
2026-10-10T13:37:08.0724925Z act(() => {
2026-10-10T13:37:08.0725241Z   /* fire events that update state */
2026-10-10T13:37:08.0725523Z });
2026-10-10T13:37:08.0726315Z /* assert on the output */
2026-10-10T13:37:08.0726465Z 
2026-10-10T13:37:08.0726991Z This ensures that you're testing the behavior the user would see in the browser. Learn more at https://react.dev/link/wrap-tests-with-act
2026-10-10T13:37:08.0727684Z An update to ForwardRef(FormControl) inside a test was not wrapped in act(...).
2026-10-10T13:37:08.0727952Z 
2026-10-10T13:37:08.0728235Z When testing, code that causes React state updates should be wrapped into act(...):
2026-10-10T13:37:08.0728526Z 
2026-10-10T13:37:08.0728606Z act(() => {
2026-10-10T13:37:08.0728818Z   /* fire events that update state */
2026-10-10T13:37:08.0729037Z });
2026-10-10T13:37:08.0729228Z /* assert on the output */
2026-10-10T13:37:08.0729359Z 
2026-10-10T13:37:08.0729834Z This ensures that you're testing the behavior the user would see in the browser. Learn more at https://react.dev/link/wrap-tests-with-act
2026-10-10T13:37:08.0730224Z 
2026-10-10T13:37:08.0731422Z [90mstderr[2m | apps/web/tests/shared-ui-render-contract.test.tsx[2m > [22m[2mS10 shared component rendered-slot contract[2m > [22m[2mEditDialog guards custom actions and the Escape close path for dirty and busy states
2026-10-10T13:37:08.0732891Z [22m[39mA component suspended inside an `act` scope, but the `act` call was not awaited. When testing React components that depend on asynchronous data, you must await the result:
2026-10-10T13:37:08.0733435Z 
2026-10-10T13:37:08.0733533Z await act(() => ...)
2026-10-10T13:37:08.0733655Z 
2026-10-10T13:37:08.5908133Z [90mstderr[2m | apps/web/tests/shared-ui-render-contract.test.tsx[2m > [22m[2mS10 shared component rendered-slot contract[2m > [22m[2mEditDialog guards custom actions and the backdrop close path for dirty and busy states
2026-10-10T13:37:08.5935344Z [22m[39mAn update to ForwardRef(FormControl) inside a test was not wrapped in act(...).
2026-10-10T13:37:08.5953432Z 
2026-10-10T13:37:08.5954277Z When testing, code that causes React state updates should be wrapped into act(...):
2026-10-10T13:37:08.5954729Z 
2026-10-10T13:37:08.5954883Z act(() => {
2026-10-10T13:37:08.5955197Z   /* fire events that update state */
2026-10-10T13:37:08.5955502Z });
2026-10-10T13:37:08.5956183Z /* assert on the output */
2026-10-10T13:37:08.5956408Z 
2026-10-10T13:37:08.5956978Z This ensures that you're testing the behavior the user would see in the browser. Learn more at https://react.dev/link/wrap-tests-with-act
2026-10-10T13:37:08.5957769Z An update to ForwardRef(FormControl) inside a test was not wrapped in act(...).
2026-10-10T13:37:08.5958152Z 
2026-10-10T13:37:08.5958512Z When testing, code that causes React state updates should be wrapped into act(...):
2026-10-10T13:37:08.5958862Z 
2026-10-10T13:37:08.5959017Z act(() => {
2026-10-10T13:37:08.5959368Z   /* fire events that update state */
2026-10-10T13:37:08.5959675Z });
2026-10-10T13:37:08.5959936Z /* assert on the output */
2026-10-10T13:37:08.5960145Z 
2026-10-10T13:37:08.5960682Z This ensures that you're testing the behavior the user would see in the browser. Learn more at https://react.dev/link/wrap-tests-with-act
2026-10-10T13:37:08.5961191Z 
2026-10-10T13:37:08.7128975Z  [32m✓[39m apps/web/tests/privacy-consent.test.ts [2m([22m[2m6 tests[22m[2m)[22m[32m 132[2mms[22m[39m
2026-10-10T13:37:09.5755885Z  [32m✓[39m apps/web/tests/command-lifetime.test.tsx [2m([22m[2m11 tests[22m[2m)[22m[32m 134[2mms[22m[39m
2026-10-10T13:37:10.3087905Z  [32m✓[39m apps/web/tests/media-inbox.test.ts [2m([22m[2m6 tests[22m[2m)[22m[32m 100[2mms[22m[39m
2026-10-10T13:37:10.4589837Z  [32m✓[39m apps/web/tests/shared-ui-render-contract.test.tsx [2m([22m[2m54 tests[22m[2m)[22m[33m 4167[2mms[22m[39m
2026-10-10T13:37:10.4594325Z    [32m✓[39m S10 shared component rendered-slot contract [2m(30)[22m
2026-10-10T13:37:10.4595139Z      [33m[2m✓[22m[39m DraftConflict requires a two-sided choice, excludes hidden data, and applies only to the draft[33m 369[2mms[22m[39m
2026-10-10T13:37:10.4596063Z      [33m[2m✓[22m[39m EditDialog guards custom actions and the footer close path for dirty and busy states[33m 410[2mms[22m[39m
2026-10-10T13:37:10.4597492Z      [33m[2m✓[22m[39m EditDialog guards custom actions and the icon close path for dirty and busy states[33m 480[2mms[22m[39m
2026-10-10T13:37:10.4598418Z      [33m[2m✓[22m[39m EditDialog guards custom actions and the Escape close path for dirty and busy states[33m 476[2mms[22m[39m
2026-10-10T13:37:10.4599359Z      [33m[2m✓[22m[39m EditDialog guards custom actions and the backdrop close path for dirty and busy states[33m 554[2mms[22m[39m
2026-10-10T13:37:10.4600323Z      [33m[2m✓[22m[39m ConfirmDialog validates the reason and keeps a rejected action visible[33m 850[2mms[22m[39m
2026-10-10T13:37:11.7199278Z  [32m✓[39m apps/web/tests/scope-events.test.tsx [2m([22m[2m18 tests[22m[2m)[22m[32m 47[2mms[22m[39m
2026-10-10T13:37:12.1850603Z  [32m✓[39m apps/web/tests/versioned-draft.test.tsx [2m([22m[2m7 tests[22m[2m)[22m[32m 23[2mms[22m[39m
2026-10-10T13:37:12.5576023Z  [32m✓[39m apps/web/tests/states/fe023-state.test.tsx [2m([22m[2m12 tests[22m[2m)[22m[33m 1158[2mms[22m[39m
2026-10-10T13:37:12.5577194Z    [32m✓[39m FE023 shared state and form behavior [2m(12)[22m
2026-10-10T13:37:12.5578100Z      [33m[2m✓[22m[39m asks before closing a dialog with a dirty field and keeps the field until discard is chosen[33m 828[2mms[22m[39m
2026-10-10T13:37:12.5742107Z  [32m✓[39m apps/web/tests/fe021-source-map.test.ts [2m([22m[2m3 tests[22m[2m)[22m[32m 7[2mms[22m[39m
2026-10-10T13:37:13.0036364Z  [32m✓[39m apps/web/tests/marketing-report.test.ts [2m([22m[2m11 tests[22m[2m)[22m[32m 28[2mms[22m[39m
2026-10-10T13:37:13.5038811Z  [32m✓[39m apps/web/tests/timezone.test.ts [2m([22m[2m10 tests[22m[2m)[22m[32m 21[2mms[22m[39m
2026-10-10T13:37:13.5667616Z [BABEL] Note: The code generator has deoptimised the styling of /tmp/botsales-vite-cache/2fbc71299afedf720605/direct-vite/3825/deps/react-dom_client.js?v=10a565a1 as it exceeds the max of 500KB.
2026-10-10T13:37:13.5680854Z  [32m✓[39m apps/web/tests/components.test.tsx [2m([22m[2m25 tests[22m[2m)[22m[33m 7273[2mms[22m[39m
2026-10-10T13:37:13.5704903Z    [32m✓[39m Accessible shared presentation [2m(19)[22m
2026-10-10T13:37:13.5707765Z      [33m[2m✓[22m[39m reflows the real mock application from 320px to 1440px and passes browser axe[33m 6096[2mms[22m[39m
2026-10-10T13:37:13.8815677Z  [32m✓[39m apps/web/tests/confirmation.test.tsx [2m([22m[2m4 tests[22m[2m)[22m[33m 426[2mms[22m[39m
2026-10-10T13:37:14.1223338Z  [32m✓[39m apps/web/tests/format.test.ts [2m([22m[2m12 tests[22m[2m)[22m[32m 22[2mms[22m[39m
2026-10-10T13:37:14.3735010Z  [32m✓[39m apps/web/tests/report-utils.test.ts [2m([22m[2m6 tests[22m[2m)[22m[32m 16[2mms[22m[39m
2026-10-10T13:37:14.5541606Z  [32m✓[39m apps/web/tests/domain-labels.test.ts [2m([22m[2m3 tests[22m[2m)[22m[32m 11[2mms[22m[39m
2026-10-10T13:37:14.7131872Z  [32m✓[39m apps/web/tests/composition.test.tsx [2m([22m[2m3 tests[22m[2m)[22m[32m 239[2mms[22m[39m
2026-10-10T13:37:14.8034688Z  [32m✓[39m apps/web/tests/catalog-import-file.test.ts [2m([22m[2m5 tests[22m[2m)[22m[32m 4[2mms[22m[39m
2026-10-10T13:37:15.0045995Z  [32m✓[39m apps/web/tests/push-capabilities.test.ts [2m([22m[2m2 tests[22m[2m)[22m[32m 3[2mms[22m[39m
2026-10-10T13:37:15.2293696Z  [32m✓[39m apps/web/tests/list-return.test.ts [2m([22m[2m3 tests[22m[2m)[22m[32m 4[2mms[22m[39m
2026-10-10T13:37:15.4147099Z  [32m✓[39m apps/web/tests/route-metadata.test.ts [2m([22m[2m2 tests[22m[2m)[22m[32m 22[2mms[22m[39m
2026-10-10T13:37:15.5337343Z  [32m✓[39m apps/web/tests/dashboard-labels.test.ts [2m([22m[2m3 tests[22m[2m)[22m[32m 3[2mms[22m[39m
2026-10-10T13:37:15.5419396Z 
2026-10-10T13:37:15.5425624Z [2m Test Files [22m [1m[32m23 passed[39m[22m[90m (23)[39m
2026-10-10T13:37:15.5426247Z [2m      Tests [22m [1m[32m238 passed[39m[22m[90m (238)[39m
2026-10-10T13:37:15.5427024Z [2m   Start at [22m 13:37:05
2026-10-10T13:37:15.5427597Z [2m   Duration [22m 10.28s[2m (tests 53%, environment 24%, import 15%, transform 4%, setup 4%)[22m
2026-10-10T13:37:15.5436742Z 
2026-10-10T13:37:15.5437502Z [2m    Isolate [22m [33m23 workers spawned[39m[2m · ~383ms startup each (spawn + environment, per file)[22m
2026-10-10T13:37:15.5438069Z [2m            [22m [2mat least ~2.55s faster with [22m[33misolate: false[39m[2m — reuses workers across files instead of one per file[22m
2026-10-10T13:37:15.5438314Z 
2026-10-10T13:37:15.6382133Z 
2026-10-10T13:37:15.6382673Z > botsales-frontend@0.1.0 build
2026-10-10T13:37:15.6383046Z > npm run generate:check && npm run typecheck && npm run build --workspace @botsales/web
2026-10-10T13:37:15.6383224Z 
2026-10-10T13:37:15.7013639Z 
2026-10-10T13:37:15.7014384Z > botsales-frontend@0.1.0 generate:check
2026-10-10T13:37:15.7014727Z > node scripts/generate.mjs --check
2026-10-10T13:37:15.7014834Z 
2026-10-10T13:37:15.8052040Z {"status":"PASS","outputs":15,"schemas":346,"operations":245,"routes":61}
2026-10-10T13:37:15.8742308Z 
2026-10-10T13:37:15.8742896Z > botsales-frontend@0.1.0 typecheck
2026-10-10T13:37:15.8743180Z > tsc -p apps/web/tsconfig.json --noEmit
2026-10-10T13:37:15.8743294Z 
2026-10-10T13:37:20.3076394Z 
2026-10-10T13:37:20.3077145Z > @botsales/web@0.1.0 build
2026-10-10T13:37:20.3077428Z > vite build --mode production
2026-10-10T13:37:20.3077530Z 
2026-10-10T13:37:20.4398089Z [36mvite v7.3.6 [32mbuilding client environment for production...[36m[39m
2026-10-10T13:37:20.4824433Z transforming...
2026-10-10T13:37:24.1524324Z [32m✓[39m 2077 modules transformed.
2026-10-10T13:37:24.5515874Z rendering chunks...
2026-10-10T13:37:24.6938026Z computing gzip size...
2026-10-10T13:37:24.7096310Z [2mdist/[22m[32mindex.html                            [39m[1m[2m  1.23 kB[22m[1m[22m[2m │ gzip:   0.61 kB[22m
2026-10-10T13:37:24.7097179Z [2mdist/[22m[2massets/[22m[35mindex-BQPx7lJM.css             [39m[1m[2m  3.56 kB[22m[1m[22m[2m │ gzip:   1.33 kB[22m
2026-10-10T13:37:24.7099992Z [2mdist/[22m[2massets/[22m[36mdownload-8lJFmiSZ.js           [39m[1m[2m  0.23 kB[22m[1m[22m[2m │ gzip:   0.17 kB[22m
2026-10-10T13:37:24.7100809Z [2mdist/[22m[2massets/[22m[36mfilters-CM07jGKE.js            [39m[1m[2m  0.32 kB[22m[1m[22m[2m │ gzip:   0.25 kB[22m
2026-10-10T13:37:24.7104907Z [2mdist/[22m[2massets/[22m[36mhooks-L2nh8X7I.js              [39m[1m[2m  4.59 kB[22m[1m[22m[2m │ gzip:   2.15 kB[22m
2026-10-10T13:37:24.7105686Z [2mdist/[22m[2massets/[22m[36mdraft-conflict-CQUoJQ4o.js     [39m[1m[2m  5.37 kB[22m[1m[22m[2m │ gzip:   2.49 kB[22m
2026-10-10T13:37:24.7106419Z [2mdist/[22m[2massets/[22m[36mindex-mquMxiPF.js              [39m[1m[2m  8.25 kB[22m[1m[22m[2m │ gzip:   3.27 kB[22m
2026-10-10T13:37:24.7106934Z [2mdist/[22m[2massets/[22m[36mindex-CiWOs-TV.js              [39m[1m[2m  9.42 kB[22m[1m[22m[2m │ gzip:   3.73 kB[22m
2026-10-10T13:37:24.7107426Z [2mdist/[22m[2massets/[22m[36mindex-DQGrQuEv.js              [39m[1m[2m 13.14 kB[22m[1m[22m[2m │ gzip:   5.19 kB[22m
2026-10-10T13:37:24.7107896Z [2mdist/[22m[2massets/[22m[36mindex-OVGPogNo.js              [39m[1m[2m 15.39 kB[22m[1m[22m[2m │ gzip:   5.90 kB[22m
2026-10-10T13:37:24.7108358Z [2mdist/[22m[2massets/[22m[36mindex-Bd9mcE3C.js              [39m[1m[2m 16.98 kB[22m[1m[22m[2m │ gzip:   5.58 kB[22m
2026-10-10T13:37:24.7108814Z [2mdist/[22m[2massets/[22m[36mindex-Bg61UgeK.js              [39m[1m[2m 16.99 kB[22m[1m[22m[2m │ gzip:   5.81 kB[22m
2026-10-10T13:37:24.7109277Z [2mdist/[22m[2massets/[22m[36mindex-PCRh2M1X.js              [39m[1m[2m 18.85 kB[22m[1m[22m[2m │ gzip:   6.33 kB[22m
2026-10-10T13:37:24.7109754Z [2mdist/[22m[2massets/[22m[36mindex-BUtDDvPf.js              [39m[1m[2m 19.08 kB[22m[1m[22m[2m │ gzip:   7.02 kB[22m
2026-10-10T13:37:24.7110217Z [2mdist/[22m[2massets/[22m[36mindex-CvmCKMdV.js              [39m[1m[2m 20.90 kB[22m[1m[22m[2m │ gzip:   6.92 kB[22m
2026-10-10T13:37:24.7110856Z [2mdist/[22m[2massets/[22m[36mindex-Dzt3sNfY.js              [39m[1m[2m 21.23 kB[22m[1m[22m[2m │ gzip:   7.65 kB[22m
2026-10-10T13:37:24.7111316Z [2mdist/[22m[2massets/[22m[36mindex-RfTtRmBG.js              [39m[1m[2m 24.80 kB[22m[1m[22m[2m │ gzip:   8.25 kB[22m
2026-10-10T13:37:24.7111773Z [2mdist/[22m[2massets/[22m[36mindex-DWs4xu4k.js              [39m[1m[2m 25.06 kB[22m[1m[22m[2m │ gzip:   8.46 kB[22m
2026-10-10T13:37:24.7112228Z [2mdist/[22m[2massets/[22m[36mindex-BSXDucyP.js              [39m[1m[2m 30.93 kB[22m[1m[22m[2m │ gzip:   9.93 kB[22m
2026-10-10T13:37:24.7112689Z [2mdist/[22m[2massets/[22m[36mindex-DattA6PL.js              [39m[1m[2m 32.48 kB[22m[1m[22m[2m │ gzip:  10.82 kB[22m
2026-10-10T13:37:24.7113149Z [2mdist/[22m[2massets/[22m[36mquery-Df7VyXaF.js              [39m[1m[2m 33.15 kB[22m[1m[22m[2m │ gzip:   9.92 kB[22m
2026-10-10T13:37:24.7113617Z [2mdist/[22m[2massets/[22m[36mindex-WDyY7fx-.js              [39m[1m[2m 42.03 kB[22m[1m[22m[2m │ gzip:  11.49 kB[22m
2026-10-10T13:37:24.7114296Z [2mdist/[22m[2massets/[22m[36mi18n-D4N_7Z3Q.js               [39m[1m[2m 46.14 kB[22m[1m[22m[2m │ gzip:  15.12 kB[22m
2026-10-10T13:37:24.7114755Z [2mdist/[22m[2massets/[22m[36mindex-BeRebE9w.js              [39m[1m[2m 64.28 kB[22m[1m[22m[2m │ gzip:  17.67 kB[22m
2026-10-10T13:37:24.7115221Z [2mdist/[22m[2massets/[22m[36mschemas-CoWCwirf.js            [39m[1m[2m 85.75 kB[22m[1m[22m[2m │ gzip:  25.72 kB[22m
2026-10-10T13:37:24.7115684Z [2mdist/[22m[2massets/[22m[36mindex-DgXyZ4_1.js              [39m[1m[2m100.89 kB[22m[1m[22m[2m │ gzip:  32.02 kB[22m
2026-10-10T13:37:24.7116165Z [2mdist/[22m[2massets/[22m[36mschema-validation-B78jEm7B.js  [39m[1m[2m149.80 kB[22m[1m[22m[2m │ gzip:  45.12 kB[22m
2026-10-10T13:37:24.7116659Z [2mdist/[22m[2massets/[22m[36mreact-runtime-gLMyUIL2.js      [39m[1m[2m279.79 kB[22m[1m[22m[2m │ gzip:  90.28 kB[22m
2026-10-10T13:37:24.7117275Z [2mdist/[22m[2massets/[22m[36mcharts-BwhaRlrs.js             [39m[1m[2m320.23 kB[22m[1m[22m[2m │ gzip:  96.79 kB[22m
2026-10-10T13:37:24.7117740Z [2mdist/[22m[2massets/[22m[36mmui-CJj7QyVx.js                [39m[1m[2m328.77 kB[22m[1m[22m[2m │ gzip: 100.20 kB[22m
2026-10-10T13:37:24.7118213Z [2mdist/[22m[2massets/[22m[36mcontract-data-BRT-TOMX.js      [39m[1m[2m368.62 kB[22m[1m[22m[2m │ gzip:  42.83 kB[22m
2026-10-10T13:37:24.7118523Z [32m✓ built in 4.25s[39m
2026-10-10T13:37:24.8530843Z 
2026-10-10T13:37:24.8531493Z > botsales-frontend@0.1.0 test:layout
2026-10-10T13:37:24.8531996Z > node --test tests/layout-checker.test.mjs tests/ui-layout-binding-gates.test.mjs && node scripts/check-layout.mjs
2026-10-10T13:37:24.8532246Z 
2026-10-10T13:37:56.0965153Z ✔ CSS label gap accepts the canonical direct pixel constructor and its exact owner/property (1339.339068ms)
2026-10-10T13:37:56.0966686Z ✔ CSS label gap cannot be used as an unrelated spacing property (1357.006674ms)
2026-10-10T13:37:56.0995170Z ✔ CSS label gap rejects a raw pixel constructor argument (1336.161065ms)
2026-10-10T13:37:56.1011221Z ✔ CSS label gap cannot impersonate a role from another owner (1394.156846ms)
2026-10-10T13:37:56.1012278Z ✔ accepts semantic bridge roles, the closed token-derived factor map, geometry, and reset values (1410.102083ms)
2026-10-10T13:37:56.1013085Z ✔ rejects a CSS spacing role without a declared shared owner (1377.273748ms)
2026-10-10T13:37:56.1014143Z ✔ rejects scale-conforming and off-scale literals in sx, responsive leaves, named and namespace MUI System props (1414.883121ms)
2026-10-10T13:37:56.1015182Z ✔ follows local aliases and style callbacks; rejects theme spacing helpers and preset overrides (1360.543796ms)
2026-10-10T13:37:56.1016215Z ✔ scans nested slotProps but does not confuse event handlers or geometric dimensions with spacing (1375.213619ms)
2026-10-10T13:37:56.1017585Z ✔ keeps Panel geometry inspectable and rejects spacing hidden in its geometry prop (4313.999503ms)
2026-10-10T13:37:56.1018534Z ✔ accepts only an exact CSS exception and reports stale or mismatched exception scope (4287.888692ms)
2026-10-10T13:37:56.1019594Z ✔ rejects malformed TypeScript, malformed CSS, bad exception schema, and raw values in the bridge (5617.727908ms)
2026-10-10T13:37:56.1020553Z ✔ rejects canonical pixel tokens used as MUI factors and an altered bridge factor table (2931.152309ms)
2026-10-10T13:37:56.1021430Z ✔ report mode inventories migration debt without turning findings into PASS (1667.213194ms)
2026-10-10T13:39:22.2659122Z ✔ canonical writes through casts and aliases fail outside style expressions (1452.974665ms)
2026-10-10T13:39:22.2662034Z ✔ Object.assign cannot mutate canonical data but can copy to a fresh object (2811.500051ms)
2026-10-10T13:39:22.2662455Z ✔ layout gate rejects raw spacing on const alias of MUI component (1420.330397ms)
2026-10-10T13:39:22.2662984Z ✔ canonical mutation gate follows global mutator aliases and reflection (1415.556635ms)
2026-10-10T13:39:22.2663442Z ✔ local mutator names do not acquire global mutation identity (1422.77156ms)
2026-10-10T13:39:22.2663822Z ✔ destructured mutators and call/apply retain canonical mutation checks (1410.963382ms)
2026-10-10T13:39:22.2664338Z ✔ global mutator call/apply can copy canonical values into fresh objects (1460.458316ms)
2026-10-10T13:39:22.2664908Z ✔ mutable aliases with possible canonical destinations fail closed (1431.787473ms)
2026-10-10T13:39:22.2665580Z ✔ opaque apply arguments fail closed while unrelated mutable data stays valid (2998.916858ms)
2026-10-10T13:39:22.2666285Z ✔ canonical references inside containers and destructured aliases cannot be mutated (1508.594379ms)
2026-10-10T13:39:22.2670449Z ✔ independent shallow copies of scalar canonical fields remain mutable (1461.908616ms)
2026-10-10T13:39:22.2671181Z ✔ array references and nested destructuring preserve canonical write provenance (1484.796777ms)
2026-10-10T13:39:22.2671941Z ✔ array destinations distinguish independent elements from canonical references (1503.633297ms)
2026-10-10T13:39:22.2692856Z ✔ array destructuring, dynamic indices and spread cannot hide canonical references (1566.689035ms)
2026-10-10T13:39:22.2693899Z ✔ dynamic indices and destructuring of independent arrays stay mutable (1539.411411ms)
2026-10-10T13:39:22.2694960Z ✔ function parameters cannot hide canonical mutation across source files (1492.641685ms)
2026-10-10T13:39:22.2695807Z ✔ read-only helpers and mutations of unrelated arguments remain valid (1498.730665ms)
2026-10-10T13:39:22.2696645Z ✔ returned canonical references remain protected across helper boundaries (1486.311215ms)
2026-10-10T13:39:22.2697490Z ✔ helper returns of fresh scalar copies do not retain canonical destination identity (1766.734007ms)
2026-10-10T13:39:22.2698266Z ✔ destructured object parameters cannot mutate canonical arguments (1117.64048ms)
2026-10-10T13:39:22.2699037Z ✔ destructured object parameters retain independent argument mutability (1081.62504ms)
2026-10-10T13:39:22.2699976Z ✔ default parameter and binding initializers cannot hide canonical mutations (1115.079362ms)
2026-10-10T13:39:22.2700853Z ✔ fresh default parameter and binding copies remain mutable (1108.474444ms)
2026-10-10T13:39:22.2701496Z ✔ rest parameters retain canonical argument write provenance (1104.150203ms)
2026-10-10T13:39:22.2702176Z ✔ rest parameters distinguish independent positions from canonical siblings (1114.141403ms)
2026-10-10T13:39:22.2702905Z ✔ finite spread arguments preserve shifted positional and rest destinations (1115.0102ms)
2026-10-10T13:39:22.2703587Z ✔ finite spread expansion keeps independent argument positions mutable (1134.798912ms)
2026-10-10T13:39:22.2704377Z ✔ opaque spreads keep positional mutation destinations unknown (1112.5959ms)
2026-10-10T13:39:22.2704993Z ✔ opaque spreads into read-only helpers do not invent mutation findings (1144.477405ms)
2026-10-10T13:39:22.2705720Z ✔ array parameter patterns retain canonical positions including nested object arrays (1100.919598ms)
2026-10-10T13:39:22.2706747Z ✔ array parameter patterns retain independent bound element mutability (1103.574895ms)
2026-10-10T13:39:22.2707390Z ✔ layout gate rejects parameter shadow of canonical layout name (1061.689175ms)
2026-10-10T13:39:22.2707949Z ✔ layout gate follows genuine renamed styled factory (1059.327452ms)
2026-10-10T13:39:22.2708562Z ✔ layout gate accepts canonical namespace, element access and barrel alias (1055.784822ms)
2026-10-10T13:39:22.2709191Z ✔ layout gate does not mistake local component named Stack for MUI (1044.102792ms)
2026-10-10T13:39:22.2709778Z ✔ layout gate inspects renamed installed Emotion css tag (1045.503698ms)
2026-10-10T13:39:22.2710395Z ✔ layout gate preserves genuine aliased Controller field forwarding (1046.505242ms)
2026-10-10T13:39:22.2711036Z ✔ a same-named local Controller cannot exempt an unknown prop spread (1037.51916ms)
2026-10-10T13:39:22.2723181Z ✔ genuine useForm registration survives property and destructured aliases (1061.569185ms)
2026-10-10T13:39:22.2742311Z ✔ a function named register cannot exempt injected style props (1087.220691ms)
2026-10-10T13:39:22.2743928Z ✔ a bridge callback parameter cannot impersonate its private factor binding (1081.494852ms)
2026-10-10T13:39:22.2744770Z ✔ opaque namespace component selection remains a strict binding failure (1081.524387ms)
2026-10-10T13:39:22.2745244Z ✔ opaque namespace factory cannot hide style arguments (1059.828832ms)
2026-10-10T13:39:22.2745604Z ✔ MUI re-export cannot hide raw spacing behind a first-party barrel (1101.95665ms)
2026-10-10T13:39:22.2746112Z ✔ destructuring assignments cannot hide canonical write targets (1091.921085ms)
2026-10-10T13:39:22.2746773Z ✔ destructuring assignments can update independent copied destinations (1113.019645ms)
2026-10-10T13:39:22.2747419Z ✔ object rest retains nested canonical references while copying the outer object (1096.220805ms)
2026-10-10T13:39:22.2747835Z ✔ rest scalar copies and replacement of container references stay mutable (1081.293071ms)
2026-10-10T13:39:22.2748493Z ✔ shallow object spread preserves canonical child references and last-writer order (1099.017382ms)
2026-10-10T13:39:22.2748892Z ✔ shallow spread with a later independent override stays mutable (1097.994733ms)
2026-10-10T13:39:22.2749268Z ✔ exported mutable aliases retain assignments from their declaring file (1101.858835ms)
2026-10-10T13:39:22.2749668Z ✔ exported independent mutable data does not acquire canonical provenance (1069.654139ms)
2026-10-10T13:39:22.2750341Z ✔ literal computed keys retain canonical container and parameter provenance (1109.633834ms)
2026-10-10T13:39:22.2750998Z ✔ literal computed keys do not taint independent selected properties (1082.104216ms)
2026-10-10T13:39:22.2751679Z ✔ Object.assign shallow copies retain canonical nested reference provenance (1091.422898ms)
2026-10-10T13:39:22.2752349Z ✔ Object.assign later independent overrides and scalar copies stay mutable (1092.754391ms)
2026-10-10T13:39:22.2753070Z ✔ union and dynamic property selections retain possible canonical destinations (1102.870439ms)
2026-10-10T13:39:22.2753790Z ✔ finite union property selections exclude canonical siblings not in the key set (1071.800225ms)
2026-10-10T13:39:22.2754646Z ✔ union selection over Object.assign output retains canonical child provenance (1083.796602ms)
2026-10-10T13:39:22.2755437Z ✔ union selection over independent Object.assign output remains mutable (1083.202185ms)
2026-10-10T13:39:22.2756146Z ✔ Reflect.set call/apply checks the target argument rather than the assigned value (3352.372211ms)
2026-10-10T13:39:22.2756822Z ✔ aliased React createElement checks MUI and native style objects (1092.151224ms)
2026-10-10T13:39:22.2757484Z ✔ GlobalStyles.styles is checked and local createElement names stay local (2245.571467ms)
2026-10-10T13:39:22.2758148Z ✔ React JSX runtime factories cannot bypass MUI or native style checks (1097.311602ms)
2026-10-10T13:39:22.2758830Z ✔ React cloneElement checks the cloned MUI element and preserves native props (4363.512376ms)
2026-10-10T13:39:22.2759826Z ✔ Emotion css props and object factories are inspected with native CSS semantics (3279.86281ms)
2026-10-10T13:39:22.2760547Z ✔ Inline style elements in JSX, React factories, DOM and the HTML entry fail closed (8677.14516ms)
2026-10-10T13:39:22.2761269Z ✔ DOM CSSOM spacing writes use semantic roles and reject opaque style strings (2156.563572ms)
2026-10-10T13:39:22.2762016Z ✔ HTML parsing and runtime stylesheet mutation cannot bypass the imported CSS boundary (2199.028959ms)
2026-10-10T13:39:22.2762795Z ✔ spacing shorthand values and responsive breakpoints preserve token and unit provenance (10929.437365ms)
2026-10-10T13:39:22.2763262Z ✔ function return producers cannot hide canonical children behind spreads (1109.088487ms)
2026-10-10T13:39:22.2763655Z ✔ producer spreads keep later independent child overrides writable (1060.676391ms)
2026-10-10T13:39:22.2827971Z ℹ tests 86
2026-10-10T13:39:22.2828269Z ℹ suites 0
2026-10-10T13:39:22.2828491Z ℹ pass 86
2026-10-10T13:39:22.2828742Z ℹ fail 0
2026-10-10T13:39:22.2828940Z ℹ cancelled 0
2026-10-10T13:39:22.2829208Z ℹ skipped 0
2026-10-10T13:39:22.2829416Z ℹ todo 0
2026-10-10T13:39:22.2829693Z ℹ duration_ms 117408.067147
2026-10-10T13:39:27.3232314Z layout-check PASS: 93 source files, 0 finding(s), 1 exception(s) used
2026-10-10T13:39:27.4660239Z 
2026-10-10T13:39:27.4660928Z > botsales-frontend@0.1.0 test:visual-tokens
2026-10-10T13:39:27.4661556Z > node --test tests/visual-token-checker.test.mjs && node scripts/check-visual-tokens.mjs
2026-10-10T13:39:27.4661891Z 
2026-10-10T13:39:29.9374465Z ✔ visual checker accepts canonical theme roles, token references, geometry and semantic responsive props (639.804305ms)
2026-10-10T13:39:29.9378306Z ✔ visual checker rejects raw literals across sx, JSX system props and CSS declarations (384.377322ms)
2026-10-10T13:39:29.9378879Z ✔ visual checker follows local style aliases and callback themes, but fails raw nested values (385.854633ms)
2026-10-10T13:39:29.9379393Z ✔ visual checker reports unresolved spreads and malformed style sources as UNKNOWN or parse errors (346.051463ms)
2026-10-10T13:39:29.9380076Z ✔ visual checker includes newly added TSX files under the source root (367.594869ms)
2026-10-10T13:39:29.9954751Z ℹ tests 5
2026-10-10T13:39:29.9955117Z ℹ suites 0
2026-10-10T13:39:29.9955354Z ℹ pass 5
2026-10-10T13:39:29.9955569Z ℹ fail 0
2026-10-10T13:39:29.9955800Z ℹ cancelled 0
2026-10-10T13:39:29.9956040Z ℹ skipped 0
2026-10-10T13:39:29.9956241Z ℹ todo 0
2026-10-10T13:39:29.9956494Z ℹ duration_ms 2506.519378
2026-10-10T13:39:33.6928570Z visual-token-check PASS: 92 source files, 0 finding(s)
2026-10-10T13:39:33.8222891Z 
2026-10-10T13:39:33.8223549Z > botsales-frontend@0.1.0 test:ui-composition
2026-10-10T13:39:33.8224653Z > node --test tests/ui-composition-checker.test.mjs tests/ui-composition-ancestry.test.mjs tests/ui-shared-api-contract.test.mjs && node scripts/check-ui-composition.mjs
2026-10-10T13:39:33.8225233Z 
2026-10-10T13:39:44.7764318Z ✔ P10/P15 catch alias and neutral-wrapper duplicate insets through fragments and conditionals (1002.982191ms)
2026-10-10T13:39:44.7765315Z ✔ P20 resolves shared composition identities through a barrel and const component aliases (577.618867ms)
2026-10-10T13:39:44.7766018Z ✔ P11/P13 catch static element access roles on every MUI surface, including Paper (495.493739ms)
2026-10-10T13:39:44.7766659Z ✔ P12 checks React createElement and JSX-runtime element factories (508.342832ms)
2026-10-10T13:39:44.7767263Z ✔ P14 resolves bodyMode literal aliases and fails closed when ownership is unknown (1361.728187ms)
2026-10-10T13:39:44.7767643Z ✔ checks Panel ancestry when React elements are created natively (539.392156ms)
2026-10-10T13:39:44.7768309Z ✔ keeps independent nested surfaces and portaled dialogs as separate owners (888.453611ms)
2026-10-10T13:39:44.7769029Z ✔ accepts finite bodyMode branches and every mode in the public component contracts (1238.351586ms)
2026-10-10T13:39:44.7769963Z ✔ stops inherited gap ownership at Panels and independent bordered surfaces (640.080825ms)
2026-10-10T13:39:44.7771187Z ✔ tracks gaps through fragments, conditions and ready QueryState, but not inside DOM wrappers (309.956932ms)
2026-10-10T13:39:44.7774342Z ✔ applies the same finite modes and wrapper boundaries to native React factories (697.103817ms)
2026-10-10T13:39:44.7774886Z ✔ recognizes native outlined Paper and nested Box surface inset boundaries (657.925101ms)
2026-10-10T13:39:44.7775536Z ✔ fails closed when an unresolved custom wrapper obscures a semantic gap owner (321.783503ms)
2026-10-10T13:39:44.7776270Z ✔ rejects unsupported placement and rhythm values while accepting finite aliases and branches (617.766845ms)
2026-10-10T13:39:44.7776941Z ✔ rejects unsupported finite values through React element factories (636.652962ms)
2026-10-10T13:39:44.8720810Z ✔ accepts semantic composition, closed geometry and business-specific MUI primitives (8.3406ms)
2026-10-10T13:39:44.8721489Z ✔ rejects rebuilding each shared spacing owner at a consumer (3.796584ms)
2026-10-10T13:39:44.8722113Z ✔ follows aliases, local style variables, object spreads and namespace imports (1.337544ms)
2026-10-10T13:39:44.8722721Z ✔ rejects direct and spread spacing overrides on semantic components (1.420299ms)
2026-10-10T13:39:44.8723227Z ✔ rejects spacing or opaque spreads hidden in geometry (0.531314ms)
2026-10-10T13:39:44.8723610Z ✔ allows the canonical owner implementation and fails closed on malformed source (1.418276ms)
2026-10-10T13:39:44.8724101Z ✔ rejects duplicated parent boundary and duplicated Panel inset (1.160456ms)
2026-10-10T13:39:44.8724440Z ✔ checks default MUI imports and fails closed for opaque geometry (0.887713ms)
2026-10-10T13:39:44.8724800Z ✔ distinguishes content grids from flex flows when reporting the shared owner (0.603683ms)
2026-10-10T13:39:44.8725273Z ✔ rejects page spacing for paired fields and peer Panels without a section gap owner (4.129508ms)
2026-10-10T13:39:44.8725977Z ✔ related sibling gaps belong to ActionGroup comfortable density, not consumer Stack styles (1.078752ms)
2026-10-10T13:39:44.8726919Z ✔ density profiles are finite and new spacing paths retain the shared owner (7.214356ms)
2026-10-10T13:39:44.8727343Z ✔ Amount consumers declare wrapping outside DataTable columns and keep table money unbroken (119.172914ms)
2026-10-10T13:39:44.8727775Z ✔ the shared catalog covers every public React component and supporting Column type (78.859081ms)
2026-10-10T13:39:44.8728178Z ✔ SPC-067 covers discovered public Shared APIs without a fixed export count (1.099293ms)
2026-10-10T13:39:44.8728516Z ✔ every public React API has a direct rendered contract test (1.529725ms)
2026-10-10T13:39:44.8728887Z ✔ catalog declaration lines and stated JSX counts match resolved source symbols (189.720899ms)
2026-10-10T13:39:44.8729348Z ✔ every shared React export has a resolved production consumer or an explicit zero-use lifecycle decision (116.479658ms)
2026-10-10T13:39:44.8729843Z ✔ required UI evidence and regression gates remain wired to root verify and the active parent workflow (0.630664ms)
2026-10-10T13:39:44.8730344Z ✔ composition prop allowlists match the TypeScript owners exactly (0.33041ms)
2026-10-10T13:39:44.8730896Z ✔ QueryState uses only the approved inline and section pending profiles (0.463091ms)
2026-10-10T13:39:44.8731353Z ✔ QueryState consumers reserve section loading for primary content and keep every other state inline by default (80.105643ms)
2026-10-10T13:39:44.8731796Z ✔ body modes, placement roles and geometry keys match the TypeScript contracts (1.648514ms)
2026-10-10T13:39:44.8732163Z ✔ Panel geometry and DataTable columns remain closed public contracts (6.660489ms)
2026-10-10T13:39:44.8732594Z ✔ shared component and composition props expose no arbitrary layout/style escape hatch (0.380186ms)
2026-10-10T13:39:44.8733148Z ✔ layout role types, runtime values, consumers and ownership documentation stay closed (4303.97387ms)
2026-10-10T13:39:44.8733511Z ℹ tests 41
2026-10-10T13:39:44.8733627Z ℹ suites 0
2026-10-10T13:39:44.8733894Z ℹ pass 41
2026-10-10T13:39:44.8734115Z ℹ fail 0
2026-10-10T13:39:44.8734227Z ℹ cancelled 0
2026-10-10T13:39:44.8734347Z ℹ skipped 0
2026-10-10T13:39:44.8734466Z ℹ todo 0
2026-10-10T13:39:44.8734598Z ℹ duration_ms 11028.471026
2026-10-10T13:40:38.0098068Z ui-composition PASS: 91 source files, 0 finding(s)
2026-10-10T13:40:38.0098270Z 
2026-10-10T13:40:38.1631486Z 
2026-10-10T13:40:38.1631964Z > botsales-frontend@0.1.0 test:evidence
2026-10-10T13:40:38.1632816Z > node --test tests/ui-evidence-validator.test.mjs && node scripts/validate-ui-evidence.mjs evidence/frontend-ui-improvements/ui-governance-rollout-20261007/S17-current-evidence.json
2026-10-10T13:40:38.1633335Z 
2026-10-10T13:40:38.2359276Z ✔ accepts current fingerprints, honest open coverage, and explained N/A (2.519432ms)
2026-10-10T13:40:38.2359917Z ✔ rejects a stale source fingerprint (1.352596ms)
2026-10-10T13:40:38.2360313Z ✔ rejects a stale command log (0.657756ms)
2026-10-10T13:40:38.2360774Z ✔ rejects missing, absolute, and escaping source paths (0.546757ms)
2026-10-10T13:40:38.2361450Z ✔ rejects unrun, missing, duplicate, and nonzero command results marked PASS (0.658206ms)
2026-10-10T13:40:38.2362061Z ✔ rejects PASS when expected and observed results differ (0.524383ms)
2026-10-10T13:40:38.2362577Z ✔ rejects inconsistent coverage and N/A without a reason (0.471553ms)
2026-10-10T13:40:38.2363299Z ✔ rejects a baseline falsely dated after implementation started and detects changed baseline artifacts (0.718507ms)
2026-10-10T13:40:38.2364123Z ✔ COMPLETE cannot contain open coverage or failed commands (0.689483ms)
2026-10-10T13:40:38.2364762Z ✔ S19 must explicitly reconcile files, APIs, routes, rendered routes, slots, and states (0.759499ms)
2026-10-10T13:40:38.2366646Z ✔ rejects malformed top-level evidence instead of treating missing fields as success (0.38331ms)
2026-10-10T13:40:38.2432856Z ℹ tests 11
2026-10-10T13:40:38.2433223Z ℹ suites 0
2026-10-10T13:40:38.2433484Z ℹ pass 11
2026-10-10T13:40:38.2433703Z ℹ fail 0
2026-10-10T13:40:38.2434099Z ℹ cancelled 0
2026-10-10T13:40:38.2434351Z ℹ skipped 0
2026-10-10T13:40:38.2434569Z ℹ todo 0
2026-10-10T13:40:38.2434820Z ℹ duration_ms 56.352426
2026-10-10T13:40:38.2909191Z ui-evidence PASS: S17; 3 command/log record(s), 3 coverage row(s), 275 current fingerprint(s); status=COMPLETE
2026-10-10T13:40:38.3099813Z ##[group]Run npm run test:e2e -- --project=chromium --reporter=line
2026-10-10T13:40:38.3100089Z [36;1mnpm run test:e2e -- --project=chromium --reporter=line[0m
2026-10-10T13:40:38.3150999Z shell: /usr/bin/bash -e {0}
2026-10-10T13:40:38.3151155Z ##[endgroup]
2026-10-10T13:40:38.3842747Z 
2026-10-10T13:40:38.3843383Z > botsales-frontend@0.1.0 test:e2e
2026-10-10T13:40:38.3843784Z > node scripts/run-e2e.mjs --project=chromium --reporter=line
2026-10-10T13:40:38.3844135Z 
2026-10-10T13:40:38.4064993Z 
2026-10-10T13:40:38.4065542Z > npm run setup
2026-10-10T13:40:38.4696909Z 
2026-10-10T13:40:38.4697554Z > botsales-frontend@0.1.0 setup
2026-10-10T13:40:38.4697913Z > node scripts/setup.mjs
2026-10-10T13:40:38.4698105Z 
2026-10-10T13:40:38.6065656Z {"status":"PASS","outputs":15,"schemas":346,"operations":245,"routes":61}
2026-10-10T13:40:38.6647697Z Copying the worker script at "/home/runner/work/Bot-AI-Ban-hang-FB/Bot-AI-Ban-hang-FB/BotSalesAI_Frontend/apps/web/public"...
2026-10-10T13:40:38.6672123Z 
2026-10-10T13:40:38.6672605Z [32mWorker script successfully copied![39m
2026-10-10T13:40:38.6672910Z [90m  - public
2026-10-10T13:40:38.6673195Z [39m
2026-10-10T13:40:38.6682849Z Continue by describing the network in your application:
2026-10-10T13:40:38.6683078Z 
2026-10-10T13:40:38.6683085Z 
2026-10-10T13:40:38.6683387Z [31m[1mhttps://mswjs.io/docs/quick-start[22m[39m
2026-10-10T13:40:38.6683580Z 
2026-10-10T13:40:38.6722216Z Thiết lập xong. npm run dev chạy frontend mô phỏng; không kết nối khách hàng hoặc provider thật.
2026-10-10T13:40:38.6811721Z 
2026-10-10T13:40:38.6811881Z > npm run build
2026-10-10T13:40:38.7395229Z 
2026-10-10T13:40:38.7395727Z > botsales-frontend@0.1.0 build
2026-10-10T13:40:38.7396597Z > npm run generate:check && npm run typecheck && npm run build --workspace @botsales/web
2026-10-10T13:40:38.7396783Z 
2026-10-10T13:40:38.7979353Z 
2026-10-10T13:40:38.7979988Z > botsales-frontend@0.1.0 generate:check
2026-10-10T13:40:38.7980345Z > node scripts/generate.mjs --check
2026-10-10T13:40:38.7980451Z 
2026-10-10T13:40:38.9148160Z {"status":"PASS","outputs":15,"schemas":346,"operations":245,"routes":61}
2026-10-10T13:40:38.9903784Z 
2026-10-10T13:40:38.9904576Z > botsales-frontend@0.1.0 typecheck
2026-10-10T13:40:38.9904895Z > tsc -p apps/web/tsconfig.json --noEmit
2026-10-10T13:40:38.9905008Z 
2026-10-10T13:40:43.6784167Z 
2026-10-10T13:40:43.6784753Z > @botsales/web@0.1.0 build
2026-10-10T13:40:43.6785135Z > vite build --mode production
2026-10-10T13:40:43.6785296Z 
2026-10-10T13:40:43.7779773Z [36mvite v7.3.6 [32mbuilding client environment for production...[36m[39m
2026-10-10T13:40:43.8182703Z transforming...
2026-10-10T13:40:47.3870501Z [32m✓[39m 2077 modules transformed.
2026-10-10T13:40:47.7645544Z rendering chunks...
2026-10-10T13:40:47.9204236Z computing gzip size...
2026-10-10T13:40:47.9378508Z [2mdist/[22m[32mindex.html                            [39m[1m[2m  1.23 kB[22m[1m[22m[2m │ gzip:   0.61 kB[22m
2026-10-10T13:40:47.9379474Z [2mdist/[22m[2massets/[22m[35mindex-BQPx7lJM.css             [39m[1m[2m  3.56 kB[22m[1m[22m[2m │ gzip:   1.33 kB[22m
2026-10-10T13:40:47.9380342Z [2mdist/[22m[2massets/[22m[36mdownload-8lJFmiSZ.js           [39m[1m[2m  0.23 kB[22m[1m[22m[2m │ gzip:   0.17 kB[22m
2026-10-10T13:40:47.9381352Z [2mdist/[22m[2massets/[22m[36mfilters-CM07jGKE.js            [39m[1m[2m  0.32 kB[22m[1m[22m[2m │ gzip:   0.25 kB[22m
2026-10-10T13:40:47.9382127Z [2mdist/[22m[2massets/[22m[36mhooks-L2nh8X7I.js              [39m[1m[2m  4.59 kB[22m[1m[22m[2m │ gzip:   2.15 kB[22m
2026-10-10T13:40:47.9382945Z [2mdist/[22m[2massets/[22m[36mdraft-conflict-CQUoJQ4o.js     [39m[1m[2m  5.37 kB[22m[1m[22m[2m │ gzip:   2.49 kB[22m
2026-10-10T13:40:47.9383742Z [2mdist/[22m[2massets/[22m[36mindex-mquMxiPF.js              [39m[1m[2m  8.25 kB[22m[1m[22m[2m │ gzip:   3.27 kB[22m
2026-10-10T13:40:47.9385188Z [2mdist/[22m[2massets/[22m[36mindex-CiWOs-TV.js              [39m[1m[2m  9.42 kB[22m[1m[22m[2m │ gzip:   3.73 kB[22m
2026-10-10T13:40:47.9386519Z [2mdist/[22m[2massets/[22m[36mindex-DQGrQuEv.js              [39m[1m[2m 13.14 kB[22m[1m[22m[2m │ gzip:   5.19 kB[22m
2026-10-10T13:40:47.9387339Z [2mdist/[22m[2massets/[22m[36mindex-OVGPogNo.js              [39m[1m[2m 15.39 kB[22m[1m[22m[2m │ gzip:   5.90 kB[22m
2026-10-10T13:40:47.9388057Z [2mdist/[22m[2massets/[22m[36mindex-Bd9mcE3C.js              [39m[1m[2m 16.98 kB[22m[1m[22m[2m │ gzip:   5.58 kB[22m
2026-10-10T13:40:47.9388778Z [2mdist/[22m[2massets/[22m[36mindex-Bg61UgeK.js              [39m[1m[2m 16.99 kB[22m[1m[22m[2m │ gzip:   5.81 kB[22m
2026-10-10T13:40:47.9389501Z [2mdist/[22m[2massets/[22m[36mindex-PCRh2M1X.js              [39m[1m[2m 18.85 kB[22m[1m[22m[2m │ gzip:   6.33 kB[22m
2026-10-10T13:40:47.9390415Z [2mdist/[22m[2massets/[22m[36mindex-BUtDDvPf.js              [39m[1m[2m 19.08 kB[22m[1m[22m[2m │ gzip:   7.02 kB[22m
2026-10-10T13:40:47.9391201Z [2mdist/[22m[2massets/[22m[36mindex-CvmCKMdV.js              [39m[1m[2m 20.90 kB[22m[1m[22m[2m │ gzip:   6.92 kB[22m
2026-10-10T13:40:47.9391938Z [2mdist/[22m[2massets/[22m[36mindex-Dzt3sNfY.js              [39m[1m[2m 21.23 kB[22m[1m[22m[2m │ gzip:   7.65 kB[22m
2026-10-10T13:40:47.9392662Z [2mdist/[22m[2massets/[22m[36mindex-RfTtRmBG.js              [39m[1m[2m 24.80 kB[22m[1m[22m[2m │ gzip:   8.25 kB[22m
2026-10-10T13:40:47.9393377Z [2mdist/[22m[2massets/[22m[36mindex-DWs4xu4k.js              [39m[1m[2m 25.06 kB[22m[1m[22m[2m │ gzip:   8.46 kB[22m
2026-10-10T13:40:47.9394255Z [2mdist/[22m[2massets/[22m[36mindex-BSXDucyP.js              [39m[1m[2m 30.93 kB[22m[1m[22m[2m │ gzip:   9.93 kB[22m
2026-10-10T13:40:47.9395023Z [2mdist/[22m[2massets/[22m[36mindex-DattA6PL.js              [39m[1m[2m 32.48 kB[22m[1m[22m[2m │ gzip:  10.82 kB[22m
2026-10-10T13:40:47.9395762Z [2mdist/[22m[2massets/[22m[36mquery-Df7VyXaF.js              [39m[1m[2m 33.15 kB[22m[1m[22m[2m │ gzip:   9.92 kB[22m
2026-10-10T13:40:47.9396521Z [2mdist/[22m[2massets/[22m[36mindex-WDyY7fx-.js              [39m[1m[2m 42.03 kB[22m[1m[22m[2m │ gzip:  11.49 kB[22m
2026-10-10T13:40:47.9397274Z [2mdist/[22m[2massets/[22m[36mi18n-D4N_7Z3Q.js               [39m[1m[2m 46.14 kB[22m[1m[22m[2m │ gzip:  15.12 kB[22m
2026-10-10T13:40:47.9398007Z [2mdist/[22m[2massets/[22m[36mindex-BeRebE9w.js              [39m[1m[2m 64.28 kB[22m[1m[22m[2m │ gzip:  17.67 kB[22m
2026-10-10T13:40:47.9398744Z [2mdist/[22m[2massets/[22m[36mschemas-CoWCwirf.js            [39m[1m[2m 85.75 kB[22m[1m[22m[2m │ gzip:  25.72 kB[22m
2026-10-10T13:40:47.9399522Z [2mdist/[22m[2massets/[22m[36mindex-DgXyZ4_1.js              [39m[1m[2m100.89 kB[22m[1m[22m[2m │ gzip:  32.02 kB[22m
2026-10-10T13:40:47.9400296Z [2mdist/[22m[2massets/[22m[36mschema-validation-B78jEm7B.js  [39m[1m[2m149.80 kB[22m[1m[22m[2m │ gzip:  45.12 kB[22m
2026-10-10T13:40:47.9401067Z [2mdist/[22m[2massets/[22m[36mreact-runtime-gLMyUIL2.js      [39m[1m[2m279.79 kB[22m[1m[22m[2m │ gzip:  90.28 kB[22m
2026-10-10T13:40:47.9401820Z [2mdist/[22m[2massets/[22m[36mcharts-BwhaRlrs.js             [39m[1m[2m320.23 kB[22m[1m[22m[2m │ gzip:  96.79 kB[22m
2026-10-10T13:40:47.9402566Z [2mdist/[22m[2massets/[22m[36mmui-CJj7QyVx.js                [39m[1m[2m328.77 kB[22m[1m[22m[2m │ gzip: 100.20 kB[22m
2026-10-10T13:40:47.9403322Z [2mdist/[22m[2massets/[22m[36mcontract-data-BRT-TOMX.js      [39m[1m[2m368.62 kB[22m[1m[22m[2m │ gzip:  42.83 kB[22m
2026-10-10T13:40:47.9403796Z [32m✓ built in 4.15s[39m
2026-10-10T13:40:48.0217199Z 
2026-10-10T13:40:48.0217791Z > npm run build:demo
2026-10-10T13:40:48.0790085Z 
2026-10-10T13:40:48.0790657Z > botsales-frontend@0.1.0 build:demo
2026-10-10T13:40:48.0791264Z > npm run generate:check && npm run typecheck && npm run build:demo --workspace @botsales/web
2026-10-10T13:40:48.0791579Z 
2026-10-10T13:40:48.1458051Z 
2026-10-10T13:40:48.1458888Z > botsales-frontend@0.1.0 generate:check
2026-10-10T13:40:48.1459311Z > node scripts/generate.mjs --check
2026-10-10T13:40:48.1459488Z 
2026-10-10T13:40:48.2568935Z {"status":"PASS","outputs":15,"schemas":346,"operations":245,"routes":61}
2026-10-10T13:40:48.3307931Z 
2026-10-10T13:40:48.3308571Z > botsales-frontend@0.1.0 typecheck
2026-10-10T13:40:48.3308991Z > tsc -p apps/web/tsconfig.json --noEmit
2026-10-10T13:40:48.3309185Z 
2026-10-10T13:40:52.7929539Z 
2026-10-10T13:40:52.7930156Z > @botsales/web@0.1.0 build:demo
2026-10-10T13:40:52.7930576Z > vite build --mode demo --outDir dist-demo
2026-10-10T13:40:52.7930788Z 
2026-10-10T13:40:52.9065597Z [36mvite v7.3.6 [32mbuilding client environment for demo...[36m[39m
2026-10-10T13:40:52.9485519Z transforming...
2026-10-10T13:40:57.0383917Z [32m✓[39m 2293 modules transformed.
2026-10-10T13:40:57.4759380Z rendering chunks...
2026-10-10T13:40:57.6535525Z computing gzip size...
2026-10-10T13:40:57.6725451Z [2mdist-demo/[22m[32mindex.html                            [39m[1m[2m  1.23 kB[22m[1m[22m[2m │ gzip:   0.61 kB[22m
2026-10-10T13:40:57.6726375Z [2mdist-demo/[22m[2massets/[22m[35mindex-BQPx7lJM.css             [39m[1m[2m  3.56 kB[22m[1m[22m[2m │ gzip:   1.33 kB[22m
2026-10-10T13:40:57.6726898Z [2mdist-demo/[22m[2massets/[22m[36mdownload-CWiaXb8A.js           [39m[1m[2m  0.24 kB[22m[1m[22m[2m │ gzip:   0.17 kB[22m
2026-10-10T13:40:57.6734864Z [2mdist-demo/[22m[2massets/[22m[36mfilters-CirfTR7_.js            [39m[1m[2m  0.32 kB[22m[1m[22m[2m │ gzip:   0.25 kB[22m
2026-10-10T13:40:57.6735370Z [2mdist-demo/[22m[2massets/[22m[36mcontrol-Criu5A-7.js            [39m[1m[2m  1.73 kB[22m[1m[22m[2m │ gzip:   0.94 kB[22m
2026-10-10T13:40:57.6736072Z [2mdist-demo/[22m[2massets/[22m[36mhooks-BeC01d3Y.js              [39m[1m[2m  4.59 kB[22m[1m[22m[2m │ gzip:   2.15 kB[22m
2026-10-10T13:40:57.6736645Z [2mdist-demo/[22m[2massets/[22m[36mdraft-conflict-tNpI-HAo.js     [39m[1m[2m  5.37 kB[22m[1m[22m[2m │ gzip:   2.49 kB[22m
2026-10-10T13:40:57.6737155Z [2mdist-demo/[22m[2massets/[22m[36mindex-SkfVeie4.js              [39m[1m[2m  8.79 kB[22m[1m[22m[2m │ gzip:   3.47 kB[22m
2026-10-10T13:40:57.6737658Z [2mdist-demo/[22m[2massets/[22m[36mindex-DH5AOH0G.js              [39m[1m[2m  9.42 kB[22m[1m[22m[2m │ gzip:   3.73 kB[22m
2026-10-10T13:40:57.6738144Z [2mdist-demo/[22m[2massets/[22m[36mindex-B3gGpiMi.js              [39m[1m[2m 13.14 kB[22m[1m[22m[2m │ gzip:   5.18 kB[22m
2026-10-10T13:40:57.6738643Z [2mdist-demo/[22m[2massets/[22m[36mindex-D3UNZ1L-.js              [39m[1m[2m 15.09 kB[22m[1m[22m[2m │ gzip:   5.71 kB[22m
2026-10-10T13:40:57.6739137Z [2mdist-demo/[22m[2massets/[22m[36mindex-BWSxRwQH.js              [39m[1m[2m 17.14 kB[22m[1m[22m[2m │ gzip:   5.61 kB[22m
2026-10-10T13:40:57.6739625Z [2mdist-demo/[22m[2massets/[22m[36mindex-BGP_Ad-y.js              [39m[1m[2m 18.85 kB[22m[1m[22m[2m │ gzip:   6.33 kB[22m
2026-10-10T13:40:57.6740241Z [2mdist-demo/[22m[2massets/[22m[36mindex-01nb5nQj.js              [39m[1m[2m 19.18 kB[22m[1m[22m[2m │ gzip:   6.54 kB[22m
2026-10-10T13:40:57.6740725Z [2mdist-demo/[22m[2massets/[22m[36mindex-DgCh8QFc.js              [39m[1m[2m 19.28 kB[22m[1m[22m[2m │ gzip:   7.08 kB[22m
2026-10-10T13:40:57.6741282Z [2mdist-demo/[22m[2massets/[22m[36mindex-Cco5VbEE.js              [39m[1m[2m 20.90 kB[22m[1m[22m[2m │ gzip:   6.92 kB[22m
2026-10-10T13:40:57.6741857Z [2mdist-demo/[22m[2massets/[22m[36mindex-hYjqNRGb.js              [39m[1m[2m 24.80 kB[22m[1m[22m[2m │ gzip:   8.24 kB[22m
2026-10-10T13:40:57.6742386Z [2mdist-demo/[22m[2massets/[22m[36mindex-BDJDBZpL.js              [39m[1m[2m 25.47 kB[22m[1m[22m[2m │ gzip:   8.62 kB[22m
2026-10-10T13:40:57.6743451Z [2mdist-demo/[22m[2massets/[22m[36mindex-DQbFFBlT.js              [39m[1m[2m 28.10 kB[22m[1m[22m[2m │ gzip:   9.80 kB[22m
2026-10-10T13:40:57.6744304Z [2mdist-demo/[22m[2massets/[22m[36mindex-DX4hKm3W.js              [39m[1m[2m 30.93 kB[22m[1m[22m[2m │ gzip:   9.93 kB[22m
2026-10-10T13:40:57.6750698Z [2mdist-demo/[22m[2massets/[22m[36mindex-f6PQjW3Q.js              [39m[1m[2m 32.93 kB[22m[1m[22m[2m │ gzip:  10.94 kB[22m
2026-10-10T13:40:57.6751379Z [2mdist-demo/[22m[2massets/[22m[36mquery-Df7VyXaF.js              [39m[1m[2m 33.15 kB[22m[1m[22m[2m │ gzip:   9.92 kB[22m
2026-10-10T13:40:57.6751950Z [2mdist-demo/[22m[2massets/[22m[36mindex-D6MJeQeX.js              [39m[1m[2m 42.03 kB[22m[1m[22m[2m │ gzip:  11.49 kB[22m
2026-10-10T13:40:57.6752448Z [2mdist-demo/[22m[2massets/[22m[36mi18n-D4N_7Z3Q.js               [39m[1m[2m 46.14 kB[22m[1m[22m[2m │ gzip:  15.12 kB[22m
2026-10-10T13:40:57.6753195Z [2mdist-demo/[22m[2massets/[22m[36mindex-BoOL50Pn.js              [39m[1m[2m 65.49 kB[22m[1m[22m[2m │ gzip:  18.10 kB[22m
2026-10-10T13:40:57.6753694Z [2mdist-demo/[22m[2massets/[22m[36mschemas-CoWCwirf.js            [39m[1m[2m 85.75 kB[22m[1m[22m[2m │ gzip:  25.72 kB[22m
2026-10-10T13:40:57.6754359Z [2mdist-demo/[22m[2massets/[22m[36mindex-C6ptp12n.js              [39m[1m[2m105.42 kB[22m[1m[22m[2m │ gzip:  33.42 kB[22m
2026-10-10T13:40:57.6754867Z [2mdist-demo/[22m[2massets/[22m[36mschema-validation-B78jEm7B.js  [39m[1m[2m149.80 kB[22m[1m[22m[2m │ gzip:  45.12 kB[22m
2026-10-10T13:40:57.6755375Z [2mdist-demo/[22m[2massets/[22m[36mservice-DOnisuXi.js            [39m[1m[2m233.46 kB[22m[1m[22m[2m │ gzip:  54.15 kB[22m
2026-10-10T13:40:57.6755864Z [2mdist-demo/[22m[2massets/[22m[36mbrowser-CQeKKnYr.js            [39m[1m[2m255.64 kB[22m[1m[22m[2m │ gzip:  87.02 kB[22m
2026-10-10T13:40:57.6756371Z [2mdist-demo/[22m[2massets/[22m[36mreact-runtime-gLMyUIL2.js      [39m[1m[2m279.79 kB[22m[1m[22m[2m │ gzip:  90.28 kB[22m
2026-10-10T13:40:57.6756877Z [2mdist-demo/[22m[2massets/[22m[36mcharts-uDdGNk6t.js             [39m[1m[2m320.23 kB[22m[1m[22m[2m │ gzip:  96.79 kB[22m
2026-10-10T13:40:57.6757377Z [2mdist-demo/[22m[2massets/[22m[36mmui-CUCPJGs1.js                [39m[1m[2m328.77 kB[22m[1m[22m[2m │ gzip: 100.20 kB[22m
2026-10-10T13:40:57.6757870Z [2mdist-demo/[22m[2massets/[22m[36mcontract-data-CJyvN5AM.js      [39m[1m[2m375.47 kB[22m[1m[22m[2m │ gzip:  44.43 kB[22m
2026-10-10T13:40:57.6758192Z [32m✓ built in 4.76s[39m
2026-10-10T13:40:57.7659406Z 
2026-10-10T13:40:57.7660049Z > node node_modules/@playwright/test/cli.js test --project=chromium --reporter=line
2026-10-10T13:40:59.7869571Z 
2026-10-10T13:40:59.7870166Z Running 407 tests using 1 worker
2026-10-10T13:40:59.7870374Z 
2026-10-10T13:41:00.2635121Z [1/407] [chromium] › tests/accessibility/routes.spec.ts:17:1 › all canonical routes pass whole-page WCAG 2.1 A/AA axe checks in the React demo
2026-10-10T13:42:30.1929305Z [2/407] [chromium] › tests/accessibility/routes.spec.ts:84:1 › contained action buttons do not animate between contrasting enabled and disabled color pairs
2026-10-10T13:42:32.8246364Z [3/407] [chromium] › tests/artifacts/demo-preview.spec.ts:40:1 › the built demo artifact serves the React UI and synthetic API through preview
2026-10-10T13:42:33.7325569Z [chromium] › tests/artifacts/demo-preview.spec.ts:40:1 › the built demo artifact serves the React UI and synthetic API through preview
2026-10-10T13:42:33.7334659Z [artifact-preview] {"scope":"FRONTEND_WITH_SYNTHETIC_MOCK_API","artifact":"apps/web/dist-demo","browserMetrics":{"browser":"Mozilla/5.0 (Windows NT 10.0; Win64; x64) AppleWebKit/537.36 (KHTML, like Gecko) Chrome/153.0.8010.12 Safari/537.36","viewport":{"width":1280,"height":720},"route":"/s/shop-demo/overview","domContentLoadedMs":104,"loadEventMs":104,"scriptCount":11,"scriptTransferBytes":482369,"scriptAssets":[{"file":"index-C6ptp12n.js","transferBytes":33723,"decodedBytes":105422,"durationMs":16},{"file":"react-runtime-gLMyUIL2.js","transferBytes":90583,"decodedBytes":279787,"durationMs":30},{"file":"query-Df7VyXaF.js","transferBytes":10222,"decodedBytes":33154,"durationMs":12},{"file":"contract-data-CJyvN5AM.js","transferBytes":44731,"decodedBytes":375469,"durationMs":26},{"file":"schema-validation-B78jEm7B.js","transferBytes":45420,"decodedBytes":149800,"durationMs":27},{"file":"mui-CUCPJGs1.js","transferBytes":100504,"decodedBytes":328773,"durationMs":28},{"file":"i18n-D4N_7Z3Q.js","transferBytes":15416,"decodedBytes":46142,"durationMs":20},{"file":"browser-CQeKKnYr.js","transferBytes":87316,"decodedBytes":255636,"durationMs":15},{"file":"service-DOnisuXi.js","transferBytes":54454,"decodedBytes":233456,"durationMs":14},{"file":"index-DH5AOH0G.js","transferBytes":0,"decodedBytes":9416,"durationMs":59},{"file":"hooks-BeC01d3Y.js","transferBytes":0,"decodedBytes":4585,"durationMs":65}]},"bundles":{"javascriptFiles":32,"totalBytes":2617401,"totalGzipBytes":735870,"initialRouteGzipBytes":485552,"proposedBudgets":{"initialRouteGzipKiB":500,"largestChunkGzipKiB":200,"basis":"Local demo preview limits for the measured Chromium artifact; not a backend or platform SLO."},"largest":[{"file":"apps/web/dist-demo/assets/contract-data-CJyvN5AM.js","bytes":375469,"gzipBytes":44431},{"file":"apps/web/dist-demo/assets/mui-CUCPJGs1.js","bytes":328773,"gzipBytes":100204},{"file":"apps/web/dist-demo/assets/charts-uDdGNk6t.js","bytes":320234,"gzipBytes":96785},{"file":"apps/web/dist-demo/assets/react-runtime-gLMyUIL2.js","bytes":279787,"gzipBytes":90283},{"file":"apps/web/dist-demo/assets/browser-CQeKKnYr.js","bytes":255636,"gzipBytes":87016}]},"observedApi":{"path":"/api/v2/session","status":200,"servedBy":"MSW in the built demo artifact"},"dataSource":"synthetic-msw"}
2026-10-10T13:42:33.7341240Z 
2026-10-10T13:42:33.7421357Z [4/407] [chromium] › tests/artifacts/demo-preview.spec.ts:104:1 › a thousand synthetic customers remain API-paginated in the built demo artifact
2026-10-10T13:42:34.8584396Z [chromium] › tests/artifacts/demo-preview.spec.ts:104:1 › a thousand synthetic customers remain API-paginated in the built demo artifact
2026-10-10T13:42:34.8588114Z [large-dataset-api] {"url":"http://127.0.0.1:33685/api/v2/shops/shop-demo/customers?limit=20","count":20,"page":{"limit":20,"total":1004,"hasMore":true,"nextCursor":"perf-customer-0016"},"firstIds":["c1","c2","c3"]}
2026-10-10T13:42:34.8588869Z 
2026-10-10T13:42:34.9058133Z [large-dataset-preview] {"scope":"FRONTEND_WITH_SYNTHETIC_MOCK_API","artifact":"apps/web/dist-demo","datasetId":"FE025-LARGE-CUSTOMERS-1000-V1","generatedRows":1000,"firstPageIds":["c1","c2","c3","c4","perf-customer-0001","perf-customer-0002","perf-customer-0003","perf-customer-0004","perf-customer-0005","perf-customer-0006","perf-customer-0007","perf-customer-0008","perf-customer-0009","perf-customer-0010","perf-customer-0011","perf-customer-0012","perf-customer-0013","perf-customer-0014","perf-customer-0015","perf-customer-0016"],"api":{"status":200,"pageLimit":20,"total":1004,"hasMore":true,"nextCursor":"perf-customer-0016"},"domRowsIncludingHeader":21,"firstPageReadyMs":211,"browser":"Mozilla/5.0 (Windows NT 10.0; Win64; x64) AppleWebKit/537.36 (KHTML, like Gecko) Chrome/153.0.8010.12 Safari/537.36","viewport":{"width":1280,"height":720},"note":"Synthetic customer identities only; the React screen renders one API page and exposes the next cursor instead of mounting the full collection."}
2026-10-10T13:42:34.9061171Z 
2026-10-10T13:42:34.9136595Z [5/407] [chromium] › tests/artifacts/demo-preview.spec.ts:143:1 › the production artifact contains neither the mock worker asset nor MSW fixtures/runtime
2026-10-10T13:42:34.9385029Z [6/407] [chromium] › tests/fe009.spec.ts:37:1 › workspace onboarding creates a shop with an active membership and returns to its scoped route
2026-10-10T13:42:38.5774814Z [7/407] [chromium] › tests/fe009.spec.ts:59:1 › customer create validates fields, submits through mock HTTP, and preserves edits after a stale version
2026-10-10T13:42:43.9676211Z [8/407] [chromium] › tests/fe009.spec.ts:127:1 › customer detail keeps redacted contact fields read-only and does not overwrite them on save
2026-10-10T13:42:45.6958426Z [9/407] [chromium] › tests/fe009.spec.ts:144:1 › job detail follows an export created in the current synthetic shop and can refetch it
2026-10-10T13:42:47.7880500Z [10/407] [chromium] › tests/fe009.spec.ts:179:1 › FE009.G01 shop setup checklist guides to supported pages and leaves missing contract fields unverified
2026-10-10T13:42:49.3603598Z [11/407] [chromium] › tests/fe009.spec.ts:192:1 › FE009.G05 consent management persists challenges without granting consent before customer action
2026-10-10T13:42:51.1744257Z [12/407] [chromium] › tests/fe009.spec.ts:202:1 › FE009.H06 audit screen distinguishes available fields from missing contract detail
2026-10-10T13:42:52.7080729Z [13/407] [chromium] › tests/fe009.spec.ts:211:1 › FE009.B06 after-sale cases only link orders loaded for the selected customer and customer profile shows their shipment
2026-10-10T13:42:58.8673917Z [14/407] [chromium] › tests/fe009.spec.ts:243:1 › team invitation and membership revoke stay shop-scoped and protect the active owner
2026-10-10T13:43:02.2646385Z [15/407] [chromium] › tests/fe009.spec.ts:279:1 › privacy delete requests remain pending approval with no frontend step-up shortcut
2026-10-10T13:43:05.5894708Z [16/407] [chromium] › tests/fe010.spec.ts:40:1 › product editor validates positive prices, protects image-only drafts, and saves variant payload through mock HTTP
2026-10-10T13:43:11.8459089Z [17/407] [chromium] › tests/fe010.spec.ts:110:1 › product update sends If-Match and keeps edits visible after a 412 conflict
2026-10-10T13:43:14.8142408Z [18/407] [chromium] › tests/fe010.spec.ts:142:1 › warehouse role can read catalog products but cannot edit product fields or price cost data
2026-10-10T13:43:16.8102990Z [19/407] [chromium] › tests/fe010.spec.ts:151:1 › categories create, search, update with a version, and render cursor pagination
2026-10-10T13:43:19.6737002Z [20/407] [chromium] › tests/fe010.spec.ts:180:1 › CSV preview reports row-level errors and commits only valid product rows
2026-10-10T13:43:23.0997587Z [21/407] [chromium] › tests/fe010.spec.ts:252:1 › import validation token is rejected with 412 after catalog changes and the preview remains visible
2026-10-10T13:43:26.3346268Z [22/407] [chromium] › tests/fe010.spec.ts:284:1 › CSV demo row limit is explained and rejects more than 1000 data rows before preview
2026-10-10T13:43:28.0977270Z [23/407] [chromium] › tests/fe010.spec.ts:297:1 › demo upload rejects files over 5 MB before making an upload request
2026-10-10T13:43:29.9771672Z [24/407] [chromium] › tests/fe010.spec.ts:308:1 › product category lookup pages the full collection and preserves the selected category while editing
2026-10-10T13:43:48.8182428Z [chromium] › tests/fe010.spec.ts:308:1 › product category lookup pages the full collection and preserves the selected category while editing
2026-10-10T13:43:48.8197870Z UI005 acceptance: {"categoryTotal":105,"createCategoryId":"cat-2","editCategoryId":"cat-0","categoryRequests":20}
2026-10-10T13:43:48.8214554Z 
2026-10-10T13:43:48.8828368Z [25/407] [chromium] › tests/fe011.spec.ts:37:1 › FE011.AC01 snapshot drives stock totals and the SKU opens its catalog result
2026-10-10T13:43:52.0059616Z [26/407] [chromium] › tests/fe011.spec.ts:56:1 › FE011.AC02 adjustment validates, waits for mock confirmation, and reconciles movement history once
2026-10-10T13:43:57.2965273Z [27/407] [chromium] › tests/fe011.spec.ts:95:1 › FE011.AC03 conflict and insufficient stock preserve the draft and never update optimistically
2026-10-10T13:44:01.3692991Z [28/407] [chromium] › tests/fe011.spec.ts:125:1 › FE011.AC03 forbidden adjustment retains user input and shows no success state
2026-10-10T13:44:04.4023153Z [29/407] [chromium] › tests/fe011.spec.ts:141:1 › FE011.AC03 unknown command blocks duplicate submission until shared recovery reconciles it
2026-10-10T13:44:07.8395016Z [30/407] [chromium] › tests/fe011.spec.ts:159:1 › FE011.AC04 movement contract filters are URL-backed and history exposes actor and permission-gated source
2026-10-10T13:44:10.0950447Z [31/407] [chromium] › tests/fe011.spec.ts:187:1 › FE011.AC05 inventory reflows at mobile widths, passes axe, and restores keyboard focus after adjustment dialog
2026-10-10T13:44:12.6819980Z [32/407] [chromium] › tests/fe011.spec.ts:210:1 › FE011.AC03 unknown shop scope shows no stock from another shop
2026-10-10T13:44:13.3254262Z [33/407] [chromium] › tests/fe012.spec.ts:37:1 › FE012.AC01 searchable customer and product pickers submit contract-shaped draft and reject fractional quantity
2026-10-10T13:44:19.2500939Z [34/407] [chromium] › tests/fe012.spec.ts:95:1 › FE012 canonical customer address choice completes the mock order flow with a versioned snapshot
2026-10-10T13:44:25.2009729Z [35/407] [chromium] › tests/fe012.spec.ts:124:1 › FE012.AC01 editing lines invalidates quote and customer consent; a new quote is required before confirmation
2026-10-10T13:44:31.4569569Z [36/407] [chromium] › tests/fe012.spec.ts:184:1 › FE012.AC03 mock stale-version 412 preserves draft fields and does not show success
2026-10-10T13:44:34.0514294Z [37/407] [chromium] › tests/fe012.spec.ts:201:1 › FE012.AC03 offline state blocks quote mutation while retaining the loaded draft
2026-10-10T13:44:35.6545243Z [38/407] [chromium] › tests/fe012.spec.ts:213:1 › FE012.AC03 unknown confirm outcome blocks duplicate writes until shared command recovery is available
2026-10-10T13:44:38.6350287Z [39/407] [chromium] › tests/fe012.spec.ts:259:1 › FE012.AC03 quote and customer confirmation expiration disable confirmation using API time
2026-10-10T13:44:41.3325777Z [40/407] [chromium] › tests/fe012.spec.ts:279:1 › FE012.AC03 returns reject fractional/over-original quantities locally and preserve data on cumulative mock rejection
2026-10-10T13:44:43.2319545Z [41/407] [chromium] › tests/fe012.spec.ts:303:1 › FE012.AC04 return inspection loads the current case and applies accepted partial quantity to mock stock and refund
2026-10-10T13:44:46.9530751Z [42/407] [chromium] › tests/fe012.spec.ts:356:1 › FE012.AC03 handed-over order routes to returns and exposes no ordinary cancel action
2026-10-10T13:44:48.4586293Z [43/407] [chromium] › tests/fe012.spec.ts:363:1 › FE012.AC05 order drafting remains usable without horizontal page overflow and passes focused axe checks
2026-10-10T13:44:50.6947610Z [44/407] [chromium] › tests/fe013.spec.ts:42:1 › FE013.C04 shipping preview distinguishes missing address, unserviceable zone, and expired mock quote
2026-10-10T13:44:54.8588200Z [45/407] [chromium] › tests/fe013.spec.ts:68:1 › FE013.AC01–AC04 stale claim conflict is visible; pick, pack, dispatch and delivery use current API versions once
2026-10-10T13:45:05.4716118Z [46/407] [chromium] › tests/fe013.spec.ts:212:1 › FE013.AC03 unknown handover cannot be repeated before command reconciliation
2026-10-10T13:45:11.3902684Z [47/407] [chromium] › tests/fe013.spec.ts:259:1 › FE013.AC01 role scope and FE013.AC05 responsive shipment/preparation views remain accessible
2026-10-10T13:45:15.6393398Z [48/407] [chromium] › tests/fe014.spec.ts:27:1 › FE014.AC01 multi-line purchase validates MOQ/pack size and binds approval to the created intent
2026-10-10T13:45:20.8304185Z [49/407] [chromium] › tests/fe014.spec.ts:79:1 › FE027.D02 supplier workspace edits the selected contact through its current version and displays MOQ offers
2026-10-10T13:45:23.0232260Z [50/407] [chromium] › tests/fe014.spec.ts:97:1 › FE014.AC02 approval covers the exact purchase intent; unknown send is blocked from blind retry
2026-10-10T13:45:30.0621128Z [51/407] [chromium] › tests/fe014.spec.ts:156:1 › FE014.S03 auto-send requires an active matching purchase delegation
2026-10-10T13:45:33.5508539Z [52/407] [chromium] › tests/fe014.spec.ts:170:1 › FE014.S04 owner manages a paused purchase delegation only after rechecking the buyer role
2026-10-10T13:45:40.1603431Z [53/407] [chromium] › tests/fe014.spec.ts:217:1 › FE014.S03 manager without procurement.receive cannot open receipt actions
2026-10-10T13:45:43.3686393Z [54/407] [chromium] › tests/fe014.spec.ts:237:1 › FE014.AC03 partial receipt posts only accepted units to synthetic stock and payable once
2026-10-10T13:45:49.3879355Z [55/407] [chromium] › tests/fe014.spec.ts:308:1 › FE014.D03/D04/D07 replenishment uses min-max rules, labels forecast limits, and blocks duplicate proposals
2026-10-10T13:45:52.5906482Z [56/407] [chromium] › tests/fe015.spec.ts:59:1 › FE015.AC01 report filters use exact timezone boundaries and mock API aggregates
2026-10-10T13:45:55.7833054Z [57/407] [chromium] › tests/fe015.spec.ts:109:1 › FE021.E08 report explanation is mock-only, cites the filtered P&L snapshot, and never writes finance data
2026-10-10T13:45:57.0913078Z [58/407] [chromium] › tests/fe015.spec.ts:130:1 › UI003 report timestamps follow the active shop timezone
2026-10-10T13:46:01.5901318Z [59/407] [chromium] › tests/fe015.spec.ts:187:1 › FE015.E02/E03 profit report renders canonical cost, gross-profit and operating-expense values
2026-10-10T13:46:02.8269406Z [60/407] [chromium] › tests/fe015.spec.ts:215:1 › FE015.AC02 journal rejects unbalanced decimal lines before POST and sends exact money strings
2026-10-10T13:46:07.2888803Z [61/407] [chromium] › tests/fe015.spec.ts:250:1 › FE015.AC02 closed accounting period is visible and disables journal draft creation
2026-10-10T13:46:10.1862072Z [62/407] [chromium] › tests/fe015.spec.ts:274:1 › FE015.AC03 CSV import keeps partial row failures visible and deduplicates external transactions
2026-10-10T13:46:14.0652728Z [63/407] [chromium] › tests/fe015.spec.ts:297:1 › UI001 reconciliation cursors stay scoped and dialogs load choices beyond the visible table page
2026-10-10T13:46:27.3663494Z [64/407] [chromium] › tests/fe015.spec.ts:424:1 › FE015.AC03 COD settlement matches net remittance plus documented fee
2026-10-10T13:46:33.2268823Z [65/407] [chromium] › tests/fe015.spec.ts:459:1 › FE015.AC03 partial bank allocation leaves the remaining amount and debt visible
2026-10-10T13:46:37.1880033Z [66/407] [chromium] › tests/fe015.spec.ts:485:1 › FE015.AC03 unknown journal posting is not resent from the same draft
2026-10-10T13:46:43.2449369Z [67/407] [chromium] › tests/fe016.spec.ts:70:1 › UI015 mobile demo tools disclose by keyboard and inbox stays within narrow viewports
2026-10-10T13:46:45.8285952Z [68/407] [chromium] › tests/fe016.spec.ts:103:1 › FE016 conversation keeps its composer visible while long demo context scrolls independently
2026-10-10T13:46:47.5275942Z [69/407] [chromium] › tests/fe016.spec.ts:210:1 › FE016.AC01 inbox filters call canonical query fields and remain bookmarked through conversation details
2026-10-10T13:46:50.1732770Z [70/407] [chromium] › tests/fe016.spec.ts:238:1 › Shared consolidation Inbox preserves selected filters and composer draft through metadata pending error empty and recovery
2026-10-10T13:46:52.8985537Z [71/407] [chromium] › tests/fe016.spec.ts:298:1 › FE016.AC01 list cursor is isolated from message cursor and restored on back navigation
2026-10-10T13:46:54.3809982Z [72/407] [chromium] › tests/fe016.spec.ts:317:1 › UI002 inbox list and message cursors stay independent through paging, conversation switch and shop change
2026-10-10T13:46:58.2329571Z [73/407] [chromium] › tests/fe016.spec.ts:406:1 › UI002 mobile keeps the list page while messages page and Back restores it
2026-10-10T13:47:01.3505353Z [74/407] [chromium] › tests/fe016.spec.ts:450:1 › UI002 Inbox search resets only the list cursor while a message page is open
2026-10-10T13:47:04.0292294Z [75/407] [chromium] › tests/fe016.spec.ts:507:1 › UI002 deep link, refresh and mobile Back preserve their own cursors
2026-10-10T13:47:06.6565773Z [76/407] [chromium] › tests/fe016.spec.ts:561:1 › UI002 list and message panel errors remain isolated
2026-10-10T13:47:12.5308760Z [77/407] [chromium] › tests/fe016.spec.ts:585:1 › UI002 send, invalidation and resync keep both cursors and send only once
2026-10-10T13:47:15.3795389Z [78/407] [chromium] › tests/fe016.spec.ts:645:1 › FE016.AC01 takeover and reply use current versions and show API send state without claiming delivery
2026-10-10T13:47:17.7196946Z [79/407] [chromium] › tests/fe016.spec.ts:672:1 › FE016.AC02 internal notes render HTML-like text inert and feedback creates only a review draft
2026-10-10T13:47:19.8701330Z [80/407] [chromium] › tests/fe016.spec.ts:705:1 › FE016.AC03 unknown send keeps the reply draft, exposes command recovery and never blindly resends
2026-10-10T13:47:22.1381618Z [81/407] [chromium] › tests/fe016.spec.ts:728:1 › FE016.AC04 role without customer/order permissions cannot open those cross-module references
2026-10-10T13:47:24.0406250Z [82/407] [chromium] › tests/fe016.spec.ts:739:1 › FE016.S03 stale takeover preserves reason and reports the version conflict
2026-10-10T13:47:27.0249702Z [83/407] [chromium] › tests/fe016.spec.ts:755:1 › FE016.B05 cross-sell promotion preview shows sample rules without applying a discount
2026-10-10T13:47:28.4311184Z [84/407] [chromium] › tests/fe016.spec.ts:769:1 › FE016.B08 capability-driven image, voice and document media upload and send by scoped file IDs
2026-10-10T13:47:31.3776893Z [85/407] [chromium] › tests/fe016.spec.ts:835:1 › FE016.B09 pending media send preserves newer text and blocks blind retry after unknown outcome
2026-10-10T13:47:36.6755977Z [86/407] [chromium] › tests/fe016.spec.ts:879:1 › FE016.B10 a channel without an explicit media policy keeps text composer and denies attachments
2026-10-10T13:47:38.0962207Z [87/407] [chromium] › tests/fe016.spec.ts:891:1 › FE027.B01 industry sales script preview asks for missing facts and stays a local draft
2026-10-10T13:47:39.9625633Z [88/407] [chromium] › tests/fe016.spec.ts:907:1 › FE027.B02 inbox price and available stock preview uses current canonical mock reads
2026-10-10T13:47:41.4242298Z [89/407] [chromium] › tests/fe016.spec.ts:928:1 › FE027.B03 order capture links the active customer and conversation into the manual order form
2026-10-10T13:47:43.3799459Z [90/407] [chromium] › tests/fe016.spec.ts:938:1 › FE027.B04 automatic order confirmation stays unavailable until policy and customer evidence exist
2026-10-10T13:47:44.9254966Z [91/407] [chromium] › tests/fe017-validation.spec.ts:15:1 › FE017 synthetic 422 keeps the knowledge draft fields and shows field errors
2026-10-10T13:47:48.0025427Z [92/407] [chromium] › tests/fe017.spec.ts:26:1 › FE017.AC01 demo publishing uses the approved permission and lifecycle substitute without an API allowedActions field
2026-10-10T13:47:53.8699543Z [93/407] [chromium] › tests/fe017.spec.ts:117:1 › FE017.AC02 knowledge file upload sends canonical purpose and detail reads processing status
2026-10-10T13:47:56.6039951Z [94/407] [chromium] › tests/fe017.spec.ts:156:1 › FE017 price and stock source preview uses canonical product and timestamped inventory APIs
2026-10-10T13:47:57.9740863Z [95/407] [chromium] › tests/fe017.spec.ts:189:1 › FE017.AC03 missing content, unsupported and oversized files keep creation unavailable
2026-10-10T13:48:00.1441577Z [96/407] [chromium] › tests/fe017.spec.ts:211:1 › FE017.AC04 feedback approval creates inert draft content and its first revision only
2026-10-10T13:48:03.6542457Z [97/407] [chromium] › tests/fe017.spec.ts:244:1 › FE017.AC05 manager sees knowledge read-only and synthetic API rejects purpose-specific upload and publish
2026-10-10T13:48:05.3796023Z [98/407] [chromium] › tests/fe017.spec.ts:265:1 › FE017.AC06 stale review preserves the reason and explains the conflict
2026-10-10T13:48:07.2557056Z [99/407] [chromium] › tests/fe017.spec.ts:280:1 › FE027.G02 product content brief edits source, size, warranty, alternatives, and forbidden claims locally
2026-10-10T13:48:08.8019666Z [100/407] [chromium] › tests/fe017.spec.ts:298:1 › FE027.G03 policy revisions keep the published snapshot immutable when a draft changes
2026-10-10T13:48:10.4430536Z [101/407] [chromium] › tests/fe018.spec.ts:130:1 › FE018.S01 maps routes and operations to the canonical OpenAPI permissions
2026-10-10T13:48:10.8103660Z [102/407] [chromium] › tests/fe018.spec.ts:147:1 › FE018.AC01/04 draft saves use the contract version and keep human order confirmation locked after a conflict
2026-10-10T13:48:16.2648338Z [103/407] [chromium] › tests/fe018.spec.ts:178:1 › FE018.AC03 evaluation is synthetic, revision-bound, and cannot publish a stale draft
2026-10-10T13:48:21.2344747Z [104/407] [chromium] › tests/fe018.spec.ts:202:1 › FE018.AC01/04 successful publish is tied to the tested revision and pause explains its boundary
2026-10-10T13:48:25.9828784Z [105/407] [chromium] › tests/fe018.spec.ts:232:1 › FE018.AC03 playground sends no external message and preserves unknown cost and token values
2026-10-10T13:48:28.8499074Z [106/407] [chromium] › tests/fe018.spec.ts:254:1 › FE018.S03 synthetic budget and tool denials retain the prompt and never show a generated answer
2026-10-10T13:48:33.3758615Z [107/407] [chromium] › tests/fe018.spec.ts:280:1 › FE027.H03 budget and provider failover preview refuses silent provider switching on exhaustion
2026-10-10T13:48:36.0587314Z [108/407] [chromium] › tests/fe018.spec.ts:294:1 › FE018.AC02 role kill switch is versioned, preserves API tools, and does not pause the whole bot
2026-10-10T13:48:41.6337049Z [109/407] [chromium] › tests/fe018.spec.ts:335:1 › FE018.AC02 expired, wrong-scope, and matching approvals produce honest budget results
2026-10-10T13:48:45.0596439Z [110/407] [chromium] › tests/fe018.spec.ts:363:1 › FE018.AC05 manager and bot-admin roles cannot use operations outside their canonical permissions
2026-10-10T13:48:48.7251973Z [111/407] [chromium] › tests/fe018.spec.ts:395:1 › FE018.AC05 unknown role command stays unresolved and does not claim successful resumption
2026-10-10T13:48:52.9048776Z [112/407] [chromium] › tests/fe018.spec.ts:411:1 › UI004 25 evaluations: cursor pages reach the last record and preserve detail, search, and browser Back state
2026-10-10T13:48:58.1117505Z [chromium] › tests/fe018.spec.ts:411:1 › UI004 25 evaluations: cursor pages reach the last record and preserve detail, search, and browser Back state
2026-10-10T13:48:58.1118853Z UI004_25_ACCEPTANCE={"total":25,"pageSizes":[20,5],"cursor":"evaluation-10016","oldestRecord":"evaluation-10001","oldestReachable":true,"detailPreservedCursor":true,"browserBackRestoredFirstPage":true,"searchResetCursor":true}
2026-10-10T13:48:58.1119431Z 
2026-10-10T13:48:58.1656885Z [113/407] [chromium] › tests/fe018.spec.ts:457:1 › UI004 105 evaluations: cursor traversal reaches every record and retains the failing cursor for retry
2026-10-10T13:49:10.0355456Z [chromium] › tests/fe018.spec.ts:457:1 › UI004 105 evaluations: cursor traversal reaches every record and retains the failing cursor for retry
2026-10-10T13:49:10.0356895Z UI004_105_ACCEPTANCE={"total":105,"pageSizes":[20,20,20,20,20,5],"pagesVisited":6,"cursorRequests":["evaluation-10256","evaluation-10196","evaluation-10136","evaluation-10076","evaluation-10016"],"uniqueRecords":105,"oldestRecord":"evaluation-10001","oldestReachable":true,"failedCursorRetainedForRetry":"evaluation-10196","errorShowsNoFabricatedRows":true,"retrySucceeded":true}
2026-10-10T13:49:10.0358027Z 
2026-10-10T13:49:10.1021596Z [114/407] [chromium] › tests/fe019.spec.ts:21:1 › FE019.S01 maps integrations and notification routes, actions, schemas, and mock boundaries
2026-10-10T13:49:10.3687065Z [115/407] [chromium] › tests/fe019.spec.ts:70:1 › FE019.AC01 AI secret is write-only, cleared after submit, and absent from stored/read data
2026-10-10T13:49:14.1056765Z [116/407] [chromium] › tests/fe019.spec.ts:117:1 › FE019.AC01 invalid mock credential is rejected, cleared from the form, and not submitted
2026-10-10T13:49:16.3086109Z [117/407] [chromium] › tests/fe019.spec.ts:138:1 › FE019.AC02 channel OAuth failure stays on the page and never marks a channel connected
2026-10-10T13:49:18.0449965Z [118/407] [chromium] › tests/fe019.spec.ts:172:1 › FE019.AC03/04 device, Telegram, and PWA checks stay synthetic and do not request OS permission
2026-10-10T13:49:21.8189391Z [119/407] [chromium] › tests/fe019.spec.ts:251:1 › FE019.AC05 notification policy validates canonical numeric bounds before sending and acknowledges only allowed work
2026-10-10T13:49:24.7453708Z [120/407] [chromium] › tests/fe019.spec.ts:273:1 › FE019.A03 notification order link stays within the active shop scope
2026-10-10T13:49:26.6904997Z [121/407] [chromium] › tests/fe019.spec.ts:282:1 › FE019.A05 reminder policy saves shop-local schedule and quiet hours through the synthetic API
2026-10-10T13:49:28.8111168Z [122/407] [chromium] › tests/fe019.spec.ts:309:1 › FE027.A02/A07 preparation notification keeps order evidence and separates queued, opened, and acknowledged states
2026-10-10T13:49:29.9361730Z [123/407] [chromium] › tests/fe019.spec.ts:334:1 › FE027.A08 notification settings disclose server-only deduplication and callback safeguards
2026-10-10T13:49:31.5540106Z [124/407] [chromium] › tests/fe020.spec.ts:43:1 › FE020.AC01 approval detail is fetched and a changed source resource rejects the stale decision
2026-10-10T13:49:36.9585246Z [125/407] [chromium] › tests/fe020.spec.ts:89:1 › FE020.AC02/03 work-item actions follow allowedActions and operations health stays explicitly synthetic
2026-10-10T13:49:40.5480871Z [126/407] [chromium] › tests/fe020.spec.ts:140:1 › FE020.AC03 role pause control uses the canonical versioned mock and never claims readiness
2026-10-10T13:49:42.5166057Z [127/407] [chromium] › tests/fe020.spec.ts:157:1 › FE020.F03 operations exception filter groups overdue, blocked, and unclaimed synthetic work
2026-10-10T13:49:44.1829060Z [128/407] [chromium] › tests/fe020.spec.ts:178:1 › FE020.F05 purchase delegation is bounded, saved paused, and requires a separate activation decision
2026-10-10T13:49:49.2956737Z [129/407] [chromium] › tests/fe020.spec.ts:209:1 › FE020.F06/H01 digest and dependency health panels show synthetic history without claiming workers are ready
2026-10-10T13:49:50.5494368Z [130/407] [chromium] › tests/fe020.spec.ts:242:1 › FE027.H08 restore and release readiness stay unknown without a verified rehearsal or deployment gate
2026-10-10T13:49:52.1704992Z [131/407] [chromium] › tests/fe021.spec.ts:34:1 › FE021 dashboard keeps independent panels usable and hides finance fields without finance.read
2026-10-10T13:49:54.9435235Z [132/407] [chromium] › tests/fe021.spec.ts:46:1 › FE021 timezone and privacy validation waits for interaction and blocks invalid writes
2026-10-10T13:49:59.2676119Z [133/407] [chromium] › tests/fe021.spec.ts:82:1 › FE021 approval and shipment work queues appear before sample previews
2026-10-10T13:50:02.4515540Z [134/407] [chromium] › tests/fe021.spec.ts:104:1 › FE021 marketing filters preserve API-side aggregates, URL context and missing actual spend
2026-10-10T13:50:06.5020954Z [135/407] [chromium] › tests/fe021.spec.ts:170:5 › FE021 marketing filters preserve edits while the default period response is pending
2026-10-10T13:50:12.1077726Z [136/407] [chromium] › tests/fe021.spec.ts:170:5 › FE021 marketing filters preserve edits while the canonical period response is pending
2026-10-10T13:50:17.2200229Z [137/407] [chromium] › tests/fe021.spec.ts:234:1 › FE021 invalid marketing deep links mark the responsible field and never send the invalid range
2026-10-10T13:50:18.3057076Z [138/407] [chromium] › tests/fe021.spec.ts:248:1 › FE021 export uses inclusive shop-local boundaries, safe CSV, API jobs and cursor pagination
2026-10-10T13:50:22.8785288Z [139/407] [chromium] › tests/fe021.spec.ts:303:1 › FE021 mock rejects an export when reports.export lacks the source permission
2026-10-10T13:50:24.7937624Z [140/407] [chromium] › tests/fe021.spec.ts:323:1 › FE021 mock rejects an invalid report timezone before creating an export job
2026-10-10T13:50:26.2134463Z [141/407] [chromium] › tests/fe021.spec.ts:343:1 › FE021 ambiguous export result preserves the selected dates and never exposes a download
2026-10-10T13:50:28.4321564Z [142/407] [chromium] › tests/fe021.spec.ts:356:1 › FE021 empty report and marketing payloads render explicit empty states
2026-10-10T13:50:31.3754771Z [143/407] [chromium] › tests/fe021.spec.ts:375:1 › FE021 stale export conflict preserves dates and never exposes a download
2026-10-10T13:50:33.8786125Z [144/407] [chromium] › tests/frontend-corrections.spec.ts:18:1 › F01 preserves a customer draft, compares three snapshots, and PATCHes only chosen changes
2026-10-10T13:50:37.6824745Z [145/407] [chromium] › tests/frontend-corrections.spec.ts:46:1 › F01 requires an explicit choice for a field changed by both editors
2026-10-10T13:50:39.9461456Z [146/407] [chromium] › tests/frontend-corrections.spec.ts:62:1 › F06 detects an order draft and blocks navigation until explicit discard
2026-10-10T13:50:41.9855962Z [147/407] [chromium] › tests/frontend-corrections.spec.ts:75:1 › F02 retains an unsaved product image through an unrelated refetch
2026-10-10T13:50:43.6641945Z [148/407] [chromium] › tests/frontend-corrections.spec.ts:87:1 › F03 retains notification-policy inputs through a background resync and navigation
2026-10-10T13:50:45.1439147Z [149/407] [chromium] › tests/frontend-corrections.spec.ts:98:1 › F05 keeps text typed while a previous internal note is pending
2026-10-10T13:50:47.7845027Z [150/407] [chromium] › tests/frontend-corrections.spec.ts:113:1 › F08 validates 4001 customer-note characters at the field and accepts 4000
2026-10-10T13:50:50.1832860Z [151/407] [chromium] › tests/frontend-corrections.spec.ts:147:1 › F07 routes the fulfillment footer close through the shared discard guard
2026-10-10T13:50:51.7332974Z [152/407] [chromium] › tests/frontend-corrections.spec.ts:161:1 › F09 refreshes new Inbox messages without refetching the visible product and stock snapshots
2026-10-10T13:50:53.5648477Z [153/407] [chromium] › tests/frontend-corrections.spec.ts:191:1 › F01 shop settings merges a server-only locale change and preserves edits typed during save
2026-10-10T13:50:56.2487889Z [154/407] [chromium] › tests/frontend-corrections.spec.ts:219:1 › F03 privacy policy preserves refetch drafts and compares before applying the newest version
2026-10-10T13:50:58.2812502Z [155/407] [chromium] › tests/frontend-corrections.spec.ts:236:1 › F01 category keeps a late edit after saving, and reopens with a clean current baseline
2026-10-10T13:51:01.5511064Z [156/407] [chromium] › tests/frontend-corrections.spec.ts:257:1 › F01 supplier preserves a concurrent server-only term and PATCHes the local name
2026-10-10T13:51:03.4277525Z [157/407] [chromium] › tests/frontend-corrections.spec.ts:274:1 › F08 customer update enforces 4000/4001 before HTTP and retains a 422 draft
2026-10-10T13:51:05.4871513Z [158/407] [chromium] › tests/frontend-corrections.spec.ts:302:1 › F05 keeps mode changes and unknown sends, locks another send, and observes recovery-registry completion
2026-10-10T13:51:08.4638184Z [159/407] [chromium] › tests/frontend-corrections.spec.ts:328:1 › F01 order editor keeps its original version and compares whole line lists before PATCH
2026-10-10T13:51:11.5005190Z [160/407] [chromium] › tests/frontend-corrections.spec.ts:350:1 › F06 guards added order rows, shop switch, logout and native reload; successful creation leaves no false guard
2026-10-10T13:51:26.6076554Z [161/407] [chromium] › tests/frontend-corrections.spec.ts:375:1 › F01 analogous return-inspection draft does not adopt a refetched version without comparison
2026-10-10T13:51:29.2154915Z [162/407] [chromium] › tests/frontend-corrections.spec.ts:415:1 › F01 comparison supports keyboard choices, server changes again, axe and 320px reflow with long content
2026-10-10T13:51:31.9346640Z [163/407] [chromium] › tests/frontend-corrections.spec.ts:444:1 › F08 privacy bounds reject invalid days and long jurisdiction before HTTP
2026-10-10T13:51:34.7275226Z [164/407] [chromium] › tests/frontend-corrections.spec.ts:474:1 › F06 order custom close respects the draft guard and busy editors remain protected
2026-10-10T13:51:38.7720760Z [165/407] [chromium] › tests/frontend.spec.ts:41:1 › catalog create uses the HTTP mock and successful save clears the draft guard
2026-10-10T13:51:42.9720536Z [166/407] [chromium] › tests/frontend.spec.ts:73:1 › dirty drafts block in-app navigation and preserve input until the user decides
2026-10-10T13:51:45.6857497Z [167/407] [chromium] › tests/frontend.spec.ts:91:1 › all canonical routes render inside the real React demo application
2026-10-10T13:52:43.1269231Z [168/407] [chromium] › tests/frontend.spec.ts:116:1 › switching shops cancels a delayed request and loads only the new shop scope
2026-10-10T13:52:49.2636710Z [169/407] [chromium] › tests/frontend.spec.ts:134:1 › role changes remove restricted navigation and the route guard explains denied access
2026-10-10T13:52:50.8316043Z [170/407] [chromium] › tests/frontend.spec.ts:147:1 › deep links survive browser refresh and logout clears the mock session
2026-10-10T13:52:54.4909633Z [171/407] [chromium] › tests/frontend.spec.ts:160:1 › logout asks before discarding a draft and retains the session when logout fails
2026-10-10T13:52:57.0122170Z [172/407] [chromium] › tests/frontend.spec.ts:217:1 › mobile navigation opens, routes, and closes without viewport overflow
2026-10-10T13:52:58.8276012Z [173/407] [chromium] › tests/frontend.spec.ts:231:1 › chunk loading errors use the route recovery boundary
2026-10-10T13:52:59.8681363Z [174/407] [chromium] › tests/frontend.spec.ts:270:1 › live mode reports an unavailable session API without enabling mock data
2026-10-10T13:53:00.4597528Z [175/407] [chromium] › tests/route-role-matrix.spec.ts:44:1 › route read access matches canonical permissions for every demo role
2026-10-10T13:53:29.3694783Z [chromium] › tests/route-role-matrix.spec.ts:44:1 › route read access matches canonical permissions for every demo role
2026-10-10T13:53:29.3695813Z ROUTE_ROLE_MATRIX_CASES=399 ROLES=7 PRIVATE_ROUTES=57 RESULT=PASS
2026-10-10T13:53:29.3696264Z 
2026-10-10T13:53:29.4371232Z [176/407] [chromium] › tests/security.spec.ts:36:1 › untrusted product text renders as text without activating markup
2026-10-10T13:53:32.7196917Z [177/407] [chromium] › tests/security.spec.ts:54:1 › catalog import rejects a non-CSV file before an upload request
2026-10-10T13:53:34.1694779Z [178/407] [chromium] › tests/security.spec.ts:72:1 › catalog import rejects files above the demo size limit before upload
2026-10-10T13:53:35.9586132Z [179/407] [chromium] › tests/security.spec.ts:90:1 › mock uploads require a purpose, enforce its role, and fingerprint file content for retries
2026-10-10T13:53:38.8999863Z [180/407] [chromium] › tests/session/demo-server-cache-isolation.spec.ts:7:1 › concurrent demo servers use isolated Vite caches and load the React app
2026-10-10T13:53:39.2794206Z [chromium] › tests/session/demo-server-cache-isolation.spec.ts:7:1 › concurrent demo servers use isolated Vite caches and load the React app
2026-10-10T13:53:39.2826091Z VITE_CACHE_ISOLATION=PASS rootA=/tmp/botsales-vite-cache/2fbc71299afedf720605/test-demo/playwright-5666-f402f2f5-a8bc-4f79-a240-d64a754717ee-parallel-a rootB=/tmp/botsales-vite-cache/2fbc71299afedf720605/test-demo/playwright-5666-f402f2f5-a8bc-4f79-a240-d64a754717ee-parallel-b otherCheckout=true
2026-10-10T13:53:39.2854907Z 
2026-10-10T13:53:42.9181391Z [181/407] [chromium] › tests/session/demo-worker-startup.spec.ts:17:1 › demo conditional module requests return complete exports without changing live or non-asset caching
2026-10-10T13:53:47.2947098Z [182/407] [chromium] › tests/session/demo-worker-startup.spec.ts:80:1 › demo startup explains the required setup when the browser blocks Service Workers
2026-10-10T13:53:47.9067108Z [183/407] [chromium] › tests/session/session-revocation.spec.ts:20:1 › session.revoked SSE closes the stream and clears the active shop session
2026-10-10T13:53:50.8885778Z [184/407] [chromium] › tests/session/session-unauthorized.spec.ts:17:1 › expired live session redirects to login and preserves the requested shop route
2026-10-10T13:53:53.3066025Z [185/407] [chromium] › tests/states/fe023.spec.ts:18:1 › FE023.S04 a dirty dialog keeps the form value until the user confirms discard
2026-10-10T13:53:56.4548286Z [186/407] [chromium] › tests/states/fe023.spec.ts:36:1 › FE023.S03 a customer lookup loads the next cursor page without dropping earlier choices
2026-10-10T13:53:59.2216893Z [187/407] [chromium] › tests/states/fe023.spec.ts:77:1 › FE023.S04 delayed requests show loading and failed refresh keeps a retry path
2026-10-10T13:54:07.4538465Z [188/407] [chromium] › tests/states/fe023.spec.ts:107:1 › FE023 unsaved shop settings are preserved when navigation switches shop scope
2026-10-10T13:54:10.7250001Z [189/407] [chromium] › tests/states/fe023.spec.ts:125:1 › FE023 a saved shop form resets its dirty baseline and reports success
2026-10-10T13:54:12.6958167Z [190/407] [chromium] › tests/states/route-empty-composition.spec.ts:29:1 › empty collection responses render accessible empty states on canonical list routes
2026-10-10T13:54:16.6295813Z [chromium] › tests/states/route-empty-composition.spec.ts:29:1 › empty collection responses render accessible empty states on canonical list routes
2026-10-10T13:54:16.6296551Z ROUTE_EMPTY_COMPOSITION_PROGRESS=3/11
2026-10-10T13:54:16.6296816Z 
2026-10-10T13:54:17.1791235Z ROUTE_EMPTY_COMPOSITION_PROGRESS=6/11
2026-10-10T13:54:17.1791552Z 
2026-10-10T13:54:18.0012038Z ROUTE_EMPTY_COMPOSITION_PROGRESS=9/11
2026-10-10T13:54:18.0012299Z 
2026-10-10T13:54:18.1892941Z ROUTE_EMPTY_COMPOSITION=11/11 RESULT=PASS
2026-10-10T13:54:18.1893454Z 
2026-10-10T13:54:18.2541928Z [191/407] [chromium] › tests/states/route-error-composition.spec.ts:44:9 › every shop route composes the shared API error state with its page content › R04 /s/:shopId/overview
2026-10-10T13:54:22.8882967Z [chromium] › tests/states/route-error-composition.spec.ts:44:9 › every shop route composes the shared API error state with its page content › R04 /s/:shopId/overview
2026-10-10T13:54:22.8884465Z ROUTE_ERROR_COMPOSITION_ROUTE=R04 RESULT=PASS
2026-10-10T13:54:22.8884829Z 
2026-10-10T13:54:22.8973927Z [192/407] [chromium] › tests/states/route-error-composition.spec.ts:44:9 › every shop route composes the shared API error state with its page content › R05 /s/:shopId/inbox
2026-10-10T13:54:26.3848828Z [chromium] › tests/states/route-error-composition.spec.ts:44:9 › every shop route composes the shared API error state with its page content › R05 /s/:shopId/inbox
2026-10-10T13:54:26.3849546Z ROUTE_ERROR_COMPOSITION_ROUTE=R05 RESULT=PASS
2026-10-10T13:54:26.3849754Z 
2026-10-10T13:54:26.3971161Z [193/407] [chromium] › tests/states/route-error-composition.spec.ts:44:9 › every shop route composes the shared API error state with its page content › R06 /s/:shopId/inbox/:conversationId
2026-10-10T13:54:29.7641000Z [chromium] › tests/states/route-error-composition.spec.ts:44:9 › every shop route composes the shared API error state with its page content › R06 /s/:shopId/inbox/:conversationId
2026-10-10T13:54:29.7657348Z ROUTE_ERROR_COMPOSITION_ROUTE=R06 RESULT=PASS
2026-10-10T13:54:29.7659096Z 
2026-10-10T13:54:29.7758511Z [194/407] [chromium] › tests/states/route-error-composition.spec.ts:44:9 › every shop route composes the shared API error state with its page content › R07 /s/:shopId/customers
2026-10-10T13:54:33.2254749Z [chromium] › tests/states/route-error-composition.spec.ts:44:9 › every shop route composes the shared API error state with its page content › R07 /s/:shopId/customers
2026-10-10T13:54:33.2255221Z ROUTE_ERROR_COMPOSITION_ROUTE=R07 RESULT=PASS
2026-10-10T13:54:33.2255347Z 
2026-10-10T13:54:33.2337408Z [195/407] [chromium] › tests/states/route-error-composition.spec.ts:44:9 › every shop route composes the shared API error state with its page content › R08 /s/:shopId/customers/:customerId
2026-10-10T13:54:36.9945285Z [chromium] › tests/states/route-error-composition.spec.ts:44:9 › every shop route composes the shared API error state with its page content › R08 /s/:shopId/customers/:customerId
2026-10-10T13:54:36.9945778Z ROUTE_ERROR_COMPOSITION_ROUTE=R08 RESULT=PASS
2026-10-10T13:54:36.9945902Z 
2026-10-10T13:54:37.0089633Z [196/407] [chromium] › tests/states/route-error-composition.spec.ts:44:9 › every shop route composes the shared API error state with its page content › R09 /s/:shopId/products
2026-10-10T13:54:40.8881562Z [chromium] › tests/states/route-error-composition.spec.ts:44:9 › every shop route composes the shared API error state with its page content › R09 /s/:shopId/products
2026-10-10T13:54:40.8882594Z ROUTE_ERROR_COMPOSITION_ROUTE=R09 RESULT=PASS
2026-10-10T13:54:40.8883321Z 
2026-10-10T13:54:40.9010129Z [197/407] [chromium] › tests/states/route-error-composition.spec.ts:44:9 › every shop route composes the shared API error state with its page content › R10 /s/:shopId/products/new
2026-10-10T13:54:44.7648947Z [chromium] › tests/states/route-error-composition.spec.ts:44:9 › every shop route composes the shared API error state with its page content › R10 /s/:shopId/products/new
2026-10-10T13:54:44.7649656Z ROUTE_ERROR_COMPOSITION_ROUTE=R10 RESULT=PASS
2026-10-10T13:54:44.7649842Z 
2026-10-10T13:54:44.7738868Z [198/407] [chromium] › tests/states/route-error-composition.spec.ts:44:9 › every shop route composes the shared API error state with its page content › R11 /s/:shopId/products/:productId
2026-10-10T13:54:48.1200876Z [chromium] › tests/states/route-error-composition.spec.ts:44:9 › every shop route composes the shared API error state with its page content › R11 /s/:shopId/products/:productId
2026-10-10T13:54:48.1201366Z ROUTE_ERROR_COMPOSITION_ROUTE=R11 RESULT=PASS
2026-10-10T13:54:48.1201531Z 
2026-10-10T13:54:48.1293604Z [199/407] [chromium] › tests/states/route-error-composition.spec.ts:44:9 › every shop route composes the shared API error state with its page content › R12 /s/:shopId/categories
2026-10-10T13:54:51.5681632Z [chromium] › tests/states/route-error-composition.spec.ts:44:9 › every shop route composes the shared API error state with its page content › R12 /s/:shopId/categories
2026-10-10T13:54:51.5682361Z ROUTE_ERROR_COMPOSITION_ROUTE=R12 RESULT=PASS
2026-10-10T13:54:51.5682546Z 
2026-10-10T13:54:51.5836117Z [200/407] [chromium] › tests/states/route-error-composition.spec.ts:44:9 › every shop route composes the shared API error state with its page content › R13 /s/:shopId/imports
2026-10-10T13:54:55.0457402Z [chromium] › tests/states/route-error-composition.spec.ts:44:9 › every shop route composes the shared API error state with its page content › R13 /s/:shopId/imports
2026-10-10T13:54:55.0458098Z ROUTE_ERROR_COMPOSITION_ROUTE=R13 RESULT=PASS
2026-10-10T13:54:55.0458330Z 
2026-10-10T13:54:55.0550760Z [201/407] [chromium] › tests/states/route-error-composition.spec.ts:44:9 › every shop route composes the shared API error state with its page content › R14 /s/:shopId/imports/:jobId
2026-10-10T13:54:58.5896826Z [chromium] › tests/states/route-error-composition.spec.ts:44:9 › every shop route composes the shared API error state with its page content › R14 /s/:shopId/imports/:jobId
2026-10-10T13:54:58.5945835Z ROUTE_ERROR_COMPOSITION_ROUTE=R14 RESULT=PASS
2026-10-10T13:54:58.6004609Z 
2026-10-10T13:54:58.6345969Z [202/407] [chromium] › tests/states/route-error-composition.spec.ts:44:9 › every shop route composes the shared API error state with its page content › R15 /s/:shopId/inventory
2026-10-10T13:55:02.1406227Z [chromium] › tests/states/route-error-composition.spec.ts:44:9 › every shop route composes the shared API error state with its page content › R15 /s/:shopId/inventory
2026-10-10T13:55:02.1406957Z ROUTE_ERROR_COMPOSITION_ROUTE=R15 RESULT=PASS
2026-10-10T13:55:02.1407568Z 
2026-10-10T13:55:02.1507059Z [203/407] [chromium] › tests/states/route-error-composition.spec.ts:44:9 › every shop route composes the shared API error state with its page content › R16 /s/:shopId/inventory/movements
2026-10-10T13:55:05.6261988Z [chromium] › tests/states/route-error-composition.spec.ts:44:9 › every shop route composes the shared API error state with its page content › R16 /s/:shopId/inventory/movements
2026-10-10T13:55:05.6262753Z ROUTE_ERROR_COMPOSITION_ROUTE=R16 RESULT=PASS
2026-10-10T13:55:05.6262957Z 
2026-10-10T13:55:05.6366385Z [204/407] [chromium] › tests/states/route-error-composition.spec.ts:44:9 › every shop route composes the shared API error state with its page content › R17 /s/:shopId/orders
2026-10-10T13:55:08.9645269Z [chromium] › tests/states/route-error-composition.spec.ts:44:9 › every shop route composes the shared API error state with its page content › R17 /s/:shopId/orders
2026-10-10T13:55:08.9646137Z ROUTE_ERROR_COMPOSITION_ROUTE=R17 RESULT=PASS
2026-10-10T13:55:08.9646442Z 
2026-10-10T13:55:08.9745843Z [205/407] [chromium] › tests/states/route-error-composition.spec.ts:44:9 › every shop route composes the shared API error state with its page content › R18 /s/:shopId/orders/new
2026-10-10T13:55:12.4676208Z [chromium] › tests/states/route-error-composition.spec.ts:44:9 › every shop route composes the shared API error state with its page content › R18 /s/:shopId/orders/new
2026-10-10T13:55:12.4676948Z ROUTE_ERROR_COMPOSITION_ROUTE=R18 RESULT=PASS
2026-10-10T13:55:12.4677141Z 
2026-10-10T13:55:12.4805874Z [206/407] [chromium] › tests/states/route-error-composition.spec.ts:44:9 › every shop route composes the shared API error state with its page content › R19 /s/:shopId/orders/:orderId
2026-10-10T13:55:15.9656336Z [chromium] › tests/states/route-error-composition.spec.ts:44:9 › every shop route composes the shared API error state with its page content › R19 /s/:shopId/orders/:orderId
2026-10-10T13:55:15.9657132Z ROUTE_ERROR_COMPOSITION_ROUTE=R19 RESULT=PASS
2026-10-10T13:55:15.9658358Z 
2026-10-10T13:55:15.9801043Z [207/407] [chromium] › tests/states/route-error-composition.spec.ts:44:9 › every shop route composes the shared API error state with its page content › R20 /s/:shopId/finance
2026-10-10T13:55:19.8499767Z [chromium] › tests/states/route-error-composition.spec.ts:44:9 › every shop route composes the shared API error state with its page content › R20 /s/:shopId/finance
2026-10-10T13:55:19.8502127Z ROUTE_ERROR_COMPOSITION_ROUTE=R20 RESULT=PASS
2026-10-10T13:55:19.8502530Z 
2026-10-10T13:55:19.8606753Z [208/407] [chromium] › tests/states/route-error-composition.spec.ts:44:9 › every shop route composes the shared API error state with its page content › R21 /s/:shopId/finance/entries
2026-10-10T13:55:23.2836891Z [chromium] › tests/states/route-error-composition.spec.ts:44:9 › every shop route composes the shared API error state with its page content › R21 /s/:shopId/finance/entries
2026-10-10T13:55:23.2843575Z ROUTE_ERROR_COMPOSITION_ROUTE=R21 RESULT=PASS
2026-10-10T13:55:23.2844232Z 
2026-10-10T13:55:23.2962446Z [209/407] [chromium] › tests/states/route-error-composition.spec.ts:44:9 › every shop route composes the shared API error state with its page content › R22 /s/:shopId/finance/profit-loss
2026-10-10T13:55:26.8501602Z [chromium] › tests/states/route-error-composition.spec.ts:44:9 › every shop route composes the shared API error state with its page content › R22 /s/:shopId/finance/profit-loss
2026-10-10T13:55:26.8502693Z ROUTE_ERROR_COMPOSITION_ROUTE=R22 RESULT=PASS
2026-10-10T13:55:26.8502997Z 
2026-10-10T13:55:26.8620930Z [210/407] [chromium] › tests/states/route-error-composition.spec.ts:44:9 › every shop route composes the shared API error state with its page content › R23 /s/:shopId/knowledge
2026-10-10T13:55:30.3110874Z [chromium] › tests/states/route-error-composition.spec.ts:44:9 › every shop route composes the shared API error state with its page content › R23 /s/:shopId/knowledge
2026-10-10T13:55:30.3111599Z ROUTE_ERROR_COMPOSITION_ROUTE=R23 RESULT=PASS
2026-10-10T13:55:30.3112161Z 
2026-10-10T13:55:30.3240654Z [211/407] [chromium] › tests/states/route-error-composition.spec.ts:44:9 › every shop route composes the shared API error state with its page content › R24 /s/:shopId/knowledge/:knowledgeId
2026-10-10T13:55:33.6522539Z [chromium] › tests/states/route-error-composition.spec.ts:44:9 › every shop route composes the shared API error state with its page content › R24 /s/:shopId/knowledge/:knowledgeId
2026-10-10T13:55:33.6523623Z ROUTE_ERROR_COMPOSITION_ROUTE=R24 RESULT=PASS
2026-10-10T13:55:33.6523826Z 
2026-10-10T13:55:33.6662281Z [212/407] [chromium] › tests/states/route-error-composition.spec.ts:44:9 › every shop route composes the shared API error state with its page content › R25 /s/:shopId/knowledge/review
2026-10-10T13:55:37.1307232Z [chromium] › tests/states/route-error-composition.spec.ts:44:9 › every shop route composes the shared API error state with its page content › R25 /s/:shopId/knowledge/review
2026-10-10T13:55:37.1308426Z ROUTE_ERROR_COMPOSITION_ROUTE=R25 RESULT=PASS
2026-10-10T13:55:37.1308835Z 
2026-10-10T13:55:37.1635964Z [213/407] [chromium] › tests/states/route-error-composition.spec.ts:44:9 › every shop route composes the shared API error state with its page content › R26 /s/:shopId/bot
2026-10-10T13:55:40.6646695Z [chromium] › tests/states/route-error-composition.spec.ts:44:9 › every shop route composes the shared API error state with its page content › R26 /s/:shopId/bot
2026-10-10T13:55:40.6647448Z ROUTE_ERROR_COMPOSITION_ROUTE=R26 RESULT=PASS
2026-10-10T13:55:40.6647665Z 
2026-10-10T13:55:40.6754779Z [214/407] [chromium] › tests/states/route-error-composition.spec.ts:44:9 › every shop route composes the shared API error state with its page content › R27 /s/:shopId/bot/playground
2026-10-10T13:55:44.1434175Z [chromium] › tests/states/route-error-composition.spec.ts:44:9 › every shop route composes the shared API error state with its page content › R27 /s/:shopId/bot/playground
2026-10-10T13:55:44.1435235Z ROUTE_ERROR_COMPOSITION_ROUTE=R27 RESULT=PASS
2026-10-10T13:55:44.1435611Z 
2026-10-10T13:55:44.1521283Z [215/407] [chromium] › tests/states/route-error-composition.spec.ts:44:9 › every shop route composes the shared API error state with its page content › R28 /s/:shopId/bot/evaluations
2026-10-10T13:55:47.5618979Z [chromium] › tests/states/route-error-composition.spec.ts:44:9 › every shop route composes the shared API error state with its page content › R28 /s/:shopId/bot/evaluations
2026-10-10T13:55:47.5619924Z ROUTE_ERROR_COMPOSITION_ROUTE=R28 RESULT=PASS
2026-10-10T13:55:47.5624659Z 
2026-10-10T13:55:47.5723869Z [216/407] [chromium] › tests/states/route-error-composition.spec.ts:44:9 › every shop route composes the shared API error state with its page content › R29 /s/:shopId/integrations/channels
2026-10-10T13:55:51.0726294Z [chromium] › tests/states/route-error-composition.spec.ts:44:9 › every shop route composes the shared API error state with its page content › R29 /s/:shopId/integrations/channels
2026-10-10T13:55:51.0726833Z ROUTE_ERROR_COMPOSITION_ROUTE=R29 RESULT=PASS
2026-10-10T13:55:51.0726960Z 
2026-10-10T13:55:51.0828123Z [217/407] [chromium] › tests/states/route-error-composition.spec.ts:44:9 › every shop route composes the shared API error state with its page content › R30 /s/:shopId/integrations/ai
2026-10-10T13:55:54.5326865Z [chromium] › tests/states/route-error-composition.spec.ts:44:9 › every shop route composes the shared API error state with its page content › R30 /s/:shopId/integrations/ai
2026-10-10T13:55:54.5327521Z ROUTE_ERROR_COMPOSITION_ROUTE=R30 RESULT=PASS
2026-10-10T13:55:54.5327683Z 
2026-10-10T13:55:54.5446571Z [218/407] [chromium] › tests/states/route-error-composition.spec.ts:44:9 › every shop route composes the shared API error state with its page content › R31 /s/:shopId/reports
2026-10-10T13:55:57.9579537Z [chromium] › tests/states/route-error-composition.spec.ts:44:9 › every shop route composes the shared API error state with its page content › R31 /s/:shopId/reports
2026-10-10T13:55:57.9580473Z ROUTE_ERROR_COMPOSITION_ROUTE=R31 RESULT=PASS
2026-10-10T13:55:57.9580601Z 
2026-10-10T13:55:57.9681867Z [219/407] [chromium] › tests/states/route-error-composition.spec.ts:44:9 › every shop route composes the shared API error state with its page content › R32 /s/:shopId/settings/team
2026-10-10T13:56:01.3013182Z [chromium] › tests/states/route-error-composition.spec.ts:44:9 › every shop route composes the shared API error state with its page content › R32 /s/:shopId/settings/team
2026-10-10T13:56:01.3014168Z ROUTE_ERROR_COMPOSITION_ROUTE=R32 RESULT=PASS
2026-10-10T13:56:01.3014389Z 
2026-10-10T13:56:01.3109394Z [220/407] [chromium] › tests/states/route-error-composition.spec.ts:44:9 › every shop route composes the shared API error state with its page content › R33 /s/:shopId/settings/shop
2026-10-10T13:56:04.0058357Z [chromium] › tests/states/route-error-composition.spec.ts:44:9 › every shop route composes the shared API error state with its page content › R33 /s/:shopId/settings/shop
2026-10-10T13:56:04.0059149Z ROUTE_ERROR_COMPOSITION_ROUTE=R33 RESULT=PASS
2026-10-10T13:56:04.0059353Z 
2026-10-10T13:56:04.0172635Z [221/407] [chromium] › tests/states/route-error-composition.spec.ts:44:9 › every shop route composes the shared API error state with its page content › R34 /s/:shopId/settings/audit
2026-10-10T13:56:07.3814406Z [chromium] › tests/states/route-error-composition.spec.ts:44:9 › every shop route composes the shared API error state with its page content › R34 /s/:shopId/settings/audit
2026-10-10T13:56:07.3815127Z ROUTE_ERROR_COMPOSITION_ROUTE=R34 RESULT=PASS
2026-10-10T13:56:07.3815308Z 
2026-10-10T13:56:07.3947574Z [222/407] [chromium] › tests/states/route-error-composition.spec.ts:44:9 › every shop route composes the shared API error state with its page content › R35 /s/:shopId/settings/privacy
2026-10-10T13:56:10.7692483Z [chromium] › tests/states/route-error-composition.spec.ts:44:9 › every shop route composes the shared API error state with its page content › R35 /s/:shopId/settings/privacy
2026-10-10T13:56:10.7693215Z ROUTE_ERROR_COMPOSITION_ROUTE=R35 RESULT=PASS
2026-10-10T13:56:10.7693346Z 
2026-10-10T13:56:10.7804668Z [223/407] [chromium] › tests/states/route-error-composition.spec.ts:44:9 › every shop route composes the shared API error state with its page content › R36 /s/:shopId/jobs/:jobId
2026-10-10T13:56:14.4186816Z [chromium] › tests/states/route-error-composition.spec.ts:44:9 › every shop route composes the shared API error state with its page content › R36 /s/:shopId/jobs/:jobId
2026-10-10T13:56:14.4213490Z ROUTE_ERROR_COMPOSITION_ROUTE=R36 RESULT=PASS
2026-10-10T13:56:14.4238289Z 
2026-10-10T13:56:14.4506365Z [224/407] [chromium] › tests/states/route-error-composition.spec.ts:44:9 › every shop route composes the shared API error state with its page content › R37 /s/:shopId/operations
2026-10-10T13:56:17.9126723Z [chromium] › tests/states/route-error-composition.spec.ts:44:9 › every shop route composes the shared API error state with its page content › R37 /s/:shopId/operations
2026-10-10T13:56:17.9127242Z ROUTE_ERROR_COMPOSITION_ROUTE=R37 RESULT=PASS
2026-10-10T13:56:17.9127369Z 
2026-10-10T13:56:17.9223103Z [225/407] [chromium] › tests/states/route-error-composition.spec.ts:44:9 › every shop route composes the shared API error state with its page content › R38 /s/:shopId/approvals
2026-10-10T13:56:21.3624336Z [chromium] › tests/states/route-error-composition.spec.ts:44:9 › every shop route composes the shared API error state with its page content › R38 /s/:shopId/approvals
2026-10-10T13:56:21.3625528Z ROUTE_ERROR_COMPOSITION_ROUTE=R38 RESULT=PASS
2026-10-10T13:56:21.3625786Z 
2026-10-10T13:56:21.3724976Z [226/407] [chromium] › tests/states/route-error-composition.spec.ts:44:9 › every shop route composes the shared API error state with its page content › R39 /s/:shopId/notifications
2026-10-10T13:56:24.8856312Z [chromium] › tests/states/route-error-composition.spec.ts:44:9 › every shop route composes the shared API error state with its page content › R39 /s/:shopId/notifications
2026-10-10T13:56:24.8857447Z ROUTE_ERROR_COMPOSITION_ROUTE=R39 RESULT=PASS
2026-10-10T13:56:24.8857648Z 
2026-10-10T13:56:24.8974713Z [227/407] [chromium] › tests/states/route-error-composition.spec.ts:44:9 › every shop route composes the shared API error state with its page content › R40 /s/:shopId/notifications/devices
2026-10-10T13:56:28.2101522Z [chromium] › tests/states/route-error-composition.spec.ts:44:9 › every shop route composes the shared API error state with its page content › R40 /s/:shopId/notifications/devices
2026-10-10T13:56:28.2102553Z ROUTE_ERROR_COMPOSITION_ROUTE=R40 RESULT=PASS
2026-10-10T13:56:28.2102882Z 
2026-10-10T13:56:28.2210340Z [228/407] [chromium] › tests/states/route-error-composition.spec.ts:44:9 › every shop route composes the shared API error state with its page content › R41 /s/:shopId/fulfillment
2026-10-10T13:56:31.4214943Z [chromium] › tests/states/route-error-composition.spec.ts:44:9 › every shop route composes the shared API error state with its page content › R41 /s/:shopId/fulfillment
2026-10-10T13:56:31.4215759Z ROUTE_ERROR_COMPOSITION_ROUTE=R41 RESULT=PASS
2026-10-10T13:56:31.4215951Z 
2026-10-10T13:56:31.4306170Z [229/407] [chromium] › tests/states/route-error-composition.spec.ts:44:9 › every shop route composes the shared API error state with its page content › R42 /s/:shopId/shipments
2026-10-10T13:56:34.9880301Z [chromium] › tests/states/route-error-composition.spec.ts:44:9 › every shop route composes the shared API error state with its page content › R42 /s/:shopId/shipments
2026-10-10T13:56:34.9881229Z ROUTE_ERROR_COMPOSITION_ROUTE=R42 RESULT=PASS
2026-10-10T13:56:34.9881428Z 
2026-10-10T13:56:34.9970245Z [230/407] [chromium] › tests/states/route-error-composition.spec.ts:44:9 › every shop route composes the shared API error state with its page content › R43 /s/:shopId/returns
2026-10-10T13:56:38.3761119Z [chromium] › tests/states/route-error-composition.spec.ts:44:9 › every shop route composes the shared API error state with its page content › R43 /s/:shopId/returns
2026-10-10T13:56:38.3761617Z ROUTE_ERROR_COMPOSITION_ROUTE=R43 RESULT=PASS
2026-10-10T13:56:38.3761742Z 
2026-10-10T13:56:38.3863594Z [231/407] [chromium] › tests/states/route-error-composition.spec.ts:44:9 › every shop route composes the shared API error state with its page content › R44 /s/:shopId/suppliers
2026-10-10T13:56:41.6761686Z [chromium] › tests/states/route-error-composition.spec.ts:44:9 › every shop route composes the shared API error state with its page content › R44 /s/:shopId/suppliers
2026-10-10T13:56:41.6762591Z ROUTE_ERROR_COMPOSITION_ROUTE=R44 RESULT=PASS
2026-10-10T13:56:41.6784251Z 
2026-10-10T13:56:41.6857757Z [232/407] [chromium] › tests/states/route-error-composition.spec.ts:44:9 › every shop route composes the shared API error state with its page content › R45 /s/:shopId/replenishment
2026-10-10T13:56:45.2116167Z [chromium] › tests/states/route-error-composition.spec.ts:44:9 › every shop route composes the shared API error state with its page content › R45 /s/:shopId/replenishment
2026-10-10T13:56:45.2116681Z ROUTE_ERROR_COMPOSITION_ROUTE=R45 RESULT=PASS
2026-10-10T13:56:45.2116810Z 
2026-10-10T13:56:45.2239586Z [233/407] [chromium] › tests/states/route-error-composition.spec.ts:44:9 › every shop route composes the shared API error state with its page content › R46 /s/:shopId/purchases
2026-10-10T13:56:48.6579428Z [chromium] › tests/states/route-error-composition.spec.ts:44:9 › every shop route composes the shared API error state with its page content › R46 /s/:shopId/purchases
2026-10-10T13:56:48.6580409Z ROUTE_ERROR_COMPOSITION_ROUTE=R46 RESULT=PASS
2026-10-10T13:56:48.6583008Z 
2026-10-10T13:56:48.6673258Z [234/407] [chromium] › tests/states/route-error-composition.spec.ts:44:9 › every shop route composes the shared API error state with its page content › R47 /s/:shopId/receipts
2026-10-10T13:56:51.8951932Z [chromium] › tests/states/route-error-composition.spec.ts:44:9 › every shop route composes the shared API error state with its page content › R47 /s/:shopId/receipts
2026-10-10T13:56:51.8953306Z ROUTE_ERROR_COMPOSITION_ROUTE=R47 RESULT=PASS
2026-10-10T13:56:51.8953651Z 
2026-10-10T13:56:51.9078872Z [235/407] [chromium] › tests/states/route-error-composition.spec.ts:44:9 › every shop route composes the shared API error state with its page content › R48 /s/:shopId/finance/journals
2026-10-10T13:56:55.3239692Z [chromium] › tests/states/route-error-composition.spec.ts:44:9 › every shop route composes the shared API error state with its page content › R48 /s/:shopId/finance/journals
2026-10-10T13:56:55.3240474Z ROUTE_ERROR_COMPOSITION_ROUTE=R48 RESULT=PASS
2026-10-10T13:56:55.3240757Z 
2026-10-10T13:56:55.3327881Z [236/407] [chromium] › tests/states/route-error-composition.spec.ts:44:9 › every shop route composes the shared API error state with its page content › R49 /s/:shopId/finance/reconciliation
2026-10-10T13:56:58.8665186Z [chromium] › tests/states/route-error-composition.spec.ts:44:9 › every shop route composes the shared API error state with its page content › R49 /s/:shopId/finance/reconciliation
2026-10-10T13:56:58.8666468Z ROUTE_ERROR_COMPOSITION_ROUTE=R49 RESULT=PASS
2026-10-10T13:56:58.8666829Z 
2026-10-10T13:56:58.8777049Z [237/407] [chromium] › tests/states/route-error-composition.spec.ts:44:9 › every shop route composes the shared API error state with its page content › R50 /s/:shopId/finance/debts-periods
2026-10-10T13:57:02.2496062Z [chromium] › tests/states/route-error-composition.spec.ts:44:9 › every shop route composes the shared API error state with its page content › R50 /s/:shopId/finance/debts-periods
2026-10-10T13:57:02.2497044Z ROUTE_ERROR_COMPOSITION_ROUTE=R50 RESULT=PASS
2026-10-10T13:57:02.2497420Z 
2026-10-10T13:57:02.2593749Z [238/407] [chromium] › tests/states/route-error-composition.spec.ts:44:9 › every shop route composes the shared API error state with its page content › R51 /s/:shopId/bot/team
2026-10-10T13:57:05.6324855Z [chromium] › tests/states/route-error-composition.spec.ts:44:9 › every shop route composes the shared API error state with its page content › R51 /s/:shopId/bot/team
2026-10-10T13:57:05.6325319Z ROUTE_ERROR_COMPOSITION_ROUTE=R51 RESULT=PASS
2026-10-10T13:57:05.6325439Z 
2026-10-10T13:57:05.6411268Z [239/407] [chromium] › tests/states/route-error-composition.spec.ts:44:9 › every shop route composes the shared API error state with its page content › R52 /s/:shopId/operations/digests
2026-10-10T13:57:09.0510242Z [chromium] › tests/states/route-error-composition.spec.ts:44:9 › every shop route composes the shared API error state with its page content › R52 /s/:shopId/operations/digests
2026-10-10T13:57:09.0511021Z ROUTE_ERROR_COMPOSITION_ROUTE=R52 RESULT=PASS
2026-10-10T13:57:09.0511218Z 
2026-10-10T13:57:09.0607799Z [240/407] [chromium] › tests/states/route-error-composition.spec.ts:44:9 › every shop route composes the shared API error state with its page content › R53 /s/:shopId/reports/marketing
2026-10-10T13:57:12.4496116Z [chromium] › tests/states/route-error-composition.spec.ts:44:9 › every shop route composes the shared API error state with its page content › R53 /s/:shopId/reports/marketing
2026-10-10T13:57:12.4496892Z ROUTE_ERROR_COMPOSITION_ROUTE=R53 RESULT=PASS
2026-10-10T13:57:12.4497077Z 
2026-10-10T13:57:12.4580027Z [241/407] [chromium] › tests/states/route-error-composition.spec.ts:44:9 › every shop route composes the shared API error state with its page content › R54 /s/:shopId/service-cases
2026-10-10T13:57:15.7264993Z [chromium] › tests/states/route-error-composition.spec.ts:44:9 › every shop route composes the shared API error state with its page content › R54 /s/:shopId/service-cases
2026-10-10T13:57:15.7265754Z ROUTE_ERROR_COMPOSITION_ROUTE=R54 RESULT=PASS
2026-10-10T13:57:15.7265946Z 
2026-10-10T13:57:15.7363926Z [242/407] [chromium] › tests/states/route-error-composition.spec.ts:44:9 › every shop route composes the shared API error state with its page content › R55 /s/:shopId/settings/warehouses
2026-10-10T13:57:18.9612725Z [chromium] › tests/states/route-error-composition.spec.ts:44:9 › every shop route composes the shared API error state with its page content › R55 /s/:shopId/settings/warehouses
2026-10-10T13:57:18.9613208Z ROUTE_ERROR_COMPOSITION_ROUTE=R55 RESULT=PASS
2026-10-10T13:57:18.9613331Z 
2026-10-10T13:57:18.9710804Z [243/407] [chromium] › tests/states/route-error-composition.spec.ts:44:9 › every shop route composes the shared API error state with its page content › R56 /s/:shopId/finance/accounts
2026-10-10T13:57:22.8164793Z [chromium] › tests/states/route-error-composition.spec.ts:44:9 › every shop route composes the shared API error state with its page content › R56 /s/:shopId/finance/accounts
2026-10-10T13:57:22.8174707Z ROUTE_ERROR_COMPOSITION_ROUTE=R56 RESULT=PASS
2026-10-10T13:57:22.8175225Z 
2026-10-10T13:57:22.8261525Z [244/407] [chromium] › tests/states/route-error-composition.spec.ts:44:9 › every shop route composes the shared API error state with its page content › R57 /s/:shopId/finance/opening-balances
2026-10-10T13:57:26.9953572Z [chromium] › tests/states/route-error-composition.spec.ts:44:9 › every shop route composes the shared API error state with its page content › R57 /s/:shopId/finance/opening-balances
2026-10-10T13:57:26.9954523Z ROUTE_ERROR_COMPOSITION_ROUTE=R57 RESULT=PASS
2026-10-10T13:57:26.9954718Z 
2026-10-10T13:57:27.0050914Z [245/407] [chromium] › tests/states/route-error-composition.spec.ts:44:9 › every shop route composes the shared API error state with its page content › R58 /s/:shopId/finance/ledger
2026-10-10T13:57:30.3856281Z [chromium] › tests/states/route-error-composition.spec.ts:44:9 › every shop route composes the shared API error state with its page content › R58 /s/:shopId/finance/ledger
2026-10-10T13:57:30.3857230Z ROUTE_ERROR_COMPOSITION_ROUTE=R58 RESULT=PASS
2026-10-10T13:57:30.3857560Z 
2026-10-10T13:57:30.4083408Z [246/407] [chromium] › tests/states/route-error-composition.spec.ts:44:9 › every shop route composes the shared API error state with its page content › R59 /s/:shopId/finance/trial-balance
2026-10-10T13:57:33.8265277Z [chromium] › tests/states/route-error-composition.spec.ts:44:9 › every shop route composes the shared API error state with its page content › R59 /s/:shopId/finance/trial-balance
2026-10-10T13:57:33.8266202Z ROUTE_ERROR_COMPOSITION_ROUTE=R59 RESULT=PASS
2026-10-10T13:57:33.8266421Z 
2026-10-10T13:57:33.8365948Z [247/407] [chromium] › tests/states/route-error-composition.spec.ts:44:9 › every shop route composes the shared API error state with its page content › R60 /s/:shopId/finance/balance-sheet
2026-10-10T13:57:37.1790255Z [chromium] › tests/states/route-error-composition.spec.ts:44:9 › every shop route composes the shared API error state with its page content › R60 /s/:shopId/finance/balance-sheet
2026-10-10T13:57:37.1791265Z ROUTE_ERROR_COMPOSITION_ROUTE=R60 RESULT=PASS
2026-10-10T13:57:37.1791595Z 
2026-10-10T13:57:37.2376397Z [248/407] [chromium] › tests/ui-bot-layout.spec.ts:42:1 › Bot routes R26/R27/R28/R51 fit the supported page-width boundaries
2026-10-10T13:58:03.9385454Z [249/407] [chromium] › tests/ui-bot-layout.spec.ts:52:1 › Bot config, evaluation, role and budget dialogs stay inside mobile and desktop viewports
2026-10-10T13:58:21.4206595Z [250/407] [chromium] › tests/ui-catalog-layout.spec.ts:15:1 › catalog R09-R14 keeps shared gutters, inset ownership and dry-run flow at mobile and desktop
2026-10-10T13:58:39.5099551Z [251/407] [chromium] › tests/ui-catalog-layout.spec.ts:67:1 › Imports review notice and demo controls keep the measured shared disclosure boundary at 806x884
2026-10-10T13:58:41.1613416Z [252/407] [chromium] › tests/ui-component-layout.spec.ts:40:1 › A01 order lines keep intrinsic remove actions with clean and invalid quantities
2026-10-10T13:58:47.5762309Z [253/407] [chromium] › tests/ui-component-layout.spec.ts:61:1 › A02 product editors align category and status faces independently from lookup metadata
2026-10-10T13:58:58.0687474Z [254/407] [chromium] › tests/ui-component-layout.spec.ts:84:1 › Shared outlined labels focus empty and populated native controls
2026-10-10T13:58:59.9905935Z [255/407] [chromium] › tests/ui-component-layout.spec.ts:99:1 › A02 variant fields retain readable widths when text doubles
2026-10-10T13:59:12.7002797Z [256/407] [chromium] › tests/ui-component-layout.spec.ts:130:1 › A03 import mapping preserves natural remove actions and editable mappings
2026-10-10T13:59:17.4426202Z [257/407] [chromium] › tests/ui-component-layout.spec.ts:150:1 › A04 full precision money wraps outside tables and remains unbroken in the named scroll region
2026-10-10T13:59:22.6990467Z [258/407] [chromium] › tests/ui-component-layout.spec.ts:176:1 › A05 status height follows its own label while long labels remain fully readable
2026-10-10T13:59:27.6369598Z [259/407] [chromium] › tests/ui-component-layout.spec.ts:196:1 › A06 Empty wraps unbroken reference text and retains its keyboard action
2026-10-10T13:59:32.6217746Z [260/407] [chromium] › tests/ui-component-layout.spec.ts:209:1 › A07 canonical order address selection exposes full text and edit lines retain intrinsic actions
2026-10-10T13:59:43.1943398Z [261/407] [chromium] › tests/ui-composition-layout.spec.ts:13:1 › SPC-061/062 shared compositions own their gap and child boundaries on every canonical route
2026-10-10T14:02:15.8008696Z [262/407] [chromium] › tests/ui-composition-positive-ancestry.spec.ts:62:1 › S15 Dashboard conditional content keeps an independently bordered surface inside its Panel owner
2026-10-10T14:02:20.0327497Z [263/407] [chromium] › tests/ui-composition-positive-ancestry.spec.ts:103:1 › S15 catalog QueryState fragment keeps DataTable and Pager as peer children of one Panel
2026-10-10T14:02:24.1214882Z [264/407] [chromium] › tests/ui-composition-positive-ancestry.spec.ts:137:1 › S15 Knowledge action group wraps children without losing its shared action owner
2026-10-10T14:02:28.1338307Z [265/407] [chromium] › tests/ui-consent-management.spec.ts:16:1 › R35 creates a pending challenge from API and shows consent history without local opt-out state
2026-10-10T14:02:30.8038744Z [266/407] [chromium] › tests/ui-consent-management.spec.ts:36:1 › R61 confirms an opt-out through POST body, removes the token from URL and leaves service messages available
2026-10-10T14:02:32.3428013Z [267/407] [chromium] › tests/ui-consent-management.spec.ts:74:1 › R61 public confirmation remains keyboard-accessible and reflows at 320px
2026-10-10T14:02:34.0183631Z [268/407] [chromium] › tests/ui-customers-layout.spec.ts:30:1 › Customers R07/R08/R54 layouts fit the shell at every responsive boundary
2026-10-10T14:02:54.7301362Z [269/407] [chromium] › tests/ui-customers-layout.spec.ts:59:1 › Customer create and service-case dialogs stay in the viewport without submitting
2026-10-10T14:03:01.1474682Z [270/407] [chromium] › tests/ui-dashboard-layout.spec.ts:17:1 › Shared consolidation Dashboard primary link respects all eight permission tuples and native anchor interactions
2026-10-10T14:03:05.9302824Z [271/407] [chromium] › tests/ui-dashboard-layout.spec.ts:62:1 › Shared consolidation Dashboard primary link opens a native modified-click page from a fresh authorized scope
2026-10-10T14:03:07.4674647Z [272/407] [chromium] › tests/ui-dashboard-layout.spec.ts:83:1 › dashboard hierarchy, CTA targets, and page width hold across supported breakpoints
2026-10-10T14:03:09.4266787Z [273/407] [chromium] › tests/ui-density-layout.spec.ts:10:1 › density table saves row space while preserving action target and data
2026-10-10T14:03:15.2464946Z [274/407] [chromium] › tests/ui-density-layout.spec.ts:22:1 › density divided facts list has one row inset and no additional inter-row gap
2026-10-10T14:03:18.1372364Z [275/407] [chromium] › tests/ui-density-layout.spec.ts:33:1 › density demo disclosure retains state and always shows the synthetic warning
2026-10-10T14:03:24.9158781Z [276/407] [chromium] › tests/ui-density-layout.spec.ts:48:1 › density operational Panel uses 12px boundary while complex form and reading Panel keep comfortable rhythm
2026-10-10T14:03:32.7768712Z [277/407] [chromium] › tests/ui-density-layout.spec.ts:60:1 › density simple category editor keeps labels, errors and keyboard reflow usable
2026-10-10T14:03:42.8474431Z [278/407] [chromium] › tests/ui-finance-layout.spec.ts:30:1 › Finance R20/R21/R22/R48/R49/R50 route layouts retain shell gutter without horizontal overflow from 320–1440px
2026-10-10T14:04:23.1893374Z [279/407] [chromium] › tests/ui-finance-layout.spec.ts:62:1 › titled Finance Panels keep one 12px header-to-first-content boundary
2026-10-10T14:04:35.0714162Z [280/407] [chromium] › tests/ui-finance-layout.spec.ts:129:1 › Finance report, entry, journal, reconciliation and period dialogs remain in the viewport without submitting
2026-10-10T14:04:54.4355039Z [281/407] [chromium] › tests/ui-finance-management.spec.ts:14:1 › C06 opening validates before HTTP and preserves added/removed list drafts through every close guard
2026-10-10T14:04:58.8663301Z [282/407] [chromium] › tests/ui-finance-management.spec.ts:19:1 › C06 opening UI posts only its reviewed version and reports/ledger drill down to real journal IDs
2026-10-10T14:05:06.0274613Z [283/407] [chromium] › tests/ui-finance-management.spec.ts:25:1 › C06 opening conflict retains whole lists and reconciles two changing server versions without forced retry
2026-10-10T14:05:13.3433178Z [284/407] [chromium] › tests/ui-finance-management.spec.ts:31:1 › C06 finance entry validation and refetch conflict keep the saved baseline and draft
2026-10-10T14:05:16.4108333Z [285/407] [chromium] › tests/ui-finance-management.spec.ts:35:1 › C06 all new financial routes and dialog use keyboard/axe and reflow at required widths
2026-10-10T14:05:59.8020458Z [286/407] [chromium] › tests/ui-fulfillment-layout.spec.ts:30:1 › Fulfillment R41/R42 preserve shell gutter and contain responsive route layouts from 320-1440px
2026-10-10T14:06:13.8777003Z [287/407] [chromium] › tests/ui-fulfillment-layout.spec.ts:59:1 › Fulfillment prep, shipment-create, detail and event dialogs fit mobile and desktop without submitting
2026-10-10T14:06:21.0058707Z [288/407] [chromium] › tests/ui-integrations-layout.spec.ts:40:1 › Integrations routes R29/R30 fit the supported page-width boundaries
2026-10-10T14:06:35.2488231Z [289/407] [chromium] › tests/ui-integrations-layout.spec.ts:50:1 › R29 disconnect and R30 create/edit credential dialogs stay inside mobile and desktop viewports
2026-10-10T14:06:46.3637635Z [290/407] [chromium] › tests/ui-inventory-layout.spec.ts:15:1 › Inventory R15/R16 preserve shared gutter and contain table overflow at 320-1440px
2026-10-10T14:06:58.3312437Z [291/407] [chromium] › tests/ui-inventory-layout.spec.ts:55:1 › Inventory filters reset cursor and preserve other URL state; adjustment validation sends no command
2026-10-10T14:07:06.0624796Z [292/407] [chromium] › tests/ui-knowledge-layout.spec.ts:67:1 › Knowledge routes R23/R24/R25 fit every supported layout boundary
2026-10-10T14:07:27.8205589Z [293/407] [chromium] › tests/ui-knowledge-layout.spec.ts:87:1 › Knowledge create, edit, and feedback-review dialogs remain inside mobile and desktop viewports
2026-10-10T14:07:40.6269935Z [294/407] [chromium] › tests/ui-master-resources.spec.ts:13:1 › C05 warehouses validate before HTTP, protect drafts and create/update/archive with visible results
2026-10-10T14:07:45.8428351Z [295/407] [chromium] › tests/ui-master-resources.spec.ts:26:1 › C05 warehouse conflicts keep the draft across two concurrent versions and require explicit reconciliation
2026-10-10T14:07:48.7968532Z [296/407] [chromium] › tests/ui-master-resources.spec.ts:34:1 › C05 accounts create and protect used fields; journal choices come from the same API lookup
2026-10-10T14:07:51.7555292Z [297/407] [chromium] › tests/ui-master-resources.spec.ts:40:1 › C05 customer address UI never replays a masked phone and orders load per-customer addresses
2026-10-10T14:07:55.5036778Z [298/407] [chromium] › tests/ui-master-resources.spec.ts:49:1 › C05 new management routes and address dialog reflow at all required widths with keyboard and axe
2026-10-10T14:08:24.0870138Z [299/407] [chromium] › tests/ui-master-resources.spec.ts:61:1 › C05 complete customer addresses create/archive through HTTP; masked mandatory fields prevent creation
2026-10-10T14:08:27.3920428Z [300/407] [chromium] › tests/ui-master-resources.spec.ts:80:1 › C05 an unknown warehouse creation keeps the draft and prevents a second request
2026-10-10T14:08:29.1898021Z [301/407] [chromium] › tests/ui-notifications-layout.spec.ts:40:1 › R39/R40 Notifications routes fit the supported page-width boundaries
2026-10-10T14:08:43.0270566Z [302/407] [chromium] › tests/ui-notifications-layout.spec.ts:50:1 › R40 revoke-device confirmation stays inside mobile and desktop viewports
2026-10-10T14:08:48.3637646Z [303/407] [chromium] › tests/ui-operations-layout.spec.ts:41:1 › R37/R38/R52 Operations routes fit the supported page-width boundaries
2026-10-10T14:09:08.2670510Z [304/407] [chromium] › tests/ui-operations-layout.spec.ts:51:1 › R52 role-control confirmation stays inside mobile and desktop viewports
2026-10-10T14:09:13.6373695Z [305/407] [chromium] › tests/ui-orders-layout.spec.ts:15:1 › Orders R17/R18/R19/R43 preserve responsive page geometry at 320-1440px
2026-10-10T14:09:40.3659020Z [306/407] [chromium] › tests/ui-orders-layout.spec.ts:46:1 › Orders draft, versioned quote, canonical address snapshot and return dialogs keep their behavior without writes
2026-10-10T14:09:52.3765945Z [307/407] [chromium] › tests/ui-panel-layout.spec.ts:15:1 › the titled Fulfillment Panel owns its body inset and keeps one 12px header boundary
2026-10-10T14:09:58.4070534Z [308/407] [chromium] › tests/ui-procurement-layout.spec.ts:38:1 › Procurement R44-R47 preserve shared page gutter and contain responsive tables at 320-1440px
2026-10-10T14:10:25.4689723Z [309/407] [chromium] › tests/ui-procurement-layout.spec.ts:69:1 › Procurement supplier, offer, rule, purchase and receipt dialogs fit narrow and desktop viewports without writes
2026-10-10T14:10:40.8066724Z [310/407] [chromium] › tests/ui-query-state-layout.spec.ts:68:5 › S12 R09 QueryState section profile preserves pending and ready layout
2026-10-10T14:10:51.9171850Z [311/407] [chromium] › tests/ui-query-state-layout.spec.ts:68:5 › S12 R11 QueryState inline profile preserves pending and ready layout
2026-10-10T14:11:01.6062482Z [312/407] [chromium] › tests/ui-shell-layout.spec.ts:45:1 › Shell keeps header, banner, main and footer on one responsive gutter
2026-10-10T14:11:04.0978814Z [313/407] [chromium] › tests/ui-shell-layout.spec.ts:106:1 › demo controls stay discoverable on mobile and usable on desktop
2026-10-10T14:11:05.0741294Z [314/407] [chromium] › tests/ui-shell-layout.spec.ts:124:1 › SPC-055/057 demo-control labels keep a clear gap on every Shell route consumer
2026-10-10T14:11:47.1272818Z [315/407] [chromium] › tests/ui-shell-layout.spec.ts:149:1 › unmatched route fallback owns its page gutter without horizontal overflow
2026-10-10T14:11:47.9375394Z [316/407] [chromium] › tests/ui-toolbar-layout.spec.ts:36:1 › Shared Toolbar and demo tools keep labels clear when text doubles
2026-10-10T14:11:54.0546130Z [317/407] [chromium] › tests/ui-toolbar-layout.spec.ts:64:1 › Toolbar geometry: multiline category lookup cannot stretch the search button
2026-10-10T14:11:56.1326846Z [318/407] [chromium] › tests/ui-toolbar-layout.spec.ts:81:1 › Shared consolidation Inbox filters share Toolbar ownership and stay outside search across pane widths
2026-10-10T14:12:10.9442352Z [319/407] [chromium] › tests/ui-toolbar-layout.spec.ts:124:1 › Toolbar affected routes keep intrinsic actions, capability branches and 320px reflow
2026-10-10T14:13:13.8248669Z [320/407] [chromium] › tests/ui-toolbar-layout.spec.ts:149:1 › Toolbar public extra slot cannot stretch a single-line submit action
2026-10-10T14:13:15.3300301Z [321/407] [chromium] › tests/ui-toolbar-layout.spec.ts:166:1 › Toolbar preserves Products URL filters, search submit, clear and independent category lookup
2026-10-10T14:13:18.9508087Z [322/407] [chromium] › tests/ui-toolbar-layout.spec.ts:202:1 › Toolbar keeps Inventory apply/reset separate from search submission
2026-10-10T14:13:24.5878680Z [323/407] [chromium] › tests/ui-toolbar-layout.spec.ts:222:1 › Toolbar category more/busy/error/retry branches preserve search geometry and actual pagination
2026-10-10T14:13:28.4448047Z [324/407] [chromium] › tests/ui-ux-completion.spec.ts:9:1 › UX01 setup feedback CTA reaches review workflow rather than dynamic knowledge detail
2026-10-10T14:13:31.5145180Z [325/407] [chromium] › tests/ui-ux-completion.spec.ts:15:1 › UX02 stock warnings describe low/zero stock without implying a server block
2026-10-10T14:13:33.0540026Z [326/407] [chromium] › tests/ui-ux-completion.spec.ts:22:1 › UX02 inventory receipts and accounting open periods have domain-specific names
2026-10-10T14:13:35.9568762Z [327/407] [chromium] › tests/ui-ux-completion.spec.ts:31:1 › UX04 onboarding protects the whole draft on leave and reload
2026-10-10T14:13:47.8438860Z [328/407] [chromium] › tests/ui-ux-completion.spec.ts:52:1 › UX04 acknowledged shop creation leaves without a false dirty warning
2026-10-10T14:13:49.2237324Z [329/407] [chromium] › tests/ui-ux-completion.spec.ts:60:1 › UX05 product detail returns to committed filters; direct links use the list fallback
2026-10-10T14:13:52.2339752Z [330/407] [chromium] › tests/ui-ux-completion.spec.ts:70:60 › UX05 customers list returns to its own filter context
2026-10-10T14:13:55.4639216Z [331/407] [chromium] › tests/ui-ux-completion.spec.ts:70:60 › UX05 orders list returns to its own filter context
2026-10-10T14:13:58.3807231Z [332/407] [chromium] › tests/ui-ux-completion.spec.ts:70:60 › UX05 knowledge list returns to its own filter context
2026-10-10T14:14:01.5898685Z [333/407] [chromium] › tests/ui-ux-completion.spec.ts:86:1 › UX03 category, member and AI deletion confirmations name the selected object and consequence
2026-10-10T14:14:05.7495239Z [334/407] [chromium] › tests/ui-ux-completion.spec.ts:108:1 › UX07 titles and breadcrumb distinguish create/detail/review; menu empty state clears with focus
2026-10-10T14:14:08.5809804Z [335/407] [chromium] › tests/ui-ux-completion.spec.ts:126:1 › UX10 multi-table pages have distinct business names
2026-10-10T14:14:11.4265881Z [336/407] [chromium] › tests/ui-ux-completion.spec.ts:136:1 › UX06 AI capability names and states are readable in Vietnamese
2026-10-10T14:14:12.7427926Z [337/407] [chromium] › tests/ui-ux-completion.spec.ts:143:1 › UX15 detail captions reflow without splitting short words across all required viewports
2026-10-10T14:14:15.0639172Z [338/407] [chromium] › tests/ui-width-layout.spec.ts:29:1 › W01 AI single connection fills its collection at breakpoint edges and wide viewports
2026-10-10T14:14:23.6826291Z [339/407] [chromium] › tests/ui-width-layout.spec.ts:42:1 › W01 AI keeps two-column collection for two/three items and refetch preserves the new count
2026-10-10T14:14:26.3449399Z [340/407] [chromium] › tests/ui-width-layout.spec.ts:63:1 › W01 AI empty result keeps one accessible create action and no empty grid
2026-10-10T14:14:27.9224588Z [341/407] [chromium] › tests/ui-width-layout.spec.ts:72:35 › W01 workspace collection handles 0 visible shops
2026-10-10T14:14:34.3753506Z [342/407] [chromium] › tests/ui-width-layout.spec.ts:72:35 › W01 workspace collection handles 1 visible shops
2026-10-10T14:14:40.8210978Z [343/407] [chromium] › tests/ui-width-layout.spec.ts:72:35 › W01 workspace collection handles 2 visible shops
2026-10-10T14:14:47.3215736Z [344/407] [chromium] › tests/ui-width-layout.spec.ts:72:35 › W01 workspace collection handles 3 visible shops
2026-10-10T14:14:53.8227358Z [345/407] [chromium] › tests/ui-width-layout.spec.ts:104:1 › W02 full-width form groups fill their panel and retain input/mapping/shipping behavior
2026-10-10T14:15:14.0861183Z [346/407] [chromium] › tests/ui-width-layout.spec.ts:144:1 › W03 notification protection notice occupies the full page row after the two panes
2026-10-10T14:15:19.0736454Z [347/407] [chromium] › tests/ui-width-layout.spec.ts:163:1 › W04 detail rows stay atomic in divided rhythm and plain containers
2026-10-10T14:15:24.1883075Z [348/407] [chromium] › tests/ui-workspace-layout.spec.ts:60:1 › workspace routes stay within the supported page-width boundaries
2026-10-10T14:16:13.0486760Z [349/407] [chromium] › tests/ui-workspace-layout.spec.ts:72:1 › team invite and privacy request dialogs remain usable without submitting
2026-10-10T14:16:22.8086272Z [350/407] [chromium] › tests/ui006-lookups.spec.ts:69:1 › UI006.C05 lookup and table cursors reach records after 150 synthetic suppliers, offers, and orders
2026-10-10T14:16:48.8485927Z [351/407] [chromium] › tests/ui006-lookups.spec.ts:215:1 › UI006.C04 bounded previews disclose their sample and link to full collections
2026-10-10T14:16:52.8034293Z [352/407] [chromium] › tests/ui006-lookups.spec.ts:232:1 › UI006.C02 selected order identity survives a failed search and cursor retry
2026-10-10T14:16:55.4246793Z [353/407] [chromium] › tests/ui007-query-states.spec.ts:30:1 › UI007 secondary order query loads independently while the customer profile remains available
2026-10-10T14:16:58.9911947Z [354/407] [chromium] › tests/ui007-query-states.spec.ts:60:1 › UI007 order query 503 is isolated from the primary customer query and retries only that query
2026-10-10T14:17:02.4001578Z [355/407] [chromium] › tests/ui007-query-states.spec.ts:94:1 › UI007 forbidden order query is an access state and a successful empty query is distinct
2026-10-10T14:17:04.6434864Z [356/407] [chromium] › tests/ui007-query-states.spec.ts:114:1 › UI007 supplier and offer failures keep purchase suggestions visible and have operation-specific recovery
2026-10-10T14:17:07.9187967Z [357/407] [chromium] › tests/ui007-query-states.spec.ts:150:1 › UI007 auto-send budget query is lazy, permission-aware, and blocks an unverified budget
2026-10-10T14:17:10.3437201Z [358/407] [chromium] › tests/ui008-integration-empty.spec.ts:57:1 › UI008 R29 successful empty collection exposes an accessible state and one permission-guarded connect CTA
2026-10-10T14:17:12.4638231Z [359/407] [chromium] › tests/ui008-integration-empty.spec.ts:75:1 › UI008 R29 read-only bot_admin sees the empty state without a manage action
2026-10-10T14:17:14.3990235Z [360/407] [chromium] › tests/ui008-integration-empty.spec.ts:90:1 › UI008 R29 pending channel query stays loading until its response arrives
2026-10-10T14:17:16.2893734Z [361/407] [chromium] › tests/ui008-integration-empty.spec.ts:109:1 › UI008 R29 forbidden channel query is not presented as empty or retryable
2026-10-10T14:17:17.2919974Z [362/407] [chromium] › tests/ui008-integration-empty.spec.ts:123:1 › UI008 R29 503 remains an error and recovers through its retry control
2026-10-10T14:17:19.7880749Z [363/407] [chromium] › tests/ui008-integration-empty.spec.ts:144:1 › UI008 R30 successful empty AI connection cards show a first-use state and one add CTA
2026-10-10T14:17:20.9344264Z [364/407] [chromium] › tests/ui008-integration-empty.spec.ts:162:1 › UI008 R30 read-only bot_admin sees the empty state without an add action
2026-10-10T14:17:22.8309732Z [365/407] [chromium] › tests/ui009-scope-regression.spec.ts:23:1 › UI009 delayed customer orders from the previous shop cannot leak into the new shop profile
2026-10-10T14:17:27.2302762Z [366/407] [chromium] › tests/ui010-dialog-draft.spec.ts:15:1 › UI010 a discarded confirmation reason is cleared before the dialog opens again
2026-10-10T14:17:30.8916546Z [367/407] [chromium] › tests/ui011-date-time.spec.ts:16:1 › UI011 report defaults use the active shop calendar month at a UTC month boundary
2026-10-10T14:17:33.3533507Z [368/407] [chromium] › tests/ui011-date-time.spec.ts:29:1 › UI011 journal effective date defaults to the active shop calendar date
2026-10-10T14:17:34.9913333Z [369/407] [chromium] › tests/ui011-date-time.spec.ts:41:1 › UI011 shipment event input and API instant use the shop timezone, not browser timezone
2026-10-10T14:17:37.0776406Z [370/407] [chromium] › tests/ui012-keyboard.spec.ts:42:1 › UI012 keyboard-only finance edit handles select, discard warning and focus return
2026-10-10T14:17:40.6279881Z [371/407] [chromium] › tests/ui012-keyboard.spec.ts:103:1 › UI012 keyboard validation focuses the field named by a synthetic 422 response
2026-10-10T14:17:44.5707472Z [372/407] [chromium] › tests/ui012-keyboard.spec.ts:160:1 › UI012 keyboard activates the CSV chooser and discards its selected file without upload
2026-10-10T14:17:46.8972455Z [373/407] [chromium] › tests/ui012-keyboard.spec.ts:200:1 › UI012 keyboard can reach and horizontally scroll the marketing chart data alternative
2026-10-10T14:17:48.8573600Z [374/407] [chromium] › tests/ui012-keyboard.spec.ts:227:1 › UI012 marketing chart keeps every category label visible beside its data table
2026-10-10T14:17:51.8221802Z [375/407] [chromium] › tests/ui012-keyboard.spec.ts:276:1 › UI012 inbox feedback actions identify their message and return focus after Escape
2026-10-10T14:17:54.8830466Z [376/407] [chromium] › tests/ui012-keyboard.spec.ts:309:1 › UI012 order draft does not announce an untouched required customer as invalid
2026-10-10T14:17:56.3823703Z [377/407] [chromium] › tests/ui012-keyboard.spec.ts:322:1 › UI012 human-confirmation policy copy wraps inside its alert at a 320 CSS-pixel viewport
2026-10-10T14:17:57.9036150Z [378/407] [chromium] › tests/ui012-keyboard.spec.ts:356:1 › UI012 dashboard CTA separates hover and pressed feedback while keeping keyboard focus visible
2026-10-10T14:18:01.7455004Z [379/407] [chromium] › tests/ui013-url-state.spec.ts:19:1 › UI013 reconciliation tab deep links and survives refresh; malformed tab safely falls back
2026-10-10T14:18:08.3407376Z [380/407] [chromium] › tests/ui013-url-state.spec.ts:39:1 › UI013 finance date range deep link, edit, refresh and Back use shop-local filter state
2026-10-10T14:18:12.9042095Z [381/407] [chromium] › tests/ui013-url-state.spec.ts:70:1 › UI013 report type and export date filters are deep-linkable, refreshable and malformed values fall back safely
2026-10-10T14:18:17.7615300Z [382/407] [chromium] › tests/ui021-permission-edge.spec.ts:4:1 › privacy page keeps the customers link when the destination permission is present
2026-10-10T14:18:20.3496159Z [383/407] [chromium] › tests/ui021-permission-edge.spec.ts:19:1 › privacy page hides the customers link when the destination permission is missing
2026-10-10T14:18:23.3262043Z [384/407] [chromium] › tests/ui028-w24-inbox-layout.spec.ts:15:1 › UI028.W24 Inbox spacing roles remain consistent across breakpoints without losing draft state
2026-10-10T14:18:32.4186724Z [385/407] [chromium] › tests/ui028-w25-reports-layout.spec.ts:16:1 › UI028.W25 Reports semantic spacing stays stable at mobile, tablet and desktop widths
2026-10-10T14:18:48.9390180Z [386/407] [chromium] › tests/ui028-w25-reports-layout.spec.ts:123:1 › UI028.W25 authorized report download link retains its 44px hit target
2026-10-10T14:18:51.4203764Z [387/407] [chromium] › tests/ui028-w28-routes.spec.ts:47:5 › UI028.W28 61 canonical routes render with measured 390px layout geometry
2026-10-10T14:20:08.8517568Z [chromium] › tests/ui028-w28-routes.spec.ts:47:5 › UI028.W28 61 canonical routes render with measured 390px layout geometry
2026-10-10T14:20:08.8519177Z [w28-route-geometry] {"browser":"chromium","width":390,"routes":61,"issues":0,"pageErrors":0,"evidence":"evidence/frontend-ui-improvements/UI028/W28/route-geometry-chromium-390-current-20261010-134232-5666.json"}
2026-10-10T14:20:08.8519860Z 
2026-10-10T14:20:08.8673712Z [388/407] [chromium] › tests/ui028-w28-routes.spec.ts:47:5 › UI028.W28 61 canonical routes render with measured 1440px layout geometry
2026-10-10T14:21:05.9568968Z [chromium] › tests/ui028-w28-routes.spec.ts:47:5 › UI028.W28 61 canonical routes render with measured 1440px layout geometry
2026-10-10T14:21:05.9569841Z [w28-route-geometry] {"browser":"chromium","width":1440,"routes":61,"issues":0,"pageErrors":0,"evidence":"evidence/frontend-ui-improvements/UI028/W28/route-geometry-chromium-1440-current-20261010-134232-5666.json"}
2026-10-10T14:21:05.9570277Z 
2026-10-10T14:21:06.0225817Z [389/407] [chromium] › tests/ui028-w29-reflow.spec.ts:30:5 › UI028.W29 320px reflow retains representative actions and contains overflow
2026-10-10T14:21:16.4812062Z [chromium] › tests/ui028-w29-reflow.spec.ts:30:5 › UI028.W29 320px reflow retains representative actions and contains overflow
2026-10-10T14:21:16.4813206Z [w29-responsive-profile] {"browser":"chromium","width":320,"profiles":7,"issues":0,"pageErrors":0,"evidence":"evidence/frontend-ui-improvements/UI028/W29/responsive-profile-chromium-320-current-20261010-134232-5666.json"}
2026-10-10T14:21:16.4906191Z 
2026-10-10T14:21:16.4907226Z [390/407] [chromium] › tests/ui028-w29-reflow.spec.ts:30:5 › UI028.W29 390px reflow retains representative actions and contains overflow
2026-10-10T14:21:26.1579733Z [chromium] › tests/ui028-w29-reflow.spec.ts:30:5 › UI028.W29 390px reflow retains representative actions and contains overflow
2026-10-10T14:21:26.1584245Z [w29-responsive-profile] {"browser":"chromium","width":390,"profiles":7,"issues":0,"pageErrors":0,"evidence":"evidence/frontend-ui-improvements/UI028/W29/responsive-profile-chromium-390-current-20261010-134232-5666.json"}
2026-10-10T14:21:26.1585334Z 
2026-10-10T14:21:26.1672285Z [391/407] [chromium] › tests/ui028-w29-reflow.spec.ts:30:5 › UI028.W29 767px reflow retains representative actions and contains overflow
2026-10-10T14:21:35.8141533Z [chromium] › tests/ui028-w29-reflow.spec.ts:30:5 › UI028.W29 767px reflow retains representative actions and contains overflow
2026-10-10T14:21:35.8142321Z [w29-responsive-profile] {"browser":"chromium","width":767,"profiles":7,"issues":0,"pageErrors":0,"evidence":"evidence/frontend-ui-improvements/UI028/W29/responsive-profile-chromium-767-current-20261010-134232-5666.json"}
2026-10-10T14:21:35.8142887Z 
2026-10-10T14:21:35.8315912Z [392/407] [chromium] › tests/ui028-w29-reflow.spec.ts:30:5 › UI028.W29 768px reflow retains representative actions and contains overflow
2026-10-10T14:21:45.4173675Z [chromium] › tests/ui028-w29-reflow.spec.ts:30:5 › UI028.W29 768px reflow retains representative actions and contains overflow
2026-10-10T14:21:45.4174879Z [w29-responsive-profile] {"browser":"chromium","width":768,"profiles":7,"issues":0,"pageErrors":0,"evidence":"evidence/frontend-ui-improvements/UI028/W29/responsive-profile-chromium-768-current-20261010-134232-5666.json"}
2026-10-10T14:21:45.4175313Z 
2026-10-10T14:21:45.4275008Z [393/407] [chromium] › tests/ui028-w29-reflow.spec.ts:30:5 › UI028.W29 1024px reflow retains representative actions and contains overflow
2026-10-10T14:21:54.8558372Z [chromium] › tests/ui028-w29-reflow.spec.ts:30:5 › UI028.W29 1024px reflow retains representative actions and contains overflow
2026-10-10T14:21:54.8559304Z [w29-responsive-profile] {"browser":"chromium","width":1024,"profiles":7,"issues":0,"pageErrors":0,"evidence":"evidence/frontend-ui-improvements/UI028/W29/responsive-profile-chromium-1024-current-20261010-134232-5666.json"}
2026-10-10T14:21:54.8559890Z 
2026-10-10T14:21:54.8689457Z [394/407] [chromium] › tests/ui028-w29-reflow.spec.ts:30:5 › UI028.W29 1279px reflow retains representative actions and contains overflow
2026-10-10T14:22:04.5001292Z [chromium] › tests/ui028-w29-reflow.spec.ts:30:5 › UI028.W29 1279px reflow retains representative actions and contains overflow
2026-10-10T14:22:04.5002473Z [w29-responsive-profile] {"browser":"chromium","width":1279,"profiles":7,"issues":0,"pageErrors":0,"evidence":"evidence/frontend-ui-improvements/UI028/W29/responsive-profile-chromium-1279-current-20261010-134232-5666.json"}
2026-10-10T14:22:04.5003040Z 
2026-10-10T14:22:04.5218617Z [395/407] [chromium] › tests/ui028-w29-reflow.spec.ts:30:5 › UI028.W29 1280px reflow retains representative actions and contains overflow
2026-10-10T14:22:12.7127836Z [chromium] › tests/ui028-w29-reflow.spec.ts:30:5 › UI028.W29 1280px reflow retains representative actions and contains overflow
2026-10-10T14:22:12.7128625Z [w29-responsive-profile] {"browser":"chromium","width":1280,"profiles":7,"issues":0,"pageErrors":0,"evidence":"evidence/frontend-ui-improvements/UI028/W29/responsive-profile-chromium-1280-current-20261010-134232-5666.json"}
2026-10-10T14:22:12.7129572Z 
2026-10-10T14:22:12.7278072Z [396/407] [chromium] › tests/ui028-w29-reflow.spec.ts:30:5 › UI028.W29 1440px reflow retains representative actions and contains overflow
2026-10-10T14:22:20.8186667Z [chromium] › tests/ui028-w29-reflow.spec.ts:30:5 › UI028.W29 1440px reflow retains representative actions and contains overflow
2026-10-10T14:22:20.8188182Z [w29-responsive-profile] {"browser":"chromium","width":1440,"profiles":7,"issues":0,"pageErrors":0,"evidence":"evidence/frontend-ui-improvements/UI028/W29/responsive-profile-chromium-1440-current-20261010-134232-5666.json"}
2026-10-10T14:22:20.8188768Z 
2026-10-10T14:22:20.8335762Z [397/407] [chromium] › tests/ui028-w29-reflow.spec.ts:30:5 › UI028.W29 1920px reflow retains representative actions and contains overflow
2026-10-10T14:22:29.0277176Z [chromium] › tests/ui028-w29-reflow.spec.ts:30:5 › UI028.W29 1920px reflow retains representative actions and contains overflow
2026-10-10T14:22:29.0278011Z [w29-responsive-profile] {"browser":"chromium","width":1920,"profiles":7,"issues":0,"pageErrors":0,"evidence":"evidence/frontend-ui-improvements/UI028/W29/responsive-profile-chromium-1920-current-20261010-134232-5666.json"}
2026-10-10T14:22:29.0278433Z 
2026-10-10T14:22:29.1695921Z [398/407] [chromium] › tests/ui028-w30-stress.spec.ts:75:5 › UI028.W30 form-error-short: 200% text and spacing stress at 320x480
2026-10-10T14:22:31.8291895Z [chromium] › tests/ui028-w30-stress.spec.ts:75:5 › UI028.W30 form-error-short: 200% text and spacing stress at 320x480
2026-10-10T14:22:31.8293325Z [w30-stress] {"browser":"chromium","scenario":"form-error-short","viewport":{"width":320,"height":480},"scaledTextElements":55,"issues":0,"pageErrors":0,"evidence":"evidence/frontend-ui-improvements/UI028/W30/stress-chromium-form-error-short-current-20261010-134232-5666.json"}
2026-10-10T14:22:31.8294326Z 
2026-10-10T14:22:31.8393725Z [399/407] [chromium] › tests/ui028-w30-stress.spec.ts:75:5 › UI028.W30 mobile-menu-long-label: 200% text and spacing stress at 390x560
2026-10-10T14:22:33.7165382Z [chromium] › tests/ui028-w30-stress.spec.ts:75:5 › UI028.W30 mobile-menu-long-label: 200% text and spacing stress at 390x560
2026-10-10T14:22:33.7166932Z [w30-stress] {"browser":"chromium","scenario":"mobile-menu-long-label","viewport":{"width":390,"height":560},"scaledTextElements":148,"issues":0,"pageErrors":0,"evidence":"evidence/frontend-ui-improvements/UI028/W30/stress-chromium-mobile-menu-long-label-current-20261010-134232-5666.json"}
2026-10-10T14:22:33.7167889Z 
2026-10-10T14:22:33.7266394Z [400/407] [chromium] › tests/ui028-w30-stress.spec.ts:75:5 › UI028.W30 report-long-id: 200% text and spacing stress at 640x450
2026-10-10T14:22:35.1958176Z [chromium] › tests/ui028-w30-stress.spec.ts:75:5 › UI028.W30 report-long-id: 200% text and spacing stress at 640x450
2026-10-10T14:22:35.1959048Z [w30-stress] {"browser":"chromium","scenario":"report-long-id","viewport":{"width":640,"height":450},"scaledTextElements":244,"issues":0,"pageErrors":0,"evidence":"evidence/frontend-ui-improvements/UI028/W30/stress-chromium-report-long-id-current-20261010-134232-5666.json"}
2026-10-10T14:22:35.1959609Z 
2026-10-10T14:22:35.2054344Z [401/407] [chromium] › tests/ui028-w30-stress.spec.ts:75:5 › UI028.W30 inbox-long-composer: 200% text and spacing stress at 390x560
2026-10-10T14:22:36.6786843Z [chromium] › tests/ui028-w30-stress.spec.ts:75:5 › UI028.W30 inbox-long-composer: 200% text and spacing stress at 390x560
2026-10-10T14:22:36.6788323Z [w30-stress] {"browser":"chromium","scenario":"inbox-long-composer","viewport":{"width":390,"height":560},"scaledTextElements":71,"issues":0,"pageErrors":0,"evidence":"evidence/frontend-ui-improvements/UI028/W30/stress-chromium-inbox-long-composer-current-20261010-134232-5666.json"}
2026-10-10T14:22:36.6789177Z 
2026-10-10T14:22:36.6873005Z [402/407] [chromium] › tests/ui028-w30-stress.spec.ts:75:5 › UI028.W30 dialog-long-reason: 200% text and spacing stress at 320x480
2026-10-10T14:22:38.2976056Z [chromium] › tests/ui028-w30-stress.spec.ts:75:5 › UI028.W30 dialog-long-reason: 200% text and spacing stress at 320x480
2026-10-10T14:22:38.2977464Z [w30-stress] {"browser":"chromium","scenario":"dialog-long-reason","viewport":{"width":320,"height":480},"scaledTextElements":80,"issues":0,"pageErrors":0,"evidence":"evidence/frontend-ui-improvements/UI028/W30/stress-chromium-dialog-long-reason-current-20261010-134232-5666.json"}
2026-10-10T14:22:38.2978104Z 
2026-10-10T14:22:38.3548128Z [403/407] [chromium] › tests/vertical-slices/fe022-flows.spec.ts:38:1 › FE022.VS01 catalog → stock → order → prep keeps product, reservation, and order references linked
2026-10-10T14:22:42.9111140Z [404/407] [chromium] › tests/vertical-slices/fe022-flows.spec.ts:97:1 › FE022.VS02 procurement → approval → receipt → stock and payable preserves the purchase identity
2026-10-10T14:22:49.6615106Z [405/407] [chromium] › tests/vertical-slices/fe022-flows.spec.ts:177:1 › FE022.VS03 finance → reconciliation retains bank transaction and partial debt allocation
2026-10-10T14:22:53.3246078Z [406/407] [chromium] › tests/vertical-slices/fe022-flows.spec.ts:219:1 › FE022.VS04 inbox → knowledge draft → bot evaluation preserves feedback and revision source IDs
2026-10-10T14:22:56.9620019Z [407/407] [chromium] › tests/vertical-slices/fe022-flows.spec.ts:261:1 › FE022.S05 route and feature matrix covers canonical IDs with executed cases or explicit frontend gaps
2026-10-10T14:22:59.9782893Z   407 passed (42.0m)
2026-10-10T14:23:00.0308158Z ##[group]Run npx playwright test --config playwright.built-demo.config.ts --output test-results/built-demo --project=chromium-built-demo --reporter=line
2026-10-10T14:23:00.0308742Z [36;1mnpx playwright test --config playwright.built-demo.config.ts --output test-results/built-demo --project=chromium-built-demo --reporter=line[0m
2026-10-10T14:23:00.0380377Z shell: /usr/bin/bash -e {0}
2026-10-10T14:23:00.0380526Z ##[endgroup]
2026-10-10T14:23:00.7029195Z 
2026-10-10T14:23:00.7029882Z Running 3 tests using 1 worker
2026-10-10T14:23:00.7030204Z 
2026-10-10T14:23:00.9417991Z [1/3] [chromium-built-demo] › tests/built-demo-regression.spec.ts:44:1 › built demo artifact loads React and its synthetic API from the isolated Vite preview
2026-10-10T14:23:01.8149931Z [chromium-built-demo] › tests/built-demo-regression.spec.ts:44:1 › built demo artifact loads React and its synthetic API from the isolated Vite preview
2026-10-10T14:23:01.8154415Z [built-demo-artifact] {"browser":"chromium","baseURL":"http://127.0.0.1:4174","route":"/s/shop-demo/overview","artifact":{"sha256":"09405e36f634fb68bf0baceb8ea501d73d13baa5e917668e9fe1c576789c25dc","fileCount":39,"files":["app-icon.svg","app-sw.js","assets/browser-CQeKKnYr.js","assets/charts-uDdGNk6t.js","assets/contract-data-CJyvN5AM.js","assets/control-Criu5A-7.js","assets/download-CWiaXb8A.js","assets/draft-conflict-tNpI-HAo.js","assets/filters-CirfTR7_.js","assets/hooks-BeC01d3Y.js","assets/i18n-D4N_7Z3Q.js","assets/index-01nb5nQj.js","assets/index-B3gGpiMi.js","assets/index-BDJDBZpL.js","assets/index-BGP_Ad-y.js","assets/index-BoOL50Pn.js","assets/index-BQPx7lJM.css","assets/index-BWSxRwQH.js","assets/index-C6ptp12n.js","assets/index-Cco5VbEE.js","assets/index-D3UNZ1L-.js","assets/index-D6MJeQeX.js","assets/index-DgCh8QFc.js","assets/index-DH5AOH0G.js","assets/index-DQbFFBlT.js","assets/index-DX4hKm3W.js","assets/index-f6PQjW3Q.js","assets/index-hYjqNRGb.js","assets/index-SkfVeie4.js","assets/mui-CUCPJGs1.js","assets/query-Df7VyXaF.js","assets/react-runtime-gLMyUIL2.js","assets/schema-validation-B78jEm7B.js","assets/schemas-CoWCwirf.js","assets/service-DOnisuXi.js","index.html","manifest.webmanifest","mockServiceWorker.js","samples/products.csv"]},"browserAssets":["/assets/browser-CQeKKnYr.js","/assets/contract-data-CJyvN5AM.js","/assets/hooks-BeC01d3Y.js","/assets/i18n-D4N_7Z3Q.js","/assets/index-BQPx7lJM.css","/assets/index-C6ptp12n.js","/assets/index-DH5AOH0G.js","/assets/mui-CUCPJGs1.js","/assets/query-Df7VyXaF.js","/assets/react-runtime-gLMyUIL2.js","/assets/schema-validation-B78jEm7B.js","/assets/service-DOnisuXi.js"],"sessionStatus":200,"workerStatus":200,"pageErrors":0,"apiWrites":0}
2026-10-10T14:23:01.8157713Z 
2026-10-10T14:23:01.8311291Z [2/3] [chromium-built-demo] › tests/built-demo-regression.spec.ts:74:5 › built demo serves all 61 manifest routes at 390px without shell overflow
2026-10-10T14:24:00.2308659Z [chromium-built-demo] › tests/built-demo-regression.spec.ts:74:5 › built demo serves all 61 manifest routes at 390px without shell overflow
2026-10-10T14:24:00.2309599Z [built-demo-routes] {"browser":"chromium","width":390,"routes":61,"issues":0,"pageErrors":0,"artifactSha256":"09405e36f634fb68bf0baceb8ea501d73d13baa5e917668e9fe1c576789c25dc","evidence":"evidence/frontend-ui-improvements/UI028/W32/built-demo-routes-chromium-390-current-20261007.json"}
2026-10-10T14:24:00.2310156Z 
2026-10-10T14:24:00.2636498Z [3/3] [chromium-built-demo] › tests/built-demo-regression.spec.ts:74:5 › built demo serves all 61 manifest routes at 1440px without shell overflow
2026-10-10T14:24:35.1395857Z [chromium-built-demo] › tests/built-demo-regression.spec.ts:74:5 › built demo serves all 61 manifest routes at 1440px without shell overflow
2026-10-10T14:24:35.1397526Z [built-demo-routes] {"browser":"chromium","width":1440,"routes":61,"issues":0,"pageErrors":0,"artifactSha256":"09405e36f634fb68bf0baceb8ea501d73d13baa5e917668e9fe1c576789c25dc","evidence":"evidence/frontend-ui-improvements/UI028/W32/built-demo-routes-chromium-1440-current-20261007.json"}
2026-10-10T14:24:35.1398723Z 
2026-10-10T14:24:35.3303137Z   3 passed (1.6m)
2026-10-10T14:24:35.3599859Z ##[group]Run actions/upload-artifact@043fb46d1a93c77aae656e7c1c64a875d1fc6a0a
2026-10-10T14:24:35.3600081Z with:
2026-10-10T14:24:35.3600277Z   name: frontend-chromium-38056330563-1-8b80b960a8f7baece3bc2a94ddff4a0c951018c6
2026-10-10T14:24:35.3600644Z   path: BotSalesAI_Frontend/apps/web/dist/
BotSalesAI_Frontend/apps/web/dist-demo/
BotSalesAI_Frontend/test-results/

2026-10-10T14:24:35.3600927Z   if-no-files-found: ignore
2026-10-10T14:24:35.3601061Z   retention-days: 14
2026-10-10T14:24:35.3601201Z   compression-level: 6
2026-10-10T14:24:35.3601324Z   overwrite: false
2026-10-10T14:24:35.3601445Z   include-hidden-files: false
2026-10-10T14:24:35.3601576Z   archive: true
2026-10-10T14:24:35.3601686Z ##[endgroup]
2026-10-10T14:24:35.4668508Z Multiple search paths detected. Calculating the least common ancestor of all paths
2026-10-10T14:24:35.4670242Z The least common ancestor is /home/runner/work/Bot-AI-Ban-hang-FB/Bot-AI-Ban-hang-FB/BotSalesAI_Frontend. This will be the root directory of the artifact
2026-10-10T14:24:35.4671008Z With the provided path, there will be 75 files uploaded
2026-10-10T14:24:35.4672787Z Artifact name is valid!
2026-10-10T14:24:35.4673142Z Root directory input is valid!
2026-10-10T14:24:35.7897400Z Uploading artifact: frontend-chromium-38056330563-1-8b80b960a8f7baece3bc2a94ddff4a0c951018c6.zip
2026-10-10T14:24:35.7921486Z Beginning upload of artifact content to blob storage
2026-10-10T14:24:36.2492603Z Uploaded bytes 1378081
2026-10-10T14:24:36.2840017Z Finished uploading artifact content to blob storage!
2026-10-10T14:24:36.2840879Z SHA256 digest of uploaded artifact is af165f5612d29098bbbaab8cd94fd1b93fbe3f5cf3b87f0b23875e814fe1d095
2026-10-10T14:24:36.2841482Z Finalizing artifact upload
2026-10-10T14:24:36.5678096Z Artifact frontend-chromium-38056330563-1-8b80b960a8f7baece3bc2a94ddff4a0c951018c6 successfully finalized. Artifact ID 11671734816
2026-10-10T14:24:36.5678851Z Artifact frontend-chromium-38056330563-1-8b80b960a8f7baece3bc2a94ddff4a0c951018c6 has been successfully uploaded! Final size is 1378081 bytes. Artifact ID is 11671734816
2026-10-10T14:24:36.5679967Z Artifact download URL: https://github.com/LonelyTraderBay/Bot-AI-Ban-hang-FB/actions/runs/38056330563/artifacts/11671734816
2026-10-10T14:24:36.5811922Z Post job cleanup.
2026-10-10T14:24:36.6492452Z Cache hit occurred on the primary key node-cache-Linux-x64-npm-59940755336ccebfb01608b4b67032f886f15c0a5419cadf1ab2b1b289ed121c, not saving cache.
2026-10-10T14:24:36.6583212Z Post job cleanup.
2026-10-10T14:24:36.7118997Z [command]/usr/bin/git version
2026-10-10T14:24:36.7152006Z git version 2.55.0
2026-10-10T14:24:36.7172579Z Temporarily overriding HOME='/home/runner/work/_temp/d2e7c18d-d71c-49e2-be29-62cb0e3cedba' before making global git config changes
2026-10-10T14:24:36.7173243Z Adding repository directory to the temporary git global config as a safe directory
2026-10-10T14:24:36.7176037Z [command]/usr/bin/git config --global --add safe.directory /home/runner/work/Bot-AI-Ban-hang-FB/Bot-AI-Ban-hang-FB
2026-10-10T14:24:36.7199594Z Removing SSH command configuration
2026-10-10T14:24:36.7203766Z [command]/usr/bin/git config --local --name-only --get-regexp core\.sshCommand
2026-10-10T14:24:36.7228177Z [command]/usr/bin/git submodule foreach --recursive sh -c "git config --local --name-only --get-regexp 'core\.sshCommand' && git config --local --unset-all 'core.sshCommand' || :"
2026-10-10T14:24:36.7436559Z Removing HTTP extra header
2026-10-10T14:24:36.7440815Z [command]/usr/bin/git config --local --name-only --get-regexp http\.https\:\/\/github\.com\/\.extraheader
2026-10-10T14:24:36.7470116Z [command]/usr/bin/git submodule foreach --recursive sh -c "git config --local --name-only --get-regexp 'http\.https\:\/\/github\.com\/\.extraheader' && git config --local --unset-all 'http.https://github.com/.extraheader' || :"
2026-10-10T14:24:36.7660673Z Removing includeIf entries pointing to credentials config files
2026-10-10T14:24:36.7665953Z [command]/usr/bin/git config --local --name-only --get-regexp ^includeIf\.gitdir:
2026-10-10T14:24:36.7693119Z includeif.gitdir:/home/runner/work/Bot-AI-Ban-hang-FB/Bot-AI-Ban-hang-FB/.git.path
2026-10-10T14:24:36.7693665Z includeif.gitdir:/home/runner/work/Bot-AI-Ban-hang-FB/Bot-AI-Ban-hang-FB/.git/worktrees/*.path
2026-10-10T14:24:36.7694273Z includeif.gitdir:/github/workspace/.git.path
2026-10-10T14:24:36.7694644Z includeif.gitdir:/github/workspace/.git/worktrees/*.path
2026-10-10T14:24:36.7699992Z [command]/usr/bin/git config --local --get-all includeif.gitdir:/home/runner/work/Bot-AI-Ban-hang-FB/Bot-AI-Ban-hang-FB/.git.path
2026-10-10T14:24:36.7721258Z /home/runner/work/_temp/git-credentials-ca0c000f-abc0-4770-9be6-dc29a9d108e6.config
2026-10-10T14:24:36.7728228Z [command]/usr/bin/git config --local --unset includeif.gitdir:/home/runner/work/Bot-AI-Ban-hang-FB/Bot-AI-Ban-hang-FB/.git.path \/home\/runner\/work\/_temp\/git\-credentials\-ca0c000f\-abc0\-4770\-9be6\-dc29a9d108e6\.config
2026-10-10T14:24:36.7758225Z [command]/usr/bin/git config --local --get-all includeif.gitdir:/home/runner/work/Bot-AI-Ban-hang-FB/Bot-AI-Ban-hang-FB/.git/worktrees/*.path
2026-10-10T14:24:36.7779560Z /home/runner/work/_temp/git-credentials-ca0c000f-abc0-4770-9be6-dc29a9d108e6.config
2026-10-10T14:24:36.7792424Z [command]/usr/bin/git config --local --unset includeif.gitdir:/home/runner/work/Bot-AI-Ban-hang-FB/Bot-AI-Ban-hang-FB/.git/worktrees/*.path \/home\/runner\/work\/_temp\/git\-credentials\-ca0c000f\-abc0\-4770\-9be6\-dc29a9d108e6\.config
2026-10-10T14:24:36.7822548Z [command]/usr/bin/git config --local --get-all includeif.gitdir:/github/workspace/.git.path
2026-10-10T14:24:36.7843798Z /github/runner_temp/git-credentials-ca0c000f-abc0-4770-9be6-dc29a9d108e6.config
2026-10-10T14:24:36.7850672Z [command]/usr/bin/git config --local --unset includeif.gitdir:/github/workspace/.git.path \/github\/runner_temp\/git\-credentials\-ca0c000f\-abc0\-4770\-9be6\-dc29a9d108e6\.config
2026-10-10T14:24:36.7880508Z [command]/usr/bin/git config --local --get-all includeif.gitdir:/github/workspace/.git/worktrees/*.path
2026-10-10T14:24:36.7904796Z /github/runner_temp/git-credentials-ca0c000f-abc0-4770-9be6-dc29a9d108e6.config
2026-10-10T14:24:36.7909417Z [command]/usr/bin/git config --local --unset includeif.gitdir:/github/workspace/.git/worktrees/*.path \/github\/runner_temp\/git\-credentials\-ca0c000f\-abc0\-4770\-9be6\-dc29a9d108e6\.config
2026-10-10T14:24:36.7939633Z [command]/usr/bin/git submodule foreach --recursive git config --local --show-origin --name-only --get-regexp remote.origin.url
2026-10-10T14:24:36.8122363Z Removing credentials config '/home/runner/work/_temp/git-credentials-ca0c000f-abc0-4770-9be6-dc29a9d108e6.config'
2026-10-10T14:24:36.8249877Z Cleaning up orphan processes
